dataset,split,protocol,data_role,input,sequence,tracker,method,internal_method,parent_method,IDF1,delta_IDF1_vs_None,delta_IDF1_vs_parent,AssA,delta_AssA_vs_None,delta_AssA_vs_parent,IDSW,delta_IDSW_vs_None,delta_IDSW_vs_parent
M3OT,development,development,development selection,oracle-box tracker output; direct tracker-box BaseReID crops,M3OT/1/ir/val/1-08T,bytetrack,None,no_refinement,None,99.00564364418167,0.0,0.0,94.52264145011814,0.0,0.0,5,0,0
M3OT,development,development,development selection,oracle-box tracker output; direct tracker-box BaseReID crops,M3OT/1/ir/val/1-08T,bytetrack,v1,ace_v1,None,97.94858013078921,-1.057063513392464,-1.057063513392464,92.78653781644401,-1.7361036336741336,-1.7361036336741336,4,-1,-1
M3OT,development,development,development selection,oracle-box tracker output; direct tracker-box BaseReID crops,M3OT/1/ir/val/1-08T,bytetrack,H,cost_h,None,98.34273940696944,-0.6629042372122314,-0.6629042372122314,93.5742203443645,-0.9484211057536385,-0.9484211057536385,1,-4,-4
M3OT,development,development,development selection,oracle-box tracker output; direct tracker-box BaseReID crops,M3OT/1/ir/val/1-08T,bytetrack,H+V,cost_h_full_reassign,H,99.25647227447818,0.25082863029651037,0.9137328675087417,94.70438659266016,0.18174514254201313,1.1301662482956516,3,-2,2
M3OT,development,development,development selection,oracle-box tracker output; direct tracker-box BaseReID crops,M3OT/1/ir/val/1-08T,bytetrack,P-G,path_g,None,98.03816178446654,-0.9674818597151358,-0.9674818597151358,92.9860382625666,-1.536603187551549,-1.536603187551549,3,-2,-2
M3OT,development,development,development selection,oracle-box tracker output; direct tracker-box BaseReID crops,M3OT/1/ir/val/1-08T,bytetrack,P-G+V,path_g_full_reassign,P-G,99.25647227447818,0.25082863029651037,1.2183104900116462,94.70438659266016,0.18174514254201313,1.718348330093562,3,-2,0
M3OT,development,development,development selection,oracle-box tracker output; direct tracker-box BaseReID crops,M3OT/1/ir/val/1-08T,ocsort,None,no_refinement,None,97.17432517829737,0.0,0.0,95.68257009533822,0.0,0.0,6,0,0
M3OT,development,development,development selection,oracle-box tracker output; direct tracker-box BaseReID crops,M3OT/1/ir/val/1-08T,ocsort,v1,ace_v1,None,98.56459330143541,1.3902681231380427,1.3902681231380427,97.13314028050411,1.450570185165887,1.450570185165887,4,-2,-2
M3OT,development,development,development selection,oracle-box tracker output; direct tracker-box BaseReID crops,M3OT/1/ir/val/1-08T,ocsort,H,cost_h,None,98.76320303331227,1.5888778550148999,1.5888778550148999,97.51830214101534,1.8357320456771191,1.8357320456771191,2,-4,-4
M3OT,development,development,development selection,oracle-box tracker output; direct tracker-box BaseReID crops,M3OT/1/ir/val/1-08T,ocsort,H+V,cost_h_full_reassign,H,98.56459330143541,1.3902681231380427,-0.19860973187685715,97.13314028050411,1.450570185165887,-0.38516186051123213,4,-2,2
M3OT,development,development,development selection,oracle-box tracker output; direct tracker-box BaseReID crops,M3OT/1/ir/val/1-08T,ocsort,P-G,path_g,None,98.56459330143541,1.3902681231380427,1.3902681231380427,97.13314028050411,1.450570185165887,1.450570185165887,4,-2,-2
M3OT,development,development,development selection,oracle-box tracker output; direct tracker-box BaseReID crops,M3OT/1/ir/val/1-08T,ocsort,P-G+V,path_g_full_reassign,P-G,98.56459330143541,1.3902681231380427,0.0,97.13314028050411,1.450570185165887,0.0,4,-2,0
M3OT,development,development,development selection,oracle-box tracker output; direct tracker-box BaseReID crops,M3OT/1/rgb/val/1-08,bytetrack,None,no_refinement,None,99.0907501311418,0.0,0.0,92.97003547249177,0.0,0.0,3,0,0
M3OT,development,development,development selection,oracle-box tracker output; direct tracker-box BaseReID crops,M3OT/1/rgb/val/1-08,bytetrack,v1,ace_v1,None,99.54537506557091,0.45462493442910556,0.45462493442910556,93.65072633344991,0.680690860958137,0.680690860958137,1,-2,-2
M3OT,development,development,development selection,oracle-box tracker output; direct tracker-box BaseReID crops,M3OT/1/rgb/val/1-08,bytetrack,H,cost_h,None,99.54537506557091,0.45462493442910556,0.45462493442910556,93.65072633344991,0.680690860958137,0.680690860958137,1,-2,-2
M3OT,development,development,development selection,oracle-box tracker output; direct tracker-box BaseReID crops,M3OT/1/rgb/val/1-08,bytetrack,H+V,cost_h_full_reassign,H,99.54537506557091,0.45462493442910556,0.0,93.65072633344991,0.680690860958137,0.0,1,-2,0
M3OT,development,development,development selection,oracle-box tracker output; direct tracker-box BaseReID crops,M3OT/1/rgb/val/1-08,bytetrack,P-G,path_g,None,99.54537506557091,0.45462493442910556,0.45462493442910556,93.65072633344991,0.680690860958137,0.680690860958137,1,-2,-2
M3OT,development,development,development selection,oracle-box tracker output; direct tracker-box BaseReID crops,M3OT/1/rgb/val/1-08,bytetrack,P-G+V,path_g_full_reassign,P-G,99.54537506557091,0.45462493442910556,0.0,93.65072633344991,0.680690860958137,0.0,1,-2,0
M3OT,development,development,development selection,oracle-box tracker output; direct tracker-box BaseReID crops,M3OT/1/rgb/val/1-08,ocsort,None,no_refinement,None,98.53847508364149,0.0,0.0,97.27228171910852,0.0,0.0,3,0,0
M3OT,development,development,development selection,oracle-box tracker output; direct tracker-box BaseReID crops,M3OT/1/rgb/val/1-08,ocsort,v1,ace_v1,None,98.8906497622821,0.35217467864060836,0.35217467864060836,97.77044456021233,0.49816284110380593,0.49816284110380593,1,-2,-2
M3OT,development,development,development selection,oracle-box tracker output; direct tracker-box BaseReID crops,M3OT/1/rgb/val/1-08,ocsort,H,cost_h,None,98.8906497622821,0.35217467864060836,0.35217467864060836,97.77044456021233,0.49816284110380593,0.49816284110380593,1,-2,-2
M3OT,development,development,development selection,oracle-box tracker output; direct tracker-box BaseReID crops,M3OT/1/rgb/val/1-08,ocsort,H+V,cost_h_full_reassign,H,98.8906497622821,0.35217467864060836,0.0,97.77044456021233,0.49816284110380593,0.0,1,-2,0
M3OT,development,development,development selection,oracle-box tracker output; direct tracker-box BaseReID crops,M3OT/1/rgb/val/1-08,ocsort,P-G,path_g,None,98.8906497622821,0.35217467864060836,0.35217467864060836,97.77044456021233,0.49816284110380593,0.49816284110380593,1,-2,-2
M3OT,development,development,development selection,oracle-box tracker output; direct tracker-box BaseReID crops,M3OT/1/rgb/val/1-08,ocsort,P-G+V,path_g_full_reassign,P-G,98.8906497622821,0.35217467864060836,0.0,97.77044456021233,0.49816284110380593,0.0,1,-2,0
M3OT,development,development,development selection,oracle-box tracker output; direct tracker-box BaseReID crops,M3OT/2/ir/val/2-08T,bytetrack,None,no_refinement,None,90.86507835393044,0.0,0.0,85.95331180887736,0.0,0.0,11,0,0
M3OT,development,development,development selection,oracle-box tracker output; direct tracker-box BaseReID crops,M3OT/2/ir/val/2-08T,bytetrack,v1,ace_v1,None,97.93604280800102,7.070964454070577,7.070964454070577,93.73632458870263,7.78301277982527,7.78301277982527,3,-8,-8
M3OT,development,development,development selection,oracle-box tracker output; direct tracker-box BaseReID crops,M3OT/2/ir/val/2-08T,bytetrack,H,cost_h,None,98.02522614345777,7.160147789527329,7.160147789527329,93.90167054848341,7.94835873960605,7.94835873960605,2,-9,-9
M3OT,development,development,development selection,oracle-box tracker output; direct tracker-box BaseReID crops,M3OT/2/ir/val/2-08T,bytetrack,H+V,cost_h_full_reassign,H,97.84685947254428,6.9817811186138385,-0.17836667091349057,93.48933470009861,7.536022891221251,-0.4123358483847994,4,-7,2
M3OT,development,development,development selection,oracle-box tracker output; direct tracker-box BaseReID crops,M3OT/2/ir/val/2-08T,bytetrack,P-G,path_g,None,97.84685947254428,6.9817811186138385,6.9817811186138385,93.41556683062167,7.462255021744312,7.462255021744312,4,-7,-7
M3OT,development,development,development selection,oracle-box tracker output; direct tracker-box BaseReID crops,M3OT/2/ir/val/2-08T,bytetrack,P-G+V,path_g_full_reassign,P-G,97.84685947254428,6.9817811186138385,0.0,93.48933470009861,7.536022891221251,0.07376786947693859,4,-7,0
M3OT,development,development,development selection,oracle-box tracker output; direct tracker-box BaseReID crops,M3OT/2/ir/val/2-08T,ocsort,None,no_refinement,None,90.54209919261822,0.0,0.0,87.90893608571727,0.0,0.0,11,0,0
M3OT,development,development,development selection,oracle-box tracker output; direct tracker-box BaseReID crops,M3OT/2/ir/val/2-08T,ocsort,v1,ace_v1,None,97.44969883378188,6.907599641163657,6.907599641163657,95.6711778270901,7.762241741372833,7.762241741372833,3,-8,-8
M3OT,development,development,development selection,oracle-box tracker output; direct tracker-box BaseReID crops,M3OT/2/ir/val/2-08T,ocsort,H,cost_h,None,97.51377675253107,6.971677559912848,6.971677559912848,95.79234964725343,7.883413561536159,7.883413561536159,2,-9,-9
M3OT,development,development,development selection,oracle-box tracker output; direct tracker-box BaseReID crops,M3OT/2/ir/val/2-08T,ocsort,H+V,cost_h_full_reassign,H,97.51377675253107,6.971677559912848,0.0,95.79234964725343,7.883413561536159,0.0,2,-9,0
M3OT,development,development,development selection,oracle-box tracker output; direct tracker-box BaseReID crops,M3OT/2/ir/val/2-08T,ocsort,P-G,path_g,None,97.38562091503267,6.843521722414451,6.843521722414451,95.43669266380134,7.527756578084066,7.527756578084066,4,-7,-7
M3OT,development,development,development selection,oracle-box tracker output; direct tracker-box BaseReID crops,M3OT/2/ir/val/2-08T,ocsort,P-G+V,path_g_full_reassign,P-G,97.38562091503267,6.843521722414451,0.0,95.49269424571675,7.583758159999476,0.05600158191541027,4,-7,0
M3OT,development,development,development selection,oracle-box tracker output; direct tracker-box BaseReID crops,M3OT/2/rgb/val/2-08,bytetrack,None,no_refinement,None,98.57943925233646,0.0,0.0,95.67316321825757,0.0,0.0,1,0,0
M3OT,development,development,development selection,oracle-box tracker output; direct tracker-box BaseReID crops,M3OT/2/rgb/val/2-08,bytetrack,v1,ace_v1,None,98.57943925233646,0.0,0.0,95.67316321825757,0.0,0.0,1,0,0
M3OT,development,development,development selection,oracle-box tracker output; direct tracker-box BaseReID crops,M3OT/2/rgb/val/2-08,bytetrack,H,cost_h,None,98.57943925233646,0.0,0.0,95.67316321825757,0.0,0.0,1,0,0
M3OT,development,development,development selection,oracle-box tracker output; direct tracker-box BaseReID crops,M3OT/2/rgb/val/2-08,bytetrack,H+V,cost_h_full_reassign,H,98.57943925233646,0.0,0.0,95.67316321825757,0.0,0.0,1,0,0
M3OT,development,development,development selection,oracle-box tracker output; direct tracker-box BaseReID crops,M3OT/2/rgb/val/2-08,bytetrack,P-G,path_g,None,98.57943925233646,0.0,0.0,95.67316321825757,0.0,0.0,1,0,0
M3OT,development,development,development selection,oracle-box tracker output; direct tracker-box BaseReID crops,M3OT/2/rgb/val/2-08,bytetrack,P-G+V,path_g_full_reassign,P-G,98.57943925233646,0.0,0.0,95.67316321825757,0.0,0.0,1,0,0
M3OT,development,development,development selection,oracle-box tracker output; direct tracker-box BaseReID crops,M3OT/2/rgb/val/2-08,ocsort,None,no_refinement,None,98.13470205307962,0.0,0.0,97.32888435836351,0.0,0.0,1,0,0
M3OT,development,development,development selection,oracle-box tracker output; direct tracker-box BaseReID crops,M3OT/2/rgb/val/2-08,ocsort,v1,ace_v1,None,98.13470205307962,0.0,0.0,97.32888435836351,0.0,0.0,1,0,0
M3OT,development,development,development selection,oracle-box tracker output; direct tracker-box BaseReID crops,M3OT/2/rgb/val/2-08,ocsort,H,cost_h,None,98.13470205307962,0.0,0.0,97.32888435836351,0.0,0.0,1,0,0
M3OT,development,development,development selection,oracle-box tracker output; direct tracker-box BaseReID crops,M3OT/2/rgb/val/2-08,ocsort,H+V,cost_h_full_reassign,H,98.13470205307962,0.0,0.0,97.32888435836351,0.0,0.0,1,0,0
M3OT,development,development,development selection,oracle-box tracker output; direct tracker-box BaseReID crops,M3OT/2/rgb/val/2-08,ocsort,P-G,path_g,None,98.13470205307962,0.0,0.0,97.32888435836351,0.0,0.0,1,0,0
M3OT,development,development,development selection,oracle-box tracker output; direct tracker-box BaseReID crops,M3OT/2/rgb/val/2-08,ocsort,P-G+V,path_g_full_reassign,P-G,98.13470205307962,0.0,0.0,97.32888435836351,0.0,0.0,1,0,0
M3OT,held_out,held_out,exposed exploratory retest,oracle-box tracker output; direct tracker-box BaseReID crops,M3OT/1/ir/test/1-03T,bytetrack,None,no_refinement,None,98.44961240310077,0.0,0.0,87.53887235224622,0.0,0.0,3,0,0
M3OT,held_out,held_out,exposed exploratory retest,oracle-box tracker output; direct tracker-box BaseReID crops,M3OT/1/ir/test/1-03T,bytetrack,v1,ace_v1,None,95.27131782945737,-3.1782945736433987,-3.1782945736433987,82.44230742965145,-5.096564922594766,-5.096564922594766,2,-1,-1
M3OT,held_out,held_out,exposed exploratory retest,oracle-box tracker output; direct tracker-box BaseReID crops,M3OT/1/ir/test/1-03T,bytetrack,H,cost_h,None,91.62790697674419,-6.821705426356587,-6.821705426356587,78.52413374093355,-9.014738611312666,-9.014738611312666,2,-1,-1
M3OT,held_out,held_out,exposed exploratory retest,oracle-box tracker output; direct tracker-box BaseReID crops,M3OT/1/ir/test/1-03T,bytetrack,H+V,cost_h_full_reassign,H,95.73643410852713,-2.7131782945736376,4.1085271317829495,83.47914556093346,-4.059726791312755,4.9550118199999105,1,-2,-1
M3OT,held_out,held_out,exposed exploratory retest,oracle-box tracker output; direct tracker-box BaseReID crops,M3OT/1/ir/test/1-03T,bytetrack,P-G,path_g,None,95.73643410852713,-2.7131782945736376,-2.7131782945736376,83.47914556093346,-4.059726791312755,-4.059726791312755,1,-2,-2
M3OT,held_out,held_out,exposed exploratory retest,oracle-box tracker output; direct tracker-box BaseReID crops,M3OT/1/ir/test/1-03T,bytetrack,P-G+V,path_g_full_reassign,P-G,95.73643410852713,-2.7131782945736376,0.0,83.47914556093346,-4.059726791312755,0.0,1,-2,0
M3OT,held_out,held_out,exposed exploratory retest,oracle-box tracker output; direct tracker-box BaseReID crops,M3OT/1/ir/test/1-03T,ocsort,None,no_refinement,None,97.1675845790716,0.0,0.0,94.61210304191653,0.0,0.0,2,0,0
M3OT,held_out,held_out,exposed exploratory retest,oracle-box tracker output; direct tracker-box BaseReID crops,M3OT/1/ir/test/1-03T,ocsort,v1,ace_v1,None,97.1675845790716,0.0,0.0,94.3146838786545,-0.29741916326202045,-0.29741916326202045,2,0,0
M3OT,held_out,held_out,exposed exploratory retest,oracle-box tracker output; direct tracker-box BaseReID crops,M3OT/1/ir/test/1-03T,ocsort,H,cost_h,None,93.62706530291109,-3.5405192761605093,-3.5405192761605093,89.96051114347047,-4.651591898446057,-4.651591898446057,2,0,0
M3OT,held_out,held_out,exposed exploratory retest,oracle-box tracker output; direct tracker-box BaseReID crops,M3OT/1/ir/test/1-03T,ocsort,H+V,cost_h_full_reassign,H,97.4822974036192,0.3147128245475983,3.8552321007081076,95.19592923199454,0.583826190078014,5.235418088524071,1,-1,-1
M3OT,held_out,held_out,exposed exploratory retest,oracle-box tracker output; direct tracker-box BaseReID crops,M3OT/1/ir/test/1-03T,ocsort,P-G,path_g,None,97.4822974036192,0.3147128245475983,0.3147128245475983,95.19592923199454,0.583826190078014,0.583826190078014,1,-1,-1
M3OT,held_out,held_out,exposed exploratory retest,oracle-box tracker output; direct tracker-box BaseReID crops,M3OT/1/ir/test/1-03T,ocsort,P-G+V,path_g_full_reassign,P-G,97.4822974036192,0.3147128245475983,0.0,95.19592923199454,0.583826190078014,0.0,1,-1,0
M3OT,held_out,held_out,exposed exploratory retest,oracle-box tracker output; direct tracker-box BaseReID crops,M3OT/1/rgb/test/1-03,bytetrack,None,no_refinement,None,99.3050193050193,0.0,0.0,93.80810176939875,0.0,0.0,0,0,0
M3OT,held_out,held_out,exposed exploratory retest,oracle-box tracker output; direct tracker-box BaseReID crops,M3OT/1/rgb/test/1-03,bytetrack,v1,ace_v1,None,96.06177606177606,-3.243243243243242,-3.243243243243242,89.14330440788947,-4.664797361509272,-4.664797361509272,0,0,0
M3OT,held_out,held_out,exposed exploratory retest,oracle-box tracker output; direct tracker-box BaseReID crops,M3OT/1/rgb/test/1-03,bytetrack,H,cost_h,None,96.06177606177606,-3.243243243243242,-3.243243243243242,89.14330440788947,-4.664797361509272,-4.664797361509272,0,0,0
M3OT,held_out,held_out,exposed exploratory retest,oracle-box tracker output; direct tracker-box BaseReID crops,M3OT/1/rgb/test/1-03,bytetrack,H+V,cost_h_full_reassign,H,96.06177606177606,-3.243243243243242,0.0,89.14330440788947,-4.664797361509272,0.0,0,0,0
M3OT,held_out,held_out,exposed exploratory retest,oracle-box tracker output; direct tracker-box BaseReID crops,M3OT/1/rgb/test/1-03,bytetrack,P-G,path_g,None,96.06177606177606,-3.243243243243242,-3.243243243243242,89.14330440788947,-4.664797361509272,-4.664797361509272,0,0,0
M3OT,held_out,held_out,exposed exploratory retest,oracle-box tracker output; direct tracker-box BaseReID crops,M3OT/1/rgb/test/1-03,bytetrack,P-G+V,path_g_full_reassign,P-G,96.06177606177606,-3.243243243243242,0.0,89.14330440788947,-4.664797361509272,0.0,0,0,0
M3OT,held_out,held_out,exposed exploratory retest,oracle-box tracker output; direct tracker-box BaseReID crops,M3OT/1/rgb/test/1-03,ocsort,None,no_refinement,None,97.88566953797964,0.0,0.0,95.89923456617828,0.0,0.0,0,0,0
M3OT,held_out,held_out,exposed exploratory retest,oracle-box tracker output; direct tracker-box BaseReID crops,M3OT/1/rgb/test/1-03,ocsort,v1,ace_v1,None,97.88566953797964,0.0,0.0,95.89923456617828,0.0,0.0,0,0,0
M3OT,held_out,held_out,exposed exploratory retest,oracle-box tracker output; direct tracker-box BaseReID crops,M3OT/1/rgb/test/1-03,ocsort,H,cost_h,None,97.88566953797964,0.0,0.0,95.89923456617828,0.0,0.0,0,0,0
M3OT,held_out,held_out,exposed exploratory retest,oracle-box tracker output; direct tracker-box BaseReID crops,M3OT/1/rgb/test/1-03,ocsort,H+V,cost_h_full_reassign,H,97.88566953797964,0.0,0.0,95.89923456617828,0.0,0.0,0,0,0
M3OT,held_out,held_out,exposed exploratory retest,oracle-box tracker output; direct tracker-box BaseReID crops,M3OT/1/rgb/test/1-03,ocsort,P-G,path_g,None,97.88566953797964,0.0,0.0,95.89923456617828,0.0,0.0,0,0,0
M3OT,held_out,held_out,exposed exploratory retest,oracle-box tracker output; direct tracker-box BaseReID crops,M3OT/1/rgb/test/1-03,ocsort,P-G+V,path_g_full_reassign,P-G,97.88566953797964,0.0,0.0,95.89923456617828,0.0,0.0,0,0,0
M3OT,held_out,held_out,exposed exploratory retest,oracle-box tracker output; direct tracker-box BaseReID crops,M3OT/2/ir/test/2-03T,bytetrack,None,no_refinement,None,90.0650759219089,0.0,0.0,78.47979932173271,0.0,0.0,3,0,0
M3OT,held_out,held_out,exposed exploratory retest,oracle-box tracker output; direct tracker-box BaseReID crops,M3OT/2/ir/test/2-03T,bytetrack,v1,ace_v1,None,80.6941431670282,-9.370932754880698,-9.370932754880698,67.01376991691687,-11.466029404815842,-11.466029404815842,3,0,0
M3OT,held_out,held_out,exposed exploratory retest,oracle-box tracker output; direct tracker-box BaseReID crops,M3OT/2/ir/test/2-03T,bytetrack,H,cost_h,None,80.6941431670282,-9.370932754880698,-9.370932754880698,67.01376991691687,-11.466029404815842,-11.466029404815842,3,0,0
M3OT,held_out,held_out,exposed exploratory retest,oracle-box tracker output; direct tracker-box BaseReID crops,M3OT/2/ir/test/2-03T,bytetrack,H+V,cost_h_full_reassign,H,80.6941431670282,-9.370932754880698,0.0,67.01376991691687,-11.466029404815842,0.0,3,0,0
M3OT,held_out,held_out,exposed exploratory retest,oracle-box tracker output; direct tracker-box BaseReID crops,M3OT/2/ir/test/2-03T,bytetrack,P-G,path_g,None,80.6941431670282,-9.370932754880698,-9.370932754880698,67.01376991691687,-11.466029404815842,-11.466029404815842,3,0,0
M3OT,held_out,held_out,exposed exploratory retest,oracle-box tracker output; direct tracker-box BaseReID crops,M3OT/2/ir/test/2-03T,bytetrack,P-G+V,path_g_full_reassign,P-G,80.6941431670282,-9.370932754880698,0.0,67.01376991691687,-11.466029404815842,0.0,3,0,0
M3OT,held_out,held_out,exposed exploratory retest,oracle-box tracker output; direct tracker-box BaseReID crops,M3OT/2/ir/test/2-03T,ocsort,None,no_refinement,None,88.70255957634599,0.0,0.0,84.78442921071648,0.0,0.0,3,0,0
M3OT,held_out,held_out,exposed exploratory retest,oracle-box tracker output; direct tracker-box BaseReID crops,M3OT/2/ir/test/2-03T,ocsort,v1,ace_v1,None,86.49602824360106,-2.2065313327449303,-2.2065313327449303,81.64731217941753,-3.1371170312989562,-3.1371170312989562,3,0,0
M3OT,held_out,held_out,exposed exploratory retest,oracle-box tracker output; direct tracker-box BaseReID crops,M3OT/2/ir/test/2-03T,ocsort,H,cost_h,None,86.49602824360106,-2.2065313327449303,-2.2065313327449303,81.64731217941753,-3.1371170312989562,-3.1371170312989562,3,0,0
M3OT,held_out,held_out,exposed exploratory retest,oracle-box tracker output; direct tracker-box BaseReID crops,M3OT/2/ir/test/2-03T,ocsort,H+V,cost_h_full_reassign,H,86.49602824360106,-2.2065313327449303,0.0,81.64731217941753,-3.1371170312989562,0.0,3,0,0
M3OT,held_out,held_out,exposed exploratory retest,oracle-box tracker output; direct tracker-box BaseReID crops,M3OT/2/ir/test/2-03T,ocsort,P-G,path_g,None,86.49602824360106,-2.2065313327449303,-2.2065313327449303,81.64731217941753,-3.1371170312989562,-3.1371170312989562,3,0,0
M3OT,held_out,held_out,exposed exploratory retest,oracle-box tracker output; direct tracker-box BaseReID crops,M3OT/2/ir/test/2-03T,ocsort,P-G+V,path_g_full_reassign,P-G,86.49602824360106,-2.2065313327449303,0.0,81.64731217941753,-3.1371170312989562,0.0,3,0,0
M3OT,held_out,held_out,exposed exploratory retest,oracle-box tracker output; direct tracker-box BaseReID crops,M3OT/2/rgb/test/2-03,bytetrack,None,no_refinement,None,99.2675570874623,0.0,0.0,93.90163417070467,0.0,0.0,0,0,0
M3OT,held_out,held_out,exposed exploratory retest,oracle-box tracker output; direct tracker-box BaseReID crops,M3OT/2/rgb/test/2-03,bytetrack,v1,ace_v1,None,95.8207669108143,-3.446790176647994,-3.446790176647994,89.36293224612128,-4.538701924583393,-4.538701924583393,0,0,0
M3OT,held_out,held_out,exposed exploratory retest,oracle-box tracker output; direct tracker-box BaseReID crops,M3OT/2/rgb/test/2-03,bytetrack,H,cost_h,None,95.8207669108143,-3.446790176647994,-3.446790176647994,89.36293224612128,-4.538701924583393,-4.538701924583393,0,0,0
M3OT,held_out,held_out,exposed exploratory retest,oracle-box tracker output; direct tracker-box BaseReID crops,M3OT/2/rgb/test/2-03,bytetrack,H+V,cost_h_full_reassign,H,95.8207669108143,-3.446790176647994,0.0,89.36293224612128,-4.538701924583393,0.0,0,0,0
M3OT,held_out,held_out,exposed exploratory retest,oracle-box tracker output; direct tracker-box BaseReID crops,M3OT/2/rgb/test/2-03,bytetrack,P-G,path_g,None,95.8207669108143,-3.446790176647994,-3.446790176647994,89.36293224612128,-4.538701924583393,-4.538701924583393,0,0,0
M3OT,held_out,held_out,exposed exploratory retest,oracle-box tracker output; direct tracker-box BaseReID crops,M3OT/2/rgb/test/2-03,bytetrack,P-G+V,path_g_full_reassign,P-G,95.8207669108143,-3.446790176647994,0.0,89.36293224612128,-4.538701924583393,0.0,0,0,0
M3OT,held_out,held_out,exposed exploratory retest,oracle-box tracker output; direct tracker-box BaseReID crops,M3OT/2/rgb/test/2-03,ocsort,None,no_refinement,None,97.8146853146853,0.0,0.0,95.77428452952107,0.0,0.0,0,0,0
M3OT,held_out,held_out,exposed exploratory retest,oracle-box tracker output; direct tracker-box BaseReID crops,M3OT/2/rgb/test/2-03,ocsort,v1,ace_v1,None,97.8146853146853,0.0,0.0,95.77428452952107,0.0,0.0,0,0,0
M3OT,held_out,held_out,exposed exploratory retest,oracle-box tracker output; direct tracker-box BaseReID crops,M3OT/2/rgb/test/2-03,ocsort,H,cost_h,None,97.8146853146853,0.0,0.0,95.77428452952107,0.0,0.0,0,0,0
M3OT,held_out,held_out,exposed exploratory retest,oracle-box tracker output; direct tracker-box BaseReID crops,M3OT/2/rgb/test/2-03,ocsort,H+V,cost_h_full_reassign,H,97.8146853146853,0.0,0.0,95.77428452952107,0.0,0.0,0,0,0
M3OT,held_out,held_out,exposed exploratory retest,oracle-box tracker output; direct tracker-box BaseReID crops,M3OT/2/rgb/test/2-03,ocsort,P-G,path_g,None,97.8146853146853,0.0,0.0,95.77428452952107,0.0,0.0,0,0,0
M3OT,held_out,held_out,exposed exploratory retest,oracle-box tracker output; direct tracker-box BaseReID crops,M3OT/2/rgb/test/2-03,ocsort,P-G+V,path_g_full_reassign,P-G,97.8146853146853,0.0,0.0,95.77428452952107,0.0,0.0,0,0,0
MMOT,test,official_detector,exposed exploratory retest,official detector,data23-1,bytetrack,None,no_refinement,None,72.84462886122637,0.0,0.0,64.23653677547047,0.0,0.0,21,0,0
MMOT,test,official_detector,exposed exploratory retest,official detector,data23-1,bytetrack,v1,ace_v1,None,73.21346242508068,0.36883356385430943,0.36883356385430943,64.31558036897933,0.0790435935088567,0.0790435935088567,19,-2,-2
MMOT,test,official_detector,exposed exploratory retest,official detector,data23-1,bytetrack,H,cost_h,None,73.21346242508068,0.36883356385430943,0.36883356385430943,64.31558036897933,0.0790435935088567,0.0790435935088567,19,-2,-2
MMOT,test,official_detector,exposed exploratory retest,official detector,data23-1,bytetrack,H+V,cost_h_full_reassign,H,73.21346242508068,0.36883356385430943,0.0,64.31558036897933,0.0790435935088567,0.0,19,-2,0
MMOT,test,official_detector,exposed exploratory retest,official detector,data23-1,bytetrack,P-G,path_g,None,73.21346242508068,0.36883356385430943,0.36883356385430943,64.31558036897933,0.0790435935088567,0.0790435935088567,19,-2,-2
MMOT,test,official_detector,exposed exploratory retest,official detector,data23-1,bytetrack,P-G+V,path_g_full_reassign,P-G,73.21346242508068,0.36883356385430943,0.0,64.31558036897933,0.0790435935088567,0.0,19,-2,0
MMOT,test,official_detector,exposed exploratory retest,official detector,data23-1,deepocsort,None,no_refinement,None,78.8020589611605,0.0,0.0,81.10885122683683,0.0,0.0,1,0,0
MMOT,test,official_detector,exposed exploratory retest,official detector,data23-1,deepocsort,v1,ace_v1,None,78.8020589611605,0.0,0.0,81.10885122683683,0.0,0.0,1,0,0
MMOT,test,official_detector,exposed exploratory retest,official detector,data23-1,deepocsort,H,cost_h,None,78.8020589611605,0.0,0.0,81.10885122683683,0.0,0.0,1,0,0
MMOT,test,official_detector,exposed exploratory retest,official detector,data23-1,deepocsort,H+V,cost_h_full_reassign,H,78.8020589611605,0.0,0.0,81.10885122683683,0.0,0.0,1,0,0
MMOT,test,official_detector,exposed exploratory retest,official detector,data23-1,deepocsort,P-G,path_g,None,78.8020589611605,0.0,0.0,81.10885122683683,0.0,0.0,1,0,0
MMOT,test,official_detector,exposed exploratory retest,official detector,data23-1,deepocsort,P-G+V,path_g_full_reassign,P-G,78.8020589611605,0.0,0.0,81.10885122683683,0.0,0.0,1,0,0
MMOT,test,official_detector,exposed exploratory retest,official detector,data23-1,ocsort,None,no_refinement,None,71.253534401508,0.0,0.0,67.35116333788825,0.0,0.0,27,0,0
MMOT,test,official_detector,exposed exploratory retest,official detector,data23-1,ocsort,v1,ace_v1,None,71.44203581526861,0.18850141376060492,0.18850141376060492,67.26647145605271,-0.0846918818355391,-0.0846918818355391,25,-2,-2
MMOT,test,official_detector,exposed exploratory retest,official detector,data23-1,ocsort,H,cost_h,None,71.44203581526861,0.18850141376060492,0.18850141376060492,67.26647145605271,-0.0846918818355391,-0.0846918818355391,25,-2,-2
MMOT,test,official_detector,exposed exploratory retest,official detector,data23-1,ocsort,H+V,cost_h_full_reassign,H,71.44203581526861,0.18850141376060492,0.0,67.26647145605271,-0.0846918818355391,0.0,25,-2,0
MMOT,test,official_detector,exposed exploratory retest,official detector,data23-1,ocsort,P-G,path_g,None,71.44203581526861,0.18850141376060492,0.18850141376060492,67.26647145605271,-0.0846918818355391,-0.0846918818355391,25,-2,-2
MMOT,test,official_detector,exposed exploratory retest,official detector,data23-1,ocsort,P-G+V,path_g_full_reassign,P-G,71.44203581526861,0.18850141376060492,0.0,67.26647145605271,-0.0846918818355391,0.0,25,-2,0
MMOT,test,official_detector,exposed exploratory retest,official detector,data24-1,bytetrack,None,no_refinement,None,43.563349853856906,0.0,0.0,55.5782485072582,0.0,0.0,516,0,0
MMOT,test,official_detector,exposed exploratory retest,official detector,data24-1,bytetrack,v1,ace_v1,None,45.520396492565766,1.95704663870886,1.95704663870886,56.59642862135289,1.0181801140946902,1.0181801140946902,384,-132,-132
MMOT,test,official_detector,exposed exploratory retest,official detector,data24-1,bytetrack,H,cost_h,None,46.09226077011056,2.5289109162536576,2.5289109162536576,56.83892872468539,1.2606802174271863,1.2606802174271863,353,-163,-163
MMOT,test,official_detector,exposed exploratory retest,official detector,data24-1,bytetrack,H+V,cost_h_full_reassign,H,45.86351505909264,2.3001652052357358,-0.22874571101792185,56.7499791096339,1.1717306023756962,-0.08894961505149013,359,-157,6
MMOT,test,official_detector,exposed exploratory retest,official detector,data24-1,bytetrack,P-G,path_g,None,46.0033041047147,2.439954250857795,2.439954250857795,56.80777867482105,1.2295301675628494,1.2295301675628494,354,-162,-162
MMOT,test,official_detector,exposed exploratory retest,official detector,data24-1,bytetrack,P-G+V,path_g_full_reassign,P-G,45.86351505909264,2.3001652052357358,-0.1397890456220594,56.7499791096339,1.1717306023756962,-0.057799565187153235,359,-157,5
MMOT,test,official_detector,exposed exploratory retest,official detector,data24-1,deepocsort,None,no_refinement,None,55.00773063047586,0.0,0.0,65.60226345908536,0.0,0.0,155,0,0
MMOT,test,official_detector,exposed exploratory retest,official detector,data24-1,deepocsort,v1,ace_v1,None,56.244631506613985,1.2369008761381224,1.2369008761381224,66.41320641572062,0.8109429566352588,0.8109429566352588,124,-31,-31
MMOT,test,official_detector,exposed exploratory retest,official detector,data24-1,deepocsort,H,cost_h,None,56.542403939758344,1.534673309282482,1.534673309282482,66.52718226784661,0.9249188087612481,0.9249188087612481,116,-39,-39
MMOT,test,official_detector,exposed exploratory retest,official detector,data24-1,deepocsort,H+V,cost_h_full_reassign,H,56.67983737044035,1.6721067399644909,0.13743343068200886,66.66630118925858,1.0640377301732116,0.13911892141196347,114,-41,-2
MMOT,test,official_detector,exposed exploratory retest,official detector,data24-1,deepocsort,P-G,path_g,None,56.76000687167153,1.7522762411956663,1.7522762411956663,66.69394421782498,1.0916807587396136,1.0916807587396136,116,-39,-39
MMOT,test,official_detector,exposed exploratory retest,official detector,data24-1,deepocsort,P-G+V,path_g_full_reassign,P-G,56.66838458455019,1.660653954074327,-0.09162228712133924,66.63736387561607,1.0351004165307103,-0.05658034220890329,117,-38,1
MMOT,test,official_detector,exposed exploratory retest,official detector,data24-1,ocsort,None,no_refinement,None,42.11384322782231,0.0,0.0,62.855762232154355,0.0,0.0,145,0,0
MMOT,test,official_detector,exposed exploratory retest,official detector,data24-1,ocsort,v1,ace_v1,None,42.6844178780057,0.5705746501833957,0.5705746501833957,63.1958817468527,0.340119514698344,0.340119514698344,121,-24,-24
MMOT,test,official_detector,exposed exploratory retest,official detector,data24-1,ocsort,H,cost_h,None,42.69800298872436,0.5841597609020539,0.5841597609020539,63.20315034856904,0.3473881164146846,0.3473881164146846,119,-26,-26
MMOT,test,official_detector,exposed exploratory retest,official detector,data24-1,ocsort,H+V,cost_h_full_reassign,H,42.6844178780057,0.5705746501833957,-0.0135851107186582,63.20125830560167,0.3454960734473147,-0.001892042967369889,120,-25,1
MMOT,test,official_detector,exposed exploratory retest,official detector,data24-1,ocsort,P-G,path_g,None,42.69800298872436,0.5841597609020539,0.5841597609020539,63.20315034856904,0.3473881164146846,0.3473881164146846,119,-26,-26
MMOT,test,official_detector,exposed exploratory retest,official detector,data24-1,ocsort,P-G+V,path_g_full_reassign,P-G,42.6844178780057,0.5705746501833957,-0.0135851107186582,63.20125830560167,0.3454960734473147,-0.001892042967369889,120,-25,1
MMOT,test,official_detector,exposed exploratory retest,official detector,data27-1,bytetrack,None,no_refinement,None,12.5,0.0,0.0,17.404495855504447,0.0,0.0,12,0,0
MMOT,test,official_detector,exposed exploratory retest,official detector,data27-1,bytetrack,v1,ace_v1,None,15.441176470588236,2.9411764705882355,2.9411764705882355,20.458321809137697,3.0538259536332504,3.0538259536332504,11,-1,-1
MMOT,test,official_detector,exposed exploratory retest,official detector,data27-1,bytetrack,H,cost_h,None,19.11764705882353,6.617647058823529,6.617647058823529,22.73984345764597,5.335347602141525,5.335347602141525,10,-2,-2
MMOT,test,official_detector,exposed exploratory retest,official detector,data27-1,bytetrack,H+V,cost_h_full_reassign,H,19.11764705882353,6.617647058823529,0.0,22.73984345764597,5.335347602141525,0.0,10,-2,0
MMOT,test,official_detector,exposed exploratory retest,official detector,data27-1,bytetrack,P-G,path_g,None,19.11764705882353,6.617647058823529,6.617647058823529,22.73984345764597,5.335347602141525,5.335347602141525,10,-2,-2
MMOT,test,official_detector,exposed exploratory retest,official detector,data27-1,bytetrack,P-G+V,path_g_full_reassign,P-G,19.11764705882353,6.617647058823529,0.0,22.73984345764597,5.335347602141525,0.0,10,-2,0
MMOT,test,official_detector,exposed exploratory retest,official detector,data27-1,deepocsort,None,no_refinement,None,43.44827586206896,0.0,0.0,81.45771700554143,0.0,0.0,1,0,0
MMOT,test,official_detector,exposed exploratory retest,official detector,data27-1,deepocsort,v1,ace_v1,None,43.44827586206896,0.0,0.0,81.45771700554143,0.0,0.0,1,0,0
MMOT,test,official_detector,exposed exploratory retest,official detector,data27-1,deepocsort,H,cost_h,None,43.44827586206896,0.0,0.0,81.45771700554143,0.0,0.0,1,0,0
MMOT,test,official_detector,exposed exploratory retest,official detector,data27-1,deepocsort,H+V,cost_h_full_reassign,H,43.44827586206896,0.0,0.0,81.45771700554143,0.0,0.0,1,0,0
MMOT,test,official_detector,exposed exploratory retest,official detector,data27-1,deepocsort,P-G,path_g,None,43.44827586206896,0.0,0.0,81.45771700554143,0.0,0.0,1,0,0
MMOT,test,official_detector,exposed exploratory retest,official detector,data27-1,deepocsort,P-G+V,path_g_full_reassign,P-G,43.44827586206896,0.0,0.0,81.45771700554143,0.0,0.0,1,0,0
MMOT,test,official_detector,exposed exploratory retest,official detector,data27-1,ocsort,None,no_refinement,None,9.67741935483871,0.0,0.0,15.094392000590256,0.0,0.0,3,0,0
MMOT,test,official_detector,exposed exploratory retest,official detector,data27-1,ocsort,v1,ace_v1,None,12.903225806451612,3.225806451612902,3.225806451612902,18.414697985855533,3.3203059852652768,3.3203059852652768,2,-1,-1
MMOT,test,official_detector,exposed exploratory retest,official detector,data27-1,ocsort,H,cost_h,None,12.903225806451612,3.225806451612902,3.225806451612902,18.414697985855533,3.3203059852652768,3.3203059852652768,2,-1,-1
MMOT,test,official_detector,exposed exploratory retest,official detector,data27-1,ocsort,H+V,cost_h_full_reassign,H,12.903225806451612,3.225806451612902,0.0,18.414697985855533,3.3203059852652768,0.0,2,-1,0
MMOT,test,official_detector,exposed exploratory retest,official detector,data27-1,ocsort,P-G,path_g,None,12.903225806451612,3.225806451612902,3.225806451612902,18.414697985855533,3.3203059852652768,3.3203059852652768,2,-1,-1
MMOT,test,official_detector,exposed exploratory retest,official detector,data27-1,ocsort,P-G+V,path_g_full_reassign,P-G,12.903225806451612,3.225806451612902,0.0,18.414697985855533,3.3203059852652768,0.0,2,-1,0
MMOT,test,official_detector,exposed exploratory retest,official detector,data28-1,bytetrack,None,no_refinement,None,30.691449814126393,0.0,0.0,15.232054378652165,0.0,0.0,518,0,0
MMOT,test,official_detector,exposed exploratory retest,official detector,data28-1,bytetrack,v1,ace_v1,None,32.80297397769517,2.111524163568774,2.111524163568774,15.811455360385478,0.579400981733313,0.579400981733313,503,-15,-15
MMOT,test,official_detector,exposed exploratory retest,official detector,data28-1,bytetrack,H,cost_h,None,33.01115241635688,2.3197026022304854,2.3197026022304854,15.786212704120626,0.5541583254684603,0.5541583254684603,500,-18,-18
MMOT,test,official_detector,exposed exploratory retest,official detector,data28-1,bytetrack,H+V,cost_h_full_reassign,H,33.814126394052046,3.1226765799256526,0.8029739776951672,16.34028265506886,1.1082282764166962,0.5540699509482359,498,-20,-2
MMOT,test,official_detector,exposed exploratory retest,official detector,data28-1,bytetrack,P-G,path_g,None,33.90334572490706,3.211895910780669,3.211895910780669,16.304901562171587,1.0728471835194213,1.0728471835194213,498,-20,-20
MMOT,test,official_detector,exposed exploratory retest,official detector,data28-1,bytetrack,P-G+V,path_g_full_reassign,P-G,33.814126394052046,3.1226765799256526,-0.08921933085501621,16.335225602643856,1.1031712239916907,0.03032404047226933,498,-20,0
MMOT,test,official_detector,exposed exploratory retest,official detector,data28-1,deepocsort,None,no_refinement,None,84.68314862176754,0.0,0.0,81.6014044831045,0.0,0.0,9,0,0
MMOT,test,official_detector,exposed exploratory retest,official detector,data28-1,deepocsort,v1,ace_v1,None,84.68314862176754,0.0,0.0,81.47165392493557,-0.12975055816893644,-0.12975055816893644,9,0,0
MMOT,test,official_detector,exposed exploratory retest,official detector,data28-1,deepocsort,H,cost_h,None,84.68314862176754,0.0,0.0,81.45639407826081,-0.14501040484368843,-0.14501040484368843,9,0,0
MMOT,test,official_detector,exposed exploratory retest,official detector,data28-1,deepocsort,H+V,cost_h_full_reassign,H,84.68314862176754,0.0,0.0,81.45639407826081,-0.14501040484368843,0.0,9,0,0
MMOT,test,official_detector,exposed exploratory retest,official detector,data28-1,deepocsort,P-G,path_g,None,84.68314862176754,0.0,0.0,81.45639407826081,-0.14501040484368843,-0.14501040484368843,9,0,0
MMOT,test,official_detector,exposed exploratory retest,official detector,data28-1,deepocsort,P-G+V,path_g_full_reassign,P-G,84.68314862176754,0.0,0.0,81.45639407826081,-0.14501040484368843,0.0,9,0,0
MMOT,test,official_detector,exposed exploratory retest,official detector,data28-1,ocsort,None,no_refinement,None,25.07813936385365,0.0,0.0,14.647243906991408,0.0,0.0,287,0,0
MMOT,test,official_detector,exposed exploratory retest,official detector,data28-1,ocsort,v1,ace_v1,None,26.622540908255193,1.5444015444015413,1.5444015444015413,15.153540748225037,0.5062968412336293,0.5062968412336293,264,-23,-23
MMOT,test,official_detector,exposed exploratory retest,official detector,data28-1,ocsort,H,cost_h,None,27.43151314579886,2.3533737819452085,2.3533737819452085,15.38358871163982,0.7363448046484127,0.7363448046484127,254,-33,-33
MMOT,test,official_detector,exposed exploratory retest,official detector,data28-1,ocsort,H+V,cost_h_full_reassign,H,27.247655819084393,2.1695164552307418,-0.18385732671446675,15.469769263433166,0.8225253564417585,0.08618055179334583,254,-33,0
MMOT,test,official_detector,exposed exploratory retest,official detector,data28-1,ocsort,P-G,path_g,None,27.027027027027028,1.9488876631733767,1.9488876631733767,15.373550393160102,0.7263064861686939,0.7263064861686939,253,-34,-34
MMOT,test,official_detector,exposed exploratory retest,official detector,data28-1,ocsort,P-G+V,path_g_full_reassign,P-G,27.247655819084393,2.1695164552307418,0.22062879205736508,15.464081280705082,0.8168373737136747,0.09053088754498084,255,-32,2
MMOT,test,official_detector,exposed exploratory retest,official detector,data28-2,bytetrack,None,no_refinement,None,76.40449438202246,0.0,0.0,60.1625779545474,0.0,0.0,34,0,0
MMOT,test,official_detector,exposed exploratory retest,official detector,data28-2,bytetrack,v1,ace_v1,None,80.30751034890598,3.9030159668835154,3.9030159668835154,63.90940980861536,3.746831854067956,3.746831854067956,29,-5,-5
MMOT,test,official_detector,exposed exploratory retest,official detector,data28-2,bytetrack,H,cost_h,None,80.30751034890598,3.9030159668835154,3.9030159668835154,63.90940980861536,3.746831854067956,3.746831854067956,29,-5,-5
MMOT,test,official_detector,exposed exploratory retest,official detector,data28-2,bytetrack,H+V,cost_h_full_reassign,H,80.30751034890598,3.9030159668835154,0.0,63.90940980861536,3.746831854067956,0.0,29,-5,0
MMOT,test,official_detector,exposed exploratory retest,official detector,data28-2,bytetrack,P-G,path_g,None,80.30751034890598,3.9030159668835154,3.9030159668835154,63.90940980861536,3.746831854067956,3.746831854067956,29,-5,-5
MMOT,test,official_detector,exposed exploratory retest,official detector,data28-2,bytetrack,P-G+V,path_g_full_reassign,P-G,80.30751034890598,3.9030159668835154,0.0,63.90940980861536,3.746831854067956,0.0,29,-5,0
MMOT,test,official_detector,exposed exploratory retest,official detector,data28-2,deepocsort,None,no_refinement,None,85.20023215322112,0.0,0.0,84.08763180550143,0.0,0.0,4,0,0
MMOT,test,official_detector,exposed exploratory retest,official detector,data28-2,deepocsort,v1,ace_v1,None,85.54846198491003,0.3482298316889114,0.3482298316889114,84.11463974927838,0.027007943776951038,0.027007943776951038,1,-3,-3
MMOT,test,official_detector,exposed exploratory retest,official detector,data28-2,deepocsort,H,cost_h,None,85.54846198491003,0.3482298316889114,0.3482298316889114,84.11463974927838,0.027007943776951038,0.027007943776951038,1,-3,-3
MMOT,test,official_detector,exposed exploratory retest,official detector,data28-2,deepocsort,H+V,cost_h_full_reassign,H,85.54846198491003,0.3482298316889114,0.0,84.11463974927838,0.027007943776951038,0.0,1,-3,0
MMOT,test,official_detector,exposed exploratory retest,official detector,data28-2,deepocsort,P-G,path_g,None,85.54846198491003,0.3482298316889114,0.3482298316889114,84.11463974927838,0.027007943776951038,0.027007943776951038,1,-3,-3
MMOT,test,official_detector,exposed exploratory retest,official detector,data28-2,deepocsort,P-G+V,path_g_full_reassign,P-G,85.54846198491003,0.3482298316889114,0.0,84.11463974927838,0.027007943776951038,0.0,1,-3,0
MMOT,test,official_detector,exposed exploratory retest,official detector,data28-2,ocsort,None,no_refinement,None,59.145952836201396,0.0,0.0,42.86336202085554,0.0,0.0,49,0,0
MMOT,test,official_detector,exposed exploratory retest,official detector,data28-2,ocsort,v1,ace_v1,None,61.44040790312301,2.294455066921614,2.294455066921614,45.24127668458841,2.3779146637328665,2.3779146637328665,29,-20,-20
MMOT,test,official_detector,exposed exploratory retest,official detector,data28-2,ocsort,H,cost_h,None,63.09751434034416,3.9515615041427665,3.9515615041427665,48.51925685568451,5.65589483482897,5.65589483482897,16,-33,-33
MMOT,test,official_detector,exposed exploratory retest,official detector,data28-2,ocsort,H+V,cost_h_full_reassign,H,62.46016571064372,3.314212874442326,-0.6373486297004405,47.13286394200355,4.269501921148013,-1.3863929136809574,21,-28,5
MMOT,test,official_detector,exposed exploratory retest,official detector,data28-2,ocsort,P-G,path_g,None,62.46016571064372,3.314212874442326,3.314212874442326,47.13286394200355,4.269501921148013,4.269501921148013,21,-28,-28
MMOT,test,official_detector,exposed exploratory retest,official detector,data28-2,ocsort,P-G+V,path_g_full_reassign,P-G,62.46016571064372,3.314212874442326,0.0,47.13286394200355,4.269501921148013,0.0,21,-28,0
MMOT,test,official_detector,exposed exploratory retest,official detector,data28-3,bytetrack,None,no_refinement,None,1.146131805157593,0.0,0.0,22.807017543859647,0.0,0.0,0,0,0
MMOT,test,official_detector,exposed exploratory retest,official detector,data28-3,bytetrack,v1,ace_v1,None,1.146131805157593,0.0,0.0,22.807017543859647,0.0,0.0,0,0,0
MMOT,test,official_detector,exposed exploratory retest,official detector,data28-3,bytetrack,H,cost_h,None,1.146131805157593,0.0,0.0,22.807017543859647,0.0,0.0,0,0,0
MMOT,test,official_detector,exposed exploratory retest,official detector,data28-3,bytetrack,H+V,cost_h_full_reassign,H,1.146131805157593,0.0,0.0,22.807017543859647,0.0,0.0,0,0,0
MMOT,test,official_detector,exposed exploratory retest,official detector,data28-3,bytetrack,P-G,path_g,None,1.146131805157593,0.0,0.0,22.807017543859647,0.0,0.0,0,0,0
MMOT,test,official_detector,exposed exploratory retest,official detector,data28-3,bytetrack,P-G+V,path_g_full_reassign,P-G,1.146131805157593,0.0,0.0,22.807017543859647,0.0,0.0,0,0,0
MMOT,test,official_detector,exposed exploratory retest,official detector,data28-3,deepocsort,None,no_refinement,None,1.25,0.0,0.0,25.657894736842103,0.0,0.0,2,0,0
MMOT,test,official_detector,exposed exploratory retest,official detector,data28-3,deepocsort,v1,ace_v1,None,1.25,0.0,0.0,25.657894736842103,0.0,0.0,2,0,0
MMOT,test,official_detector,exposed exploratory retest,official detector,data28-3,deepocsort,H,cost_h,None,1.25,0.0,0.0,25.657894736842103,0.0,0.0,2,0,0
MMOT,test,official_detector,exposed exploratory retest,official detector,data28-3,deepocsort,H+V,cost_h_full_reassign,H,1.25,0.0,0.0,25.657894736842103,0.0,0.0,2,0,0
MMOT,test,official_detector,exposed exploratory retest,official detector,data28-3,deepocsort,P-G,path_g,None,1.25,0.0,0.0,25.657894736842103,0.0,0.0,2,0,0
MMOT,test,official_detector,exposed exploratory retest,official detector,data28-3,deepocsort,P-G+V,path_g_full_reassign,P-G,1.25,0.0,0.0,25.657894736842103,0.0,0.0,2,0,0
MMOT,test,official_detector,exposed exploratory retest,official detector,data28-3,ocsort,None,no_refinement,None,1.183431952662722,0.0,0.0,22.697368421052634,0.0,0.0,3,0,0
MMOT,test,official_detector,exposed exploratory retest,official detector,data28-3,ocsort,v1,ace_v1,None,1.183431952662722,0.0,0.0,22.697368421052634,0.0,0.0,3,0,0
MMOT,test,official_detector,exposed exploratory retest,official detector,data28-3,ocsort,H,cost_h,None,1.183431952662722,0.0,0.0,22.697368421052634,0.0,0.0,3,0,0
MMOT,test,official_detector,exposed exploratory retest,official detector,data28-3,ocsort,H+V,cost_h_full_reassign,H,1.183431952662722,0.0,0.0,22.697368421052634,0.0,0.0,3,0,0
MMOT,test,official_detector,exposed exploratory retest,official detector,data28-3,ocsort,P-G,path_g,None,1.183431952662722,0.0,0.0,22.697368421052634,0.0,0.0,3,0,0
MMOT,test,official_detector,exposed exploratory retest,official detector,data28-3,ocsort,P-G+V,path_g_full_reassign,P-G,1.183431952662722,0.0,0.0,22.697368421052634,0.0,0.0,3,0,0
MMOT,test,official_detector,exposed exploratory retest,official detector,data28-4,bytetrack,None,no_refinement,None,4.201680672268908,0.0,0.0,26.879699248120303,0.0,0.0,2,0,0
MMOT,test,official_detector,exposed exploratory retest,official detector,data28-4,bytetrack,v1,ace_v1,None,4.201680672268908,0.0,0.0,26.879699248120303,0.0,0.0,2,0,0
MMOT,test,official_detector,exposed exploratory retest,official detector,data28-4,bytetrack,H,cost_h,None,4.201680672268908,0.0,0.0,26.879699248120303,0.0,0.0,2,0,0
MMOT,test,official_detector,exposed exploratory retest,official detector,data28-4,bytetrack,H+V,cost_h_full_reassign,H,4.201680672268908,0.0,0.0,26.879699248120303,0.0,0.0,2,0,0
MMOT,test,official_detector,exposed exploratory retest,official detector,data28-4,bytetrack,P-G,path_g,None,4.201680672268908,0.0,0.0,26.879699248120303,0.0,0.0,2,0,0
MMOT,test,official_detector,exposed exploratory retest,official detector,data28-4,bytetrack,P-G+V,path_g_full_reassign,P-G,4.201680672268908,0.0,0.0,26.879699248120303,0.0,0.0,2,0,0
MMOT,test,official_detector,exposed exploratory retest,official detector,data28-4,deepocsort,None,no_refinement,None,4.878048780487805,0.0,0.0,14.369512872043233,0.0,0.0,9,0,0
MMOT,test,official_detector,exposed exploratory retest,official detector,data28-4,deepocsort,v1,ace_v1,None,4.878048780487805,0.0,0.0,14.369512872043233,0.0,0.0,9,0,0
MMOT,test,official_detector,exposed exploratory retest,official detector,data28-4,deepocsort,H,cost_h,None,4.878048780487805,0.0,0.0,14.369512872043233,0.0,0.0,9,0,0
MMOT,test,official_detector,exposed exploratory retest,official detector,data28-4,deepocsort,H+V,cost_h_full_reassign,H,4.878048780487805,0.0,0.0,14.369512872043233,0.0,0.0,9,0,0
MMOT,test,official_detector,exposed exploratory retest,official detector,data28-4,deepocsort,P-G,path_g,None,4.878048780487805,0.0,0.0,14.369512872043233,0.0,0.0,9,0,0
MMOT,test,official_detector,exposed exploratory retest,official detector,data28-4,deepocsort,P-G+V,path_g_full_reassign,P-G,4.878048780487805,0.0,0.0,14.369512872043233,0.0,0.0,9,0,0
MMOT,test,official_detector,exposed exploratory retest,official detector,data28-4,ocsort,None,no_refinement,None,1.694915254237288,0.0,0.0,13.123718386876279,0.0,0.0,2,0,0
MMOT,test,official_detector,exposed exploratory retest,official detector,data28-4,ocsort,v1,ace_v1,None,1.694915254237288,0.0,0.0,13.123718386876279,0.0,0.0,2,0,0
MMOT,test,official_detector,exposed exploratory retest,official detector,data28-4,ocsort,H,cost_h,None,1.694915254237288,0.0,0.0,13.123718386876279,0.0,0.0,2,0,0
MMOT,test,official_detector,exposed exploratory retest,official detector,data28-4,ocsort,H+V,cost_h_full_reassign,H,1.694915254237288,0.0,0.0,13.123718386876279,0.0,0.0,2,0,0
MMOT,test,official_detector,exposed exploratory retest,official detector,data28-4,ocsort,P-G,path_g,None,1.694915254237288,0.0,0.0,13.123718386876279,0.0,0.0,2,0,0
MMOT,test,official_detector,exposed exploratory retest,official detector,data28-4,ocsort,P-G+V,path_g_full_reassign,P-G,1.694915254237288,0.0,0.0,13.123718386876279,0.0,0.0,2,0,0
MMOT,test,official_detector,exposed exploratory retest,official detector,data28-5,bytetrack,None,no_refinement,None,7.253886010362693,0.0,0.0,11.173032734913745,0.0,0.0,2,0,0
MMOT,test,official_detector,exposed exploratory retest,official detector,data28-5,bytetrack,v1,ace_v1,None,7.253886010362693,0.0,0.0,11.173032734913745,0.0,0.0,2,0,0
MMOT,test,official_detector,exposed exploratory retest,official detector,data28-5,bytetrack,H,cost_h,None,7.253886010362693,0.0,0.0,11.173032734913745,0.0,0.0,2,0,0
MMOT,test,official_detector,exposed exploratory retest,official detector,data28-5,bytetrack,H+V,cost_h_full_reassign,H,7.253886010362693,0.0,0.0,11.173032734913745,0.0,0.0,2,0,0
MMOT,test,official_detector,exposed exploratory retest,official detector,data28-5,bytetrack,P-G,path_g,None,7.253886010362693,0.0,0.0,11.173032734913745,0.0,0.0,2,0,0
MMOT,test,official_detector,exposed exploratory retest,official detector,data28-5,bytetrack,P-G+V,path_g_full_reassign,P-G,7.253886010362693,0.0,0.0,11.173032734913745,0.0,0.0,2,0,0
MMOT,test,official_detector,exposed exploratory retest,official detector,data28-5,deepocsort,None,no_refinement,None,17.117117117117118,0.0,0.0,19.897638723856513,0.0,0.0,12,0,0
MMOT,test,official_detector,exposed exploratory retest,official detector,data28-5,deepocsort,v1,ace_v1,None,21.62162162162162,4.504504504504503,4.504504504504503,23.6125734059664,3.714934682109888,3.714934682109888,7,-5,-5
MMOT,test,official_detector,exposed exploratory retest,official detector,data28-5,deepocsort,H,cost_h,None,22.52252252252252,5.4054054054054035,5.4054054054054035,24.321125648348136,4.423486924491623,4.423486924491623,6,-6,-6
MMOT,test,official_detector,exposed exploratory retest,official detector,data28-5,deepocsort,H+V,cost_h_full_reassign,H,21.62162162162162,4.504504504504503,-0.9009009009009006,23.6125734059664,3.714934682109888,-0.7085522423817352,7,-5,1
MMOT,test,official_detector,exposed exploratory retest,official detector,data28-5,deepocsort,P-G,path_g,None,21.62162162162162,4.504504504504503,4.504504504504503,23.6125734059664,3.714934682109888,3.714934682109888,7,-5,-5
MMOT,test,official_detector,exposed exploratory retest,official detector,data28-5,deepocsort,P-G+V,path_g_full_reassign,P-G,21.62162162162162,4.504504504504503,0.0,23.6125734059664,3.714934682109888,0.0,7,-5,0
MMOT,test,official_detector,exposed exploratory retest,official detector,data28-5,ocsort,None,no_refinement,None,7.8431372549019605,0.0,0.0,13.419483192403392,0.0,0.0,12,0,0
MMOT,test,official_detector,exposed exploratory retest,official detector,data28-5,ocsort,v1,ace_v1,None,13.725490196078432,5.882352941176472,5.882352941176472,20.006238565686576,6.586755373283184,6.586755373283184,6,-6,-6
MMOT,test,official_detector,exposed exploratory retest,official detector,data28-5,ocsort,H,cost_h,None,14.705882352941178,6.862745098039217,6.862745098039217,21.133105641801777,7.713622449398384,7.713622449398384,5,-7,-7
MMOT,test,official_detector,exposed exploratory retest,official detector,data28-5,ocsort,H+V,cost_h_full_reassign,H,13.725490196078432,5.882352941176472,-0.9803921568627452,20.006238565686576,6.586755373283184,-1.1268670761152002,6,-6,1
MMOT,test,official_detector,exposed exploratory retest,official detector,data28-5,ocsort,P-G,path_g,None,13.725490196078432,5.882352941176472,5.882352941176472,20.006238565686576,6.586755373283184,6.586755373283184,6,-6,-6
MMOT,test,official_detector,exposed exploratory retest,official detector,data28-5,ocsort,P-G+V,path_g_full_reassign,P-G,13.725490196078432,5.882352941176472,0.0,20.006238565686576,6.586755373283184,0.0,6,-6,0
MMOT,test,official_detector,exposed exploratory retest,official detector,data28-6,bytetrack,None,no_refinement,None,2.785515320334262,0.0,0.0,7.879013074143169,0.0,0.0,1,0,0
MMOT,test,official_detector,exposed exploratory retest,official detector,data28-6,bytetrack,v1,ace_v1,None,2.785515320334262,0.0,0.0,7.781144354404755,-0.09786871973841471,-0.09786871973841471,1,0,0
MMOT,test,official_detector,exposed exploratory retest,official detector,data28-6,bytetrack,H,cost_h,None,2.785515320334262,0.0,0.0,7.781144354404755,-0.09786871973841471,-0.09786871973841471,1,0,0
MMOT,test,official_detector,exposed exploratory retest,official detector,data28-6,bytetrack,H+V,cost_h_full_reassign,H,2.785515320334262,0.0,0.0,7.781144354404755,-0.09786871973841471,0.0,1,0,0
MMOT,test,official_detector,exposed exploratory retest,official detector,data28-6,bytetrack,P-G,path_g,None,2.785515320334262,0.0,0.0,7.781144354404755,-0.09786871973841471,-0.09786871973841471,1,0,0
MMOT,test,official_detector,exposed exploratory retest,official detector,data28-6,bytetrack,P-G+V,path_g_full_reassign,P-G,2.785515320334262,0.0,0.0,7.781144354404755,-0.09786871973841471,0.0,1,0,0
MMOT,test,official_detector,exposed exploratory retest,official detector,data28-6,deepocsort,None,no_refinement,None,0.0,0.0,0.0,0.0,0.0,0.0,0,0,0
MMOT,test,official_detector,exposed exploratory retest,official detector,data28-6,deepocsort,v1,ace_v1,None,0.0,0.0,0.0,0.0,0.0,0.0,0,0,0
MMOT,test,official_detector,exposed exploratory retest,official detector,data28-6,deepocsort,H,cost_h,None,0.0,0.0,0.0,0.0,0.0,0.0,0,0,0
MMOT,test,official_detector,exposed exploratory retest,official detector,data28-6,deepocsort,H+V,cost_h_full_reassign,H,0.0,0.0,0.0,0.0,0.0,0.0,0,0,0
MMOT,test,official_detector,exposed exploratory retest,official detector,data28-6,deepocsort,P-G,path_g,None,0.0,0.0,0.0,0.0,0.0,0.0,0,0,0
MMOT,test,official_detector,exposed exploratory retest,official detector,data28-6,deepocsort,P-G+V,path_g_full_reassign,P-G,0.0,0.0,0.0,0.0,0.0,0.0,0,0,0
MMOT,test,official_detector,exposed exploratory retest,official detector,data28-6,ocsort,None,no_refinement,None,4.678362573099415,0.0,0.0,61.9047619047619,0.0,0.0,0,0,0
MMOT,test,official_detector,exposed exploratory retest,official detector,data28-6,ocsort,v1,ace_v1,None,4.678362573099415,0.0,0.0,61.9047619047619,0.0,0.0,0,0,0
MMOT,test,official_detector,exposed exploratory retest,official detector,data28-6,ocsort,H,cost_h,None,4.678362573099415,0.0,0.0,61.9047619047619,0.0,0.0,0,0,0
MMOT,test,official_detector,exposed exploratory retest,official detector,data28-6,ocsort,H+V,cost_h_full_reassign,H,4.678362573099415,0.0,0.0,61.9047619047619,0.0,0.0,0,0,0
MMOT,test,official_detector,exposed exploratory retest,official detector,data28-6,ocsort,P-G,path_g,None,4.678362573099415,0.0,0.0,61.9047619047619,0.0,0.0,0,0,0
MMOT,test,official_detector,exposed exploratory retest,official detector,data28-6,ocsort,P-G+V,path_g_full_reassign,P-G,4.678362573099415,0.0,0.0,61.9047619047619,0.0,0.0,0,0,0
MMOT,test,official_detector,exposed exploratory retest,official detector,data30-10,bytetrack,None,no_refinement,None,59.36473165388828,0.0,0.0,69.23114193015621,0.0,0.0,160,0,0
MMOT,test,official_detector,exposed exploratory retest,official detector,data30-10,bytetrack,v1,ace_v1,None,59.63855421686747,0.2738225629791913,0.2738225629791913,69.01379139391706,-0.21735053623915235,-0.21735053623915235,132,-28,-28
MMOT,test,official_detector,exposed exploratory retest,official detector,data30-10,bytetrack,H,cost_h,None,59.784592917123035,0.4198612632347576,0.4198612632347576,69.08771855205478,-0.14342337810143135,-0.14342337810143135,123,-37,-37
MMOT,test,official_detector,exposed exploratory retest,official detector,data30-10,bytetrack,H+V,cost_h_full_reassign,H,59.85761226725083,0.4928806133625514,0.07301935012779381,69.25826547999515,0.02712354983893306,0.1705469279403644,123,-37,0
MMOT,test,official_detector,exposed exploratory retest,official detector,data30-10,bytetrack,P-G,path_g,None,59.87586710478276,0.5111354508944856,0.5111354508944856,69.2654516156263,0.03430968547009172,0.03430968547009172,122,-38,-38
MMOT,test,official_detector,exposed exploratory retest,official detector,data30-10,bytetrack,P-G+V,path_g_full_reassign,P-G,59.85761226725083,0.4928806133625514,-0.018254837531934243,69.25826547999515,0.02712354983893306,-0.007186135631158663,123,-37,1
MMOT,test,official_detector,exposed exploratory retest,official detector,data30-10,deepocsort,None,no_refinement,None,72.45141493351517,0.0,0.0,80.73705336117548,0.0,0.0,22,0,0
MMOT,test,official_detector,exposed exploratory retest,official detector,data30-10,deepocsort,v1,ace_v1,None,72.2979884077736,-0.15342652574156546,-0.15342652574156546,80.70528530079277,-0.03176806038271707,-0.03176806038271707,13,-9,-9
MMOT,test,official_detector,exposed exploratory retest,official detector,data30-10,deepocsort,H,cost_h,None,72.33208319127174,-0.1193317422434319,-0.1193317422434319,80.73132679347864,-0.005726567696839879,-0.005726567696839879,11,-11,-11
MMOT,test,official_detector,exposed exploratory retest,official detector,data30-10,deepocsort,H+V,cost_h_full_reassign,H,72.6218888510058,0.17047391749063934,0.28980565973407124,80.9457054624112,0.20865210123571387,0.21437866893255375,12,-10,1
MMOT,test,official_detector,exposed exploratory retest,official detector,data30-10,deepocsort,P-G,path_g,None,72.33208319127174,-0.1193317422434319,-0.1193317422434319,80.73132679347864,-0.005726567696839879,-0.005726567696839879,11,-11,-11
MMOT,test,official_detector,exposed exploratory retest,official detector,data30-10,deepocsort,P-G+V,path_g_full_reassign,P-G,72.6218888510058,0.17047391749063934,0.28980565973407124,80.9457054624112,0.20865210123571387,0.21437866893255375,12,-10,1
MMOT,test,official_detector,exposed exploratory retest,official detector,data30-10,ocsort,None,no_refinement,None,57.08888259185794,0.0,0.0,77.8775592286542,0.0,0.0,127,0,0
MMOT,test,official_detector,exposed exploratory retest,official detector,data30-10,ocsort,v1,ace_v1,None,58.18456597714178,1.0956833852838415,1.0956833852838415,78.12136346989413,0.2438042412399284,0.2438042412399284,64,-63,-63
MMOT,test,official_detector,exposed exploratory retest,official detector,data30-10,ocsort,H,cost_h,None,58.41125909133843,1.322376499480491,1.322376499480491,78.22405068172084,0.3464914530666334,0.3464914530666334,54,-73,-73
MMOT,test,official_detector,exposed exploratory retest,official detector,data30-10,ocsort,H+V,cost_h_full_reassign,H,58.41125909133843,1.322376499480491,0.0,78.22250188912581,0.3449426604716024,-0.0015487925950310455,54,-73,0
MMOT,test,official_detector,exposed exploratory retest,official detector,data30-10,ocsort,P-G,path_g,None,58.41125909133843,1.322376499480491,1.322376499480491,78.22288260806953,0.3453233794153192,0.3453233794153192,54,-73,-73
MMOT,test,official_detector,exposed exploratory retest,official detector,data30-10,ocsort,P-G+V,path_g_full_reassign,P-G,58.41125909133843,1.322376499480491,0.0,78.22250188912581,0.3449426604716024,-0.000380718943716829,54,-73,0
MMOT,test,official_detector,exposed exploratory retest,official detector,data30-2,bytetrack,None,no_refinement,None,42.41332733003152,0.0,0.0,39.787727814965315,0.0,0.0,404,0,0
MMOT,test,official_detector,exposed exploratory retest,official detector,data30-2,bytetrack,v1,ace_v1,None,45.41497823803092,3.001650907999398,3.001650907999398,42.494089735074205,2.7063619201088898,2.7063619201088898,358,-46,-46
MMOT,test,official_detector,exposed exploratory retest,official detector,data30-2,bytetrack,H,cost_h,None,45.77517634699084,3.3618490169593187,3.3618490169593187,42.83027406049684,3.0425462455315255,3.0425462455315255,349,-55,-55
MMOT,test,official_detector,exposed exploratory retest,official detector,data30-2,bytetrack,H+V,cost_h_full_reassign,H,45.59507729251088,3.1817499624793584,-0.18009905447996033,42.63740553480222,2.8496777198369045,-0.19286852569462098,350,-54,1
MMOT,test,official_detector,exposed exploratory retest,official detector,data30-2,bytetrack,P-G,path_g,None,45.68512681975086,3.271799489719342,3.271799489719342,42.65458316592362,2.8668553509583035,2.8668553509583035,348,-56,-56
MMOT,test,official_detector,exposed exploratory retest,official detector,data30-2,bytetrack,P-G+V,path_g_full_reassign,P-G,45.59507729251088,3.1817499624793584,-0.09004952723998372,42.63740553480222,2.8496777198369045,-0.017177631121398917,350,-54,2
MMOT,test,official_detector,exposed exploratory retest,official detector,data30-2,deepocsort,None,no_refinement,None,74.08864411224756,0.0,0.0,77.24801245011284,0.0,0.0,32,0,0
MMOT,test,official_detector,exposed exploratory retest,official detector,data30-2,deepocsort,v1,ace_v1,None,74.45580907421977,0.3671649619722075,0.3671649619722075,77.41746980116103,0.16945735104819448,0.16945735104819448,20,-12,-12
MMOT,test,official_detector,exposed exploratory retest,official detector,data30-2,deepocsort,H,cost_h,None,74.77052189876737,0.6818777865198058,0.6818777865198058,77.69185024558254,0.4438377954697046,0.4438377954697046,16,-16,-16
MMOT,test,official_detector,exposed exploratory retest,official detector,data30-2,deepocsort,H+V,cost_h_full_reassign,H,74.53448728035667,0.44584316810910707,-0.23603461841069873,77.5260575235649,0.27804507345206275,-0.16579272201764184,18,-14,2
MMOT,test,official_detector,exposed exploratory retest,official detector,data30-2,deepocsort,P-G,path_g,None,74.77052189876737,0.6818777865198058,0.6818777865198058,77.69185024558254,0.4438377954697046,0.4438377954697046,16,-16,-16
MMOT,test,official_detector,exposed exploratory retest,official detector,data30-2,deepocsort,P-G+V,path_g_full_reassign,P-G,74.53448728035667,0.44584316810910707,-0.23603461841069873,77.5260575235649,0.27804507345206275,-0.16579272201764184,18,-14,2
MMOT,test,official_detector,exposed exploratory retest,official detector,data30-2,ocsort,None,no_refinement,None,33.19076133447391,0.0,0.0,40.33858175760556,0.0,0.0,149,0,0
MMOT,test,official_detector,exposed exploratory retest,official detector,data30-2,ocsort,v1,ace_v1,None,35.20958083832335,2.0188195038494356,2.0188195038494356,43.419256437697015,3.0806746800914553,3.0806746800914553,107,-42,-42
MMOT,test,official_detector,exposed exploratory retest,official detector,data30-2,ocsort,H,cost_h,None,36.372968349016254,3.1822070145423424,3.1822070145423424,44.743092318003704,4.404510560398144,4.404510560398144,79,-70,-70
MMOT,test,official_detector,exposed exploratory retest,official detector,data30-2,ocsort,H+V,cost_h_full_reassign,H,35.89392643284859,2.703165098374676,-0.47904191616766667,44.56449556072442,4.225913803118857,-0.17859675727928703,91,-58,12
MMOT,test,official_detector,exposed exploratory retest,official detector,data30-2,ocsort,P-G,path_g,None,36.16766467065868,2.976903336184769,2.976903336184769,44.60527775983867,4.266696002233111,4.266696002233111,83,-66,-66
MMOT,test,official_detector,exposed exploratory retest,official detector,data30-2,ocsort,P-G+V,path_g_full_reassign,P-G,35.89392643284859,2.703165098374676,-0.2737382378100932,44.56449556072442,4.225913803118857,-0.04078219911425407,91,-58,8
MMOT,test,official_detector,exposed exploratory retest,official detector,data30-3,bytetrack,None,no_refinement,None,26.52586361195633,0.0,0.0,22.113407377116285,0.0,0.0,375,0,0
MMOT,test,official_detector,exposed exploratory retest,official detector,data30-3,bytetrack,v1,ace_v1,None,31.322713441918744,4.796849829962415,4.796849829962415,26.2908255504271,4.177418173310816,4.177418173310816,285,-90,-90
MMOT,test,official_detector,exposed exploratory retest,official detector,data30-3,bytetrack,H,cost_h,None,32.68301413996778,6.157150528011453,6.157150528011453,27.002378687228795,4.88897131011251,4.88897131011251,256,-119,-119
MMOT,test,official_detector,exposed exploratory retest,official detector,data30-3,bytetrack,H+V,cost_h_full_reassign,H,32.4682298192232,5.942366207266868,-0.21478432074458453,26.946827176484867,4.833419799368581,-0.05555151074392839,267,-108,11
MMOT,test,official_detector,exposed exploratory retest,official detector,data30-3,bytetrack,P-G,path_g,None,32.53982459280472,6.013960980848392,6.013960980848392,26.98185562837668,4.868448251260396,4.868448251260396,263,-112,-112
MMOT,test,official_detector,exposed exploratory retest,official detector,data30-3,bytetrack,P-G+V,path_g_full_reassign,P-G,32.4682298192232,5.942366207266868,-0.07159477358152344,26.946827176484867,4.833419799368581,-0.03502845189181514,267,-108,4
MMOT,test,official_detector,exposed exploratory retest,official detector,data30-3,deepocsort,None,no_refinement,None,73.04108752100198,0.0,0.0,71.82589217210193,0.0,0.0,26,0,0
MMOT,test,official_detector,exposed exploratory retest,official detector,data30-3,deepocsort,v1,ace_v1,None,73.71315106155491,0.6720635405529265,0.6720635405529265,72.32147981897201,0.49558764687007795,0.49558764687007795,21,-5,-5
MMOT,test,official_detector,exposed exploratory retest,official detector,data30-3,deepocsort,H,cost_h,None,73.86589277531695,0.8248052543149669,0.8248052543149669,72.51739146724707,0.6914992951451353,0.6914992951451353,17,-9,-9
MMOT,test,official_detector,exposed exploratory retest,official detector,data30-3,deepocsort,H+V,cost_h_full_reassign,H,73.83534443256453,0.7942569115625417,-0.03054834275242513,72.48263671593264,0.6567445438307118,-0.034754751314423515,19,-7,2
MMOT,test,official_detector,exposed exploratory retest,official detector,data30-3,deepocsort,P-G,path_g,None,73.83534443256453,0.7942569115625417,0.7942569115625417,72.48263671593264,0.6567445438307118,0.6567445438307118,19,-7,-7
MMOT,test,official_detector,exposed exploratory retest,official detector,data30-3,deepocsort,P-G+V,path_g_full_reassign,P-G,73.83534443256453,0.7942569115625417,0.0,72.48263671593264,0.6567445438307118,0.0,19,-7,0
MMOT,test,official_detector,exposed exploratory retest,official detector,data30-3,ocsort,None,no_refinement,None,21.697922968340393,0.0,0.0,22.79756644181847,0.0,0.0,239,0,0
MMOT,test,official_detector,exposed exploratory retest,official detector,data30-3,ocsort,v1,ace_v1,None,24.601734220608996,2.9038112522686035,2.9038112522686035,24.652899548078203,1.8553331062597316,1.8553331062597316,172,-67,-67
MMOT,test,official_detector,exposed exploratory retest,official detector,data30-3,ocsort,H,cost_h,None,25.569671304698527,3.8717483363581344,3.8717483363581344,25.28737249651265,2.489806054694178,2.489806054694178,154,-85,-85
MMOT,test,official_detector,exposed exploratory retest,official detector,data30-3,ocsort,H+V,cost_h_full_reassign,H,25.247025610002016,3.549102641661623,-0.3226456946965115,25.314000883690646,2.5164344418721747,0.02662838717799687,160,-79,6
MMOT,test,official_detector,exposed exploratory retest,official detector,data30-3,ocsort,P-G,path_g,None,25.489009881024398,3.7910869126840048,3.7910869126840048,25.262221099275166,2.4646546574566948,2.4646546574566948,155,-84,-84
MMOT,test,official_detector,exposed exploratory retest,official detector,data30-3,ocsort,P-G+V,path_g_full_reassign,P-G,25.247025610002016,3.549102641661623,-0.24198427102238185,25.314000883690646,2.5164344418721747,0.051779784415479924,160,-79,5
MMOT,test,official_detector,exposed exploratory retest,official detector,data30-4,bytetrack,None,no_refinement,None,37.4948325754444,0.0,0.0,29.2622025525957,0.0,0.0,249,0,0
MMOT,test,official_detector,exposed exploratory retest,official detector,data30-4,bytetrack,v1,ace_v1,None,38.23894171145101,0.7441091360066139,0.7441091360066139,29.594249038862124,0.3320464862664245,0.3320464862664245,223,-26,-26
MMOT,test,official_detector,exposed exploratory retest,official detector,data30-4,bytetrack,H,cost_h,None,38.735014468788755,1.2401818933443565,1.2401818933443565,29.723757560612047,0.4615550080163473,0.4615550080163473,216,-33,-33
MMOT,test,official_detector,exposed exploratory retest,official detector,data30-4,bytetrack,H+V,cost_h_full_reassign,H,38.61099627945432,1.1161637040099208,-0.12401818933443565,29.7068684178811,0.4446658652854012,-0.016889142730946105,218,-31,2
MMOT,test,official_detector,exposed exploratory retest,official detector,data30-4,bytetrack,P-G,path_g,None,38.61099627945432,1.1161637040099208,1.1161637040099208,29.706129217776088,0.44392666518038837,0.44392666518038837,216,-33,-33
MMOT,test,official_detector,exposed exploratory retest,official detector,data30-4,bytetrack,P-G+V,path_g_full_reassign,P-G,38.61099627945432,1.1161637040099208,0.0,29.7068684178811,0.4446658652854012,0.0007392001050128272,218,-31,2
MMOT,test,official_detector,exposed exploratory retest,official detector,data30-4,deepocsort,None,no_refinement,None,78.11981566820276,0.0,0.0,76.40709688832268,0.0,0.0,34,0,0
MMOT,test,official_detector,exposed exploratory retest,official detector,data30-4,deepocsort,v1,ace_v1,None,80.51612903225806,2.3963133640553025,2.3963133640553025,78.94349380688156,2.5363969185588786,2.5363969185588786,15,-19,-19
MMOT,test,official_detector,exposed exploratory retest,official detector,data30-4,deepocsort,H,cost_h,None,80.51612903225806,2.3963133640553025,2.3963133640553025,78.84152842148772,2.4344315331650392,2.4344315331650392,15,-19,-19
MMOT,test,official_detector,exposed exploratory retest,official detector,data30-4,deepocsort,H+V,cost_h_full_reassign,H,80.14746543778803,2.027649769585267,-0.3686635944700356,78.65140626243478,2.244309374112092,-0.19012215905294738,17,-17,2
MMOT,test,official_detector,exposed exploratory retest,official detector,data30-4,deepocsort,P-G,path_g,None,80.51612903225806,2.3963133640553025,2.3963133640553025,78.84152842148772,2.4344315331650392,2.4344315331650392,15,-19,-19
MMOT,test,official_detector,exposed exploratory retest,official detector,data30-4,deepocsort,P-G+V,path_g_full_reassign,P-G,80.14746543778803,2.027649769585267,-0.3686635944700356,78.65140626243478,2.244309374112092,-0.19012215905294738,17,-17,2
MMOT,test,official_detector,exposed exploratory retest,official detector,data30-4,ocsort,None,no_refinement,None,30.47875927174646,0.0,0.0,25.78397662581726,0.0,0.0,162,0,0
MMOT,test,official_detector,exposed exploratory retest,official detector,data30-4,ocsort,v1,ace_v1,None,32.72645538323219,2.247696111485734,2.247696111485734,28.341255346253263,2.5572787204360026,2.5572787204360026,139,-23,-23
MMOT,test,official_detector,exposed exploratory retest,official detector,data30-4,ocsort,H,cost_h,None,32.7714093054619,2.292650033715443,2.292650033715443,28.44976610765027,2.6657894818330092,2.6657894818330092,137,-25,-25
MMOT,test,official_detector,exposed exploratory retest,official detector,data30-4,ocsort,H+V,cost_h_full_reassign,H,32.7714093054619,2.292650033715443,0.0,28.5073345306233,2.72335790480604,0.057568422973030664,137,-25,0
MMOT,test,official_detector,exposed exploratory retest,official detector,data30-4,ocsort,P-G,path_g,None,32.7714093054619,2.292650033715443,2.292650033715443,28.5073345306233,2.72335790480604,2.72335790480604,137,-25,-25
MMOT,test,official_detector,exposed exploratory retest,official detector,data30-4,ocsort,P-G+V,path_g_full_reassign,P-G,32.7714093054619,2.292650033715443,0.0,28.5073345306233,2.72335790480604,0.0,137,-25,0
MMOT,test,official_detector,exposed exploratory retest,official detector,data30-5,bytetrack,None,no_refinement,None,42.57342657342657,0.0,0.0,62.03510526913569,0.0,0.0,29,0,0
MMOT,test,official_detector,exposed exploratory retest,official detector,data30-5,bytetrack,v1,ace_v1,None,44.36363636363637,1.7902097902097935,1.7902097902097935,66.78198227283599,4.746877003700298,4.746877003700298,21,-8,-8
MMOT,test,official_detector,exposed exploratory retest,official detector,data30-5,bytetrack,H,cost_h,None,44.47552447552447,1.9020979020978999,1.9020979020978999,66.80863643219223,4.773531163056539,4.773531163056539,19,-10,-10
MMOT,test,official_detector,exposed exploratory retest,official detector,data30-5,bytetrack,H+V,cost_h_full_reassign,H,44.53146853146853,1.9580419580419601,0.05594405594406027,66.81567301067005,4.780567741534362,0.007036578477823241,19,-10,0
MMOT,test,official_detector,exposed exploratory retest,official detector,data30-5,bytetrack,P-G,path_g,None,44.47552447552447,1.9020979020978999,1.9020979020978999,66.80863643219223,4.773531163056539,4.773531163056539,19,-10,-10
MMOT,test,official_detector,exposed exploratory retest,official detector,data30-5,bytetrack,P-G+V,path_g_full_reassign,P-G,44.53146853146853,1.9580419580419601,0.05594405594406027,66.81567301067005,4.780567741534362,0.007036578477823241,19,-10,0
MMOT,test,official_detector,exposed exploratory retest,official detector,data30-5,deepocsort,None,no_refinement,None,63.844449913856764,0.0,0.0,73.37853819957401,0.0,0.0,3,0,0
MMOT,test,official_detector,exposed exploratory retest,official detector,data30-5,deepocsort,v1,ace_v1,None,63.696775781442284,-0.1476741324144797,-0.1476741324144797,73.30973222240267,-0.06880597717133696,-0.06880597717133696,3,0,0
MMOT,test,official_detector,exposed exploratory retest,official detector,data30-5,deepocsort,H,cost_h,None,63.696775781442284,-0.1476741324144797,-0.1476741324144797,73.30973222240267,-0.06880597717133696,-0.06880597717133696,3,0,0
MMOT,test,official_detector,exposed exploratory retest,official detector,data30-5,deepocsort,H+V,cost_h_full_reassign,H,63.844449913856764,0.0,0.1476741324144797,73.3784447449752,-9.345459881160423e-05,0.06871252257252536,3,0,0
MMOT,test,official_detector,exposed exploratory retest,official detector,data30-5,deepocsort,P-G,path_g,None,63.696775781442284,-0.1476741324144797,-0.1476741324144797,73.30973222240267,-0.06880597717133696,-0.06880597717133696,3,0,0
MMOT,test,official_detector,exposed exploratory retest,official detector,data30-5,deepocsort,P-G+V,path_g_full_reassign,P-G,63.844449913856764,0.0,0.1476741324144797,73.3784447449752,-9.345459881160423e-05,0.06871252257252536,3,0,0
MMOT,test,official_detector,exposed exploratory retest,official detector,data30-5,ocsort,None,no_refinement,None,40.70594933105608,0.0,0.0,67.86818849640565,0.0,0.0,29,0,0
MMOT,test,official_detector,exposed exploratory retest,official detector,data30-5,ocsort,v1,ace_v1,None,44.349558781668094,3.6436094506120114,3.6436094506120114,75.23822102402382,7.370032527618164,7.370032527618164,14,-15,-15
MMOT,test,official_detector,exposed exploratory retest,official detector,data30-5,ocsort,H,cost_h,None,44.69114716766296,3.985197836606879,3.985197836606879,75.43809139933816,7.569902902932512,7.569902902932512,8,-21,-21
MMOT,test,official_detector,exposed exploratory retest,official detector,data30-5,ocsort,H+V,cost_h_full_reassign,H,44.46342157699972,3.7574722459436387,-0.2277255906632405,75.28566246166226,7.417473965256605,-0.15242893767590715,12,-17,4
MMOT,test,official_detector,exposed exploratory retest,official detector,data30-5,ocsort,P-G,path_g,None,44.46342157699972,3.7574722459436387,3.7574722459436387,75.27316010862754,7.404971612221885,7.404971612221885,12,-17,-17
MMOT,test,official_detector,exposed exploratory retest,official detector,data30-5,ocsort,P-G+V,path_g_full_reassign,P-G,44.46342157699972,3.7574722459436387,0.0,75.28566246166226,7.417473965256605,0.012502353034719249,12,-17,0
MMOT,test,official_detector,exposed exploratory retest,official detector,data30-9,bytetrack,None,no_refinement,None,41.826335099877696,0.0,0.0,70.05500345874796,0.0,0.0,85,0,0
MMOT,test,official_detector,exposed exploratory retest,official detector,data30-9,bytetrack,v1,ace_v1,None,42.80472890338361,0.9783938035059165,0.9783938035059165,71.02447872633778,0.9694752675898144,0.9694752675898144,56,-29,-29
MMOT,test,official_detector,exposed exploratory retest,official detector,data30-9,bytetrack,H,cost_h,None,43.04932735426009,1.2229922543823974,1.2229922543823974,71.2900589931481,1.2350555344001322,1.2350555344001322,56,-29,-29
MMOT,test,official_detector,exposed exploratory retest,official detector,data30-9,bytetrack,H+V,cost_h_full_reassign,H,43.00856094578068,1.182225845902984,-0.040766408479413485,71.24434092587167,1.189337467123707,-0.045718067276425245,54,-31,-2
MMOT,test,official_detector,exposed exploratory retest,official detector,data30-9,bytetrack,P-G,path_g,None,43.04932735426009,1.2229922543823974,1.2229922543823974,71.27339592892777,1.2183924701798077,1.2183924701798077,52,-33,-33
MMOT,test,official_detector,exposed exploratory retest,official detector,data30-9,bytetrack,P-G+V,path_g_full_reassign,P-G,43.00856094578068,1.182225845902984,-0.040766408479413485,71.24434092587167,1.189337467123707,-0.02905500305610076,54,-31,2
MMOT,test,official_detector,exposed exploratory retest,official detector,data30-9,deepocsort,None,no_refinement,None,64.70380818053597,0.0,0.0,74.63380869512628,0.0,0.0,10,0,0
MMOT,test,official_detector,exposed exploratory retest,official detector,data30-9,deepocsort,v1,ace_v1,None,64.63328631875882,-0.07052186177715214,-0.07052186177715214,74.66899008012584,0.035181384999560805,0.035181384999560805,7,-3,-3
MMOT,test,official_detector,exposed exploratory retest,official detector,data30-9,deepocsort,H,cost_h,None,64.66854724964739,-0.035260930888583175,-0.035260930888583175,74.61727406957101,-0.016534625555266302,-0.016534625555266302,7,-3,-3
MMOT,test,official_detector,exposed exploratory retest,official detector,data30-9,deepocsort,H+V,cost_h_full_reassign,H,64.88011283497885,0.17630465444287324,0.21156558533145642,74.73385630381794,0.10004760869166773,0.11658223424693404,7,-3,0
MMOT,test,official_detector,exposed exploratory retest,official detector,data30-9,deepocsort,P-G,path_g,None,64.66854724964739,-0.035260930888583175,-0.035260930888583175,74.61727406957101,-0.016534625555266302,-0.016534625555266302,7,-3,-3
MMOT,test,official_detector,exposed exploratory retest,official detector,data30-9,deepocsort,P-G+V,path_g_full_reassign,P-G,64.88011283497885,0.17630465444287324,0.21156558533145642,74.73385630381794,0.10004760869166773,0.11658223424693404,7,-3,0
MMOT,test,official_detector,exposed exploratory retest,official detector,data30-9,ocsort,None,no_refinement,None,40.37867874048158,0.0,0.0,72.6332864112761,0.0,0.0,100,0,0
MMOT,test,official_detector,exposed exploratory retest,official detector,data30-9,ocsort,v1,ace_v1,None,42.395554640872604,2.016875900391021,2.016875900391021,73.4081963629709,0.774909951694795,0.774909951694795,59,-41,-41
MMOT,test,official_detector,exposed exploratory retest,official detector,data30-9,ocsort,H,cost_h,None,43.71269808602593,3.3340193455443483,3.3340193455443483,73.76570337476865,1.1324169634925454,1.1324169634925454,24,-76,-76
MMOT,test,official_detector,exposed exploratory retest,official detector,data30-9,ocsort,H+V,cost_h_full_reassign,H,43.424572957398645,3.0458942169170626,-0.2881251286272857,73.76511935120634,1.1318329399302343,-0.0005840235623111312,31,-69,7
MMOT,test,official_detector,exposed exploratory retest,official detector,data30-9,ocsort,P-G,path_g,None,43.54805515538177,3.169376414900185,3.169376414900185,73.79783798870051,1.1645515774244046,1.1645515774244046,28,-72,-72
MMOT,test,official_detector,exposed exploratory retest,official detector,data30-9,ocsort,P-G+V,path_g_full_reassign,P-G,43.424572957398645,3.0458942169170626,-0.12348219798312243,73.76511935120634,1.1318329399302343,-0.032718637494170366,31,-69,3
MMOT,test,official_detector,exposed exploratory retest,official detector,data31-1,bytetrack,None,no_refinement,None,3.5608308605341246,0.0,0.0,1.496381223012066,0.0,0.0,33,0,0
MMOT,test,official_detector,exposed exploratory retest,official detector,data31-1,bytetrack,v1,ace_v1,None,4.945598417408506,1.3847675568743818,1.3847675568743818,2.296705108763709,0.8003238857516428,0.8003238857516428,22,-11,-11
MMOT,test,official_detector,exposed exploratory retest,official detector,data31-1,bytetrack,H,cost_h,None,5.341246290801187,1.780415430267062,1.780415430267062,2.5894740660780124,1.0930928430659463,1.0930928430659463,20,-13,-13
MMOT,test,official_detector,exposed exploratory retest,official detector,data31-1,bytetrack,H+V,cost_h_full_reassign,H,5.341246290801187,1.780415430267062,0.0,2.5923583609122702,1.0959771379002041,0.0028842948342577834,20,-13,0
MMOT,test,official_detector,exposed exploratory retest,official detector,data31-1,bytetrack,P-G,path_g,None,5.341246290801187,1.780415430267062,1.780415430267062,2.5923583609122702,1.0959771379002041,1.0959771379002041,20,-13,-13
MMOT,test,official_detector,exposed exploratory retest,official detector,data31-1,bytetrack,P-G+V,path_g_full_reassign,P-G,5.341246290801187,1.780415430267062,0.0,2.5923583609122702,1.0959771379002041,0.0,20,-13,0
MMOT,test,official_detector,exposed exploratory retest,official detector,data31-1,deepocsort,None,no_refinement,None,51.51301900070373,0.0,0.0,42.30999864503476,0.0,0.0,2,0,0
MMOT,test,official_detector,exposed exploratory retest,official detector,data31-1,deepocsort,v1,ace_v1,None,51.51301900070373,0.0,0.0,42.30999864503476,0.0,0.0,2,0,0
MMOT,test,official_detector,exposed exploratory retest,official detector,data31-1,deepocsort,H,cost_h,None,51.51301900070373,0.0,0.0,42.30999864503476,0.0,0.0,2,0,0
MMOT,test,official_detector,exposed exploratory retest,official detector,data31-1,deepocsort,H+V,cost_h_full_reassign,H,51.51301900070373,0.0,0.0,42.30999864503476,0.0,0.0,2,0,0
MMOT,test,official_detector,exposed exploratory retest,official detector,data31-1,deepocsort,P-G,path_g,None,51.51301900070373,0.0,0.0,42.30999864503476,0.0,0.0,2,0,0
MMOT,test,official_detector,exposed exploratory retest,official detector,data31-1,deepocsort,P-G+V,path_g_full_reassign,P-G,51.51301900070373,0.0,0.0,42.30999864503476,0.0,0.0,2,0,0
MMOT,test,official_detector,exposed exploratory retest,official detector,data31-1,ocsort,None,no_refinement,None,2.2821576763485476,0.0,0.0,1.2205583483537041,0.0,0.0,14,0,0
MMOT,test,official_detector,exposed exploratory retest,official detector,data31-1,ocsort,v1,ace_v1,None,2.6970954356846475,0.4149377593360999,0.4149377593360999,1.5986210429358876,0.37806269458218345,0.37806269458218345,10,-4,-4
MMOT,test,official_detector,exposed exploratory retest,official detector,data31-1,ocsort,H,cost_h,None,2.6970954356846475,0.4149377593360999,0.4149377593360999,1.59842132144989,0.3778629730961858,0.3778629730961858,10,-4,-4
MMOT,test,official_detector,exposed exploratory retest,official detector,data31-1,ocsort,H+V,cost_h_full_reassign,H,2.6970954356846475,0.4149377593360999,0.0,1.5986210429358876,0.37806269458218345,0.0001997214859976726,10,-4,0
MMOT,test,official_detector,exposed exploratory retest,official detector,data31-1,ocsort,P-G,path_g,None,2.6970954356846475,0.4149377593360999,0.4149377593360999,1.59842132144989,0.3778629730961858,0.3778629730961858,10,-4,-4
MMOT,test,official_detector,exposed exploratory retest,official detector,data31-1,ocsort,P-G+V,path_g_full_reassign,P-G,2.6970954356846475,0.4149377593360999,0.0,1.5986210429358876,0.37806269458218345,0.0001997214859976726,10,-4,0
MMOT,test,official_detector,exposed exploratory retest,official detector,data33-1,bytetrack,None,no_refinement,None,8.961748633879782,0.0,0.0,4.080563430433854,0.0,0.0,107,0,0
MMOT,test,official_detector,exposed exploratory retest,official detector,data33-1,bytetrack,v1,ace_v1,None,15.300546448087433,6.33879781420765,6.33879781420765,6.676807225998845,2.596243795564991,2.596243795564991,67,-40,-40
MMOT,test,official_detector,exposed exploratory retest,official detector,data33-1,bytetrack,H,cost_h,None,18.14207650273224,9.180327868852459,9.180327868852459,8.31386018782946,4.233296757395607,4.233296757395607,58,-49,-49
MMOT,test,official_detector,exposed exploratory retest,official detector,data33-1,bytetrack,H+V,cost_h_full_reassign,H,16.830601092896174,7.8688524590163915,-1.311475409836067,7.2559277110257785,3.175364280591925,-1.057932476803682,62,-45,4
MMOT,test,official_detector,exposed exploratory retest,official detector,data33-1,bytetrack,P-G,path_g,None,18.14207650273224,9.180327868852459,9.180327868852459,7.968708054590672,3.8881446241568183,3.8881446241568183,58,-49,-49
MMOT,test,official_detector,exposed exploratory retest,official detector,data33-1,bytetrack,P-G+V,path_g_full_reassign,P-G,16.830601092896174,7.8688524590163915,-1.311475409836067,7.2559277110257785,3.175364280591925,-0.7127803435648934,62,-45,4
MMOT,test,official_detector,exposed exploratory retest,official detector,data33-1,deepocsort,None,no_refinement,None,62.531433361274104,0.0,0.0,41.01047287245909,0.0,0.0,17,0,0
MMOT,test,official_detector,exposed exploratory retest,official detector,data33-1,deepocsort,v1,ace_v1,None,76.78122380553228,14.249790444258174,14.249790444258174,53.6150650225016,12.604592150042507,12.604592150042507,10,-7,-7
MMOT,test,official_detector,exposed exploratory retest,official detector,data33-1,deepocsort,H,cost_h,None,76.78122380553228,14.249790444258174,14.249790444258174,53.6150650225016,12.604592150042507,12.604592150042507,10,-7,-7
MMOT,test,official_detector,exposed exploratory retest,official detector,data33-1,deepocsort,H+V,cost_h_full_reassign,H,76.78122380553228,14.249790444258174,0.0,53.6150650225016,12.604592150042507,0.0,10,-7,0
MMOT,test,official_detector,exposed exploratory retest,official detector,data33-1,deepocsort,P-G,path_g,None,76.78122380553228,14.249790444258174,14.249790444258174,53.6150650225016,12.604592150042507,12.604592150042507,10,-7,-7
MMOT,test,official_detector,exposed exploratory retest,official detector,data33-1,deepocsort,P-G+V,path_g_full_reassign,P-G,76.78122380553228,14.249790444258174,0.0,53.6150650225016,12.604592150042507,0.0,10,-7,0
MMOT,test,official_detector,exposed exploratory retest,official detector,data33-1,ocsort,None,no_refinement,None,6.738544474393531,0.0,0.0,6.153769032923195,0.0,0.0,24,0,0
MMOT,test,official_detector,exposed exploratory retest,official detector,data33-1,ocsort,v1,ace_v1,None,10.242587601078167,3.5040431266846364,3.5040431266846364,7.532466721865817,1.378697688942622,1.378697688942622,16,-8,-8
MMOT,test,official_detector,exposed exploratory retest,official detector,data33-1,ocsort,H,cost_h,None,10.242587601078167,3.5040431266846364,3.5040431266846364,7.532466721865817,1.378697688942622,1.378697688942622,16,-8,-8
MMOT,test,official_detector,exposed exploratory retest,official detector,data33-1,ocsort,H+V,cost_h_full_reassign,H,10.242587601078167,3.5040431266846364,0.0,7.532466721865817,1.378697688942622,0.0,16,-8,0
MMOT,test,official_detector,exposed exploratory retest,official detector,data33-1,ocsort,P-G,path_g,None,10.242587601078167,3.5040431266846364,3.5040431266846364,7.532466721865817,1.378697688942622,1.378697688942622,16,-8,-8
MMOT,test,official_detector,exposed exploratory retest,official detector,data33-1,ocsort,P-G+V,path_g_full_reassign,P-G,10.242587601078167,3.5040431266846364,0.0,7.532466721865817,1.378697688942622,0.0,16,-8,0
MMOT,test,official_detector,exposed exploratory retest,official detector,data34-1,bytetrack,None,no_refinement,None,8.161713452886382,0.0,0.0,7.060323315877161,0.0,0.0,2160,0,0
MMOT,test,official_detector,exposed exploratory retest,official detector,data34-1,bytetrack,v1,ace_v1,None,10.189468348013433,2.0277548951270514,2.0277548951270514,9.99764302979748,2.937319713920319,2.937319713920319,2085,-75,-75
MMOT,test,official_detector,exposed exploratory retest,official detector,data34-1,bytetrack,H,cost_h,None,11.710284519358723,3.5485710664723413,3.5485710664723413,10.557416738115736,3.4970934222385743,3.4970934222385743,2006,-154,-154
MMOT,test,official_detector,exposed exploratory retest,official detector,data34-1,bytetrack,H+V,cost_h_full_reassign,H,11.54552943412965,3.383815981243268,-0.16475508522907312,10.517763691185523,3.4574403753083622,-0.0396530469302121,2017,-143,11
MMOT,test,official_detector,exposed exploratory retest,official detector,data34-1,bytetrack,P-G,path_g,None,11.659590646980545,3.4978771940941638,3.4978771940941638,10.567613739682784,3.507290423805623,3.507290423805623,2003,-157,-157
MMOT,test,official_detector,exposed exploratory retest,official detector,data34-1,bytetrack,P-G+V,path_g_full_reassign,P-G,11.507509029846018,3.3457955769596364,-0.1520816171345274,10.48432782559897,3.424004509721808,-0.08328591408381492,2017,-143,14
MMOT,test,official_detector,exposed exploratory retest,official detector,data34-1,deepocsort,None,no_refinement,None,53.08590923188255,0.0,0.0,46.31864130575587,0.0,0.0,199,0,0
MMOT,test,official_detector,exposed exploratory retest,official detector,data34-1,deepocsort,v1,ace_v1,None,54.42985630104415,1.3439470691615938,1.3439470691615938,47.6407130674603,1.3220717617044286,1.3220717617044286,158,-41,-41
MMOT,test,official_detector,exposed exploratory retest,official detector,data34-1,deepocsort,H,cost_h,None,55.846169750852894,2.760260518970341,2.760260518970341,49.05187703385708,2.7332357281012136,2.7332357281012136,139,-60,-60
MMOT,test,official_detector,exposed exploratory retest,official detector,data34-1,deepocsort,H+V,cost_h_full_reassign,H,56.47679106792102,3.390881836038467,0.6306213170681261,49.76452261341871,3.4458813076628445,0.7126455795616309,151,-48,12
MMOT,test,official_detector,exposed exploratory retest,official detector,data34-1,deepocsort,P-G,path_g,None,56.073606947172536,2.9876977152899826,2.9876977152899826,49.51343582853852,3.194794522782651,3.194794522782651,141,-58,-58
MMOT,test,official_detector,exposed exploratory retest,official detector,data34-1,deepocsort,P-G+V,path_g_full_reassign,P-G,56.47679106792102,3.390881836038467,0.40318412074848453,49.76963255770666,3.4509912519507893,0.2561967291681384,153,-46,12
MMOT,test,official_detector,exposed exploratory retest,official detector,data34-1,ocsort,None,no_refinement,None,3.939873417721519,0.0,0.0,15.966745365053914,0.0,0.0,161,0,0
MMOT,test,official_detector,exposed exploratory retest,official detector,data34-1,ocsort,v1,ace_v1,None,4.351265822784811,0.41139240506329156,0.41139240506329156,17.895319686313705,1.9285743212597914,1.9285743212597914,129,-32,-32
MMOT,test,official_detector,exposed exploratory retest,official detector,data34-1,ocsort,H,cost_h,None,5.411392405063291,1.4715189873417716,1.4715189873417716,29.29509684220782,13.328351477153905,13.328351477153905,99,-62,-62
MMOT,test,official_detector,exposed exploratory retest,official detector,data34-1,ocsort,H+V,cost_h_full_reassign,H,4.90506329113924,0.9651898734177209,-0.5063291139240507,22.81906997554037,6.8523246104864555,-6.47602686666745,115,-46,16
MMOT,test,official_detector,exposed exploratory retest,official detector,data34-1,ocsort,P-G,path_g,None,5.253164556962026,1.3132911392405067,1.3132911392405067,27.22164734386872,11.254901978814807,11.254901978814807,103,-58,-58
MMOT,test,official_detector,exposed exploratory retest,official detector,data34-1,ocsort,P-G+V,path_g_full_reassign,P-G,4.90506329113924,0.9651898734177209,-0.3481012658227858,22.81906997554037,6.8523246104864555,-4.402577368328352,115,-46,12
MMOT,test,official_detector,exposed exploratory retest,official detector,data34-2,bytetrack,None,no_refinement,None,49.33621488113615,0.0,0.0,78.20376950148557,0.0,0.0,56,0,0
MMOT,test,official_detector,exposed exploratory retest,official detector,data34-2,bytetrack,v1,ace_v1,None,49.706699598641556,0.37048471750540557,0.37048471750540557,78.52986345157852,0.32609395009295383,0.32609395009295383,49,-7,-7
MMOT,test,official_detector,exposed exploratory retest,official detector,data34-2,bytetrack,H,cost_h,None,50.07718431614696,0.7409694350108111,0.7409694350108111,78.66743014508386,0.4636606435982884,0.4636606435982884,42,-14,-14
MMOT,test,official_detector,exposed exploratory retest,official detector,data34-2,bytetrack,H+V,cost_h_full_reassign,H,50.07718431614696,0.7409694350108111,0.0,78.6398195669083,0.4360500654227337,-0.02761057817555468,43,-13,1
MMOT,test,official_detector,exposed exploratory retest,official detector,data34-2,bytetrack,P-G,path_g,None,50.07718431614696,0.7409694350108111,0.7409694350108111,78.63609493539195,0.4323254339063851,0.4323254339063851,43,-13,-13
MMOT,test,official_detector,exposed exploratory retest,official detector,data34-2,bytetrack,P-G+V,path_g_full_reassign,P-G,50.07718431614696,0.7409694350108111,0.0,78.6398195669083,0.4360500654227337,0.003724631516348609,43,-13,0
MMOT,test,official_detector,exposed exploratory retest,official detector,data34-2,deepocsort,None,no_refinement,None,72.13710724487146,0.0,0.0,78.74529367348293,0.0,0.0,9,0,0
MMOT,test,official_detector,exposed exploratory retest,official detector,data34-2,deepocsort,v1,ace_v1,None,72.39678005712801,0.2596728122565537,0.2596728122565537,79.22807094045127,0.4827772669683412,0.4827772669683412,5,-4,-4
MMOT,test,official_detector,exposed exploratory retest,official detector,data34-2,deepocsort,H,cost_h,None,72.03323811996883,-0.10386912490263,-0.10386912490263,79.14892277950028,0.40362910601734825,0.40362910601734825,4,-5,-5
MMOT,test,official_detector,exposed exploratory retest,official detector,data34-2,deepocsort,H+V,cost_h_full_reassign,H,72.70838743183589,0.5712801869644295,0.6751493118670595,79.29122645044345,0.5459327769605125,0.1423036709431642,4,-5,0
MMOT,test,official_detector,exposed exploratory retest,official detector,data34-2,deepocsort,P-G,path_g,None,72.60451830693326,0.4674110620617995,0.4674110620617995,79.25088513703183,0.5055914635488961,0.5055914635488961,4,-5,-5
MMOT,test,official_detector,exposed exploratory retest,official detector,data34-2,deepocsort,P-G+V,path_g_full_reassign,P-G,72.70838743183589,0.5712801869644295,0.10386912490263,79.29122645044345,0.5459327769605125,0.0403413134116164,4,-5,0
MMOT,test,official_detector,exposed exploratory retest,official detector,data34-2,ocsort,None,no_refinement,None,48.335467349551855,0.0,0.0,90.84459846227159,0.0,0.0,5,0,0
MMOT,test,official_detector,exposed exploratory retest,official detector,data34-2,ocsort,v1,ace_v1,None,48.59154929577465,0.25608194622279257,0.25608194622279257,90.88455966683043,0.03996120455883556,0.03996120455883556,0,-5,-5
MMOT,test,official_detector,exposed exploratory retest,official detector,data34-2,ocsort,H,cost_h,None,48.59154929577465,0.25608194622279257,0.25608194622279257,90.88455966683043,0.03996120455883556,0.03996120455883556,0,-5,-5
MMOT,test,official_detector,exposed exploratory retest,official detector,data34-2,ocsort,H+V,cost_h_full_reassign,H,48.59154929577465,0.25608194622279257,0.0,90.88455966683043,0.03996120455883556,0.0,0,-5,0
MMOT,test,official_detector,exposed exploratory retest,official detector,data34-2,ocsort,P-G,path_g,None,48.59154929577465,0.25608194622279257,0.25608194622279257,90.88455966683043,0.03996120455883556,0.03996120455883556,0,-5,-5
MMOT,test,official_detector,exposed exploratory retest,official detector,data34-2,ocsort,P-G+V,path_g_full_reassign,P-G,48.59154929577465,0.25608194622279257,0.0,90.88455966683043,0.03996120455883556,0.0,0,-5,0
MMOT,test,official_detector,exposed exploratory retest,official detector,data34-3,bytetrack,None,no_refinement,None,8.869623207735913,0.0,0.0,15.275878732386298,0.0,0.0,157,0,0
MMOT,test,official_detector,exposed exploratory retest,official detector,data34-3,bytetrack,v1,ace_v1,None,9.669889963321108,0.800266755585195,0.800266755585195,18.043648767276434,2.7677700348901357,2.7677700348901357,143,-14,-14
MMOT,test,official_detector,exposed exploratory retest,official detector,data34-3,bytetrack,H,cost_h,None,9.80326775591864,0.9336445481827269,0.9336445481827269,18.2291727007809,2.9532939683946022,2.9532939683946022,130,-27,-27
MMOT,test,official_detector,exposed exploratory retest,official detector,data34-3,bytetrack,H+V,cost_h_full_reassign,H,9.536512170723574,0.6668889629876613,-0.2667555851950656,18.113220380828984,2.8373416484426865,-0.11595231995191568,138,-19,8
MMOT,test,official_detector,exposed exploratory retest,official detector,data34-3,bytetrack,P-G,path_g,None,9.469823274424808,0.6002000666888954,0.6002000666888954,18.091460861354868,2.81558212896857,2.81558212896857,138,-19,-19
MMOT,test,official_detector,exposed exploratory retest,official detector,data34-3,bytetrack,P-G+V,path_g_full_reassign,P-G,9.536512170723574,0.6668889629876613,0.06668889629876595,18.107322473702737,2.8314437413164395,0.015861612347869425,139,-18,1
MMOT,test,official_detector,exposed exploratory retest,official detector,data34-3,deepocsort,None,no_refinement,None,46.99777613046701,0.0,0.0,47.48323128663799,0.0,0.0,63,0,0
MMOT,test,official_detector,exposed exploratory retest,official detector,data34-3,deepocsort,v1,ace_v1,None,47.096614776377564,0.09883864591055413,0.09883864591055413,47.24540151709438,-0.2378297695436089,-0.2378297695436089,56,-7,-7
MMOT,test,official_detector,exposed exploratory retest,official detector,data34-3,deepocsort,H,cost_h,None,47.24487274524339,0.24709661477638178,0.24709661477638178,47.49941692559577,0.016185638957779247,0.016185638957779247,43,-20,-20
MMOT,test,official_detector,exposed exploratory retest,official detector,data34-3,deepocsort,H+V,cost_h_full_reassign,H,47.343711391153946,0.3459352606869359,0.09883864591055413,47.88178810552142,0.39855681888343497,0.3823711799256557,48,-15,5
MMOT,test,official_detector,exposed exploratory retest,official detector,data34-3,deepocsort,P-G,path_g,None,46.70126019273536,-0.2965159377316482,-0.2965159377316482,47.426478939801726,-0.05675234683626229,-0.05675234683626229,46,-17,-17
MMOT,test,official_detector,exposed exploratory retest,official detector,data34-3,deepocsort,P-G+V,path_g_full_reassign,P-G,47.343711391153946,0.3459352606869359,0.6424511984185841,47.92711046267346,0.4438791760354732,0.5006315228717355,48,-15,2
MMOT,test,official_detector,exposed exploratory retest,official detector,data34-3,ocsort,None,no_refinement,None,7.200847158489234,0.0,0.0,20.576427602629018,0.0,0.0,75,0,0
MMOT,test,official_detector,exposed exploratory retest,official detector,data34-3,ocsort,v1,ace_v1,None,7.765619484645252,0.5647723261560182,0.5647723261560182,20.754050902334008,0.17762329970499025,0.17762329970499025,65,-10,-10
MMOT,test,official_detector,exposed exploratory retest,official detector,data34-3,ocsort,H,cost_h,None,10.942463819272856,3.741616660783622,3.741616660783622,23.521962752241308,2.94553514961229,2.94553514961229,18,-57,-57
MMOT,test,official_detector,exposed exploratory retest,official detector,data34-3,ocsort,H+V,cost_h_full_reassign,H,10.307094952347335,3.106247793858101,-0.6353688669255213,22.859667607751565,2.283240005122547,-0.6622951444897431,29,-46,11
MMOT,test,official_detector,exposed exploratory retest,official detector,data34-3,ocsort,P-G,path_g,None,10.377691493116838,3.1768443346276047,3.1768443346276047,23.200110336352513,2.623682733723495,2.623682733723495,26,-49,-49
MMOT,test,official_detector,exposed exploratory retest,official detector,data34-3,ocsort,P-G+V,path_g_full_reassign,P-G,10.307094952347335,3.106247793858101,-0.07059654076950395,22.859667607751565,2.283240005122547,-0.34044272860094793,29,-46,3
MMOT,test,official_detector,exposed exploratory retest,official detector,data36-10,bytetrack,None,no_refinement,None,38.180748872770046,0.0,0.0,64.28707751699794,0.0,0.0,537,0,0
MMOT,test,official_detector,exposed exploratory retest,official detector,data36-10,bytetrack,v1,ace_v1,None,38.04744167810233,-0.13330719466771512,-0.13330719466771512,63.1953618597478,-1.0917156572501412,-1.0917156572501412,484,-53,-53
MMOT,test,official_detector,exposed exploratory retest,official detector,data36-10,bytetrack,H,cost_h,None,37.969025681238975,-0.2117231915310711,-0.2117231915310711,63.16697200602949,-1.1201055109684503,-1.1201055109684503,453,-84,-84
MMOT,test,official_detector,exposed exploratory retest,official detector,data36-10,bytetrack,H+V,cost_h_full_reassign,H,38.1493824740247,-0.03136639874534808,0.18035679278572303,63.18806405517181,-1.0990134618261322,0.021092049142318103,456,-81,3
MMOT,test,official_detector,exposed exploratory retest,official detector,data36-10,bytetrack,P-G,path_g,None,38.039600078415994,-0.14114879435405214,-0.14114879435405214,63.18503815952249,-1.102039357475448,-1.102039357475448,452,-85,-85
MMOT,test,official_detector,exposed exploratory retest,official detector,data36-10,bytetrack,P-G+V,path_g_full_reassign,P-G,38.1493824740247,-0.03136639874534808,0.10978239560870406,63.18836171547988,-1.0987158015180611,0.003323555957386759,456,-81,4
MMOT,test,official_detector,exposed exploratory retest,official detector,data36-10,deepocsort,None,no_refinement,None,67.92583064035391,0.0,0.0,70.77116201592662,0.0,0.0,150,0,0
MMOT,test,official_detector,exposed exploratory retest,official detector,data36-10,deepocsort,v1,ace_v1,None,66.97204530480344,-0.9537853355504637,-0.9537853355504637,69.44003299475456,-1.3311290211720603,-1.3311290211720603,135,-15,-15
MMOT,test,official_detector,exposed exploratory retest,official detector,data36-10,deepocsort,H,cost_h,None,65.71706460013176,-2.2087660402221445,-2.2087660402221445,68.77129306234607,-1.9998689535805454,-1.9998689535805454,123,-27,-27
MMOT,test,official_detector,exposed exploratory retest,official detector,data36-10,deepocsort,H+V,cost_h_full_reassign,H,67.84425689455024,-0.0815737458036665,2.127192294418478,70.29391165856518,-0.4772503573614415,1.522618596219104,121,-29,-2
MMOT,test,official_detector,exposed exploratory retest,official detector,data36-10,deepocsort,P-G,path_g,None,66.28180591723402,-1.644024723119884,-1.644024723119884,69.12863161736541,-1.642530398561206,-1.642530398561206,123,-27,-27
MMOT,test,official_detector,exposed exploratory retest,official detector,data36-10,deepocsort,P-G+V,path_g_full_reassign,P-G,67.84425689455024,-0.0815737458036665,1.5624509773162174,70.29391165856518,-0.4772503573614415,1.1652800411997646,121,-29,-2
MMOT,test,official_detector,exposed exploratory retest,official detector,data36-10,ocsort,None,no_refinement,None,39.46896888744095,0.0,0.0,83.60880090077048,0.0,0.0,125,0,0
MMOT,test,official_detector,exposed exploratory retest,official detector,data36-10,ocsort,v1,ace_v1,None,39.45267958950969,-0.016289297931258773,-0.016289297931258773,82.25506646844264,-1.3537344323278404,-1.3537344323278404,68,-57,-57
MMOT,test,official_detector,exposed exploratory retest,official detector,data36-10,ocsort,H,cost_h,None,39.607427919856654,0.13845903241570312,0.13845903241570312,82.4201051243663,-1.188695776404174,-1.188695776404174,47,-78,-78
MMOT,test,official_detector,exposed exploratory retest,official detector,data36-10,ocsort,H+V,cost_h_full_reassign,H,39.59928327089102,0.13031438345007018,-0.008144648965632939,82.40212386895985,-1.206677031810628,-0.01798125540645401,52,-73,5
MMOT,test,official_detector,exposed exploratory retest,official detector,data36-10,ocsort,P-G,path_g,None,39.62371721778791,0.1547483303469619,0.1547483303469619,82.41805042760816,-1.1907504731623106,-1.1907504731623106,47,-78,-78
MMOT,test,official_detector,exposed exploratory retest,official detector,data36-10,ocsort,P-G+V,path_g_full_reassign,P-G,39.59928327089102,0.13031438345007018,-0.02443394689689171,82.40212386895985,-1.206677031810628,-0.01592655864831727,52,-73,5
MMOT,test,official_detector,exposed exploratory retest,official detector,data36-11,bytetrack,None,no_refinement,None,40.909090909090914,0.0,0.0,72.33360659411744,0.0,0.0,96,0,0
MMOT,test,official_detector,exposed exploratory retest,official detector,data36-11,bytetrack,v1,ace_v1,None,40.943139257746,0.03404834865508377,0.03404834865508377,71.97685716043473,-0.3567494336827082,-0.3567494336827082,90,-6,-6
MMOT,test,official_detector,exposed exploratory retest,official detector,data36-11,bytetrack,H,cost_h,None,40.994211780728634,0.08512087163772009,0.08512087163772009,72.09513872593286,-0.23846786818458554,-0.23846786818458554,85,-11,-11
MMOT,test,official_detector,exposed exploratory retest,official detector,data36-11,bytetrack,H+V,cost_h_full_reassign,H,41.01123595505618,0.10214504596526552,0.017024174327545438,72.09789215783861,-0.23571443627882616,0.002753431905759385,87,-9,2
MMOT,test,official_detector,exposed exploratory retest,official detector,data36-11,bytetrack,P-G,path_g,None,40.994211780728634,0.08512087163772009,0.08512087163772009,72.0994617600062,-0.234144834111234,-0.234144834111234,84,-12,-12
MMOT,test,official_detector,exposed exploratory retest,official detector,data36-11,bytetrack,P-G+V,path_g_full_reassign,P-G,41.01123595505618,0.10214504596526552,0.017024174327545438,72.09789215783861,-0.23571443627882616,-0.0015696021675921656,87,-9,3
MMOT,test,official_detector,exposed exploratory retest,official detector,data36-11,deepocsort,None,no_refinement,None,61.864711379483865,0.0,0.0,74.7080777755922,0.0,0.0,43,0,0
MMOT,test,official_detector,exposed exploratory retest,official detector,data36-11,deepocsort,v1,ace_v1,None,60.915822011357925,-0.9488893681259398,-0.9488893681259398,74.33985910211304,-0.3682186734791628,-0.3682186734791628,41,-2,-2
MMOT,test,official_detector,exposed exploratory retest,official detector,data36-11,deepocsort,H,cost_h,None,60.62827977859248,-1.236431600891386,-1.236431600891386,74.25114303721824,-0.4569347383739597,-0.4569347383739597,41,-2,-2
MMOT,test,official_detector,exposed exploratory retest,official detector,data36-11,deepocsort,H+V,cost_h_full_reassign,H,61.63467759327151,-0.2300337862123527,1.0063978146790333,74.6258168405088,-0.08226093508339716,0.37467380329056255,40,-3,-1
MMOT,test,official_detector,exposed exploratory retest,official detector,data36-11,deepocsort,P-G,path_g,None,60.58514844367766,-1.2795629358062044,-1.2795629358062044,74.26386252684219,-0.4442152487500124,-0.4442152487500124,40,-3,-3
MMOT,test,official_detector,exposed exploratory retest,official detector,data36-11,deepocsort,P-G+V,path_g_full_reassign,P-G,61.63467759327151,-0.2300337862123527,1.0495291495938517,74.6258168405088,-0.08226093508339716,0.36195431366661523,40,-3,0
MMOT,test,official_detector,exposed exploratory retest,official detector,data36-11,ocsort,None,no_refinement,None,41.14520829761701,0.0,0.0,80.20502844506254,0.0,0.0,127,0,0
MMOT,test,official_detector,exposed exploratory retest,official detector,data36-11,ocsort,v1,ace_v1,None,41.77953025887193,0.6343219612549191,0.6343219612549191,80.36577314280846,0.16074469774592615,0.16074469774592615,84,-43,-43
MMOT,test,official_detector,exposed exploratory retest,official detector,data36-11,ocsort,H,cost_h,None,42.791016629521685,1.645808331904675,1.645808331904675,80.62063272090363,0.4156042758410905,0.4156042758410905,24,-103,-103
MMOT,test,official_detector,exposed exploratory retest,official detector,data36-11,ocsort,H+V,cost_h_full_reassign,H,42.5852905880336,1.4400822904165906,-0.20572604148808438,80.5651653942821,0.36013694921956585,-0.05546732662152465,38,-89,14
MMOT,test,official_detector,exposed exploratory retest,official detector,data36-11,ocsort,P-G,path_g,None,42.68815360877765,1.5429453111606364,1.5429453111606364,80.58538973662812,0.38036129156557763,0.38036129156557763,31,-96,-96
MMOT,test,official_detector,exposed exploratory retest,official detector,data36-11,ocsort,P-G+V,path_g_full_reassign,P-G,42.5852905880336,1.4400822904165906,-0.10286302074404574,80.5651653942821,0.36013694921956585,-0.02022434234601178,38,-89,7
MMOT,test,official_detector,exposed exploratory retest,official detector,data36-12,bytetrack,None,no_refinement,None,52.95950155763239,0.0,0.0,55.344453711345885,0.0,0.0,46,0,0
MMOT,test,official_detector,exposed exploratory retest,official detector,data36-12,bytetrack,v1,ace_v1,None,52.80373831775701,-0.15576323987538387,-0.15576323987538387,54.37676510177576,-0.9676886095701249,-0.9676886095701249,38,-8,-8
MMOT,test,official_detector,exposed exploratory retest,official detector,data36-12,bytetrack,H,cost_h,None,52.80373831775701,-0.15576323987538387,-0.15576323987538387,54.111613708635495,-1.2328400027103896,-1.2328400027103896,38,-8,-8
MMOT,test,official_detector,exposed exploratory retest,official detector,data36-12,bytetrack,H+V,cost_h_full_reassign,H,52.80373831775701,-0.15576323987538387,0.0,54.223209842117406,-1.1212438692284792,0.11159613348191044,38,-8,0
MMOT,test,official_detector,exposed exploratory retest,official detector,data36-12,bytetrack,P-G,path_g,None,52.80373831775701,-0.15576323987538387,-0.15576323987538387,54.111613708635495,-1.2328400027103896,-1.2328400027103896,38,-8,-8
MMOT,test,official_detector,exposed exploratory retest,official detector,data36-12,bytetrack,P-G+V,path_g_full_reassign,P-G,52.80373831775701,-0.15576323987538387,0.0,54.223209842117406,-1.1212438692284792,0.11159613348191044,38,-8,0
MMOT,test,official_detector,exposed exploratory retest,official detector,data36-12,deepocsort,None,no_refinement,None,66.8411330049261,0.0,0.0,79.47719179722256,0.0,0.0,4,0,0
MMOT,test,official_detector,exposed exploratory retest,official detector,data36-12,deepocsort,v1,ace_v1,None,66.7795566502463,-0.061576354679800716,-0.061576354679800716,79.46617430256372,-0.011017494658844385,-0.011017494658844385,4,0,0
MMOT,test,official_detector,exposed exploratory retest,official detector,data36-12,deepocsort,H,cost_h,None,66.7795566502463,-0.061576354679800716,-0.061576354679800716,79.46617430256372,-0.011017494658844385,-0.011017494658844385,4,0,0
MMOT,test,official_detector,exposed exploratory retest,official detector,data36-12,deepocsort,H+V,cost_h_full_reassign,H,66.8411330049261,0.0,0.061576354679800716,79.47719179722256,0.0,0.011017494658844385,4,0,0
MMOT,test,official_detector,exposed exploratory retest,official detector,data36-12,deepocsort,P-G,path_g,None,66.7795566502463,-0.061576354679800716,-0.061576354679800716,79.46617430256372,-0.011017494658844385,-0.011017494658844385,4,0,0
MMOT,test,official_detector,exposed exploratory retest,official detector,data36-12,deepocsort,P-G+V,path_g_full_reassign,P-G,66.8411330049261,0.0,0.061576354679800716,79.47719179722256,0.0,0.011017494658844385,4,0,0
MMOT,test,official_detector,exposed exploratory retest,official detector,data36-12,ocsort,None,no_refinement,None,53.519340519974634,0.0,0.0,62.33181831349863,0.0,0.0,45,0,0
MMOT,test,official_detector,exposed exploratory retest,official detector,data36-12,ocsort,v1,ace_v1,None,53.804692454026636,0.2853519340520023,0.2853519340520023,62.43517887420793,0.103360560709298,0.103360560709298,38,-7,-7
MMOT,test,official_detector,exposed exploratory retest,official detector,data36-12,ocsort,H,cost_h,None,53.868103994927075,0.34876347495244175,0.34876347495244175,62.43725199734339,0.10543368384475826,0.10543368384475826,36,-9,-9
MMOT,test,official_detector,exposed exploratory retest,official detector,data36-12,ocsort,H+V,cost_h_full_reassign,H,53.868103994927075,0.34876347495244175,0.0,62.43725881550341,0.10544050200478239,6.818160024124609e-06,36,-9,0
MMOT,test,official_detector,exposed exploratory retest,official detector,data36-12,ocsort,P-G,path_g,None,53.868103994927075,0.34876347495244175,0.34876347495244175,62.43725199734339,0.10543368384475826,0.10543368384475826,36,-9,-9
MMOT,test,official_detector,exposed exploratory retest,official detector,data36-12,ocsort,P-G+V,path_g_full_reassign,P-G,53.868103994927075,0.34876347495244175,0.0,62.43725881550341,0.10544050200478239,6.818160024124609e-06,36,-9,0
MMOT,test,official_detector,exposed exploratory retest,official detector,data36-13,bytetrack,None,no_refinement,None,67.60744066709428,0.0,0.0,62.19488691733709,0.0,0.0,37,0,0
MMOT,test,official_detector,exposed exploratory retest,official detector,data36-13,bytetrack,v1,ace_v1,None,70.87876844130852,3.2713277742142424,3.2713277742142424,64.51071978152885,2.315832864191762,2.315832864191762,28,-9,-9
MMOT,test,official_detector,exposed exploratory retest,official detector,data36-13,bytetrack,H,cost_h,None,71.8409236690186,4.233483001924313,4.233483001924313,66.41566183654693,4.220774919209845,4.220774919209845,24,-13,-13
MMOT,test,official_detector,exposed exploratory retest,official detector,data36-13,bytetrack,H+V,cost_h_full_reassign,H,71.8409236690186,4.233483001924313,0.0,66.41566183654693,4.220774919209845,0.0,24,-13,0
MMOT,test,official_detector,exposed exploratory retest,official detector,data36-13,bytetrack,P-G,path_g,None,71.8409236690186,4.233483001924313,4.233483001924313,66.41566183654693,4.220774919209845,4.220774919209845,24,-13,-13
MMOT,test,official_detector,exposed exploratory retest,official detector,data36-13,bytetrack,P-G+V,path_g_full_reassign,P-G,71.8409236690186,4.233483001924313,0.0,66.41566183654693,4.220774919209845,0.0,24,-13,0
MMOT,test,official_detector,exposed exploratory retest,official detector,data36-13,deepocsort,None,no_refinement,None,78.8510101010101,0.0,0.0,82.32560521620405,0.0,0.0,9,0,0
MMOT,test,official_detector,exposed exploratory retest,official detector,data36-13,deepocsort,v1,ace_v1,None,80.3030303030303,1.4520202020201936,1.4520202020201936,84.31209552400283,1.9864903077987748,1.9864903077987748,6,-3,-3
MMOT,test,official_detector,exposed exploratory retest,official detector,data36-13,deepocsort,H,cost_h,None,80.36616161616162,1.5151515151515156,1.5151515151515156,84.31844551760021,1.992840301396157,1.992840301396157,5,-4,-4
MMOT,test,official_detector,exposed exploratory retest,official detector,data36-13,deepocsort,H+V,cost_h_full_reassign,H,80.36616161616162,1.5151515151515156,0.0,84.31844551760021,1.992840301396157,0.0,5,-4,0
MMOT,test,official_detector,exposed exploratory retest,official detector,data36-13,deepocsort,P-G,path_g,None,80.36616161616162,1.5151515151515156,1.5151515151515156,84.31844551760021,1.992840301396157,1.992840301396157,5,-4,-4
MMOT,test,official_detector,exposed exploratory retest,official detector,data36-13,deepocsort,P-G+V,path_g_full_reassign,P-G,80.36616161616162,1.5151515151515156,0.0,84.31844551760021,1.992840301396157,0.0,5,-4,0
MMOT,test,official_detector,exposed exploratory retest,official detector,data36-13,ocsort,None,no_refinement,None,69.18813172481252,0.0,0.0,75.68135326138518,0.0,0.0,23,0,0
MMOT,test,official_detector,exposed exploratory retest,official detector,data36-13,ocsort,v1,ace_v1,None,69.44897293772416,0.2608412129116431,0.2608412129116431,75.28010462220755,-0.40124863917763776,-0.40124863917763776,19,-4,-4
MMOT,test,official_detector,exposed exploratory retest,official detector,data36-13,ocsort,H,cost_h,None,70.10107597000325,0.9129442451907295,0.9129442451907295,76.97814684382422,1.2967935824390366,1.2967935824390366,17,-6,-6
MMOT,test,official_detector,exposed exploratory retest,official detector,data36-13,ocsort,H+V,cost_h_full_reassign,H,70.10107597000325,0.9129442451907295,0.0,76.97439980786443,1.2930465464792462,-0.0037470359597904235,17,-6,0
MMOT,test,official_detector,exposed exploratory retest,official detector,data36-13,ocsort,P-G,path_g,None,70.10107597000325,0.9129442451907295,0.9129442451907295,76.97814684382422,1.2967935824390366,1.2967935824390366,17,-6,-6
MMOT,test,official_detector,exposed exploratory retest,official detector,data36-13,ocsort,P-G+V,path_g_full_reassign,P-G,70.10107597000325,0.9129442451907295,0.0,76.97439980786443,1.2930465464792462,-0.0037470359597904235,17,-6,0
MMOT,test,official_detector,exposed exploratory retest,official detector,data36-4,bytetrack,None,no_refinement,None,41.82449181953396,0.0,0.0,43.77632039260631,0.0,0.0,836,0,0
MMOT,test,official_detector,exposed exploratory retest,official detector,data36-4,bytetrack,v1,ace_v1,None,45.880019831432826,4.055528011898865,4.055528011898865,48.045929482390754,4.269609089784446,4.269609089784446,633,-203,-203
MMOT,test,official_detector,exposed exploratory retest,official detector,data36-4,bytetrack,H,cost_h,None,47.39712444224095,5.5726326227069904,5.5726326227069904,48.84716757786668,5.070847185260369,5.070847185260369,546,-290,-290
MMOT,test,official_detector,exposed exploratory retest,official detector,data36-4,bytetrack,H+V,cost_h_full_reassign,H,47.50619732275657,5.681705503222609,0.10907288051561892,48.88627905761325,5.109958665006943,0.03911147974657325,545,-291,-1
MMOT,test,official_detector,exposed exploratory retest,official detector,data36-4,bytetrack,P-G,path_g,None,47.5359444719881,5.711452652454142,5.711452652454142,48.87979039530105,5.103470002694742,5.103470002694742,534,-302,-302
MMOT,test,official_detector,exposed exploratory retest,official detector,data36-4,bytetrack,P-G+V,path_g_full_reassign,P-G,47.46653445711453,5.642042637580566,-0.06941001487357568,48.85254953376612,5.076229141159814,-0.027240861534927774,547,-289,13
MMOT,test,official_detector,exposed exploratory retest,official detector,data36-4,deepocsort,None,no_refinement,None,75.36068138362594,0.0,0.0,71.79749529984699,0.0,0.0,66,0,0
MMOT,test,official_detector,exposed exploratory retest,official detector,data36-4,deepocsort,v1,ace_v1,None,76.05597079784461,0.6952894142186636,0.6952894142186636,72.25345866664395,0.4559633667969649,0.4559633667969649,49,-17,-17
MMOT,test,official_detector,exposed exploratory retest,official detector,data36-4,deepocsort,H,cost_h,None,76.24717538675473,0.8864940031287887,0.8864940031287887,72.69581874961351,0.8983234497665222,0.8983234497665222,42,-24,-24
MMOT,test,official_detector,exposed exploratory retest,official detector,data36-4,deepocsort,H+V,cost_h_full_reassign,H,76.238484269077,0.8778028854510609,-0.008691117677727789,72.69953359757014,0.902038297723152,0.0037148479566297965,42,-24,0
MMOT,test,official_detector,exposed exploratory retest,official detector,data36-4,deepocsort,P-G,path_g,None,76.22110203372154,0.8604206500955911,0.8604206500955911,72.68467297651341,0.8871776766664254,0.8871776766664254,42,-24,-24
MMOT,test,official_detector,exposed exploratory retest,official detector,data36-4,deepocsort,P-G+V,path_g_full_reassign,P-G,76.238484269077,0.8778028854510609,0.01738223535546979,72.69953359757014,0.902038297723152,0.014860621056726586,42,-24,0
MMOT,test,official_detector,exposed exploratory retest,official detector,data36-4,ocsort,None,no_refinement,None,38.296726959517656,0.0,0.0,47.31436408051006,0.0,0.0,320,0,0
MMOT,test,official_detector,exposed exploratory retest,official detector,data36-4,ocsort,v1,ace_v1,None,39.66408268733851,1.3673557278208506,1.3673557278208506,47.686257107723804,0.3718930272137442,0.3718930272137442,234,-86,-86
MMOT,test,official_detector,exposed exploratory retest,official detector,data36-4,ocsort,H,cost_h,None,40.36391042204996,2.067183462532306,2.067183462532306,48.139979537352254,0.8256154568421934,0.8256154568421934,195,-125,-125
MMOT,test,official_detector,exposed exploratory retest,official detector,data36-4,ocsort,H+V,cost_h_full_reassign,H,40.36391042204996,2.067183462532306,0.0,48.13552301811691,0.8211589376068531,-0.004456519235340295,198,-122,3
MMOT,test,official_detector,exposed exploratory retest,official detector,data36-4,ocsort,P-G,path_g,None,40.36391042204996,2.067183462532306,2.067183462532306,48.14117615069293,0.8268120701828678,0.8268120701828678,194,-126,-126
MMOT,test,official_detector,exposed exploratory retest,official detector,data36-4,ocsort,P-G+V,path_g_full_reassign,P-G,40.36391042204996,2.067183462532306,0.0,48.13552301811691,0.8211589376068531,-0.005653132576014741,198,-122,4
MMOT,test,official_detector,exposed exploratory retest,official detector,data36-5,bytetrack,None,no_refinement,None,62.969724631066484,0.0,0.0,65.48585848632003,0.0,0.0,367,0,0
MMOT,test,official_detector,exposed exploratory retest,official detector,data36-5,bytetrack,v1,ace_v1,None,65.72341396622546,2.753689335158981,2.753689335158981,67.73697430130075,2.2511158149807216,2.2511158149807216,301,-66,-66
MMOT,test,official_detector,exposed exploratory retest,official detector,data36-5,bytetrack,H,cost_h,None,66.21025406967898,3.240529438612498,3.240529438612498,67.79968789254917,2.3138294062291465,2.3138294062291465,288,-79,-79
MMOT,test,official_detector,exposed exploratory retest,official detector,data36-5,bytetrack,H+V,cost_h_full_reassign,H,66.21025406967898,3.240529438612498,0.0,67.7595359107043,2.2736774243842746,-0.0401519818448719,282,-85,-6
MMOT,test,official_detector,exposed exploratory retest,official detector,data36-5,bytetrack,P-G,path_g,None,66.33196409554238,3.3622394644758913,3.3622394644758913,67.78462601253484,2.2987675262148173,2.2987675262148173,276,-91,-91
MMOT,test,official_detector,exposed exploratory retest,official detector,data36-5,bytetrack,P-G+V,path_g_full_reassign,P-G,66.21025406967898,3.240529438612498,-0.12171002586339341,67.7595359107043,2.2736774243842746,-0.02509010183054272,282,-85,6
MMOT,test,official_detector,exposed exploratory retest,official detector,data36-5,deepocsort,None,no_refinement,None,83.90169819135718,0.0,0.0,81.2194112226694,0.0,0.0,13,0,0
MMOT,test,official_detector,exposed exploratory retest,official detector,data36-5,deepocsort,v1,ace_v1,None,84.26066547010907,0.3589672787518907,0.3589672787518907,81.53865693942895,0.3192457167595535,0.3192457167595535,11,-2,-2
MMOT,test,official_detector,exposed exploratory retest,official detector,data36-5,deepocsort,H,cost_h,None,84.26066547010907,0.3589672787518907,0.3589672787518907,81.5491673779749,0.3297561553055033,0.3297561553055033,11,-2,-2
MMOT,test,official_detector,exposed exploratory retest,official detector,data36-5,deepocsort,H+V,cost_h_full_reassign,H,84.26066547010907,0.3589672787518907,0.0,81.5491673779749,0.3297561553055033,0.0,11,-2,0
MMOT,test,official_detector,exposed exploratory retest,official detector,data36-5,deepocsort,P-G,path_g,None,84.26066547010907,0.3589672787518907,0.3589672787518907,81.5491673779749,0.3297561553055033,0.3297561553055033,11,-2,-2
MMOT,test,official_detector,exposed exploratory retest,official detector,data36-5,deepocsort,P-G+V,path_g_full_reassign,P-G,84.26066547010907,0.3589672787518907,0.0,81.5491673779749,0.3297561553055033,0.0,11,-2,0
MMOT,test,official_detector,exposed exploratory retest,official detector,data36-5,ocsort,None,no_refinement,None,63.46138613861386,0.0,0.0,73.62507183642151,0.0,0.0,169,0,0
MMOT,test,official_detector,exposed exploratory retest,official detector,data36-5,ocsort,v1,ace_v1,None,64.66534653465347,1.203960396039605,1.203960396039605,74.69268057876103,1.067608742339516,1.067608742339516,131,-38,-38
MMOT,test,official_detector,exposed exploratory retest,official detector,data36-5,ocsort,H,cost_h,None,64.90297029702971,1.44158415841585,1.44158415841585,74.64208193066204,1.0170100942405327,1.0170100942405327,102,-67,-67
MMOT,test,official_detector,exposed exploratory retest,official detector,data36-5,ocsort,H+V,cost_h_full_reassign,H,64.93465346534654,1.4732673267326817,0.03168316831683171,74.66232959638921,1.0372577599677015,0.02024766572716885,107,-62,5
MMOT,test,official_detector,exposed exploratory retest,official detector,data36-5,ocsort,P-G,path_g,None,64.90297029702971,1.44158415841585,1.44158415841585,74.63816660812275,1.0130947717012333,1.0130947717012333,104,-65,-65
MMOT,test,official_detector,exposed exploratory retest,official detector,data36-5,ocsort,P-G+V,path_g_full_reassign,P-G,64.93465346534654,1.4732673267326817,0.03168316831683171,74.66232959638921,1.0372577599677015,0.024162988266468233,107,-62,3
MMOT,test,official_detector,exposed exploratory retest,official detector,data37-1,bytetrack,None,no_refinement,None,50.88413607275177,0.0,0.0,47.459935869035576,0.0,0.0,658,0,0
MMOT,test,official_detector,exposed exploratory retest,official detector,data37-1,bytetrack,v1,ace_v1,None,53.738632536207476,2.8544964634557033,2.8544964634557033,49.904857196945315,2.4449213279097393,2.4449213279097393,563,-95,-95
MMOT,test,official_detector,exposed exploratory retest,official detector,data37-1,bytetrack,H,cost_h,None,54.277534523408555,3.3933984506567825,3.3933984506567825,50.110526210144904,2.6505903411093286,2.6505903411093286,491,-167,-167
MMOT,test,official_detector,exposed exploratory retest,official detector,data37-1,bytetrack,H+V,cost_h_full_reassign,H,54.1007073088582,3.216571236106425,-0.17682721455035733,50.04452482720379,2.5845889581682115,-0.06600138294111701,505,-153,14
MMOT,test,official_detector,exposed exploratory retest,official detector,data37-1,bytetrack,P-G,path_g,None,54.260693836308526,3.376557763556754,3.376557763556754,50.0747978246445,2.614861955608923,2.614861955608923,494,-164,-164
MMOT,test,official_detector,exposed exploratory retest,official detector,data37-1,bytetrack,P-G+V,path_g_full_reassign,P-G,54.07544627820815,3.191310205456375,-0.18524755810037874,50.041388309994,2.5814524409584223,-0.03340951465050068,504,-154,10
MMOT,test,official_detector,exposed exploratory retest,official detector,data37-1,deepocsort,None,no_refinement,None,75.45356241739756,0.0,0.0,77.0966807266176,0.0,0.0,52,0,0
MMOT,test,official_detector,exposed exploratory retest,official detector,data37-1,deepocsort,v1,ace_v1,None,76.40674436301013,0.9531819456125703,0.9531819456125703,77.73110865963895,0.6344279330213425,0.6344279330213425,37,-15,-15
MMOT,test,official_detector,exposed exploratory retest,official detector,data37-1,deepocsort,H,cost_h,None,76.62301253554408,1.1694501181465142,1.1694501181465142,77.90823825993346,0.8115575333158489,0.8115575333158489,37,-15,-15
MMOT,test,official_detector,exposed exploratory retest,official detector,data37-1,deepocsort,H+V,cost_h_full_reassign,H,76.77520124954944,1.3216388321518764,0.15218871400536216,77.98674692300047,0.8900661963828611,0.07850866306701221,37,-15,0
MMOT,test,official_detector,exposed exploratory retest,official detector,data37-1,deepocsort,P-G,path_g,None,76.59898273859585,1.1454203211982872,1.1454203211982872,77.88296464726989,0.7862839206522807,0.7862839206522807,36,-16,-16
MMOT,test,official_detector,exposed exploratory retest,official detector,data37-1,deepocsort,P-G+V,path_g_full_reassign,P-G,76.77520124954944,1.3216388321518764,0.1762185109535892,77.98674692300047,0.8900661963828611,0.10378227573058041,37,-15,1
MMOT,test,official_detector,exposed exploratory retest,official detector,data37-1,ocsort,None,no_refinement,None,53.089674277288765,0.0,0.0,57.95211226132678,0.0,0.0,334,0,0
MMOT,test,official_detector,exposed exploratory retest,official detector,data37-1,ocsort,v1,ace_v1,None,55.386265135606095,2.2965908583173302,2.2965908583173302,60.418084255160174,2.465971993833392,2.465971993833392,259,-75,-75
MMOT,test,official_detector,exposed exploratory retest,official detector,data37-1,ocsort,H,cost_h,None,55.752647334792904,2.6629730575041393,2.6629730575041393,60.4091804111876,2.4570681498608167,2.4570681498608167,223,-111,-111
MMOT,test,official_detector,exposed exploratory retest,official detector,data37-1,ocsort,H+V,cost_h_full_reassign,H,55.55605200839998,2.4663777311112156,-0.19659532639292365,60.36045502876451,2.4083427674377305,-0.048725382423086216,236,-98,13
MMOT,test,official_detector,exposed exploratory retest,official detector,data37-1,ocsort,P-G,path_g,None,55.672221973995796,2.5825476967070315,2.5825476967070315,60.39626070297598,2.4441484416491974,2.4441484416491974,225,-109,-109
MMOT,test,official_detector,exposed exploratory retest,official detector,data37-1,ocsort,P-G+V,path_g_full_reassign,P-G,55.55605200839998,2.4663777311112156,-0.11616996559581594,60.36045502876451,2.4083427674377305,-0.035805674211466965,236,-98,11
MMOT,test,official_detector,exposed exploratory retest,official detector,data37-10,bytetrack,None,no_refinement,None,68.66658792960907,0.0,0.0,54.87048900226091,0.0,0.0,151,0,0
MMOT,test,official_detector,exposed exploratory retest,official detector,data37-10,bytetrack,v1,ace_v1,None,68.35951340498406,-0.3070745246250084,-0.3070745246250084,53.72896350185482,-1.1415255004060896,-1.1415255004060896,117,-34,-34
MMOT,test,official_detector,exposed exploratory retest,official detector,data37-10,bytetrack,H,cost_h,None,70.36730837368607,1.7007204440770067,1.7007204440770067,54.52452433708655,-0.345964665174364,-0.345964665174364,113,-38,-38
MMOT,test,official_detector,exposed exploratory retest,official detector,data37-10,bytetrack,H+V,cost_h_full_reassign,H,69.89488602810913,1.228298098500062,-0.47242234557694474,54.393695373268315,-0.4767936289925956,-0.13082896381823161,114,-37,1
MMOT,test,official_detector,exposed exploratory retest,official detector,data37-10,bytetrack,P-G,path_g,None,70.08385496633991,1.4172670367308484,1.4172670367308484,54.470991608214845,-0.3994973940460653,-0.3994973940460653,110,-41,-41
MMOT,test,official_detector,exposed exploratory retest,official detector,data37-10,bytetrack,P-G+V,path_g_full_reassign,P-G,69.87126491083028,1.204676981221212,-0.2125900555096365,54.38101024495283,-0.48947875730807766,-0.08998136326201234,113,-38,3
MMOT,test,official_detector,exposed exploratory retest,official detector,data37-10,deepocsort,None,no_refinement,None,85.51407237219989,0.0,0.0,79.22393147105727,0.0,0.0,18,0,0
MMOT,test,official_detector,exposed exploratory retest,official detector,data37-10,deepocsort,v1,ace_v1,None,87.21424468696152,1.7001723147616303,1.7001723147616303,79.7469449675406,0.5230134964833297,0.5230134964833297,12,-6,-6
MMOT,test,official_detector,exposed exploratory retest,official detector,data37-10,deepocsort,H,cost_h,None,87.21424468696152,1.7001723147616303,1.7001723147616303,79.7469449675406,0.5230134964833297,0.5230134964833297,12,-6,-6
MMOT,test,official_detector,exposed exploratory retest,official detector,data37-10,deepocsort,H+V,cost_h_full_reassign,H,86.34118322802988,0.8271108558299858,-0.8730614589316446,79.10672784139697,-0.1172036296602954,-0.6402171261436251,13,-5,1
MMOT,test,official_detector,exposed exploratory retest,official detector,data37-10,deepocsort,P-G,path_g,None,87.21424468696152,1.7001723147616303,1.7001723147616303,79.7469449675406,0.5230134964833297,0.5230134964833297,12,-6,-6
MMOT,test,official_detector,exposed exploratory retest,official detector,data37-10,deepocsort,P-G+V,path_g_full_reassign,P-G,86.34118322802988,0.8271108558299858,-0.8730614589316446,79.10672784139697,-0.1172036296602954,-0.6402171261436251,13,-5,1
MMOT,test,official_detector,exposed exploratory retest,official detector,data37-10,ocsort,None,no_refinement,None,66.5018541409147,0.0,0.0,62.17703175653497,0.0,0.0,78,0,0
MMOT,test,official_detector,exposed exploratory retest,official detector,data37-10,ocsort,v1,ace_v1,None,67.56489493201482,1.0630407911001214,1.0630407911001214,62.65376448772503,0.47673273119005444,0.47673273119005444,64,-14,-14
MMOT,test,official_detector,exposed exploratory retest,official detector,data37-10,ocsort,H,cost_h,None,67.58961681087763,1.0877626699629275,1.0877626699629275,62.67514093299747,0.4981091764624992,0.4981091764624992,63,-15,-15
MMOT,test,official_detector,exposed exploratory retest,official detector,data37-10,ocsort,H+V,cost_h_full_reassign,H,67.56489493201482,1.0630407911001214,-0.02472187886280608,62.67241189871251,0.4953801421775381,-0.002729034284961074,64,-14,1
MMOT,test,official_detector,exposed exploratory retest,official detector,data37-10,ocsort,P-G,path_g,None,67.58961681087763,1.0877626699629275,1.0877626699629275,62.67514093299747,0.4981091764624992,0.4981091764624992,63,-15,-15
MMOT,test,official_detector,exposed exploratory retest,official detector,data37-10,ocsort,P-G+V,path_g_full_reassign,P-G,67.56489493201482,1.0630407911001214,-0.02472187886280608,62.67241189871251,0.4953801421775381,-0.002729034284961074,64,-14,1
MMOT,test,official_detector,exposed exploratory retest,official detector,data37-11,bytetrack,None,no_refinement,None,72.25557025129719,0.0,0.0,63.34326622976408,0.0,0.0,368,0,0
MMOT,test,official_detector,exposed exploratory retest,official detector,data37-11,bytetrack,v1,ace_v1,None,74.41245294536576,2.156882694068571,2.156882694068571,64.75635155892422,1.4130853291601397,1.4130853291601397,317,-51,-51
MMOT,test,official_detector,exposed exploratory retest,official detector,data37-11,bytetrack,H,cost_h,None,74.96184759385493,2.7062773425577404,2.7062773425577404,64.70401175860073,1.3607455288366452,1.3607455288366452,300,-68,-68
MMOT,test,official_detector,exposed exploratory retest,official detector,data37-11,bytetrack,H+V,cost_h_full_reassign,H,74.7176721945264,2.4621019432292144,-0.24417539932852605,64.64509507241168,1.3018288426475948,-0.05891668618905044,302,-66,2
MMOT,test,official_detector,exposed exploratory retest,official detector,data37-11,bytetrack,P-G,path_g,None,75.01271746871502,2.757147217417838,2.757147217417838,64.73436621344139,1.3910999836773073,1.3910999836773073,295,-73,-73
MMOT,test,official_detector,exposed exploratory retest,official detector,data37-11,bytetrack,P-G+V,path_g_full_reassign,P-G,74.93132566893885,2.6757554176416676,-0.08139179977617061,64.69078855283277,1.347522323068688,-0.04357766060861934,299,-69,4
MMOT,test,official_detector,exposed exploratory retest,official detector,data37-11,deepocsort,None,no_refinement,None,87.76504157032518,0.0,0.0,83.72989255499228,0.0,0.0,43,0,0
MMOT,test,official_detector,exposed exploratory retest,official detector,data37-11,deepocsort,v1,ace_v1,None,89.1130024105869,1.3479608402617203,1.3479608402617203,84.07624385977059,0.34635130477830955,0.34635130477830955,28,-15,-15
MMOT,test,official_detector,exposed exploratory retest,official detector,data37-11,deepocsort,H,cost_h,None,89.51640674964332,1.7513651793181424,1.7513651793181424,84.49228401563815,0.7623914606458726,0.7623914606458726,26,-17,-17
MMOT,test,official_detector,exposed exploratory retest,official detector,data37-11,deepocsort,H+V,cost_h_full_reassign,H,89.42785457765532,1.6628130073301435,-0.08855217198799892,84.39716587850974,0.6672733235174633,-0.09511813712840933,27,-16,1
MMOT,test,official_detector,exposed exploratory retest,official detector,data37-11,deepocsort,P-G,path_g,None,89.51640674964332,1.7513651793181424,1.7513651793181424,84.49228401563815,0.7623914606458726,0.7623914606458726,26,-17,-17
MMOT,test,official_detector,exposed exploratory retest,official detector,data37-11,deepocsort,P-G+V,path_g_full_reassign,P-G,89.42785457765532,1.6628130073301435,-0.08855217198799892,84.39716587850974,0.6672733235174633,-0.09511813712840933,27,-16,1
MMOT,test,official_detector,exposed exploratory retest,official detector,data37-11,ocsort,None,no_refinement,None,70.9424645770717,0.0,0.0,69.35421762002501,0.0,0.0,145,0,0
MMOT,test,official_detector,exposed exploratory retest,official detector,data37-11,ocsort,v1,ace_v1,None,72.48819235723487,1.545727780163162,1.545727780163162,70.86394546716612,1.5097278471411073,1.5097278471411073,122,-23,-23
MMOT,test,official_detector,exposed exploratory retest,official detector,data37-11,ocsort,H,cost_h,None,72.63847144697296,1.6960068699012538,1.6960068699012538,70.84172154687877,1.487503926853762,1.487503926853762,110,-35,-35
MMOT,test,official_detector,exposed exploratory retest,official detector,data37-11,ocsort,H+V,cost_h_full_reassign,H,72.58480034349506,1.6423357664233578,-0.053671103477896054,70.9003675694776,1.5461499494525839,0.0586460225988219,113,-32,3
MMOT,test,official_detector,exposed exploratory retest,official detector,data37-11,ocsort,P-G,path_g,None,72.63847144697296,1.6960068699012538,1.6960068699012538,70.89173405035127,1.5375164303262636,1.5375164303262636,114,-31,-31
MMOT,test,official_detector,exposed exploratory retest,official detector,data37-11,ocsort,P-G+V,path_g_full_reassign,P-G,72.58480034349506,1.6423357664233578,-0.053671103477896054,70.88469355647716,1.5304759364521487,-0.007040493874114873,115,-30,1
MMOT,test,official_detector,exposed exploratory retest,official detector,data37-12,bytetrack,None,no_refinement,None,79.04252610134964,0.0,0.0,77.85199319139758,0.0,0.0,9,0,0
MMOT,test,official_detector,exposed exploratory retest,official detector,data37-12,bytetrack,v1,ace_v1,None,79.29717341482048,0.2546473134708407,0.2546473134708407,77.5121350289084,-0.339858162489179,-0.339858162489179,7,-2,-2
MMOT,test,official_detector,exposed exploratory retest,official detector,data37-12,bytetrack,H,cost_h,None,79.29717341482048,0.2546473134708407,0.2546473134708407,77.5121350289084,-0.339858162489179,-0.339858162489179,7,-2,-2
MMOT,test,official_detector,exposed exploratory retest,official detector,data37-12,bytetrack,H+V,cost_h_full_reassign,H,79.29717341482048,0.2546473134708407,0.0,77.5121350289084,-0.339858162489179,0.0,7,-2,0
MMOT,test,official_detector,exposed exploratory retest,official detector,data37-12,bytetrack,P-G,path_g,None,79.29717341482048,0.2546473134708407,0.2546473134708407,77.5121350289084,-0.339858162489179,-0.339858162489179,7,-2,-2
MMOT,test,official_detector,exposed exploratory retest,official detector,data37-12,bytetrack,P-G+V,path_g_full_reassign,P-G,79.29717341482048,0.2546473134708407,0.0,77.5121350289084,-0.339858162489179,0.0,7,-2,0
MMOT,test,official_detector,exposed exploratory retest,official detector,data37-12,deepocsort,None,no_refinement,None,90.82751744765703,0.0,0.0,87.3186911876156,0.0,0.0,2,0,0
MMOT,test,official_detector,exposed exploratory retest,official detector,data37-12,deepocsort,v1,ace_v1,None,90.62811565304088,-0.1994017946161506,-0.1994017946161506,87.54015959693739,0.2214684093217869,0.2214684093217869,1,-1,-1
MMOT,test,official_detector,exposed exploratory retest,official detector,data37-12,deepocsort,H,cost_h,None,90.62811565304088,-0.1994017946161506,-0.1994017946161506,87.54015959693739,0.2214684093217869,0.2214684093217869,1,-1,-1
MMOT,test,official_detector,exposed exploratory retest,official detector,data37-12,deepocsort,H+V,cost_h_full_reassign,H,91.12662013958126,0.299102691924233,0.4985044865403836,87.66920917005416,0.3505179824385607,0.12904957311677379,1,-1,0
MMOT,test,official_detector,exposed exploratory retest,official detector,data37-12,deepocsort,P-G,path_g,None,90.62811565304088,-0.1994017946161506,-0.1994017946161506,87.54015959693739,0.2214684093217869,0.2214684093217869,1,-1,-1
MMOT,test,official_detector,exposed exploratory retest,official detector,data37-12,deepocsort,P-G+V,path_g_full_reassign,P-G,91.12662013958126,0.299102691924233,0.4985044865403836,87.66920917005416,0.3505179824385607,0.12904957311677379,1,-1,0
MMOT,test,official_detector,exposed exploratory retest,official detector,data37-12,ocsort,None,no_refinement,None,86.62715794898223,0.0,0.0,88.40129679228433,0.0,0.0,10,0,0
MMOT,test,official_detector,exposed exploratory retest,official detector,data37-12,ocsort,v1,ace_v1,None,87.03942282916775,0.41226488018551777,0.41226488018551777,88.49413945736589,0.09284266508156236,0.09284266508156236,3,-7,-7
MMOT,test,official_detector,exposed exploratory retest,official detector,data37-12,ocsort,H,cost_h,None,87.03942282916775,0.41226488018551777,0.41226488018551777,88.48991232252229,0.0886155302379592,0.0886155302379592,3,-7,-7
MMOT,test,official_detector,exposed exploratory retest,official detector,data37-12,ocsort,H+V,cost_h_full_reassign,H,87.03942282916775,0.41226488018551777,0.0,88.49413945736589,0.09284266508156236,0.004227134843603153,3,-7,0
MMOT,test,official_detector,exposed exploratory retest,official detector,data37-12,ocsort,P-G,path_g,None,87.03942282916775,0.41226488018551777,0.41226488018551777,88.48991232252229,0.0886155302379592,0.0886155302379592,3,-7,-7
MMOT,test,official_detector,exposed exploratory retest,official detector,data37-12,ocsort,P-G+V,path_g_full_reassign,P-G,87.03942282916775,0.41226488018551777,0.0,88.49413945736589,0.09284266508156236,0.004227134843603153,3,-7,0
MMOT,test,official_detector,exposed exploratory retest,official detector,data37-2,bytetrack,None,no_refinement,None,44.286609567578864,0.0,0.0,40.18260882792482,0.0,0.0,652,0,0
MMOT,test,official_detector,exposed exploratory retest,official detector,data37-2,bytetrack,v1,ace_v1,None,43.82703154376436,-0.4595780238145011,-0.4595780238145011,39.72647151655042,-0.4561373113743983,-0.4561373113743983,624,-28,-28
MMOT,test,official_detector,exposed exploratory retest,official detector,data37-2,bytetrack,H,cost_h,None,44.286609567578864,0.0,0.0,39.75123520119421,-0.4313736267306041,-0.4313736267306041,610,-42,-42
MMOT,test,official_detector,exposed exploratory retest,official detector,data37-2,bytetrack,H+V,cost_h_full_reassign,H,44.16127010653854,-0.12533946104032623,-0.12533946104032623,39.841463076832284,-0.3411457510925331,0.090227875638071,608,-44,-2
MMOT,test,official_detector,exposed exploratory retest,official detector,data37-2,bytetrack,P-G,path_g,None,44.16127010653854,-0.12533946104032623,-0.12533946104032623,39.67082718787115,-0.5117816400536697,-0.5117816400536697,607,-45,-45
MMOT,test,official_detector,exposed exploratory retest,official detector,data37-2,bytetrack,P-G+V,path_g_full_reassign,P-G,44.16127010653854,-0.12533946104032623,0.0,39.811834176104604,-0.37077465182021285,0.1410069882334568,610,-42,3
MMOT,test,official_detector,exposed exploratory retest,official detector,data37-2,deepocsort,None,no_refinement,None,75.13626003369339,0.0,0.0,68.63403600377784,0.0,0.0,48,0,0
MMOT,test,official_detector,exposed exploratory retest,official detector,data37-2,deepocsort,v1,ace_v1,None,75.9290456842731,0.7927856505797166,0.7927856505797166,69.39453645691594,0.760500453138107,0.760500453138107,41,-7,-7
MMOT,test,official_detector,exposed exploratory retest,official detector,data37-2,deepocsort,H,cost_h,None,76.50381528094341,1.3675552472500243,1.3675552472500243,70.05776564403283,1.4237296402549902,1.4237296402549902,38,-10,-10
MMOT,test,official_detector,exposed exploratory retest,official detector,data37-2,deepocsort,H+V,cost_h_full_reassign,H,76.64255276979488,1.5062927361014857,0.13873748885146142,70.12043131739473,1.486395313616896,0.06266567336190576,39,-9,1
MMOT,test,official_detector,exposed exploratory retest,official detector,data37-2,deepocsort,P-G,path_g,None,76.50381528094341,1.3675552472500243,1.3675552472500243,70.05776564403283,1.4237296402549902,1.4237296402549902,38,-10,-10
MMOT,test,official_detector,exposed exploratory retest,official detector,data37-2,deepocsort,P-G+V,path_g_full_reassign,P-G,76.64255276979488,1.5062927361014857,0.13873748885146142,70.12043131739473,1.486395313616896,0.06266567336190576,39,-9,1
MMOT,test,official_detector,exposed exploratory retest,official detector,data37-2,ocsort,None,no_refinement,None,46.94758958795377,0.0,0.0,54.68268579593219,0.0,0.0,278,0,0
MMOT,test,official_detector,exposed exploratory retest,official detector,data37-2,ocsort,v1,ace_v1,None,47.39115209524921,0.44356250729543945,0.44356250729543945,55.10575391833409,0.42306812240190084,0.42306812240190084,256,-22,-22
MMOT,test,official_detector,exposed exploratory retest,official detector,data37-2,ocsort,H,cost_h,None,47.88140539278628,0.9338158048325056,0.9338158048325056,55.40037208945421,0.7176862935220214,0.7176862935220214,230,-48,-48
MMOT,test,official_detector,exposed exploratory retest,official detector,data37-2,ocsort,H+V,cost_h_full_reassign,H,47.601260651336524,0.6536710633827525,-0.2801447414497531,55.22945982612282,0.5467740301906332,-0.1709122633313882,238,-40,8
MMOT,test,official_detector,exposed exploratory retest,official detector,data37-2,ocsort,P-G,path_g,None,47.5545698610949,0.6069802731411258,0.6069802731411258,55.11053728032982,0.4278514843976353,0.4278514843976353,240,-38,-38
MMOT,test,official_detector,exposed exploratory retest,official detector,data37-2,ocsort,P-G+V,path_g_full_reassign,P-G,47.43784288549084,0.49025329753706615,-0.11672697560405965,55.11879382870195,0.4361080327697664,0.008256548372131078,242,-36,2
MMOT,test,official_detector,exposed exploratory retest,official detector,data39-1,bytetrack,None,no_refinement,None,47.33861834654587,0.0,0.0,71.06105959329136,0.0,0.0,14,0,0
MMOT,test,official_detector,exposed exploratory retest,official detector,data39-1,bytetrack,v1,ace_v1,None,47.7916194790487,0.4530011325028269,0.4530011325028269,71.1928507344876,0.13179114119624558,0.13179114119624558,11,-3,-3
MMOT,test,official_detector,exposed exploratory retest,official detector,data39-1,bytetrack,H,cost_h,None,48.69762174405436,1.3590033975084879,1.3590033975084879,71.50761960068262,0.44656000739125545,0.44656000739125545,8,-6,-6
MMOT,test,official_detector,exposed exploratory retest,official detector,data39-1,bytetrack,H+V,cost_h_full_reassign,H,48.69762174405436,1.3590033975084879,0.0,71.42050277686785,0.35944318357648797,-0.08711682381476749,9,-5,1
MMOT,test,official_detector,exposed exploratory retest,official detector,data39-1,bytetrack,P-G,path_g,None,48.47112117780294,1.1325028312570709,1.1325028312570709,71.41706898213744,0.3560093888460756,0.3560093888460756,9,-5,-5
MMOT,test,official_detector,exposed exploratory retest,official detector,data39-1,bytetrack,P-G+V,path_g_full_reassign,P-G,48.69762174405436,1.3590033975084879,0.226500566251417,71.42050277686785,0.35944318357648797,0.0034337947304123873,9,-5,0
MMOT,test,official_detector,exposed exploratory retest,official detector,data39-1,deepocsort,None,no_refinement,None,56.774193548387096,0.0,0.0,71.21023882222438,0.0,0.0,3,0,0
MMOT,test,official_detector,exposed exploratory retest,official detector,data39-1,deepocsort,v1,ace_v1,None,57.41935483870968,0.6451612903225836,0.6451612903225836,72.01357269674907,0.8033338745246823,0.8033338745246823,2,-1,-1
MMOT,test,official_detector,exposed exploratory retest,official detector,data39-1,deepocsort,H,cost_h,None,57.8494623655914,1.0752688172043037,1.0752688172043037,72.30144900612038,1.0912101838959956,1.0912101838959956,1,-2,-2
MMOT,test,official_detector,exposed exploratory retest,official detector,data39-1,deepocsort,H+V,cost_h_full_reassign,H,57.8494623655914,1.0752688172043037,0.0,72.30144900612038,1.0912101838959956,0.0,1,-2,0
MMOT,test,official_detector,exposed exploratory retest,official detector,data39-1,deepocsort,P-G,path_g,None,57.8494623655914,1.0752688172043037,1.0752688172043037,72.30144900612038,1.0912101838959956,1.0912101838959956,1,-2,-2
MMOT,test,official_detector,exposed exploratory retest,official detector,data39-1,deepocsort,P-G+V,path_g_full_reassign,P-G,57.8494623655914,1.0752688172043037,0.0,72.30144900612038,1.0912101838959956,0.0,1,-2,0
MMOT,test,official_detector,exposed exploratory retest,official detector,data39-1,ocsort,None,no_refinement,None,45.63445867287544,0.0,0.0,79.67905465238798,0.0,0.0,3,0,0
MMOT,test,official_detector,exposed exploratory retest,official detector,data39-1,ocsort,v1,ace_v1,None,45.401629802095464,-0.23282887077997572,-0.23282887077997572,79.62423936415574,-0.05481528823223414,-0.05481528823223414,3,0,0
MMOT,test,official_detector,exposed exploratory retest,official detector,data39-1,ocsort,H,cost_h,None,45.16880093131548,-0.46565774155995854,-0.46565774155995854,79.70057716819392,0.02152251580594111,0.02152251580594111,3,0,0
MMOT,test,official_detector,exposed exploratory retest,official detector,data39-1,ocsort,H+V,cost_h_full_reassign,H,45.63445867287544,0.0,0.46565774155995854,79.71551234494075,0.03645769255277287,0.014935176746831758,3,0,0
MMOT,test,official_detector,exposed exploratory retest,official detector,data39-1,ocsort,P-G,path_g,None,45.16880093131548,-0.46565774155995854,-0.46565774155995854,79.70057716819392,0.02152251580594111,0.02152251580594111,3,0,0
MMOT,test,official_detector,exposed exploratory retest,official detector,data39-1,ocsort,P-G+V,path_g_full_reassign,P-G,45.63445867287544,0.0,0.46565774155995854,79.71551234494075,0.03645769255277287,0.014935176746831758,3,0,0
MMOT,test,official_detector,exposed exploratory retest,official detector,data39-2,bytetrack,None,no_refinement,None,6.779661016949152,0.0,0.0,2.828952302539033,0.0,0.0,43,0,0
MMOT,test,official_detector,exposed exploratory retest,official detector,data39-2,bytetrack,v1,ace_v1,None,11.67608286252354,4.8964218455743875,4.8964218455743875,7.095344581497759,4.266392278958726,4.266392278958726,25,-18,-18
MMOT,test,official_detector,exposed exploratory retest,official detector,data39-2,bytetrack,H,cost_h,None,12.052730696798493,5.273069679849341,5.273069679849341,7.275183213557539,4.446230911018506,4.446230911018506,27,-16,-16
MMOT,test,official_detector,exposed exploratory retest,official detector,data39-2,bytetrack,H+V,cost_h_full_reassign,H,12.052730696798493,5.273069679849341,0.0,7.267199133741653,4.43824683120262,-0.007984079815885892,26,-17,-1
MMOT,test,official_detector,exposed exploratory retest,official detector,data39-2,bytetrack,P-G,path_g,None,12.052730696798493,5.273069679849341,5.273069679849341,7.267199133741653,4.43824683120262,4.43824683120262,26,-17,-17
MMOT,test,official_detector,exposed exploratory retest,official detector,data39-2,bytetrack,P-G+V,path_g_full_reassign,P-G,12.052730696798493,5.273069679849341,0.0,7.267199133741653,4.43824683120262,0.0,26,-17,0
MMOT,test,official_detector,exposed exploratory retest,official detector,data39-2,deepocsort,None,no_refinement,None,91.92263936291239,0.0,0.0,66.84650547276803,0.0,0.0,1,0,0
MMOT,test,official_detector,exposed exploratory retest,official detector,data39-2,deepocsort,v1,ace_v1,None,91.92263936291239,0.0,0.0,66.84650547276803,0.0,0.0,1,0,0
MMOT,test,official_detector,exposed exploratory retest,official detector,data39-2,deepocsort,H,cost_h,None,91.92263936291239,0.0,0.0,66.84650547276803,0.0,0.0,1,0,0
MMOT,test,official_detector,exposed exploratory retest,official detector,data39-2,deepocsort,H+V,cost_h_full_reassign,H,91.92263936291239,0.0,0.0,66.84650547276803,0.0,0.0,1,0,0
MMOT,test,official_detector,exposed exploratory retest,official detector,data39-2,deepocsort,P-G,path_g,None,91.92263936291239,0.0,0.0,66.84650547276803,0.0,0.0,1,0,0
MMOT,test,official_detector,exposed exploratory retest,official detector,data39-2,deepocsort,P-G+V,path_g_full_reassign,P-G,91.92263936291239,0.0,0.0,66.84650547276803,0.0,0.0,1,0,0
MMOT,test,official_detector,exposed exploratory retest,official detector,data39-2,ocsort,None,no_refinement,None,14.258188824662813,0.0,0.0,11.959084410681953,0.0,0.0,17,0,0
MMOT,test,official_detector,exposed exploratory retest,official detector,data39-2,ocsort,v1,ace_v1,None,18.11175337186898,3.8535645472061653,3.8535645472061653,13.508807840598951,1.5497234299169982,1.5497234299169982,9,-8,-8
MMOT,test,official_detector,exposed exploratory retest,official detector,data39-2,ocsort,H,cost_h,None,18.11175337186898,3.8535645472061653,3.8535645472061653,13.508807840598951,1.5497234299169982,1.5497234299169982,9,-8,-8
MMOT,test,official_detector,exposed exploratory retest,official detector,data39-2,ocsort,H+V,cost_h_full_reassign,H,18.11175337186898,3.8535645472061653,0.0,13.508807840598951,1.5497234299169982,0.0,9,-8,0
MMOT,test,official_detector,exposed exploratory retest,official detector,data39-2,ocsort,P-G,path_g,None,18.11175337186898,3.8535645472061653,3.8535645472061653,13.508807840598951,1.5497234299169982,1.5497234299169982,9,-8,-8
MMOT,test,official_detector,exposed exploratory retest,official detector,data39-2,ocsort,P-G+V,path_g_full_reassign,P-G,18.11175337186898,3.8535645472061653,0.0,13.508807840598951,1.5497234299169982,0.0,9,-8,0
MMOT,test,official_detector,exposed exploratory retest,official detector,data39-3,bytetrack,None,no_refinement,None,5.013927576601671,0.0,0.0,4.51775436012966,0.0,0.0,76,0,0
MMOT,test,official_detector,exposed exploratory retest,official detector,data39-3,bytetrack,v1,ace_v1,None,7.520891364902507,2.506963788300836,2.506963788300836,6.794743671392328,2.2769893112626676,2.2769893112626676,53,-23,-23
MMOT,test,official_detector,exposed exploratory retest,official detector,data39-3,bytetrack,H,cost_h,None,8.07799442896936,3.064066852367689,3.064066852367689,7.271838801432211,2.7540844413025507,2.7540844413025507,49,-27,-27
MMOT,test,official_detector,exposed exploratory retest,official detector,data39-3,bytetrack,H+V,cost_h_full_reassign,H,8.07799442896936,3.064066852367689,0.0,7.233243457911516,2.7154890977818553,-0.03859534352069538,48,-28,-1
MMOT,test,official_detector,exposed exploratory retest,official detector,data39-3,bytetrack,P-G,path_g,None,7.938718662952645,2.9247910863509743,2.9247910863509743,7.210099965323767,2.692345605194107,2.692345605194107,48,-28,-28
MMOT,test,official_detector,exposed exploratory retest,official detector,data39-3,bytetrack,P-G+V,path_g_full_reassign,P-G,7.938718662952645,2.9247910863509743,0.0,7.198034996149434,2.6802806360197735,-0.012064969174333307,48,-28,0
MMOT,test,official_detector,exposed exploratory retest,official detector,data39-3,deepocsort,None,no_refinement,None,44.992450931051835,0.0,0.0,39.741584329610774,0.0,0.0,24,0,0
MMOT,test,official_detector,exposed exploratory retest,official detector,data39-3,deepocsort,v1,ace_v1,None,49.823855057876195,4.83140412682436,4.83140412682436,43.789920092190485,4.048335762579711,4.048335762579711,16,-8,-8
MMOT,test,official_detector,exposed exploratory retest,official detector,data39-3,deepocsort,H,cost_h,None,49.823855057876195,4.83140412682436,4.83140412682436,43.789920092190485,4.048335762579711,4.048335762579711,16,-8,-8
MMOT,test,official_detector,exposed exploratory retest,official detector,data39-3,deepocsort,H+V,cost_h_full_reassign,H,49.823855057876195,4.83140412682436,0.0,43.789920092190485,4.048335762579711,0.0,16,-8,0
MMOT,test,official_detector,exposed exploratory retest,official detector,data39-3,deepocsort,P-G,path_g,None,49.823855057876195,4.83140412682436,4.83140412682436,43.789920092190485,4.048335762579711,4.048335762579711,16,-8,-8
MMOT,test,official_detector,exposed exploratory retest,official detector,data39-3,deepocsort,P-G+V,path_g_full_reassign,P-G,49.823855057876195,4.83140412682436,0.0,43.789920092190485,4.048335762579711,0.0,16,-8,0
MMOT,test,official_detector,exposed exploratory retest,official detector,data39-3,ocsort,None,no_refinement,None,2.122820318423048,0.0,0.0,1.722854235917749,0.0,0.0,20,0,0
MMOT,test,official_detector,exposed exploratory retest,official detector,data39-3,ocsort,v1,ace_v1,None,3.9423805913570886,1.8195602729340408,1.8195602729340408,3.16185838883822,1.439004152920471,1.439004152920471,9,-11,-11
MMOT,test,official_detector,exposed exploratory retest,official detector,data39-3,ocsort,H,cost_h,None,4.094010614101592,1.9711902956785439,1.9711902956785439,3.590543158281008,1.8676889223632591,1.8676889223632591,6,-14,-14
MMOT,test,official_detector,exposed exploratory retest,official detector,data39-3,ocsort,H+V,cost_h_full_reassign,H,4.094010614101592,1.9711902956785439,0.0,3.5300431513891435,1.8071889154713945,-0.06050000689186463,6,-14,0
MMOT,test,official_detector,exposed exploratory retest,official detector,data39-3,ocsort,P-G,path_g,None,4.094010614101592,1.9711902956785439,1.9711902956785439,3.5268687503620826,1.8040145144443336,1.8040145144443336,6,-14,-14
MMOT,test,official_detector,exposed exploratory retest,official detector,data39-3,ocsort,P-G+V,path_g_full_reassign,P-G,4.094010614101592,1.9711902956785439,0.0,3.5300431513891435,1.8071889154713945,0.0031744010270609024,6,-14,0
MMOT,test,official_detector,exposed exploratory retest,official detector,data39-6,bytetrack,None,no_refinement,None,43.256837472492926,0.0,0.0,48.173320825194885,0.0,0.0,125,0,0
MMOT,test,official_detector,exposed exploratory retest,official detector,data39-6,bytetrack,v1,ace_v1,None,44.70292360892801,1.4460861364350848,1.4460861364350848,48.794297863347694,0.6209770381528088,0.6209770381528088,104,-21,-21
MMOT,test,official_detector,exposed exploratory retest,official detector,data39-6,bytetrack,H,cost_h,None,45.6460232631248,2.3891857906318776,2.3891857906318776,49.14788967390232,0.9745688487074347,0.9745688487074347,97,-28,-28
MMOT,test,official_detector,exposed exploratory retest,official detector,data39-6,bytetrack,H+V,cost_h_full_reassign,H,45.520276642565236,2.26343917007231,-0.12574662055956765,49.00913772330451,0.835816898109627,-0.13875195059780765,98,-27,1
MMOT,test,official_detector,exposed exploratory retest,official detector,data39-6,bytetrack,P-G,path_g,None,45.6460232631248,2.3891857906318776,2.3891857906318776,49.08534748386996,0.9120266586750745,0.9120266586750745,94,-31,-31
MMOT,test,official_detector,exposed exploratory retest,official detector,data39-6,bytetrack,P-G+V,path_g_full_reassign,P-G,45.520276642565236,2.26343917007231,-0.12574662055956765,49.008202800120834,0.8348819749259491,-0.07714468374912542,96,-29,2
MMOT,test,official_detector,exposed exploratory retest,official detector,data39-6,deepocsort,None,no_refinement,None,71.46443514644352,0.0,0.0,76.41718523346135,0.0,0.0,10,0,0
MMOT,test,official_detector,exposed exploratory retest,official detector,data39-6,deepocsort,v1,ace_v1,None,73.13807531380753,1.673640167364013,1.673640167364013,78.21269547845381,1.7955102449924567,1.7955102449924567,5,-5,-5
MMOT,test,official_detector,exposed exploratory retest,official detector,data39-6,deepocsort,H,cost_h,None,73.13807531380753,1.673640167364013,1.673640167364013,78.21269547845381,1.7955102449924567,1.7955102449924567,5,-5,-5
MMOT,test,official_detector,exposed exploratory retest,official detector,data39-6,deepocsort,H+V,cost_h_full_reassign,H,72.35704323570432,0.8926080892608041,-0.781032078103209,77.31312103504759,0.8959358015862335,-0.8995744434062232,6,-4,1
MMOT,test,official_detector,exposed exploratory retest,official detector,data39-6,deepocsort,P-G,path_g,None,73.13807531380753,1.673640167364013,1.673640167364013,78.21269547845381,1.7955102449924567,1.7955102449924567,5,-5,-5
MMOT,test,official_detector,exposed exploratory retest,official detector,data39-6,deepocsort,P-G+V,path_g_full_reassign,P-G,72.35704323570432,0.8926080892608041,-0.781032078103209,77.31312103504759,0.8959358015862335,-0.8995744434062232,6,-4,1
MMOT,test,official_detector,exposed exploratory retest,official detector,data39-6,ocsort,None,no_refinement,None,46.38833664678595,0.0,0.0,59.74378791053471,0.0,0.0,49,0,0
MMOT,test,official_detector,exposed exploratory retest,official detector,data39-6,ocsort,v1,ace_v1,None,46.98475811795891,0.5964214711729596,0.5964214711729596,59.862062091254586,0.1182741807198795,0.1182741807198795,39,-10,-10
MMOT,test,official_detector,exposed exploratory retest,official detector,data39-6,ocsort,H,cost_h,None,47.31610337972167,0.9277667329357158,0.9277667329357158,60.02011694848831,0.27632903795360164,0.27632903795360164,37,-12,-12
MMOT,test,official_detector,exposed exploratory retest,official detector,data39-6,ocsort,H+V,cost_h_full_reassign,H,47.18356527501656,0.7952286282306105,-0.1325381047051053,59.96405596147497,0.22026805094026258,-0.05606098701333906,37,-12,0
MMOT,test,official_detector,exposed exploratory retest,official detector,data39-6,ocsort,P-G,path_g,None,47.249834327369115,0.8614976805831631,0.8614976805831631,60.00851046662925,0.2647225560945401,0.2647225560945401,35,-14,-14
MMOT,test,official_detector,exposed exploratory retest,official detector,data39-6,ocsort,P-G+V,path_g_full_reassign,P-G,47.18356527501656,0.7952286282306105,-0.06626905235255265,59.96405596147497,0.22026805094026258,-0.04445450515427751,37,-12,2
MMOT,test,official_detector,exposed exploratory retest,official detector,data40-3,bytetrack,None,no_refinement,None,35.83815028901734,0.0,0.0,54.54682297361996,0.0,0.0,16,0,0
MMOT,test,official_detector,exposed exploratory retest,official detector,data40-3,bytetrack,v1,ace_v1,None,37.22543352601156,1.3872832369942145,1.3872832369942145,55.839098936988854,1.292275963368894,1.292275963368894,13,-3,-3
MMOT,test,official_detector,exposed exploratory retest,official detector,data40-3,bytetrack,H,cost_h,None,37.45664739884393,1.6184971098265848,1.6184971098265848,56.035633431343044,1.4888104577230834,1.4888104577230834,12,-4,-4
MMOT,test,official_detector,exposed exploratory retest,official detector,data40-3,bytetrack,H+V,cost_h_full_reassign,H,37.45664739884393,1.6184971098265848,0.0,56.035633431343044,1.4888104577230834,0.0,12,-4,0
MMOT,test,official_detector,exposed exploratory retest,official detector,data40-3,bytetrack,P-G,path_g,None,37.45664739884393,1.6184971098265848,1.6184971098265848,56.035633431343044,1.4888104577230834,1.4888104577230834,12,-4,-4
MMOT,test,official_detector,exposed exploratory retest,official detector,data40-3,bytetrack,P-G+V,path_g_full_reassign,P-G,37.45664739884393,1.6184971098265848,0.0,56.035633431343044,1.4888104577230834,0.0,12,-4,0
MMOT,test,official_detector,exposed exploratory retest,official detector,data40-3,deepocsort,None,no_refinement,None,42.152466367713004,0.0,0.0,53.24437003231539,0.0,0.0,23,0,0
MMOT,test,official_detector,exposed exploratory retest,official detector,data40-3,deepocsort,v1,ace_v1,None,45.51569506726457,3.36322869955157,3.36322869955157,56.62203783148264,3.3776677991672557,3.3776677991672557,13,-10,-10
MMOT,test,official_detector,exposed exploratory retest,official detector,data40-3,deepocsort,H,cost_h,None,45.2914798206278,3.1390134529147957,3.1390134529147957,56.63805992618446,3.393689893869073,3.393689893869073,10,-13,-13
MMOT,test,official_detector,exposed exploratory retest,official detector,data40-3,deepocsort,H+V,cost_h_full_reassign,H,45.2914798206278,3.1390134529147957,0.0,56.91488798824012,3.67051795592473,0.2768280620556567,10,-13,0
MMOT,test,official_detector,exposed exploratory retest,official detector,data40-3,deepocsort,P-G,path_g,None,45.2914798206278,3.1390134529147957,3.1390134529147957,56.63805992618446,3.393689893869073,3.393689893869073,10,-13,-13
MMOT,test,official_detector,exposed exploratory retest,official detector,data40-3,deepocsort,P-G+V,path_g_full_reassign,P-G,45.2914798206278,3.1390134529147957,0.0,56.91488798824012,3.67051795592473,0.2768280620556567,10,-13,0
MMOT,test,official_detector,exposed exploratory retest,official detector,data40-3,ocsort,None,no_refinement,None,32.342449464922716,0.0,0.0,55.02445345397384,0.0,0.0,26,0,0
MMOT,test,official_detector,exposed exploratory retest,official detector,data40-3,ocsort,v1,ace_v1,None,36.385255648038054,4.042806183115339,4.042806183115339,57.72775422002483,2.7033007660509867,2.7033007660509867,8,-18,-18
MMOT,test,official_detector,exposed exploratory retest,official detector,data40-3,ocsort,H,cost_h,None,37.33650416171225,4.994054696789533,4.994054696789533,57.836340850540026,2.811887396566185,2.811887396566185,4,-22,-22
MMOT,test,official_detector,exposed exploratory retest,official detector,data40-3,ocsort,H+V,cost_h_full_reassign,H,37.33650416171225,4.994054696789533,0.0,57.836340850540026,2.811887396566185,0.0,4,-22,0
MMOT,test,official_detector,exposed exploratory retest,official detector,data40-3,ocsort,P-G,path_g,None,37.33650416171225,4.994054696789533,4.994054696789533,57.836340850540026,2.811887396566185,2.811887396566185,4,-22,-22
MMOT,test,official_detector,exposed exploratory retest,official detector,data40-3,ocsort,P-G+V,path_g_full_reassign,P-G,37.33650416171225,4.994054696789533,0.0,57.836340850540026,2.811887396566185,0.0,4,-22,0
MMOT,test,official_detector,exposed exploratory retest,official detector,data40-4,bytetrack,None,no_refinement,None,3.8515406162464987,0.0,0.0,22.929378226411263,0.0,0.0,18,0,0
MMOT,test,official_detector,exposed exploratory retest,official detector,data40-4,bytetrack,v1,ace_v1,None,3.9215686274509802,0.07002801120448154,0.07002801120448154,22.929560289617555,0.00018206320629232664,0.00018206320629232664,17,-1,-1
MMOT,test,official_detector,exposed exploratory retest,official detector,data40-4,bytetrack,H,cost_h,None,3.9215686274509802,0.07002801120448154,0.07002801120448154,23.019815530120603,0.09043730370934,0.09043730370934,17,-1,-1
MMOT,test,official_detector,exposed exploratory retest,official detector,data40-4,bytetrack,H+V,cost_h_full_reassign,H,3.9215686274509802,0.07002801120448154,0.0,23.035903603457832,0.1065253770465695,0.016088073337229503,16,-2,-1
MMOT,test,official_detector,exposed exploratory retest,official detector,data40-4,bytetrack,P-G,path_g,None,3.9215686274509802,0.07002801120448154,0.07002801120448154,23.035903603457832,0.1065253770465695,0.1065253770465695,16,-2,-2
MMOT,test,official_detector,exposed exploratory retest,official detector,data40-4,bytetrack,P-G+V,path_g_full_reassign,P-G,3.9215686274509802,0.07002801120448154,0.0,23.035903603457832,0.1065253770465695,0.0,16,-2,0
MMOT,test,official_detector,exposed exploratory retest,official detector,data40-4,deepocsort,None,no_refinement,None,28.58004220681338,0.0,0.0,41.08150524461471,0.0,0.0,9,0,0
MMOT,test,official_detector,exposed exploratory retest,official detector,data40-4,deepocsort,v1,ace_v1,None,28.640337654507086,0.06029544769370432,0.06029544769370432,40.90734016336112,-0.17416508125359087,-0.17416508125359087,6,-3,-3
MMOT,test,official_detector,exposed exploratory retest,official detector,data40-4,deepocsort,H,cost_h,None,28.640337654507086,0.06029544769370432,0.06029544769370432,40.90734016336112,-0.17416508125359087,-0.17416508125359087,6,-3,-3
MMOT,test,official_detector,exposed exploratory retest,official detector,data40-4,deepocsort,H+V,cost_h_full_reassign,H,28.82122399758818,0.2411817907747995,0.1808863430810952,41.218598565324264,0.13709332070955327,0.31125840196314414,6,-3,0
MMOT,test,official_detector,exposed exploratory retest,official detector,data40-4,deepocsort,P-G,path_g,None,28.640337654507086,0.06029544769370432,0.06029544769370432,40.90734016336112,-0.17416508125359087,-0.17416508125359087,6,-3,-3
MMOT,test,official_detector,exposed exploratory retest,official detector,data40-4,deepocsort,P-G+V,path_g_full_reassign,P-G,28.82122399758818,0.2411817907747995,0.1808863430810952,41.218598565324264,0.13709332070955327,0.31125840196314414,6,-3,0
MMOT,test,official_detector,exposed exploratory retest,official detector,data40-4,ocsort,None,no_refinement,None,3.5837353549276365,0.0,0.0,17.170302144745715,0.0,0.0,57,0,0
MMOT,test,official_detector,exposed exploratory retest,official detector,data40-4,ocsort,v1,ace_v1,None,5.444521019986216,1.8607856650585797,1.8607856650585797,22.1101037486403,4.939801603894583,4.939801603894583,31,-26,-26
MMOT,test,official_detector,exposed exploratory retest,official detector,data40-4,ocsort,H,cost_h,None,6.202618883528601,2.618883528600964,2.618883528600964,25.103609986026935,7.93330784128122,7.93330784128122,20,-37,-37
MMOT,test,official_detector,exposed exploratory retest,official detector,data40-4,ocsort,H+V,cost_h_full_reassign,H,6.271536871123364,2.6878015161957274,0.0689179875947632,25.21978591878527,8.049483774039555,0.11617593275833471,22,-35,2
MMOT,test,official_detector,exposed exploratory retest,official detector,data40-4,ocsort,P-G,path_g,None,6.202618883528601,2.618883528600964,2.618883528600964,25.078453240489495,7.908151095743779,7.908151095743779,22,-35,-35
MMOT,test,official_detector,exposed exploratory retest,official detector,data40-4,ocsort,P-G+V,path_g_full_reassign,P-G,6.271536871123364,2.6878015161957274,0.0689179875947632,25.21978591878527,8.049483774039555,0.14133267829577534,22,-35,0
MMOT,test,official_detector,exposed exploratory retest,official detector,data40-5,bytetrack,None,no_refinement,None,60.18267929634641,0.0,0.0,57.58864384389392,0.0,0.0,84,0,0
MMOT,test,official_detector,exposed exploratory retest,official detector,data40-5,bytetrack,v1,ace_v1,None,65.76454668470907,5.581867388362667,5.581867388362667,64.01673384070088,6.4280899968069605,6.4280899968069605,60,-24,-24
MMOT,test,official_detector,exposed exploratory retest,official detector,data40-5,bytetrack,H,cost_h,None,66.84709066305818,6.664411366711775,6.664411366711775,65.40650367178013,7.81785982788621,7.81785982788621,57,-27,-27
MMOT,test,official_detector,exposed exploratory retest,official detector,data40-5,bytetrack,H+V,cost_h_full_reassign,H,66.71177266576454,6.529093369418135,-0.13531799729364025,65.40042075488172,7.811776910987803,-0.00608291689840712,59,-25,2
MMOT,test,official_detector,exposed exploratory retest,official detector,data40-5,bytetrack,P-G,path_g,None,66.84709066305818,6.664411366711775,6.664411366711775,65.40555244657537,7.816908602681451,7.816908602681451,57,-27,-27
MMOT,test,official_detector,exposed exploratory retest,official detector,data40-5,bytetrack,P-G+V,path_g_full_reassign,P-G,66.71177266576454,6.529093369418135,-0.13531799729364025,65.40042075488172,7.811776910987803,-0.005131691693648577,59,-25,2
MMOT,test,official_detector,exposed exploratory retest,official detector,data40-5,deepocsort,None,no_refinement,None,75.08574992204554,0.0,0.0,76.03018484686613,0.0,0.0,30,0,0
MMOT,test,official_detector,exposed exploratory retest,official detector,data40-5,deepocsort,v1,ace_v1,None,78.6404739632055,3.5547240411599574,3.5547240411599574,79.15125460437051,3.1210697575043724,3.1210697575043724,20,-10,-10
MMOT,test,official_detector,exposed exploratory retest,official detector,data40-5,deepocsort,H,cost_h,None,78.67165575304023,3.5859058309946903,3.5859058309946903,79.16622605610986,3.1360412092437286,3.1360412092437286,19,-11,-11
MMOT,test,official_detector,exposed exploratory retest,official detector,data40-5,deepocsort,H+V,cost_h_full_reassign,H,78.67165575304023,3.5859058309946903,0.0,79.16622605610986,3.1360412092437286,0.0,19,-11,0
MMOT,test,official_detector,exposed exploratory retest,official detector,data40-5,deepocsort,P-G,path_g,None,78.67165575304023,3.5859058309946903,3.5859058309946903,79.16622605610986,3.1360412092437286,3.1360412092437286,19,-11,-11
MMOT,test,official_detector,exposed exploratory retest,official detector,data40-5,deepocsort,P-G+V,path_g_full_reassign,P-G,78.67165575304023,3.5859058309946903,0.0,79.16622605610986,3.1360412092437286,0.0,19,-11,0
MMOT,test,official_detector,exposed exploratory retest,official detector,data40-5,ocsort,None,no_refinement,None,56.34642356241234,0.0,0.0,56.678904581594566,0.0,0.0,52,0,0
MMOT,test,official_detector,exposed exploratory retest,official detector,data40-5,ocsort,v1,ace_v1,None,64.23562412342217,7.8892005610098295,7.8892005610098295,67.58848958888585,10.909585007291284,10.909585007291284,42,-10,-10
MMOT,test,official_detector,exposed exploratory retest,official detector,data40-5,ocsort,H,cost_h,None,64.34081346423562,7.994389901823283,7.994389901823283,67.60276468473423,10.92386010313966,10.92386010313966,38,-14,-14
MMOT,test,official_detector,exposed exploratory retest,official detector,data40-5,ocsort,H+V,cost_h_full_reassign,H,64.30575035063114,7.959326788218803,-0.03506311360447967,67.59464867882608,10.91574409723151,-0.00811600590814976,40,-12,2
MMOT,test,official_detector,exposed exploratory retest,official detector,data40-5,ocsort,P-G,path_g,None,64.34081346423562,7.994389901823283,7.994389901823283,67.60276468473423,10.92386010313966,10.92386010313966,38,-14,-14
MMOT,test,official_detector,exposed exploratory retest,official detector,data40-5,ocsort,P-G+V,path_g_full_reassign,P-G,64.30575035063114,7.959326788218803,-0.03506311360447967,67.59464867882608,10.91574409723151,-0.00811600590814976,40,-12,2
MMOT,test,official_detector,exposed exploratory retest,official detector,data41-1,bytetrack,None,no_refinement,None,37.69230769230769,0.0,0.0,37.97853351637682,0.0,0.0,22,0,0
MMOT,test,official_detector,exposed exploratory retest,official detector,data41-1,bytetrack,v1,ace_v1,None,37.69230769230769,0.0,0.0,37.952420039150056,-0.02611347722676527,-0.02611347722676527,22,0,0
MMOT,test,official_detector,exposed exploratory retest,official detector,data41-1,bytetrack,H,cost_h,None,37.69230769230769,0.0,0.0,37.952420039150056,-0.02611347722676527,-0.02611347722676527,22,0,0
MMOT,test,official_detector,exposed exploratory retest,official detector,data41-1,bytetrack,H+V,cost_h_full_reassign,H,37.69230769230769,0.0,0.0,37.952420039150056,-0.02611347722676527,0.0,22,0,0
MMOT,test,official_detector,exposed exploratory retest,official detector,data41-1,bytetrack,P-G,path_g,None,37.69230769230769,0.0,0.0,37.952420039150056,-0.02611347722676527,-0.02611347722676527,22,0,0
MMOT,test,official_detector,exposed exploratory retest,official detector,data41-1,bytetrack,P-G+V,path_g_full_reassign,P-G,37.69230769230769,0.0,0.0,37.952420039150056,-0.02611347722676527,0.0,22,0,0
MMOT,test,official_detector,exposed exploratory retest,official detector,data41-1,deepocsort,None,no_refinement,None,43.23374340949033,0.0,0.0,72.7558363841511,0.0,0.0,8,0,0
MMOT,test,official_detector,exposed exploratory retest,official detector,data41-1,deepocsort,v1,ace_v1,None,45.342706502636204,2.1089630931458743,2.1089630931458743,74.24000845477113,1.4841720706200334,1.4841720706200334,1,-7,-7
MMOT,test,official_detector,exposed exploratory retest,official detector,data41-1,deepocsort,H,cost_h,None,45.342706502636204,2.1089630931458743,2.1089630931458743,74.24000845477113,1.4841720706200334,1.4841720706200334,1,-7,-7
MMOT,test,official_detector,exposed exploratory retest,official detector,data41-1,deepocsort,H+V,cost_h_full_reassign,H,45.342706502636204,2.1089630931458743,0.0,74.24000845477113,1.4841720706200334,0.0,1,-7,0
MMOT,test,official_detector,exposed exploratory retest,official detector,data41-1,deepocsort,P-G,path_g,None,45.342706502636204,2.1089630931458743,2.1089630931458743,74.24000845477113,1.4841720706200334,1.4841720706200334,1,-7,-7
MMOT,test,official_detector,exposed exploratory retest,official detector,data41-1,deepocsort,P-G+V,path_g_full_reassign,P-G,45.342706502636204,2.1089630931458743,0.0,74.24000845477113,1.4841720706200334,0.0,1,-7,0
MMOT,test,official_detector,exposed exploratory retest,official detector,data41-1,ocsort,None,no_refinement,None,35.833333333333336,0.0,0.0,46.422929140616276,0.0,0.0,13,0,0
MMOT,test,official_detector,exposed exploratory retest,official detector,data41-1,ocsort,v1,ace_v1,None,37.916666666666664,2.0833333333333286,2.0833333333333286,48.37686055606927,1.9539314154529919,1.9539314154529919,5,-8,-8
MMOT,test,official_detector,exposed exploratory retest,official detector,data41-1,ocsort,H,cost_h,None,37.916666666666664,2.0833333333333286,2.0833333333333286,49.34058497727232,2.9176558366560457,2.9176558366560457,5,-8,-8
MMOT,test,official_detector,exposed exploratory retest,official detector,data41-1,ocsort,H+V,cost_h_full_reassign,H,39.166666666666664,3.3333333333333286,1.25,50.32686310081704,3.903933960200767,0.9862781235447216,5,-8,0
MMOT,test,official_detector,exposed exploratory retest,official detector,data41-1,ocsort,P-G,path_g,None,37.916666666666664,2.0833333333333286,2.0833333333333286,49.34058497727232,2.9176558366560457,2.9176558366560457,5,-8,-8
MMOT,test,official_detector,exposed exploratory retest,official detector,data41-1,ocsort,P-G+V,path_g_full_reassign,P-G,39.166666666666664,3.3333333333333286,1.25,50.32686310081704,3.903933960200767,0.9862781235447216,5,-8,0
MMOT,test,official_detector,exposed exploratory retest,official detector,data42-1,bytetrack,None,no_refinement,None,57.244552478513754,0.0,0.0,51.962829663212176,0.0,0.0,234,0,0
MMOT,test,official_detector,exposed exploratory retest,official detector,data42-1,bytetrack,v1,ace_v1,None,59.11971525306016,1.8751627745464035,1.8751627745464035,53.66183557885438,1.6990059156422035,1.6990059156422035,209,-25,-25
MMOT,test,official_detector,exposed exploratory retest,official detector,data42-1,bytetrack,H,cost_h,None,59.22389096275719,1.979338484243435,1.979338484243435,53.663906815657356,1.7010771524451798,1.7010771524451798,207,-27,-27
MMOT,test,official_detector,exposed exploratory retest,official detector,data42-1,bytetrack,H+V,cost_h_full_reassign,H,59.22389096275719,1.979338484243435,0.0,53.77413408693786,1.8113044237256872,0.11022727128050747,208,-26,1
MMOT,test,official_detector,exposed exploratory retest,official detector,data42-1,bytetrack,P-G,path_g,None,59.22389096275719,1.979338484243435,1.979338484243435,53.66861587374431,1.705786210532132,1.705786210532132,207,-27,-27
MMOT,test,official_detector,exposed exploratory retest,official detector,data42-1,bytetrack,P-G+V,path_g_full_reassign,P-G,59.22389096275719,1.979338484243435,0.0,53.77413408693786,1.8113044237256872,0.10551821319355525,208,-26,1
MMOT,test,official_detector,exposed exploratory retest,official detector,data42-1,deepocsort,None,no_refinement,None,61.44132768106792,0.0,0.0,61.86585696412412,0.0,0.0,120,0,0
MMOT,test,official_detector,exposed exploratory retest,official detector,data42-1,deepocsort,v1,ace_v1,None,62.32524578334987,0.8839181022819531,0.8839181022819531,61.6687796660048,-0.19707729811931785,-0.19707729811931785,98,-22,-22
MMOT,test,official_detector,exposed exploratory retest,official detector,data42-1,deepocsort,H,cost_h,None,62.32524578334987,0.8839181022819531,0.8839181022819531,61.732052902868006,-0.13380406125611444,-0.13380406125611444,95,-25,-25
MMOT,test,official_detector,exposed exploratory retest,official detector,data42-1,deepocsort,H+V,cost_h_full_reassign,H,62.32524578334987,0.8839181022819531,0.0,61.765152504694754,-0.10070445942936601,0.033099601826748426,96,-24,1
MMOT,test,official_detector,exposed exploratory retest,official detector,data42-1,deepocsort,P-G,path_g,None,62.32524578334987,0.8839181022819531,0.8839181022819531,61.73095373601571,-0.1349032281084135,-0.1349032281084135,95,-25,-25
MMOT,test,official_detector,exposed exploratory retest,official detector,data42-1,deepocsort,P-G+V,path_g_full_reassign,P-G,62.32524578334987,0.8839181022819531,0.0,61.765152504694754,-0.10070445942936601,0.034198768679047475,96,-24,1
MMOT,test,official_detector,exposed exploratory retest,official detector,data42-1,ocsort,None,no_refinement,None,55.13364055299539,0.0,0.0,55.318848293872634,0.0,0.0,160,0,0
MMOT,test,official_detector,exposed exploratory retest,official detector,data42-1,ocsort,v1,ace_v1,None,56.00000000000001,0.8663594470046192,0.8663594470046192,55.39241519956971,0.0735669056970778,0.0735669056970778,126,-34,-34
MMOT,test,official_detector,exposed exploratory retest,official detector,data42-1,ocsort,H,cost_h,None,56.7557603686636,1.6221198156682135,1.6221198156682135,56.34344125118069,1.0245929573080588,1.0245929573080588,123,-37,-37
MMOT,test,official_detector,exposed exploratory retest,official detector,data42-1,ocsort,H+V,cost_h_full_reassign,H,56.903225806451616,1.7695852534562277,0.14746543778801424,57.23848944075161,1.9196411468789734,0.8950481895709146,123,-37,0
MMOT,test,official_detector,exposed exploratory retest,official detector,data42-1,ocsort,P-G,path_g,None,56.94009216589861,1.8064516129032242,1.8064516129032242,57.169091568762056,1.8502432748894222,1.8502432748894222,122,-38,-38
MMOT,test,official_detector,exposed exploratory retest,official detector,data42-1,ocsort,P-G+V,path_g_full_reassign,P-G,56.903225806451616,1.7695852534562277,-0.036866359446996455,57.23848944075161,1.9196411468789734,0.06939787198955116,123,-37,1
MMOT,test,official_detector,exposed exploratory retest,official detector,data42-2,bytetrack,None,no_refinement,None,50.59760956175299,0.0,0.0,59.52779261643734,0.0,0.0,62,0,0
MMOT,test,official_detector,exposed exploratory retest,official detector,data42-2,bytetrack,v1,ace_v1,None,51.32802124833997,0.730411686586983,0.730411686586983,59.719871985622284,0.1920793691849454,0.1920793691849454,46,-16,-16
MMOT,test,official_detector,exposed exploratory retest,official detector,data42-2,bytetrack,H,cost_h,None,51.460823373173966,0.8632138114209766,0.8632138114209766,59.72944964022177,0.20165702378443484,0.20165702378443484,45,-17,-17
MMOT,test,official_detector,exposed exploratory retest,official detector,data42-2,bytetrack,H+V,cost_h_full_reassign,H,51.460823373173966,0.8632138114209766,0.0,59.72944964022177,0.20165702378443484,0.0,45,-17,0
MMOT,test,official_detector,exposed exploratory retest,official detector,data42-2,bytetrack,P-G,path_g,None,51.460823373173966,0.8632138114209766,0.8632138114209766,59.72944964022177,0.20165702378443484,0.20165702378443484,45,-17,-17
MMOT,test,official_detector,exposed exploratory retest,official detector,data42-2,bytetrack,P-G+V,path_g_full_reassign,P-G,51.460823373173966,0.8632138114209766,0.0,59.72944964022177,0.20165702378443484,0.0,45,-17,0
MMOT,test,official_detector,exposed exploratory retest,official detector,data42-2,deepocsort,None,no_refinement,None,69.29088277858176,0.0,0.0,69.5639773343225,0.0,0.0,34,0,0
MMOT,test,official_detector,exposed exploratory retest,official detector,data42-2,deepocsort,v1,ace_v1,None,69.98552821997106,0.694645441389298,0.694645441389298,69.93979914516983,0.37582181084732724,0.37582181084732724,28,-6,-6
MMOT,test,official_detector,exposed exploratory retest,official detector,data42-2,deepocsort,H,cost_h,None,70.85383502170767,1.5629522431259062,1.5629522431259062,70.8985376245601,1.3345602902376044,1.3345602902376044,27,-7,-7
MMOT,test,official_detector,exposed exploratory retest,official detector,data42-2,deepocsort,H+V,cost_h_full_reassign,H,70.96960926193921,1.6787264833574511,0.11577424023154492,71.13377003294362,1.5697926986211144,0.23523240838351,27,-7,0
MMOT,test,official_detector,exposed exploratory retest,official detector,data42-2,deepocsort,P-G,path_g,None,70.85383502170767,1.5629522431259062,1.5629522431259062,70.8985376245601,1.3345602902376044,1.3345602902376044,27,-7,-7
MMOT,test,official_detector,exposed exploratory retest,official detector,data42-2,deepocsort,P-G+V,path_g_full_reassign,P-G,70.96960926193921,1.6787264833574511,0.11577424023154492,71.13377003294362,1.5697926986211144,0.23523240838351,27,-7,0
MMOT,test,official_detector,exposed exploratory retest,official detector,data42-2,ocsort,None,no_refinement,None,47.53237661883094,0.0,0.0,70.71433135247109,0.0,0.0,44,0,0
MMOT,test,official_detector,exposed exploratory retest,official detector,data42-2,ocsort,v1,ace_v1,None,49.002450122506126,1.470073503675188,1.470073503675188,70.4870791766378,-0.22725217583328572,-0.22725217583328572,22,-22,-22
MMOT,test,official_detector,exposed exploratory retest,official detector,data42-2,ocsort,H,cost_h,None,49.352467623381166,1.8200910045502283,1.8200910045502283,70.87032470124602,0.15599334877492765,0.15599334877492765,17,-27,-27
MMOT,test,official_detector,exposed exploratory retest,official detector,data42-2,ocsort,H+V,cost_h_full_reassign,H,49.21246062303115,1.6800840042002108,-0.14000700035001756,70.78004248772982,0.06571113525872363,-0.09028221351620402,19,-25,2
MMOT,test,official_detector,exposed exploratory retest,official detector,data42-2,ocsort,P-G,path_g,None,49.352467623381166,1.8200910045502283,1.8200910045502283,70.87032470124602,0.15599334877492765,0.15599334877492765,17,-27,-27
MMOT,test,official_detector,exposed exploratory retest,official detector,data42-2,ocsort,P-G+V,path_g_full_reassign,P-G,49.21246062303115,1.6800840042002108,-0.14000700035001756,70.78004248772982,0.06571113525872363,-0.09028221351620402,19,-25,2
MMOT,test,official_detector,exposed exploratory retest,official detector,data42-3,bytetrack,None,no_refinement,None,73.98171238570241,0.0,0.0,62.082453650078286,0.0,0.0,61,0,0
MMOT,test,official_detector,exposed exploratory retest,official detector,data42-3,bytetrack,v1,ace_v1,None,74.97921862011637,0.9975062344139616,0.9975062344139616,62.54624697622629,0.46379332614800717,0.46379332614800717,60,-1,-1
MMOT,test,official_detector,exposed exploratory retest,official detector,data42-3,bytetrack,H,cost_h,None,74.72984206151288,0.7481296758104747,0.7481296758104747,62.41603214506052,0.333578494982234,0.333578494982234,57,-4,-4
MMOT,test,official_detector,exposed exploratory retest,official detector,data42-3,bytetrack,H+V,cost_h_full_reassign,H,74.72984206151288,0.7481296758104747,0.0,62.41652097038685,0.3340673203085629,0.0004888253263288789,57,-4,0
MMOT,test,official_detector,exposed exploratory retest,official detector,data42-3,bytetrack,P-G,path_g,None,74.72984206151288,0.7481296758104747,0.7481296758104747,62.41603214506052,0.333578494982234,0.333578494982234,57,-4,-4
MMOT,test,official_detector,exposed exploratory retest,official detector,data42-3,bytetrack,P-G+V,path_g_full_reassign,P-G,74.72984206151288,0.7481296758104747,0.0,62.41652097038685,0.3340673203085629,0.0004888253263288789,57,-4,0
MMOT,test,official_detector,exposed exploratory retest,official detector,data42-3,deepocsort,None,no_refinement,None,86.14483047300125,0.0,0.0,89.4921530792268,0.0,0.0,9,0,0
MMOT,test,official_detector,exposed exploratory retest,official detector,data42-3,deepocsort,v1,ace_v1,None,86.73084972791963,0.5860192549183836,0.5860192549183836,89.7689211514475,0.27676807222070465,0.27676807222070465,3,-6,-6
MMOT,test,official_detector,exposed exploratory retest,official detector,data42-3,deepocsort,H,cost_h,None,86.73084972791963,0.5860192549183836,0.5860192549183836,89.7689211514475,0.27676807222070465,0.27676807222070465,3,-6,-6
MMOT,test,official_detector,exposed exploratory retest,official detector,data42-3,deepocsort,H+V,cost_h_full_reassign,H,86.5634156550858,0.41858518208455564,-0.16743407283382794,89.68564121488055,0.19348813565375167,-0.08327993656695298,4,-5,1
MMOT,test,official_detector,exposed exploratory retest,official detector,data42-3,deepocsort,P-G,path_g,None,86.73084972791963,0.5860192549183836,0.5860192549183836,89.7689211514475,0.27676807222070465,0.27676807222070465,3,-6,-6
MMOT,test,official_detector,exposed exploratory retest,official detector,data42-3,deepocsort,P-G+V,path_g_full_reassign,P-G,86.5634156550858,0.41858518208455564,-0.16743407283382794,89.68564121488055,0.19348813565375167,-0.08327993656695298,4,-5,1
MMOT,test,official_detector,exposed exploratory retest,official detector,data42-3,ocsort,None,no_refinement,None,70.07237122179652,0.0,0.0,63.2147333930411,0.0,0.0,58,0,0
MMOT,test,official_detector,exposed exploratory retest,official detector,data42-3,ocsort,v1,ace_v1,None,71.86036611323968,1.7879948914431623,1.7879948914431623,64.65769120559598,1.44295781255488,1.44295781255488,45,-13,-13
MMOT,test,official_detector,exposed exploratory retest,official detector,data42-3,ocsort,H,cost_h,None,72.4563644103874,2.3839931885908783,2.3839931885908783,64.85774007485358,1.64300668181248,1.64300668181248,38,-20,-20
MMOT,test,official_detector,exposed exploratory retest,official detector,data42-3,ocsort,H+V,cost_h_full_reassign,H,72.37122179650916,2.2988505747126453,-0.08514261387823296,64.84979795715749,1.6350645641163908,-0.007942117696089213,37,-21,-1
MMOT,test,official_detector,exposed exploratory retest,official detector,data42-3,ocsort,P-G,path_g,None,72.37122179650916,2.2988505747126453,2.2988505747126453,64.84979795715749,1.6350645641163908,1.6350645641163908,37,-21,-21
MMOT,test,official_detector,exposed exploratory retest,official detector,data42-3,ocsort,P-G+V,path_g_full_reassign,P-G,72.37122179650916,2.2988505747126453,0.0,64.84979795715749,1.6350645641163908,0.0,37,-21,0
MMOT,test,official_detector,exposed exploratory retest,official detector,data46-11,bytetrack,None,no_refinement,None,38.282350990632516,0.0,0.0,37.57406737276339,0.0,0.0,326,0,0
MMOT,test,official_detector,exposed exploratory retest,official detector,data46-11,bytetrack,v1,ace_v1,None,41.51537760092846,3.233026610295944,3.233026610295944,41.8112620071153,4.237194634351916,4.237194634351916,269,-57,-57
MMOT,test,official_detector,exposed exploratory retest,official detector,data46-11,bytetrack,H,cost_h,None,43.206499212467875,4.92414822183536,4.92414822183536,43.37478025099351,5.800712878230122,5.800712878230122,250,-76,-76
MMOT,test,official_detector,exposed exploratory retest,official detector,data46-11,bytetrack,H+V,cost_h_full_reassign,H,42.49357539583851,4.211224405205996,-0.7129238166293632,42.931657281839485,5.357589909076097,-0.44312296915402527,253,-73,3
MMOT,test,official_detector,exposed exploratory retest,official detector,data46-11,bytetrack,P-G,path_g,None,42.543314266766146,4.26096327613363,4.26096327613363,42.98776972483698,5.413702352073592,5.413702352073592,252,-74,-74
MMOT,test,official_detector,exposed exploratory retest,official detector,data46-11,bytetrack,P-G+V,path_g_full_reassign,P-G,42.49357539583851,4.211224405205996,-0.04973887092763363,42.931657281839485,5.357589909076097,-0.05611244299749529,253,-73,1
MMOT,test,official_detector,exposed exploratory retest,official detector,data46-11,deepocsort,None,no_refinement,None,57.278797996661105,0.0,0.0,75.55388778176791,0.0,0.0,9,0,0
MMOT,test,official_detector,exposed exploratory retest,official detector,data46-11,deepocsort,v1,ace_v1,None,57.42904841402338,0.15025041736227251,0.15025041736227251,75.62643869783868,0.07255091607076736,0.07255091607076736,5,-4,-4
MMOT,test,official_detector,exposed exploratory retest,official detector,data46-11,deepocsort,H,cost_h,None,57.42904841402338,0.15025041736227251,0.15025041736227251,75.62643869783868,0.07255091607076736,0.07255091607076736,5,-4,-4
MMOT,test,official_detector,exposed exploratory retest,official detector,data46-11,deepocsort,H+V,cost_h_full_reassign,H,57.42904841402338,0.15025041736227251,0.0,75.62643869783868,0.07255091607076736,0.0,5,-4,0
MMOT,test,official_detector,exposed exploratory retest,official detector,data46-11,deepocsort,P-G,path_g,None,57.42904841402338,0.15025041736227251,0.15025041736227251,75.62643869783868,0.07255091607076736,0.07255091607076736,5,-4,-4
MMOT,test,official_detector,exposed exploratory retest,official detector,data46-11,deepocsort,P-G+V,path_g_full_reassign,P-G,57.42904841402338,0.15025041736227251,0.0,75.62643869783868,0.07255091607076736,0.0,5,-4,0
MMOT,test,official_detector,exposed exploratory retest,official detector,data46-11,ocsort,None,no_refinement,None,38.74290702749891,0.0,0.0,44.606314948155436,0.0,0.0,193,0,0
MMOT,test,official_detector,exposed exploratory retest,official detector,data46-11,ocsort,v1,ace_v1,None,41.728502837189005,2.9855958096900963,2.9855958096900963,48.72469945414789,4.118384505992452,4.118384505992452,131,-62,-62
MMOT,test,official_detector,exposed exploratory retest,official detector,data46-11,ocsort,H,cost_h,None,42.741161065037105,3.998254037538196,3.998254037538196,49.91302323869521,5.306708290539774,5.306708290539774,116,-77,-77
MMOT,test,official_detector,exposed exploratory retest,official detector,data46-11,ocsort,H+V,cost_h_full_reassign,H,42.61894369271061,3.8760366652117,-0.12221737232649588,49.88230754768128,5.275992599525843,-0.030715691013931234,117,-76,1
MMOT,test,official_detector,exposed exploratory retest,official detector,data46-11,ocsort,P-G,path_g,None,42.32213007420341,3.5792230467044988,3.5792230467044988,49.517333276933655,4.911018328778219,4.911018328778219,117,-76,-76
MMOT,test,official_detector,exposed exploratory retest,official detector,data46-11,ocsort,P-G+V,path_g_full_reassign,P-G,42.199912701876904,3.4570056743779958,-0.12221737232650298,49.486318920046266,4.8800039718908295,-0.031014356887389738,119,-74,2
MMOT,test,official_detector,exposed exploratory retest,official detector,data46-12,bytetrack,None,no_refinement,None,58.93306492199295,0.0,0.0,74.67145904360906,0.0,0.0,127,0,0
MMOT,test,official_detector,exposed exploratory retest,official detector,data46-12,bytetrack,v1,ace_v1,None,60.59386009058883,1.6607951685958753,1.6607951685958753,75.43561684153643,0.7641577979273677,0.7641577979273677,91,-36,-36
MMOT,test,official_detector,exposed exploratory retest,official detector,data46-12,bytetrack,H,cost_h,None,61.77654755913438,2.8434826371414275,2.8434826371414275,76.08889568185597,1.4174366382469117,1.4174366382469117,80,-47,-47
MMOT,test,official_detector,exposed exploratory retest,official detector,data46-12,bytetrack,H+V,cost_h_full_reassign,H,61.348766985405135,2.4157020634121835,-0.42778057372924394,75.7871122689552,1.1156532253461364,-0.30178341290077526,76,-51,-4
MMOT,test,official_detector,exposed exploratory retest,official detector,data46-12,bytetrack,P-G,path_g,None,61.55007549068948,2.6170105686965286,2.6170105686965286,75.97651572917762,1.3050566855685588,1.3050566855685588,75,-52,-52
MMOT,test,official_detector,exposed exploratory retest,official detector,data46-12,bytetrack,P-G+V,path_g_full_reassign,P-G,61.348766985405135,2.4157020634121835,-0.20130850528434507,75.7871122689552,1.1156532253461364,-0.18940346022242238,76,-51,1
MMOT,test,official_detector,exposed exploratory retest,official detector,data46-12,deepocsort,None,no_refinement,None,67.94499810773307,0.0,0.0,85.7627428282026,0.0,0.0,3,0,0
MMOT,test,official_detector,exposed exploratory retest,official detector,data46-12,deepocsort,v1,ace_v1,None,67.7431563012489,-0.20184180648416827,-0.20184180648416827,85.45719127781935,-0.30555155038325665,-0.30555155038325665,2,-1,-1
MMOT,test,official_detector,exposed exploratory retest,official detector,data46-12,deepocsort,H,cost_h,None,67.7431563012489,-0.20184180648416827,-0.20184180648416827,85.45719127781935,-0.30555155038325665,-0.30555155038325665,2,-1,-1
MMOT,test,official_detector,exposed exploratory retest,official detector,data46-12,deepocsort,H+V,cost_h_full_reassign,H,67.7431563012489,-0.20184180648416827,0.0,85.52683482143779,-0.2359080067648165,0.06964354361844016,2,-1,0
MMOT,test,official_detector,exposed exploratory retest,official detector,data46-12,deepocsort,P-G,path_g,None,67.7431563012489,-0.20184180648416827,-0.20184180648416827,85.45719127781935,-0.30555155038325665,-0.30555155038325665,2,-1,-1
MMOT,test,official_detector,exposed exploratory retest,official detector,data46-12,deepocsort,P-G+V,path_g_full_reassign,P-G,67.7431563012489,-0.20184180648416827,0.0,85.52683482143779,-0.2359080067648165,0.06964354361844016,2,-1,0
MMOT,test,official_detector,exposed exploratory retest,official detector,data46-12,ocsort,None,no_refinement,None,59.53682019255789,0.0,0.0,83.3150845838068,0.0,0.0,72,0,0
MMOT,test,official_detector,exposed exploratory retest,official detector,data46-12,ocsort,v1,ace_v1,None,60.811865729898514,1.275045537340624,1.275045537340624,83.92813189008709,0.6130473062802935,0.6130473062802935,46,-26,-26
MMOT,test,official_detector,exposed exploratory retest,official detector,data46-12,ocsort,H,cost_h,None,61.61852719229769,2.081706999739801,2.081706999739801,84.26833956238801,0.9532549785812137,0.9532549785812137,30,-42,-42
MMOT,test,official_detector,exposed exploratory retest,official detector,data46-12,ocsort,H+V,cost_h_full_reassign,H,61.67056986729118,2.133749674733288,0.052042674993487026,84.27368299266335,0.9585984088565596,0.005343430275345895,34,-38,4
MMOT,test,official_detector,exposed exploratory retest,official detector,data46-12,ocsort,P-G,path_g,None,61.69659120478792,2.1597710122300313,2.1597710122300313,84.28532108328687,0.9702364994800803,0.9702364994800803,30,-42,-42
MMOT,test,official_detector,exposed exploratory retest,official detector,data46-12,ocsort,P-G+V,path_g_full_reassign,P-G,61.67056986729118,2.133749674733288,-0.026021337496743513,84.27368299266335,0.9585984088565596,-0.011638090623520725,34,-38,4
MMOT,test,official_detector,exposed exploratory retest,official detector,data47-1,bytetrack,None,no_refinement,None,13.291139240506327,0.0,0.0,10.47159234923156,0.0,0.0,27,0,0
MMOT,test,official_detector,exposed exploratory retest,official detector,data47-1,bytetrack,v1,ace_v1,None,13.924050632911392,0.6329113924050649,0.6329113924050649,13.522126686317627,3.0505343370860665,3.0505343370860665,25,-2,-2
MMOT,test,official_detector,exposed exploratory retest,official detector,data47-1,bytetrack,H,cost_h,None,15.18987341772152,1.8987341772151929,1.8987341772151929,13.661148673652853,3.189556324421293,3.189556324421293,23,-4,-4
MMOT,test,official_detector,exposed exploratory retest,official detector,data47-1,bytetrack,H+V,cost_h_full_reassign,H,14.556962025316455,1.265822784810128,-0.6329113924050649,13.64683746759152,3.1752451183599604,-0.014311206061332626,23,-4,0
MMOT,test,official_detector,exposed exploratory retest,official detector,data47-1,bytetrack,P-G,path_g,None,14.556962025316455,1.265822784810128,1.265822784810128,13.641509074086432,3.169916724854872,3.169916724854872,23,-4,-4
MMOT,test,official_detector,exposed exploratory retest,official detector,data47-1,bytetrack,P-G+V,path_g_full_reassign,P-G,14.556962025316455,1.265822784810128,0.0,13.64683746759152,3.1752451183599604,0.005328393505088513,23,-4,0
MMOT,test,official_detector,exposed exploratory retest,official detector,data47-1,deepocsort,None,no_refinement,None,87.52556237218813,0.0,0.0,79.05820049098897,0.0,0.0,5,0,0
MMOT,test,official_detector,exposed exploratory retest,official detector,data47-1,deepocsort,v1,ace_v1,None,87.52556237218813,0.0,0.0,79.07385745412695,0.015656963137985258,0.015656963137985258,4,-1,-1
MMOT,test,official_detector,exposed exploratory retest,official detector,data47-1,deepocsort,H,cost_h,None,87.93456032719837,0.4089979550102356,0.4089979550102356,79.60922704393836,0.551026552949395,0.551026552949395,3,-2,-2
MMOT,test,official_detector,exposed exploratory retest,official detector,data47-1,deepocsort,H+V,cost_h_full_reassign,H,87.93456032719837,0.4089979550102356,0.0,79.60922704393836,0.551026552949395,0.0,3,-2,0
MMOT,test,official_detector,exposed exploratory retest,official detector,data47-1,deepocsort,P-G,path_g,None,87.93456032719837,0.4089979550102356,0.4089979550102356,79.60922704393836,0.551026552949395,0.551026552949395,3,-2,-2
MMOT,test,official_detector,exposed exploratory retest,official detector,data47-1,deepocsort,P-G+V,path_g_full_reassign,P-G,87.93456032719837,0.4089979550102356,0.0,79.60922704393836,0.551026552949395,0.0,3,-2,0
MMOT,test,official_detector,exposed exploratory retest,official detector,data47-1,ocsort,None,no_refinement,None,10.638297872340425,0.0,0.0,11.503123183728658,0.0,0.0,13,0,0
MMOT,test,official_detector,exposed exploratory retest,official detector,data47-1,ocsort,v1,ace_v1,None,11.347517730496454,0.709219858156029,0.709219858156029,13.77794477318436,2.274821589455703,2.274821589455703,11,-2,-2
MMOT,test,official_detector,exposed exploratory retest,official detector,data47-1,ocsort,H,cost_h,None,17.73049645390071,7.092198581560284,7.092198581560284,15.315288640382304,3.8121654566536467,3.8121654566536467,2,-11,-11
MMOT,test,official_detector,exposed exploratory retest,official detector,data47-1,ocsort,H+V,cost_h_full_reassign,H,14.893617021276595,4.25531914893617,-2.836879432624114,14.568929971948604,3.0658067882199465,-0.7463586684337002,6,-7,4
MMOT,test,official_detector,exposed exploratory retest,official detector,data47-1,ocsort,P-G,path_g,None,16.312056737588655,5.67375886524823,5.67375886524823,14.78804929146926,3.2849261077406027,3.2849261077406027,6,-7,-7
MMOT,test,official_detector,exposed exploratory retest,official detector,data47-1,ocsort,P-G+V,path_g_full_reassign,P-G,14.893617021276595,4.25531914893617,-1.4184397163120597,14.568929971948604,3.0658067882199465,-0.21911931952065622,6,-7,0
MMOT,test,official_detector,exposed exploratory retest,official detector,data47-2,bytetrack,None,no_refinement,None,33.903002309468825,0.0,0.0,32.37660814309764,0.0,0.0,82,0,0
MMOT,test,official_detector,exposed exploratory retest,official detector,data47-2,bytetrack,v1,ace_v1,None,35.01154734411085,1.1085450346420274,1.1085450346420274,32.98764503168582,0.6110368885881812,0.6110368885881812,73,-9,-9
MMOT,test,official_detector,exposed exploratory retest,official detector,data47-2,bytetrack,H,cost_h,None,36.212471131639724,2.309468822170899,2.309468822170899,33.67999844573858,1.303390302640942,1.303390302640942,61,-21,-21
MMOT,test,official_detector,exposed exploratory retest,official detector,data47-2,bytetrack,H+V,cost_h_full_reassign,H,35.750577367205544,1.8475750577367194,-0.46189376443417984,33.424260027622076,1.0476518845244343,-0.25573841811650766,63,-19,2
MMOT,test,official_detector,exposed exploratory retest,official detector,data47-2,bytetrack,P-G,path_g,None,36.39722863741339,2.494226327944567,2.494226327944567,33.634703764178845,1.2580956210812033,1.2580956210812033,61,-21,-21
MMOT,test,official_detector,exposed exploratory retest,official detector,data47-2,bytetrack,P-G+V,path_g_full_reassign,P-G,35.750577367205544,1.8475750577367194,-0.6466512702078475,33.424260027622076,1.0476518845244343,-0.21044373655676907,63,-19,2
MMOT,test,official_detector,exposed exploratory retest,official detector,data47-2,deepocsort,None,no_refinement,None,65.76842105263158,0.0,0.0,78.75990880085804,0.0,0.0,3,0,0
MMOT,test,official_detector,exposed exploratory retest,official detector,data47-2,deepocsort,v1,ace_v1,None,66.02105263157895,0.25263157894737276,0.25263157894737276,78.86170010602498,0.10179130516694102,0.10179130516694102,0,-3,-3
MMOT,test,official_detector,exposed exploratory retest,official detector,data47-2,deepocsort,H,cost_h,None,66.02105263157895,0.25263157894737276,0.25263157894737276,78.86170010602498,0.10179130516694102,0.10179130516694102,0,-3,-3
MMOT,test,official_detector,exposed exploratory retest,official detector,data47-2,deepocsort,H+V,cost_h_full_reassign,H,66.02105263157895,0.25263157894737276,0.0,78.86170010602498,0.10179130516694102,0.0,0,-3,0
MMOT,test,official_detector,exposed exploratory retest,official detector,data47-2,deepocsort,P-G,path_g,None,66.02105263157895,0.25263157894737276,0.25263157894737276,78.86170010602498,0.10179130516694102,0.10179130516694102,0,-3,-3
MMOT,test,official_detector,exposed exploratory retest,official detector,data47-2,deepocsort,P-G+V,path_g_full_reassign,P-G,66.02105263157895,0.25263157894737276,0.0,78.86170010602498,0.10179130516694102,0.0,0,-3,0
MMOT,test,official_detector,exposed exploratory retest,official detector,data47-2,ocsort,None,no_refinement,None,24.77596204533474,0.0,0.0,38.3015844212919,0.0,0.0,48,0,0
MMOT,test,official_detector,exposed exploratory retest,official detector,data47-2,ocsort,v1,ace_v1,None,25.51396942540854,0.7380073800737996,0.7380073800737996,38.55224199540334,0.2506575741114432,0.2506575741114432,37,-11,-11
MMOT,test,official_detector,exposed exploratory retest,official detector,data47-2,ocsort,H,cost_h,None,26.884554559831315,2.108592514496575,2.108592514496575,39.05855889766262,0.756974476370722,0.756974476370722,29,-19,-19
MMOT,test,official_detector,exposed exploratory retest,official detector,data47-2,ocsort,H+V,cost_h_full_reassign,H,26.041117554032684,1.2651555086979442,-0.8434370057986307,38.85861919233629,0.5570347710443926,-0.19993970532632943,33,-15,4
MMOT,test,official_detector,exposed exploratory retest,official detector,data47-2,ocsort,P-G,path_g,None,26.884554559831315,2.108592514496575,2.108592514496575,39.060463315181515,0.7588788938896158,0.7588788938896158,29,-19,-19
MMOT,test,official_detector,exposed exploratory retest,official detector,data47-2,ocsort,P-G+V,path_g_full_reassign,P-G,26.041117554032684,1.2651555086979442,-0.8434370057986307,38.85861919233629,0.5570347710443926,-0.20184412284522324,33,-15,4
MMOT,test,official_detector,exposed exploratory retest,official detector,data47-3,bytetrack,None,no_refinement,None,50.442890442890445,0.0,0.0,48.3448638754986,0.0,0.0,136,0,0
MMOT,test,official_detector,exposed exploratory retest,official detector,data47-3,bytetrack,v1,ace_v1,None,54.82517482517483,4.382284382284382,4.382284382284382,53.944314777857294,5.59945090235869,5.59945090235869,99,-37,-37
MMOT,test,official_detector,exposed exploratory retest,official detector,data47-3,bytetrack,H,cost_h,None,55.757575757575765,5.31468531468532,5.31468531468532,55.01715333780862,6.672289462310019,6.672289462310019,84,-52,-52
MMOT,test,official_detector,exposed exploratory retest,official detector,data47-3,bytetrack,H+V,cost_h_full_reassign,H,55.52447552447553,5.081585081585082,-0.23310023310023809,54.590225838423564,6.24536196292496,-0.4269274993850587,89,-47,5
MMOT,test,official_detector,exposed exploratory retest,official detector,data47-3,bytetrack,P-G,path_g,None,55.66433566433566,5.221445221445215,5.221445221445215,55.00634022282331,6.661476347324708,6.661476347324708,86,-50,-50
MMOT,test,official_detector,exposed exploratory retest,official detector,data47-3,bytetrack,P-G+V,path_g_full_reassign,P-G,55.571095571095576,5.128205128205131,-0.09324009324008387,54.593677839419556,6.248813963920952,-0.41266238340375594,89,-47,3
MMOT,test,official_detector,exposed exploratory retest,official detector,data47-3,deepocsort,None,no_refinement,None,64.5527685754851,0.0,0.0,77.61407023130836,0.0,0.0,5,0,0
MMOT,test,official_detector,exposed exploratory retest,official detector,data47-3,deepocsort,v1,ace_v1,None,65.16800757217227,0.6152389966871681,0.6152389966871681,78.33606335993647,0.7219931286281138,0.7219931286281138,2,-3,-3
MMOT,test,official_detector,exposed exploratory retest,official detector,data47-3,deepocsort,H,cost_h,None,65.21533364884051,0.6625650733554096,0.6625650733554096,78.41835514181801,0.8042849105096508,0.8042849105096508,1,-4,-4
MMOT,test,official_detector,exposed exploratory retest,official detector,data47-3,deepocsort,H+V,cost_h_full_reassign,H,64.69474680548983,0.14197823000472454,-0.5205868433506851,77.73783201586805,0.12376178455969011,-0.6805231259499607,2,-3,1
MMOT,test,official_detector,exposed exploratory retest,official detector,data47-3,deepocsort,P-G,path_g,None,65.21533364884051,0.6625650733554096,0.6625650733554096,78.41835514181801,0.8042849105096508,0.8042849105096508,1,-4,-4
MMOT,test,official_detector,exposed exploratory retest,official detector,data47-3,deepocsort,P-G+V,path_g_full_reassign,P-G,64.69474680548983,0.14197823000472454,-0.5205868433506851,77.73783201586805,0.12376178455969011,-0.6805231259499607,2,-3,1
MMOT,test,official_detector,exposed exploratory retest,official detector,data47-3,ocsort,None,no_refinement,None,48.177733399900156,0.0,0.0,58.34141150361107,0.0,0.0,59,0,0
MMOT,test,official_detector,exposed exploratory retest,official detector,data47-3,ocsort,v1,ace_v1,None,49.725411882176736,1.5476784822765808,1.5476784822765808,61.091548450119625,2.7501369465085546,2.7501369465085546,47,-12,-12
MMOT,test,official_detector,exposed exploratory retest,official detector,data47-3,ocsort,H,cost_h,None,49.975037443834246,1.7973040439340906,1.7973040439340906,61.11632286099603,2.7749113573849584,2.7749113573849584,41,-18,-18
MMOT,test,official_detector,exposed exploratory retest,official detector,data47-3,ocsort,H+V,cost_h_full_reassign,H,49.77533699450824,1.5976035946080813,-0.19970044932600928,61.09921711930535,2.7578056156942807,-0.01710574169067769,45,-14,4
MMOT,test,official_detector,exposed exploratory retest,official detector,data47-3,ocsort,P-G,path_g,None,49.77533699450824,1.5976035946080813,1.5976035946080813,61.09878148702019,2.75736998340912,2.75736998340912,45,-14,-14
MMOT,test,official_detector,exposed exploratory retest,official detector,data47-3,ocsort,P-G+V,path_g_full_reassign,P-G,49.77533699450824,1.5976035946080813,0.0,61.09921711930535,2.7578056156942807,0.00043563228516063646,45,-14,0
MMOT,test,official_detector,exposed exploratory retest,official detector,data47-4,bytetrack,None,no_refinement,None,42.42424242424242,0.0,0.0,50.253703650921686,0.0,0.0,32,0,0
MMOT,test,official_detector,exposed exploratory retest,official detector,data47-4,bytetrack,v1,ace_v1,None,43.73464373464373,1.3104013104013106,1.3104013104013106,50.67032071193424,0.4166170610125519,0.4166170610125519,22,-10,-10
MMOT,test,official_detector,exposed exploratory retest,official detector,data47-4,bytetrack,H,cost_h,None,44.22604422604422,1.8018018018018012,1.8018018018018012,50.695326847694275,0.4416231967725892,0.4416231967725892,21,-11,-11
MMOT,test,official_detector,exposed exploratory retest,official detector,data47-4,bytetrack,H+V,cost_h_full_reassign,H,44.22604422604422,1.8018018018018012,0.0,50.695326847694275,0.4416231967725892,0.0,21,-11,0
MMOT,test,official_detector,exposed exploratory retest,official detector,data47-4,bytetrack,P-G,path_g,None,44.22604422604422,1.8018018018018012,1.8018018018018012,50.695326847694275,0.4416231967725892,0.4416231967725892,21,-11,-11
MMOT,test,official_detector,exposed exploratory retest,official detector,data47-4,bytetrack,P-G+V,path_g_full_reassign,P-G,44.22604422604422,1.8018018018018012,0.0,50.695326847694275,0.4416231967725892,0.0,21,-11,0
MMOT,test,official_detector,exposed exploratory retest,official detector,data47-4,deepocsort,None,no_refinement,None,73.44877344877345,0.0,0.0,72.8584488212006,0.0,0.0,2,0,0
MMOT,test,official_detector,exposed exploratory retest,official detector,data47-4,deepocsort,v1,ace_v1,None,73.59307359307358,0.14430014430013216,0.14430014430013216,72.9156369316078,0.0571881104072105,0.0571881104072105,1,-1,-1
MMOT,test,official_detector,exposed exploratory retest,official detector,data47-4,deepocsort,H,cost_h,None,73.59307359307358,0.14430014430013216,0.14430014430013216,72.9156369316078,0.0571881104072105,0.0571881104072105,1,-1,-1
MMOT,test,official_detector,exposed exploratory retest,official detector,data47-4,deepocsort,H+V,cost_h_full_reassign,H,73.59307359307358,0.14430014430013216,0.0,72.9156369316078,0.0571881104072105,0.0,1,-1,0
MMOT,test,official_detector,exposed exploratory retest,official detector,data47-4,deepocsort,P-G,path_g,None,73.59307359307358,0.14430014430013216,0.14430014430013216,72.9156369316078,0.0571881104072105,0.0571881104072105,1,-1,-1
MMOT,test,official_detector,exposed exploratory retest,official detector,data47-4,deepocsort,P-G+V,path_g_full_reassign,P-G,73.59307359307358,0.14430014430013216,0.0,72.9156369316078,0.0571881104072105,0.0,1,-1,0
MMOT,test,official_detector,exposed exploratory retest,official detector,data47-4,ocsort,None,no_refinement,None,39.35599284436494,0.0,0.0,55.90959626848437,0.0,0.0,16,0,0
MMOT,test,official_detector,exposed exploratory retest,official detector,data47-4,ocsort,v1,ace_v1,None,39.89266547406082,0.5366726296958788,0.5366726296958788,57.15999021109497,1.2503939426106,1.2503939426106,11,-5,-5
MMOT,test,official_detector,exposed exploratory retest,official detector,data47-4,ocsort,H,cost_h,None,39.89266547406082,0.5366726296958788,0.5366726296958788,57.15999021109497,1.2503939426106,1.2503939426106,11,-5,-5
MMOT,test,official_detector,exposed exploratory retest,official detector,data47-4,ocsort,H+V,cost_h_full_reassign,H,39.89266547406082,0.5366726296958788,0.0,57.15999021109497,1.2503939426106,0.0,11,-5,0
MMOT,test,official_detector,exposed exploratory retest,official detector,data47-4,ocsort,P-G,path_g,None,39.89266547406082,0.5366726296958788,0.5366726296958788,57.15999021109497,1.2503939426106,1.2503939426106,11,-5,-5
MMOT,test,official_detector,exposed exploratory retest,official detector,data47-4,ocsort,P-G+V,path_g_full_reassign,P-G,39.89266547406082,0.5366726296958788,0.0,57.15999021109497,1.2503939426106,0.0,11,-5,0
MMOT,test,official_detector,exposed exploratory retest,official detector,data48-1,bytetrack,None,no_refinement,None,6.583072100313479,0.0,0.0,15.476207973076296,0.0,0.0,19,0,0
MMOT,test,official_detector,exposed exploratory retest,official detector,data48-1,bytetrack,v1,ace_v1,None,6.896551724137931,0.3134796238244517,0.3134796238244517,15.581236518779882,0.10502854570358622,0.10502854570358622,18,-1,-1
MMOT,test,official_detector,exposed exploratory retest,official detector,data48-1,bytetrack,H,cost_h,None,6.896551724137931,0.3134796238244517,0.3134796238244517,15.581236518779882,0.10502854570358622,0.10502854570358622,18,-1,-1
MMOT,test,official_detector,exposed exploratory retest,official detector,data48-1,bytetrack,H+V,cost_h_full_reassign,H,6.896551724137931,0.3134796238244517,0.0,15.581236518779882,0.10502854570358622,0.0,18,-1,0
MMOT,test,official_detector,exposed exploratory retest,official detector,data48-1,bytetrack,P-G,path_g,None,6.896551724137931,0.3134796238244517,0.3134796238244517,15.581236518779882,0.10502854570358622,0.10502854570358622,18,-1,-1
MMOT,test,official_detector,exposed exploratory retest,official detector,data48-1,bytetrack,P-G+V,path_g_full_reassign,P-G,6.896551724137931,0.3134796238244517,0.0,15.581236518779882,0.10502854570358622,0.0,18,-1,0
MMOT,test,official_detector,exposed exploratory retest,official detector,data48-1,deepocsort,None,no_refinement,None,67.54966887417218,0.0,0.0,57.11909072375319,0.0,0.0,2,0,0
MMOT,test,official_detector,exposed exploratory retest,official detector,data48-1,deepocsort,v1,ace_v1,None,67.3289183222958,-0.22075055187637815,-0.22075055187637815,57.070056942400136,-0.04903378135305303,-0.04903378135305303,2,0,0
MMOT,test,official_detector,exposed exploratory retest,official detector,data48-1,deepocsort,H,cost_h,None,67.3289183222958,-0.22075055187637815,-0.22075055187637815,57.070056942400136,-0.04903378135305303,-0.04903378135305303,2,0,0
MMOT,test,official_detector,exposed exploratory retest,official detector,data48-1,deepocsort,H+V,cost_h_full_reassign,H,67.3289183222958,-0.22075055187637815,0.0,57.070056942400136,-0.04903378135305303,0.0,2,0,0
MMOT,test,official_detector,exposed exploratory retest,official detector,data48-1,deepocsort,P-G,path_g,None,67.3289183222958,-0.22075055187637815,-0.22075055187637815,57.070056942400136,-0.04903378135305303,-0.04903378135305303,2,0,0
MMOT,test,official_detector,exposed exploratory retest,official detector,data48-1,deepocsort,P-G+V,path_g_full_reassign,P-G,67.3289183222958,-0.22075055187637815,0.0,57.070056942400136,-0.04903378135305303,0.0,2,0,0
MMOT,test,official_detector,exposed exploratory retest,official detector,data48-1,ocsort,None,no_refinement,None,5.660377358490567,0.0,0.0,12.00118665974614,0.0,0.0,20,0,0
MMOT,test,official_detector,exposed exploratory retest,official detector,data48-1,ocsort,v1,ace_v1,None,8.80503144654088,3.1446540880503138,3.1446540880503138,16.243297361520813,4.242110701774674,4.242110701774674,10,-10,-10
MMOT,test,official_detector,exposed exploratory retest,official detector,data48-1,ocsort,H,cost_h,None,11.949685534591195,6.289308176100628,6.289308176100628,17.508263796227794,5.507077136481655,5.507077136481655,0,-20,-20
MMOT,test,official_detector,exposed exploratory retest,official detector,data48-1,ocsort,H+V,cost_h_full_reassign,H,11.949685534591195,6.289308176100628,0.0,17.508263796227794,5.507077136481655,0.0,0,-20,0
MMOT,test,official_detector,exposed exploratory retest,official detector,data48-1,ocsort,P-G,path_g,None,11.949685534591195,6.289308176100628,6.289308176100628,17.508263796227794,5.507077136481655,5.507077136481655,0,-20,-20
MMOT,test,official_detector,exposed exploratory retest,official detector,data48-1,ocsort,P-G+V,path_g_full_reassign,P-G,11.949685534591195,6.289308176100628,0.0,17.508263796227794,5.507077136481655,0.0,0,-20,0
MMOT,test,official_detector,exposed exploratory retest,official detector,data49-2,bytetrack,None,no_refinement,None,50.11346444780636,0.0,0.0,44.96937817343672,0.0,0.0,142,0,0
MMOT,test,official_detector,exposed exploratory retest,official detector,data49-2,bytetrack,v1,ace_v1,None,51.96671709531013,1.8532526475037727,1.8532526475037727,47.30651912576864,2.3371409523319144,2.3371409523319144,124,-18,-18
MMOT,test,official_detector,exposed exploratory retest,official detector,data49-2,bytetrack,H,cost_h,None,51.96671709531013,1.8532526475037727,1.8532526475037727,47.37485263698763,2.4054744635509095,2.4054744635509095,124,-18,-18
MMOT,test,official_detector,exposed exploratory retest,official detector,data49-2,bytetrack,H+V,cost_h_full_reassign,H,51.96671709531013,1.8532526475037727,0.0,47.4990186616149,2.529640488178174,0.12416602462726445,124,-18,0
MMOT,test,official_detector,exposed exploratory retest,official detector,data49-2,bytetrack,P-G,path_g,None,51.96671709531013,1.8532526475037727,1.8532526475037727,47.37485263698763,2.4054744635509095,2.4054744635509095,124,-18,-18
MMOT,test,official_detector,exposed exploratory retest,official detector,data49-2,bytetrack,P-G+V,path_g_full_reassign,P-G,51.96671709531013,1.8532526475037727,0.0,47.4990186616149,2.529640488178174,0.12416602462726445,124,-18,0
MMOT,test,official_detector,exposed exploratory retest,official detector,data49-2,deepocsort,None,no_refinement,None,66.76347794518061,0.0,0.0,85.05629893148348,0.0,0.0,12,0,0
MMOT,test,official_detector,exposed exploratory retest,official detector,data49-2,deepocsort,v1,ace_v1,None,67.27173715737884,0.5082592121982259,0.5082592121982259,85.88559983000756,0.8293008985240817,0.8293008985240817,8,-4,-4
MMOT,test,official_detector,exposed exploratory retest,official detector,data49-2,deepocsort,H,cost_h,None,67.30804138682156,0.5445634416409462,0.5445634416409462,85.96567714780106,0.9093782163175774,0.9093782163175774,7,-5,-5
MMOT,test,official_detector,exposed exploratory retest,official detector,data49-2,deepocsort,H+V,cost_h_full_reassign,H,67.30804138682156,0.5445634416409462,0.0,85.96567714780106,0.9093782163175774,0.0,7,-5,0
MMOT,test,official_detector,exposed exploratory retest,official detector,data49-2,deepocsort,P-G,path_g,None,67.30804138682156,0.5445634416409462,0.5445634416409462,85.96567714780106,0.9093782163175774,0.9093782163175774,7,-5,-5
MMOT,test,official_detector,exposed exploratory retest,official detector,data49-2,deepocsort,P-G+V,path_g_full_reassign,P-G,67.30804138682156,0.5445634416409462,0.0,85.96567714780106,0.9093782163175774,0.0,7,-5,0
MMOT,test,official_detector,exposed exploratory retest,official detector,data49-2,ocsort,None,no_refinement,None,43.05555555555556,0.0,0.0,48.02055255101641,0.0,0.0,76,0,0
MMOT,test,official_detector,exposed exploratory retest,official detector,data49-2,ocsort,v1,ace_v1,None,44.97549019607843,1.9199346405228752,1.9199346405228752,50.94019447028112,2.9196419192647127,2.9196419192647127,67,-9,-9
MMOT,test,official_detector,exposed exploratory retest,official detector,data49-2,ocsort,H,cost_h,None,45.46568627450981,2.4101307189542496,2.4101307189542496,51.833200424881774,3.812647873865366,3.812647873865366,64,-12,-12
MMOT,test,official_detector,exposed exploratory retest,official detector,data49-2,ocsort,H+V,cost_h_full_reassign,H,45.46568627450981,2.4101307189542496,0.0,52.10788172068308,4.087329169666674,0.27468129580130807,64,-12,0
MMOT,test,official_detector,exposed exploratory retest,official detector,data49-2,ocsort,P-G,path_g,None,45.46568627450981,2.4101307189542496,2.4101307189542496,51.833200424881774,3.812647873865366,3.812647873865366,64,-12,-12
MMOT,test,official_detector,exposed exploratory retest,official detector,data49-2,ocsort,P-G+V,path_g_full_reassign,P-G,45.46568627450981,2.4101307189542496,0.0,52.10788172068308,4.087329169666674,0.27468129580130807,64,-12,0
MMOT,test,oracle_aabb,exposed exploratory retest,oracle AABB,data23-1,bytetrack,None,no_refinement,None,81.70320404721754,0.0,0.0,74.56894942662198,0.0,0.0,89,0,0
MMOT,test,oracle_aabb,exposed exploratory retest,oracle AABB,data23-1,bytetrack,v1,ace_v1,None,82.46205733558179,0.75885328836425,0.75885328836425,74.76238228086059,0.19343285423860834,0.19343285423860834,77,-12,-12
MMOT,test,oracle_aabb,exposed exploratory retest,oracle AABB,data23-1,bytetrack,H,cost_h,None,82.63069139966274,0.9274873524451976,0.9274873524451976,74.98050963357471,0.41156020695272844,0.41156020695272844,71,-18,-18
MMOT,test,oracle_aabb,exposed exploratory retest,oracle AABB,data23-1,bytetrack,H+V,cost_h_full_reassign,H,82.46205733558179,0.75885328836425,-0.1686340640809476,74.8127738227579,0.24382439613592055,-0.16773581081680788,71,-18,0
MMOT,test,oracle_aabb,exposed exploratory retest,oracle AABB,data23-1,bytetrack,P-G,path_g,None,82.63069139966274,0.9274873524451976,0.9274873524451976,74.83092173558448,0.26197230896249835,0.26197230896249835,72,-17,-17
MMOT,test,oracle_aabb,exposed exploratory retest,oracle AABB,data23-1,bytetrack,P-G+V,path_g_full_reassign,P-G,82.46205733558179,0.75885328836425,-0.1686340640809476,74.77211574638233,0.20316631976034216,-0.058805989202156184,73,-16,1
MMOT,test,oracle_aabb,exposed exploratory retest,oracle AABB,data23-1,deepocsort,None,no_refinement,None,95.10319708619991,0.0,0.0,94.4556344365594,0.0,0.0,3,0,0
MMOT,test,oracle_aabb,exposed exploratory retest,oracle AABB,data23-1,deepocsort,v1,ace_v1,None,96.2363415621206,1.1331444759206875,1.1331444759206875,96.15847249999845,1.70283806343906,1.70283806343906,2,-1,-1
MMOT,test,oracle_aabb,exposed exploratory retest,oracle AABB,data23-1,deepocsort,H,cost_h,None,96.2363415621206,1.1331444759206875,1.1331444759206875,96.15847249999845,1.70283806343906,1.70283806343906,2,-1,-1
MMOT,test,oracle_aabb,exposed exploratory retest,oracle AABB,data23-1,deepocsort,H+V,cost_h_full_reassign,H,96.2363415621206,1.1331444759206875,0.0,96.15847249999845,1.70283806343906,0.0,2,-1,0
MMOT,test,oracle_aabb,exposed exploratory retest,oracle AABB,data23-1,deepocsort,P-G,path_g,None,96.2363415621206,1.1331444759206875,1.1331444759206875,96.15847249999845,1.70283806343906,1.70283806343906,2,-1,-1
MMOT,test,oracle_aabb,exposed exploratory retest,oracle AABB,data23-1,deepocsort,P-G+V,path_g_full_reassign,P-G,96.2363415621206,1.1331444759206875,0.0,96.15847249999845,1.70283806343906,0.0,2,-1,0
MMOT,test,oracle_aabb,exposed exploratory retest,oracle AABB,data23-1,ocsort,None,no_refinement,None,75.0339827820571,0.0,0.0,77.32972948804931,0.0,0.0,44,0,0
MMOT,test,oracle_aabb,exposed exploratory retest,oracle AABB,data23-1,ocsort,v1,ace_v1,None,75.30584503851382,0.27186225645672835,0.27186225645672835,77.36498927855459,0.03525979050527894,0.03525979050527894,39,-5,-5
MMOT,test,oracle_aabb,exposed exploratory retest,oracle AABB,data23-1,ocsort,H,cost_h,None,75.39646579066607,0.36248300860897587,0.36248300860897587,77.38958663734778,0.059857149298466084,0.059857149298466084,36,-8,-8
MMOT,test,oracle_aabb,exposed exploratory retest,oracle AABB,data23-1,ocsort,H+V,cost_h_full_reassign,H,75.39646579066607,0.36248300860897587,0.0,77.37433340074176,0.044603912692451786,-0.015253236606014298,38,-6,2
MMOT,test,oracle_aabb,exposed exploratory retest,oracle AABB,data23-1,ocsort,P-G,path_g,None,75.39646579066607,0.36248300860897587,0.36248300860897587,77.37433340074176,0.044603912692451786,0.044603912692451786,38,-6,-6
MMOT,test,oracle_aabb,exposed exploratory retest,oracle AABB,data23-1,ocsort,P-G+V,path_g_full_reassign,P-G,75.39646579066607,0.36248300860897587,0.0,77.37433340074176,0.044603912692451786,0.0,38,-6,0
MMOT,test,oracle_aabb,exposed exploratory retest,oracle AABB,data24-1,bytetrack,None,no_refinement,None,51.023676083724126,0.0,0.0,50.40660245714715,0.0,0.0,1045,0,0
MMOT,test,oracle_aabb,exposed exploratory retest,oracle AABB,data24-1,bytetrack,v1,ace_v1,None,54.6265583895688,3.6028823058446733,3.6028823058446733,52.62357036533301,2.2169679081858575,2.2169679081858575,742,-303,-303
MMOT,test,oracle_aabb,exposed exploratory retest,oracle AABB,data24-1,bytetrack,H,cost_h,None,55.061191810591325,4.037515726867198,4.037515726867198,52.892539107874825,2.4859366507276732,2.4859366507276732,701,-344,-344
MMOT,test,oracle_aabb,exposed exploratory retest,oracle AABB,data24-1,bytetrack,H+V,cost_h_full_reassign,H,54.85531282168592,3.8316367379617944,-0.20587898890540401,52.82811787516174,2.421515418014586,-0.0644212327130873,711,-334,10
MMOT,test,oracle_aabb,exposed exploratory retest,oracle AABB,data24-1,bytetrack,P-G,path_g,None,54.90106370810934,3.8773876243852143,3.8773876243852143,52.85560929589843,2.4490068387512807,2.4490068387512807,707,-338,-338
MMOT,test,oracle_aabb,exposed exploratory retest,oracle AABB,data24-1,bytetrack,P-G+V,path_g_full_reassign,P-G,54.84387510008006,3.820199016355936,-0.0571886080292785,52.826299568619326,2.419697111472175,-0.029309727279105857,714,-331,7
MMOT,test,oracle_aabb,exposed exploratory retest,oracle AABB,data24-1,deepocsort,None,no_refinement,None,75.1922091235264,0.0,0.0,76.04929938496322,0.0,0.0,243,0,0
MMOT,test,oracle_aabb,exposed exploratory retest,oracle AABB,data24-1,deepocsort,v1,ace_v1,None,76.50435674013326,1.3121476166068646,1.3121476166068646,76.8909014986041,0.8416021136408744,0.8416021136408744,176,-67,-67
MMOT,test,oracle_aabb,exposed exploratory retest,oracle AABB,data24-1,deepocsort,H,cost_h,None,78.40082009226037,3.2086109687339786,3.2086109687339786,78.22504851723737,2.1757491322741487,2.1757491322741487,142,-101,-101
MMOT,test,oracle_aabb,exposed exploratory retest,oracle AABB,data24-1,deepocsort,H+V,cost_h_full_reassign,H,77.28344438749359,2.0912352639671923,-1.1173757047667863,77.45523275487427,1.4059333699110539,-0.7698157623630948,157,-86,15
MMOT,test,oracle_aabb,exposed exploratory retest,oracle AABB,data24-1,deepocsort,P-G,path_g,None,77.52947206560738,2.337262942080983,2.337262942080983,77.63141227560382,1.5821128906406017,1.5821128906406017,147,-96,-96
MMOT,test,oracle_aabb,exposed exploratory retest,oracle AABB,data24-1,deepocsort,P-G+V,path_g_full_reassign,P-G,77.37570476678627,2.1834956432598744,-0.1537672988211085,77.50237278750545,1.4530734025422305,-0.12903948809837118,155,-88,8
MMOT,test,oracle_aabb,exposed exploratory retest,oracle AABB,data24-1,ocsort,None,no_refinement,None,48.202741143004914,0.0,0.0,61.110810628924824,0.0,0.0,254,0,0
MMOT,test,oracle_aabb,exposed exploratory retest,oracle AABB,data24-1,ocsort,v1,ace_v1,None,48.79751745539178,0.5947763123868626,0.5947763123868626,61.693631528217075,0.5828208992922512,0.5828208992922512,214,-40,-40
MMOT,test,oracle_aabb,exposed exploratory retest,oracle AABB,data24-1,ocsort,H,cost_h,None,49.01732609257823,0.814584949573316,0.814584949573316,61.859322607306865,0.7485119783820409,0.7485119783820409,208,-46,-46
MMOT,test,oracle_aabb,exposed exploratory retest,oracle AABB,data24-1,ocsort,H+V,cost_h_full_reassign,H,49.00439617274373,0.8016550297388179,-0.012929919834498094,61.858622028275725,0.7478113993509012,-0.0007005790311396254,209,-45,1
MMOT,test,oracle_aabb,exposed exploratory retest,oracle AABB,data24-1,ocsort,P-G,path_g,None,49.01732609257823,0.814584949573316,0.814584949573316,61.859322607306865,0.7485119783820409,0.7485119783820409,208,-46,-46
MMOT,test,oracle_aabb,exposed exploratory retest,oracle AABB,data24-1,ocsort,P-G+V,path_g_full_reassign,P-G,49.00439617274373,0.8016550297388179,-0.012929919834498094,61.858622028275725,0.7478113993509012,-0.0007005790311396254,209,-45,1
MMOT,test,oracle_aabb,exposed exploratory retest,oracle AABB,data27-1,bytetrack,None,no_refinement,None,35.294117647058826,0.0,0.0,29.221354800918657,0.0,0.0,20,0,0
MMOT,test,oracle_aabb,exposed exploratory retest,oracle AABB,data27-1,bytetrack,v1,ace_v1,None,38.23529411764706,2.941176470588232,2.941176470588232,32.398531027449714,3.1771762265310564,3.1771762265310564,18,-2,-2
MMOT,test,oracle_aabb,exposed exploratory retest,oracle AABB,data27-1,bytetrack,H,cost_h,None,38.23529411764706,2.941176470588232,2.941176470588232,32.398531027449714,3.1771762265310564,3.1771762265310564,18,-2,-2
MMOT,test,oracle_aabb,exposed exploratory retest,oracle AABB,data27-1,bytetrack,H+V,cost_h_full_reassign,H,38.23529411764706,2.941176470588232,0.0,32.398531027449714,3.1771762265310564,0.0,18,-2,0
MMOT,test,oracle_aabb,exposed exploratory retest,oracle AABB,data27-1,bytetrack,P-G,path_g,None,38.23529411764706,2.941176470588232,2.941176470588232,32.398531027449714,3.1771762265310564,3.1771762265310564,18,-2,-2
MMOT,test,oracle_aabb,exposed exploratory retest,oracle AABB,data27-1,bytetrack,P-G+V,path_g_full_reassign,P-G,38.23529411764706,2.941176470588232,0.0,32.398531027449714,3.1771762265310564,0.0,18,-2,0
MMOT,test,oracle_aabb,exposed exploratory retest,oracle AABB,data27-1,deepocsort,None,no_refinement,None,72.78287461773701,0.0,0.0,77.61188764723649,0.0,0.0,5,0,0
MMOT,test,oracle_aabb,exposed exploratory retest,oracle AABB,data27-1,deepocsort,v1,ace_v1,None,72.78287461773701,0.0,0.0,77.61188764723649,0.0,0.0,5,0,0
MMOT,test,oracle_aabb,exposed exploratory retest,oracle AABB,data27-1,deepocsort,H,cost_h,None,72.78287461773701,0.0,0.0,77.61188764723649,0.0,0.0,5,0,0
MMOT,test,oracle_aabb,exposed exploratory retest,oracle AABB,data27-1,deepocsort,H+V,cost_h_full_reassign,H,72.78287461773701,0.0,0.0,77.61188764723649,0.0,0.0,5,0,0
MMOT,test,oracle_aabb,exposed exploratory retest,oracle AABB,data27-1,deepocsort,P-G,path_g,None,72.78287461773701,0.0,0.0,77.61188764723649,0.0,0.0,5,0,0
MMOT,test,oracle_aabb,exposed exploratory retest,oracle AABB,data27-1,deepocsort,P-G+V,path_g_full_reassign,P-G,72.78287461773701,0.0,0.0,77.61188764723649,0.0,0.0,5,0,0
MMOT,test,oracle_aabb,exposed exploratory retest,oracle AABB,data27-1,ocsort,None,no_refinement,None,16.8141592920354,0.0,0.0,18.36037993014737,0.0,0.0,4,0,0
MMOT,test,oracle_aabb,exposed exploratory retest,oracle AABB,data27-1,ocsort,v1,ace_v1,None,18.58407079646018,1.7699115044247797,1.7699115044247797,18.941775278984583,0.5813953488372121,0.5813953488372121,2,-2,-2
MMOT,test,oracle_aabb,exposed exploratory retest,oracle AABB,data27-1,ocsort,H,cost_h,None,18.58407079646018,1.7699115044247797,1.7699115044247797,18.941775278984583,0.5813953488372121,0.5813953488372121,2,-2,-2
MMOT,test,oracle_aabb,exposed exploratory retest,oracle AABB,data27-1,ocsort,H+V,cost_h_full_reassign,H,17.699115044247787,0.8849557522123881,-0.8849557522123916,18.554178379759776,0.19379844961240522,-0.3875968992248069,3,-1,1
MMOT,test,oracle_aabb,exposed exploratory retest,oracle AABB,data27-1,ocsort,P-G,path_g,None,18.58407079646018,1.7699115044247797,1.7699115044247797,18.941775278984583,0.5813953488372121,0.5813953488372121,2,-2,-2
MMOT,test,oracle_aabb,exposed exploratory retest,oracle AABB,data27-1,ocsort,P-G+V,path_g_full_reassign,P-G,17.699115044247787,0.8849557522123881,-0.8849557522123916,18.554178379759776,0.19379844961240522,-0.3875968992248069,3,-1,1
MMOT,test,oracle_aabb,exposed exploratory retest,oracle AABB,data28-1,bytetrack,None,no_refinement,None,33.88636029951549,0.0,0.0,16.829566687274657,0.0,0.0,601,0,0
MMOT,test,oracle_aabb,exposed exploratory retest,oracle AABB,data28-1,bytetrack,v1,ace_v1,None,36.734693877551024,2.848333578035536,2.848333578035536,18.14532796265034,1.315761275375685,1.315761275375685,571,-30,-30
MMOT,test,oracle_aabb,exposed exploratory retest,oracle AABB,data28-1,bytetrack,H,cost_h,None,36.793422404933196,2.907062105417708,2.907062105417708,18.109168044356135,1.2796013570814786,1.2796013570814786,564,-37,-37
MMOT,test,oracle_aabb,exposed exploratory retest,oracle AABB,data28-1,bytetrack,H+V,cost_h_full_reassign,H,37.057700778152984,3.1713404786374966,0.2642783732197884,18.339129568214226,1.5095628809395691,0.22996152385809054,566,-35,2
MMOT,test,oracle_aabb,exposed exploratory retest,oracle AABB,data28-1,bytetrack,P-G,path_g,None,36.734693877551024,2.848333578035536,2.848333578035536,18.060230413620843,1.2306637263461866,1.2306637263461866,564,-37,-37
MMOT,test,oracle_aabb,exposed exploratory retest,oracle AABB,data28-1,bytetrack,P-G+V,path_g_full_reassign,P-G,36.99897225077081,3.1126119512553245,0.2642783732197884,18.258073656413362,1.4285069691387058,0.1978432427925192,564,-37,0
MMOT,test,oracle_aabb,exposed exploratory retest,oracle AABB,data28-1,deepocsort,None,no_refinement,None,90.60531361270885,0.0,0.0,94.63322806660976,0.0,0.0,13,0,0
MMOT,test,oracle_aabb,exposed exploratory retest,oracle AABB,data28-1,deepocsort,v1,ace_v1,None,90.60531361270885,0.0,0.0,94.61489932301119,-0.018328743598573283,-0.018328743598573283,13,0,0
MMOT,test,oracle_aabb,exposed exploratory retest,oracle AABB,data28-1,deepocsort,H,cost_h,None,90.60531361270885,0.0,0.0,94.61489932301119,-0.018328743598573283,-0.018328743598573283,13,0,0
MMOT,test,oracle_aabb,exposed exploratory retest,oracle AABB,data28-1,deepocsort,H+V,cost_h_full_reassign,H,90.60531361270885,0.0,0.0,94.61489932301119,-0.018328743598573283,0.0,13,0,0
MMOT,test,oracle_aabb,exposed exploratory retest,oracle AABB,data28-1,deepocsort,P-G,path_g,None,90.60531361270885,0.0,0.0,94.61489932301119,-0.018328743598573283,-0.018328743598573283,13,0,0
MMOT,test,oracle_aabb,exposed exploratory retest,oracle AABB,data28-1,deepocsort,P-G+V,path_g_full_reassign,P-G,90.60531361270885,0.0,0.0,94.61489932301119,-0.018328743598573283,0.0,13,0,0
MMOT,test,oracle_aabb,exposed exploratory retest,oracle AABB,data28-1,ocsort,None,no_refinement,None,22.910798122065728,0.0,0.0,13.678659672826921,0.0,0.0,308,0,0
MMOT,test,oracle_aabb,exposed exploratory retest,oracle AABB,data28-1,ocsort,v1,ace_v1,None,23.624413145539904,0.7136150234741763,0.7136150234741763,13.71566877404598,0.037009101219059204,0.037009101219059204,284,-24,-24
MMOT,test,oracle_aabb,exposed exploratory retest,oracle AABB,data28-1,ocsort,H,cost_h,None,24.0,1.089201877934272,1.089201877934272,14.6224981333318,0.9438384605048782,0.9438384605048782,276,-32,-32
MMOT,test,oracle_aabb,exposed exploratory retest,oracle AABB,data28-1,ocsort,H+V,cost_h_full_reassign,H,24.525821596244132,1.615023474178404,0.5258215962441319,15.091864526164569,1.413204853337648,0.4693663928327698,276,-32,0
MMOT,test,oracle_aabb,exposed exploratory retest,oracle AABB,data28-1,ocsort,P-G,path_g,None,24.60093896713615,1.6901408450704203,1.6901408450704203,15.079671793304787,1.4010121204778656,1.4010121204778656,274,-34,-34
MMOT,test,oracle_aabb,exposed exploratory retest,oracle AABB,data28-1,ocsort,P-G+V,path_g_full_reassign,P-G,24.525821596244132,1.615023474178404,-0.07511737089201631,15.102319833494152,1.4236601606672306,0.02264804018936495,275,-33,1
MMOT,test,oracle_aabb,exposed exploratory retest,oracle AABB,data28-2,bytetrack,None,no_refinement,None,80.63010501750291,0.0,0.0,66.33444904821778,0.0,0.0,36,0,0
MMOT,test,oracle_aabb,exposed exploratory retest,oracle AABB,data28-2,bytetrack,v1,ace_v1,None,83.31388564760793,2.6837806301050193,2.6837806301050193,68.77706658473382,2.442617536516039,2.442617536516039,31,-5,-5
MMOT,test,oracle_aabb,exposed exploratory retest,oracle AABB,data28-2,bytetrack,H,cost_h,None,83.31388564760793,2.6837806301050193,2.6837806301050193,68.77706658473382,2.442617536516039,2.442617536516039,31,-5,-5
MMOT,test,oracle_aabb,exposed exploratory retest,oracle AABB,data28-2,bytetrack,H+V,cost_h_full_reassign,H,83.31388564760793,2.6837806301050193,0.0,68.77706658473382,2.442617536516039,0.0,31,-5,0
MMOT,test,oracle_aabb,exposed exploratory retest,oracle AABB,data28-2,bytetrack,P-G,path_g,None,83.31388564760793,2.6837806301050193,2.6837806301050193,68.77706658473382,2.442617536516039,2.442617536516039,31,-5,-5
MMOT,test,oracle_aabb,exposed exploratory retest,oracle AABB,data28-2,bytetrack,P-G+V,path_g_full_reassign,P-G,83.31388564760793,2.6837806301050193,0.0,68.77706658473382,2.442617536516039,0.0,31,-5,0
MMOT,test,oracle_aabb,exposed exploratory retest,oracle AABB,data28-2,deepocsort,None,no_refinement,None,86.11599297012302,0.0,0.0,97.534885877917,0.0,0.0,4,0,0
MMOT,test,oracle_aabb,exposed exploratory retest,oracle AABB,data28-2,deepocsort,v1,ace_v1,None,86.46748681898066,0.35149384885764334,0.35149384885764334,97.57605870084122,0.041172822924210095,0.041172822924210095,1,-3,-3
MMOT,test,oracle_aabb,exposed exploratory retest,oracle AABB,data28-2,deepocsort,H,cost_h,None,86.46748681898066,0.35149384885764334,0.35149384885764334,97.57605870084122,0.041172822924210095,0.041172822924210095,1,-3,-3
MMOT,test,oracle_aabb,exposed exploratory retest,oracle AABB,data28-2,deepocsort,H+V,cost_h_full_reassign,H,86.46748681898066,0.35149384885764334,0.0,97.57605870084122,0.041172822924210095,0.0,1,-3,0
MMOT,test,oracle_aabb,exposed exploratory retest,oracle AABB,data28-2,deepocsort,P-G,path_g,None,86.46748681898066,0.35149384885764334,0.35149384885764334,97.57605870084122,0.041172822924210095,0.041172822924210095,1,-3,-3
MMOT,test,oracle_aabb,exposed exploratory retest,oracle AABB,data28-2,deepocsort,P-G+V,path_g_full_reassign,P-G,86.46748681898066,0.35149384885764334,0.0,97.57605870084122,0.041172822924210095,0.0,1,-3,0
MMOT,test,oracle_aabb,exposed exploratory retest,oracle AABB,data28-2,ocsort,None,no_refinement,None,61.58730158730159,0.0,0.0,52.72421238221398,0.0,0.0,49,0,0
MMOT,test,oracle_aabb,exposed exploratory retest,oracle AABB,data28-2,ocsort,v1,ace_v1,None,63.87301587301587,2.2857142857142847,2.2857142857142847,55.251145944440935,2.526933562226958,2.526933562226958,29,-20,-20
MMOT,test,oracle_aabb,exposed exploratory retest,oracle AABB,data28-2,ocsort,H,cost_h,None,65.52380952380953,3.936507936507944,3.936507936507944,59.01574710554115,6.291534723327175,6.291534723327175,16,-33,-33
MMOT,test,oracle_aabb,exposed exploratory retest,oracle AABB,data28-2,ocsort,H+V,cost_h_full_reassign,H,64.88888888888889,3.301587301587297,-0.6349206349206469,57.445346084165095,4.721133701951118,-1.5704010213760569,21,-28,5
MMOT,test,oracle_aabb,exposed exploratory retest,oracle AABB,data28-2,ocsort,P-G,path_g,None,64.88888888888889,3.301587301587297,3.301587301587297,57.445346084165095,4.721133701951118,4.721133701951118,21,-28,-28
MMOT,test,oracle_aabb,exposed exploratory retest,oracle AABB,data28-2,ocsort,P-G+V,path_g_full_reassign,P-G,64.88888888888889,3.301587301587297,0.0,57.445346084165095,4.721133701951118,0.0,21,-28,0
MMOT,test,oracle_aabb,exposed exploratory retest,oracle AABB,data28-3,bytetrack,None,no_refinement,None,26.997245179063363,0.0,0.0,43.67110276343757,0.0,0.0,9,0,0
MMOT,test,oracle_aabb,exposed exploratory retest,oracle AABB,data28-3,bytetrack,v1,ace_v1,None,26.997245179063363,0.0,0.0,43.67110276343757,0.0,0.0,9,0,0
MMOT,test,oracle_aabb,exposed exploratory retest,oracle AABB,data28-3,bytetrack,H,cost_h,None,26.997245179063363,0.0,0.0,43.67110276343757,0.0,0.0,9,0,0
MMOT,test,oracle_aabb,exposed exploratory retest,oracle AABB,data28-3,bytetrack,H+V,cost_h_full_reassign,H,26.997245179063363,0.0,0.0,43.67110276343757,0.0,0.0,9,0,0
MMOT,test,oracle_aabb,exposed exploratory retest,oracle AABB,data28-3,bytetrack,P-G,path_g,None,26.997245179063363,0.0,0.0,43.67110276343757,0.0,0.0,9,0,0
MMOT,test,oracle_aabb,exposed exploratory retest,oracle AABB,data28-3,bytetrack,P-G+V,path_g_full_reassign,P-G,26.997245179063363,0.0,0.0,43.67110276343757,0.0,0.0,9,0,0
MMOT,test,oracle_aabb,exposed exploratory retest,oracle AABB,data28-3,deepocsort,None,no_refinement,None,12.844036697247708,0.0,0.0,48.539377289377285,0.0,0.0,3,0,0
MMOT,test,oracle_aabb,exposed exploratory retest,oracle AABB,data28-3,deepocsort,v1,ace_v1,None,12.844036697247708,0.0,0.0,48.539377289377285,0.0,0.0,3,0,0
MMOT,test,oracle_aabb,exposed exploratory retest,oracle AABB,data28-3,deepocsort,H,cost_h,None,12.844036697247708,0.0,0.0,48.539377289377285,0.0,0.0,3,0,0
MMOT,test,oracle_aabb,exposed exploratory retest,oracle AABB,data28-3,deepocsort,H+V,cost_h_full_reassign,H,12.844036697247708,0.0,0.0,48.539377289377285,0.0,0.0,3,0,0
MMOT,test,oracle_aabb,exposed exploratory retest,oracle AABB,data28-3,deepocsort,P-G,path_g,None,12.844036697247708,0.0,0.0,48.539377289377285,0.0,0.0,3,0,0
MMOT,test,oracle_aabb,exposed exploratory retest,oracle AABB,data28-3,deepocsort,P-G+V,path_g_full_reassign,P-G,12.844036697247708,0.0,0.0,48.539377289377285,0.0,0.0,3,0,0
MMOT,test,oracle_aabb,exposed exploratory retest,oracle AABB,data28-3,ocsort,None,no_refinement,None,25.142857142857146,0.0,0.0,60.53542202478375,0.0,0.0,3,0,0
MMOT,test,oracle_aabb,exposed exploratory retest,oracle AABB,data28-3,ocsort,v1,ace_v1,None,25.142857142857146,0.0,0.0,60.53542202478375,0.0,0.0,3,0,0
MMOT,test,oracle_aabb,exposed exploratory retest,oracle AABB,data28-3,ocsort,H,cost_h,None,25.142857142857146,0.0,0.0,60.53542202478375,0.0,0.0,3,0,0
MMOT,test,oracle_aabb,exposed exploratory retest,oracle AABB,data28-3,ocsort,H+V,cost_h_full_reassign,H,25.142857142857146,0.0,0.0,60.53542202478375,0.0,0.0,3,0,0
MMOT,test,oracle_aabb,exposed exploratory retest,oracle AABB,data28-3,ocsort,P-G,path_g,None,25.142857142857146,0.0,0.0,60.53542202478375,0.0,0.0,3,0,0
MMOT,test,oracle_aabb,exposed exploratory retest,oracle AABB,data28-3,ocsort,P-G+V,path_g_full_reassign,P-G,25.142857142857146,0.0,0.0,60.53542202478375,0.0,0.0,3,0,0
MMOT,test,oracle_aabb,exposed exploratory retest,oracle AABB,data28-4,bytetrack,None,no_refinement,None,6.557377049180328,0.0,0.0,23.99741792598935,0.0,0.0,4,0,0
MMOT,test,oracle_aabb,exposed exploratory retest,oracle AABB,data28-4,bytetrack,v1,ace_v1,None,6.557377049180328,0.0,0.0,23.784580777061972,-0.21283714892737748,-0.21283714892737748,4,0,0
MMOT,test,oracle_aabb,exposed exploratory retest,oracle AABB,data28-4,bytetrack,H,cost_h,None,6.557377049180328,0.0,0.0,23.784580777061972,-0.21283714892737748,-0.21283714892737748,4,0,0
MMOT,test,oracle_aabb,exposed exploratory retest,oracle AABB,data28-4,bytetrack,H+V,cost_h_full_reassign,H,6.557377049180328,0.0,0.0,23.784580777061972,-0.21283714892737748,0.0,4,0,0
MMOT,test,oracle_aabb,exposed exploratory retest,oracle AABB,data28-4,bytetrack,P-G,path_g,None,6.557377049180328,0.0,0.0,23.784580777061972,-0.21283714892737748,-0.21283714892737748,4,0,0
MMOT,test,oracle_aabb,exposed exploratory retest,oracle AABB,data28-4,bytetrack,P-G+V,path_g_full_reassign,P-G,6.557377049180328,0.0,0.0,23.784580777061972,-0.21283714892737748,0.0,4,0,0
MMOT,test,oracle_aabb,exposed exploratory retest,oracle AABB,data28-4,deepocsort,None,no_refinement,None,5.691056910569105,0.0,0.0,14.611351611351612,0.0,0.0,8,0,0
MMOT,test,oracle_aabb,exposed exploratory retest,oracle AABB,data28-4,deepocsort,v1,ace_v1,None,5.691056910569105,0.0,0.0,14.029341029341024,-0.5820105820105876,-0.5820105820105876,8,0,0
MMOT,test,oracle_aabb,exposed exploratory retest,oracle AABB,data28-4,deepocsort,H,cost_h,None,5.691056910569105,0.0,0.0,14.029341029341024,-0.5820105820105876,-0.5820105820105876,8,0,0
MMOT,test,oracle_aabb,exposed exploratory retest,oracle AABB,data28-4,deepocsort,H+V,cost_h_full_reassign,H,5.691056910569105,0.0,0.0,14.029341029341024,-0.5820105820105876,0.0,8,0,0
MMOT,test,oracle_aabb,exposed exploratory retest,oracle AABB,data28-4,deepocsort,P-G,path_g,None,5.691056910569105,0.0,0.0,14.029341029341024,-0.5820105820105876,-0.5820105820105876,8,0,0
MMOT,test,oracle_aabb,exposed exploratory retest,oracle AABB,data28-4,deepocsort,P-G+V,path_g_full_reassign,P-G,5.691056910569105,0.0,0.0,14.029341029341024,-0.5820105820105876,0.0,8,0,0
MMOT,test,oracle_aabb,exposed exploratory retest,oracle AABB,data28-4,ocsort,None,no_refinement,None,4.201680672268908,0.0,0.0,23.492578849721706,0.0,0.0,2,0,0
MMOT,test,oracle_aabb,exposed exploratory retest,oracle AABB,data28-4,ocsort,v1,ace_v1,None,4.201680672268908,0.0,0.0,23.492578849721706,0.0,0.0,2,0,0
MMOT,test,oracle_aabb,exposed exploratory retest,oracle AABB,data28-4,ocsort,H,cost_h,None,4.201680672268908,0.0,0.0,23.492578849721706,0.0,0.0,2,0,0
MMOT,test,oracle_aabb,exposed exploratory retest,oracle AABB,data28-4,ocsort,H+V,cost_h_full_reassign,H,4.201680672268908,0.0,0.0,23.492578849721706,0.0,0.0,2,0,0
MMOT,test,oracle_aabb,exposed exploratory retest,oracle AABB,data28-4,ocsort,P-G,path_g,None,4.201680672268908,0.0,0.0,23.492578849721706,0.0,0.0,2,0,0
MMOT,test,oracle_aabb,exposed exploratory retest,oracle AABB,data28-4,ocsort,P-G+V,path_g_full_reassign,P-G,4.201680672268908,0.0,0.0,23.492578849721706,0.0,0.0,2,0,0
MMOT,test,oracle_aabb,exposed exploratory retest,oracle AABB,data28-5,bytetrack,None,no_refinement,None,13.725490196078432,0.0,0.0,9.947650539136815,0.0,0.0,8,0,0
MMOT,test,oracle_aabb,exposed exploratory retest,oracle AABB,data28-5,bytetrack,v1,ace_v1,None,13.725490196078432,0.0,0.0,9.947650539136815,0.0,0.0,8,0,0
MMOT,test,oracle_aabb,exposed exploratory retest,oracle AABB,data28-5,bytetrack,H,cost_h,None,13.725490196078432,0.0,0.0,9.947650539136815,0.0,0.0,8,0,0
MMOT,test,oracle_aabb,exposed exploratory retest,oracle AABB,data28-5,bytetrack,H+V,cost_h_full_reassign,H,13.725490196078432,0.0,0.0,9.947650539136815,0.0,0.0,8,0,0
MMOT,test,oracle_aabb,exposed exploratory retest,oracle AABB,data28-5,bytetrack,P-G,path_g,None,13.725490196078432,0.0,0.0,9.947650539136815,0.0,0.0,8,0,0
MMOT,test,oracle_aabb,exposed exploratory retest,oracle AABB,data28-5,bytetrack,P-G+V,path_g_full_reassign,P-G,13.725490196078432,0.0,0.0,9.947650539136815,0.0,0.0,8,0,0
MMOT,test,oracle_aabb,exposed exploratory retest,oracle AABB,data28-5,deepocsort,None,no_refinement,None,45.16129032258064,0.0,0.0,39.55673163082437,0.0,0.0,20,0,0
MMOT,test,oracle_aabb,exposed exploratory retest,oracle AABB,data28-5,deepocsort,v1,ace_v1,None,59.49820788530465,14.336917562724011,14.336917562724011,61.31751098736985,21.760779356545477,21.760779356545477,10,-10,-10
MMOT,test,oracle_aabb,exposed exploratory retest,oracle AABB,data28-5,deepocsort,H,cost_h,None,60.215053763440864,15.053763440860223,15.053763440860223,61.5556062254651,21.998874594640725,21.998874594640725,9,-11,-11
MMOT,test,oracle_aabb,exposed exploratory retest,oracle AABB,data28-5,deepocsort,H+V,cost_h_full_reassign,H,59.49820788530465,14.336917562724011,-0.7168458781362119,61.31751098736985,21.760779356545477,-0.2380952380952479,10,-10,1
MMOT,test,oracle_aabb,exposed exploratory retest,oracle AABB,data28-5,deepocsort,P-G,path_g,None,60.215053763440864,15.053763440860223,15.053763440860223,61.5556062254651,21.998874594640725,21.998874594640725,9,-11,-11
MMOT,test,oracle_aabb,exposed exploratory retest,oracle AABB,data28-5,deepocsort,P-G+V,path_g_full_reassign,P-G,59.49820788530465,14.336917562724011,-0.7168458781362119,61.31751098736985,21.760779356545477,-0.2380952380952479,10,-10,1
MMOT,test,oracle_aabb,exposed exploratory retest,oracle AABB,data28-5,ocsort,None,no_refinement,None,9.389671361502346,0.0,0.0,12.811379928315414,0.0,0.0,20,0,0
MMOT,test,oracle_aabb,exposed exploratory retest,oracle AABB,data28-5,ocsort,v1,ace_v1,None,18.779342723004692,9.389671361502346,9.389671361502346,24.583174292851705,11.77179436453629,11.77179436453629,10,-10,-10
MMOT,test,oracle_aabb,exposed exploratory retest,oracle AABB,data28-5,ocsort,H,cost_h,None,19.718309859154928,10.328638497652582,10.328638497652582,25.3251214138311,12.513741485515684,12.513741485515684,9,-11,-11
MMOT,test,oracle_aabb,exposed exploratory retest,oracle AABB,data28-5,ocsort,H+V,cost_h_full_reassign,H,18.779342723004692,9.389671361502346,-0.9389671361502359,24.583174292851705,11.77179436453629,-0.7419471209793933,10,-10,1
MMOT,test,oracle_aabb,exposed exploratory retest,oracle AABB,data28-5,ocsort,P-G,path_g,None,19.718309859154928,10.328638497652582,10.328638497652582,25.3251214138311,12.513741485515684,12.513741485515684,9,-11,-11
MMOT,test,oracle_aabb,exposed exploratory retest,oracle AABB,data28-5,ocsort,P-G+V,path_g_full_reassign,P-G,18.779342723004692,9.389671361502346,-0.9389671361502359,24.583174292851705,11.77179436453629,-0.7419471209793933,10,-10,1
MMOT,test,oracle_aabb,exposed exploratory retest,oracle AABB,data28-6,bytetrack,None,no_refinement,None,74.55919395465995,0.0,0.0,78.54437245481178,0.0,0.0,1,0,0
MMOT,test,oracle_aabb,exposed exploratory retest,oracle AABB,data28-6,bytetrack,v1,ace_v1,None,74.55919395465995,0.0,0.0,76.6355653609871,-1.9088070938246773,-1.9088070938246773,1,0,0
MMOT,test,oracle_aabb,exposed exploratory retest,oracle AABB,data28-6,bytetrack,H,cost_h,None,74.55919395465995,0.0,0.0,76.62564683021132,-1.9187256246004551,-1.9187256246004551,1,0,0
MMOT,test,oracle_aabb,exposed exploratory retest,oracle AABB,data28-6,bytetrack,H+V,cost_h_full_reassign,H,74.55919395465995,0.0,0.0,76.62564683021132,-1.9187256246004551,0.0,1,0,0
MMOT,test,oracle_aabb,exposed exploratory retest,oracle AABB,data28-6,bytetrack,P-G,path_g,None,74.55919395465995,0.0,0.0,76.62564683021132,-1.9187256246004551,-1.9187256246004551,1,0,0
MMOT,test,oracle_aabb,exposed exploratory retest,oracle AABB,data28-6,bytetrack,P-G+V,path_g_full_reassign,P-G,74.55919395465995,0.0,0.0,76.62564683021132,-1.9187256246004551,0.0,1,0,0
MMOT,test,oracle_aabb,exposed exploratory retest,oracle AABB,data28-6,deepocsort,None,no_refinement,None,50.90909090909091,0.0,0.0,86.62462843154397,0.0,0.0,2,0,0
MMOT,test,oracle_aabb,exposed exploratory retest,oracle AABB,data28-6,deepocsort,v1,ace_v1,None,50.90909090909091,0.0,0.0,86.62462843154397,0.0,0.0,2,0,0
MMOT,test,oracle_aabb,exposed exploratory retest,oracle AABB,data28-6,deepocsort,H,cost_h,None,50.90909090909091,0.0,0.0,86.62462843154397,0.0,0.0,2,0,0
MMOT,test,oracle_aabb,exposed exploratory retest,oracle AABB,data28-6,deepocsort,H+V,cost_h_full_reassign,H,50.90909090909091,0.0,0.0,86.62462843154397,0.0,0.0,2,0,0
MMOT,test,oracle_aabb,exposed exploratory retest,oracle AABB,data28-6,deepocsort,P-G,path_g,None,50.90909090909091,0.0,0.0,86.62462843154397,0.0,0.0,2,0,0
MMOT,test,oracle_aabb,exposed exploratory retest,oracle AABB,data28-6,deepocsort,P-G+V,path_g_full_reassign,P-G,50.90909090909091,0.0,0.0,86.62462843154397,0.0,0.0,2,0,0
MMOT,test,oracle_aabb,exposed exploratory retest,oracle AABB,data28-6,ocsort,None,no_refinement,None,73.52185089974293,0.0,0.0,85.03132832080202,0.0,0.0,1,0,0
MMOT,test,oracle_aabb,exposed exploratory retest,oracle AABB,data28-6,ocsort,v1,ace_v1,None,73.52185089974293,0.0,0.0,83.98856184033401,-1.0427664804680035,-1.0427664804680035,1,0,0
MMOT,test,oracle_aabb,exposed exploratory retest,oracle AABB,data28-6,ocsort,H,cost_h,None,73.52185089974293,0.0,0.0,83.98856184033401,-1.0427664804680035,-1.0427664804680035,1,0,0
MMOT,test,oracle_aabb,exposed exploratory retest,oracle AABB,data28-6,ocsort,H+V,cost_h_full_reassign,H,73.52185089974293,0.0,0.0,85.03132832080202,0.0,1.0427664804680035,1,0,0
MMOT,test,oracle_aabb,exposed exploratory retest,oracle AABB,data28-6,ocsort,P-G,path_g,None,73.52185089974293,0.0,0.0,83.98856184033401,-1.0427664804680035,-1.0427664804680035,1,0,0
MMOT,test,oracle_aabb,exposed exploratory retest,oracle AABB,data28-6,ocsort,P-G+V,path_g_full_reassign,P-G,73.52185089974293,0.0,0.0,85.03132832080202,0.0,1.0427664804680035,1,0,0
MMOT,test,oracle_aabb,exposed exploratory retest,oracle AABB,data30-10,bytetrack,None,no_refinement,None,66.69538249483115,0.0,0.0,67.75947618353689,0.0,0.0,328,0,0
MMOT,test,oracle_aabb,exposed exploratory retest,oracle AABB,data30-10,bytetrack,v1,ace_v1,None,67.64300482425914,0.9476223294279862,0.9476223294279862,68.2540025410085,0.49452635747161366,0.49452635747161366,282,-46,-46
MMOT,test,oracle_aabb,exposed exploratory retest,oracle AABB,data30-10,bytetrack,H,cost_h,None,67.8842177808408,1.188835286009649,1.188835286009649,68.44330394159762,0.6838277580607297,0.6838277580607297,267,-61,-61
MMOT,test,oracle_aabb,exposed exploratory retest,oracle AABB,data30-10,bytetrack,H+V,cost_h_full_reassign,H,67.83252929014473,1.1371467953135834,-0.051688490696065514,68.40502318204865,0.6455469985117617,-0.038280759548968035,269,-59,2
MMOT,test,oracle_aabb,exposed exploratory retest,oracle AABB,data30-10,bytetrack,P-G,path_g,None,67.8842177808408,1.188835286009649,1.188835286009649,68.44690913927423,0.6874329557373358,0.6874329557373358,268,-60,-60
MMOT,test,oracle_aabb,exposed exploratory retest,oracle AABB,data30-10,bytetrack,P-G+V,path_g_full_reassign,P-G,67.81529979324604,1.1199172984148902,-0.06891798759475876,68.38726175755951,0.6277855740226244,-0.0596473817147114,269,-59,1
MMOT,test,oracle_aabb,exposed exploratory retest,oracle AABB,data30-10,deepocsort,None,no_refinement,None,94.35105692229997,0.0,0.0,92.72917661513436,0.0,0.0,33,0,0
MMOT,test,oracle_aabb,exposed exploratory retest,oracle AABB,data30-10,deepocsort,v1,ace_v1,None,94.82721304379194,0.47615612149196807,0.47615612149196807,93.18092781502881,0.4517511998944457,0.4517511998944457,22,-11,-11
MMOT,test,oracle_aabb,exposed exploratory retest,oracle AABB,data30-10,deepocsort,H,cost_h,None,94.63963638987086,0.2885794675708837,0.2885794675708837,93.09719464736122,0.3680180322268569,0.3680180322268569,18,-15,-15
MMOT,test,oracle_aabb,exposed exploratory retest,oracle AABB,data30-10,deepocsort,H+V,cost_h_full_reassign,H,94.84164201717049,0.49058509487051083,0.20200562729962712,93.28213054756176,0.5529539324273998,0.18493590020054285,18,-15,0
MMOT,test,oracle_aabb,exposed exploratory retest,oracle AABB,data30-10,deepocsort,P-G,path_g,None,94.63963638987086,0.2885794675708837,0.2885794675708837,93.09719464736122,0.3680180322268569,0.3680180322268569,18,-15,-15
MMOT,test,oracle_aabb,exposed exploratory retest,oracle AABB,data30-10,deepocsort,P-G+V,path_g_full_reassign,P-G,94.84164201717049,0.49058509487051083,0.20200562729962712,93.28213054756176,0.5529539324273998,0.18493590020054285,18,-15,0
MMOT,test,oracle_aabb,exposed exploratory retest,oracle AABB,data30-10,ocsort,None,no_refinement,None,62.19087745008244,0.0,0.0,78.84795762151269,0.0,0.0,221,0,0
MMOT,test,oracle_aabb,exposed exploratory retest,oracle AABB,data30-10,ocsort,v1,ace_v1,None,64.31580875618245,2.1249313061000095,2.1249313061000095,79.40342232775951,0.5554647062468234,0.5554647062468234,98,-123,-123
MMOT,test,oracle_aabb,exposed exploratory retest,oracle AABB,data30-10,ocsort,H,cost_h,None,64.84704158270745,2.6561641326250083,2.6561641326250083,79.6529467371853,0.8049891156726119,0.8049891156726119,71,-150,-150
MMOT,test,oracle_aabb,exposed exploratory retest,oracle AABB,data30-10,ocsort,H+V,cost_h_full_reassign,H,64.75544971606521,2.5645722659827754,-0.09159186664223284,79.64061762710605,0.7926600055933619,-0.012329110079249972,76,-145,5
MMOT,test,oracle_aabb,exposed exploratory retest,oracle AABB,data30-10,ocsort,P-G,path_g,None,64.81040483605057,2.6195273859681265,2.6195273859681265,79.64735912089607,0.7994014993833787,0.7994014993833787,74,-147,-147
MMOT,test,oracle_aabb,exposed exploratory retest,oracle AABB,data30-10,ocsort,P-G+V,path_g_full_reassign,P-G,64.75544971606521,2.5645722659827754,-0.054955119985351075,79.64061762710605,0.7926600055933619,-0.0067414937900167615,76,-145,2
MMOT,test,oracle_aabb,exposed exploratory retest,oracle AABB,data30-2,bytetrack,None,no_refinement,None,46.61435629177565,0.0,0.0,38.65806153091121,0.0,0.0,597,0,0
MMOT,test,oracle_aabb,exposed exploratory retest,oracle AABB,data30-2,bytetrack,v1,ace_v1,None,49.52048823016565,2.906131938389997,2.906131938389997,40.76781283225102,2.1097513013398057,2.1097513013398057,520,-77,-77
MMOT,test,oracle_aabb,exposed exploratory retest,oracle AABB,data30-2,bytetrack,H,cost_h,None,50.363266492298756,3.748910200523106,3.748910200523106,41.33423048844835,2.6761689575371364,2.6761689575371364,497,-100,-100
MMOT,test,oracle_aabb,exposed exploratory retest,oracle AABB,data30-2,bytetrack,H+V,cost_h_full_reassign,H,50.04359197907585,3.4292356873001992,-0.31967451322290685,41.16268611264034,2.504624581729125,-0.1715443758080113,505,-92,8
MMOT,test,oracle_aabb,exposed exploratory retest,oracle AABB,data30-2,bytetrack,P-G,path_g,None,50.15983725661145,3.5454809648358037,3.5454809648358037,41.18001695960529,2.5219554286940777,2.5219554286940777,500,-97,-97
MMOT,test,oracle_aabb,exposed exploratory retest,oracle AABB,data30-2,bytetrack,P-G+V,path_g_full_reassign,P-G,50.04359197907585,3.4292356873001992,-0.11624527753560443,41.15324301144627,2.4951814805350594,-0.026773948159018346,505,-92,5
MMOT,test,oracle_aabb,exposed exploratory retest,oracle AABB,data30-2,deepocsort,None,no_refinement,None,90.75076488585549,0.0,0.0,89.14415690180564,0.0,0.0,55,0,0
MMOT,test,oracle_aabb,exposed exploratory retest,oracle AABB,data30-2,deepocsort,v1,ace_v1,None,92.77477053424336,2.0240056483878703,2.0240056483878703,91.36749579751925,2.22333889571361,2.22333889571361,28,-27,-27
MMOT,test,oracle_aabb,exposed exploratory retest,oracle AABB,data30-2,deepocsort,H,cost_h,None,93.36314426923981,2.6123793833843223,2.6123793833843223,92.2080391687372,3.0638822669315573,3.0638822669315573,18,-37,-37
MMOT,test,oracle_aabb,exposed exploratory retest,oracle AABB,data30-2,deepocsort,H+V,cost_h_full_reassign,H,92.65709578724406,1.9063309013885714,-0.7060484819957509,91.48647015652402,2.342313254718377,-0.7215690122131804,24,-31,6
MMOT,test,oracle_aabb,exposed exploratory retest,oracle AABB,data30-2,deepocsort,P-G,path_g,None,93.36314426923981,2.6123793833843223,2.6123793833843223,92.2080391687372,3.0638822669315573,3.0638822669315573,18,-37,-37
MMOT,test,oracle_aabb,exposed exploratory retest,oracle AABB,data30-2,deepocsort,P-G+V,path_g_full_reassign,P-G,92.65709578724406,1.9063309013885714,-0.7060484819957509,91.48647015652402,2.342313254718377,-0.7215690122131804,24,-31,6
MMOT,test,oracle_aabb,exposed exploratory retest,oracle AABB,data30-2,ocsort,None,no_refinement,None,36.313899811933666,0.0,0.0,42.04795596011574,0.0,0.0,188,0,0
MMOT,test,oracle_aabb,exposed exploratory retest,oracle AABB,data30-2,ocsort,v1,ace_v1,None,38.50230808685245,2.1884082749187854,2.1884082749187854,44.40452500728562,2.3565690471698773,2.3565690471698773,134,-54,-54
MMOT,test,oracle_aabb,exposed exploratory retest,oracle AABB,data30-2,ocsort,H,cost_h,None,40.04103265515473,3.7271328432210638,3.7271328432210638,45.94512945797152,3.897173497855775,3.897173497855775,95,-93,-93
MMOT,test,oracle_aabb,exposed exploratory retest,oracle AABB,data30-2,ocsort,H+V,cost_h_full_reassign,H,39.42554282783382,3.1116430159001567,-0.6154898273209071,45.75363804416545,3.7056820840497053,-0.1914914138060695,113,-75,18
MMOT,test,oracle_aabb,exposed exploratory retest,oracle AABB,data30-2,ocsort,P-G,path_g,None,39.56231834501624,3.248418533082571,3.248418533082571,45.7484125699747,3.7004566098589535,3.7004566098589535,109,-79,-79
MMOT,test,oracle_aabb,exposed exploratory retest,oracle AABB,data30-2,ocsort,P-G+V,path_g_full_reassign,P-G,39.42554282783382,3.1116430159001567,-0.13677551718241432,45.75363804416545,3.7056820840497053,0.005225474190751811,113,-75,4
MMOT,test,oracle_aabb,exposed exploratory retest,oracle AABB,data30-3,bytetrack,None,no_refinement,None,33.74765877745616,0.0,0.0,23.472151483832697,0.0,0.0,551,0,0
MMOT,test,oracle_aabb,exposed exploratory retest,oracle AABB,data30-3,bytetrack,v1,ace_v1,None,41.64822067086668,7.900561893410519,7.900561893410519,28.97354768774088,5.5013962039081825,5.5013962039081825,418,-133,-133
MMOT,test,oracle_aabb,exposed exploratory retest,oracle AABB,data30-3,bytetrack,H,cost_h,None,42.874169930189,9.126511152732839,9.126511152732839,29.390647750891585,5.918496267058888,5.918496267058888,385,-166,-166
MMOT,test,oracle_aabb,exposed exploratory retest,oracle AABB,data30-3,bytetrack,H+V,cost_h_full_reassign,H,42.22714115443556,8.479482376979398,-0.6470287757534408,29.374350673390847,5.90219918955815,-0.016297077500738055,398,-153,13
MMOT,test,oracle_aabb,exposed exploratory retest,oracle AABB,data30-3,bytetrack,P-G,path_g,None,42.66984505363528,8.922186276179119,8.922186276179119,29.333994192989078,5.861842709156381,5.861842709156381,388,-163,-163
MMOT,test,oracle_aabb,exposed exploratory retest,oracle AABB,data30-3,bytetrack,P-G+V,path_g_full_reassign,P-G,42.22714115443556,8.479482376979398,-0.44270389919972075,29.374350673390847,5.90219918955815,0.04035648040176909,398,-153,10
MMOT,test,oracle_aabb,exposed exploratory retest,oracle AABB,data30-3,deepocsort,None,no_refinement,None,89.8804559355018,0.0,0.0,88.39007640854163,0.0,0.0,41,0,0
MMOT,test,oracle_aabb,exposed exploratory retest,oracle AABB,data30-3,deepocsort,v1,ace_v1,None,92.32693911592995,2.446483180428146,2.446483180428146,91.0779820690647,2.6879056605230716,2.6879056605230716,19,-22,-22
MMOT,test,oracle_aabb,exposed exploratory retest,oracle AABB,data30-3,deepocsort,H,cost_h,None,92.68835140394773,2.8078954684459347,2.8078954684459347,91.58318072621408,3.19310431767245,3.19310431767245,17,-24,-24
MMOT,test,oracle_aabb,exposed exploratory retest,oracle AABB,data30-3,deepocsort,H+V,cost_h_full_reassign,H,91.8543230469836,1.9738671114817947,-0.83402835696414,90.65752641246941,2.2674500039277774,-0.9256543137446727,21,-20,4
MMOT,test,oracle_aabb,exposed exploratory retest,oracle AABB,data30-3,deepocsort,P-G,path_g,None,92.66055045871559,2.7800945232137906,2.7800945232137906,91.53103118741154,3.1409547788699115,3.1409547788699115,19,-22,-22
MMOT,test,oracle_aabb,exposed exploratory retest,oracle AABB,data30-3,deepocsort,P-G+V,path_g_full_reassign,P-G,91.8543230469836,1.9738671114817947,-0.8062274117319959,90.65752641246941,2.2674500039277774,-0.8735047749421341,21,-20,2
MMOT,test,oracle_aabb,exposed exploratory retest,oracle AABB,data30-3,ocsort,None,no_refinement,None,23.604720944188838,0.0,0.0,21.084415338821696,0.0,0.0,323,0,0
MMOT,test,oracle_aabb,exposed exploratory retest,oracle AABB,data30-3,ocsort,v1,ace_v1,None,28.605721144228845,5.001000200040007,5.001000200040007,24.261335550163672,3.176920211341976,3.176920211341976,203,-120,-120
MMOT,test,oracle_aabb,exposed exploratory retest,oracle AABB,data30-3,ocsort,H,cost_h,None,29.60592118423685,6.001200240048011,6.001200240048011,24.499605662846093,3.4151903240243975,3.4151903240243975,179,-144,-144
MMOT,test,oracle_aabb,exposed exploratory retest,oracle AABB,data30-3,ocsort,H+V,cost_h_full_reassign,H,29.045809161832363,5.441088217643525,-0.5601120224044855,24.644675246509138,3.560259907687442,0.14506958366304445,194,-129,15
MMOT,test,oracle_aabb,exposed exploratory retest,oracle AABB,data30-3,ocsort,P-G,path_g,None,29.405881176235248,5.80116023204641,5.80116023204641,24.748720925762093,3.6643055869403973,3.6643055869403973,185,-138,-138
MMOT,test,oracle_aabb,exposed exploratory retest,oracle AABB,data30-3,ocsort,P-G+V,path_g_full_reassign,P-G,29.045809161832363,5.441088217643525,-0.36007201440288483,24.644675246509138,3.560259907687442,-0.10404567925295538,194,-129,9
MMOT,test,oracle_aabb,exposed exploratory retest,oracle AABB,data30-4,bytetrack,None,no_refinement,None,41.188277800080286,0.0,0.0,29.2145185432089,0.0,0.0,325,0,0
MMOT,test,oracle_aabb,exposed exploratory retest,oracle AABB,data30-4,bytetrack,v1,ace_v1,None,43.275792854275394,2.0875150541951086,2.0875150541951086,31.288027812899717,2.073509269690817,2.073509269690817,279,-46,-46
MMOT,test,oracle_aabb,exposed exploratory retest,oracle AABB,data30-4,bytetrack,H,cost_h,None,44.56041750301084,3.3721397029305535,3.3721397029305535,31.901320423168766,2.686801879959866,2.686801879959866,266,-59,-59
MMOT,test,oracle_aabb,exposed exploratory retest,oracle AABB,data30-4,bytetrack,H+V,cost_h_full_reassign,H,44.158972300281015,2.970694500200729,-0.40144520272982476,31.82753492513805,2.6130163819291496,-0.07378549803071621,273,-52,7
MMOT,test,oracle_aabb,exposed exploratory retest,oracle AABB,data30-4,bytetrack,P-G,path_g,None,43.63709353673224,2.4488157366519516,2.4488157366519516,31.51982128150293,2.3053027382940314,2.3053027382940314,267,-58,-58
MMOT,test,oracle_aabb,exposed exploratory retest,oracle AABB,data30-4,bytetrack,P-G+V,path_g_full_reassign,P-G,43.516659975913285,2.3283821758329992,-0.1204335608189524,31.491525928278037,2.277007385069137,-0.028295353224894626,272,-53,5
MMOT,test,oracle_aabb,exposed exploratory retest,oracle AABB,data30-4,deepocsort,None,no_refinement,None,86.7898222377135,0.0,0.0,85.31083049320432,0.0,0.0,57,0,0
MMOT,test,oracle_aabb,exposed exploratory retest,oracle AABB,data30-4,deepocsort,v1,ace_v1,None,88.60230045311955,1.8124782154060597,1.8124782154060597,87.21725037453864,1.9064198813343154,1.9064198813343154,31,-26,-26
MMOT,test,oracle_aabb,exposed exploratory retest,oracle AABB,data30-4,deepocsort,H,cost_h,None,89.54339491111885,2.7535726734053583,2.7535726734053583,88.02458381194377,2.7137533187394496,2.7137533187394496,27,-30,-30
MMOT,test,oracle_aabb,exposed exploratory retest,oracle AABB,data30-4,deepocsort,H+V,cost_h_full_reassign,H,89.36911815963751,2.5792959219240146,-0.1742767514813437,87.82008557172671,2.5092550785223864,-0.2044982402170632,31,-26,4
MMOT,test,oracle_aabb,exposed exploratory retest,oracle AABB,data30-4,deepocsort,P-G,path_g,None,89.54339491111885,2.7535726734053583,2.7535726734053583,88.02458381194377,2.7137533187394496,2.7137533187394496,27,-30,-30
MMOT,test,oracle_aabb,exposed exploratory retest,oracle AABB,data30-4,deepocsort,P-G+V,path_g_full_reassign,P-G,89.36911815963751,2.5792959219240146,-0.1742767514813437,87.82008557172671,2.5092550785223864,-0.2044982402170632,31,-26,4
MMOT,test,oracle_aabb,exposed exploratory retest,oracle AABB,data30-4,ocsort,None,no_refinement,None,34.180035650623886,0.0,0.0,28.703361513569543,0.0,0.0,190,0,0
MMOT,test,oracle_aabb,exposed exploratory retest,oracle AABB,data30-4,ocsort,v1,ace_v1,None,38.012477718360074,3.8324420677361886,3.8324420677361886,32.941616308136936,4.238254794567393,4.238254794567393,148,-42,-42
MMOT,test,oracle_aabb,exposed exploratory retest,oracle AABB,data30-4,ocsort,H,cost_h,None,38.50267379679144,4.322638146167556,4.322638146167556,33.280169594186,4.5768080806164555,4.5768080806164555,144,-46,-46
MMOT,test,oracle_aabb,exposed exploratory retest,oracle AABB,data30-4,ocsort,H+V,cost_h_full_reassign,H,37.967914438502675,3.787878787878789,-0.5347593582887669,33.020998562467405,4.317637048897861,-0.25917103171859424,144,-46,0
MMOT,test,oracle_aabb,exposed exploratory retest,oracle AABB,data30-4,ocsort,P-G,path_g,None,38.05704099821747,3.877005347593581,3.877005347593581,33.02662494888613,4.323263435316587,4.323263435316587,142,-48,-48
MMOT,test,oracle_aabb,exposed exploratory retest,oracle AABB,data30-4,ocsort,P-G+V,path_g_full_reassign,P-G,37.967914438502675,3.787878787878789,-0.08912655971479211,33.020998562467405,4.317637048897861,-0.005626386418725815,144,-46,2
MMOT,test,oracle_aabb,exposed exploratory retest,oracle AABB,data30-5,bytetrack,None,no_refinement,None,58.632562715199214,0.0,0.0,61.31575497245674,0.0,0.0,103,0,0
MMOT,test,oracle_aabb,exposed exploratory retest,oracle AABB,data30-5,bytetrack,v1,ace_v1,None,61.33792424987703,2.705361534677813,2.705361534677813,65.55012059645077,4.23436562399403,4.23436562399403,85,-18,-18
MMOT,test,oracle_aabb,exposed exploratory retest,oracle AABB,data30-5,bytetrack,H,cost_h,None,61.6822429906542,3.049680275454989,3.049680275454989,65.64979798751335,4.334043015056615,4.334043015056615,77,-26,-26
MMOT,test,oracle_aabb,exposed exploratory retest,oracle AABB,data30-5,bytetrack,H+V,cost_h_full_reassign,H,61.53467781603541,2.9021151008361983,-0.1475651746187907,65.56613865984113,4.250383687384392,-0.08365932767222262,80,-23,3
MMOT,test,oracle_aabb,exposed exploratory retest,oracle AABB,data30-5,bytetrack,P-G,path_g,None,61.780619773733406,3.1480570585341923,3.1480570585341923,65.67793940718157,4.362184434724831,4.362184434724831,74,-29,-29
MMOT,test,oracle_aabb,exposed exploratory retest,oracle AABB,data30-5,bytetrack,P-G+V,path_g_full_reassign,P-G,61.53467781603541,2.9021151008361983,-0.24594195769799398,65.56613865984113,4.250383687384392,-0.11180074734043899,80,-23,6
MMOT,test,oracle_aabb,exposed exploratory retest,oracle AABB,data30-5,deepocsort,None,no_refinement,None,91.70770139846366,0.0,0.0,87.84506682232305,0.0,0.0,18,0,0
MMOT,test,oracle_aabb,exposed exploratory retest,oracle AABB,data30-5,deepocsort,v1,ace_v1,None,92.33799487886547,0.6302934804018179,0.6302934804018179,88.5950558459373,0.7499890236142477,0.7499890236142477,11,-7,-7
MMOT,test,oracle_aabb,exposed exploratory retest,oracle AABB,data30-5,deepocsort,H,cost_h,None,92.41678156391569,0.7090801654520362,0.7090801654520362,88.6970175290371,0.8519507067140495,0.8519507067140495,9,-9,-9
MMOT,test,oracle_aabb,exposed exploratory retest,oracle AABB,data30-5,deepocsort,H+V,cost_h_full_reassign,H,92.69253496159149,0.984833563127836,0.27575339767579976,88.89209254092805,1.0470257186049992,0.19507501189094967,11,-7,2
MMOT,test,oracle_aabb,exposed exploratory retest,oracle AABB,data30-5,deepocsort,P-G,path_g,None,92.37738822139059,0.6696868229269342,0.6696868229269342,88.60640232872511,0.7613355064020624,0.7613355064020624,10,-8,-8
MMOT,test,oracle_aabb,exposed exploratory retest,oracle AABB,data30-5,deepocsort,P-G+V,path_g_full_reassign,P-G,92.69253496159149,0.984833563127836,0.31514674020090183,88.89209254092805,1.0470257186049992,0.2856902122029368,11,-7,1
MMOT,test,oracle_aabb,exposed exploratory retest,oracle AABB,data30-5,ocsort,None,no_refinement,None,52.965446106240336,0.0,0.0,69.54224986861647,0.0,0.0,53,0,0
MMOT,test,oracle_aabb,exposed exploratory retest,oracle AABB,data30-5,ocsort,v1,ace_v1,None,57.34914904589995,4.383702939659614,4.383702939659614,75.83167982393154,6.289429955315072,6.289429955315072,22,-31,-31
MMOT,test,oracle_aabb,exposed exploratory retest,oracle AABB,data30-5,ocsort,H,cost_h,None,57.503867973182054,4.538421866941718,4.538421866941718,75.87104940644839,6.328799537831927,6.328799537831927,19,-34,-34
MMOT,test,oracle_aabb,exposed exploratory retest,oracle AABB,data30-5,ocsort,H+V,cost_h_full_reassign,H,57.34914904589995,4.383702939659614,-0.15471892728210435,75.84450767293698,6.302257804320519,-0.026541733511407983,22,-31,3
MMOT,test,oracle_aabb,exposed exploratory retest,oracle AABB,data30-5,ocsort,P-G,path_g,None,57.400722021660656,4.43527591542032,4.43527591542032,75.84095419972276,6.298704331106293,6.298704331106293,21,-32,-32
MMOT,test,oracle_aabb,exposed exploratory retest,oracle AABB,data30-5,ocsort,P-G+V,path_g_full_reassign,P-G,57.34914904589995,4.383702939659614,-0.051572975760706186,75.84450767293698,6.302257804320519,0.003553473214225278,22,-31,1
MMOT,test,oracle_aabb,exposed exploratory retest,oracle AABB,data30-9,bytetrack,None,no_refinement,None,46.05603020067554,0.0,0.0,64.70676461488992,0.0,0.0,197,0,0
MMOT,test,oracle_aabb,exposed exploratory retest,oracle AABB,data30-9,bytetrack,v1,ace_v1,None,47.3276375918935,1.2716073912179553,1.2716073912179553,66.03026971799785,1.3235051031079337,1.3235051031079337,154,-43,-43
MMOT,test,oracle_aabb,exposed exploratory retest,oracle AABB,data30-9,bytetrack,H,cost_h,None,48.00317901847804,1.9471488178024998,1.9471488178024998,66.47883336682538,1.772068751935464,1.772068751935464,133,-64,-64
MMOT,test,oracle_aabb,exposed exploratory retest,oracle AABB,data30-9,bytetrack,H+V,cost_h_full_reassign,H,47.8442280945758,1.7881978939002536,-0.1589509239022462,66.45956655468443,1.7528019397945087,-0.01926681214095538,135,-62,2
MMOT,test,oracle_aabb,exposed exploratory retest,oracle AABB,data30-9,bytetrack,P-G,path_g,None,47.963441287502484,1.90741108682694,1.90741108682694,66.47099507056423,1.7642304556743085,1.7642304556743085,130,-67,-67
MMOT,test,oracle_aabb,exposed exploratory retest,oracle AABB,data30-9,bytetrack,P-G+V,path_g_full_reassign,P-G,47.8442280945758,1.7881978939002536,-0.11921319292668642,66.45956655468443,1.7528019397945087,-0.011428515879799761,135,-62,5
MMOT,test,oracle_aabb,exposed exploratory retest,oracle AABB,data30-9,deepocsort,None,no_refinement,None,93.26784166425888,0.0,0.0,90.95975780888864,0.0,0.0,32,0,0
MMOT,test,oracle_aabb,exposed exploratory retest,oracle AABB,data30-9,deepocsort,v1,ace_v1,None,93.32562843108929,0.057786766830403735,0.057786766830403735,90.99704410920818,0.03728630031953628,0.03728630031953628,19,-13,-13
MMOT,test,oracle_aabb,exposed exploratory retest,oracle AABB,data30-9,deepocsort,H,cost_h,None,93.35452181450448,0.0866801502455985,0.0866801502455985,91.05434595053751,0.0945881416488703,0.0945881416488703,18,-14,-14
MMOT,test,oracle_aabb,exposed exploratory retest,oracle AABB,data30-9,deepocsort,H+V,cost_h_full_reassign,H,93.61456226524126,0.3467206009823798,0.2600404507367813,91.38143669971684,0.4216788908282041,0.3270907491793338,18,-14,0
MMOT,test,oracle_aabb,exposed exploratory retest,oracle AABB,data30-9,deepocsort,P-G,path_g,None,93.35452181450448,0.0866801502455985,0.0866801502455985,91.05434595053751,0.0945881416488703,0.0945881416488703,18,-14,-14
MMOT,test,oracle_aabb,exposed exploratory retest,oracle AABB,data30-9,deepocsort,P-G+V,path_g_full_reassign,P-G,93.61456226524126,0.3467206009823798,0.2600404507367813,91.38143669971684,0.4216788908282041,0.3270907491793338,18,-14,0
MMOT,test,oracle_aabb,exposed exploratory retest,oracle AABB,data30-9,ocsort,None,no_refinement,None,43.40770791075051,0.0,0.0,67.81286515989107,0.0,0.0,198,0,0
MMOT,test,oracle_aabb,exposed exploratory retest,oracle AABB,data30-9,ocsort,v1,ace_v1,None,46.36916835699797,2.9614604462474574,2.9614604462474574,69.52043823650392,1.7075730766128459,1.7075730766128459,129,-69,-69
MMOT,test,oracle_aabb,exposed exploratory retest,oracle AABB,data30-9,ocsort,H,cost_h,None,49.33062880324543,5.922920892494922,5.922920892494922,70.46850109172918,2.6556359318381055,2.6556359318381055,51,-147,-147
MMOT,test,oracle_aabb,exposed exploratory retest,oracle AABB,data30-9,ocsort,H+V,cost_h_full_reassign,H,48.60040567951319,5.192697768762677,-0.7302231237322445,70.34409182286862,2.531226662977545,-0.12440926886056047,69,-129,18
MMOT,test,oracle_aabb,exposed exploratory retest,oracle AABB,data30-9,ocsort,P-G,path_g,None,49.08722109533469,5.679513184584181,5.679513184584181,70.49519638045481,2.6823312205637393,2.6823312205637393,58,-140,-140
MMOT,test,oracle_aabb,exposed exploratory retest,oracle AABB,data30-9,ocsort,P-G+V,path_g_full_reassign,P-G,48.60040567951319,5.192697768762677,-0.48681541582150345,70.34409182286862,2.531226662977545,-0.15110455758619423,69,-129,11
MMOT,test,oracle_aabb,exposed exploratory retest,oracle AABB,data31-1,bytetrack,None,no_refinement,None,5.013927576601671,0.0,0.0,1.7624977203052439,0.0,0.0,77,0,0
MMOT,test,oracle_aabb,exposed exploratory retest,oracle AABB,data31-1,bytetrack,v1,ace_v1,None,9.656453110492109,4.642525533890438,4.642525533890438,3.1825067838452425,1.4200090635399987,1.4200090635399987,44,-33,-33
MMOT,test,oracle_aabb,exposed exploratory retest,oracle AABB,data31-1,bytetrack,H,cost_h,None,10.584958217270195,5.571030640668524,5.571030640668524,3.699172153410609,1.9366744331053651,1.9366744331053651,38,-39,-39
MMOT,test,oracle_aabb,exposed exploratory retest,oracle AABB,data31-1,bytetrack,H+V,cost_h_full_reassign,H,10.21355617455896,5.199628597957289,-0.3714020427112352,3.5128091664053454,1.7503114461001015,-0.18636298700526366,39,-38,1
MMOT,test,oracle_aabb,exposed exploratory retest,oracle AABB,data31-1,bytetrack,P-G,path_g,None,10.770659238625813,5.7567316620241415,5.7567316620241415,3.6666529863929513,1.9041552660877075,1.9041552660877075,36,-41,-41
MMOT,test,oracle_aabb,exposed exploratory retest,oracle AABB,data31-1,bytetrack,P-G+V,path_g_full_reassign,P-G,10.21355617455896,5.199628597957289,-0.5571030640668528,3.5128091664053454,1.7503114461001015,-0.153843819987606,39,-38,3
MMOT,test,oracle_aabb,exposed exploratory retest,oracle AABB,data31-1,deepocsort,None,no_refinement,None,91.94776931447225,0.0,0.0,89.50471629874113,0.0,0.0,2,0,0
MMOT,test,oracle_aabb,exposed exploratory retest,oracle AABB,data31-1,deepocsort,v1,ace_v1,None,98.4766050054407,6.5288356909684495,6.5288356909684495,97.07618004953056,7.571463750789434,7.571463750789434,0,-2,-2
MMOT,test,oracle_aabb,exposed exploratory retest,oracle AABB,data31-1,deepocsort,H,cost_h,None,98.4766050054407,6.5288356909684495,6.5288356909684495,97.07618004953056,7.571463750789434,7.571463750789434,0,-2,-2
MMOT,test,oracle_aabb,exposed exploratory retest,oracle AABB,data31-1,deepocsort,H+V,cost_h_full_reassign,H,98.4766050054407,6.5288356909684495,0.0,97.07618004953056,7.571463750789434,0.0,0,-2,0
MMOT,test,oracle_aabb,exposed exploratory retest,oracle AABB,data31-1,deepocsort,P-G,path_g,None,98.4766050054407,6.5288356909684495,6.5288356909684495,97.07618004953056,7.571463750789434,7.571463750789434,0,-2,-2
MMOT,test,oracle_aabb,exposed exploratory retest,oracle AABB,data31-1,deepocsort,P-G+V,path_g_full_reassign,P-G,98.4766050054407,6.5288356909684495,0.0,97.07618004953056,7.571463750789434,0.0,0,-2,0
MMOT,test,oracle_aabb,exposed exploratory retest,oracle AABB,data31-1,ocsort,None,no_refinement,None,2.0768431983385254,0.0,0.0,1.0124889681443623,0.0,0.0,21,0,0
MMOT,test,oracle_aabb,exposed exploratory retest,oracle AABB,data31-1,ocsort,v1,ace_v1,None,2.907580477673936,0.8307372793354104,0.8307372793354104,1.2622979377558357,0.24980896961147336,0.24980896961147336,19,-2,-2
MMOT,test,oracle_aabb,exposed exploratory retest,oracle AABB,data31-1,ocsort,H,cost_h,None,3.7383177570093453,1.66147455867082,1.66147455867082,1.7619158769787824,0.7494269088344201,0.7494269088344201,13,-8,-8
MMOT,test,oracle_aabb,exposed exploratory retest,oracle AABB,data31-1,ocsort,H+V,cost_h_full_reassign,H,3.115264797507788,1.0384215991692627,-0.6230529595015573,1.3869085296561472,0.3744195615117849,-0.3750073473226352,16,-5,3
MMOT,test,oracle_aabb,exposed exploratory retest,oracle AABB,data31-1,ocsort,P-G,path_g,None,3.7383177570093453,1.66147455867082,1.66147455867082,1.7619158769787824,0.7494269088344201,0.7494269088344201,13,-8,-8
MMOT,test,oracle_aabb,exposed exploratory retest,oracle AABB,data31-1,ocsort,P-G+V,path_g_full_reassign,P-G,3.115264797507788,1.0384215991692627,-0.6230529595015573,1.3869085296561472,0.3744195615117849,-0.3750073473226352,16,-5,3
MMOT,test,oracle_aabb,exposed exploratory retest,oracle AABB,data33-1,bytetrack,None,no_refinement,None,10.75268817204301,0.0,0.0,9.040869882912931,0.0,0.0,117,0,0
MMOT,test,oracle_aabb,exposed exploratory retest,oracle AABB,data33-1,bytetrack,v1,ace_v1,None,16.7741935483871,6.0215053763440896,6.0215053763440896,11.711268102215671,2.67039821930274,2.67039821930274,76,-41,-41
MMOT,test,oracle_aabb,exposed exploratory retest,oracle AABB,data33-1,bytetrack,H,cost_h,None,20.43010752688172,9.67741935483871,9.67741935483871,13.611261746413058,4.570391863500127,4.570391863500127,71,-46,-46
MMOT,test,oracle_aabb,exposed exploratory retest,oracle AABB,data33-1,bytetrack,H+V,cost_h_full_reassign,H,19.13978494623656,8.38709677419355,-1.2903225806451601,12.616006770801341,3.5751368878884104,-0.9952549756117168,69,-48,-2
MMOT,test,oracle_aabb,exposed exploratory retest,oracle AABB,data33-1,bytetrack,P-G,path_g,None,19.56989247311828,8.81720430107527,8.81720430107527,13.018922729593665,3.9780528466807343,3.9780528466807343,66,-51,-51
MMOT,test,oracle_aabb,exposed exploratory retest,oracle AABB,data33-1,bytetrack,P-G+V,path_g_full_reassign,P-G,19.13978494623656,8.38709677419355,-0.43010752688172005,12.618635796631608,3.577765913718677,-0.4002869329620573,68,-49,2
MMOT,test,oracle_aabb,exposed exploratory retest,oracle AABB,data33-1,deepocsort,None,no_refinement,None,68.11244979919678,0.0,0.0,55.22187642417893,0.0,0.0,18,0,0
MMOT,test,oracle_aabb,exposed exploratory retest,oracle AABB,data33-1,deepocsort,v1,ace_v1,None,88.35341365461848,20.240963855421697,20.240963855421697,82.0559288453294,26.834052421150474,26.834052421150474,8,-10,-10
MMOT,test,oracle_aabb,exposed exploratory retest,oracle AABB,data33-1,deepocsort,H,cost_h,None,88.35341365461848,20.240963855421697,20.240963855421697,82.0559288453294,26.834052421150474,26.834052421150474,8,-10,-10
MMOT,test,oracle_aabb,exposed exploratory retest,oracle AABB,data33-1,deepocsort,H+V,cost_h_full_reassign,H,88.35341365461848,20.240963855421697,0.0,82.0559288453294,26.834052421150474,0.0,8,-10,0
MMOT,test,oracle_aabb,exposed exploratory retest,oracle AABB,data33-1,deepocsort,P-G,path_g,None,88.35341365461848,20.240963855421697,20.240963855421697,82.0559288453294,26.834052421150474,26.834052421150474,8,-10,-10
MMOT,test,oracle_aabb,exposed exploratory retest,oracle AABB,data33-1,deepocsort,P-G+V,path_g_full_reassign,P-G,88.35341365461848,20.240963855421697,0.0,82.0559288453294,26.834052421150474,0.0,8,-10,0
MMOT,test,oracle_aabb,exposed exploratory retest,oracle AABB,data33-1,ocsort,None,no_refinement,None,10.372340425531915,0.0,0.0,11.274770633902165,0.0,0.0,29,0,0
MMOT,test,oracle_aabb,exposed exploratory retest,oracle AABB,data33-1,ocsort,v1,ace_v1,None,14.893617021276595,4.5212765957446805,4.5212765957446805,13.069565857368328,1.7947952234661635,1.7947952234661635,20,-9,-9
MMOT,test,oracle_aabb,exposed exploratory retest,oracle AABB,data33-1,ocsort,H,cost_h,None,14.893617021276595,4.5212765957446805,4.5212765957446805,13.029447103528948,1.7546764696267836,1.7546764696267836,20,-9,-9
MMOT,test,oracle_aabb,exposed exploratory retest,oracle AABB,data33-1,ocsort,H+V,cost_h_full_reassign,H,14.893617021276595,4.5212765957446805,0.0,13.029447103528948,1.7546764696267836,0.0,20,-9,0
MMOT,test,oracle_aabb,exposed exploratory retest,oracle AABB,data33-1,ocsort,P-G,path_g,None,14.893617021276595,4.5212765957446805,4.5212765957446805,13.029447103528948,1.7546764696267836,1.7546764696267836,20,-9,-9
MMOT,test,oracle_aabb,exposed exploratory retest,oracle AABB,data33-1,ocsort,P-G+V,path_g_full_reassign,P-G,14.893617021276595,4.5212765957446805,0.0,13.029447103528948,1.7546764696267836,0.0,20,-9,0
MMOT,test,oracle_aabb,exposed exploratory retest,oracle AABB,data34-1,bytetrack,None,no_refinement,None,14.770277935337491,0.0,0.0,9.955766654889475,0.0,0.0,3508,0,0
MMOT,test,oracle_aabb,exposed exploratory retest,oracle AABB,data34-1,bytetrack,v1,ace_v1,None,18.33238797504254,3.5621100397050487,3.5621100397050487,14.242516957327144,4.286750302437669,4.286750302437669,3391,-117,-117
MMOT,test,oracle_aabb,exposed exploratory retest,oracle AABB,data34-1,bytetrack,H,cost_h,None,20.81678956324447,6.046511627906979,6.046511627906979,15.08753041621549,5.131763761326015,5.131763761326015,3302,-206,-206
MMOT,test,oracle_aabb,exposed exploratory retest,oracle AABB,data34-1,bytetrack,H+V,cost_h_full_reassign,H,19.931934203062962,5.161656267725471,-0.8848553601815077,14.853667007145832,4.897900352256357,-0.23386340906965764,3304,-204,2
MMOT,test,oracle_aabb,exposed exploratory retest,oracle AABB,data34-1,bytetrack,P-G,path_g,None,20.306296086216676,5.536018150879185,5.536018150879185,14.973783435327533,5.018016780438058,5.018016780438058,3291,-217,-217
MMOT,test,oracle_aabb,exposed exploratory retest,oracle AABB,data34-1,bytetrack,P-G+V,path_g_full_reassign,P-G,19.67101531480431,4.90073737946682,-0.6352807714123649,14.813924050879724,4.858157395990249,-0.15985938444780956,3306,-202,15
MMOT,test,oracle_aabb,exposed exploratory retest,oracle AABB,data34-1,deepocsort,None,no_refinement,None,74.94340306076246,0.0,0.0,67.85865958592174,0.0,0.0,202,0,0
MMOT,test,oracle_aabb,exposed exploratory retest,oracle AABB,data34-1,deepocsort,v1,ace_v1,None,77.42461287693561,2.4812098161731484,2.4812098161731484,70.41358398146747,2.5549243955457257,2.5549243955457257,153,-49,-49
MMOT,test,oracle_aabb,exposed exploratory retest,oracle AABB,data34-1,deepocsort,H,cost_h,None,78.08566512722992,3.1422620664674525,3.1422620664674525,70.91573589589444,3.0570763099727003,3.0570763099727003,110,-92,-92
MMOT,test,oracle_aabb,exposed exploratory retest,oracle AABB,data34-1,deepocsort,H+V,cost_h_full_reassign,H,79.69754595671466,4.754142895952199,1.6118808294847469,72.60709665330627,4.748437067384529,1.6913607574118288,134,-68,24
MMOT,test,oracle_aabb,exposed exploratory retest,oracle AABB,data34-1,deepocsort,P-G,path_g,None,79.15421534003441,4.2108122792719485,4.2108122792719485,72.28285021832033,4.424190632398592,4.424190632398592,114,-88,-88
MMOT,test,oracle_aabb,exposed exploratory retest,oracle AABB,data34-1,deepocsort,P-G+V,path_g_full_reassign,P-G,79.69754595671466,4.754142895952199,0.543330616680251,72.60709665330627,4.748437067384529,0.3242464349859375,134,-68,20
MMOT,test,oracle_aabb,exposed exploratory retest,oracle AABB,data34-1,ocsort,None,no_refinement,None,9.601602835786391,0.0,0.0,30.049811617447613,0.0,0.0,210,0,0
MMOT,test,oracle_aabb,exposed exploratory retest,oracle AABB,data34-1,ocsort,v1,ace_v1,None,12.190799106110811,2.58919627032442,2.58919627032442,39.766207350017936,9.716395732570323,9.716395732570323,158,-52,-52
MMOT,test,oracle_aabb,exposed exploratory retest,oracle AABB,data34-1,ocsort,H,cost_h,None,13.115512059798103,3.5139092240117122,3.5139092240117122,44.32848132091854,14.278669703470928,14.278669703470928,126,-84,-84
MMOT,test,oracle_aabb,exposed exploratory retest,oracle AABB,data34-1,ocsort,H+V,cost_h_full_reassign,H,13.023040764429375,3.421437928642984,-0.09247129536872833,44.1688894296718,14.119077812224187,-0.1595918912467411,143,-67,17
MMOT,test,oracle_aabb,exposed exploratory retest,oracle AABB,data34-1,ocsort,P-G,path_g,None,13.16174770748247,3.560144871696078,3.560144871696078,44.233540289493654,14.18372867204604,14.18372867204604,127,-83,-83
MMOT,test,oracle_aabb,exposed exploratory retest,oracle AABB,data34-1,ocsort,P-G+V,path_g_full_reassign,P-G,13.023040764429375,3.421437928642984,-0.13870694305309428,44.1688894296718,14.119077812224187,-0.06465085982185315,143,-67,16
MMOT,test,oracle_aabb,exposed exploratory retest,oracle AABB,data34-2,bytetrack,None,no_refinement,None,55.49231644849175,0.0,0.0,68.48173083856074,0.0,0.0,218,0,0
MMOT,test,oracle_aabb,exposed exploratory retest,oracle AABB,data34-2,bytetrack,v1,ace_v1,None,56.80136596471258,1.3090495162208313,1.3090495162208313,68.6553563953801,0.17362555681935987,0.17362555681935987,187,-31,-31
MMOT,test,oracle_aabb,exposed exploratory retest,oracle AABB,data34-2,bytetrack,H,cost_h,None,57.99658508821855,2.504268639726803,2.504268639726803,69.0559835316006,0.5742526930398668,0.5742526930398668,159,-59,-59
MMOT,test,oracle_aabb,exposed exploratory retest,oracle AABB,data34-2,bytetrack,H+V,cost_h_full_reassign,H,57.598178713716564,2.1058622652248147,-0.3984063745019881,69.07108407076447,0.5893532322037345,0.015100539163867666,167,-51,8
MMOT,test,oracle_aabb,exposed exploratory retest,oracle AABB,data34-2,bytetrack,P-G,path_g,None,57.76892430278885,2.2766078542970973,2.2766078542970973,68.97309699582568,0.4913661572649488,0.4913661572649488,164,-54,-54
MMOT,test,oracle_aabb,exposed exploratory retest,oracle AABB,data34-2,bytetrack,P-G+V,path_g_full_reassign,P-G,57.48434832100171,1.992031872509962,-0.2845759817871354,69.02692398438933,0.5451931458285912,0.05382698856364243,171,-47,7
MMOT,test,oracle_aabb,exposed exploratory retest,oracle AABB,data34-2,deepocsort,None,no_refinement,None,91.29324355700024,0.0,0.0,88.54957879442877,0.0,0.0,16,0,0
MMOT,test,oracle_aabb,exposed exploratory retest,oracle AABB,data34-2,deepocsort,v1,ace_v1,None,91.89691200371487,0.6036684467146358,0.6036684467146358,88.96762992161435,0.4180511271855778,0.4180511271855778,12,-4,-4
MMOT,test,oracle_aabb,exposed exploratory retest,oracle AABB,data34-2,deepocsort,H,cost_h,None,92.5470164847922,1.2537729277919567,1.2537729277919567,89.66421534396403,1.1146365495352626,1.1146365495352626,7,-9,-9
MMOT,test,oracle_aabb,exposed exploratory retest,oracle AABB,data34-2,deepocsort,H+V,cost_h_full_reassign,H,92.08265614116554,0.789412584165305,-0.4643603436266517,89.1533056468751,0.6037268524463286,-0.510909697088934,11,-5,4
MMOT,test,oracle_aabb,exposed exploratory retest,oracle AABB,data34-2,deepocsort,P-G,path_g,None,92.03622010680289,0.7429765498026484,0.7429765498026484,89.11377501041822,0.5641962159894547,0.5641962159894547,10,-6,-6
MMOT,test,oracle_aabb,exposed exploratory retest,oracle AABB,data34-2,deepocsort,P-G+V,path_g_full_reassign,P-G,92.08265614116554,0.789412584165305,0.04643603436265664,89.1533056468751,0.6037268524463286,0.039530636456873935,11,-5,1
MMOT,test,oracle_aabb,exposed exploratory retest,oracle AABB,data34-2,ocsort,None,no_refinement,None,53.589420654911834,0.0,0.0,90.87485561044024,0.0,0.0,24,0,0
MMOT,test,oracle_aabb,exposed exploratory retest,oracle AABB,data34-2,ocsort,v1,ace_v1,None,54.40806045340051,0.8186397984886753,0.8186397984886753,91.65685026237036,0.7819946519301197,0.7819946519301197,8,-16,-16
MMOT,test,oracle_aabb,exposed exploratory retest,oracle AABB,data34-2,ocsort,H,cost_h,None,54.47103274559194,0.8816120906801075,0.8816120906801075,91.66896971665082,0.7941141062105856,0.7941141062105856,7,-17,-17
MMOT,test,oracle_aabb,exposed exploratory retest,oracle AABB,data34-2,ocsort,H+V,cost_h_full_reassign,H,54.40806045340051,0.8186397984886753,-0.06297229219143219,91.6404959125506,0.7656403021103699,-0.028473804100215716,8,-16,1
MMOT,test,oracle_aabb,exposed exploratory retest,oracle AABB,data34-2,ocsort,P-G,path_g,None,54.47103274559194,0.8816120906801075,0.8816120906801075,91.66896971665082,0.7941141062105856,0.7941141062105856,7,-17,-17
MMOT,test,oracle_aabb,exposed exploratory retest,oracle AABB,data34-2,ocsort,P-G+V,path_g_full_reassign,P-G,54.40806045340051,0.8186397984886753,-0.06297229219143219,91.6404959125506,0.7656403021103699,-0.028473804100215716,8,-16,1
MMOT,test,oracle_aabb,exposed exploratory retest,oracle AABB,data34-3,bytetrack,None,no_refinement,None,13.145258103241297,0.0,0.0,10.988044028023571,0.0,0.0,491,0,0
MMOT,test,oracle_aabb,exposed exploratory retest,oracle AABB,data34-3,bytetrack,v1,ace_v1,None,13.565426170468186,0.42016806722688926,0.42016806722688926,11.199348128456188,0.21130410043261705,0.21130410043261705,470,-21,-21
MMOT,test,oracle_aabb,exposed exploratory retest,oracle AABB,data34-3,bytetrack,H,cost_h,None,14.105642256902762,0.9603841536614652,0.9603841536614652,11.332541742583897,0.3444977145603261,0.3444977145603261,453,-38,-38
MMOT,test,oracle_aabb,exposed exploratory retest,oracle AABB,data34-3,bytetrack,H+V,cost_h_full_reassign,H,13.865546218487395,0.7202881152460989,-0.2400960384153663,11.301333413709337,0.31328938568576525,-0.03120832887456082,461,-30,8
MMOT,test,oracle_aabb,exposed exploratory retest,oracle AABB,data34-3,bytetrack,P-G,path_g,None,13.985594237695079,0.8403361344537821,0.8403361344537821,11.299854928566191,0.3118109005426195,0.3118109005426195,457,-34,-34
MMOT,test,oracle_aabb,exposed exploratory retest,oracle AABB,data34-3,bytetrack,P-G+V,path_g_full_reassign,P-G,13.865546218487395,0.7202881152460989,-0.12004801920768315,11.301307505124655,0.31326347710108315,0.0014525765584636474,460,-31,3
MMOT,test,oracle_aabb,exposed exploratory retest,oracle AABB,data34-3,deepocsort,None,no_refinement,None,73.27548806941432,0.0,0.0,67.50960364956215,0.0,0.0,92,0,0
MMOT,test,oracle_aabb,exposed exploratory retest,oracle AABB,data34-3,deepocsort,v1,ace_v1,None,73.66594360086768,0.3904555314533553,0.3904555314533553,67.0473396258175,-0.4622640237446518,-0.4622640237446518,71,-21,-21
MMOT,test,oracle_aabb,exposed exploratory retest,oracle AABB,data34-3,deepocsort,H,cost_h,None,75.22776572668113,1.952277657266805,1.952277657266805,69.38046621934977,1.8708625697876187,1.8708625697876187,53,-39,-39
MMOT,test,oracle_aabb,exposed exploratory retest,oracle AABB,data34-3,deepocsort,H+V,cost_h_full_reassign,H,75.61822125813448,2.3427331887201603,0.3904555314533553,70.16394954804572,2.6543458984835695,0.7834833286959508,58,-34,5
MMOT,test,oracle_aabb,exposed exploratory retest,oracle AABB,data34-3,deepocsort,P-G,path_g,None,75.66160520607376,2.3861171366594363,2.3861171366594363,69.31528558895592,1.8056819393937644,1.8056819393937644,56,-36,-36
MMOT,test,oracle_aabb,exposed exploratory retest,oracle AABB,data34-3,deepocsort,P-G+V,path_g_full_reassign,P-G,75.61822125813448,2.3427331887201603,-0.04338394793927591,70.16394954804572,2.6543458984835695,0.8486639590898051,58,-34,2
MMOT,test,oracle_aabb,exposed exploratory retest,oracle AABB,data34-3,ocsort,None,no_refinement,None,9.349030470914126,0.0,0.0,16.99409475405755,0.0,0.0,156,0,0
MMOT,test,oracle_aabb,exposed exploratory retest,oracle AABB,data34-3,ocsort,v1,ace_v1,None,11.218836565096952,1.8698060941828256,1.8698060941828256,18.411950610009686,1.417855855952137,1.417855855952137,126,-30,-30
MMOT,test,oracle_aabb,exposed exploratory retest,oracle AABB,data34-3,ocsort,H,cost_h,None,17.03601108033241,7.686980609418285,7.686980609418285,21.804614800419966,4.8105200463624165,4.8105200463624165,41,-115,-115
MMOT,test,oracle_aabb,exposed exploratory retest,oracle AABB,data34-3,ocsort,H+V,cost_h_full_reassign,H,15.166204986149584,5.8171745152354575,-1.8698060941828274,20.830721105868115,3.8366263518105654,-0.973893694551851,68,-88,27
MMOT,test,oracle_aabb,exposed exploratory retest,oracle AABB,data34-3,ocsort,P-G,path_g,None,16.20498614958449,6.855955678670362,6.855955678670362,21.325093477583394,4.330998723525845,4.330998723525845,53,-103,-103
MMOT,test,oracle_aabb,exposed exploratory retest,oracle AABB,data34-3,ocsort,P-G+V,path_g_full_reassign,P-G,15.166204986149584,5.8171745152354575,-1.038781163434905,20.830721105868115,3.8366263518105654,-0.49437237171527926,68,-88,15
MMOT,test,oracle_aabb,exposed exploratory retest,oracle AABB,data36-10,bytetrack,None,no_refinement,None,42.62318377207006,0.0,0.0,54.22331667441509,0.0,0.0,2471,0,0
MMOT,test,oracle_aabb,exposed exploratory retest,oracle AABB,data36-10,bytetrack,v1,ace_v1,None,43.34079363387687,0.7176098618068139,0.7176098618068139,54.37093271711505,0.14761604269996553,0.14761604269996553,2279,-192,-192
MMOT,test,oracle_aabb,exposed exploratory retest,oracle AABB,data36-10,bytetrack,H,cost_h,None,44.03708835127358,1.4139045792035247,1.4139045792035247,54.59230094511975,0.3689842707046651,0.3689842707046651,2168,-303,-303
MMOT,test,oracle_aabb,exposed exploratory retest,oracle AABB,data36-10,bytetrack,H+V,cost_h_full_reassign,H,44.07261359195709,1.4494298198870297,0.03552524068350493,54.65306684105824,0.4297501666431529,0.0607658959384878,2164,-307,-4
MMOT,test,oracle_aabb,exposed exploratory retest,oracle AABB,data36-10,bytetrack,P-G,path_g,None,43.95182777363317,1.328644001563113,1.328644001563113,54.582203915116914,0.35888724070182576,0.35888724070182576,2146,-325,-325
MMOT,test,oracle_aabb,exposed exploratory retest,oracle AABB,data36-10,bytetrack,P-G+V,path_g_full_reassign,P-G,44.00866815872678,1.3854843866567208,0.05684038509360789,54.6365508564824,0.4132341820673133,0.05434694136548757,2166,-305,20
MMOT,test,oracle_aabb,exposed exploratory retest,oracle AABB,data36-10,deepocsort,None,no_refinement,None,83.77041478984165,0.0,0.0,78.52456504766604,0.0,0.0,275,0,0
MMOT,test,oracle_aabb,exposed exploratory retest,oracle AABB,data36-10,deepocsort,v1,ace_v1,None,83.0629784176638,-0.7074363721778525,-0.7074363721778525,76.64282583348607,-1.881739214179973,-1.881739214179973,244,-31,-31
MMOT,test,oracle_aabb,exposed exploratory retest,oracle AABB,data36-10,deepocsort,H,cost_h,None,82.09578025257689,-1.6746345372647653,-1.6746345372647653,75.68875720306568,-2.8358078446003674,-2.8358078446003674,217,-58,-58
MMOT,test,oracle_aabb,exposed exploratory retest,oracle AABB,data36-10,deepocsort,H+V,cost_h_full_reassign,H,84.1683477491917,0.3979329593500438,2.072567496614809,78.00384415732674,-0.5207208903393052,2.315086954261062,216,-59,-1
MMOT,test,oracle_aabb,exposed exploratory retest,oracle AABB,data36-10,deepocsort,P-G,path_g,None,82.36659573880122,-1.4038190510404291,-1.4038190510404291,75.72343191862491,-2.8011331290411334,-2.8011331290411334,222,-53,-53
MMOT,test,oracle_aabb,exposed exploratory retest,oracle AABB,data36-10,deepocsort,P-G+V,path_g_full_reassign,P-G,84.16282090253407,0.392406112692413,1.7962251637328421,77.98213836097743,-0.5424266866886143,2.258706442352519,219,-56,-3
MMOT,test,oracle_aabb,exposed exploratory retest,oracle AABB,data36-10,ocsort,None,no_refinement,None,42.65734265734265,0.0,0.0,85.03111296929931,0.0,0.0,246,0,0
MMOT,test,oracle_aabb,exposed exploratory retest,oracle AABB,data36-10,ocsort,v1,ace_v1,None,42.94670846394985,0.2893658066071936,0.2893658066071936,84.2221647458929,-0.8089482234064178,-0.8089482234064178,162,-84,-84
MMOT,test,oracle_aabb,exposed exploratory retest,oracle AABB,data36-10,ocsort,H,cost_h,None,43.131581062615545,0.4742384052728923,0.4742384052728923,84.35374119629515,-0.6773717730041682,-0.6773717730041682,120,-126,-126
MMOT,test,oracle_aabb,exposed exploratory retest,oracle AABB,data36-10,ocsort,H+V,cost_h_full_reassign,H,43.21196045333976,0.5546177959971104,0.08037939072421807,84.32983964737217,-0.7012733219271468,-0.023901548922978577,132,-114,12
MMOT,test,oracle_aabb,exposed exploratory retest,oracle AABB,data36-10,ocsort,P-G,path_g,None,43.155694879832815,0.498352222490162,0.498352222490162,84.34961486544627,-0.6814981038530448,-0.6814981038530448,121,-125,-125
MMOT,test,oracle_aabb,exposed exploratory retest,oracle AABB,data36-10,ocsort,P-G+V,path_g_full_reassign,P-G,43.21196045333976,0.5546177959971104,0.056265573506948385,84.32983964737217,-0.7012733219271468,-0.019775218074101986,132,-114,11
MMOT,test,oracle_aabb,exposed exploratory retest,oracle AABB,data36-11,bytetrack,None,no_refinement,None,48.742835307604125,0.0,0.0,64.10577878222983,0.0,0.0,982,0,0
MMOT,test,oracle_aabb,exposed exploratory retest,oracle AABB,data36-11,bytetrack,v1,ace_v1,None,49.461215131830336,0.7183798242262114,0.7183798242262114,64.34705097595082,0.24127219372098807,0.24127219372098807,893,-89,-89
MMOT,test,oracle_aabb,exposed exploratory retest,oracle AABB,data36-11,bytetrack,H,cost_h,None,49.828047382499044,1.085212074894919,1.085212074894919,64.41331832851594,0.30753954628610813,0.30753954628610813,865,-117,-117
MMOT,test,oracle_aabb,exposed exploratory retest,oracle AABB,data36-11,bytetrack,H+V,cost_h_full_reassign,H,49.73633931983187,0.9935040122277456,-0.09170806266717335,64.39115545405951,0.2853766718296811,-0.022162874456427062,871,-111,6
MMOT,test,oracle_aabb,exposed exploratory retest,oracle AABB,data36-11,bytetrack,P-G,path_g,None,49.84333205961024,1.1004967520061157,1.1004967520061157,64.39038453932471,0.2846057570948801,0.2846057570948801,865,-117,-117
MMOT,test,oracle_aabb,exposed exploratory retest,oracle AABB,data36-11,bytetrack,P-G+V,path_g_full_reassign,P-G,49.75162399694306,1.0087886893389353,-0.09170806266718046,64.3925829450437,0.28680416281386556,0.002198405718985441,872,-110,7
MMOT,test,oracle_aabb,exposed exploratory retest,oracle AABB,data36-11,deepocsort,None,no_refinement,None,93.98474349269202,0.0,0.0,91.0861042547879,0.0,0.0,50,0,0
MMOT,test,oracle_aabb,exposed exploratory retest,oracle AABB,data36-11,deepocsort,v1,ace_v1,None,93.99638968147673,0.011646188784709466,0.011646188784709466,90.98766196336197,-0.09844229142592553,-0.09844229142592553,43,-7,-7
MMOT,test,oracle_aabb,exposed exploratory retest,oracle AABB,data36-11,deepocsort,H,cost_h,None,93.8566354160601,-0.1281080766319178,-0.1281080766319178,90.7535530359131,-0.3325512188747979,-0.3325512188747979,43,-7,-7
MMOT,test,oracle_aabb,exposed exploratory retest,oracle AABB,data36-11,deepocsort,H+V,cost_h_full_reassign,H,94.24095964595585,0.2562161532638356,0.38432422989575343,91.49751841651415,0.4114141617262561,0.743965380601054,42,-8,-1
MMOT,test,oracle_aabb,exposed exploratory retest,oracle AABB,data36-11,deepocsort,P-G,path_g,None,93.90322017119898,-0.08152332149303732,-0.08152332149303732,90.91333510581141,-0.1727691489764851,-0.1727691489764851,42,-8,-8
MMOT,test,oracle_aabb,exposed exploratory retest,oracle AABB,data36-11,deepocsort,P-G+V,path_g_full_reassign,P-G,94.24095964595585,0.2562161532638356,0.33773947475687294,91.49751841651415,0.4114141617262561,0.5841833107027412,42,-8,0
MMOT,test,oracle_aabb,exposed exploratory retest,oracle AABB,data36-11,ocsort,None,no_refinement,None,49.29276315789474,0.0,0.0,82.1228152318072,0.0,0.0,268,0,0
MMOT,test,oracle_aabb,exposed exploratory retest,oracle AABB,data36-11,ocsort,v1,ace_v1,None,50.36184210526316,1.0690789473684177,1.0690789473684177,82.68948424529529,0.5666690134880952,0.5666690134880952,194,-74,-74
MMOT,test,oracle_aabb,exposed exploratory retest,oracle AABB,data36-11,ocsort,H,cost_h,None,52.30263157894737,3.00986842105263,3.00986842105263,83.28273212271854,1.1599168909113473,1.1599168909113473,67,-201,-201
MMOT,test,oracle_aabb,exposed exploratory retest,oracle AABB,data36-11,ocsort,H+V,cost_h_full_reassign,H,51.64473684210527,2.3519736842105274,-0.6578947368421026,83.06574038548658,0.9429251536793828,-0.21699173723196452,113,-155,46
MMOT,test,oracle_aabb,exposed exploratory retest,oracle AABB,data36-11,ocsort,P-G,path_g,None,52.03947368421053,2.7467105263157876,2.7467105263157876,83.1988209588442,1.0760057270369998,1.0760057270369998,94,-174,-174
MMOT,test,oracle_aabb,exposed exploratory retest,oracle AABB,data36-11,ocsort,P-G+V,path_g_full_reassign,P-G,51.64473684210527,2.3519736842105274,-0.39473684210526017,83.06574038548658,0.9429251536793828,-0.13308057335761703,113,-155,19
MMOT,test,oracle_aabb,exposed exploratory retest,oracle AABB,data36-12,bytetrack,None,no_refinement,None,70.27588252743993,0.0,0.0,64.71339620625854,0.0,0.0,146,0,0
MMOT,test,oracle_aabb,exposed exploratory retest,oracle AABB,data36-12,bytetrack,v1,ace_v1,None,71.1954909522397,0.9196084247997618,0.9196084247997618,64.91363706420773,0.200240857949197,0.200240857949197,107,-39,-39
MMOT,test,oracle_aabb,exposed exploratory retest,oracle AABB,data36-12,bytetrack,H,cost_h,None,71.31415010382676,1.0382675763868292,1.0382675763868292,64.96578633046306,0.2523901242045241,0.2523901242045241,104,-42,-42
MMOT,test,oracle_aabb,exposed exploratory retest,oracle AABB,data36-12,bytetrack,H+V,cost_h_full_reassign,H,71.25482052803322,0.9789380005932884,-0.05932957579354081,64.94990885943537,0.23651265317683112,-0.01587747102769299,105,-41,1
MMOT,test,oracle_aabb,exposed exploratory retest,oracle AABB,data36-12,bytetrack,P-G,path_g,None,71.16582616434293,0.8899436369029985,0.8899436369029985,64.93646067308674,0.22306446682820535,0.22306446682820535,104,-42,-42
MMOT,test,oracle_aabb,exposed exploratory retest,oracle AABB,data36-12,bytetrack,P-G+V,path_g_full_reassign,P-G,71.25482052803322,0.9789380005932884,0.0889943636902899,64.94990885943537,0.23651265317683112,0.013448186348625768,105,-41,1
MMOT,test,oracle_aabb,exposed exploratory retest,oracle AABB,data36-12,deepocsort,None,no_refinement,None,93.82113821138212,0.0,0.0,91.6354961481663,0.0,0.0,15,0,0
MMOT,test,oracle_aabb,exposed exploratory retest,oracle AABB,data36-12,deepocsort,v1,ace_v1,None,94.74254742547426,0.9214092140921366,0.9214092140921366,92.4603303976432,0.8248342494769076,0.8248342494769076,10,-5,-5
MMOT,test,oracle_aabb,exposed exploratory retest,oracle AABB,data36-12,deepocsort,H,cost_h,None,94.8780487804878,1.056910569105682,1.056910569105682,92.5366910671387,0.9011949189724078,0.9011949189724078,8,-7,-7
MMOT,test,oracle_aabb,exposed exploratory retest,oracle AABB,data36-12,deepocsort,H+V,cost_h_full_reassign,H,95.06775067750678,1.2466124661246596,0.18970189701897766,92.67585558814947,1.0403594399831775,0.1391645210107697,8,-7,0
MMOT,test,oracle_aabb,exposed exploratory retest,oracle AABB,data36-12,deepocsort,P-G,path_g,None,94.8780487804878,1.056910569105682,1.056910569105682,92.5366910671387,0.9011949189724078,0.9011949189724078,8,-7,-7
MMOT,test,oracle_aabb,exposed exploratory retest,oracle AABB,data36-12,deepocsort,P-G+V,path_g_full_reassign,P-G,95.06775067750678,1.2466124661246596,0.18970189701897766,92.67585558814947,1.0403594399831775,0.1391645210107697,8,-7,0
MMOT,test,oracle_aabb,exposed exploratory retest,oracle AABB,data36-12,ocsort,None,no_refinement,None,71.48148148148148,0.0,0.0,73.95279522154323,0.0,0.0,77,0,0
MMOT,test,oracle_aabb,exposed exploratory retest,oracle AABB,data36-12,ocsort,v1,ace_v1,None,72.12962962962963,0.6481481481481524,0.6481481481481524,74.51118991039448,0.5583946888512514,0.5583946888512514,52,-25,-25
MMOT,test,oracle_aabb,exposed exploratory retest,oracle AABB,data36-12,ocsort,H,cost_h,None,72.34567901234567,0.8641975308641889,0.8641975308641889,74.53518658880587,0.5823913672626446,0.5823913672626446,43,-34,-34
MMOT,test,oracle_aabb,exposed exploratory retest,oracle AABB,data36-12,ocsort,H+V,cost_h_full_reassign,H,72.37654320987654,0.8950617283950635,0.03086419753087455,74.53792832657197,0.5851331050287456,0.0027417377661009823,43,-34,0
MMOT,test,oracle_aabb,exposed exploratory retest,oracle AABB,data36-12,ocsort,P-G,path_g,None,72.34567901234567,0.8641975308641889,0.8641975308641889,74.53518658880587,0.5823913672626446,0.5823913672626446,43,-34,-34
MMOT,test,oracle_aabb,exposed exploratory retest,oracle AABB,data36-12,ocsort,P-G+V,path_g_full_reassign,P-G,72.37654320987654,0.8950617283950635,0.03086419753087455,74.53792832657197,0.5851331050287456,0.0027417377661009823,43,-34,0
MMOT,test,oracle_aabb,exposed exploratory retest,oracle AABB,data36-13,bytetrack,None,no_refinement,None,75.60601411475912,0.0,0.0,63.23891569919052,0.0,0.0,94,0,0
MMOT,test,oracle_aabb,exposed exploratory retest,oracle AABB,data36-13,bytetrack,v1,ace_v1,None,78.49033445842282,2.8843203436637026,2.8843203436637026,65.03335365262075,1.7944379534302257,1.7944379534302257,76,-18,-18
MMOT,test,oracle_aabb,exposed exploratory retest,oracle AABB,data36-13,bytetrack,H,cost_h,None,79.77907333537895,4.173059220619834,4.173059220619834,66.64864241343129,3.409726714240769,3.409726714240769,72,-22,-22
MMOT,test,oracle_aabb,exposed exploratory retest,oracle AABB,data36-13,bytetrack,H+V,cost_h_full_reassign,H,79.28812519177661,3.6821110770174954,-0.4909481436023384,66.42572350978536,3.1868078105948356,-0.22291890364593314,71,-23,-1
MMOT,test,oracle_aabb,exposed exploratory retest,oracle AABB,data36-13,bytetrack,P-G,path_g,None,79.28812519177661,3.6821110770174954,3.6821110770174954,66.42572350978536,3.1868078105948356,3.1868078105948356,71,-23,-23
MMOT,test,oracle_aabb,exposed exploratory retest,oracle AABB,data36-13,bytetrack,P-G+V,path_g_full_reassign,P-G,79.28812519177661,3.6821110770174954,0.0,66.42572350978536,3.1868078105948356,0.0,71,-23,0
MMOT,test,oracle_aabb,exposed exploratory retest,oracle AABB,data36-13,deepocsort,None,no_refinement,None,88.32844574780059,0.0,0.0,84.668368298351,0.0,0.0,20,0,0
MMOT,test,oracle_aabb,exposed exploratory retest,oracle AABB,data36-13,deepocsort,v1,ace_v1,None,90.14662756598241,1.8181818181818272,1.8181818181818272,86.45394302970789,1.7855747313568884,1.7855747313568884,16,-4,-4
MMOT,test,oracle_aabb,exposed exploratory retest,oracle AABB,data36-13,deepocsort,H,cost_h,None,90.6158357771261,2.2873900293255076,2.2873900293255076,86.7867138355449,2.1183455371939033,2.1183455371939033,15,-5,-5
MMOT,test,oracle_aabb,exposed exploratory retest,oracle AABB,data36-13,deepocsort,H+V,cost_h_full_reassign,H,90.55718475073313,2.2287390029325422,-0.05865102639296538,87.08660772183237,2.418239423481367,0.29989388628746383,16,-4,1
MMOT,test,oracle_aabb,exposed exploratory retest,oracle AABB,data36-13,deepocsort,P-G,path_g,None,90.6158357771261,2.2873900293255076,2.2873900293255076,86.7867138355449,2.1183455371939033,2.1183455371939033,15,-5,-5
MMOT,test,oracle_aabb,exposed exploratory retest,oracle AABB,data36-13,deepocsort,P-G+V,path_g_full_reassign,P-G,90.55718475073313,2.2287390029325422,-0.05865102639296538,87.08660772183237,2.418239423481367,0.29989388628746383,16,-4,1
MMOT,test,oracle_aabb,exposed exploratory retest,oracle AABB,data36-13,ocsort,None,no_refinement,None,75.74578469520104,0.0,0.0,79.2029197446619,0.0,0.0,43,0,0
MMOT,test,oracle_aabb,exposed exploratory retest,oracle AABB,data36-13,ocsort,v1,ace_v1,None,76.32944228274967,0.583657587548629,0.583657587548629,79.34811813627734,0.14519839161543757,0.14519839161543757,30,-13,-13
MMOT,test,oracle_aabb,exposed exploratory retest,oracle AABB,data36-13,ocsort,H,cost_h,None,76.58884565499352,0.8430609597924814,0.8430609597924814,79.37597274344834,0.17305299878644576,0.17305299878644576,25,-18,-18
MMOT,test,oracle_aabb,exposed exploratory retest,oracle AABB,data36-13,ocsort,H+V,cost_h_full_reassign,H,76.52399481193255,0.7782101167315147,-0.06485084306096667,79.37017147167896,0.16725172701706015,-0.0058012717693856075,26,-17,1
MMOT,test,oracle_aabb,exposed exploratory retest,oracle AABB,data36-13,ocsort,P-G,path_g,None,76.58884565499352,0.8430609597924814,0.8430609597924814,79.37597274344834,0.17305299878644576,0.17305299878644576,25,-18,-18
MMOT,test,oracle_aabb,exposed exploratory retest,oracle AABB,data36-13,ocsort,P-G+V,path_g_full_reassign,P-G,76.52399481193255,0.7782101167315147,-0.06485084306096667,79.37017147167896,0.16725172701706015,-0.0058012717693856075,26,-17,1
MMOT,test,oracle_aabb,exposed exploratory retest,oracle AABB,data36-4,bytetrack,None,no_refinement,None,47.80582524271845,0.0,0.0,48.32730489255678,0.0,0.0,1231,0,0
MMOT,test,oracle_aabb,exposed exploratory retest,oracle AABB,data36-4,bytetrack,v1,ace_v1,None,51.932038834951456,4.126213592233007,4.126213592233007,51.584934448712914,3.2576295561561324,3.2576295561561324,964,-267,-267
MMOT,test,oracle_aabb,exposed exploratory retest,oracle AABB,data36-4,bytetrack,H,cost_h,None,54.15533980582524,6.349514563106794,6.349514563106794,52.39243765337167,4.06513276081489,4.06513276081489,821,-410,-410
MMOT,test,oracle_aabb,exposed exploratory retest,oracle AABB,data36-4,bytetrack,H+V,cost_h_full_reassign,H,53.737864077669904,5.932038834951456,-0.4174757281553383,52.30353620083189,3.9762313082751106,-0.08890145253977977,842,-389,21
MMOT,test,oracle_aabb,exposed exploratory retest,oracle AABB,data36-4,bytetrack,P-G,path_g,None,54.06796116504854,6.2621359223300885,6.2621359223300885,52.41963211721963,4.092327224662846,4.092327224662846,818,-413,-413
MMOT,test,oracle_aabb,exposed exploratory retest,oracle AABB,data36-4,bytetrack,P-G+V,path_g_full_reassign,P-G,53.689320388349515,5.883495145631066,-0.3786407766990223,52.29747647075877,3.9701715782019846,-0.12215564646086108,842,-389,24
MMOT,test,oracle_aabb,exposed exploratory retest,oracle AABB,data36-4,deepocsort,None,no_refinement,None,86.88484848484849,0.0,0.0,82.84436327124067,0.0,0.0,99,0,0
MMOT,test,oracle_aabb,exposed exploratory retest,oracle AABB,data36-4,deepocsort,v1,ace_v1,None,89.24444444444445,2.359595959595964,2.359595959595964,84.99452265910769,2.1501593878670207,2.1501593878670207,66,-33,-33
MMOT,test,oracle_aabb,exposed exploratory retest,oracle AABB,data36-4,deepocsort,H,cost_h,None,89.78585858585859,2.901010101010101,2.901010101010101,85.84371779024892,2.99935451900825,2.99935451900825,54,-45,-45
MMOT,test,oracle_aabb,exposed exploratory retest,oracle AABB,data36-4,deepocsort,H+V,cost_h_full_reassign,H,89.86666666666666,2.98181818181817,0.0808080808080689,86.16954311013754,3.3251798388968723,0.3258253198886223,58,-41,4
MMOT,test,oracle_aabb,exposed exploratory retest,oracle AABB,data36-4,deepocsort,P-G,path_g,None,89.89090909090909,3.0060606060606005,3.0060606060606005,86.0205124398684,3.176149168627731,3.176149168627731,54,-45,-45
MMOT,test,oracle_aabb,exposed exploratory retest,oracle AABB,data36-4,deepocsort,P-G+V,path_g_full_reassign,P-G,89.86666666666666,2.98181818181817,-0.024242424242430616,86.16954311013754,3.3251798388968723,0.1490306702691413,58,-41,4
MMOT,test,oracle_aabb,exposed exploratory retest,oracle AABB,data36-4,ocsort,None,no_refinement,None,41.33427654132883,0.0,0.0,52.728972359560856,0.0,0.0,339,0,0
MMOT,test,oracle_aabb,exposed exploratory retest,oracle AABB,data36-4,ocsort,v1,ace_v1,None,43.260597485987915,1.926320944659082,1.926320944659082,53.52406279458531,0.7950904350244556,0.7950904350244556,237,-102,-102
MMOT,test,oracle_aabb,exposed exploratory retest,oracle AABB,data36-4,ocsort,H,cost_h,None,43.978886651793005,2.6446101104641713,2.6446101104641713,53.88882762296047,1.1598552633996135,1.1598552633996135,185,-154,-154
MMOT,test,oracle_aabb,exposed exploratory retest,oracle AABB,data36-4,ocsort,H+V,cost_h_full_reassign,H,43.95712031343527,2.6228437721064353,-0.021766338357736004,53.94230476853629,1.2133324089754325,0.05347714557581895,198,-141,13
MMOT,test,oracle_aabb,exposed exploratory retest,oracle AABB,data36-4,ocsort,P-G,path_g,None,44.000652990150726,2.666376448821893,2.666376448821893,53.945146267729726,1.2161739081688694,1.2161739081688694,192,-147,-147
MMOT,test,oracle_aabb,exposed exploratory retest,oracle AABB,data36-4,ocsort,P-G+V,path_g_full_reassign,P-G,43.95712031343527,2.6228437721064353,-0.043532676715457796,53.94230476853629,1.2133324089754325,-0.0028414991934369027,198,-141,6
MMOT,test,oracle_aabb,exposed exploratory retest,oracle AABB,data36-5,bytetrack,None,no_refinement,None,71.26589766341318,0.0,0.0,70.58181143406523,0.0,0.0,504,0,0
MMOT,test,oracle_aabb,exposed exploratory retest,oracle AABB,data36-5,bytetrack,v1,ace_v1,None,73.39544513457557,2.1295474711623825,2.1295474711623825,71.87516648944423,1.2933550553789956,1.2933550553789956,411,-93,-93
MMOT,test,oracle_aabb,exposed exploratory retest,oracle AABB,data36-5,bytetrack,H,cost_h,None,74.41585329784087,3.149955634427684,3.149955634427684,72.22427069218816,1.6424592581229263,1.6424592581229263,363,-141,-141
MMOT,test,oracle_aabb,exposed exploratory retest,oracle AABB,data36-5,bytetrack,H+V,cost_h_full_reassign,H,73.88346643005028,2.617568766637092,-0.5323868677905921,72.11949550783908,1.5376840737738462,-0.10477518434908006,383,-121,20
MMOT,test,oracle_aabb,exposed exploratory retest,oracle AABB,data36-5,bytetrack,P-G,path_g,None,74.32712215320912,3.061224489795933,3.061224489795933,72.2059251231375,1.6241136890722743,1.6241136890722743,367,-137,-137
MMOT,test,oracle_aabb,exposed exploratory retest,oracle AABB,data36-5,bytetrack,P-G+V,path_g_full_reassign,P-G,73.91304347826086,2.6471458148476756,-0.41407867494825723,72.11979355638105,1.5379821223158245,-0.08613156675644973,382,-122,15
MMOT,test,oracle_aabb,exposed exploratory retest,oracle AABB,data36-5,deepocsort,None,no_refinement,None,95.08644222020018,0.0,0.0,93.85757225474609,0.0,0.0,30,0,0
MMOT,test,oracle_aabb,exposed exploratory retest,oracle AABB,data36-5,deepocsort,v1,ace_v1,None,96.41232289093982,1.325880670739636,1.325880670739636,95.4456570720445,1.5880848172984088,1.5880848172984088,9,-21,-21
MMOT,test,oracle_aabb,exposed exploratory retest,oracle AABB,data36-5,deepocsort,H,cost_h,None,96.46431821136098,1.377875991160792,1.377875991160792,95.53296300419632,1.67539074945023,1.67539074945023,7,-23,-23
MMOT,test,oracle_aabb,exposed exploratory retest,oracle AABB,data36-5,deepocsort,H+V,cost_h_full_reassign,H,96.55531002209801,1.4688678018978294,0.09099181073703733,95.63658763815965,1.7790153834135651,0.1036246339633351,8,-22,1
MMOT,test,oracle_aabb,exposed exploratory retest,oracle AABB,data36-5,deepocsort,P-G,path_g,None,96.46431821136098,1.377875991160792,1.377875991160792,95.53296300419632,1.67539074945023,1.67539074945023,7,-23,-23
MMOT,test,oracle_aabb,exposed exploratory retest,oracle AABB,data36-5,deepocsort,P-G+V,path_g_full_reassign,P-G,96.55531002209801,1.4688678018978294,0.09099181073703733,95.63658763815965,1.7790153834135651,0.1036246339633351,8,-22,1
MMOT,test,oracle_aabb,exposed exploratory retest,oracle AABB,data36-5,ocsort,None,no_refinement,None,70.9076682316119,0.0,0.0,82.48733162011125,0.0,0.0,185,0,0
MMOT,test,oracle_aabb,exposed exploratory retest,oracle AABB,data36-5,ocsort,v1,ace_v1,None,71.84663536776212,0.9389671361502252,0.9389671361502252,83.34433480912053,0.8570031890092764,0.8570031890092764,133,-52,-52
MMOT,test,oracle_aabb,exposed exploratory retest,oracle AABB,data36-5,ocsort,H,cost_h,None,72.34741784037558,1.439749608763691,1.439749608763691,83.47005720972001,0.9827255896087621,0.9827255896087621,95,-90,-90
MMOT,test,oracle_aabb,exposed exploratory retest,oracle AABB,data36-5,ocsort,H+V,cost_h_full_reassign,H,72.25352112676056,1.345852895148667,-0.09389671361502394,83.45854486515262,0.9712132450413691,-0.01151234456739303,104,-81,9
MMOT,test,oracle_aabb,exposed exploratory retest,oracle AABB,data36-5,ocsort,P-G,path_g,None,72.31611893583725,1.4084507042253591,1.4084507042253591,83.4647499688664,0.9774183487551511,0.9774183487551511,98,-87,-87
MMOT,test,oracle_aabb,exposed exploratory retest,oracle AABB,data36-5,ocsort,P-G+V,path_g_full_reassign,P-G,72.25352112676056,1.345852895148667,-0.0625978090766921,83.45854486515262,0.9712132450413691,-0.006205103713782023,104,-81,6
MMOT,test,oracle_aabb,exposed exploratory retest,oracle AABB,data37-1,bytetrack,None,no_refinement,None,59.608457321848086,0.0,0.0,49.28057650503994,0.0,0.0,1134,0,0
MMOT,test,oracle_aabb,exposed exploratory retest,oracle AABB,data37-1,bytetrack,v1,ace_v1,None,62.20830070477682,2.599843382928732,2.599843382928732,51.12482034922272,1.8442438441827846,1.8442438441827846,981,-153,-153
MMOT,test,oracle_aabb,exposed exploratory retest,oracle AABB,data37-1,bytetrack,H,cost_h,None,63.030540328895846,3.4220830070477604,3.4220830070477604,51.456657793740256,2.176081288700317,2.176081288700317,887,-247,-247
MMOT,test,oracle_aabb,exposed exploratory retest,oracle AABB,data37-1,bytetrack,H+V,cost_h_full_reassign,H,62.78778386844166,3.179326546593572,-0.24275646045418853,51.39458155135398,2.114005046314041,-0.06207624238627574,902,-232,15
MMOT,test,oracle_aabb,exposed exploratory retest,oracle AABB,data37-1,bytetrack,P-G,path_g,None,62.889584964761156,3.28112764291307,3.28112764291307,51.39572286356324,2.1151463585233046,2.1151463585233046,893,-241,-241
MMOT,test,oracle_aabb,exposed exploratory retest,oracle AABB,data37-1,bytetrack,P-G+V,path_g_full_reassign,P-G,62.72513703993735,3.116679718089266,-0.16444792482380421,51.35458113386614,2.074004628826202,-0.04114172969710239,906,-228,13
MMOT,test,oracle_aabb,exposed exploratory retest,oracle AABB,data37-1,deepocsort,None,no_refinement,None,93.47647164072285,0.0,0.0,91.62168568812307,0.0,0.0,55,0,0
MMOT,test,oracle_aabb,exposed exploratory retest,oracle AABB,data37-1,deepocsort,v1,ace_v1,None,95.16550366791913,1.6890320271962764,1.6890320271962764,93.5678205141417,1.9461348260186355,1.9461348260186355,26,-29,-29
MMOT,test,oracle_aabb,exposed exploratory retest,oracle AABB,data37-1,deepocsort,H,cost_h,None,95.45178028269817,1.9753086419753174,1.9753086419753174,93.90361521421653,2.281929526093464,2.281929526093464,22,-33,-33
MMOT,test,oracle_aabb,exposed exploratory retest,oracle AABB,data37-1,deepocsort,H+V,cost_h_full_reassign,H,95.40168187511183,1.9252102343889845,-0.05009840758633288,93.81825158516935,2.196565897046284,-0.08536362904717976,22,-33,0
MMOT,test,oracle_aabb,exposed exploratory retest,oracle AABB,data37-1,deepocsort,P-G,path_g,None,95.27285739846127,1.7963857577384204,1.7963857577384204,93.72242859602945,2.1007429079063797,2.1007429079063797,22,-33,-33
MMOT,test,oracle_aabb,exposed exploratory retest,oracle AABB,data37-1,deepocsort,P-G+V,path_g_full_reassign,P-G,95.13687600644123,1.660404365718378,-0.13598139202004234,93.54067051859832,1.918984830475253,-0.1817580774311267,24,-31,2
MMOT,test,oracle_aabb,exposed exploratory retest,oracle AABB,data37-1,ocsort,None,no_refinement,None,59.89198531000216,0.0,0.0,61.840652478200795,0.0,0.0,470,0,0
MMOT,test,oracle_aabb,exposed exploratory retest,oracle AABB,data37-1,ocsort,v1,ace_v1,None,62.64852019874703,2.7565348887448664,2.7565348887448664,64.79850325950672,2.957850781305922,2.957850781305922,382,-88,-88
MMOT,test,oracle_aabb,exposed exploratory retest,oracle AABB,data37-1,ocsort,H,cost_h,None,63.080578958738386,3.188593648736223,3.188593648736223,64.99171697330975,3.1510644951089546,3.1510644951089546,333,-137,-137
MMOT,test,oracle_aabb,exposed exploratory retest,oracle AABB,data37-1,ocsort,H+V,cost_h_full_reassign,H,62.82134370274357,2.929358392741406,-0.2592352559948168,64.86191542887755,3.021262950676757,-0.1298015444321976,347,-123,14
MMOT,test,oracle_aabb,exposed exploratory retest,oracle AABB,data37-1,ocsort,P-G,path_g,None,63.00280838193994,3.11082307193778,3.11082307193778,64.94722689681075,3.106574418609952,3.106574418609952,334,-136,-136
MMOT,test,oracle_aabb,exposed exploratory retest,oracle AABB,data37-1,ocsort,P-G+V,path_g_full_reassign,P-G,62.82134370274357,2.929358392741406,-0.18146467919637388,64.87082461061809,3.0301721324172917,-0.07640228619266054,346,-124,12
MMOT,test,oracle_aabb,exposed exploratory retest,oracle AABB,data37-10,bytetrack,None,no_refinement,None,73.71579452712434,0.0,0.0,63.47811450596475,0.0,0.0,183,0,0
MMOT,test,oracle_aabb,exposed exploratory retest,oracle AABB,data37-10,bytetrack,v1,ace_v1,None,74.00384061449832,0.28804608737397075,0.28804608737397075,61.58826288166542,-1.8898516242993253,-1.8898516242993253,135,-48,-48
MMOT,test,oracle_aabb,exposed exploratory retest,oracle AABB,data37-10,bytetrack,H,cost_h,None,76.06817090734518,2.352376380220832,2.352376380220832,63.3377312493256,-0.1403832566391472,-0.1403832566391472,120,-63,-63
MMOT,test,oracle_aabb,exposed exploratory retest,oracle AABB,data37-10,bytetrack,H+V,cost_h_full_reassign,H,76.04416706673067,2.3283725396063204,-0.024003840614511773,63.31349634636753,-0.16461815959721804,-0.024234902958070847,122,-61,2
MMOT,test,oracle_aabb,exposed exploratory retest,oracle AABB,data37-10,bytetrack,P-G,path_g,None,76.06817090734518,2.352376380220832,2.352376380220832,63.3377312493256,-0.1403832566391472,-0.1403832566391472,120,-63,-63
MMOT,test,oracle_aabb,exposed exploratory retest,oracle AABB,data37-10,bytetrack,P-G+V,path_g_full_reassign,P-G,76.04416706673067,2.3283725396063204,-0.024003840614511773,63.31349634636753,-0.16461815959721804,-0.024234902958070847,122,-61,2
MMOT,test,oracle_aabb,exposed exploratory retest,oracle AABB,data37-10,deepocsort,None,no_refinement,None,87.53456221198157,0.0,0.0,82.94394074993232,0.0,0.0,41,0,0
MMOT,test,oracle_aabb,exposed exploratory retest,oracle AABB,data37-10,deepocsort,v1,ace_v1,None,89.28571428571429,1.751152073732726,1.751152073732726,84.50325778718832,1.559317037255994,1.559317037255994,30,-11,-11
MMOT,test,oracle_aabb,exposed exploratory retest,oracle AABB,data37-10,deepocsort,H,cost_h,None,89.86175115207374,2.327188940092171,2.327188940092171,85.44971450233778,2.50577375240546,2.50577375240546,29,-12,-12
MMOT,test,oracle_aabb,exposed exploratory retest,oracle AABB,data37-10,deepocsort,H+V,cost_h_full_reassign,H,89.86175115207374,2.327188940092171,0.0,85.44971450233778,2.50577375240546,0.0,29,-12,0
MMOT,test,oracle_aabb,exposed exploratory retest,oracle AABB,data37-10,deepocsort,P-G,path_g,None,89.86175115207374,2.327188940092171,2.327188940092171,85.44971450233778,2.50577375240546,2.50577375240546,29,-12,-12
MMOT,test,oracle_aabb,exposed exploratory retest,oracle AABB,data37-10,deepocsort,P-G+V,path_g_full_reassign,P-G,89.86175115207374,2.327188940092171,0.0,85.44971450233778,2.50577375240546,0.0,29,-12,0
MMOT,test,oracle_aabb,exposed exploratory retest,oracle AABB,data37-10,ocsort,None,no_refinement,None,68.73339238263951,0.0,0.0,68.27735792636716,0.0,0.0,78,0,0
MMOT,test,oracle_aabb,exposed exploratory retest,oracle AABB,data37-10,ocsort,v1,ace_v1,None,69.0117676831583,0.278375300518789,0.278375300518789,68.03855927052777,-0.23879865583938908,-0.23879865583938908,64,-14,-14
MMOT,test,oracle_aabb,exposed exploratory retest,oracle AABB,data37-10,ocsort,H,cost_h,None,69.03707452866,0.3036821460204919,0.3036821460204919,68.04202855913547,-0.23532936723168518,-0.23532936723168518,63,-15,-15
MMOT,test,oracle_aabb,exposed exploratory retest,oracle AABB,data37-10,ocsort,H+V,cost_h_full_reassign,H,69.0117676831583,0.278375300518789,-0.025306845501702924,68.03855927052777,-0.23879865583938908,-0.003469288607703902,64,-14,1
MMOT,test,oracle_aabb,exposed exploratory retest,oracle AABB,data37-10,ocsort,P-G,path_g,None,69.03707452866,0.3036821460204919,0.3036821460204919,68.04202855913547,-0.23532936723168518,-0.23532936723168518,63,-15,-15
MMOT,test,oracle_aabb,exposed exploratory retest,oracle AABB,data37-10,ocsort,P-G+V,path_g_full_reassign,P-G,69.0117676831583,0.278375300518789,-0.025306845501702924,68.03855927052777,-0.23879865583938908,-0.003469288607703902,64,-14,1
MMOT,test,oracle_aabb,exposed exploratory retest,oracle AABB,data37-11,bytetrack,None,no_refinement,None,76.50289899298139,0.0,0.0,67.66692445436567,0.0,0.0,525,0,0
MMOT,test,oracle_aabb,exposed exploratory retest,oracle AABB,data37-11,bytetrack,v1,ace_v1,None,79.43240768996033,2.9295086969789423,2.9295086969789423,70.73889092511621,3.0719664707505387,3.0719664707505387,448,-77,-77
MMOT,test,oracle_aabb,exposed exploratory retest,oracle AABB,data37-11,bytetrack,H,cost_h,None,80.65303631370155,4.150137320720162,4.150137320720162,71.48837600649422,3.8214515521285506,3.8214515521285506,413,-112,-112
MMOT,test,oracle_aabb,exposed exploratory retest,oracle AABB,data37-11,bytetrack,H+V,cost_h_full_reassign,H,80.59200488251449,4.089105889533101,-0.061031431187061,71.45196006824816,3.785035613882485,-0.03641593824606559,420,-105,7
MMOT,test,oracle_aabb,exposed exploratory retest,oracle AABB,data37-11,bytetrack,P-G,path_g,None,80.74458346048215,4.241684467500761,4.241684467500761,71.50415329299014,3.837228838624469,3.837228838624469,410,-115,-115
MMOT,test,oracle_aabb,exposed exploratory retest,oracle AABB,data37-11,bytetrack,P-G+V,path_g_full_reassign,P-G,80.63269250330588,4.12979351032449,-0.1118909571762714,71.45569813280757,3.788773678441899,-0.04845516018257001,417,-108,7
MMOT,test,oracle_aabb,exposed exploratory retest,oracle AABB,data37-11,deepocsort,None,no_refinement,None,91.5552973077668,0.0,0.0,89.76266035744868,0.0,0.0,27,0,0
MMOT,test,oracle_aabb,exposed exploratory retest,oracle AABB,data37-11,deepocsort,v1,ace_v1,None,93.86984311446834,2.314545806701531,2.314545806701531,92.45388378897464,2.6912234315259553,2.6912234315259553,16,-11,-11
MMOT,test,oracle_aabb,exposed exploratory retest,oracle AABB,data37-11,deepocsort,H,cost_h,None,94.08289754018982,2.527600232423012,2.527600232423012,92.79956900360904,3.036908646160356,3.036908646160356,15,-12,-12
MMOT,test,oracle_aabb,exposed exploratory retest,oracle AABB,data37-11,deepocsort,H+V,cost_h_full_reassign,H,94.08289754018982,2.527600232423012,0.0,92.80453689969072,3.0418765422420364,0.004967896081680578,15,-12,0
MMOT,test,oracle_aabb,exposed exploratory retest,oracle AABB,data37-11,deepocsort,P-G,path_g,None,94.08289754018982,2.527600232423012,2.527600232423012,92.79956900360904,3.036908646160356,3.036908646160356,15,-12,-12
MMOT,test,oracle_aabb,exposed exploratory retest,oracle AABB,data37-11,deepocsort,P-G+V,path_g_full_reassign,P-G,94.08289754018982,2.527600232423012,0.0,92.80453689969072,3.0418765422420364,0.004967896081680578,15,-12,0
MMOT,test,oracle_aabb,exposed exploratory retest,oracle AABB,data37-11,ocsort,None,no_refinement,None,71.01742122221616,0.0,0.0,72.48624672202367,0.0,0.0,175,0,0
MMOT,test,oracle_aabb,exposed exploratory retest,oracle AABB,data37-11,ocsort,v1,ace_v1,None,72.04412648135002,1.0267052591338626,1.0267052591338626,73.76701776262354,1.2807710405998733,1.2807710405998733,150,-25,-25
MMOT,test,oracle_aabb,exposed exploratory retest,oracle AABB,data37-11,ocsort,H,cost_h,None,72.06597127409754,1.048550051881378,1.048550051881378,73.78931539907352,1.3030686770498505,1.3030686770498505,141,-34,-34
MMOT,test,oracle_aabb,exposed exploratory retest,oracle AABB,data37-11,ocsort,H+V,cost_h_full_reassign,H,72.05504887772378,1.0376276555076203,-0.010922396373757692,73.78636150764365,1.3001147856199822,-0.0029538914298683494,143,-32,2
MMOT,test,oracle_aabb,exposed exploratory retest,oracle AABB,data37-11,ocsort,P-G,path_g,None,72.1096608595926,1.0922396373764371,1.0922396373764371,73.7938030039101,1.3075562818864341,1.3075562818864341,140,-35,-35
MMOT,test,oracle_aabb,exposed exploratory retest,oracle AABB,data37-11,ocsort,P-G+V,path_g_full_reassign,P-G,72.05504887772378,1.0376276555076203,-0.05461198186881688,73.78636150764365,1.3001147856199822,-0.0074414962664519635,143,-32,3
MMOT,test,oracle_aabb,exposed exploratory retest,oracle AABB,data37-12,bytetrack,None,no_refinement,None,91.67974882260597,0.0,0.0,88.97642917734989,0.0,0.0,12,0,0
MMOT,test,oracle_aabb,exposed exploratory retest,oracle AABB,data37-12,bytetrack,v1,ace_v1,None,92.67399267399267,0.9942438513866989,0.9942438513866989,89.69969392133119,0.7232647439813036,0.7232647439813036,7,-5,-5
MMOT,test,oracle_aabb,exposed exploratory retest,oracle AABB,data37-12,bytetrack,H,cost_h,None,92.67399267399267,0.9942438513866989,0.9942438513866989,89.69969392133119,0.7232647439813036,0.7232647439813036,7,-5,-5
MMOT,test,oracle_aabb,exposed exploratory retest,oracle AABB,data37-12,bytetrack,H+V,cost_h_full_reassign,H,92.67399267399267,0.9942438513866989,0.0,89.69969392133119,0.7232647439813036,0.0,7,-5,0
MMOT,test,oracle_aabb,exposed exploratory retest,oracle AABB,data37-12,bytetrack,P-G,path_g,None,92.67399267399267,0.9942438513866989,0.9942438513866989,89.69969392133119,0.7232647439813036,0.7232647439813036,7,-5,-5
MMOT,test,oracle_aabb,exposed exploratory retest,oracle AABB,data37-12,bytetrack,P-G+V,path_g_full_reassign,P-G,92.67399267399267,0.9942438513866989,0.0,89.69969392133119,0.7232647439813036,0.0,7,-5,0
MMOT,test,oracle_aabb,exposed exploratory retest,oracle AABB,data37-12,deepocsort,None,no_refinement,None,95.23565573770492,0.0,0.0,94.04892588032418,0.0,0.0,2,0,0
MMOT,test,oracle_aabb,exposed exploratory retest,oracle AABB,data37-12,deepocsort,v1,ace_v1,None,95.23565573770492,0.0,0.0,94.04892588032418,0.0,0.0,2,0,0
MMOT,test,oracle_aabb,exposed exploratory retest,oracle AABB,data37-12,deepocsort,H,cost_h,None,95.23565573770492,0.0,0.0,94.04892588032418,0.0,0.0,2,0,0
MMOT,test,oracle_aabb,exposed exploratory retest,oracle AABB,data37-12,deepocsort,H+V,cost_h_full_reassign,H,95.23565573770492,0.0,0.0,94.04892588032418,0.0,0.0,2,0,0
MMOT,test,oracle_aabb,exposed exploratory retest,oracle AABB,data37-12,deepocsort,P-G,path_g,None,95.23565573770492,0.0,0.0,94.04892588032418,0.0,0.0,2,0,0
MMOT,test,oracle_aabb,exposed exploratory retest,oracle AABB,data37-12,deepocsort,P-G+V,path_g_full_reassign,P-G,95.23565573770492,0.0,0.0,94.04892588032418,0.0,0.0,2,0,0
MMOT,test,oracle_aabb,exposed exploratory retest,oracle AABB,data37-12,ocsort,None,no_refinement,None,89.52585052236806,0.0,0.0,92.1175362069504,0.0,0.0,8,0,0
MMOT,test,oracle_aabb,exposed exploratory retest,oracle AABB,data37-12,ocsort,v1,ace_v1,None,89.68657915885348,0.16072863648541613,0.16072863648541613,92.16156222213591,0.04402601518550853,0.04402601518550853,5,-3,-3
MMOT,test,oracle_aabb,exposed exploratory retest,oracle AABB,data37-12,ocsort,H,cost_h,None,89.57942673452986,0.05357621216180064,0.05357621216180064,92.15896879537556,0.04143258842515252,0.04143258842515252,4,-4,-4
MMOT,test,oracle_aabb,exposed exploratory retest,oracle AABB,data37-12,ocsort,H+V,cost_h_full_reassign,H,89.79373158317708,0.2678810608090174,0.21430484864721677,92.22894628010265,0.11141007315224272,0.0699774847270902,4,-4,0
MMOT,test,oracle_aabb,exposed exploratory retest,oracle AABB,data37-12,ocsort,P-G,path_g,None,89.57942673452986,0.05357621216180064,0.05357621216180064,92.15896879537556,0.04143258842515252,0.04143258842515252,4,-4,-4
MMOT,test,oracle_aabb,exposed exploratory retest,oracle AABB,data37-12,ocsort,P-G+V,path_g_full_reassign,P-G,89.79373158317708,0.2678810608090174,0.21430484864721677,92.22894628010265,0.11141007315224272,0.0699774847270902,4,-4,0
MMOT,test,oracle_aabb,exposed exploratory retest,oracle AABB,data37-2,bytetrack,None,no_refinement,None,53.28538102643857,0.0,0.0,45.72853131613559,0.0,0.0,746,0,0
MMOT,test,oracle_aabb,exposed exploratory retest,oracle AABB,data37-2,bytetrack,v1,ace_v1,None,54.99611197511665,1.7107309486780764,1.7107309486780764,46.90746356798649,1.1789322518509024,1.1789322518509024,707,-39,-39
MMOT,test,oracle_aabb,exposed exploratory retest,oracle AABB,data37-2,bytetrack,H,cost_h,None,55.346034214618975,2.060653188180403,2.060653188180403,47.24064847291752,1.5121171567819331,1.5121171567819331,686,-60,-60
MMOT,test,oracle_aabb,exposed exploratory retest,oracle AABB,data37-2,bytetrack,H+V,cost_h_full_reassign,H,55.15163297045101,1.8662519440124399,-0.19440124416796323,47.28723372941155,1.5587024132759595,0.04658525649402634,681,-65,-5
MMOT,test,oracle_aabb,exposed exploratory retest,oracle AABB,data37-2,bytetrack,P-G,path_g,None,55.24883359253499,1.9634525660964215,1.9634525660964215,47.32269121416199,1.5941598980264047,1.5941598980264047,681,-65,-65
MMOT,test,oracle_aabb,exposed exploratory retest,oracle AABB,data37-2,bytetrack,P-G+V,path_g_full_reassign,P-G,55.132192846034215,1.8468118195956436,-0.11664074650077794,47.303715243077995,1.5751839269424082,-0.018975971083996512,683,-63,2
MMOT,test,oracle_aabb,exposed exploratory retest,oracle AABB,data37-2,deepocsort,None,no_refinement,None,82.11675455638819,0.0,0.0,74.41671996318057,0.0,0.0,67,0,0
MMOT,test,oracle_aabb,exposed exploratory retest,oracle AABB,data37-2,deepocsort,v1,ace_v1,None,84.39263576649088,2.275881210102696,2.275881210102696,75.5098504979585,1.0931305347779272,1.0931305347779272,51,-16,-16
MMOT,test,oracle_aabb,exposed exploratory retest,oracle AABB,data37-2,deepocsort,H,cost_h,None,85.59533721898418,3.478582662595997,3.478582662595997,77.47574986476519,3.0590299015846227,3.0590299015846227,50,-17,-17
MMOT,test,oracle_aabb,exposed exploratory retest,oracle AABB,data37-2,deepocsort,H+V,cost_h_full_reassign,H,85.59533721898418,3.478582662595997,0.0,77.49908947158242,3.082369508401854,0.02333960681723113,50,-17,0
MMOT,test,oracle_aabb,exposed exploratory retest,oracle AABB,data37-2,deepocsort,P-G,path_g,None,85.59533721898418,3.478582662595997,3.478582662595997,77.47574986476519,3.0590299015846227,3.0590299015846227,50,-17,-17
MMOT,test,oracle_aabb,exposed exploratory retest,oracle AABB,data37-2,deepocsort,P-G+V,path_g_full_reassign,P-G,85.59533721898418,3.478582662595997,0.0,77.49908947158242,3.082369508401854,0.02333960681723113,50,-17,0
MMOT,test,oracle_aabb,exposed exploratory retest,oracle AABB,data37-2,ocsort,None,no_refinement,None,53.343806104129264,0.0,0.0,55.45858546937165,0.0,0.0,340,0,0
MMOT,test,oracle_aabb,exposed exploratory retest,oracle AABB,data37-2,ocsort,v1,ace_v1,None,55.2064631956912,1.8626570915619354,1.8626570915619354,57.711182834269856,2.2525973648982074,2.2525973648982074,303,-37,-37
MMOT,test,oracle_aabb,exposed exploratory retest,oracle AABB,data37-2,ocsort,H,cost_h,None,54.95960502692998,1.615798922800714,1.615798922800714,57.41605420520647,1.9574687358348228,1.9574687358348228,282,-58,-58
MMOT,test,oracle_aabb,exposed exploratory retest,oracle AABB,data37-2,ocsort,H+V,cost_h_full_reassign,H,55.81238779174147,2.4685816876122075,0.8527827648114936,57.958396657892806,2.499811188521157,0.5423424526863343,285,-55,3
MMOT,test,oracle_aabb,exposed exploratory retest,oracle AABB,data37-2,ocsort,P-G,path_g,None,55.22890484739676,1.8850987432674984,1.8850987432674984,57.51730201746608,2.0587165480944307,2.0587165480944307,287,-53,-53
MMOT,test,oracle_aabb,exposed exploratory retest,oracle AABB,data37-2,ocsort,P-G+V,path_g_full_reassign,P-G,55.56552962298025,2.221723518850986,0.3366247755834877,57.84393195862535,2.385346489253699,0.32662994115926836,287,-53,0
MMOT,test,oracle_aabb,exposed exploratory retest,oracle AABB,data39-1,bytetrack,None,no_refinement,None,54.92822966507177,0.0,0.0,57.41314533570846,0.0,0.0,87,0,0
MMOT,test,oracle_aabb,exposed exploratory retest,oracle AABB,data39-1,bytetrack,v1,ace_v1,None,55.311004784689,0.38277511961722865,0.38277511961722865,57.57813945740347,0.16499412169501682,0.16499412169501682,76,-11,-11
MMOT,test,oracle_aabb,exposed exploratory retest,oracle AABB,data39-1,bytetrack,H,cost_h,None,57.224880382775126,2.2966507177033577,2.2966507177033577,58.515573050276046,1.1024277145675896,1.1024277145675896,68,-19,-19
MMOT,test,oracle_aabb,exposed exploratory retest,oracle AABB,data39-1,bytetrack,H+V,cost_h_full_reassign,H,57.0334928229665,2.1052631578947327,-0.19138755980862499,58.16400762725647,0.7508622915480103,-0.35156542301957927,71,-16,3
MMOT,test,oracle_aabb,exposed exploratory retest,oracle AABB,data39-1,bytetrack,P-G,path_g,None,56.84210526315789,1.913875598086122,1.913875598086122,58.03614815506338,0.6230028193549231,0.6230028193549231,70,-17,-17
MMOT,test,oracle_aabb,exposed exploratory retest,oracle AABB,data39-1,bytetrack,P-G+V,path_g_full_reassign,P-G,57.0334928229665,2.1052631578947327,0.19138755980861077,58.16400762725647,0.7508622915480103,0.12785947219308724,71,-16,1
MMOT,test,oracle_aabb,exposed exploratory retest,oracle AABB,data39-1,deepocsort,None,no_refinement,None,78.39285714285714,0.0,0.0,75.04994449095986,0.0,0.0,11,0,0
MMOT,test,oracle_aabb,exposed exploratory retest,oracle AABB,data39-1,deepocsort,v1,ace_v1,None,78.03571428571429,-0.357142857142847,-0.357142857142847,74.86128980951307,-0.18865468144679198,-0.18865468144679198,10,-1,-1
MMOT,test,oracle_aabb,exposed exploratory retest,oracle AABB,data39-1,deepocsort,H,cost_h,None,78.39285714285714,0.0,0.0,75.25602236765923,0.20607787669936783,0.20607787669936783,6,-5,-5
MMOT,test,oracle_aabb,exposed exploratory retest,oracle AABB,data39-1,deepocsort,H+V,cost_h_full_reassign,H,78.21428571428571,-0.1785714285714306,-0.1785714285714306,75.36188920430384,0.31194471334397633,0.1058668366446085,8,-3,2
MMOT,test,oracle_aabb,exposed exploratory retest,oracle AABB,data39-1,deepocsort,P-G,path_g,None,78.21428571428571,-0.1785714285714306,-0.1785714285714306,75.14949324488441,0.09954875392455165,0.09954875392455165,8,-3,-3
MMOT,test,oracle_aabb,exposed exploratory retest,oracle AABB,data39-1,deepocsort,P-G+V,path_g_full_reassign,P-G,78.21428571428571,-0.1785714285714306,0.0,75.36188920430384,0.31194471334397633,0.21239595941942468,8,-3,0
MMOT,test,oracle_aabb,exposed exploratory retest,oracle AABB,data39-1,ocsort,None,no_refinement,None,52.513966480446925,0.0,0.0,81.79174276719974,0.0,0.0,12,0,0
MMOT,test,oracle_aabb,exposed exploratory retest,oracle AABB,data39-1,ocsort,v1,ace_v1,None,52.06703910614525,-0.44692737430167284,-0.44692737430167284,81.73458182287241,-0.05716094432732177,-0.05716094432732177,10,-2,-2
MMOT,test,oracle_aabb,exposed exploratory retest,oracle AABB,data39-1,ocsort,H,cost_h,None,51.84357541899441,-0.6703910614525128,-0.6703910614525128,81.83552847200251,0.04378570480277233,0.04378570480277233,8,-4,-4
MMOT,test,oracle_aabb,exposed exploratory retest,oracle AABB,data39-1,ocsort,H+V,cost_h_full_reassign,H,52.513966480446925,0.0,0.6703910614525128,81.84151244102115,0.04976967382141595,0.00598396901864362,9,-3,1
MMOT,test,oracle_aabb,exposed exploratory retest,oracle AABB,data39-1,ocsort,P-G,path_g,None,51.84357541899441,-0.6703910614525128,-0.6703910614525128,81.75410094071293,-0.03764182648680503,-0.03764182648680503,9,-3,-3
MMOT,test,oracle_aabb,exposed exploratory retest,oracle AABB,data39-1,ocsort,P-G+V,path_g_full_reassign,P-G,52.513966480446925,0.0,0.6703910614525128,81.84151244102115,0.04976967382141595,0.08741150030822098,9,-3,0
MMOT,test,oracle_aabb,exposed exploratory retest,oracle AABB,data39-2,bytetrack,None,no_refinement,None,8.695652173913043,0.0,0.0,5.092752015652289,0.0,0.0,40,0,0
MMOT,test,oracle_aabb,exposed exploratory retest,oracle AABB,data39-2,bytetrack,v1,ace_v1,None,10.964083175803403,2.2684310018903595,2.2684310018903595,7.455893916597607,2.363141900945318,2.363141900945318,24,-16,-16
MMOT,test,oracle_aabb,exposed exploratory retest,oracle AABB,data39-2,bytetrack,H,cost_h,None,13.23251417769376,4.536862003780717,4.536862003780717,8.190647345295595,3.097895329643306,3.097895329643306,20,-20,-20
MMOT,test,oracle_aabb,exposed exploratory retest,oracle AABB,data39-2,bytetrack,H+V,cost_h_full_reassign,H,12.476370510396976,3.7807183364839325,-0.7561436672967847,7.720341103671699,2.62758908801941,-0.4703062416238959,20,-20,0
MMOT,test,oracle_aabb,exposed exploratory retest,oracle AABB,data39-2,bytetrack,P-G,path_g,None,14.744801512287333,6.04914933837429,6.04914933837429,9.197077939716545,4.104325924064256,4.104325924064256,20,-20,-20
MMOT,test,oracle_aabb,exposed exploratory retest,oracle AABB,data39-2,bytetrack,P-G+V,path_g_full_reassign,P-G,12.476370510396976,3.7807183364839325,-2.2684310018903577,7.720341103671699,2.62758908801941,-1.4767368360448456,20,-20,0
MMOT,test,oracle_aabb,exposed exploratory retest,oracle AABB,data39-2,deepocsort,None,no_refinement,None,87.65294771968854,0.0,0.0,82.81982641871348,0.0,0.0,7,0,0
MMOT,test,oracle_aabb,exposed exploratory retest,oracle AABB,data39-2,deepocsort,v1,ace_v1,None,90.98998887652948,3.3370411568409395,3.3370411568409395,86.43504732865811,3.6152209099446395,3.6152209099446395,4,-3,-3
MMOT,test,oracle_aabb,exposed exploratory retest,oracle AABB,data39-2,deepocsort,H,cost_h,None,90.98998887652948,3.3370411568409395,3.3370411568409395,86.43504732865811,3.6152209099446395,3.6152209099446395,4,-3,-3
MMOT,test,oracle_aabb,exposed exploratory retest,oracle AABB,data39-2,deepocsort,H+V,cost_h_full_reassign,H,90.98998887652948,3.3370411568409395,0.0,86.43504732865811,3.6152209099446395,0.0,4,-3,0
MMOT,test,oracle_aabb,exposed exploratory retest,oracle AABB,data39-2,deepocsort,P-G,path_g,None,90.98998887652948,3.3370411568409395,3.3370411568409395,86.43504732865811,3.6152209099446395,3.6152209099446395,4,-3,-3
MMOT,test,oracle_aabb,exposed exploratory retest,oracle AABB,data39-2,deepocsort,P-G+V,path_g_full_reassign,P-G,90.98998887652948,3.3370411568409395,0.0,86.43504732865811,3.6152209099446395,0.0,4,-3,0
MMOT,test,oracle_aabb,exposed exploratory retest,oracle AABB,data39-2,ocsort,None,no_refinement,None,11.023622047244094,0.0,0.0,5.883434781560239,0.0,0.0,16,0,0
MMOT,test,oracle_aabb,exposed exploratory retest,oracle AABB,data39-2,ocsort,v1,ace_v1,None,12.598425196850393,1.5748031496062982,1.5748031496062982,6.882704239563106,0.9992694580028667,0.9992694580028667,10,-6,-6
MMOT,test,oracle_aabb,exposed exploratory retest,oracle AABB,data39-2,ocsort,H,cost_h,None,13.385826771653544,2.36220472440945,2.36220472440945,7.310592426611508,1.4271576450512686,1.4271576450512686,9,-7,-7
MMOT,test,oracle_aabb,exposed exploratory retest,oracle AABB,data39-2,ocsort,H+V,cost_h_full_reassign,H,13.385826771653544,2.36220472440945,0.0,7.310592426611508,1.4271576450512686,0.0,9,-7,0
MMOT,test,oracle_aabb,exposed exploratory retest,oracle AABB,data39-2,ocsort,P-G,path_g,None,13.385826771653544,2.36220472440945,2.36220472440945,7.310592426611508,1.4271576450512686,1.4271576450512686,9,-7,-7
MMOT,test,oracle_aabb,exposed exploratory retest,oracle AABB,data39-2,ocsort,P-G+V,path_g_full_reassign,P-G,13.385826771653544,2.36220472440945,0.0,7.310592426611508,1.4271576450512686,0.0,9,-7,0
MMOT,test,oracle_aabb,exposed exploratory retest,oracle AABB,data39-3,bytetrack,None,no_refinement,None,10.175879396984925,0.0,0.0,5.251174290570663,0.0,0.0,192,0,0
MMOT,test,oracle_aabb,exposed exploratory retest,oracle AABB,data39-3,bytetrack,v1,ace_v1,None,14.321608040201006,4.145728643216081,4.145728643216081,7.262382259827815,2.0112079692571516,2.0112079692571516,155,-37,-37
MMOT,test,oracle_aabb,exposed exploratory retest,oracle AABB,data39-3,bytetrack,H,cost_h,None,17.713567839195978,7.537688442211053,7.537688442211053,10.685721337832028,5.434547047261365,5.434547047261365,145,-47,-47
MMOT,test,oracle_aabb,exposed exploratory retest,oracle AABB,data39-3,bytetrack,H+V,cost_h_full_reassign,H,16.331658291457288,6.155778894472363,-1.3819095477386902,8.894940890631457,3.6437666000607933,-1.7907804472005715,150,-42,5
MMOT,test,oracle_aabb,exposed exploratory retest,oracle AABB,data39-3,bytetrack,P-G,path_g,None,18.341708542713565,8.16582914572864,8.16582914572864,11.15536786952153,5.904193578950867,5.904193578950867,145,-47,-47
MMOT,test,oracle_aabb,exposed exploratory retest,oracle AABB,data39-3,bytetrack,P-G+V,path_g_full_reassign,P-G,15.954773869346733,5.778894472361808,-2.3869346733668326,8.801641821523946,3.5504675309532825,-2.3537260479975846,149,-43,4
MMOT,test,oracle_aabb,exposed exploratory retest,oracle AABB,data39-3,deepocsort,None,no_refinement,None,81.34607395097632,0.0,0.0,77.83802693607673,0.0,0.0,17,0,0
MMOT,test,oracle_aabb,exposed exploratory retest,oracle AABB,data39-3,deepocsort,v1,ace_v1,None,84.58662235147486,3.2405484004985396,3.2405484004985396,80.50437749656307,2.666350560486336,2.666350560486336,9,-8,-8
MMOT,test,oracle_aabb,exposed exploratory retest,oracle AABB,data39-3,deepocsort,H,cost_h,None,84.58662235147486,3.2405484004985396,3.2405484004985396,80.83342281855417,2.995395882477439,2.995395882477439,9,-8,-8
MMOT,test,oracle_aabb,exposed exploratory retest,oracle AABB,data39-3,deepocsort,H+V,cost_h_full_reassign,H,84.58662235147486,3.2405484004985396,0.0,80.50437749656307,2.666350560486336,-0.3290453219911029,9,-8,0
MMOT,test,oracle_aabb,exposed exploratory retest,oracle AABB,data39-3,deepocsort,P-G,path_g,None,84.58662235147486,3.2405484004985396,3.2405484004985396,80.83342281855417,2.995395882477439,2.995395882477439,9,-8,-8
MMOT,test,oracle_aabb,exposed exploratory retest,oracle AABB,data39-3,deepocsort,P-G+V,path_g_full_reassign,P-G,84.58662235147486,3.2405484004985396,0.0,80.50437749656307,2.666350560486336,-0.3290453219911029,9,-8,0
MMOT,test,oracle_aabb,exposed exploratory retest,oracle AABB,data39-3,ocsort,None,no_refinement,None,4.626865671641791,0.0,0.0,6.685965585472335,0.0,0.0,32,0,0
MMOT,test,oracle_aabb,exposed exploratory retest,oracle AABB,data39-3,ocsort,v1,ace_v1,None,6.567164179104477,1.9402985074626864,1.9402985074626864,7.9539302587546015,1.2679646732822665,1.2679646732822665,19,-13,-13
MMOT,test,oracle_aabb,exposed exploratory retest,oracle AABB,data39-3,ocsort,H,cost_h,None,8.656716417910449,4.029850746268658,4.029850746268658,13.155000222332811,6.469034636860476,6.469034636860476,11,-21,-21
MMOT,test,oracle_aabb,exposed exploratory retest,oracle AABB,data39-3,ocsort,H+V,cost_h_full_reassign,H,7.164179104477612,2.5373134328358216,-1.4925373134328366,8.2490072728616,1.5630416873892656,-4.9059929494712105,15,-17,4
MMOT,test,oracle_aabb,exposed exploratory retest,oracle AABB,data39-3,ocsort,P-G,path_g,None,8.358208955223882,3.731343283582091,3.731343283582091,12.995201980154702,6.309236394682367,6.309236394682367,13,-19,-19
MMOT,test,oracle_aabb,exposed exploratory retest,oracle AABB,data39-3,ocsort,P-G+V,path_g_full_reassign,P-G,7.164179104477612,2.5373134328358216,-1.1940298507462694,8.2490072728616,1.5630416873892656,-4.7461947072931014,15,-17,2
MMOT,test,oracle_aabb,exposed exploratory retest,oracle AABB,data39-6,bytetrack,None,no_refinement,None,53.3014639976098,0.0,0.0,51.92193696785892,0.0,0.0,203,0,0
MMOT,test,oracle_aabb,exposed exploratory retest,oracle AABB,data39-6,bytetrack,v1,ace_v1,None,54.31729907379743,1.0158350761876278,1.0158350761876278,52.19692558571032,0.27498861785139894,0.27498861785139894,170,-33,-33
MMOT,test,oracle_aabb,exposed exploratory retest,oracle AABB,data39-6,bytetrack,H,cost_h,None,57.5440693158052,4.242605318195402,4.242605318195402,53.11104854445089,1.1891115765919693,1.1891115765919693,144,-59,-59
MMOT,test,oracle_aabb,exposed exploratory retest,oracle AABB,data39-6,bytetrack,H+V,cost_h_full_reassign,H,56.05019420376457,2.748730206154768,-1.4938751120406337,52.67007522857027,0.7481382607113503,-0.44097331588061905,151,-52,7
MMOT,test,oracle_aabb,exposed exploratory retest,oracle AABB,data39-6,bytetrack,P-G,path_g,None,56.46847923513594,3.1670152375261367,3.1670152375261367,52.813889479061224,0.8919525112023052,0.8919525112023052,147,-56,-56
MMOT,test,oracle_aabb,exposed exploratory retest,oracle AABB,data39-6,bytetrack,P-G+V,path_g_full_reassign,P-G,56.05019420376457,2.748730206154768,-0.41828503137136863,52.67007522857027,0.7481382607113503,-0.14381425049095498,151,-52,4
MMOT,test,oracle_aabb,exposed exploratory retest,oracle AABB,data39-6,deepocsort,None,no_refinement,None,90.47007449267916,0.0,0.0,85.69913667602454,0.0,0.0,12,0,0
MMOT,test,oracle_aabb,exposed exploratory retest,oracle AABB,data39-6,deepocsort,v1,ace_v1,None,91.65168250706395,1.1816080143847927,1.1816080143847927,87.18748581477428,1.48834913874974,1.48834913874974,9,-3,-3
MMOT,test,oracle_aabb,exposed exploratory retest,oracle AABB,data39-6,deepocsort,H,cost_h,None,91.65168250706395,1.1816080143847927,1.1816080143847927,86.93958876176315,1.2404520857386103,1.2404520857386103,9,-3,-3
MMOT,test,oracle_aabb,exposed exploratory retest,oracle AABB,data39-6,deepocsort,H+V,cost_h_full_reassign,H,91.29206267659903,0.8219881839198706,-0.3596198304649221,86.41109716306322,0.7119604870386809,-0.5284915986999295,10,-2,1
MMOT,test,oracle_aabb,exposed exploratory retest,oracle AABB,data39-6,deepocsort,P-G,path_g,None,91.65168250706395,1.1816080143847927,1.1816080143847927,86.93958876176315,1.2404520857386103,1.2404520857386103,9,-3,-3
MMOT,test,oracle_aabb,exposed exploratory retest,oracle AABB,data39-6,deepocsort,P-G+V,path_g_full_reassign,P-G,91.29206267659903,0.8219881839198706,-0.3596198304649221,86.41109716306322,0.7119604870386809,-0.5284915986999295,10,-2,1
MMOT,test,oracle_aabb,exposed exploratory retest,oracle AABB,data39-6,ocsort,None,no_refinement,None,54.26809477442389,0.0,0.0,63.93955097027996,0.0,0.0,56,0,0
MMOT,test,oracle_aabb,exposed exploratory retest,oracle AABB,data39-6,ocsort,v1,ace_v1,None,55.371632586822464,1.1035378123985708,1.1035378123985708,64.33241145532446,0.3928604850445012,0.3928604850445012,38,-18,-18
MMOT,test,oracle_aabb,exposed exploratory retest,oracle AABB,data39-6,ocsort,H,cost_h,None,55.89094449853943,1.6228497241155395,1.6228497241155395,64.73915499459095,0.7996040243109874,0.7996040243109874,31,-25,-25
MMOT,test,oracle_aabb,exposed exploratory retest,oracle AABB,data39-6,ocsort,H+V,cost_h_full_reassign,H,55.89094449853943,1.6228497241155395,0.0,64.7395017043973,0.7999507341173384,0.0003467098063509866,31,-25,0
MMOT,test,oracle_aabb,exposed exploratory retest,oracle AABB,data39-6,ocsort,P-G,path_g,None,55.89094449853943,1.6228497241155395,1.6228497241155395,64.73501110739636,0.7954601371164003,0.7954601371164003,31,-25,-25
MMOT,test,oracle_aabb,exposed exploratory retest,oracle AABB,data39-6,ocsort,P-G+V,path_g_full_reassign,P-G,55.82603050957481,1.557935735150913,-0.06491398896462641,64.72786804009087,0.7883170698109083,-0.007143067305491968,32,-24,1
MMOT,test,oracle_aabb,exposed exploratory retest,oracle AABB,data40-3,bytetrack,None,no_refinement,None,55.45657015590201,0.0,0.0,64.36335587695643,0.0,0.0,20,0,0
MMOT,test,oracle_aabb,exposed exploratory retest,oracle AABB,data40-3,bytetrack,v1,ace_v1,None,56.57015590200446,1.1135857461024514,1.1135857461024514,65.31872784887479,0.9553719719183533,0.9553719719183533,16,-4,-4
MMOT,test,oracle_aabb,exposed exploratory retest,oracle AABB,data40-3,bytetrack,H,cost_h,None,56.347438752783965,0.8908685968819583,0.8908685968819583,64.51062253173102,0.14726665477458312,0.14726665477458312,15,-5,-5
MMOT,test,oracle_aabb,exposed exploratory retest,oracle AABB,data40-3,bytetrack,H+V,cost_h_full_reassign,H,56.347438752783965,0.8908685968819583,0.0,64.51062253173102,0.14726665477458312,0.0,15,-5,0
MMOT,test,oracle_aabb,exposed exploratory retest,oracle AABB,data40-3,bytetrack,P-G,path_g,None,56.347438752783965,0.8908685968819583,0.8908685968819583,64.51062253173102,0.14726665477458312,0.14726665477458312,15,-5,-5
MMOT,test,oracle_aabb,exposed exploratory retest,oracle AABB,data40-3,bytetrack,P-G+V,path_g_full_reassign,P-G,56.347438752783965,0.8908685968819583,0.0,64.51062253173102,0.14726665477458312,0.0,15,-5,0
MMOT,test,oracle_aabb,exposed exploratory retest,oracle AABB,data40-3,deepocsort,None,no_refinement,None,59.13757700205339,0.0,0.0,66.29142807887331,0.0,0.0,26,0,0
MMOT,test,oracle_aabb,exposed exploratory retest,oracle AABB,data40-3,deepocsort,v1,ace_v1,None,65.70841889117042,6.570841889117034,6.570841889117034,74.66612302220702,8.374694943333708,8.374694943333708,6,-20,-20
MMOT,test,oracle_aabb,exposed exploratory retest,oracle AABB,data40-3,deepocsort,H,cost_h,None,65.70841889117042,6.570841889117034,6.570841889117034,74.66612302220702,8.374694943333708,8.374694943333708,6,-20,-20
MMOT,test,oracle_aabb,exposed exploratory retest,oracle AABB,data40-3,deepocsort,H+V,cost_h_full_reassign,H,65.70841889117042,6.570841889117034,0.0,74.72251998404809,8.431091905174782,0.05639696184107379,6,-20,0
MMOT,test,oracle_aabb,exposed exploratory retest,oracle AABB,data40-3,deepocsort,P-G,path_g,None,65.70841889117042,6.570841889117034,6.570841889117034,74.66612302220702,8.374694943333708,8.374694943333708,6,-20,-20
MMOT,test,oracle_aabb,exposed exploratory retest,oracle AABB,data40-3,deepocsort,P-G+V,path_g_full_reassign,P-G,65.70841889117042,6.570841889117034,0.0,74.72251998404809,8.431091905174782,0.05639696184107379,6,-20,0
MMOT,test,oracle_aabb,exposed exploratory retest,oracle AABB,data40-3,ocsort,None,no_refinement,None,42.75534441805225,0.0,0.0,64.92206503111065,0.0,0.0,32,0,0
MMOT,test,oracle_aabb,exposed exploratory retest,oracle AABB,data40-3,ocsort,v1,ace_v1,None,48.9311163895487,6.175771971496445,6.175771971496445,68.15927380396654,3.237208772855894,3.237208772855894,8,-24,-24
MMOT,test,oracle_aabb,exposed exploratory retest,oracle AABB,data40-3,ocsort,H,cost_h,None,49.8812351543943,7.125890736342043,7.125890736342043,68.29864662626619,3.3765815951555425,3.3765815951555425,4,-28,-28
MMOT,test,oracle_aabb,exposed exploratory retest,oracle AABB,data40-3,ocsort,H+V,cost_h_full_reassign,H,49.8812351543943,7.125890736342043,0.0,68.29864662626619,3.3765815951555425,0.0,4,-28,0
MMOT,test,oracle_aabb,exposed exploratory retest,oracle AABB,data40-3,ocsort,P-G,path_g,None,49.8812351543943,7.125890736342043,7.125890736342043,68.29864662626619,3.3765815951555425,3.3765815951555425,4,-28,-28
MMOT,test,oracle_aabb,exposed exploratory retest,oracle AABB,data40-3,ocsort,P-G+V,path_g_full_reassign,P-G,49.8812351543943,7.125890736342043,0.0,68.29864662626619,3.3765815951555425,0.0,4,-28,0
MMOT,test,oracle_aabb,exposed exploratory retest,oracle AABB,data40-4,bytetrack,None,no_refinement,None,8.71165644171779,0.0,0.0,7.461988565625754,0.0,0.0,360,0,0
MMOT,test,oracle_aabb,exposed exploratory retest,oracle AABB,data40-4,bytetrack,v1,ace_v1,None,10.797546012269938,2.0858895705521476,2.0858895705521476,8.266916579992214,0.8049280143664603,0.8049280143664603,299,-61,-61
MMOT,test,oracle_aabb,exposed exploratory retest,oracle AABB,data40-4,bytetrack,H,cost_h,None,12.392638036809817,3.6809815950920264,3.6809815950920264,9.220220715975385,1.758232150349631,1.758232150349631,282,-78,-78
MMOT,test,oracle_aabb,exposed exploratory retest,oracle AABB,data40-4,bytetrack,H+V,cost_h_full_reassign,H,12.024539877300613,3.3128834355828225,-0.3680981595092039,9.246337455745191,1.7843488901194373,0.02611673976980633,286,-74,4
MMOT,test,oracle_aabb,exposed exploratory retest,oracle AABB,data40-4,bytetrack,P-G,path_g,None,12.392638036809817,3.6809815950920264,3.6809815950920264,9.045452747023111,1.583464181397357,1.583464181397357,281,-79,-79
MMOT,test,oracle_aabb,exposed exploratory retest,oracle AABB,data40-4,bytetrack,P-G+V,path_g_full_reassign,P-G,12.024539877300613,3.3128834355828225,-0.3680981595092039,9.246337455745191,1.7843488901194373,0.20088470872208042,286,-74,5
MMOT,test,oracle_aabb,exposed exploratory retest,oracle AABB,data40-4,deepocsort,None,no_refinement,None,94.7940074906367,0.0,0.0,92.38331693439366,0.0,0.0,6,0,0
MMOT,test,oracle_aabb,exposed exploratory retest,oracle AABB,data40-4,deepocsort,v1,ace_v1,None,94.7940074906367,0.0,0.0,92.25628421123032,-0.1270327231633388,-0.1270327231633388,6,0,0
MMOT,test,oracle_aabb,exposed exploratory retest,oracle AABB,data40-4,deepocsort,H,cost_h,None,95.6179775280899,0.8239700374531935,0.8239700374531935,93.4057576805705,1.0224407461768408,1.0224407461768408,3,-3,-3
MMOT,test,oracle_aabb,exposed exploratory retest,oracle AABB,data40-4,deepocsort,H+V,cost_h_full_reassign,H,95.6179775280899,0.8239700374531935,0.0,93.4057576805705,1.0224407461768408,0.0,3,-3,0
MMOT,test,oracle_aabb,exposed exploratory retest,oracle AABB,data40-4,deepocsort,P-G,path_g,None,95.6179775280899,0.8239700374531935,0.8239700374531935,93.4057576805705,1.0224407461768408,1.0224407461768408,3,-3,-3
MMOT,test,oracle_aabb,exposed exploratory retest,oracle AABB,data40-4,deepocsort,P-G+V,path_g_full_reassign,P-G,95.6179775280899,0.8239700374531935,0.0,93.4057576805705,1.0224407461768408,0.0,3,-3,0
MMOT,test,oracle_aabb,exposed exploratory retest,oracle AABB,data40-4,ocsort,None,no_refinement,None,6.125166444740346,0.0,0.0,10.713981590307684,0.0,0.0,156,0,0
MMOT,test,oracle_aabb,exposed exploratory retest,oracle AABB,data40-4,ocsort,v1,ace_v1,None,11.717709720372836,5.59254327563249,5.59254327563249,16.992348241924564,6.27836665161688,6.27836665161688,71,-85,-85
MMOT,test,oracle_aabb,exposed exploratory retest,oracle AABB,data40-4,ocsort,H,cost_h,None,13.648468708388814,7.523302263648468,7.523302263648468,20.94096823435182,10.226986644044137,10.226986644044137,46,-110,-110
MMOT,test,oracle_aabb,exposed exploratory retest,oracle AABB,data40-4,ocsort,H+V,cost_h_full_reassign,H,13.182423435419441,7.057256990679095,-0.4660452729693727,19.945836421207407,9.231854830899723,-0.9951318131444147,55,-101,9
MMOT,test,oracle_aabb,exposed exploratory retest,oracle AABB,data40-4,ocsort,P-G,path_g,None,13.648468708388814,7.523302263648468,7.523302263648468,20.71987495667668,10.005893366368996,10.005893366368996,48,-108,-108
MMOT,test,oracle_aabb,exposed exploratory retest,oracle AABB,data40-4,ocsort,P-G+V,path_g_full_reassign,P-G,13.182423435419441,7.057256990679095,-0.4660452729693727,19.945836421207407,9.231854830899723,-0.7740385354692734,55,-101,7
MMOT,test,oracle_aabb,exposed exploratory retest,oracle AABB,data40-5,bytetrack,None,no_refinement,None,65.71759642443304,0.0,0.0,61.48779482852657,0.0,0.0,183,0,0
MMOT,test,oracle_aabb,exposed exploratory retest,oracle AABB,data40-5,bytetrack,v1,ace_v1,None,74.09369309716935,8.37609667273631,8.37609667273631,70.65633777063202,9.168542942105454,9.168542942105454,125,-58,-58
MMOT,test,oracle_aabb,exposed exploratory retest,oracle AABB,data40-5,bytetrack,H,cost_h,None,74.45787121337527,8.74027478894223,8.74027478894223,71.36088250295319,9.873087674426621,9.873087674426621,116,-67,-67
MMOT,test,oracle_aabb,exposed exploratory retest,oracle AABB,data40-5,bytetrack,H+V,cost_h_full_reassign,H,74.35854990895547,8.640953484522427,-0.09932130441980291,71.32654612175756,9.838751293230992,-0.03433638119562943,122,-61,6
MMOT,test,oracle_aabb,exposed exploratory retest,oracle AABB,data40-5,bytetrack,P-G,path_g,None,74.49097831484853,8.773381890415493,8.773381890415493,71.35775801333074,9.86996318480417,9.86996318480417,118,-65,-65
MMOT,test,oracle_aabb,exposed exploratory retest,oracle AABB,data40-5,bytetrack,P-G+V,path_g_full_reassign,P-G,74.35854990895547,8.640953484522427,-0.13242840589306581,71.32654612175756,9.838751293230992,-0.03121189157317872,122,-61,4
MMOT,test,oracle_aabb,exposed exploratory retest,oracle AABB,data40-5,deepocsort,None,no_refinement,None,84.48327809581198,0.0,0.0,84.31495659549567,0.0,0.0,43,0,0
MMOT,test,oracle_aabb,exposed exploratory retest,oracle AABB,data40-5,deepocsort,v1,ace_v1,None,88.64115697499247,4.157878879180487,4.157878879180487,88.78818441859003,4.473227823094362,4.473227823094362,28,-15,-15
MMOT,test,oracle_aabb,exposed exploratory retest,oracle AABB,data40-5,deepocsort,H,cost_h,None,88.85206387466104,4.368785778849059,4.368785778849059,89.1805347298345,4.865578134338833,4.865578134338833,25,-18,-18
MMOT,test,oracle_aabb,exposed exploratory retest,oracle AABB,data40-5,deepocsort,H+V,cost_h_full_reassign,H,87.70714070503163,3.223862609219651,-1.1449231696294078,87.6318833536466,3.3169267581509274,-1.5486513761879053,27,-16,2
MMOT,test,oracle_aabb,exposed exploratory retest,oracle AABB,data40-5,deepocsort,P-G,path_g,None,88.85206387466104,4.368785778849059,4.368785778849059,89.1805347298345,4.865578134338833,4.865578134338833,25,-18,-18
MMOT,test,oracle_aabb,exposed exploratory retest,oracle AABB,data40-5,deepocsort,P-G+V,path_g_full_reassign,P-G,87.70714070503163,3.223862609219651,-1.1449231696294078,87.6318833536466,3.3169267581509274,-1.5486513761879053,27,-16,2
MMOT,test,oracle_aabb,exposed exploratory retest,oracle AABB,data40-5,ocsort,None,no_refinement,None,58.20422535211267,0.0,0.0,62.9176786861296,0.0,0.0,61,0,0
MMOT,test,oracle_aabb,exposed exploratory retest,oracle AABB,data40-5,ocsort,v1,ace_v1,None,68.16901408450704,9.964788732394368,9.964788732394368,77.49447172724366,14.576793041114065,14.576793041114065,41,-20,-20
MMOT,test,oracle_aabb,exposed exploratory retest,oracle AABB,data40-5,ocsort,H,cost_h,None,68.16901408450704,9.964788732394368,9.964788732394368,77.24260028511783,14.324921598988233,14.324921598988233,35,-26,-26
MMOT,test,oracle_aabb,exposed exploratory retest,oracle AABB,data40-5,ocsort,H+V,cost_h_full_reassign,H,68.09859154929578,9.894366197183103,-0.0704225352112644,77.2287666159699,14.311087929840305,-0.013833669147928163,38,-23,3
MMOT,test,oracle_aabb,exposed exploratory retest,oracle AABB,data40-5,ocsort,P-G,path_g,None,68.16901408450704,9.964788732394368,9.964788732394368,77.24260028511783,14.324921598988233,14.324921598988233,35,-26,-26
MMOT,test,oracle_aabb,exposed exploratory retest,oracle AABB,data40-5,ocsort,P-G+V,path_g_full_reassign,P-G,68.09859154929578,9.894366197183103,-0.0704225352112644,77.2287666159699,14.311087929840305,-0.013833669147928163,38,-23,3
MMOT,test,oracle_aabb,exposed exploratory retest,oracle AABB,data41-1,bytetrack,None,no_refinement,None,49.21259842519685,0.0,0.0,47.70763201000664,0.0,0.0,15,0,0
MMOT,test,oracle_aabb,exposed exploratory retest,oracle AABB,data41-1,bytetrack,v1,ace_v1,None,50.39370078740157,1.1811023622047188,1.1811023622047188,49.9259943603308,2.2183623503241563,2.2183623503241563,14,-1,-1
MMOT,test,oracle_aabb,exposed exploratory retest,oracle AABB,data41-1,bytetrack,H,cost_h,None,50.39370078740157,1.1811023622047188,1.1811023622047188,49.9259943603308,2.2183623503241563,2.2183623503241563,14,-1,-1
MMOT,test,oracle_aabb,exposed exploratory retest,oracle AABB,data41-1,bytetrack,H+V,cost_h_full_reassign,H,50.39370078740157,1.1811023622047188,0.0,49.9259943603308,2.2183623503241563,0.0,14,-1,0
MMOT,test,oracle_aabb,exposed exploratory retest,oracle AABB,data41-1,bytetrack,P-G,path_g,None,50.39370078740157,1.1811023622047188,1.1811023622047188,49.9259943603308,2.2183623503241563,2.2183623503241563,14,-1,-1
MMOT,test,oracle_aabb,exposed exploratory retest,oracle AABB,data41-1,bytetrack,P-G+V,path_g_full_reassign,P-G,50.39370078740157,1.1811023622047188,0.0,49.9259943603308,2.2183623503241563,0.0,14,-1,0
MMOT,test,oracle_aabb,exposed exploratory retest,oracle AABB,data41-1,deepocsort,None,no_refinement,None,50.8,0.0,0.0,78.93686729281407,0.0,0.0,10,0,0
MMOT,test,oracle_aabb,exposed exploratory retest,oracle AABB,data41-1,deepocsort,v1,ace_v1,None,54.400000000000006,3.6000000000000085,3.6000000000000085,81.99194360336483,3.05507631055076,3.05507631055076,1,-9,-9
MMOT,test,oracle_aabb,exposed exploratory retest,oracle AABB,data41-1,deepocsort,H,cost_h,None,54.400000000000006,3.6000000000000085,3.6000000000000085,81.99194360336483,3.05507631055076,3.05507631055076,1,-9,-9
MMOT,test,oracle_aabb,exposed exploratory retest,oracle AABB,data41-1,deepocsort,H+V,cost_h_full_reassign,H,54.400000000000006,3.6000000000000085,0.0,81.99194360336483,3.05507631055076,0.0,1,-9,0
MMOT,test,oracle_aabb,exposed exploratory retest,oracle AABB,data41-1,deepocsort,P-G,path_g,None,54.400000000000006,3.6000000000000085,3.6000000000000085,81.99194360336483,3.05507631055076,3.05507631055076,1,-9,-9
MMOT,test,oracle_aabb,exposed exploratory retest,oracle AABB,data41-1,deepocsort,P-G+V,path_g_full_reassign,P-G,54.400000000000006,3.6000000000000085,0.0,81.99194360336483,3.05507631055076,0.0,1,-9,0
MMOT,test,oracle_aabb,exposed exploratory retest,oracle AABB,data41-1,ocsort,None,no_refinement,None,36.09341825902335,0.0,0.0,49.27250799309622,0.0,0.0,16,0,0
MMOT,test,oracle_aabb,exposed exploratory retest,oracle AABB,data41-1,ocsort,v1,ace_v1,None,39.490445859872615,3.3970276008492633,3.3970276008492633,51.916600622324836,2.6440926292286164,2.6440926292286164,6,-10,-10
MMOT,test,oracle_aabb,exposed exploratory retest,oracle AABB,data41-1,ocsort,H,cost_h,None,39.490445859872615,3.3970276008492633,3.3970276008492633,52.97130278993023,3.698794796834008,3.698794796834008,6,-10,-10
MMOT,test,oracle_aabb,exposed exploratory retest,oracle AABB,data41-1,ocsort,H+V,cost_h_full_reassign,H,40.76433121019109,4.670912951167736,1.2738853503184728,54.0295038481313,4.756995855035079,1.058201058201071,6,-10,0
MMOT,test,oracle_aabb,exposed exploratory retest,oracle AABB,data41-1,ocsort,P-G,path_g,None,39.490445859872615,3.3970276008492633,3.3970276008492633,52.97130278993023,3.698794796834008,3.698794796834008,6,-10,-10
MMOT,test,oracle_aabb,exposed exploratory retest,oracle AABB,data41-1,ocsort,P-G+V,path_g_full_reassign,P-G,40.76433121019109,4.670912951167736,1.2738853503184728,54.0295038481313,4.756995855035079,1.058201058201071,6,-10,0
MMOT,test,oracle_aabb,exposed exploratory retest,oracle AABB,data42-1,bytetrack,None,no_refinement,None,67.27144618636603,0.0,0.0,58.979639556753185,0.0,0.0,326,0,0
MMOT,test,oracle_aabb,exposed exploratory retest,oracle AABB,data42-1,bytetrack,v1,ace_v1,None,68.62779637132289,1.3563501849568524,1.3563501849568524,60.27236975189116,1.2927301951379775,1.2927301951379775,280,-46,-46
MMOT,test,oracle_aabb,exposed exploratory retest,oracle AABB,data42-1,bytetrack,H,cost_h,None,69.06816980799718,1.7967236216311449,1.7967236216311449,60.42393333486415,1.4442937781109677,1.4442937781109677,269,-57,-57
MMOT,test,oracle_aabb,exposed exploratory retest,oracle AABB,data42-1,bytetrack,H+V,cost_h_full_reassign,H,69.03293993306325,1.7614937466972123,-0.03522987493393259,60.40862485709534,1.4289853003421555,-0.015308477768812168,270,-56,1
MMOT,test,oracle_aabb,exposed exploratory retest,oracle AABB,data42-1,bytetrack,P-G,path_g,None,69.06816980799718,1.7967236216311449,1.7967236216311449,60.42174186174086,1.442102304987678,1.442102304987678,265,-61,-61
MMOT,test,oracle_aabb,exposed exploratory retest,oracle AABB,data42-1,bytetrack,P-G+V,path_g_full_reassign,P-G,69.03293993306325,1.7614937466972123,-0.03522987493393259,60.40862485709534,1.4289853003421555,-0.013117004645522456,270,-56,5
MMOT,test,oracle_aabb,exposed exploratory retest,oracle AABB,data42-1,deepocsort,None,no_refinement,None,67.61042917301317,0.0,0.0,67.2884385347192,0.0,0.0,144,0,0
MMOT,test,oracle_aabb,exposed exploratory retest,oracle AABB,data42-1,deepocsort,v1,ace_v1,None,67.55667054923394,-0.05375862377923113,-0.05375862377923113,67.4610830061286,0.17264447140939865,0.17264447140939865,115,-29,-29
MMOT,test,oracle_aabb,exposed exploratory retest,oracle AABB,data42-1,deepocsort,H,cost_h,None,69.93996953677986,2.3295403637666823,2.3295403637666823,69.80117536779052,2.5127368330713153,2.5127368330713153,103,-41,-41
MMOT,test,oracle_aabb,exposed exploratory retest,oracle AABB,data42-1,deepocsort,H+V,cost_h_full_reassign,H,69.11567063883165,1.5052414658184716,-0.8242988979482107,68.72593013406038,1.4374915993411719,-1.0752452337301435,108,-36,5
MMOT,test,oracle_aabb,exposed exploratory retest,oracle AABB,data42-1,deepocsort,P-G,path_g,None,69.93996953677986,2.3295403637666823,2.3295403637666823,69.80117536779052,2.5127368330713153,2.5127368330713153,103,-41,-41
MMOT,test,oracle_aabb,exposed exploratory retest,oracle AABB,data42-1,deepocsort,P-G+V,path_g_full_reassign,P-G,69.11567063883165,1.5052414658184716,-0.8242988979482107,68.72593013406038,1.4374915993411719,-1.0752452337301435,108,-36,5
MMOT,test,oracle_aabb,exposed exploratory retest,oracle AABB,data42-1,ocsort,None,no_refinement,None,58.75490102323803,0.0,0.0,59.02664714467226,0.0,0.0,180,0,0
MMOT,test,oracle_aabb,exposed exploratory retest,oracle AABB,data42-1,ocsort,v1,ace_v1,None,60.38060629243569,1.6257052691976597,1.6257052691976597,60.708619687345134,1.6819725426728738,1.6819725426728738,138,-42,-42
MMOT,test,oracle_aabb,exposed exploratory retest,oracle AABB,data42-1,ocsort,H,cost_h,None,61.24127378789328,2.4863727646552505,2.4863727646552505,62.15751046428978,3.130863319617518,3.130863319617518,131,-49,-49
MMOT,test,oracle_aabb,exposed exploratory retest,oracle AABB,data42-1,ocsort,H+V,cost_h_full_reassign,H,61.16477001051926,2.4098689872812358,-0.0765037773740147,62.15789135212199,3.1312442074497326,0.0003808878322146825,134,-46,3
MMOT,test,oracle_aabb,exposed exploratory retest,oracle AABB,data42-1,ocsort,P-G,path_g,None,61.24127378789328,2.4863727646552505,2.4863727646552505,62.15751046428978,3.130863319617518,3.130863319617518,131,-49,-49
MMOT,test,oracle_aabb,exposed exploratory retest,oracle AABB,data42-1,ocsort,P-G+V,path_g_full_reassign,P-G,61.16477001051926,2.4098689872812358,-0.0765037773740147,62.15789135212199,3.1312442074497326,0.0003808878322146825,134,-46,3
MMOT,test,oracle_aabb,exposed exploratory retest,oracle AABB,data42-2,bytetrack,None,no_refinement,None,54.779169413315756,0.0,0.0,60.640796369196806,0.0,0.0,100,0,0
MMOT,test,oracle_aabb,exposed exploratory retest,oracle AABB,data42-2,bytetrack,v1,ace_v1,None,56.03164139749506,1.2524719841793015,1.2524719841793015,61.42899866981267,0.7882023006158647,0.7882023006158647,73,-27,-27
MMOT,test,oracle_aabb,exposed exploratory retest,oracle AABB,data42-2,bytetrack,H,cost_h,None,56.163480553724455,1.3843111404086983,1.3843111404086983,61.438475506143156,0.7976791369463498,0.7976791369463498,69,-31,-31
MMOT,test,oracle_aabb,exposed exploratory retest,oracle AABB,data42-2,bytetrack,H+V,cost_h_full_reassign,H,56.09756097560976,1.3183915622940034,-0.06591957811469484,61.42304269138674,0.7822463221899341,-0.01543281475641578,71,-29,2
MMOT,test,oracle_aabb,exposed exploratory retest,oracle AABB,data42-2,bytetrack,P-G,path_g,None,56.163480553724455,1.3843111404086983,1.3843111404086983,61.4386411735894,0.7978448043925965,0.7978448043925965,69,-31,-31
MMOT,test,oracle_aabb,exposed exploratory retest,oracle AABB,data42-2,bytetrack,P-G+V,path_g_full_reassign,P-G,56.09756097560976,1.3183915622940034,-0.06591957811469484,61.42304269138674,0.7822463221899341,-0.015598482202662467,71,-29,2
MMOT,test,oracle_aabb,exposed exploratory retest,oracle AABB,data42-2,deepocsort,None,no_refinement,None,74.14225941422595,0.0,0.0,69.71248578867933,0.0,0.0,56,0,0
MMOT,test,oracle_aabb,exposed exploratory retest,oracle AABB,data42-2,deepocsort,v1,ace_v1,None,78.04741980474198,3.9051603905160306,3.9051603905160306,73.62871679443046,3.916231005751129,3.916231005751129,34,-22,-22
MMOT,test,oracle_aabb,exposed exploratory retest,oracle AABB,data42-2,deepocsort,H,cost_h,None,79.442119944212,5.299860529986049,5.299860529986049,75.50605894810592,5.793573159426586,5.793573159426586,30,-26,-26
MMOT,test,oracle_aabb,exposed exploratory retest,oracle AABB,data42-2,deepocsort,H+V,cost_h_full_reassign,H,78.54951185495118,4.40725244072523,-0.8926080892608184,74.84374044725787,5.131254658578541,-0.6623185008480448,32,-24,2
MMOT,test,oracle_aabb,exposed exploratory retest,oracle AABB,data42-2,deepocsort,P-G,path_g,None,79.442119944212,5.299860529986049,5.299860529986049,75.50605894810592,5.793573159426586,5.793573159426586,30,-26,-26
MMOT,test,oracle_aabb,exposed exploratory retest,oracle AABB,data42-2,deepocsort,P-G+V,path_g_full_reassign,P-G,78.54951185495118,4.40725244072523,-0.8926080892608184,74.84374044725787,5.131254658578541,-0.6623185008480448,32,-24,2
MMOT,test,oracle_aabb,exposed exploratory retest,oracle AABB,data42-2,ocsort,None,no_refinement,None,48.21491693177801,0.0,0.0,68.37057900143752,0.0,0.0,57,0,0
MMOT,test,oracle_aabb,exposed exploratory retest,oracle AABB,data42-2,ocsort,v1,ace_v1,None,50.47720042417816,2.262283492400144,2.262283492400144,68.69713506315149,0.32655606171397267,0.32655606171397267,27,-30,-30
MMOT,test,oracle_aabb,exposed exploratory retest,oracle AABB,data42-2,ocsort,H,cost_h,None,50.75998586072817,2.5450689289501582,2.5450689289501582,69.13922322055716,0.7686442191196363,0.7686442191196363,23,-34,-34
MMOT,test,oracle_aabb,exposed exploratory retest,oracle AABB,data42-2,ocsort,H+V,cost_h_full_reassign,H,50.75998586072817,2.5450689289501582,0.0,69.13922322055716,0.7686442191196363,0.0,23,-34,0
MMOT,test,oracle_aabb,exposed exploratory retest,oracle AABB,data42-2,ocsort,P-G,path_g,None,50.75998586072817,2.5450689289501582,2.5450689289501582,69.13922322055716,0.7686442191196363,0.7686442191196363,23,-34,-34
MMOT,test,oracle_aabb,exposed exploratory retest,oracle AABB,data42-2,ocsort,P-G+V,path_g_full_reassign,P-G,50.75998586072817,2.5450689289501582,0.0,69.13922322055716,0.7686442191196363,0.0,23,-34,0
MMOT,test,oracle_aabb,exposed exploratory retest,oracle AABB,data42-3,bytetrack,None,no_refinement,None,75.50615323541088,0.0,0.0,59.032126035626185,0.0,0.0,115,0,0
MMOT,test,oracle_aabb,exposed exploratory retest,oracle AABB,data42-3,bytetrack,v1,ace_v1,None,76.45891226677253,0.9527590313616514,0.9527590313616514,59.62559851894401,0.5934724833178251,0.5934724833178251,113,-2,-2
MMOT,test,oracle_aabb,exposed exploratory retest,oracle AABB,data42-3,bytetrack,H,cost_h,None,76.77649861055976,1.270345375148878,1.270345375148878,59.722778252752754,0.6906522171265692,0.6906522171265692,108,-7,-7
MMOT,test,oracle_aabb,exposed exploratory retest,oracle AABB,data42-3,bytetrack,H+V,cost_h_full_reassign,H,76.61770543866614,1.1115522032552576,-0.1587931718936204,59.69454059577489,0.6624145601487044,-0.028237656977864845,109,-6,1
MMOT,test,oracle_aabb,exposed exploratory retest,oracle AABB,data42-3,bytetrack,P-G,path_g,None,76.85589519650655,1.349741961095674,1.349741961095674,59.771146371233364,0.7390203356071794,0.7390203356071794,108,-7,-7
MMOT,test,oracle_aabb,exposed exploratory retest,oracle AABB,data42-3,bytetrack,P-G+V,path_g_full_reassign,P-G,76.61770543866614,1.1115522032552576,-0.2381897578404164,59.68705969114099,0.6549336555148031,-0.0840866800923763,108,-7,0
MMOT,test,oracle_aabb,exposed exploratory retest,oracle AABB,data42-3,deepocsort,None,no_refinement,None,96.171875,0.0,0.0,97.07587985658247,0.0,0.0,8,0,0
MMOT,test,oracle_aabb,exposed exploratory retest,oracle AABB,data42-3,deepocsort,v1,ace_v1,None,96.953125,0.78125,0.78125,97.83964078877048,0.7637609321880063,0.7637609321880063,1,-7,-7
MMOT,test,oracle_aabb,exposed exploratory retest,oracle AABB,data42-3,deepocsort,H,cost_h,None,96.953125,0.78125,0.78125,97.83964078877048,0.7637609321880063,0.7637609321880063,1,-7,-7
MMOT,test,oracle_aabb,exposed exploratory retest,oracle AABB,data42-3,deepocsort,H+V,cost_h_full_reassign,H,96.953125,0.78125,0.0,97.83964078877048,0.7637609321880063,0.0,1,-7,0
MMOT,test,oracle_aabb,exposed exploratory retest,oracle AABB,data42-3,deepocsort,P-G,path_g,None,96.953125,0.78125,0.78125,97.83964078877048,0.7637609321880063,0.7637609321880063,1,-7,-7
MMOT,test,oracle_aabb,exposed exploratory retest,oracle AABB,data42-3,deepocsort,P-G+V,path_g_full_reassign,P-G,96.953125,0.78125,0.0,97.83964078877048,0.7637609321880063,0.0,1,-7,0
MMOT,test,oracle_aabb,exposed exploratory retest,oracle AABB,data42-3,ocsort,None,no_refinement,None,74.9265014699706,0.0,0.0,67.53843746839166,0.0,0.0,72,0,0
MMOT,test,oracle_aabb,exposed exploratory retest,oracle AABB,data42-3,ocsort,v1,ace_v1,None,77.36245275094498,2.435951280974379,2.435951280974379,69.47375762385334,1.9353201554616817,1.9353201554616817,49,-23,-23
MMOT,test,oracle_aabb,exposed exploratory retest,oracle AABB,data42-3,ocsort,H,cost_h,None,78.37043259134818,3.443931121377574,3.443931121377574,69.68647179624182,2.148034327850155,2.148034327850155,39,-33,-33
MMOT,test,oracle_aabb,exposed exploratory retest,oracle AABB,data42-3,ocsort,H+V,cost_h_full_reassign,H,77.95044099118019,3.0239395212095843,-0.41999160016798953,69.59399903804254,2.0555615696508767,-0.09247275819927836,41,-31,2
MMOT,test,oracle_aabb,exposed exploratory retest,oracle AABB,data42-3,ocsort,P-G,path_g,None,78.03443931121377,3.107937841243171,3.107937841243171,69.61825322188928,2.0798157534976127,2.0798157534976127,41,-31,-31
MMOT,test,oracle_aabb,exposed exploratory retest,oracle AABB,data42-3,ocsort,P-G+V,path_g_full_reassign,P-G,77.95044099118019,3.0239395212095843,-0.08399832003358654,69.59399903804254,2.0555615696508767,-0.024254183846736055,41,-31,0
MMOT,test,oracle_aabb,exposed exploratory retest,oracle AABB,data46-11,bytetrack,None,no_refinement,None,55.6466236309567,0.0,0.0,37.58549515628597,0.0,0.0,751,0,0
MMOT,test,oracle_aabb,exposed exploratory retest,oracle AABB,data46-11,bytetrack,v1,ace_v1,None,60.83992166533692,5.19329803438022,5.19329803438022,41.87806366192832,4.29256850564235,4.29256850564235,636,-115,-115
MMOT,test,oracle_aabb,exposed exploratory retest,oracle AABB,data46-11,bytetrack,H,cost_h,None,63.08841662435628,7.441792993399581,7.441792993399581,43.23539793673083,5.6499027804448545,5.6499027804448545,603,-148,-148
MMOT,test,oracle_aabb,exposed exploratory retest,oracle AABB,data46-11,bytetrack,H+V,cost_h_full_reassign,H,61.94240951621093,6.295785885254233,-1.1460071081453478,42.77665521698471,5.191160060698735,-0.4587427197461196,605,-146,2
MMOT,test,oracle_aabb,exposed exploratory retest,oracle AABB,data46-11,bytetrack,P-G,path_g,None,62.07296728802495,6.4263436570682515,6.4263436570682515,42.61856991972758,5.033074763441604,5.033074763441604,598,-153,-153
MMOT,test,oracle_aabb,exposed exploratory retest,oracle AABB,data46-11,bytetrack,P-G+V,path_g_full_reassign,P-G,61.46369768622616,5.817074055269465,-0.6092696017987862,42.34986416816344,4.76436901187747,-0.26870575156413423,609,-142,11
MMOT,test,oracle_aabb,exposed exploratory retest,oracle AABB,data46-11,deepocsort,None,no_refinement,None,94.97349171196564,0.0,0.0,93.94391506586915,0.0,0.0,27,0,0
MMOT,test,oracle_aabb,exposed exploratory retest,oracle AABB,data46-11,deepocsort,v1,ace_v1,None,95.38957116972016,0.4160794577545204,0.4160794577545204,94.27766613597171,0.333751070102565,0.333751070102565,22,-5,-5
MMOT,test,oracle_aabb,exposed exploratory retest,oracle AABB,data46-11,deepocsort,H,cost_h,None,95.44325884168848,0.4697671297228396,0.4697671297228396,94.41622677458746,0.4723117087183084,0.4723117087183084,21,-6,-6
MMOT,test,oracle_aabb,exposed exploratory retest,oracle AABB,data46-11,deepocsort,H+V,cost_h_full_reassign,H,95.38957116972016,0.4160794577545204,-0.05368767196831925,94.31549242645646,0.3715773605873096,-0.1007343481309988,22,-5,1
MMOT,test,oracle_aabb,exposed exploratory retest,oracle AABB,data46-11,deepocsort,P-G,path_g,None,95.44325884168848,0.4697671297228396,0.4697671297228396,94.41622677458746,0.4723117087183084,0.4723117087183084,21,-6,-6
MMOT,test,oracle_aabb,exposed exploratory retest,oracle AABB,data46-11,deepocsort,P-G+V,path_g_full_reassign,P-G,95.38957116972016,0.4160794577545204,-0.05368767196831925,94.31549242645646,0.3715773605873096,-0.1007343481309988,22,-5,1
MMOT,test,oracle_aabb,exposed exploratory retest,oracle AABB,data46-11,ocsort,None,no_refinement,None,52.82568953183372,0.0,0.0,40.63041321832863,0.0,0.0,422,0,0
MMOT,test,oracle_aabb,exposed exploratory retest,oracle AABB,data46-11,ocsort,v1,ace_v1,None,58.08759240123996,5.261902869406242,5.261902869406242,46.773456848350186,6.143043630021559,6.143043630021559,311,-111,-111
MMOT,test,oracle_aabb,exposed exploratory retest,oracle AABB,data46-11,ocsort,H,cost_h,None,60.853668229870436,8.02797869803672,8.02797869803672,49.91932690804548,9.28891368971685,9.28891368971685,252,-170,-170
MMOT,test,oracle_aabb,exposed exploratory retest,oracle AABB,data46-11,ocsort,H+V,cost_h_full_reassign,H,60.26547969159844,7.439790159764726,-0.5881885382719929,49.41908124084412,8.788668022515495,-0.5002456672013551,257,-165,5
MMOT,test,oracle_aabb,exposed exploratory retest,oracle AABB,data46-11,ocsort,P-G,path_g,None,60.94905015499563,8.123360623161915,8.123360623161915,49.997458559574994,9.367045341246367,9.367045341246367,256,-166,-166
MMOT,test,oracle_aabb,exposed exploratory retest,oracle AABB,data46-11,ocsort,P-G+V,path_g_full_reassign,P-G,60.50393450441142,7.678244972577701,-0.44511565058421354,49.664666015314225,9.034252796985598,-0.3327925442607693,261,-161,5
MMOT,test,oracle_aabb,exposed exploratory retest,oracle AABB,data46-12,bytetrack,None,no_refinement,None,80.91334894613583,0.0,0.0,74.58033510185098,0.0,0.0,219,0,0
MMOT,test,oracle_aabb,exposed exploratory retest,oracle AABB,data46-12,bytetrack,v1,ace_v1,None,83.86416861826697,2.9508196721311464,2.9508196721311464,75.8187139196994,1.238378817848428,1.238378817848428,166,-53,-53
MMOT,test,oracle_aabb,exposed exploratory retest,oracle AABB,data46-12,bytetrack,H,cost_h,None,86.04215456674473,5.128805620608901,5.128805620608901,76.72968538439513,2.149350282544148,2.149350282544148,149,-70,-70
MMOT,test,oracle_aabb,exposed exploratory retest,oracle AABB,data46-12,bytetrack,H+V,cost_h_full_reassign,H,86.20608899297424,5.292740046838418,0.16393442622951682,76.81767096158816,2.237335859737186,0.08798557719303801,151,-68,2
MMOT,test,oracle_aabb,exposed exploratory retest,oracle AABB,data46-12,bytetrack,P-G,path_g,None,86.39344262295083,5.480093676815002,5.480093676815002,76.91866768500091,2.338332583149935,2.338332583149935,147,-72,-72
MMOT,test,oracle_aabb,exposed exploratory retest,oracle AABB,data46-12,bytetrack,P-G+V,path_g_full_reassign,P-G,86.20608899297424,5.292740046838418,-0.18735362997658456,76.81767096158816,2.237335859737186,-0.10099672341274868,151,-68,4
MMOT,test,oracle_aabb,exposed exploratory retest,oracle AABB,data46-12,deepocsort,None,no_refinement,None,98.56905158069883,0.0,0.0,97.7716081357378,0.0,0.0,3,0,0
MMOT,test,oracle_aabb,exposed exploratory retest,oracle AABB,data46-12,deepocsort,v1,ace_v1,None,98.92401552967277,0.35496394897394623,0.35496394897394623,98.22719157168318,0.4555834359453854,0.4555834359453854,0,-3,-3
MMOT,test,oracle_aabb,exposed exploratory retest,oracle AABB,data46-12,deepocsort,H,cost_h,None,98.92401552967277,0.35496394897394623,0.35496394897394623,98.22719157168318,0.4555834359453854,0.4555834359453854,0,-3,-3
MMOT,test,oracle_aabb,exposed exploratory retest,oracle AABB,data46-12,deepocsort,H+V,cost_h_full_reassign,H,98.92401552967277,0.35496394897394623,0.0,98.22719157168318,0.4555834359453854,0.0,0,-3,0
MMOT,test,oracle_aabb,exposed exploratory retest,oracle AABB,data46-12,deepocsort,P-G,path_g,None,98.92401552967277,0.35496394897394623,0.35496394897394623,98.22719157168318,0.4555834359453854,0.4555834359453854,0,-3,-3
MMOT,test,oracle_aabb,exposed exploratory retest,oracle AABB,data46-12,deepocsort,P-G+V,path_g_full_reassign,P-G,98.92401552967277,0.35496394897394623,0.0,98.22719157168318,0.4555834359453854,0.0,0,-3,0
MMOT,test,oracle_aabb,exposed exploratory retest,oracle AABB,data46-12,ocsort,None,no_refinement,None,80.16375139560849,0.0,0.0,86.27431181624698,0.0,0.0,138,0,0
MMOT,test,oracle_aabb,exposed exploratory retest,oracle AABB,data46-12,ocsort,v1,ace_v1,None,83.38915767274531,3.225406277136827,3.225406277136827,88.96052708552158,2.686215269274598,2.686215269274598,82,-56,-56
MMOT,test,oracle_aabb,exposed exploratory retest,oracle AABB,data46-12,ocsort,H,cost_h,None,84.72894181863292,4.565190423024433,4.565190423024433,89.38331157560235,3.1089997593553704,3.1089997593553704,56,-82,-82
MMOT,test,oracle_aabb,exposed exploratory retest,oracle AABB,data46-12,ocsort,H+V,cost_h_full_reassign,H,84.3815903734028,4.217838977794315,-0.3473514452301174,89.3083890141926,3.0340771979456207,-0.07492256140974973,64,-74,8
MMOT,test,oracle_aabb,exposed exploratory retest,oracle AABB,data46-12,ocsort,P-G,path_g,None,84.7785634536658,4.614812058057311,4.614812058057311,89.40700220000485,3.1326903837578755,3.1326903837578755,58,-80,-80
MMOT,test,oracle_aabb,exposed exploratory retest,oracle AABB,data46-12,ocsort,P-G+V,path_g_full_reassign,P-G,84.3815903734028,4.217838977794315,-0.3969730802629954,89.3083890141926,3.0340771979456207,-0.09861318581225476,64,-74,6
MMOT,test,oracle_aabb,exposed exploratory retest,oracle AABB,data47-1,bytetrack,None,no_refinement,None,14.860681114551083,0.0,0.0,8.701329827659327,0.0,0.0,44,0,0
MMOT,test,oracle_aabb,exposed exploratory retest,oracle AABB,data47-1,bytetrack,v1,ace_v1,None,15.479876160990713,0.6191950464396303,0.6191950464396303,10.900151442620123,2.1988216149607958,2.1988216149607958,41,-3,-3
MMOT,test,oracle_aabb,exposed exploratory retest,oracle AABB,data47-1,bytetrack,H,cost_h,None,16.718266253869967,1.8575851393188838,1.8575851393188838,11.42771463300715,2.7263848053478235,2.7263848053478235,37,-7,-7
MMOT,test,oracle_aabb,exposed exploratory retest,oracle AABB,data47-1,bytetrack,H+V,cost_h_full_reassign,H,15.479876160990713,0.6191950464396303,-1.2383900928792535,11.000500917763874,2.2991710901045472,-0.4272137152432762,40,-4,3
MMOT,test,oracle_aabb,exposed exploratory retest,oracle AABB,data47-1,bytetrack,P-G,path_g,None,15.479876160990713,0.6191950464396303,0.6191950464396303,11.101964006640982,2.4006341789816545,2.4006341789816545,40,-4,-4
MMOT,test,oracle_aabb,exposed exploratory retest,oracle AABB,data47-1,bytetrack,P-G+V,path_g_full_reassign,P-G,15.479876160990713,0.6191950464396303,0.0,11.000500917763874,2.2991710901045472,-0.10146308887710731,40,-4,0
MMOT,test,oracle_aabb,exposed exploratory retest,oracle AABB,data47-1,deepocsort,None,no_refinement,None,91.73553719008265,0.0,0.0,87.59090873354629,0.0,0.0,8,0,0
MMOT,test,oracle_aabb,exposed exploratory retest,oracle AABB,data47-1,deepocsort,v1,ace_v1,None,96.28099173553719,4.5454545454545325,4.5454545454545325,93.56180952831951,5.970900794773229,5.970900794773229,5,-3,-3
MMOT,test,oracle_aabb,exposed exploratory retest,oracle AABB,data47-1,deepocsort,H,cost_h,None,96.28099173553719,4.5454545454545325,4.5454545454545325,93.56180952831951,5.970900794773229,5.970900794773229,5,-3,-3
MMOT,test,oracle_aabb,exposed exploratory retest,oracle AABB,data47-1,deepocsort,H+V,cost_h_full_reassign,H,96.28099173553719,4.5454545454545325,0.0,93.56180952831951,5.970900794773229,0.0,5,-3,0
MMOT,test,oracle_aabb,exposed exploratory retest,oracle AABB,data47-1,deepocsort,P-G,path_g,None,96.28099173553719,4.5454545454545325,4.5454545454545325,93.56180952831951,5.970900794773229,5.970900794773229,5,-3,-3
MMOT,test,oracle_aabb,exposed exploratory retest,oracle AABB,data47-1,deepocsort,P-G+V,path_g_full_reassign,P-G,96.28099173553719,4.5454545454545325,0.0,93.56180952831951,5.970900794773229,0.0,5,-3,0
MMOT,test,oracle_aabb,exposed exploratory retest,oracle AABB,data47-1,ocsort,None,no_refinement,None,10.75268817204301,0.0,0.0,8.056171470805618,0.0,0.0,17,0,0
MMOT,test,oracle_aabb,exposed exploratory retest,oracle AABB,data47-1,ocsort,v1,ace_v1,None,11.469534050179211,0.7168458781362013,0.7168458781362013,9.654113454453785,1.5979419836481679,1.5979419836481679,15,-2,-2
MMOT,test,oracle_aabb,exposed exploratory retest,oracle AABB,data47-1,ocsort,H,cost_h,None,17.921146953405017,7.168458781362007,7.168458781362007,11.8890059332487,3.832834462443083,3.832834462443083,5,-12,-12
MMOT,test,oracle_aabb,exposed exploratory retest,oracle AABB,data47-1,ocsort,H+V,cost_h_full_reassign,H,15.053763440860216,4.301075268817206,-2.8673835125448015,10.995048941730735,2.9388774709251173,-0.8939569915179657,9,-8,4
MMOT,test,oracle_aabb,exposed exploratory retest,oracle AABB,data47-1,ocsort,P-G,path_g,None,16.48745519713262,5.734767025089608,5.734767025089608,11.276773897307079,3.2206024265014612,3.2206024265014612,9,-8,-8
MMOT,test,oracle_aabb,exposed exploratory retest,oracle AABB,data47-1,ocsort,P-G+V,path_g_full_reassign,P-G,15.053763440860216,4.301075268817206,-1.4336917562724025,10.995048941730735,2.9388774709251173,-0.2817249555763439,9,-8,0
MMOT,test,oracle_aabb,exposed exploratory retest,oracle AABB,data47-2,bytetrack,None,no_refinement,None,42.21149627029399,0.0,0.0,30.71100290046796,0.0,0.0,190,0,0
MMOT,test,oracle_aabb,exposed exploratory retest,oracle AABB,data47-2,bytetrack,v1,ace_v1,None,44.142167617376046,1.930671347082054,1.930671347082054,31.331713177470473,0.6207102770025124,0.6207102770025124,172,-18,-18
MMOT,test,oracle_aabb,exposed exploratory retest,oracle AABB,data47-2,bytetrack,H,cost_h,None,47.03817463799913,4.826678367705135,4.826678367705135,32.6971701217971,1.98616722132914,1.98616722132914,150,-40,-40
MMOT,test,oracle_aabb,exposed exploratory retest,oracle AABB,data47-2,bytetrack,H+V,cost_h_full_reassign,H,46.24835454146555,4.03685827117156,-0.7898200965335747,32.36184691326386,1.6508440127959005,-0.3353232085332394,156,-34,6
MMOT,test,oracle_aabb,exposed exploratory retest,oracle AABB,data47-2,bytetrack,P-G,path_g,None,46.24835454146555,4.03685827117156,4.03685827117156,32.35118061202725,1.6401777115592893,1.6401777115592893,151,-39,-39
MMOT,test,oracle_aabb,exposed exploratory retest,oracle AABB,data47-2,bytetrack,P-G+V,path_g_full_reassign,P-G,45.28301886792453,3.0715225976305405,-0.9653356735410199,31.995930132363306,1.2849272318953453,-0.35525047966394396,157,-33,6
MMOT,test,oracle_aabb,exposed exploratory retest,oracle AABB,data47-2,deepocsort,None,no_refinement,None,84.88,0.0,0.0,88.59546718272779,0.0,0.0,9,0,0
MMOT,test,oracle_aabb,exposed exploratory retest,oracle AABB,data47-2,deepocsort,v1,ace_v1,None,86.0,1.1200000000000045,1.1200000000000045,89.94820298613811,1.3527358034103258,1.3527358034103258,5,-4,-4
MMOT,test,oracle_aabb,exposed exploratory retest,oracle AABB,data47-2,deepocsort,H,cost_h,None,87.68,2.8000000000000114,2.8000000000000114,92.00629279369335,3.41082561096556,3.41082561096556,4,-5,-5
MMOT,test,oracle_aabb,exposed exploratory retest,oracle AABB,data47-2,deepocsort,H+V,cost_h_full_reassign,H,87.68,2.8000000000000114,0.0,92.00629279369335,3.41082561096556,0.0,4,-5,0
MMOT,test,oracle_aabb,exposed exploratory retest,oracle AABB,data47-2,deepocsort,P-G,path_g,None,87.68,2.8000000000000114,2.8000000000000114,92.00629279369335,3.41082561096556,3.41082561096556,4,-5,-5
MMOT,test,oracle_aabb,exposed exploratory retest,oracle AABB,data47-2,deepocsort,P-G+V,path_g_full_reassign,P-G,87.68,2.8000000000000114,0.0,92.00629279369335,3.41082561096556,0.0,4,-5,0
MMOT,test,oracle_aabb,exposed exploratory retest,oracle AABB,data47-2,ocsort,None,no_refinement,None,33.66860772895712,0.0,0.0,35.10395749384599,0.0,0.0,66,0,0
MMOT,test,oracle_aabb,exposed exploratory retest,oracle AABB,data47-2,ocsort,v1,ace_v1,None,35.044997353096875,1.3763896241397546,1.3763896241397546,35.53430498723678,0.4303474933907907,0.4303474933907907,50,-16,-16
MMOT,test,oracle_aabb,exposed exploratory retest,oracle AABB,data47-2,ocsort,H,cost_h,None,35.46850185283218,1.7998941238750632,1.7998941238750632,35.73866865971592,0.6347111658699305,0.6347111658699305,46,-20,-20
MMOT,test,oracle_aabb,exposed exploratory retest,oracle AABB,data47-2,ocsort,H+V,cost_h_full_reassign,H,35.150873478030704,1.4822657490735835,-0.31762837480147965,35.65161013655481,0.5476526427088189,-0.08705852316111162,50,-16,4
MMOT,test,oracle_aabb,exposed exploratory retest,oracle AABB,data47-2,ocsort,P-G,path_g,None,35.150873478030704,1.4822657490735835,1.4822657490735835,35.66349463555022,0.559537141704233,0.559537141704233,48,-18,-18
MMOT,test,oracle_aabb,exposed exploratory retest,oracle AABB,data47-2,ocsort,P-G+V,path_g_full_reassign,P-G,35.150873478030704,1.4822657490735835,0.0,35.65161013655481,0.5476526427088189,-0.011884498995414106,50,-16,2
MMOT,test,oracle_aabb,exposed exploratory retest,oracle AABB,data47-3,bytetrack,None,no_refinement,None,60.72961373390557,0.0,0.0,51.003836224172346,0.0,0.0,297,0,0
MMOT,test,oracle_aabb,exposed exploratory retest,oracle AABB,data47-3,bytetrack,v1,ace_v1,None,65.36480686695279,4.635193133047217,4.635193133047217,56.60380979459521,5.599973570422861,5.599973570422861,259,-38,-38
MMOT,test,oracle_aabb,exposed exploratory retest,oracle AABB,data47-3,bytetrack,H,cost_h,None,68.36909871244636,7.639484978540786,7.639484978540786,58.2679708561608,7.264134631988455,7.264134631988455,231,-66,-66
MMOT,test,oracle_aabb,exposed exploratory retest,oracle AABB,data47-3,bytetrack,H+V,cost_h_full_reassign,H,67.59656652360515,6.866952789699575,-0.7725321888412111,57.89657350898389,6.892737284811545,-0.3713973471769094,239,-58,8
MMOT,test,oracle_aabb,exposed exploratory retest,oracle AABB,data47-3,bytetrack,P-G,path_g,None,67.8969957081545,7.167381974248933,7.167381974248933,57.95625517751121,6.952418953338864,6.952418953338864,238,-59,-59
MMOT,test,oracle_aabb,exposed exploratory retest,oracle AABB,data47-3,bytetrack,P-G+V,path_g_full_reassign,P-G,67.59656652360515,6.866952789699575,-0.3004291845493583,57.89109406550317,6.887257841330822,-0.06516111200804175,239,-58,1
MMOT,test,oracle_aabb,exposed exploratory retest,oracle AABB,data47-3,deepocsort,None,no_refinement,None,89.52108063855914,0.0,0.0,93.91738414809815,0.0,0.0,8,0,0
MMOT,test,oracle_aabb,exposed exploratory retest,oracle AABB,data47-3,deepocsort,v1,ace_v1,None,91.19934506753991,1.6782644289807678,1.6782644289807678,96.12198786084384,2.204603712745694,2.204603712745694,4,-4,-4
MMOT,test,oracle_aabb,exposed exploratory retest,oracle AABB,data47-3,deepocsort,H,cost_h,None,91.19934506753991,1.6782644289807678,1.6782644289807678,96.12198786084384,2.204603712745694,2.204603712745694,4,-4,-4
MMOT,test,oracle_aabb,exposed exploratory retest,oracle AABB,data47-3,deepocsort,H+V,cost_h_full_reassign,H,91.19934506753991,1.6782644289807678,0.0,96.12198786084384,2.204603712745694,0.0,4,-4,0
MMOT,test,oracle_aabb,exposed exploratory retest,oracle AABB,data47-3,deepocsort,P-G,path_g,None,91.19934506753991,1.6782644289807678,1.6782644289807678,96.12198786084384,2.204603712745694,2.204603712745694,4,-4,-4
MMOT,test,oracle_aabb,exposed exploratory retest,oracle AABB,data47-3,deepocsort,P-G+V,path_g_full_reassign,P-G,91.19934506753991,1.6782644289807678,0.0,96.12198786084384,2.204603712745694,0.0,4,-4,0
MMOT,test,oracle_aabb,exposed exploratory retest,oracle AABB,data47-3,ocsort,None,no_refinement,None,60.89049338146811,0.0,0.0,66.551805029987,0.0,0.0,102,0,0
MMOT,test,oracle_aabb,exposed exploratory retest,oracle AABB,data47-3,ocsort,v1,ace_v1,None,62.62334536702768,1.73285198555957,1.73285198555957,69.18525711586624,2.6334520858792416,2.6334520858792416,83,-19,-19
MMOT,test,oracle_aabb,exposed exploratory retest,oracle AABB,data47-3,ocsort,H,cost_h,None,63.4416365824308,2.5511432009626915,2.5511432009626915,69.3743033245973,2.8224982946103125,2.8224982946103125,69,-33,-33
MMOT,test,oracle_aabb,exposed exploratory retest,oracle AABB,data47-3,ocsort,H+V,cost_h_full_reassign,H,63.39350180505415,2.5030084235860386,-0.04813477737665295,69.36863614107261,2.8168311110856195,-0.005667183524693087,71,-31,2
MMOT,test,oracle_aabb,exposed exploratory retest,oracle AABB,data47-3,ocsort,P-G,path_g,None,63.39350180505415,2.5030084235860386,2.5030084235860386,69.368385289385,2.816580259398009,2.816580259398009,71,-31,-31
MMOT,test,oracle_aabb,exposed exploratory retest,oracle AABB,data47-3,ocsort,P-G+V,path_g_full_reassign,P-G,63.39350180505415,2.5030084235860386,0.0,69.36863614107261,2.8168311110856195,0.00025085168761052046,71,-31,0
MMOT,test,oracle_aabb,exposed exploratory retest,oracle AABB,data47-4,bytetrack,None,no_refinement,None,46.308724832214764,0.0,0.0,47.68899228575389,0.0,0.0,49,0,0
MMOT,test,oracle_aabb,exposed exploratory retest,oracle AABB,data47-4,bytetrack,v1,ace_v1,None,47.98657718120805,1.6778523489932837,1.6778523489932837,48.473413883053475,0.784421597299584,0.784421597299584,40,-9,-9
MMOT,test,oracle_aabb,exposed exploratory retest,oracle AABB,data47-4,bytetrack,H,cost_h,None,49.664429530201346,3.3557046979865817,3.3557046979865817,49.38649384922367,1.6975015634697783,1.6975015634697783,32,-17,-17
MMOT,test,oracle_aabb,exposed exploratory retest,oracle AABB,data47-4,bytetrack,H+V,cost_h_full_reassign,H,48.8255033557047,2.5167785234899327,-0.838926174496649,48.84218761128685,1.1531953255329626,-0.5443062379368158,35,-14,3
MMOT,test,oracle_aabb,exposed exploratory retest,oracle AABB,data47-4,bytetrack,P-G,path_g,None,49.328859060402685,3.0201342281879207,3.0201342281879207,49.32436352413315,1.635371238379257,1.635371238379257,34,-15,-15
MMOT,test,oracle_aabb,exposed exploratory retest,oracle AABB,data47-4,bytetrack,P-G+V,path_g_full_reassign,P-G,48.8255033557047,2.5167785234899327,-0.503355704697988,48.84218761128685,1.1531953255329626,-0.48217591284629435,35,-14,1
MMOT,test,oracle_aabb,exposed exploratory retest,oracle AABB,data47-4,deepocsort,None,no_refinement,None,81.3397129186603,0.0,0.0,81.61148927204108,0.0,0.0,11,0,0
MMOT,test,oracle_aabb,exposed exploratory retest,oracle AABB,data47-4,deepocsort,v1,ace_v1,None,87.35475051264525,6.015037593984957,6.015037593984957,86.3468094923342,4.735320220293119,4.735320220293119,5,-6,-6
MMOT,test,oracle_aabb,exposed exploratory retest,oracle AABB,data47-4,deepocsort,H,cost_h,None,87.35475051264525,6.015037593984957,6.015037593984957,86.3468094923342,4.735320220293119,4.735320220293119,5,-6,-6
MMOT,test,oracle_aabb,exposed exploratory retest,oracle AABB,data47-4,deepocsort,H+V,cost_h_full_reassign,H,87.35475051264525,6.015037593984957,0.0,86.3468094923342,4.735320220293119,0.0,5,-6,0
MMOT,test,oracle_aabb,exposed exploratory retest,oracle AABB,data47-4,deepocsort,P-G,path_g,None,87.35475051264525,6.015037593984957,6.015037593984957,86.3468094923342,4.735320220293119,4.735320220293119,5,-6,-6
MMOT,test,oracle_aabb,exposed exploratory retest,oracle AABB,data47-4,deepocsort,P-G+V,path_g_full_reassign,P-G,87.35475051264525,6.015037593984957,0.0,86.3468094923342,4.735320220293119,0.0,5,-6,0
MMOT,test,oracle_aabb,exposed exploratory retest,oracle AABB,data47-4,ocsort,None,no_refinement,None,41.09848484848485,0.0,0.0,64.77613101942697,0.0,0.0,12,0,0
MMOT,test,oracle_aabb,exposed exploratory retest,oracle AABB,data47-4,ocsort,v1,ace_v1,None,41.66666666666667,0.5681818181818201,0.5681818181818201,66.27507784908893,1.4989468296619606,1.4989468296619606,8,-4,-4
MMOT,test,oracle_aabb,exposed exploratory retest,oracle AABB,data47-4,ocsort,H,cost_h,None,41.66666666666667,0.5681818181818201,0.5681818181818201,66.27507784908893,1.4989468296619606,1.4989468296619606,8,-4,-4
MMOT,test,oracle_aabb,exposed exploratory retest,oracle AABB,data47-4,ocsort,H+V,cost_h_full_reassign,H,41.66666666666667,0.5681818181818201,0.0,66.27507784908893,1.4989468296619606,0.0,8,-4,0
MMOT,test,oracle_aabb,exposed exploratory retest,oracle AABB,data47-4,ocsort,P-G,path_g,None,41.66666666666667,0.5681818181818201,0.5681818181818201,66.27507784908893,1.4989468296619606,1.4989468296619606,8,-4,-4
MMOT,test,oracle_aabb,exposed exploratory retest,oracle AABB,data47-4,ocsort,P-G+V,path_g_full_reassign,P-G,41.66666666666667,0.5681818181818201,0.0,66.27507784908893,1.4989468296619606,0.0,8,-4,0
MMOT,test,oracle_aabb,exposed exploratory retest,oracle AABB,data48-1,bytetrack,None,no_refinement,None,6.744868035190615,0.0,0.0,8.064293741612698,0.0,0.0,61,0,0
MMOT,test,oracle_aabb,exposed exploratory retest,oracle AABB,data48-1,bytetrack,v1,ace_v1,None,8.504398826979472,1.7595307917888565,1.7595307917888565,8.591567097684466,0.5272733560717686,0.5272733560717686,53,-8,-8
MMOT,test,oracle_aabb,exposed exploratory retest,oracle AABB,data48-1,bytetrack,H,cost_h,None,8.797653958944283,2.0527859237536674,2.0527859237536674,8.777833229069474,0.7135394874567762,0.7135394874567762,52,-9,-9
MMOT,test,oracle_aabb,exposed exploratory retest,oracle AABB,data48-1,bytetrack,H+V,cost_h_full_reassign,H,8.797653958944283,2.0527859237536674,0.0,8.777833229069474,0.7135394874567762,0.0,52,-9,0
MMOT,test,oracle_aabb,exposed exploratory retest,oracle AABB,data48-1,bytetrack,P-G,path_g,None,8.797653958944283,2.0527859237536674,2.0527859237536674,8.777833229069474,0.7135394874567762,0.7135394874567762,52,-9,-9
MMOT,test,oracle_aabb,exposed exploratory retest,oracle AABB,data48-1,bytetrack,P-G+V,path_g_full_reassign,P-G,8.797653958944283,2.0527859237536674,0.0,8.777833229069474,0.7135394874567762,0.0,52,-9,0
MMOT,test,oracle_aabb,exposed exploratory retest,oracle AABB,data48-1,deepocsort,None,no_refinement,None,99.66386554621849,0.0,0.0,99.63302015578576,0.0,0.0,0,0,0
MMOT,test,oracle_aabb,exposed exploratory retest,oracle AABB,data48-1,deepocsort,v1,ace_v1,None,99.66386554621849,0.0,0.0,99.63302015578576,0.0,0.0,0,0,0
MMOT,test,oracle_aabb,exposed exploratory retest,oracle AABB,data48-1,deepocsort,H,cost_h,None,99.66386554621849,0.0,0.0,99.63302015578576,0.0,0.0,0,0,0
MMOT,test,oracle_aabb,exposed exploratory retest,oracle AABB,data48-1,deepocsort,H+V,cost_h_full_reassign,H,99.66386554621849,0.0,0.0,99.63302015578576,0.0,0.0,0,0,0
MMOT,test,oracle_aabb,exposed exploratory retest,oracle AABB,data48-1,deepocsort,P-G,path_g,None,99.66386554621849,0.0,0.0,99.63302015578576,0.0,0.0,0,0,0
MMOT,test,oracle_aabb,exposed exploratory retest,oracle AABB,data48-1,deepocsort,P-G+V,path_g_full_reassign,P-G,99.66386554621849,0.0,0.0,99.63302015578576,0.0,0.0,0,0,0
MMOT,test,oracle_aabb,exposed exploratory retest,oracle AABB,data48-1,ocsort,None,no_refinement,None,6.7588325652841785,0.0,0.0,12.088537101148198,0.0,0.0,31,0,0
MMOT,test,oracle_aabb,exposed exploratory retest,oracle AABB,data48-1,ocsort,v1,ace_v1,None,10.75268817204301,3.9938556067588316,3.9938556067588316,14.691788234263244,2.6032511331150463,2.6032511331150463,18,-13,-13
MMOT,test,oracle_aabb,exposed exploratory retest,oracle AABB,data48-1,ocsort,H,cost_h,None,15.668202764976957,8.909370199692779,8.909370199692779,16.931396135896097,4.8428590347478995,4.8428590347478995,2,-29,-29
MMOT,test,oracle_aabb,exposed exploratory retest,oracle AABB,data48-1,ocsort,H+V,cost_h_full_reassign,H,15.053763440860216,8.294930875576037,-0.6144393241167414,16.648280940500193,4.559743839351995,-0.28311519539590435,4,-27,2
MMOT,test,oracle_aabb,exposed exploratory retest,oracle AABB,data48-1,ocsort,P-G,path_g,None,15.668202764976957,8.909370199692779,8.909370199692779,16.931396135896097,4.8428590347478995,4.8428590347478995,2,-29,-29
MMOT,test,oracle_aabb,exposed exploratory retest,oracle AABB,data48-1,ocsort,P-G+V,path_g_full_reassign,P-G,15.053763440860216,8.294930875576037,-0.6144393241167414,16.648280940500193,4.559743839351995,-0.28311519539590435,4,-27,2
MMOT,test,oracle_aabb,exposed exploratory retest,oracle AABB,data49-2,bytetrack,None,no_refinement,None,53.10449268046441,0.0,0.0,37.60717395832723,0.0,0.0,451,0,0
MMOT,test,oracle_aabb,exposed exploratory retest,oracle AABB,data49-2,bytetrack,v1,ace_v1,None,57.54669358909642,4.44220090863201,4.44220090863201,40.45656212141074,2.8493881630835105,2.8493881630835105,424,-27,-27
MMOT,test,oracle_aabb,exposed exploratory retest,oracle AABB,data49-2,bytetrack,H,cost_h,None,59.6668349318526,6.562342251388188,6.562342251388188,41.97489147878805,4.367717520460822,4.367717520460822,397,-54,-54
MMOT,test,oracle_aabb,exposed exploratory retest,oracle AABB,data49-2,bytetrack,H+V,cost_h_full_reassign,H,59.36395759717315,6.259464916708737,-0.3028773346794509,41.43376323836593,3.8265892800386965,-0.5411282404221254,392,-59,-5
MMOT,test,oracle_aabb,exposed exploratory retest,oracle AABB,data49-2,bytetrack,P-G,path_g,None,60.20528352683829,7.100790846373883,7.100790846373883,41.74730161779928,4.14012765947205,4.14012765947205,388,-63,-63
MMOT,test,oracle_aabb,exposed exploratory retest,oracle AABB,data49-2,bytetrack,P-G+V,path_g_full_reassign,P-G,59.36395759717315,6.259464916708737,-0.8413259296651461,41.43376323836593,3.8265892800386965,-0.3135383794333535,392,-59,4
MMOT,test,oracle_aabb,exposed exploratory retest,oracle AABB,data49-2,deepocsort,None,no_refinement,None,96.10074343802154,0.0,0.0,94.61297217746167,0.0,0.0,8,0,0
MMOT,test,oracle_aabb,exposed exploratory retest,oracle AABB,data49-2,deepocsort,v1,ace_v1,None,96.22212107419207,0.12137763617053565,0.12137763617053565,94.73385885428691,0.12088667682523635,0.12088667682523635,6,-2,-2
MMOT,test,oracle_aabb,exposed exploratory retest,oracle AABB,data49-2,deepocsort,H,cost_h,None,96.22212107419207,0.12137763617053565,0.12137763617053565,94.73385885428691,0.12088667682523635,0.12088667682523635,6,-2,-2
MMOT,test,oracle_aabb,exposed exploratory retest,oracle AABB,data49-2,deepocsort,H+V,cost_h_full_reassign,H,96.10074343802154,0.0,-0.12137763617053565,94.52020466793903,-0.09276750952264479,-0.21365418634788114,7,-1,1
MMOT,test,oracle_aabb,exposed exploratory retest,oracle AABB,data49-2,deepocsort,P-G,path_g,None,96.22212107419207,0.12137763617053565,0.12137763617053565,94.73385885428691,0.12088667682523635,0.12088667682523635,6,-2,-2
MMOT,test,oracle_aabb,exposed exploratory retest,oracle AABB,data49-2,deepocsort,P-G+V,path_g_full_reassign,P-G,96.10074343802154,0.0,-0.12137763617053565,94.52020466793903,-0.09276750952264479,-0.21365418634788114,7,-1,1
MMOT,test,oracle_aabb,exposed exploratory retest,oracle AABB,data49-2,ocsort,None,no_refinement,None,46.13506916192026,0.0,0.0,47.96037096129867,0.0,0.0,114,0,0
MMOT,test,oracle_aabb,exposed exploratory retest,oracle AABB,data49-2,ocsort,v1,ace_v1,None,50.44751830756713,4.312449145646866,4.312449145646866,52.30764534172968,4.34727438043101,4.34727438043101,96,-18,-18
MMOT,test,oracle_aabb,exposed exploratory retest,oracle AABB,data49-2,ocsort,H,cost_h,None,50.569568755085434,4.434499593165171,4.434499593165171,52.4947366732313,4.5343657119326295,4.5343657119326295,89,-25,-25
MMOT,test,oracle_aabb,exposed exploratory retest,oracle AABB,data49-2,ocsort,H+V,cost_h_full_reassign,H,50.44751830756713,4.312449145646866,-0.12205044751830485,52.662882926252195,4.702511964953523,0.16814625302089325,89,-25,0
MMOT,test,oracle_aabb,exposed exploratory retest,oracle AABB,data49-2,ocsort,P-G,path_g,None,50.569568755085434,4.434499593165171,4.434499593165171,52.4947366732313,4.5343657119326295,4.5343657119326295,89,-25,-25
MMOT,test,oracle_aabb,exposed exploratory retest,oracle AABB,data49-2,ocsort,P-G+V,path_g_full_reassign,P-G,50.44751830756713,4.312449145646866,-0.12205044751830485,52.662882926252195,4.702511964953523,0.16814625302089325,89,-25,0
