protocol,family,sequence,tracker,base_solver,base_method,reassignment_method,tau_a,tau_m,audit_label,base_edges,postfilter_edges,reassigned_edges,base_correct_rejected_by_verifier,base_false_removed_by_verifier,base_unresolved_rejected_by_verifier,reassignment_added_correct,reassignment_added_false,reassignment_added_unresolved,reassignment_dropped_postfilter_correct,reassignment_dropped_postfilter_false,reassignment_dropped_postfilter_unresolved,stored_H_postfilter_exact
official_detector,confirmation38,data23-1,bytetrack,H,cost_h,cost_h_full_reassign,0.1,4.0,post-hoc majority actor at IoU>=0.9; majority ties excluded,6,6,6,0,0,0,0,0,0,0,0,0,True
official_detector,confirmation38,data23-1,bytetrack,P-G,path_g,path_g_full_reassign,0.1,4.0,post-hoc majority actor at IoU>=0.9; majority ties excluded,6,6,6,0,0,0,0,0,0,0,0,0,N/A
official_detector,confirmation38,data23-1,deepocsort,H,cost_h,cost_h_full_reassign,0.1,4.0,post-hoc majority actor at IoU>=0.9; majority ties excluded,0,0,0,0,0,0,0,0,0,0,0,0,True
official_detector,confirmation38,data23-1,deepocsort,P-G,path_g,path_g_full_reassign,0.1,4.0,post-hoc majority actor at IoU>=0.9; majority ties excluded,0,0,0,0,0,0,0,0,0,0,0,0,N/A
official_detector,confirmation38,data23-1,ocsort,H,cost_h,cost_h_full_reassign,0.1,4.0,post-hoc majority actor at IoU>=0.9; majority ties excluded,3,3,3,0,0,0,0,0,0,0,0,0,True
official_detector,confirmation38,data23-1,ocsort,P-G,path_g,path_g_full_reassign,0.1,4.0,post-hoc majority actor at IoU>=0.9; majority ties excluded,3,3,3,0,0,0,0,0,0,0,0,0,N/A
official_detector,confirmation38,data24-1,bytetrack,H,cost_h,cost_h_full_reassign,0.1,4.0,post-hoc majority actor at IoU>=0.9; majority ties excluded,218,200,202,0,0,18,0,0,6,0,0,4,True
official_detector,confirmation38,data24-1,bytetrack,P-G,path_g,path_g_full_reassign,0.1,4.0,post-hoc majority actor at IoU>=0.9; majority ties excluded,213,202,202,0,0,11,0,0,0,0,0,0,N/A
official_detector,confirmation38,data24-1,deepocsort,H,cost_h,cost_h_full_reassign,0.1,4.0,post-hoc majority actor at IoU>=0.9; majority ties excluded,72,57,61,0,0,15,0,0,5,0,0,1,True
official_detector,confirmation38,data24-1,deepocsort,P-G,path_g,path_g_full_reassign,0.1,4.0,post-hoc majority actor at IoU>=0.9; majority ties excluded,66,59,59,0,0,7,0,0,0,0,0,0,N/A
official_detector,confirmation38,data24-1,ocsort,H,cost_h,cost_h_full_reassign,0.1,4.0,post-hoc majority actor at IoU>=0.9; majority ties excluded,41,40,40,0,0,1,0,0,0,0,0,0,True
official_detector,confirmation38,data24-1,ocsort,P-G,path_g,path_g_full_reassign,0.1,4.0,post-hoc majority actor at IoU>=0.9; majority ties excluded,41,40,40,0,0,1,0,0,0,0,0,0,N/A
official_detector,confirmation38,data27-1,bytetrack,H,cost_h,cost_h_full_reassign,0.1,4.0,post-hoc majority actor at IoU>=0.9; majority ties excluded,4,4,4,0,0,0,0,0,0,0,0,0,True
official_detector,confirmation38,data27-1,bytetrack,P-G,path_g,path_g_full_reassign,0.1,4.0,post-hoc majority actor at IoU>=0.9; majority ties excluded,4,4,4,0,0,0,0,0,0,0,0,0,N/A
official_detector,confirmation38,data27-1,deepocsort,H,cost_h,cost_h_full_reassign,0.1,4.0,post-hoc majority actor at IoU>=0.9; majority ties excluded,0,0,0,0,0,0,0,0,0,0,0,0,True
official_detector,confirmation38,data27-1,deepocsort,P-G,path_g,path_g_full_reassign,0.1,4.0,post-hoc majority actor at IoU>=0.9; majority ties excluded,0,0,0,0,0,0,0,0,0,0,0,0,N/A
official_detector,confirmation38,data27-1,ocsort,H,cost_h,cost_h_full_reassign,0.1,4.0,post-hoc majority actor at IoU>=0.9; majority ties excluded,1,1,1,0,0,0,0,0,0,0,0,0,True
official_detector,confirmation38,data27-1,ocsort,P-G,path_g,path_g_full_reassign,0.1,4.0,post-hoc majority actor at IoU>=0.9; majority ties excluded,1,1,1,0,0,0,0,0,0,0,0,0,N/A
official_detector,confirmation38,data31-1,bytetrack,H,cost_h,cost_h_full_reassign,0.1,4.0,post-hoc majority actor at IoU>=0.9; majority ties excluded,16,15,16,0,0,1,0,0,2,0,0,1,True
official_detector,confirmation38,data31-1,bytetrack,P-G,path_g,path_g_full_reassign,0.1,4.0,post-hoc majority actor at IoU>=0.9; majority ties excluded,16,16,16,0,0,0,0,0,0,0,0,0,N/A
official_detector,confirmation38,data31-1,deepocsort,H,cost_h,cost_h_full_reassign,0.1,4.0,post-hoc majority actor at IoU>=0.9; majority ties excluded,0,0,0,0,0,0,0,0,0,0,0,0,True
official_detector,confirmation38,data31-1,deepocsort,P-G,path_g,path_g_full_reassign,0.1,4.0,post-hoc majority actor at IoU>=0.9; majority ties excluded,0,0,0,0,0,0,0,0,0,0,0,0,N/A
official_detector,confirmation38,data31-1,ocsort,H,cost_h,cost_h_full_reassign,0.1,4.0,post-hoc majority actor at IoU>=0.9; majority ties excluded,7,6,6,0,0,1,0,0,0,0,0,0,True
official_detector,confirmation38,data31-1,ocsort,P-G,path_g,path_g_full_reassign,0.1,4.0,post-hoc majority actor at IoU>=0.9; majority ties excluded,7,6,6,0,0,1,0,0,0,0,0,0,N/A
official_detector,confirmation38,data33-1,bytetrack,H,cost_h,cost_h_full_reassign,0.1,4.0,post-hoc majority actor at IoU>=0.9; majority ties excluded,62,51,53,0,0,11,0,0,2,0,0,0,True
official_detector,confirmation38,data33-1,bytetrack,P-G,path_g,path_g_full_reassign,0.1,4.0,post-hoc majority actor at IoU>=0.9; majority ties excluded,61,53,53,0,0,8,0,0,0,0,0,0,N/A
official_detector,confirmation38,data33-1,deepocsort,H,cost_h,cost_h_full_reassign,0.1,4.0,post-hoc majority actor at IoU>=0.9; majority ties excluded,8,8,8,0,0,0,0,0,0,0,0,0,True
official_detector,confirmation38,data33-1,deepocsort,P-G,path_g,path_g_full_reassign,0.1,4.0,post-hoc majority actor at IoU>=0.9; majority ties excluded,8,8,8,0,0,0,0,0,0,0,0,0,N/A
official_detector,confirmation38,data33-1,ocsort,H,cost_h,cost_h_full_reassign,0.1,4.0,post-hoc majority actor at IoU>=0.9; majority ties excluded,9,9,9,0,0,0,0,0,0,0,0,0,True
official_detector,confirmation38,data33-1,ocsort,P-G,path_g,path_g_full_reassign,0.1,4.0,post-hoc majority actor at IoU>=0.9; majority ties excluded,9,9,9,0,0,0,0,0,0,0,0,0,N/A
official_detector,confirmation38,data34-1,bytetrack,H,cost_h,cost_h_full_reassign,0.1,4.0,post-hoc majority actor at IoU>=0.9; majority ties excluded,503,329,371,0,0,174,0,0,77,0,0,35,True
official_detector,confirmation38,data34-1,bytetrack,P-G,path_g,path_g_full_reassign,0.1,4.0,post-hoc majority actor at IoU>=0.9; majority ties excluded,471,354,361,0,0,117,0,0,8,0,0,1,N/A
official_detector,confirmation38,data34-1,deepocsort,H,cost_h,cost_h_full_reassign,0.1,4.0,post-hoc majority actor at IoU>=0.9; majority ties excluded,111,66,73,0,3,42,1,1,9,0,0,4,True
official_detector,confirmation38,data34-1,deepocsort,P-G,path_g,path_g_full_reassign,0.1,4.0,post-hoc majority actor at IoU>=0.9; majority ties excluded,105,71,73,0,1,33,0,0,3,0,0,1,N/A
official_detector,confirmation38,data34-1,ocsort,H,cost_h,cost_h_full_reassign,0.1,4.0,post-hoc majority actor at IoU>=0.9; majority ties excluded,132,76,90,5,0,51,2,0,12,0,0,0,True
official_detector,confirmation38,data34-1,ocsort,P-G,path_g,path_g_full_reassign,0.1,4.0,post-hoc majority actor at IoU>=0.9; majority ties excluded,122,89,90,1,0,32,0,0,1,0,0,0,N/A
official_detector,confirmation38,data34-2,bytetrack,H,cost_h,cost_h_full_reassign,0.1,4.0,post-hoc majority actor at IoU>=0.9; majority ties excluded,39,24,27,0,0,15,0,0,4,0,0,1,True
official_detector,confirmation38,data34-2,bytetrack,P-G,path_g,path_g_full_reassign,0.1,4.0,post-hoc majority actor at IoU>=0.9; majority ties excluded,37,27,27,0,0,10,0,0,0,0,0,0,N/A
official_detector,confirmation38,data34-2,deepocsort,H,cost_h,cost_h_full_reassign,0.1,4.0,post-hoc majority actor at IoU>=0.9; majority ties excluded,12,4,8,0,0,8,0,0,4,0,0,0,True
official_detector,confirmation38,data34-2,deepocsort,P-G,path_g,path_g_full_reassign,0.1,4.0,post-hoc majority actor at IoU>=0.9; majority ties excluded,10,7,8,0,0,3,0,0,1,0,0,0,N/A
official_detector,confirmation38,data34-2,ocsort,H,cost_h,cost_h_full_reassign,0.1,4.0,post-hoc majority actor at IoU>=0.9; majority ties excluded,11,11,11,0,0,0,0,0,0,0,0,0,True
official_detector,confirmation38,data34-2,ocsort,P-G,path_g,path_g_full_reassign,0.1,4.0,post-hoc majority actor at IoU>=0.9; majority ties excluded,11,11,11,0,0,0,0,0,0,0,0,0,N/A
official_detector,confirmation38,data34-3,bytetrack,H,cost_h,cost_h_full_reassign,0.1,4.0,post-hoc majority actor at IoU>=0.9; majority ties excluded,87,44,61,0,0,43,0,0,19,0,0,2,True
official_detector,confirmation38,data34-3,bytetrack,P-G,path_g,path_g_full_reassign,0.1,4.0,post-hoc majority actor at IoU>=0.9; majority ties excluded,79,59,61,0,0,20,0,0,2,0,0,0,N/A
official_detector,confirmation38,data34-3,deepocsort,H,cost_h,cost_h_full_reassign,0.1,4.0,post-hoc majority actor at IoU>=0.9; majority ties excluded,54,35,35,0,0,19,0,0,5,0,0,5,True
official_detector,confirmation38,data34-3,deepocsort,P-G,path_g,path_g_full_reassign,0.1,4.0,post-hoc majority actor at IoU>=0.9; majority ties excluded,48,33,34,0,0,15,0,0,1,0,0,0,N/A
official_detector,confirmation38,data34-3,ocsort,H,cost_h,cost_h_full_reassign,0.1,4.0,post-hoc majority actor at IoU>=0.9; majority ties excluded,106,76,83,0,0,30,0,0,7,0,0,0,True
official_detector,confirmation38,data34-3,ocsort,P-G,path_g,path_g_full_reassign,0.1,4.0,post-hoc majority actor at IoU>=0.9; majority ties excluded,104,83,83,0,0,21,0,0,0,0,0,0,N/A
official_detector,confirmation38,data36-10,bytetrack,H,cost_h,cost_h_full_reassign,0.1,4.0,post-hoc majority actor at IoU>=0.9; majority ties excluded,308,191,224,0,0,117,0,0,37,0,0,4,True
official_detector,confirmation38,data36-10,bytetrack,P-G,path_g,path_g_full_reassign,0.1,4.0,post-hoc majority actor at IoU>=0.9; majority ties excluded,282,221,224,0,0,61,0,0,3,0,0,0,N/A
official_detector,confirmation38,data36-10,deepocsort,H,cost_h,cost_h_full_reassign,0.1,4.0,post-hoc majority actor at IoU>=0.9; majority ties excluded,152,66,77,0,1,85,0,0,13,0,0,2,True
official_detector,confirmation38,data36-10,deepocsort,P-G,path_g,path_g_full_reassign,0.1,4.0,post-hoc majority actor at IoU>=0.9; majority ties excluded,143,70,77,0,1,72,0,0,10,0,0,3,N/A
official_detector,confirmation38,data36-10,ocsort,H,cost_h,cost_h_full_reassign,0.1,4.0,post-hoc majority actor at IoU>=0.9; majority ties excluded,149,120,125,0,0,29,0,0,5,0,0,0,True
official_detector,confirmation38,data36-10,ocsort,P-G,path_g,path_g_full_reassign,0.1,4.0,post-hoc majority actor at IoU>=0.9; majority ties excluded,145,125,125,0,0,20,0,0,0,0,0,0,N/A
official_detector,confirmation38,data36-11,bytetrack,H,cost_h,cost_h_full_reassign,0.1,4.0,post-hoc majority actor at IoU>=0.9; majority ties excluded,50,35,39,0,0,15,0,0,4,0,0,0,True
official_detector,confirmation38,data36-11,bytetrack,P-G,path_g,path_g_full_reassign,0.1,4.0,post-hoc majority actor at IoU>=0.9; majority ties excluded,47,39,39,0,0,8,0,0,0,0,0,0,N/A
official_detector,confirmation38,data36-11,deepocsort,H,cost_h,cost_h_full_reassign,0.1,4.0,post-hoc majority actor at IoU>=0.9; majority ties excluded,46,18,20,0,0,28,0,0,2,0,0,0,True
official_detector,confirmation38,data36-11,deepocsort,P-G,path_g,path_g_full_reassign,0.1,4.0,post-hoc majority actor at IoU>=0.9; majority ties excluded,43,20,20,0,0,23,0,0,0,0,0,0,N/A
official_detector,confirmation38,data36-11,ocsort,H,cost_h,cost_h_full_reassign,0.1,4.0,post-hoc majority actor at IoU>=0.9; majority ties excluded,164,127,136,0,0,37,0,0,9,0,0,0,True
official_detector,confirmation38,data36-11,ocsort,P-G,path_g,path_g_full_reassign,0.1,4.0,post-hoc majority actor at IoU>=0.9; majority ties excluded,161,136,136,0,0,25,0,0,0,0,0,0,N/A
official_detector,confirmation38,data36-12,bytetrack,H,cost_h,cost_h_full_reassign,0.1,4.0,post-hoc majority actor at IoU>=0.9; majority ties excluded,29,27,27,0,0,2,0,0,1,0,0,1,True
official_detector,confirmation38,data36-12,bytetrack,P-G,path_g,path_g_full_reassign,0.1,4.0,post-hoc majority actor at IoU>=0.9; majority ties excluded,29,27,27,0,0,2,0,0,1,0,0,1,N/A
official_detector,confirmation38,data36-12,deepocsort,H,cost_h,cost_h_full_reassign,0.1,4.0,post-hoc majority actor at IoU>=0.9; majority ties excluded,1,0,0,0,0,1,0,0,0,0,0,0,True
official_detector,confirmation38,data36-12,deepocsort,P-G,path_g,path_g_full_reassign,0.1,4.0,post-hoc majority actor at IoU>=0.9; majority ties excluded,1,0,0,0,0,1,0,0,0,0,0,0,N/A
official_detector,confirmation38,data36-12,ocsort,H,cost_h,cost_h_full_reassign,0.1,4.0,post-hoc majority actor at IoU>=0.9; majority ties excluded,25,24,24,0,0,1,0,0,0,0,0,0,True
official_detector,confirmation38,data36-12,ocsort,P-G,path_g,path_g_full_reassign,0.1,4.0,post-hoc majority actor at IoU>=0.9; majority ties excluded,25,24,24,0,0,1,0,0,0,0,0,0,N/A
official_detector,confirmation38,data36-13,bytetrack,H,cost_h,cost_h_full_reassign,0.1,4.0,post-hoc majority actor at IoU>=0.9; majority ties excluded,17,17,17,0,0,0,0,0,0,0,0,0,True
official_detector,confirmation38,data36-13,bytetrack,P-G,path_g,path_g_full_reassign,0.1,4.0,post-hoc majority actor at IoU>=0.9; majority ties excluded,17,17,17,0,0,0,0,0,0,0,0,0,N/A
official_detector,confirmation38,data36-13,deepocsort,H,cost_h,cost_h_full_reassign,0.1,4.0,post-hoc majority actor at IoU>=0.9; majority ties excluded,5,5,5,0,0,0,0,0,0,0,0,0,True
official_detector,confirmation38,data36-13,deepocsort,P-G,path_g,path_g_full_reassign,0.1,4.0,post-hoc majority actor at IoU>=0.9; majority ties excluded,5,5,5,0,0,0,0,0,0,0,0,0,N/A
official_detector,confirmation38,data36-13,ocsort,H,cost_h,cost_h_full_reassign,0.1,4.0,post-hoc majority actor at IoU>=0.9; majority ties excluded,17,16,16,0,0,1,0,0,0,0,0,0,True
official_detector,confirmation38,data36-13,ocsort,P-G,path_g,path_g_full_reassign,0.1,4.0,post-hoc majority actor at IoU>=0.9; majority ties excluded,17,16,16,0,0,1,0,0,0,0,0,0,N/A
official_detector,confirmation38,data36-4,bytetrack,H,cost_h,cost_h_full_reassign,0.1,4.0,post-hoc majority actor at IoU>=0.9; majority ties excluded,483,364,399,0,1,118,0,0,44,0,0,9,True
official_detector,confirmation38,data36-4,bytetrack,P-G,path_g,path_g_full_reassign,0.1,4.0,post-hoc majority actor at IoU>=0.9; majority ties excluded,462,396,398,0,0,66,0,0,3,0,0,1,N/A
official_detector,confirmation38,data36-4,deepocsort,H,cost_h,cost_h_full_reassign,0.1,4.0,post-hoc majority actor at IoU>=0.9; majority ties excluded,48,40,42,0,0,8,0,0,2,0,0,0,True
official_detector,confirmation38,data36-4,deepocsort,P-G,path_g,path_g_full_reassign,0.1,4.0,post-hoc majority actor at IoU>=0.9; majority ties excluded,47,41,42,0,0,6,0,0,1,0,0,0,N/A
official_detector,confirmation38,data36-4,ocsort,H,cost_h,cost_h_full_reassign,0.1,4.0,post-hoc majority actor at IoU>=0.9; majority ties excluded,199,181,183,0,0,18,0,0,2,0,0,0,True
official_detector,confirmation38,data36-4,ocsort,P-G,path_g,path_g_full_reassign,0.1,4.0,post-hoc majority actor at IoU>=0.9; majority ties excluded,196,183,183,0,0,13,0,0,0,0,0,0,N/A
official_detector,confirmation38,data36-5,bytetrack,H,cost_h,cost_h_full_reassign,0.1,4.0,post-hoc majority actor at IoU>=0.9; majority ties excluded,195,128,146,0,0,67,0,0,22,0,0,4,True
official_detector,confirmation38,data36-5,bytetrack,P-G,path_g,path_g_full_reassign,0.1,4.0,post-hoc majority actor at IoU>=0.9; majority ties excluded,174,145,146,0,0,29,0,0,1,0,0,0,N/A
official_detector,confirmation38,data36-5,deepocsort,H,cost_h,cost_h_full_reassign,0.1,4.0,post-hoc majority actor at IoU>=0.9; majority ties excluded,6,6,6,0,0,0,0,0,0,0,0,0,True
official_detector,confirmation38,data36-5,deepocsort,P-G,path_g,path_g_full_reassign,0.1,4.0,post-hoc majority actor at IoU>=0.9; majority ties excluded,6,6,6,0,0,0,0,0,0,0,0,0,N/A
official_detector,confirmation38,data36-5,ocsort,H,cost_h,cost_h_full_reassign,0.1,4.0,post-hoc majority actor at IoU>=0.9; majority ties excluded,111,86,91,0,0,25,0,0,5,0,0,0,True
official_detector,confirmation38,data36-5,ocsort,P-G,path_g,path_g_full_reassign,0.1,4.0,post-hoc majority actor at IoU>=0.9; majority ties excluded,108,91,91,0,0,17,0,0,0,0,0,0,N/A
official_detector,confirmation38,data37-1,bytetrack,H,cost_h,cost_h_full_reassign,0.1,4.0,post-hoc majority actor at IoU>=0.9; majority ties excluded,304,237,254,0,0,67,0,0,23,0,0,6,True
official_detector,confirmation38,data37-1,bytetrack,P-G,path_g,path_g_full_reassign,0.1,4.0,post-hoc majority actor at IoU>=0.9; majority ties excluded,294,250,252,0,0,44,0,0,3,0,0,1,N/A
official_detector,confirmation38,data37-1,deepocsort,H,cost_h,cost_h_full_reassign,0.1,4.0,post-hoc majority actor at IoU>=0.9; majority ties excluded,34,28,30,0,0,6,0,0,2,0,0,0,True
official_detector,confirmation38,data37-1,deepocsort,P-G,path_g,path_g_full_reassign,0.1,4.0,post-hoc majority actor at IoU>=0.9; majority ties excluded,33,29,30,0,0,4,0,0,1,0,0,0,N/A
official_detector,confirmation38,data37-1,ocsort,H,cost_h,cost_h_full_reassign,0.1,4.0,post-hoc majority actor at IoU>=0.9; majority ties excluded,184,147,157,0,0,37,0,0,13,0,0,3,True
official_detector,confirmation38,data37-1,ocsort,P-G,path_g,path_g_full_reassign,0.1,4.0,post-hoc majority actor at IoU>=0.9; majority ties excluded,175,154,157,0,0,21,0,0,3,0,0,0,N/A
official_detector,confirmation38,data37-10,bytetrack,H,cost_h,cost_h_full_reassign,0.1,4.0,post-hoc majority actor at IoU>=0.9; majority ties excluded,63,55,56,0,0,8,0,0,2,0,0,1,True
official_detector,confirmation38,data37-10,bytetrack,P-G,path_g,path_g_full_reassign,0.1,4.0,post-hoc majority actor at IoU>=0.9; majority ties excluded,62,55,55,0,0,7,0,0,0,0,0,0,N/A
official_detector,confirmation38,data37-10,deepocsort,H,cost_h,cost_h_full_reassign,0.1,4.0,post-hoc majority actor at IoU>=0.9; majority ties excluded,14,13,13,0,0,1,0,0,0,0,0,0,True
official_detector,confirmation38,data37-10,deepocsort,P-G,path_g,path_g_full_reassign,0.1,4.0,post-hoc majority actor at IoU>=0.9; majority ties excluded,14,13,13,0,0,1,0,0,0,0,0,0,N/A
official_detector,confirmation38,data37-10,ocsort,H,cost_h,cost_h_full_reassign,0.1,4.0,post-hoc majority actor at IoU>=0.9; majority ties excluded,22,21,21,0,0,1,0,0,0,0,0,0,True
official_detector,confirmation38,data37-10,ocsort,P-G,path_g,path_g_full_reassign,0.1,4.0,post-hoc majority actor at IoU>=0.9; majority ties excluded,22,21,21,0,0,1,0,0,0,0,0,0,N/A
official_detector,confirmation38,data37-11,bytetrack,H,cost_h,cost_h_full_reassign,0.1,4.0,post-hoc majority actor at IoU>=0.9; majority ties excluded,162,131,139,0,0,31,0,0,13,0,0,5,True
official_detector,confirmation38,data37-11,bytetrack,P-G,path_g,path_g_full_reassign,0.1,4.0,post-hoc majority actor at IoU>=0.9; majority ties excluded,158,138,139,0,0,20,0,0,1,0,0,0,N/A
official_detector,confirmation38,data37-11,deepocsort,H,cost_h,cost_h_full_reassign,0.1,4.0,post-hoc majority actor at IoU>=0.9; majority ties excluded,23,22,22,0,0,1,0,0,0,0,0,0,True
official_detector,confirmation38,data37-11,deepocsort,P-G,path_g,path_g_full_reassign,0.1,4.0,post-hoc majority actor at IoU>=0.9; majority ties excluded,23,22,22,0,0,1,0,0,0,0,0,0,N/A
official_detector,confirmation38,data37-11,ocsort,H,cost_h,cost_h_full_reassign,0.1,4.0,post-hoc majority actor at IoU>=0.9; majority ties excluded,52,47,49,0,1,4,0,0,2,0,0,0,True
official_detector,confirmation38,data37-11,ocsort,P-G,path_g,path_g_full_reassign,0.1,4.0,post-hoc majority actor at IoU>=0.9; majority ties excluded,49,48,48,0,0,1,0,0,0,0,0,0,N/A
official_detector,confirmation38,data37-12,bytetrack,H,cost_h,cost_h_full_reassign,0.1,4.0,post-hoc majority actor at IoU>=0.9; majority ties excluded,11,11,11,0,0,0,0,0,0,0,0,0,True
official_detector,confirmation38,data37-12,bytetrack,P-G,path_g,path_g_full_reassign,0.1,4.0,post-hoc majority actor at IoU>=0.9; majority ties excluded,11,11,11,0,0,0,0,0,0,0,0,0,N/A
official_detector,confirmation38,data37-12,deepocsort,H,cost_h,cost_h_full_reassign,0.1,4.0,post-hoc majority actor at IoU>=0.9; majority ties excluded,2,1,1,0,0,1,0,0,0,0,0,0,True
official_detector,confirmation38,data37-12,deepocsort,P-G,path_g,path_g_full_reassign,0.1,4.0,post-hoc majority actor at IoU>=0.9; majority ties excluded,2,1,1,0,0,1,0,0,0,0,0,0,N/A
official_detector,confirmation38,data37-12,ocsort,H,cost_h,cost_h_full_reassign,0.1,4.0,post-hoc majority actor at IoU>=0.9; majority ties excluded,11,10,10,0,0,1,0,0,0,0,0,0,True
official_detector,confirmation38,data37-12,ocsort,P-G,path_g,path_g_full_reassign,0.1,4.0,post-hoc majority actor at IoU>=0.9; majority ties excluded,11,10,10,0,0,1,0,0,0,0,0,0,N/A
official_detector,confirmation38,data37-2,bytetrack,H,cost_h,cost_h_full_reassign,0.1,4.0,post-hoc majority actor at IoU>=0.9; majority ties excluded,155,103,119,0,0,52,0,1,23,0,0,8,True
official_detector,confirmation38,data37-2,bytetrack,P-G,path_g,path_g_full_reassign,0.1,4.0,post-hoc majority actor at IoU>=0.9; majority ties excluded,145,116,118,0,0,29,0,0,2,0,0,0,N/A
official_detector,confirmation38,data37-2,deepocsort,H,cost_h,cost_h_full_reassign,0.1,4.0,post-hoc majority actor at IoU>=0.9; majority ties excluded,23,19,19,0,0,4,0,0,0,0,0,0,True
official_detector,confirmation38,data37-2,deepocsort,P-G,path_g,path_g_full_reassign,0.1,4.0,post-hoc majority actor at IoU>=0.9; majority ties excluded,23,19,19,0,0,4,0,0,0,0,0,0,N/A
official_detector,confirmation38,data37-2,ocsort,H,cost_h,cost_h_full_reassign,0.1,4.0,post-hoc majority actor at IoU>=0.9; majority ties excluded,144,104,113,0,1,39,0,1,16,0,0,8,True
official_detector,confirmation38,data37-2,ocsort,P-G,path_g,path_g_full_reassign,0.1,4.0,post-hoc majority actor at IoU>=0.9; majority ties excluded,138,108,111,0,0,30,0,0,3,0,0,0,N/A
official_detector,confirmation38,data39-1,bytetrack,H,cost_h,cost_h_full_reassign,0.1,4.0,post-hoc majority actor at IoU>=0.9; majority ties excluded,14,8,9,0,0,6,0,0,1,0,0,0,True
official_detector,confirmation38,data39-1,bytetrack,P-G,path_g,path_g_full_reassign,0.1,4.0,post-hoc majority actor at IoU>=0.9; majority ties excluded,13,9,9,0,0,4,0,0,0,0,0,0,N/A
official_detector,confirmation38,data39-1,deepocsort,H,cost_h,cost_h_full_reassign,0.1,4.0,post-hoc majority actor at IoU>=0.9; majority ties excluded,5,5,5,0,0,0,0,0,0,0,0,0,True
official_detector,confirmation38,data39-1,deepocsort,P-G,path_g,path_g_full_reassign,0.1,4.0,post-hoc majority actor at IoU>=0.9; majority ties excluded,5,5,5,0,0,0,0,0,0,0,0,0,N/A
official_detector,confirmation38,data39-1,ocsort,H,cost_h,cost_h_full_reassign,0.1,4.0,post-hoc majority actor at IoU>=0.9; majority ties excluded,7,4,4,0,0,3,0,0,0,0,0,0,True
official_detector,confirmation38,data39-1,ocsort,P-G,path_g,path_g_full_reassign,0.1,4.0,post-hoc majority actor at IoU>=0.9; majority ties excluded,7,4,4,0,0,3,0,0,0,0,0,0,N/A
official_detector,confirmation38,data39-2,bytetrack,H,cost_h,cost_h_full_reassign,0.1,4.0,post-hoc majority actor at IoU>=0.9; majority ties excluded,20,18,19,0,0,2,0,0,1,0,0,0,True
official_detector,confirmation38,data39-2,bytetrack,P-G,path_g,path_g_full_reassign,0.1,4.0,post-hoc majority actor at IoU>=0.9; majority ties excluded,19,19,19,0,0,0,0,0,0,0,0,0,N/A
official_detector,confirmation38,data39-2,deepocsort,H,cost_h,cost_h_full_reassign,0.1,4.0,post-hoc majority actor at IoU>=0.9; majority ties excluded,0,0,0,0,0,0,0,0,0,0,0,0,True
official_detector,confirmation38,data39-2,deepocsort,P-G,path_g,path_g_full_reassign,0.1,4.0,post-hoc majority actor at IoU>=0.9; majority ties excluded,0,0,0,0,0,0,0,0,0,0,0,0,N/A
official_detector,confirmation38,data39-2,ocsort,H,cost_h,cost_h_full_reassign,0.1,4.0,post-hoc majority actor at IoU>=0.9; majority ties excluded,10,10,10,0,0,0,0,0,0,0,0,0,True
official_detector,confirmation38,data39-2,ocsort,P-G,path_g,path_g_full_reassign,0.1,4.0,post-hoc majority actor at IoU>=0.9; majority ties excluded,10,10,10,0,0,0,0,0,0,0,0,0,N/A
official_detector,confirmation38,data39-3,bytetrack,H,cost_h,cost_h_full_reassign,0.1,4.0,post-hoc majority actor at IoU>=0.9; majority ties excluded,41,37,38,0,0,4,0,0,1,0,0,0,True
official_detector,confirmation38,data39-3,bytetrack,P-G,path_g,path_g_full_reassign,0.1,4.0,post-hoc majority actor at IoU>=0.9; majority ties excluded,40,37,37,0,0,3,0,0,0,0,0,0,N/A
official_detector,confirmation38,data39-3,deepocsort,H,cost_h,cost_h_full_reassign,0.1,4.0,post-hoc majority actor at IoU>=0.9; majority ties excluded,11,11,11,0,0,0,0,0,0,0,0,0,True
official_detector,confirmation38,data39-3,deepocsort,P-G,path_g,path_g_full_reassign,0.1,4.0,post-hoc majority actor at IoU>=0.9; majority ties excluded,11,11,11,0,0,0,0,0,0,0,0,0,N/A
official_detector,confirmation38,data39-3,ocsort,H,cost_h,cost_h_full_reassign,0.1,4.0,post-hoc majority actor at IoU>=0.9; majority ties excluded,24,21,22,0,0,3,0,0,1,0,0,0,True
official_detector,confirmation38,data39-3,ocsort,P-G,path_g,path_g_full_reassign,0.1,4.0,post-hoc majority actor at IoU>=0.9; majority ties excluded,23,22,22,0,0,1,0,0,0,0,0,0,N/A
official_detector,confirmation38,data39-6,bytetrack,H,cost_h,cost_h_full_reassign,0.1,4.0,post-hoc majority actor at IoU>=0.9; majority ties excluded,54,36,42,0,0,18,0,0,9,0,0,3,True
official_detector,confirmation38,data39-6,bytetrack,P-G,path_g,path_g_full_reassign,0.1,4.0,post-hoc majority actor at IoU>=0.9; majority ties excluded,50,41,41,0,0,9,0,0,0,0,0,0,N/A
official_detector,confirmation38,data39-6,deepocsort,H,cost_h,cost_h_full_reassign,0.1,4.0,post-hoc majority actor at IoU>=0.9; majority ties excluded,5,4,4,0,0,1,0,0,0,0,0,0,True
official_detector,confirmation38,data39-6,deepocsort,P-G,path_g,path_g_full_reassign,0.1,4.0,post-hoc majority actor at IoU>=0.9; majority ties excluded,5,4,4,0,0,1,0,0,0,0,0,0,N/A
official_detector,confirmation38,data39-6,ocsort,H,cost_h,cost_h_full_reassign,0.1,4.0,post-hoc majority actor at IoU>=0.9; majority ties excluded,30,23,25,0,0,7,0,0,3,0,0,1,True
official_detector,confirmation38,data39-6,ocsort,P-G,path_g,path_g_full_reassign,0.1,4.0,post-hoc majority actor at IoU>=0.9; majority ties excluded,29,25,25,0,0,4,0,0,0,0,0,0,N/A
official_detector,confirmation38,data40-3,bytetrack,H,cost_h,cost_h_full_reassign,0.1,4.0,post-hoc majority actor at IoU>=0.9; majority ties excluded,5,5,5,0,0,0,0,0,0,0,0,0,True
official_detector,confirmation38,data40-3,bytetrack,P-G,path_g,path_g_full_reassign,0.1,4.0,post-hoc majority actor at IoU>=0.9; majority ties excluded,5,5,5,0,0,0,0,0,0,0,0,0,N/A
official_detector,confirmation38,data40-3,deepocsort,H,cost_h,cost_h_full_reassign,0.1,4.0,post-hoc majority actor at IoU>=0.9; majority ties excluded,15,14,14,0,0,1,0,0,0,0,0,0,True
official_detector,confirmation38,data40-3,deepocsort,P-G,path_g,path_g_full_reassign,0.1,4.0,post-hoc majority actor at IoU>=0.9; majority ties excluded,15,14,14,0,0,1,0,0,0,0,0,0,N/A
official_detector,confirmation38,data40-3,ocsort,H,cost_h,cost_h_full_reassign,0.1,4.0,post-hoc majority actor at IoU>=0.9; majority ties excluded,23,23,23,0,0,0,0,0,0,0,0,0,True
official_detector,confirmation38,data40-3,ocsort,P-G,path_g,path_g_full_reassign,0.1,4.0,post-hoc majority actor at IoU>=0.9; majority ties excluded,23,23,23,0,0,0,0,0,0,0,0,0,N/A
official_detector,confirmation38,data40-4,bytetrack,H,cost_h,cost_h_full_reassign,0.1,4.0,post-hoc majority actor at IoU>=0.9; majority ties excluded,13,9,11,0,0,4,0,0,2,0,0,0,True
official_detector,confirmation38,data40-4,bytetrack,P-G,path_g,path_g_full_reassign,0.1,4.0,post-hoc majority actor at IoU>=0.9; majority ties excluded,11,11,11,0,0,0,0,0,0,0,0,0,N/A
official_detector,confirmation38,data40-4,deepocsort,H,cost_h,cost_h_full_reassign,0.1,4.0,post-hoc majority actor at IoU>=0.9; majority ties excluded,10,7,7,0,0,3,0,0,0,0,0,0,True
official_detector,confirmation38,data40-4,deepocsort,P-G,path_g,path_g_full_reassign,0.1,4.0,post-hoc majority actor at IoU>=0.9; majority ties excluded,10,7,7,0,0,3,0,0,0,0,0,0,N/A
official_detector,confirmation38,data40-4,ocsort,H,cost_h,cost_h_full_reassign,0.1,4.0,post-hoc majority actor at IoU>=0.9; majority ties excluded,67,54,59,0,0,13,0,0,5,0,0,0,True
official_detector,confirmation38,data40-4,ocsort,P-G,path_g,path_g_full_reassign,0.1,4.0,post-hoc majority actor at IoU>=0.9; majority ties excluded,64,59,59,0,0,5,0,0,0,0,0,0,N/A
official_detector,confirmation38,data40-5,bytetrack,H,cost_h,cost_h_full_reassign,0.1,4.0,post-hoc majority actor at IoU>=0.9; majority ties excluded,60,54,56,0,0,6,0,0,2,0,0,0,True
official_detector,confirmation38,data40-5,bytetrack,P-G,path_g,path_g_full_reassign,0.1,4.0,post-hoc majority actor at IoU>=0.9; majority ties excluded,59,56,56,0,0,3,0,0,0,0,0,0,N/A
official_detector,confirmation38,data40-5,deepocsort,H,cost_h,cost_h_full_reassign,0.1,4.0,post-hoc majority actor at IoU>=0.9; majority ties excluded,17,17,17,0,0,0,0,0,0,0,0,0,True
official_detector,confirmation38,data40-5,deepocsort,P-G,path_g,path_g_full_reassign,0.1,4.0,post-hoc majority actor at IoU>=0.9; majority ties excluded,17,17,17,0,0,0,0,0,0,0,0,0,N/A
official_detector,confirmation38,data40-5,ocsort,H,cost_h,cost_h_full_reassign,0.1,4.0,post-hoc majority actor at IoU>=0.9; majority ties excluded,23,20,20,0,0,3,0,0,0,0,0,0,True
official_detector,confirmation38,data40-5,ocsort,P-G,path_g,path_g_full_reassign,0.1,4.0,post-hoc majority actor at IoU>=0.9; majority ties excluded,23,20,20,0,0,3,0,0,0,0,0,0,N/A
official_detector,confirmation38,data41-1,bytetrack,H,cost_h,cost_h_full_reassign,0.1,4.0,post-hoc majority actor at IoU>=0.9; majority ties excluded,2,2,2,0,0,0,0,0,0,0,0,0,True
official_detector,confirmation38,data41-1,bytetrack,P-G,path_g,path_g_full_reassign,0.1,4.0,post-hoc majority actor at IoU>=0.9; majority ties excluded,2,2,2,0,0,0,0,0,0,0,0,0,N/A
official_detector,confirmation38,data41-1,deepocsort,H,cost_h,cost_h_full_reassign,0.1,4.0,post-hoc majority actor at IoU>=0.9; majority ties excluded,8,8,8,0,0,0,0,0,0,0,0,0,True
official_detector,confirmation38,data41-1,deepocsort,P-G,path_g,path_g_full_reassign,0.1,4.0,post-hoc majority actor at IoU>=0.9; majority ties excluded,8,8,8,0,0,0,0,0,0,0,0,0,N/A
official_detector,confirmation38,data41-1,ocsort,H,cost_h,cost_h_full_reassign,0.1,4.0,post-hoc majority actor at IoU>=0.9; majority ties excluded,12,11,11,0,1,0,0,0,0,0,0,0,True
official_detector,confirmation38,data41-1,ocsort,P-G,path_g,path_g_full_reassign,0.1,4.0,post-hoc majority actor at IoU>=0.9; majority ties excluded,12,11,11,0,1,0,0,0,0,0,0,0,N/A
official_detector,confirmation38,data42-1,bytetrack,H,cost_h,cost_h_full_reassign,0.1,4.0,post-hoc majority actor at IoU>=0.9; majority ties excluded,74,67,69,0,0,7,0,0,2,0,0,0,True
official_detector,confirmation38,data42-1,bytetrack,P-G,path_g,path_g_full_reassign,0.1,4.0,post-hoc majority actor at IoU>=0.9; majority ties excluded,72,69,69,0,0,3,0,0,0,0,0,0,N/A
official_detector,confirmation38,data42-1,deepocsort,H,cost_h,cost_h_full_reassign,0.1,4.0,post-hoc majority actor at IoU>=0.9; majority ties excluded,41,35,36,0,0,6,0,0,1,0,0,0,True
official_detector,confirmation38,data42-1,deepocsort,P-G,path_g,path_g_full_reassign,0.1,4.0,post-hoc majority actor at IoU>=0.9; majority ties excluded,40,36,36,0,0,4,0,0,0,0,0,0,N/A
official_detector,confirmation38,data42-1,ocsort,H,cost_h,cost_h_full_reassign,0.1,4.0,post-hoc majority actor at IoU>=0.9; majority ties excluded,55,52,52,0,2,1,1,0,0,0,1,0,True
official_detector,confirmation38,data42-1,ocsort,P-G,path_g,path_g_full_reassign,0.1,4.0,post-hoc majority actor at IoU>=0.9; majority ties excluded,54,52,52,0,1,1,0,0,0,0,0,0,N/A
official_detector,confirmation38,data42-2,bytetrack,H,cost_h,cost_h_full_reassign,0.1,4.0,post-hoc majority actor at IoU>=0.9; majority ties excluded,29,29,29,0,0,0,0,0,0,0,0,0,True
official_detector,confirmation38,data42-2,bytetrack,P-G,path_g,path_g_full_reassign,0.1,4.0,post-hoc majority actor at IoU>=0.9; majority ties excluded,29,29,29,0,0,0,0,0,0,0,0,0,N/A
official_detector,confirmation38,data42-2,deepocsort,H,cost_h,cost_h_full_reassign,0.1,4.0,post-hoc majority actor at IoU>=0.9; majority ties excluded,13,11,11,0,0,2,0,0,0,0,0,0,True
official_detector,confirmation38,data42-2,deepocsort,P-G,path_g,path_g_full_reassign,0.1,4.0,post-hoc majority actor at IoU>=0.9; majority ties excluded,13,11,11,0,0,2,0,0,0,0,0,0,N/A
official_detector,confirmation38,data42-2,ocsort,H,cost_h,cost_h_full_reassign,0.1,4.0,post-hoc majority actor at IoU>=0.9; majority ties excluded,32,30,30,0,0,2,0,0,0,0,0,0,True
official_detector,confirmation38,data42-2,ocsort,P-G,path_g,path_g_full_reassign,0.1,4.0,post-hoc majority actor at IoU>=0.9; majority ties excluded,32,30,30,0,0,2,0,0,0,0,0,0,N/A
official_detector,confirmation38,data42-3,bytetrack,H,cost_h,cost_h_full_reassign,0.1,4.0,post-hoc majority actor at IoU>=0.9; majority ties excluded,9,8,8,0,0,1,0,0,0,0,0,0,True
official_detector,confirmation38,data42-3,bytetrack,P-G,path_g,path_g_full_reassign,0.1,4.0,post-hoc majority actor at IoU>=0.9; majority ties excluded,9,8,8,0,0,1,0,0,0,0,0,0,N/A
official_detector,confirmation38,data42-3,deepocsort,H,cost_h,cost_h_full_reassign,0.1,4.0,post-hoc majority actor at IoU>=0.9; majority ties excluded,6,5,5,0,0,1,0,0,0,0,0,0,True
official_detector,confirmation38,data42-3,deepocsort,P-G,path_g,path_g_full_reassign,0.1,4.0,post-hoc majority actor at IoU>=0.9; majority ties excluded,6,5,5,0,0,1,0,0,0,0,0,0,N/A
official_detector,confirmation38,data42-3,ocsort,H,cost_h,cost_h_full_reassign,0.1,4.0,post-hoc majority actor at IoU>=0.9; majority ties excluded,25,23,24,0,0,2,0,0,1,0,0,0,True
official_detector,confirmation38,data42-3,ocsort,P-G,path_g,path_g_full_reassign,0.1,4.0,post-hoc majority actor at IoU>=0.9; majority ties excluded,24,24,24,0,0,0,0,0,0,0,0,0,N/A
official_detector,confirmation38,data46-11,bytetrack,H,cost_h,cost_h_full_reassign,0.1,4.0,post-hoc majority actor at IoU>=0.9; majority ties excluded,156,134,141,3,2,17,2,0,7,0,0,2,True
official_detector,confirmation38,data46-11,bytetrack,P-G,path_g,path_g_full_reassign,0.1,4.0,post-hoc majority actor at IoU>=0.9; majority ties excluded,150,140,141,1,0,9,0,0,1,0,0,0,N/A
official_detector,confirmation38,data46-11,deepocsort,H,cost_h,cost_h_full_reassign,0.1,4.0,post-hoc majority actor at IoU>=0.9; majority ties excluded,6,6,6,0,0,0,0,0,0,0,0,0,True
official_detector,confirmation38,data46-11,deepocsort,P-G,path_g,path_g_full_reassign,0.1,4.0,post-hoc majority actor at IoU>=0.9; majority ties excluded,6,6,6,0,0,0,0,0,0,0,0,0,N/A
official_detector,confirmation38,data46-11,ocsort,H,cost_h,cost_h_full_reassign,0.1,4.0,post-hoc majority actor at IoU>=0.9; majority ties excluded,132,122,123,0,1,9,0,0,1,0,0,0,True
official_detector,confirmation38,data46-11,ocsort,P-G,path_g,path_g_full_reassign,0.1,4.0,post-hoc majority actor at IoU>=0.9; majority ties excluded,130,123,123,0,1,6,0,0,0,0,0,0,N/A
official_detector,confirmation38,data46-12,bytetrack,H,cost_h,cost_h_full_reassign,0.1,4.0,post-hoc majority actor at IoU>=0.9; majority ties excluded,91,73,79,0,0,18,0,0,9,0,0,3,True
official_detector,confirmation38,data46-12,bytetrack,P-G,path_g,path_g_full_reassign,0.1,4.0,post-hoc majority actor at IoU>=0.9; majority ties excluded,90,78,79,0,0,12,0,0,1,0,0,0,N/A
official_detector,confirmation38,data46-12,deepocsort,H,cost_h,cost_h_full_reassign,0.1,4.0,post-hoc majority actor at IoU>=0.9; majority ties excluded,5,4,4,0,0,1,0,0,0,0,0,0,True
official_detector,confirmation38,data46-12,deepocsort,P-G,path_g,path_g_full_reassign,0.1,4.0,post-hoc majority actor at IoU>=0.9; majority ties excluded,5,4,4,0,0,1,0,0,0,0,0,0,N/A
official_detector,confirmation38,data46-12,ocsort,H,cost_h,cost_h_full_reassign,0.1,4.0,post-hoc majority actor at IoU>=0.9; majority ties excluded,76,65,68,0,0,11,0,0,3,0,0,0,True
official_detector,confirmation38,data46-12,ocsort,P-G,path_g,path_g_full_reassign,0.1,4.0,post-hoc majority actor at IoU>=0.9; majority ties excluded,74,68,68,0,0,6,0,0,0,0,0,0,N/A
official_detector,confirmation38,data47-1,bytetrack,H,cost_h,cost_h_full_reassign,0.1,4.0,post-hoc majority actor at IoU>=0.9; majority ties excluded,10,7,8,0,0,3,0,0,1,0,0,0,True
official_detector,confirmation38,data47-1,bytetrack,P-G,path_g,path_g_full_reassign,0.1,4.0,post-hoc majority actor at IoU>=0.9; majority ties excluded,10,8,8,0,0,2,0,0,0,0,0,0,N/A
official_detector,confirmation38,data47-1,deepocsort,H,cost_h,cost_h_full_reassign,0.1,4.0,post-hoc majority actor at IoU>=0.9; majority ties excluded,3,3,3,0,0,0,0,0,0,0,0,0,True
official_detector,confirmation38,data47-1,deepocsort,P-G,path_g,path_g_full_reassign,0.1,4.0,post-hoc majority actor at IoU>=0.9; majority ties excluded,3,3,3,0,0,0,0,0,0,0,0,0,N/A
official_detector,confirmation38,data47-1,ocsort,H,cost_h,cost_h_full_reassign,0.1,4.0,post-hoc majority actor at IoU>=0.9; majority ties excluded,12,8,10,0,0,4,0,0,2,0,0,0,True
official_detector,confirmation38,data47-1,ocsort,P-G,path_g,path_g_full_reassign,0.1,4.0,post-hoc majority actor at IoU>=0.9; majority ties excluded,12,10,10,0,0,2,0,0,0,0,0,0,N/A
official_detector,confirmation38,data47-2,bytetrack,H,cost_h,cost_h_full_reassign,0.1,4.0,post-hoc majority actor at IoU>=0.9; majority ties excluded,40,30,31,0,0,10,0,0,3,0,0,2,True
official_detector,confirmation38,data47-2,bytetrack,P-G,path_g,path_g_full_reassign,0.1,4.0,post-hoc majority actor at IoU>=0.9; majority ties excluded,38,31,31,0,0,7,0,0,0,0,0,0,N/A
official_detector,confirmation38,data47-2,deepocsort,H,cost_h,cost_h_full_reassign,0.1,4.0,post-hoc majority actor at IoU>=0.9; majority ties excluded,3,3,3,0,0,0,0,0,0,0,0,0,True
official_detector,confirmation38,data47-2,deepocsort,P-G,path_g,path_g_full_reassign,0.1,4.0,post-hoc majority actor at IoU>=0.9; majority ties excluded,3,3,3,0,0,0,0,0,0,0,0,0,N/A
official_detector,confirmation38,data47-2,ocsort,H,cost_h,cost_h_full_reassign,0.1,4.0,post-hoc majority actor at IoU>=0.9; majority ties excluded,25,19,20,0,0,6,0,0,1,0,0,0,True
official_detector,confirmation38,data47-2,ocsort,P-G,path_g,path_g_full_reassign,0.1,4.0,post-hoc majority actor at IoU>=0.9; majority ties excluded,24,20,20,0,0,4,0,0,0,0,0,0,N/A
official_detector,confirmation38,data47-3,bytetrack,H,cost_h,cost_h_full_reassign,0.1,4.0,post-hoc majority actor at IoU>=0.9; majority ties excluded,75,64,68,0,0,11,1,0,4,0,0,1,True
official_detector,confirmation38,data47-3,bytetrack,P-G,path_g,path_g_full_reassign,0.1,4.0,post-hoc majority actor at IoU>=0.9; majority ties excluded,73,66,67,0,0,7,1,0,0,0,0,0,N/A
official_detector,confirmation38,data47-3,deepocsort,H,cost_h,cost_h_full_reassign,0.1,4.0,post-hoc majority actor at IoU>=0.9; majority ties excluded,5,4,4,0,0,1,0,0,0,0,0,0,True
official_detector,confirmation38,data47-3,deepocsort,P-G,path_g,path_g_full_reassign,0.1,4.0,post-hoc majority actor at IoU>=0.9; majority ties excluded,5,4,4,0,0,1,0,0,0,0,0,0,N/A
official_detector,confirmation38,data47-3,ocsort,H,cost_h,cost_h_full_reassign,0.1,4.0,post-hoc majority actor at IoU>=0.9; majority ties excluded,25,21,22,0,0,4,0,0,1,0,0,0,True
official_detector,confirmation38,data47-3,ocsort,P-G,path_g,path_g_full_reassign,0.1,4.0,post-hoc majority actor at IoU>=0.9; majority ties excluded,24,22,22,0,0,2,0,0,0,0,0,0,N/A
official_detector,confirmation38,data47-4,bytetrack,H,cost_h,cost_h_full_reassign,0.1,4.0,post-hoc majority actor at IoU>=0.9; majority ties excluded,18,18,18,0,0,0,0,0,0,0,0,0,True
official_detector,confirmation38,data47-4,bytetrack,P-G,path_g,path_g_full_reassign,0.1,4.0,post-hoc majority actor at IoU>=0.9; majority ties excluded,18,18,18,0,0,0,0,0,0,0,0,0,N/A
official_detector,confirmation38,data47-4,deepocsort,H,cost_h,cost_h_full_reassign,0.1,4.0,post-hoc majority actor at IoU>=0.9; majority ties excluded,4,4,4,0,0,0,0,0,0,0,0,0,True
official_detector,confirmation38,data47-4,deepocsort,P-G,path_g,path_g_full_reassign,0.1,4.0,post-hoc majority actor at IoU>=0.9; majority ties excluded,4,4,4,0,0,0,0,0,0,0,0,0,N/A
official_detector,confirmation38,data47-4,ocsort,H,cost_h,cost_h_full_reassign,0.1,4.0,post-hoc majority actor at IoU>=0.9; majority ties excluded,7,7,7,0,0,0,0,0,0,0,0,0,True
official_detector,confirmation38,data47-4,ocsort,P-G,path_g,path_g_full_reassign,0.1,4.0,post-hoc majority actor at IoU>=0.9; majority ties excluded,7,7,7,0,0,0,0,0,0,0,0,0,N/A
official_detector,confirmation38,data48-1,bytetrack,H,cost_h,cost_h_full_reassign,0.1,4.0,post-hoc majority actor at IoU>=0.9; majority ties excluded,2,2,2,0,0,0,0,0,0,0,0,0,True
official_detector,confirmation38,data48-1,bytetrack,P-G,path_g,path_g_full_reassign,0.1,4.0,post-hoc majority actor at IoU>=0.9; majority ties excluded,2,2,2,0,0,0,0,0,0,0,0,0,N/A
official_detector,confirmation38,data48-1,deepocsort,H,cost_h,cost_h_full_reassign,0.1,4.0,post-hoc majority actor at IoU>=0.9; majority ties excluded,1,1,1,0,0,0,0,0,0,0,0,0,True
official_detector,confirmation38,data48-1,deepocsort,P-G,path_g,path_g_full_reassign,0.1,4.0,post-hoc majority actor at IoU>=0.9; majority ties excluded,1,1,1,0,0,0,0,0,0,0,0,0,N/A
official_detector,confirmation38,data48-1,ocsort,H,cost_h,cost_h_full_reassign,0.1,4.0,post-hoc majority actor at IoU>=0.9; majority ties excluded,21,21,21,0,0,0,0,0,0,0,0,0,True
official_detector,confirmation38,data48-1,ocsort,P-G,path_g,path_g_full_reassign,0.1,4.0,post-hoc majority actor at IoU>=0.9; majority ties excluded,21,21,21,0,0,0,0,0,0,0,0,0,N/A
official_detector,confirmation38,data49-2,bytetrack,H,cost_h,cost_h_full_reassign,0.1,4.0,post-hoc majority actor at IoU>=0.9; majority ties excluded,39,37,37,0,0,2,0,0,0,0,0,0,True
official_detector,confirmation38,data49-2,bytetrack,P-G,path_g,path_g_full_reassign,0.1,4.0,post-hoc majority actor at IoU>=0.9; majority ties excluded,39,37,37,0,0,2,0,0,0,0,0,0,N/A
official_detector,confirmation38,data49-2,deepocsort,H,cost_h,cost_h_full_reassign,0.1,4.0,post-hoc majority actor at IoU>=0.9; majority ties excluded,5,5,5,0,0,0,0,0,0,0,0,0,True
official_detector,confirmation38,data49-2,deepocsort,P-G,path_g,path_g_full_reassign,0.1,4.0,post-hoc majority actor at IoU>=0.9; majority ties excluded,5,5,5,0,0,0,0,0,0,0,0,0,N/A
official_detector,confirmation38,data49-2,ocsort,H,cost_h,cost_h_full_reassign,0.1,4.0,post-hoc majority actor at IoU>=0.9; majority ties excluded,21,17,18,0,2,2,0,0,1,0,0,0,True
official_detector,confirmation38,data49-2,ocsort,P-G,path_g,path_g_full_reassign,0.1,4.0,post-hoc majority actor at IoU>=0.9; majority ties excluded,21,17,18,0,2,2,0,0,1,0,0,0,N/A
official_detector,legacy12,data28-1,bytetrack,H,cost_h,cost_h_full_reassign,0.1,4.0,post-hoc majority actor at IoU>=0.9; majority ties excluded,100,77,84,0,4,19,1,2,8,0,0,4,True
official_detector,legacy12,data28-1,bytetrack,P-G,path_g,path_g_full_reassign,0.1,4.0,post-hoc majority actor at IoU>=0.9; majority ties excluded,92,83,83,0,1,8,0,0,0,0,0,0,N/A
official_detector,legacy12,data28-1,deepocsort,H,cost_h,cost_h_full_reassign,0.1,4.0,post-hoc majority actor at IoU>=0.9; majority ties excluded,2,2,2,0,0,0,0,0,0,0,0,0,True
official_detector,legacy12,data28-1,deepocsort,P-G,path_g,path_g_full_reassign,0.1,4.0,post-hoc majority actor at IoU>=0.9; majority ties excluded,2,2,2,0,0,0,0,0,0,0,0,0,N/A
official_detector,legacy12,data28-1,ocsort,H,cost_h,cost_h_full_reassign,0.1,4.0,post-hoc majority actor at IoU>=0.9; majority ties excluded,91,77,81,1,6,7,0,2,2,0,0,0,True
official_detector,legacy12,data28-1,ocsort,P-G,path_g,path_g_full_reassign,0.1,4.0,post-hoc majority actor at IoU>=0.9; majority ties excluded,86,79,80,0,3,4,0,1,0,0,0,0,N/A
official_detector,legacy12,data28-2,bytetrack,H,cost_h,cost_h_full_reassign,0.1,4.0,post-hoc majority actor at IoU>=0.9; majority ties excluded,7,7,7,0,0,0,0,0,0,0,0,0,True
official_detector,legacy12,data28-2,bytetrack,P-G,path_g,path_g_full_reassign,0.1,4.0,post-hoc majority actor at IoU>=0.9; majority ties excluded,7,7,7,0,0,0,0,0,0,0,0,0,N/A
official_detector,legacy12,data28-2,deepocsort,H,cost_h,cost_h_full_reassign,0.1,4.0,post-hoc majority actor at IoU>=0.9; majority ties excluded,3,3,3,0,0,0,0,0,0,0,0,0,True
official_detector,legacy12,data28-2,deepocsort,P-G,path_g,path_g_full_reassign,0.1,4.0,post-hoc majority actor at IoU>=0.9; majority ties excluded,3,3,3,0,0,0,0,0,0,0,0,0,N/A
official_detector,legacy12,data28-2,ocsort,H,cost_h,cost_h_full_reassign,0.1,4.0,post-hoc majority actor at IoU>=0.9; majority ties excluded,36,31,34,0,0,5,0,0,3,0,0,0,True
official_detector,legacy12,data28-2,ocsort,P-G,path_g,path_g_full_reassign,0.1,4.0,post-hoc majority actor at IoU>=0.9; majority ties excluded,34,34,34,0,0,0,0,0,0,0,0,0,N/A
official_detector,legacy12,data28-3,bytetrack,H,cost_h,cost_h_full_reassign,0.1,4.0,post-hoc majority actor at IoU>=0.9; majority ties excluded,0,0,0,0,0,0,0,0,0,0,0,0,True
official_detector,legacy12,data28-3,bytetrack,P-G,path_g,path_g_full_reassign,0.1,4.0,post-hoc majority actor at IoU>=0.9; majority ties excluded,0,0,0,0,0,0,0,0,0,0,0,0,N/A
official_detector,legacy12,data28-3,deepocsort,H,cost_h,cost_h_full_reassign,0.1,4.0,post-hoc majority actor at IoU>=0.9; majority ties excluded,0,0,0,0,0,0,0,0,0,0,0,0,True
official_detector,legacy12,data28-3,deepocsort,P-G,path_g,path_g_full_reassign,0.1,4.0,post-hoc majority actor at IoU>=0.9; majority ties excluded,0,0,0,0,0,0,0,0,0,0,0,0,N/A
official_detector,legacy12,data28-3,ocsort,H,cost_h,cost_h_full_reassign,0.1,4.0,post-hoc majority actor at IoU>=0.9; majority ties excluded,0,0,0,0,0,0,0,0,0,0,0,0,True
official_detector,legacy12,data28-3,ocsort,P-G,path_g,path_g_full_reassign,0.1,4.0,post-hoc majority actor at IoU>=0.9; majority ties excluded,0,0,0,0,0,0,0,0,0,0,0,0,N/A
official_detector,legacy12,data28-4,bytetrack,H,cost_h,cost_h_full_reassign,0.1,4.0,post-hoc majority actor at IoU>=0.9; majority ties excluded,0,0,0,0,0,0,0,0,0,0,0,0,True
official_detector,legacy12,data28-4,bytetrack,P-G,path_g,path_g_full_reassign,0.1,4.0,post-hoc majority actor at IoU>=0.9; majority ties excluded,0,0,0,0,0,0,0,0,0,0,0,0,N/A
official_detector,legacy12,data28-4,deepocsort,H,cost_h,cost_h_full_reassign,0.1,4.0,post-hoc majority actor at IoU>=0.9; majority ties excluded,0,0,0,0,0,0,0,0,0,0,0,0,True
official_detector,legacy12,data28-4,deepocsort,P-G,path_g,path_g_full_reassign,0.1,4.0,post-hoc majority actor at IoU>=0.9; majority ties excluded,0,0,0,0,0,0,0,0,0,0,0,0,N/A
official_detector,legacy12,data28-4,ocsort,H,cost_h,cost_h_full_reassign,0.1,4.0,post-hoc majority actor at IoU>=0.9; majority ties excluded,0,0,0,0,0,0,0,0,0,0,0,0,True
official_detector,legacy12,data28-4,ocsort,P-G,path_g,path_g_full_reassign,0.1,4.0,post-hoc majority actor at IoU>=0.9; majority ties excluded,0,0,0,0,0,0,0,0,0,0,0,0,N/A
official_detector,legacy12,data28-5,bytetrack,H,cost_h,cost_h_full_reassign,0.1,4.0,post-hoc majority actor at IoU>=0.9; majority ties excluded,0,0,0,0,0,0,0,0,0,0,0,0,True
official_detector,legacy12,data28-5,bytetrack,P-G,path_g,path_g_full_reassign,0.1,4.0,post-hoc majority actor at IoU>=0.9; majority ties excluded,0,0,0,0,0,0,0,0,0,0,0,0,N/A
official_detector,legacy12,data28-5,deepocsort,H,cost_h,cost_h_full_reassign,0.1,4.0,post-hoc majority actor at IoU>=0.9; majority ties excluded,8,6,7,0,1,1,0,0,1,0,0,0,True
official_detector,legacy12,data28-5,deepocsort,P-G,path_g,path_g_full_reassign,0.1,4.0,post-hoc majority actor at IoU>=0.9; majority ties excluded,7,7,7,0,0,0,0,0,0,0,0,0,N/A
official_detector,legacy12,data28-5,ocsort,H,cost_h,cost_h_full_reassign,0.1,4.0,post-hoc majority actor at IoU>=0.9; majority ties excluded,9,7,8,0,1,1,0,0,1,0,0,0,True
official_detector,legacy12,data28-5,ocsort,P-G,path_g,path_g_full_reassign,0.1,4.0,post-hoc majority actor at IoU>=0.9; majority ties excluded,8,8,8,0,0,0,0,0,0,0,0,0,N/A
official_detector,legacy12,data28-6,bytetrack,H,cost_h,cost_h_full_reassign,0.1,4.0,post-hoc majority actor at IoU>=0.9; majority ties excluded,2,1,1,0,0,1,0,0,0,0,0,0,True
official_detector,legacy12,data28-6,bytetrack,P-G,path_g,path_g_full_reassign,0.1,4.0,post-hoc majority actor at IoU>=0.9; majority ties excluded,2,1,1,0,0,1,0,0,0,0,0,0,N/A
official_detector,legacy12,data28-6,deepocsort,H,cost_h,cost_h_full_reassign,0.1,4.0,post-hoc majority actor at IoU>=0.9; majority ties excluded,0,0,0,0,0,0,0,0,0,0,0,0,True
official_detector,legacy12,data28-6,deepocsort,P-G,path_g,path_g_full_reassign,0.1,4.0,post-hoc majority actor at IoU>=0.9; majority ties excluded,0,0,0,0,0,0,0,0,0,0,0,0,N/A
official_detector,legacy12,data28-6,ocsort,H,cost_h,cost_h_full_reassign,0.1,4.0,post-hoc majority actor at IoU>=0.9; majority ties excluded,0,0,0,0,0,0,0,0,0,0,0,0,True
official_detector,legacy12,data28-6,ocsort,P-G,path_g,path_g_full_reassign,0.1,4.0,post-hoc majority actor at IoU>=0.9; majority ties excluded,0,0,0,0,0,0,0,0,0,0,0,0,N/A
official_detector,legacy12,data30-10,bytetrack,H,cost_h,cost_h_full_reassign,0.1,4.0,post-hoc majority actor at IoU>=0.9; majority ties excluded,69,65,66,0,0,4,0,0,1,0,0,0,True
official_detector,legacy12,data30-10,bytetrack,P-G,path_g,path_g_full_reassign,0.1,4.0,post-hoc majority actor at IoU>=0.9; majority ties excluded,68,66,66,0,0,2,0,0,0,0,0,0,N/A
official_detector,legacy12,data30-10,deepocsort,H,cost_h,cost_h_full_reassign,0.1,4.0,post-hoc majority actor at IoU>=0.9; majority ties excluded,26,19,19,0,0,7,0,0,0,0,0,0,True
official_detector,legacy12,data30-10,deepocsort,P-G,path_g,path_g_full_reassign,0.1,4.0,post-hoc majority actor at IoU>=0.9; majority ties excluded,26,19,19,0,0,7,0,0,0,0,0,0,N/A
official_detector,legacy12,data30-10,ocsort,H,cost_h,cost_h_full_reassign,0.1,4.0,post-hoc majority actor at IoU>=0.9; majority ties excluded,95,88,90,0,0,7,0,0,2,0,0,0,True
official_detector,legacy12,data30-10,ocsort,P-G,path_g,path_g_full_reassign,0.1,4.0,post-hoc majority actor at IoU>=0.9; majority ties excluded,94,90,90,0,0,4,0,0,0,0,0,0,N/A
official_detector,legacy12,data30-2,bytetrack,H,cost_h,cost_h_full_reassign,0.1,4.0,post-hoc majority actor at IoU>=0.9; majority ties excluded,108,90,93,0,0,18,0,0,6,0,0,3,True
official_detector,legacy12,data30-2,bytetrack,P-G,path_g,path_g_full_reassign,0.1,4.0,post-hoc majority actor at IoU>=0.9; majority ties excluded,102,93,93,0,0,9,0,0,0,0,0,0,N/A
official_detector,legacy12,data30-2,deepocsort,H,cost_h,cost_h_full_reassign,0.1,4.0,post-hoc majority actor at IoU>=0.9; majority ties excluded,24,21,21,0,0,3,0,0,0,0,0,0,True
official_detector,legacy12,data30-2,deepocsort,P-G,path_g,path_g_full_reassign,0.1,4.0,post-hoc majority actor at IoU>=0.9; majority ties excluded,24,21,21,0,0,3,0,0,0,0,0,0,N/A
official_detector,legacy12,data30-2,ocsort,H,cost_h,cost_h_full_reassign,0.1,4.0,post-hoc majority actor at IoU>=0.9; majority ties excluded,90,77,79,0,0,13,0,0,3,0,0,1,True
official_detector,legacy12,data30-2,ocsort,P-G,path_g,path_g_full_reassign,0.1,4.0,post-hoc majority actor at IoU>=0.9; majority ties excluded,88,79,79,0,0,9,0,0,0,0,0,0,N/A
official_detector,legacy12,data30-3,bytetrack,H,cost_h,cost_h_full_reassign,0.1,4.0,post-hoc majority actor at IoU>=0.9; majority ties excluded,181,144,153,0,0,37,0,0,11,0,0,2,True
official_detector,legacy12,data30-3,bytetrack,P-G,path_g,path_g_full_reassign,0.1,4.0,post-hoc majority actor at IoU>=0.9; majority ties excluded,177,153,153,0,0,24,0,0,0,0,0,0,N/A
official_detector,legacy12,data30-3,deepocsort,H,cost_h,cost_h_full_reassign,0.1,4.0,post-hoc majority actor at IoU>=0.9; majority ties excluded,15,13,14,0,0,2,0,0,1,0,0,0,True
official_detector,legacy12,data30-3,deepocsort,P-G,path_g,path_g_full_reassign,0.1,4.0,post-hoc majority actor at IoU>=0.9; majority ties excluded,14,14,14,0,0,0,0,0,0,0,0,0,N/A
official_detector,legacy12,data30-3,ocsort,H,cost_h,cost_h_full_reassign,0.1,4.0,post-hoc majority actor at IoU>=0.9; majority ties excluded,129,117,118,1,1,10,0,0,1,0,0,0,True
official_detector,legacy12,data30-3,ocsort,P-G,path_g,path_g_full_reassign,0.1,4.0,post-hoc majority actor at IoU>=0.9; majority ties excluded,128,118,118,1,1,8,0,0,0,0,0,0,N/A
official_detector,legacy12,data30-4,bytetrack,H,cost_h,cost_h_full_reassign,0.1,4.0,post-hoc majority actor at IoU>=0.9; majority ties excluded,58,46,51,0,0,12,0,0,6,0,0,1,True
official_detector,legacy12,data30-4,bytetrack,P-G,path_g,path_g_full_reassign,0.1,4.0,post-hoc majority actor at IoU>=0.9; majority ties excluded,55,50,51,0,0,5,0,0,1,0,0,0,N/A
official_detector,legacy12,data30-4,deepocsort,H,cost_h,cost_h_full_reassign,0.1,4.0,post-hoc majority actor at IoU>=0.9; majority ties excluded,23,18,18,0,0,5,0,0,0,0,0,0,True
official_detector,legacy12,data30-4,deepocsort,P-G,path_g,path_g_full_reassign,0.1,4.0,post-hoc majority actor at IoU>=0.9; majority ties excluded,23,18,18,0,0,5,0,0,0,0,0,0,N/A
official_detector,legacy12,data30-4,ocsort,H,cost_h,cost_h_full_reassign,0.1,4.0,post-hoc majority actor at IoU>=0.9; majority ties excluded,36,35,35,0,1,0,0,1,0,0,1,0,True
official_detector,legacy12,data30-4,ocsort,P-G,path_g,path_g_full_reassign,0.1,4.0,post-hoc majority actor at IoU>=0.9; majority ties excluded,35,35,35,0,0,0,0,0,0,0,0,0,N/A
official_detector,legacy12,data30-5,bytetrack,H,cost_h,cost_h_full_reassign,0.1,4.0,post-hoc majority actor at IoU>=0.9; majority ties excluded,18,17,17,0,0,1,0,0,0,0,0,0,True
official_detector,legacy12,data30-5,bytetrack,P-G,path_g,path_g_full_reassign,0.1,4.0,post-hoc majority actor at IoU>=0.9; majority ties excluded,18,17,17,0,0,1,0,0,0,0,0,0,N/A
official_detector,legacy12,data30-5,deepocsort,H,cost_h,cost_h_full_reassign,0.1,4.0,post-hoc majority actor at IoU>=0.9; majority ties excluded,2,1,1,0,0,1,0,0,0,0,0,0,True
official_detector,legacy12,data30-5,deepocsort,P-G,path_g,path_g_full_reassign,0.1,4.0,post-hoc majority actor at IoU>=0.9; majority ties excluded,2,1,1,0,0,1,0,0,0,0,0,0,N/A
official_detector,legacy12,data30-5,ocsort,H,cost_h,cost_h_full_reassign,0.1,4.0,post-hoc majority actor at IoU>=0.9; majority ties excluded,25,21,23,0,0,4,0,0,2,0,0,0,True
official_detector,legacy12,data30-5,ocsort,P-G,path_g,path_g_full_reassign,0.1,4.0,post-hoc majority actor at IoU>=0.9; majority ties excluded,25,23,23,0,0,2,0,0,0,0,0,0,N/A
official_detector,legacy12,data30-9,bytetrack,H,cost_h,cost_h_full_reassign,0.1,4.0,post-hoc majority actor at IoU>=0.9; majority ties excluded,51,38,42,0,0,13,0,0,4,0,0,0,True
official_detector,legacy12,data30-9,bytetrack,P-G,path_g,path_g_full_reassign,0.1,4.0,post-hoc majority actor at IoU>=0.9; majority ties excluded,48,42,42,0,0,6,0,0,0,0,0,0,N/A
official_detector,legacy12,data30-9,deepocsort,H,cost_h,cost_h_full_reassign,0.1,4.0,post-hoc majority actor at IoU>=0.9; majority ties excluded,10,8,8,0,0,2,0,0,0,0,0,0,True
official_detector,legacy12,data30-9,deepocsort,P-G,path_g,path_g_full_reassign,0.1,4.0,post-hoc majority actor at IoU>=0.9; majority ties excluded,10,8,8,0,0,2,0,0,0,0,0,0,N/A
official_detector,legacy12,data30-9,ocsort,H,cost_h,cost_h_full_reassign,0.1,4.0,post-hoc majority actor at IoU>=0.9; majority ties excluded,98,82,87,0,0,16,0,0,5,0,0,0,True
official_detector,legacy12,data30-9,ocsort,P-G,path_g,path_g_full_reassign,0.1,4.0,post-hoc majority actor at IoU>=0.9; majority ties excluded,96,87,87,0,0,9,0,0,0,0,0,0,N/A
oracle_aabb,confirmation38,data23-1,bytetrack,H,cost_h,cost_h_full_reassign,0.1,4.0,post-hoc majority actor at IoU>=0.9; majority ties excluded,31,19,24,0,0,12,0,0,7,0,0,2,True
oracle_aabb,confirmation38,data23-1,bytetrack,P-G,path_g,path_g_full_reassign,0.1,4.0,post-hoc majority actor at IoU>=0.9; majority ties excluded,26,23,23,0,0,3,0,0,0,0,0,0,N/A
oracle_aabb,confirmation38,data23-1,deepocsort,H,cost_h,cost_h_full_reassign,0.1,4.0,post-hoc majority actor at IoU>=0.9; majority ties excluded,1,1,1,0,0,0,0,0,0,0,0,0,True
oracle_aabb,confirmation38,data23-1,deepocsort,P-G,path_g,path_g_full_reassign,0.1,4.0,post-hoc majority actor at IoU>=0.9; majority ties excluded,1,1,1,0,0,0,0,0,0,0,0,0,N/A
oracle_aabb,confirmation38,data23-1,ocsort,H,cost_h,cost_h_full_reassign,0.1,4.0,post-hoc majority actor at IoU>=0.9; majority ties excluded,10,8,9,2,0,0,0,1,0,0,0,0,True
oracle_aabb,confirmation38,data23-1,ocsort,P-G,path_g,path_g_full_reassign,0.1,4.0,post-hoc majority actor at IoU>=0.9; majority ties excluded,9,9,9,0,0,0,0,0,0,0,0,0,N/A
oracle_aabb,confirmation38,data24-1,bytetrack,H,cost_h,cost_h_full_reassign,0.1,4.0,post-hoc majority actor at IoU>=0.9; majority ties excluded,442,382,396,1,1,58,0,1,19,0,2,4,True
oracle_aabb,confirmation38,data24-1,bytetrack,P-G,path_g,path_g_full_reassign,0.1,4.0,post-hoc majority actor at IoU>=0.9; majority ties excluded,429,395,395,0,0,34,0,0,0,0,0,0,N/A
oracle_aabb,confirmation38,data24-1,deepocsort,H,cost_h,cost_h_full_reassign,0.1,4.0,post-hoc majority actor at IoU>=0.9; majority ties excluded,138,107,116,16,15,0,4,9,0,3,1,0,True
oracle_aabb,confirmation38,data24-1,deepocsort,P-G,path_g,path_g_full_reassign,0.1,4.0,post-hoc majority actor at IoU>=0.9; majority ties excluded,131,114,115,7,10,0,0,1,0,0,0,0,N/A
oracle_aabb,confirmation38,data24-1,ocsort,H,cost_h,cost_h_full_reassign,0.1,4.0,post-hoc majority actor at IoU>=0.9; majority ties excluded,62,60,60,0,2,0,0,0,0,0,0,0,True
oracle_aabb,confirmation38,data24-1,ocsort,P-G,path_g,path_g_full_reassign,0.1,4.0,post-hoc majority actor at IoU>=0.9; majority ties excluded,62,60,60,0,2,0,0,0,0,0,0,0,N/A
oracle_aabb,confirmation38,data27-1,bytetrack,H,cost_h,cost_h_full_reassign,0.1,4.0,post-hoc majority actor at IoU>=0.9; majority ties excluded,4,4,4,0,0,0,0,0,0,0,0,0,True
oracle_aabb,confirmation38,data27-1,bytetrack,P-G,path_g,path_g_full_reassign,0.1,4.0,post-hoc majority actor at IoU>=0.9; majority ties excluded,4,4,4,0,0,0,0,0,0,0,0,0,N/A
oracle_aabb,confirmation38,data27-1,deepocsort,H,cost_h,cost_h_full_reassign,0.1,4.0,post-hoc majority actor at IoU>=0.9; majority ties excluded,0,0,0,0,0,0,0,0,0,0,0,0,True
oracle_aabb,confirmation38,data27-1,deepocsort,P-G,path_g,path_g_full_reassign,0.1,4.0,post-hoc majority actor at IoU>=0.9; majority ties excluded,0,0,0,0,0,0,0,0,0,0,0,0,N/A
oracle_aabb,confirmation38,data27-1,ocsort,H,cost_h,cost_h_full_reassign,0.1,4.0,post-hoc majority actor at IoU>=0.9; majority ties excluded,2,1,1,1,0,0,0,0,0,0,0,0,True
oracle_aabb,confirmation38,data27-1,ocsort,P-G,path_g,path_g_full_reassign,0.1,4.0,post-hoc majority actor at IoU>=0.9; majority ties excluded,2,1,1,1,0,0,0,0,0,0,0,0,N/A
oracle_aabb,confirmation38,data31-1,bytetrack,H,cost_h,cost_h_full_reassign,0.1,4.0,post-hoc majority actor at IoU>=0.9; majority ties excluded,42,39,39,0,0,3,0,0,1,0,0,1,True
oracle_aabb,confirmation38,data31-1,bytetrack,P-G,path_g,path_g_full_reassign,0.1,4.0,post-hoc majority actor at IoU>=0.9; majority ties excluded,42,39,39,0,0,3,0,0,0,0,0,0,N/A
oracle_aabb,confirmation38,data31-1,deepocsort,H,cost_h,cost_h_full_reassign,0.1,4.0,post-hoc majority actor at IoU>=0.9; majority ties excluded,2,2,2,0,0,0,0,0,0,0,0,0,True
oracle_aabb,confirmation38,data31-1,deepocsort,P-G,path_g,path_g_full_reassign,0.1,4.0,post-hoc majority actor at IoU>=0.9; majority ties excluded,2,2,2,0,0,0,0,0,0,0,0,0,N/A
oracle_aabb,confirmation38,data31-1,ocsort,H,cost_h,cost_h_full_reassign,0.1,4.0,post-hoc majority actor at IoU>=0.9; majority ties excluded,8,5,5,3,0,0,0,0,0,0,0,0,True
oracle_aabb,confirmation38,data31-1,ocsort,P-G,path_g,path_g_full_reassign,0.1,4.0,post-hoc majority actor at IoU>=0.9; majority ties excluded,8,5,5,3,0,0,0,0,0,0,0,0,N/A
oracle_aabb,confirmation38,data33-1,bytetrack,H,cost_h,cost_h_full_reassign,0.1,4.0,post-hoc majority actor at IoU>=0.9; majority ties excluded,68,55,58,0,0,13,0,0,4,0,0,1,True
oracle_aabb,confirmation38,data33-1,bytetrack,P-G,path_g,path_g_full_reassign,0.1,4.0,post-hoc majority actor at IoU>=0.9; majority ties excluded,66,58,58,0,0,8,0,0,0,0,0,0,N/A
oracle_aabb,confirmation38,data33-1,deepocsort,H,cost_h,cost_h_full_reassign,0.1,4.0,post-hoc majority actor at IoU>=0.9; majority ties excluded,10,10,10,0,0,0,0,0,0,0,0,0,True
oracle_aabb,confirmation38,data33-1,deepocsort,P-G,path_g,path_g_full_reassign,0.1,4.0,post-hoc majority actor at IoU>=0.9; majority ties excluded,10,10,10,0,0,0,0,0,0,0,0,0,N/A
oracle_aabb,confirmation38,data33-1,ocsort,H,cost_h,cost_h_full_reassign,0.1,4.0,post-hoc majority actor at IoU>=0.9; majority ties excluded,11,11,11,0,0,0,0,0,0,0,0,0,True
oracle_aabb,confirmation38,data33-1,ocsort,P-G,path_g,path_g_full_reassign,0.1,4.0,post-hoc majority actor at IoU>=0.9; majority ties excluded,11,11,11,0,0,0,0,0,0,0,0,0,N/A
oracle_aabb,confirmation38,data34-1,bytetrack,H,cost_h,cost_h_full_reassign,0.1,4.0,post-hoc majority actor at IoU>=0.9; majority ties excluded,702,413,490,13,24,252,7,18,104,2,10,40,True
oracle_aabb,confirmation38,data34-1,bytetrack,P-G,path_g,path_g_full_reassign,0.1,4.0,post-hoc majority actor at IoU>=0.9; majority ties excluded,648,470,480,6,12,160,0,1,11,0,0,2,N/A
oracle_aabb,confirmation38,data34-1,deepocsort,H,cost_h,cost_h_full_reassign,0.1,4.0,post-hoc majority actor at IoU>=0.9; majority ties excluded,138,83,91,25,30,0,3,6,0,0,1,0,True
oracle_aabb,confirmation38,data34-1,deepocsort,P-G,path_g,path_g_full_reassign,0.1,4.0,post-hoc majority actor at IoU>=0.9; majority ties excluded,133,87,91,21,25,0,1,3,0,0,0,0,N/A
oracle_aabb,confirmation38,data34-1,ocsort,H,cost_h,cost_h_full_reassign,0.1,4.0,post-hoc majority actor at IoU>=0.9; majority ties excluded,131,90,99,12,18,11,2,2,6,0,1,0,True
oracle_aabb,confirmation38,data34-1,ocsort,P-G,path_g,path_g_full_reassign,0.1,4.0,post-hoc majority actor at IoU>=0.9; majority ties excluded,128,99,99,9,16,4,0,0,0,0,0,0,N/A
oracle_aabb,confirmation38,data34-2,bytetrack,H,cost_h,cost_h_full_reassign,0.1,4.0,post-hoc majority actor at IoU>=0.9; majority ties excluded,110,72,80,0,1,37,0,1,12,1,0,4,True
oracle_aabb,confirmation38,data34-2,bytetrack,P-G,path_g,path_g_full_reassign,0.1,4.0,post-hoc majority actor at IoU>=0.9; majority ties excluded,107,77,79,0,0,30,0,0,3,0,0,1,N/A
oracle_aabb,confirmation38,data34-2,deepocsort,H,cost_h,cost_h_full_reassign,0.1,4.0,post-hoc majority actor at IoU>=0.9; majority ties excluded,14,9,10,3,2,0,0,3,0,1,1,0,True
oracle_aabb,confirmation38,data34-2,deepocsort,P-G,path_g,path_g_full_reassign,0.1,4.0,post-hoc majority actor at IoU>=0.9; majority ties excluded,13,10,10,0,3,0,0,0,0,0,0,0,N/A
oracle_aabb,confirmation38,data34-2,ocsort,H,cost_h,cost_h_full_reassign,0.1,4.0,post-hoc majority actor at IoU>=0.9; majority ties excluded,21,20,20,1,0,0,0,0,0,0,0,0,True
oracle_aabb,confirmation38,data34-2,ocsort,P-G,path_g,path_g_full_reassign,0.1,4.0,post-hoc majority actor at IoU>=0.9; majority ties excluded,21,20,20,1,0,0,0,0,0,0,0,0,N/A
oracle_aabb,confirmation38,data34-3,bytetrack,H,cost_h,cost_h_full_reassign,0.1,4.0,post-hoc majority actor at IoU>=0.9; majority ties excluded,128,80,90,0,3,45,0,1,12,0,1,2,True
oracle_aabb,confirmation38,data34-3,bytetrack,P-G,path_g,path_g_full_reassign,0.1,4.0,post-hoc majority actor at IoU>=0.9; majority ties excluded,121,89,90,0,2,30,0,0,1,0,0,0,N/A
oracle_aabb,confirmation38,data34-3,deepocsort,H,cost_h,cost_h_full_reassign,0.1,4.0,post-hoc majority actor at IoU>=0.9; majority ties excluded,68,47,53,7,14,0,2,4,0,0,0,0,True
oracle_aabb,confirmation38,data34-3,deepocsort,P-G,path_g,path_g_full_reassign,0.1,4.0,post-hoc majority actor at IoU>=0.9; majority ties excluded,66,49,53,3,14,0,1,3,0,0,0,0,N/A
oracle_aabb,confirmation38,data34-3,ocsort,H,cost_h,cost_h_full_reassign,0.1,4.0,post-hoc majority actor at IoU>=0.9; majority ties excluded,133,96,102,26,10,1,0,6,0,0,0,0,True
oracle_aabb,confirmation38,data34-3,ocsort,P-G,path_g,path_g_full_reassign,0.1,4.0,post-hoc majority actor at IoU>=0.9; majority ties excluded,130,102,102,14,13,1,0,0,0,0,0,0,N/A
oracle_aabb,confirmation38,data36-10,bytetrack,H,cost_h,cost_h_full_reassign,0.1,4.0,post-hoc majority actor at IoU>=0.9; majority ties excluded,836,497,606,2,17,320,1,12,136,0,2,38,True
oracle_aabb,confirmation38,data36-10,bytetrack,P-G,path_g,path_g_full_reassign,0.1,4.0,post-hoc majority actor at IoU>=0.9; majority ties excluded,773,585,596,3,10,175,0,1,10,0,0,0,N/A
oracle_aabb,confirmation38,data36-10,deepocsort,H,cost_h,cost_h_full_reassign,0.1,4.0,post-hoc majority actor at IoU>=0.9; majority ties excluded,211,109,133,6,95,1,9,21,0,3,2,1,True
oracle_aabb,confirmation38,data36-10,deepocsort,P-G,path_g,path_g_full_reassign,0.1,4.0,post-hoc majority actor at IoU>=0.9; majority ties excluded,197,118,131,3,75,1,6,7,0,0,0,0,N/A
oracle_aabb,confirmation38,data36-10,ocsort,H,cost_h,cost_h_full_reassign,0.1,4.0,post-hoc majority actor at IoU>=0.9; majority ties excluded,210,146,155,10,43,11,2,4,3,0,0,0,True
oracle_aabb,confirmation38,data36-10,ocsort,P-G,path_g,path_g_full_reassign,0.1,4.0,post-hoc majority actor at IoU>=0.9; majority ties excluded,202,154,155,9,31,8,0,0,1,0,0,0,N/A
oracle_aabb,confirmation38,data36-11,bytetrack,H,cost_h,cost_h_full_reassign,0.1,4.0,post-hoc majority actor at IoU>=0.9; majority ties excluded,271,194,210,0,7,70,0,3,23,0,1,9,True
oracle_aabb,confirmation38,data36-11,bytetrack,P-G,path_g,path_g_full_reassign,0.1,4.0,post-hoc majority actor at IoU>=0.9; majority ties excluded,258,208,208,0,4,46,0,0,0,0,0,0,N/A
oracle_aabb,confirmation38,data36-11,deepocsort,H,cost_h,cost_h_full_reassign,0.1,4.0,post-hoc majority actor at IoU>=0.9; majority ties excluded,28,16,16,0,11,1,1,0,0,0,1,0,True
oracle_aabb,confirmation38,data36-11,deepocsort,P-G,path_g,path_g_full_reassign,0.1,4.0,post-hoc majority actor at IoU>=0.9; majority ties excluded,27,16,16,0,10,1,0,0,0,0,0,0,N/A
oracle_aabb,confirmation38,data36-11,ocsort,H,cost_h,cost_h_full_reassign,0.1,4.0,post-hoc majority actor at IoU>=0.9; majority ties excluded,232,172,185,39,15,6,0,13,1,0,0,1,True
oracle_aabb,confirmation38,data36-11,ocsort,P-G,path_g,path_g_full_reassign,0.1,4.0,post-hoc majority actor at IoU>=0.9; majority ties excluded,229,185,185,18,21,5,0,0,0,0,0,0,N/A
oracle_aabb,confirmation38,data36-12,bytetrack,H,cost_h,cost_h_full_reassign,0.1,4.0,post-hoc majority actor at IoU>=0.9; majority ties excluded,64,50,56,0,1,13,0,0,6,0,0,0,True
oracle_aabb,confirmation38,data36-12,bytetrack,P-G,path_g,path_g_full_reassign,0.1,4.0,post-hoc majority actor at IoU>=0.9; majority ties excluded,61,56,56,0,1,4,0,0,0,0,0,0,N/A
oracle_aabb,confirmation38,data36-12,deepocsort,H,cost_h,cost_h_full_reassign,0.1,4.0,post-hoc majority actor at IoU>=0.9; majority ties excluded,8,7,7,0,1,0,0,0,0,0,0,0,True
oracle_aabb,confirmation38,data36-12,deepocsort,P-G,path_g,path_g_full_reassign,0.1,4.0,post-hoc majority actor at IoU>=0.9; majority ties excluded,8,7,7,0,1,0,0,0,0,0,0,0,N/A
oracle_aabb,confirmation38,data36-12,ocsort,H,cost_h,cost_h_full_reassign,0.1,4.0,post-hoc majority actor at IoU>=0.9; majority ties excluded,39,37,37,0,2,0,0,0,0,0,0,0,True
oracle_aabb,confirmation38,data36-12,ocsort,P-G,path_g,path_g_full_reassign,0.1,4.0,post-hoc majority actor at IoU>=0.9; majority ties excluded,39,37,37,0,2,0,0,0,0,0,0,0,N/A
oracle_aabb,confirmation38,data36-13,bytetrack,H,cost_h,cost_h_full_reassign,0.1,4.0,post-hoc majority actor at IoU>=0.9; majority ties excluded,28,27,27,0,0,1,0,0,1,0,0,1,True
oracle_aabb,confirmation38,data36-13,bytetrack,P-G,path_g,path_g_full_reassign,0.1,4.0,post-hoc majority actor at IoU>=0.9; majority ties excluded,27,27,27,0,0,0,0,0,0,0,0,0,N/A
oracle_aabb,confirmation38,data36-13,deepocsort,H,cost_h,cost_h_full_reassign,0.1,4.0,post-hoc majority actor at IoU>=0.9; majority ties excluded,7,5,5,1,1,0,0,0,0,0,0,0,True
oracle_aabb,confirmation38,data36-13,deepocsort,P-G,path_g,path_g_full_reassign,0.1,4.0,post-hoc majority actor at IoU>=0.9; majority ties excluded,7,5,5,1,1,0,0,0,0,0,0,0,N/A
oracle_aabb,confirmation38,data36-13,ocsort,H,cost_h,cost_h_full_reassign,0.1,4.0,post-hoc majority actor at IoU>=0.9; majority ties excluded,20,18,18,1,1,0,0,0,0,0,0,0,True
oracle_aabb,confirmation38,data36-13,ocsort,P-G,path_g,path_g_full_reassign,0.1,4.0,post-hoc majority actor at IoU>=0.9; majority ties excluded,20,18,18,1,1,0,0,0,0,0,0,0,N/A
oracle_aabb,confirmation38,data36-4,bytetrack,H,cost_h,cost_h_full_reassign,0.1,4.0,post-hoc majority actor at IoU>=0.9; majority ties excluded,639,465,508,1,2,171,1,2,58,0,1,17,True
oracle_aabb,confirmation38,data36-4,bytetrack,P-G,path_g,path_g_full_reassign,0.1,4.0,post-hoc majority actor at IoU>=0.9; majority ties excluded,615,496,504,2,1,116,0,1,8,0,0,1,N/A
oracle_aabb,confirmation38,data36-4,deepocsort,H,cost_h,cost_h_full_reassign,0.1,4.0,post-hoc majority actor at IoU>=0.9; majority ties excluded,66,51,54,3,12,0,2,1,0,0,0,0,True
oracle_aabb,confirmation38,data36-4,deepocsort,P-G,path_g,path_g_full_reassign,0.1,4.0,post-hoc majority actor at IoU>=0.9; majority ties excluded,64,53,54,3,8,0,0,1,0,0,0,0,N/A
oracle_aabb,confirmation38,data36-4,ocsort,H,cost_h,cost_h_full_reassign,0.1,4.0,post-hoc majority actor at IoU>=0.9; majority ties excluded,203,173,180,12,15,3,3,5,0,1,0,0,True
oracle_aabb,confirmation38,data36-4,ocsort,P-G,path_g,path_g_full_reassign,0.1,4.0,post-hoc majority actor at IoU>=0.9; majority ties excluded,199,180,180,5,12,2,0,0,0,0,0,0,N/A
oracle_aabb,confirmation38,data36-5,bytetrack,H,cost_h,cost_h_full_reassign,0.1,4.0,post-hoc majority actor at IoU>=0.9; majority ties excluded,252,149,174,1,6,96,1,3,24,1,0,2,True
oracle_aabb,confirmation38,data36-5,bytetrack,P-G,path_g,path_g_full_reassign,0.1,4.0,post-hoc majority actor at IoU>=0.9; majority ties excluded,229,171,174,0,3,55,1,1,1,0,0,0,N/A
oracle_aabb,confirmation38,data36-5,deepocsort,H,cost_h,cost_h_full_reassign,0.1,4.0,post-hoc majority actor at IoU>=0.9; majority ties excluded,26,24,24,1,1,0,0,0,0,0,0,0,True
oracle_aabb,confirmation38,data36-5,deepocsort,P-G,path_g,path_g_full_reassign,0.1,4.0,post-hoc majority actor at IoU>=0.9; majority ties excluded,26,24,24,1,1,0,0,0,0,0,0,0,N/A
oracle_aabb,confirmation38,data36-5,ocsort,H,cost_h,cost_h_full_reassign,0.1,4.0,post-hoc majority actor at IoU>=0.9; majority ties excluded,116,99,101,8,8,1,0,2,0,0,0,0,True
oracle_aabb,confirmation38,data36-5,ocsort,P-G,path_g,path_g_full_reassign,0.1,4.0,post-hoc majority actor at IoU>=0.9; majority ties excluded,116,101,101,5,9,1,0,0,0,0,0,0,N/A
oracle_aabb,confirmation38,data37-1,bytetrack,H,cost_h,cost_h_full_reassign,0.1,4.0,post-hoc majority actor at IoU>=0.9; majority ties excluded,418,313,342,2,7,96,2,2,39,1,1,12,True
oracle_aabb,confirmation38,data37-1,bytetrack,P-G,path_g,path_g_full_reassign,0.1,4.0,post-hoc majority actor at IoU>=0.9; majority ties excluded,393,333,337,0,6,54,0,0,5,0,0,1,N/A
oracle_aabb,confirmation38,data37-1,deepocsort,H,cost_h,cost_h_full_reassign,0.1,4.0,post-hoc majority actor at IoU>=0.9; majority ties excluded,41,39,39,1,1,0,1,0,0,0,1,0,True
oracle_aabb,confirmation38,data37-1,deepocsort,P-G,path_g,path_g_full_reassign,0.1,4.0,post-hoc majority actor at IoU>=0.9; majority ties excluded,41,38,38,2,1,0,0,0,0,0,0,0,N/A
oracle_aabb,confirmation38,data37-1,ocsort,H,cost_h,cost_h_full_reassign,0.1,4.0,post-hoc majority actor at IoU>=0.9; majority ties excluded,218,166,177,18,33,1,10,8,1,3,4,1,True
oracle_aabb,confirmation38,data37-1,ocsort,P-G,path_g,path_g_full_reassign,0.1,4.0,post-hoc majority actor at IoU>=0.9; majority ties excluded,207,172,176,12,22,1,1,3,0,0,0,0,N/A
oracle_aabb,confirmation38,data37-10,bytetrack,H,cost_h,cost_h_full_reassign,0.1,4.0,post-hoc majority actor at IoU>=0.9; majority ties excluded,74,71,71,0,0,3,0,0,0,0,0,0,True
oracle_aabb,confirmation38,data37-10,bytetrack,P-G,path_g,path_g_full_reassign,0.1,4.0,post-hoc majority actor at IoU>=0.9; majority ties excluded,74,71,71,0,0,3,0,0,0,0,0,0,N/A
oracle_aabb,confirmation38,data37-10,deepocsort,H,cost_h,cost_h_full_reassign,0.1,4.0,post-hoc majority actor at IoU>=0.9; majority ties excluded,12,12,12,0,0,0,0,0,0,0,0,0,True
oracle_aabb,confirmation38,data37-10,deepocsort,P-G,path_g,path_g_full_reassign,0.1,4.0,post-hoc majority actor at IoU>=0.9; majority ties excluded,12,12,12,0,0,0,0,0,0,0,0,0,N/A
oracle_aabb,confirmation38,data37-10,ocsort,H,cost_h,cost_h_full_reassign,0.1,4.0,post-hoc majority actor at IoU>=0.9; majority ties excluded,19,18,18,1,0,0,0,0,0,0,0,0,True
oracle_aabb,confirmation38,data37-10,ocsort,P-G,path_g,path_g_full_reassign,0.1,4.0,post-hoc majority actor at IoU>=0.9; majority ties excluded,19,18,18,1,0,0,0,0,0,0,0,0,N/A
oracle_aabb,confirmation38,data37-11,bytetrack,H,cost_h,cost_h_full_reassign,0.1,4.0,post-hoc majority actor at IoU>=0.9; majority ties excluded,199,151,164,1,3,44,2,1,16,0,0,6,True
oracle_aabb,confirmation38,data37-11,bytetrack,P-G,path_g,path_g_full_reassign,0.1,4.0,post-hoc majority actor at IoU>=0.9; majority ties excluded,189,162,163,1,0,26,0,0,1,0,0,0,N/A
oracle_aabb,confirmation38,data37-11,deepocsort,H,cost_h,cost_h_full_reassign,0.1,4.0,post-hoc majority actor at IoU>=0.9; majority ties excluded,16,15,15,0,1,0,0,0,0,0,0,0,True
oracle_aabb,confirmation38,data37-11,deepocsort,P-G,path_g,path_g_full_reassign,0.1,4.0,post-hoc majority actor at IoU>=0.9; majority ties excluded,16,15,15,0,1,0,0,0,0,0,0,0,N/A
oracle_aabb,confirmation38,data37-11,ocsort,H,cost_h,cost_h_full_reassign,0.1,4.0,post-hoc majority actor at IoU>=0.9; majority ties excluded,46,41,42,4,1,0,2,0,0,1,0,0,True
oracle_aabb,confirmation38,data37-11,ocsort,P-G,path_g,path_g_full_reassign,0.1,4.0,post-hoc majority actor at IoU>=0.9; majority ties excluded,46,41,42,4,1,0,1,0,0,0,0,0,N/A
oracle_aabb,confirmation38,data37-12,bytetrack,H,cost_h,cost_h_full_reassign,0.1,4.0,post-hoc majority actor at IoU>=0.9; majority ties excluded,5,5,5,0,0,0,0,0,0,0,0,0,True
oracle_aabb,confirmation38,data37-12,bytetrack,P-G,path_g,path_g_full_reassign,0.1,4.0,post-hoc majority actor at IoU>=0.9; majority ties excluded,5,5,5,0,0,0,0,0,0,0,0,0,N/A
oracle_aabb,confirmation38,data37-12,deepocsort,H,cost_h,cost_h_full_reassign,0.1,4.0,post-hoc majority actor at IoU>=0.9; majority ties excluded,0,0,0,0,0,0,0,0,0,0,0,0,True
oracle_aabb,confirmation38,data37-12,deepocsort,P-G,path_g,path_g_full_reassign,0.1,4.0,post-hoc majority actor at IoU>=0.9; majority ties excluded,0,0,0,0,0,0,0,0,0,0,0,0,N/A
oracle_aabb,confirmation38,data37-12,ocsort,H,cost_h,cost_h_full_reassign,0.1,4.0,post-hoc majority actor at IoU>=0.9; majority ties excluded,5,4,4,0,1,0,0,0,0,0,0,0,True
oracle_aabb,confirmation38,data37-12,ocsort,P-G,path_g,path_g_full_reassign,0.1,4.0,post-hoc majority actor at IoU>=0.9; majority ties excluded,5,4,4,0,1,0,0,0,0,0,0,0,N/A
oracle_aabb,confirmation38,data37-2,bytetrack,H,cost_h,cost_h_full_reassign,0.1,4.0,post-hoc majority actor at IoU>=0.9; majority ties excluded,164,116,132,1,3,44,1,4,27,1,4,11,True
oracle_aabb,confirmation38,data37-2,bytetrack,P-G,path_g,path_g_full_reassign,0.1,4.0,post-hoc majority actor at IoU>=0.9; majority ties excluded,153,127,129,1,2,23,0,0,2,0,0,0,N/A
oracle_aabb,confirmation38,data37-2,deepocsort,H,cost_h,cost_h_full_reassign,0.1,4.0,post-hoc majority actor at IoU>=0.9; majority ties excluded,27,26,26,0,1,0,0,0,0,0,0,0,True
oracle_aabb,confirmation38,data37-2,deepocsort,P-G,path_g,path_g_full_reassign,0.1,4.0,post-hoc majority actor at IoU>=0.9; majority ties excluded,27,26,26,0,1,0,0,0,0,0,0,0,N/A
oracle_aabb,confirmation38,data37-2,ocsort,H,cost_h,cost_h_full_reassign,0.1,4.0,post-hoc majority actor at IoU>=0.9; majority ties excluded,169,119,133,3,44,3,3,15,3,2,2,3,True
oracle_aabb,confirmation38,data37-2,ocsort,P-G,path_g,path_g_full_reassign,0.1,4.0,post-hoc majority actor at IoU>=0.9; majority ties excluded,161,128,132,1,31,1,1,3,0,0,0,0,N/A
oracle_aabb,confirmation38,data39-1,bytetrack,H,cost_h,cost_h_full_reassign,0.1,4.0,post-hoc majority actor at IoU>=0.9; majority ties excluded,41,31,33,0,0,10,0,0,2,0,0,0,True
oracle_aabb,confirmation38,data39-1,bytetrack,P-G,path_g,path_g_full_reassign,0.1,4.0,post-hoc majority actor at IoU>=0.9; majority ties excluded,39,33,33,0,0,6,0,0,0,0,0,0,N/A
oracle_aabb,confirmation38,data39-1,deepocsort,H,cost_h,cost_h_full_reassign,0.1,4.0,post-hoc majority actor at IoU>=0.9; majority ties excluded,9,5,6,2,2,0,0,1,0,0,0,0,True
oracle_aabb,confirmation38,data39-1,deepocsort,P-G,path_g,path_g_full_reassign,0.1,4.0,post-hoc majority actor at IoU>=0.9; majority ties excluded,9,6,6,0,3,0,0,0,0,0,0,0,N/A
oracle_aabb,confirmation38,data39-1,ocsort,H,cost_h,cost_h_full_reassign,0.1,4.0,post-hoc majority actor at IoU>=0.9; majority ties excluded,11,7,8,1,2,1,0,1,0,0,0,0,True
oracle_aabb,confirmation38,data39-1,ocsort,P-G,path_g,path_g_full_reassign,0.1,4.0,post-hoc majority actor at IoU>=0.9; majority ties excluded,10,8,8,0,1,1,0,0,0,0,0,0,N/A
oracle_aabb,confirmation38,data39-2,bytetrack,H,cost_h,cost_h_full_reassign,0.1,4.0,post-hoc majority actor at IoU>=0.9; majority ties excluded,21,20,20,0,0,1,0,0,1,0,0,1,True
oracle_aabb,confirmation38,data39-2,bytetrack,P-G,path_g,path_g_full_reassign,0.1,4.0,post-hoc majority actor at IoU>=0.9; majority ties excluded,21,20,20,0,0,1,0,0,0,0,0,0,N/A
oracle_aabb,confirmation38,data39-2,deepocsort,H,cost_h,cost_h_full_reassign,0.1,4.0,post-hoc majority actor at IoU>=0.9; majority ties excluded,3,3,3,0,0,0,0,0,0,0,0,0,True
oracle_aabb,confirmation38,data39-2,deepocsort,P-G,path_g,path_g_full_reassign,0.1,4.0,post-hoc majority actor at IoU>=0.9; majority ties excluded,3,3,3,0,0,0,0,0,0,0,0,0,N/A
oracle_aabb,confirmation38,data39-2,ocsort,H,cost_h,cost_h_full_reassign,0.1,4.0,post-hoc majority actor at IoU>=0.9; majority ties excluded,9,9,9,0,0,0,0,0,0,0,0,0,True
oracle_aabb,confirmation38,data39-2,ocsort,P-G,path_g,path_g_full_reassign,0.1,4.0,post-hoc majority actor at IoU>=0.9; majority ties excluded,9,9,9,0,0,0,0,0,0,0,0,0,N/A
oracle_aabb,confirmation38,data39-3,bytetrack,H,cost_h,cost_h_full_reassign,0.1,4.0,post-hoc majority actor at IoU>=0.9; majority ties excluded,73,55,60,0,0,18,0,1,6,0,0,2,True
oracle_aabb,confirmation38,data39-3,bytetrack,P-G,path_g,path_g_full_reassign,0.1,4.0,post-hoc majority actor at IoU>=0.9; majority ties excluded,69,59,59,0,0,10,0,0,0,0,0,0,N/A
oracle_aabb,confirmation38,data39-3,deepocsort,H,cost_h,cost_h_full_reassign,0.1,4.0,post-hoc majority actor at IoU>=0.9; majority ties excluded,9,8,9,0,1,0,0,1,0,0,0,0,True
oracle_aabb,confirmation38,data39-3,deepocsort,P-G,path_g,path_g_full_reassign,0.1,4.0,post-hoc majority actor at IoU>=0.9; majority ties excluded,9,8,9,0,1,0,0,1,0,0,0,0,N/A
oracle_aabb,confirmation38,data39-3,ocsort,H,cost_h,cost_h_full_reassign,0.1,4.0,post-hoc majority actor at IoU>=0.9; majority ties excluded,25,20,21,4,1,0,0,1,0,0,0,0,True
oracle_aabb,confirmation38,data39-3,ocsort,P-G,path_g,path_g_full_reassign,0.1,4.0,post-hoc majority actor at IoU>=0.9; majority ties excluded,25,21,21,2,2,0,0,0,0,0,0,0,N/A
oracle_aabb,confirmation38,data39-6,bytetrack,H,cost_h,cost_h_full_reassign,0.1,4.0,post-hoc majority actor at IoU>=0.9; majority ties excluded,88,61,69,0,0,27,0,1,12,0,0,5,True
oracle_aabb,confirmation38,data39-6,bytetrack,P-G,path_g,path_g_full_reassign,0.1,4.0,post-hoc majority actor at IoU>=0.9; majority ties excluded,80,69,69,0,0,11,0,0,0,0,0,0,N/A
oracle_aabb,confirmation38,data39-6,deepocsort,H,cost_h,cost_h_full_reassign,0.1,4.0,post-hoc majority actor at IoU>=0.9; majority ties excluded,4,2,3,1,1,0,0,1,0,0,0,0,True
oracle_aabb,confirmation38,data39-6,deepocsort,P-G,path_g,path_g_full_reassign,0.1,4.0,post-hoc majority actor at IoU>=0.9; majority ties excluded,4,2,3,1,1,0,0,1,0,0,0,0,N/A
oracle_aabb,confirmation38,data39-6,ocsort,H,cost_h,cost_h_full_reassign,0.1,4.0,post-hoc majority actor at IoU>=0.9; majority ties excluded,34,30,30,0,4,0,0,0,0,0,0,0,True
oracle_aabb,confirmation38,data39-6,ocsort,P-G,path_g,path_g_full_reassign,0.1,4.0,post-hoc majority actor at IoU>=0.9; majority ties excluded,33,29,29,1,3,0,0,0,0,0,0,0,N/A
oracle_aabb,confirmation38,data40-3,bytetrack,H,cost_h,cost_h_full_reassign,0.1,4.0,post-hoc majority actor at IoU>=0.9; majority ties excluded,8,8,8,0,0,0,0,0,0,0,0,0,True
oracle_aabb,confirmation38,data40-3,bytetrack,P-G,path_g,path_g_full_reassign,0.1,4.0,post-hoc majority actor at IoU>=0.9; majority ties excluded,8,8,8,0,0,0,0,0,0,0,0,0,N/A
oracle_aabb,confirmation38,data40-3,deepocsort,H,cost_h,cost_h_full_reassign,0.1,4.0,post-hoc majority actor at IoU>=0.9; majority ties excluded,21,20,20,0,1,0,0,0,0,0,0,0,True
oracle_aabb,confirmation38,data40-3,deepocsort,P-G,path_g,path_g_full_reassign,0.1,4.0,post-hoc majority actor at IoU>=0.9; majority ties excluded,21,20,20,0,1,0,0,0,0,0,0,0,N/A
oracle_aabb,confirmation38,data40-3,ocsort,H,cost_h,cost_h_full_reassign,0.1,4.0,post-hoc majority actor at IoU>=0.9; majority ties excluded,28,28,28,0,0,0,0,0,0,0,0,0,True
oracle_aabb,confirmation38,data40-3,ocsort,P-G,path_g,path_g_full_reassign,0.1,4.0,post-hoc majority actor at IoU>=0.9; majority ties excluded,28,28,28,0,0,0,0,0,0,0,0,0,N/A
oracle_aabb,confirmation38,data40-4,bytetrack,H,cost_h,cost_h_full_reassign,0.1,4.0,post-hoc majority actor at IoU>=0.9; majority ties excluded,157,101,119,1,5,50,0,1,21,0,0,4,True
oracle_aabb,confirmation38,data40-4,bytetrack,P-G,path_g,path_g_full_reassign,0.1,4.0,post-hoc majority actor at IoU>=0.9; majority ties excluded,146,118,119,1,3,24,0,0,1,0,0,0,N/A
oracle_aabb,confirmation38,data40-4,deepocsort,H,cost_h,cost_h_full_reassign,0.1,4.0,post-hoc majority actor at IoU>=0.9; majority ties excluded,3,3,3,0,0,0,0,0,0,0,0,0,True
oracle_aabb,confirmation38,data40-4,deepocsort,P-G,path_g,path_g_full_reassign,0.1,4.0,post-hoc majority actor at IoU>=0.9; majority ties excluded,3,3,3,0,0,0,0,0,0,0,0,0,N/A
oracle_aabb,confirmation38,data40-4,ocsort,H,cost_h,cost_h_full_reassign,0.1,4.0,post-hoc majority actor at IoU>=0.9; majority ties excluded,130,107,112,8,11,4,4,1,0,0,0,0,True
oracle_aabb,confirmation38,data40-4,ocsort,P-G,path_g,path_g_full_reassign,0.1,4.0,post-hoc majority actor at IoU>=0.9; majority ties excluded,126,112,112,6,6,2,0,0,0,0,0,0,N/A
oracle_aabb,confirmation38,data40-5,bytetrack,H,cost_h,cost_h_full_reassign,0.1,4.0,post-hoc majority actor at IoU>=0.9; majority ties excluded,79,68,71,0,1,10,0,0,3,0,0,0,True
oracle_aabb,confirmation38,data40-5,bytetrack,P-G,path_g,path_g_full_reassign,0.1,4.0,post-hoc majority actor at IoU>=0.9; majority ties excluded,76,71,71,0,0,5,0,0,0,0,0,0,N/A
oracle_aabb,confirmation38,data40-5,deepocsort,H,cost_h,cost_h_full_reassign,0.1,4.0,post-hoc majority actor at IoU>=0.9; majority ties excluded,22,19,19,2,1,0,0,0,0,0,0,0,True
oracle_aabb,confirmation38,data40-5,deepocsort,P-G,path_g,path_g_full_reassign,0.1,4.0,post-hoc majority actor at IoU>=0.9; majority ties excluded,22,19,19,2,1,0,0,0,0,0,0,0,N/A
oracle_aabb,confirmation38,data40-5,ocsort,H,cost_h,cost_h_full_reassign,0.1,4.0,post-hoc majority actor at IoU>=0.9; majority ties excluded,28,25,25,3,0,0,0,0,0,0,0,0,True
oracle_aabb,confirmation38,data40-5,ocsort,P-G,path_g,path_g_full_reassign,0.1,4.0,post-hoc majority actor at IoU>=0.9; majority ties excluded,28,25,25,3,0,0,0,0,0,0,0,0,N/A
oracle_aabb,confirmation38,data41-1,bytetrack,H,cost_h,cost_h_full_reassign,0.1,4.0,post-hoc majority actor at IoU>=0.9; majority ties excluded,1,1,1,0,0,0,0,0,0,0,0,0,True
oracle_aabb,confirmation38,data41-1,bytetrack,P-G,path_g,path_g_full_reassign,0.1,4.0,post-hoc majority actor at IoU>=0.9; majority ties excluded,1,1,1,0,0,0,0,0,0,0,0,0,N/A
oracle_aabb,confirmation38,data41-1,deepocsort,H,cost_h,cost_h_full_reassign,0.1,4.0,post-hoc majority actor at IoU>=0.9; majority ties excluded,9,9,9,0,0,0,0,0,0,0,0,0,True
oracle_aabb,confirmation38,data41-1,deepocsort,P-G,path_g,path_g_full_reassign,0.1,4.0,post-hoc majority actor at IoU>=0.9; majority ties excluded,9,9,9,0,0,0,0,0,0,0,0,0,N/A
oracle_aabb,confirmation38,data41-1,ocsort,H,cost_h,cost_h_full_reassign,0.1,4.0,post-hoc majority actor at IoU>=0.9; majority ties excluded,13,12,12,0,1,0,0,0,0,0,0,0,True
oracle_aabb,confirmation38,data41-1,ocsort,P-G,path_g,path_g_full_reassign,0.1,4.0,post-hoc majority actor at IoU>=0.9; majority ties excluded,13,12,12,0,1,0,0,0,0,0,0,0,N/A
oracle_aabb,confirmation38,data42-1,bytetrack,H,cost_h,cost_h_full_reassign,0.1,4.0,post-hoc majority actor at IoU>=0.9; majority ties excluded,80,66,69,0,0,14,0,0,3,0,0,0,True
oracle_aabb,confirmation38,data42-1,bytetrack,P-G,path_g,path_g_full_reassign,0.1,4.0,post-hoc majority actor at IoU>=0.9; majority ties excluded,78,69,69,0,0,9,0,0,0,0,0,0,N/A
oracle_aabb,confirmation38,data42-1,deepocsort,H,cost_h,cost_h_full_reassign,0.1,4.0,post-hoc majority actor at IoU>=0.9; majority ties excluded,54,45,46,6,3,0,0,1,0,0,0,0,True
oracle_aabb,confirmation38,data42-1,deepocsort,P-G,path_g,path_g_full_reassign,0.1,4.0,post-hoc majority actor at IoU>=0.9; majority ties excluded,54,45,46,6,3,0,0,1,0,0,0,0,N/A
oracle_aabb,confirmation38,data42-1,ocsort,H,cost_h,cost_h_full_reassign,0.1,4.0,post-hoc majority actor at IoU>=0.9; majority ties excluded,59,54,54,2,3,0,0,0,0,0,0,0,True
oracle_aabb,confirmation38,data42-1,ocsort,P-G,path_g,path_g_full_reassign,0.1,4.0,post-hoc majority actor at IoU>=0.9; majority ties excluded,59,54,54,2,3,0,0,0,0,0,0,0,N/A
oracle_aabb,confirmation38,data42-2,bytetrack,H,cost_h,cost_h_full_reassign,0.1,4.0,post-hoc majority actor at IoU>=0.9; majority ties excluded,43,39,39,0,0,4,0,0,0,0,0,0,True
oracle_aabb,confirmation38,data42-2,bytetrack,P-G,path_g,path_g_full_reassign,0.1,4.0,post-hoc majority actor at IoU>=0.9; majority ties excluded,42,39,39,0,0,3,0,0,0,0,0,0,N/A
oracle_aabb,confirmation38,data42-2,deepocsort,H,cost_h,cost_h_full_reassign,0.1,4.0,post-hoc majority actor at IoU>=0.9; majority ties excluded,29,27,27,2,0,0,0,0,0,0,0,0,True
oracle_aabb,confirmation38,data42-2,deepocsort,P-G,path_g,path_g_full_reassign,0.1,4.0,post-hoc majority actor at IoU>=0.9; majority ties excluded,29,27,27,2,0,0,0,0,0,0,0,0,N/A
oracle_aabb,confirmation38,data42-2,ocsort,H,cost_h,cost_h_full_reassign,0.1,4.0,post-hoc majority actor at IoU>=0.9; majority ties excluded,35,35,35,0,0,0,0,0,0,0,0,0,True
oracle_aabb,confirmation38,data42-2,ocsort,P-G,path_g,path_g_full_reassign,0.1,4.0,post-hoc majority actor at IoU>=0.9; majority ties excluded,35,35,35,0,0,0,0,0,0,0,0,0,N/A
oracle_aabb,confirmation38,data42-3,bytetrack,H,cost_h,cost_h_full_reassign,0.1,4.0,post-hoc majority actor at IoU>=0.9; majority ties excluded,16,13,13,0,0,3,0,0,2,0,0,2,True
oracle_aabb,confirmation38,data42-3,bytetrack,P-G,path_g,path_g_full_reassign,0.1,4.0,post-hoc majority actor at IoU>=0.9; majority ties excluded,16,12,12,0,0,4,0,0,0,0,0,0,N/A
oracle_aabb,confirmation38,data42-3,deepocsort,H,cost_h,cost_h_full_reassign,0.1,4.0,post-hoc majority actor at IoU>=0.9; majority ties excluded,7,7,7,0,0,0,0,0,0,0,0,0,True
oracle_aabb,confirmation38,data42-3,deepocsort,P-G,path_g,path_g_full_reassign,0.1,4.0,post-hoc majority actor at IoU>=0.9; majority ties excluded,7,7,7,0,0,0,0,0,0,0,0,0,N/A
oracle_aabb,confirmation38,data42-3,ocsort,H,cost_h,cost_h_full_reassign,0.1,4.0,post-hoc majority actor at IoU>=0.9; majority ties excluded,35,32,33,2,1,0,0,1,0,0,0,0,True
oracle_aabb,confirmation38,data42-3,ocsort,P-G,path_g,path_g_full_reassign,0.1,4.0,post-hoc majority actor at IoU>=0.9; majority ties excluded,34,33,33,1,0,0,0,0,0,0,0,0,N/A
oracle_aabb,confirmation38,data46-11,bytetrack,H,cost_h,cost_h_full_reassign,0.1,4.0,post-hoc majority actor at IoU>=0.9; majority ties excluded,244,182,198,1,5,56,4,1,23,3,2,7,True
oracle_aabb,confirmation38,data46-11,bytetrack,P-G,path_g,path_g_full_reassign,0.1,4.0,post-hoc majority actor at IoU>=0.9; majority ties excluded,228,195,196,1,1,31,0,0,1,0,0,0,N/A
oracle_aabb,confirmation38,data46-11,deepocsort,H,cost_h,cost_h_full_reassign,0.1,4.0,post-hoc majority actor at IoU>=0.9; majority ties excluded,7,6,6,1,0,0,0,0,0,0,0,0,True
oracle_aabb,confirmation38,data46-11,deepocsort,P-G,path_g,path_g_full_reassign,0.1,4.0,post-hoc majority actor at IoU>=0.9; majority ties excluded,7,6,6,1,0,0,0,0,0,0,0,0,N/A
oracle_aabb,confirmation38,data46-11,ocsort,H,cost_h,cost_h_full_reassign,0.1,4.0,post-hoc majority actor at IoU>=0.9; majority ties excluded,206,187,189,9,10,0,1,3,0,1,1,0,True
oracle_aabb,confirmation38,data46-11,ocsort,P-G,path_g,path_g_full_reassign,0.1,4.0,post-hoc majority actor at IoU>=0.9; majority ties excluded,201,187,187,6,8,0,0,0,0,0,0,0,N/A
oracle_aabb,confirmation38,data46-12,bytetrack,H,cost_h,cost_h_full_reassign,0.1,4.0,post-hoc majority actor at IoU>=0.9; majority ties excluded,104,79,88,0,0,25,0,0,12,1,0,2,True
oracle_aabb,confirmation38,data46-12,bytetrack,P-G,path_g,path_g_full_reassign,0.1,4.0,post-hoc majority actor at IoU>=0.9; majority ties excluded,100,88,88,0,0,12,0,0,0,0,0,0,N/A
oracle_aabb,confirmation38,data46-12,deepocsort,H,cost_h,cost_h_full_reassign,0.1,4.0,post-hoc majority actor at IoU>=0.9; majority ties excluded,3,3,3,0,0,0,0,0,0,0,0,0,True
oracle_aabb,confirmation38,data46-12,deepocsort,P-G,path_g,path_g_full_reassign,0.1,4.0,post-hoc majority actor at IoU>=0.9; majority ties excluded,3,3,3,0,0,0,0,0,0,0,0,0,N/A
oracle_aabb,confirmation38,data46-12,ocsort,H,cost_h,cost_h_full_reassign,0.1,4.0,post-hoc majority actor at IoU>=0.9; majority ties excluded,97,81,84,6,8,2,3,0,0,0,0,0,True
oracle_aabb,confirmation38,data46-12,ocsort,P-G,path_g,path_g_full_reassign,0.1,4.0,post-hoc majority actor at IoU>=0.9; majority ties excluded,95,83,84,5,6,1,1,0,0,0,0,0,N/A
oracle_aabb,confirmation38,data47-1,bytetrack,H,cost_h,cost_h_full_reassign,0.1,4.0,post-hoc majority actor at IoU>=0.9; majority ties excluded,14,6,8,0,0,8,0,0,2,0,0,0,True
oracle_aabb,confirmation38,data47-1,bytetrack,P-G,path_g,path_g_full_reassign,0.1,4.0,post-hoc majority actor at IoU>=0.9; majority ties excluded,12,8,8,0,0,4,0,0,0,0,0,0,N/A
oracle_aabb,confirmation38,data47-1,deepocsort,H,cost_h,cost_h_full_reassign,0.1,4.0,post-hoc majority actor at IoU>=0.9; majority ties excluded,3,3,3,0,0,0,0,0,0,0,0,0,True
oracle_aabb,confirmation38,data47-1,deepocsort,P-G,path_g,path_g_full_reassign,0.1,4.0,post-hoc majority actor at IoU>=0.9; majority ties excluded,3,3,3,0,0,0,0,0,0,0,0,0,N/A
oracle_aabb,confirmation38,data47-1,ocsort,H,cost_h,cost_h_full_reassign,0.1,4.0,post-hoc majority actor at IoU>=0.9; majority ties excluded,13,9,11,4,0,0,0,2,0,0,0,0,True
oracle_aabb,confirmation38,data47-1,ocsort,P-G,path_g,path_g_full_reassign,0.1,4.0,post-hoc majority actor at IoU>=0.9; majority ties excluded,13,11,11,0,2,0,0,0,0,0,0,0,N/A
oracle_aabb,confirmation38,data47-2,bytetrack,H,cost_h,cost_h_full_reassign,0.1,4.0,post-hoc majority actor at IoU>=0.9; majority ties excluded,64,51,51,0,0,13,0,0,1,0,0,1,True
oracle_aabb,confirmation38,data47-2,bytetrack,P-G,path_g,path_g_full_reassign,0.1,4.0,post-hoc majority actor at IoU>=0.9; majority ties excluded,63,47,48,0,0,16,0,0,1,0,0,0,N/A
oracle_aabb,confirmation38,data47-2,deepocsort,H,cost_h,cost_h_full_reassign,0.1,4.0,post-hoc majority actor at IoU>=0.9; majority ties excluded,6,6,6,0,0,0,0,0,0,0,0,0,True
oracle_aabb,confirmation38,data47-2,deepocsort,P-G,path_g,path_g_full_reassign,0.1,4.0,post-hoc majority actor at IoU>=0.9; majority ties excluded,6,6,6,0,0,0,0,0,0,0,0,0,N/A
oracle_aabb,confirmation38,data47-2,ocsort,H,cost_h,cost_h_full_reassign,0.1,4.0,post-hoc majority actor at IoU>=0.9; majority ties excluded,24,20,21,4,0,0,0,1,0,0,0,0,True
oracle_aabb,confirmation38,data47-2,ocsort,P-G,path_g,path_g_full_reassign,0.1,4.0,post-hoc majority actor at IoU>=0.9; majority ties excluded,24,21,21,2,1,0,0,0,0,0,0,0,N/A
oracle_aabb,confirmation38,data47-3,bytetrack,H,cost_h,cost_h_full_reassign,0.1,4.0,post-hoc majority actor at IoU>=0.9; majority ties excluded,95,77,82,0,2,16,1,1,6,2,0,1,True
oracle_aabb,confirmation38,data47-3,bytetrack,P-G,path_g,path_g_full_reassign,0.1,4.0,post-hoc majority actor at IoU>=0.9; majority ties excluded,90,82,82,0,1,7,0,0,0,0,0,0,N/A
oracle_aabb,confirmation38,data47-3,deepocsort,H,cost_h,cost_h_full_reassign,0.1,4.0,post-hoc majority actor at IoU>=0.9; majority ties excluded,5,5,5,0,0,0,0,0,0,0,0,0,True
oracle_aabb,confirmation38,data47-3,deepocsort,P-G,path_g,path_g_full_reassign,0.1,4.0,post-hoc majority actor at IoU>=0.9; majority ties excluded,5,5,5,0,0,0,0,0,0,0,0,0,N/A
oracle_aabb,confirmation38,data47-3,ocsort,H,cost_h,cost_h_full_reassign,0.1,4.0,post-hoc majority actor at IoU>=0.9; majority ties excluded,44,41,42,2,0,1,1,0,0,0,0,0,True
oracle_aabb,confirmation38,data47-3,ocsort,P-G,path_g,path_g_full_reassign,0.1,4.0,post-hoc majority actor at IoU>=0.9; majority ties excluded,43,42,42,0,0,1,0,0,0,0,0,0,N/A
oracle_aabb,confirmation38,data47-4,bytetrack,H,cost_h,cost_h_full_reassign,0.1,4.0,post-hoc majority actor at IoU>=0.9; majority ties excluded,19,15,16,0,0,4,0,0,1,0,0,0,True
oracle_aabb,confirmation38,data47-4,bytetrack,P-G,path_g,path_g_full_reassign,0.1,4.0,post-hoc majority actor at IoU>=0.9; majority ties excluded,18,16,16,0,0,2,0,0,0,0,0,0,N/A
oracle_aabb,confirmation38,data47-4,deepocsort,H,cost_h,cost_h_full_reassign,0.1,4.0,post-hoc majority actor at IoU>=0.9; majority ties excluded,7,7,7,0,0,0,0,0,0,0,0,0,True
oracle_aabb,confirmation38,data47-4,deepocsort,P-G,path_g,path_g_full_reassign,0.1,4.0,post-hoc majority actor at IoU>=0.9; majority ties excluded,7,7,7,0,0,0,0,0,0,0,0,0,N/A
oracle_aabb,confirmation38,data47-4,ocsort,H,cost_h,cost_h_full_reassign,0.1,4.0,post-hoc majority actor at IoU>=0.9; majority ties excluded,4,4,4,0,0,0,0,0,0,0,0,0,True
oracle_aabb,confirmation38,data47-4,ocsort,P-G,path_g,path_g_full_reassign,0.1,4.0,post-hoc majority actor at IoU>=0.9; majority ties excluded,4,4,4,0,0,0,0,0,0,0,0,0,N/A
oracle_aabb,confirmation38,data48-1,bytetrack,H,cost_h,cost_h_full_reassign,0.1,4.0,post-hoc majority actor at IoU>=0.9; majority ties excluded,13,13,13,0,0,0,0,0,0,0,0,0,True
oracle_aabb,confirmation38,data48-1,bytetrack,P-G,path_g,path_g_full_reassign,0.1,4.0,post-hoc majority actor at IoU>=0.9; majority ties excluded,13,13,13,0,0,0,0,0,0,0,0,0,N/A
oracle_aabb,confirmation38,data48-1,deepocsort,H,cost_h,cost_h_full_reassign,0.1,4.0,post-hoc majority actor at IoU>=0.9; majority ties excluded,0,0,0,0,0,0,0,0,0,0,0,0,True
oracle_aabb,confirmation38,data48-1,deepocsort,P-G,path_g,path_g_full_reassign,0.1,4.0,post-hoc majority actor at IoU>=0.9; majority ties excluded,0,0,0,0,0,0,0,0,0,0,0,0,N/A
oracle_aabb,confirmation38,data48-1,ocsort,H,cost_h,cost_h_full_reassign,0.1,4.0,post-hoc majority actor at IoU>=0.9; majority ties excluded,29,27,27,2,0,0,0,0,0,0,0,0,True
oracle_aabb,confirmation38,data48-1,ocsort,P-G,path_g,path_g_full_reassign,0.1,4.0,post-hoc majority actor at IoU>=0.9; majority ties excluded,29,27,27,2,0,0,0,0,0,0,0,0,N/A
oracle_aabb,confirmation38,data49-2,bytetrack,H,cost_h,cost_h_full_reassign,0.1,4.0,post-hoc majority actor at IoU>=0.9; majority ties excluded,107,87,94,7,0,13,5,1,4,2,0,1,True
oracle_aabb,confirmation38,data49-2,bytetrack,P-G,path_g,path_g_full_reassign,0.1,4.0,post-hoc majority actor at IoU>=0.9; majority ties excluded,102,94,94,0,0,8,0,0,0,0,0,0,N/A
oracle_aabb,confirmation38,data49-2,deepocsort,H,cost_h,cost_h_full_reassign,0.1,4.0,post-hoc majority actor at IoU>=0.9; majority ties excluded,2,1,2,1,0,0,0,1,0,0,0,0,True
oracle_aabb,confirmation38,data49-2,deepocsort,P-G,path_g,path_g_full_reassign,0.1,4.0,post-hoc majority actor at IoU>=0.9; majority ties excluded,2,1,2,1,0,0,0,1,0,0,0,0,N/A
oracle_aabb,confirmation38,data49-2,ocsort,H,cost_h,cost_h_full_reassign,0.1,4.0,post-hoc majority actor at IoU>=0.9; majority ties excluded,38,35,35,1,2,0,0,0,0,0,0,0,True
oracle_aabb,confirmation38,data49-2,ocsort,P-G,path_g,path_g_full_reassign,0.1,4.0,post-hoc majority actor at IoU>=0.9; majority ties excluded,38,35,35,1,2,0,0,0,0,0,0,0,N/A
oracle_aabb,legacy12,data28-1,bytetrack,H,cost_h,cost_h_full_reassign,0.1,4.0,post-hoc majority actor at IoU>=0.9; majority ties excluded,107,93,97,0,9,5,1,5,2,0,0,4,True
oracle_aabb,legacy12,data28-1,bytetrack,P-G,path_g,path_g_full_reassign,0.1,4.0,post-hoc majority actor at IoU>=0.9; majority ties excluded,101,95,95,0,3,3,0,0,0,0,0,0,N/A
oracle_aabb,legacy12,data28-1,deepocsort,H,cost_h,cost_h_full_reassign,0.1,4.0,post-hoc majority actor at IoU>=0.9; majority ties excluded,1,1,1,0,0,0,0,0,0,0,0,0,True
oracle_aabb,legacy12,data28-1,deepocsort,P-G,path_g,path_g_full_reassign,0.1,4.0,post-hoc majority actor at IoU>=0.9; majority ties excluded,1,1,1,0,0,0,0,0,0,0,0,0,N/A
oracle_aabb,legacy12,data28-1,ocsort,H,cost_h,cost_h_full_reassign,0.1,4.0,post-hoc majority actor at IoU>=0.9; majority ties excluded,95,72,78,1,19,3,1,6,0,0,1,0,True
oracle_aabb,legacy12,data28-1,ocsort,P-G,path_g,path_g_full_reassign,0.1,4.0,post-hoc majority actor at IoU>=0.9; majority ties excluded,87,77,77,1,8,1,0,0,0,0,0,0,N/A
oracle_aabb,legacy12,data28-2,bytetrack,H,cost_h,cost_h_full_reassign,0.1,4.0,post-hoc majority actor at IoU>=0.9; majority ties excluded,5,5,5,0,0,0,0,0,0,0,0,0,True
oracle_aabb,legacy12,data28-2,bytetrack,P-G,path_g,path_g_full_reassign,0.1,4.0,post-hoc majority actor at IoU>=0.9; majority ties excluded,5,5,5,0,0,0,0,0,0,0,0,0,N/A
oracle_aabb,legacy12,data28-2,deepocsort,H,cost_h,cost_h_full_reassign,0.1,4.0,post-hoc majority actor at IoU>=0.9; majority ties excluded,3,3,3,0,0,0,0,0,0,0,0,0,True
oracle_aabb,legacy12,data28-2,deepocsort,P-G,path_g,path_g_full_reassign,0.1,4.0,post-hoc majority actor at IoU>=0.9; majority ties excluded,3,3,3,0,0,0,0,0,0,0,0,0,N/A
oracle_aabb,legacy12,data28-2,ocsort,H,cost_h,cost_h_full_reassign,0.1,4.0,post-hoc majority actor at IoU>=0.9; majority ties excluded,36,31,34,5,0,0,0,3,0,0,0,0,True
oracle_aabb,legacy12,data28-2,ocsort,P-G,path_g,path_g_full_reassign,0.1,4.0,post-hoc majority actor at IoU>=0.9; majority ties excluded,34,34,34,0,0,0,0,0,0,0,0,0,N/A
oracle_aabb,legacy12,data28-3,bytetrack,H,cost_h,cost_h_full_reassign,0.1,4.0,post-hoc majority actor at IoU>=0.9; majority ties excluded,0,0,0,0,0,0,0,0,0,0,0,0,True
oracle_aabb,legacy12,data28-3,bytetrack,P-G,path_g,path_g_full_reassign,0.1,4.0,post-hoc majority actor at IoU>=0.9; majority ties excluded,0,0,0,0,0,0,0,0,0,0,0,0,N/A
oracle_aabb,legacy12,data28-3,deepocsort,H,cost_h,cost_h_full_reassign,0.1,4.0,post-hoc majority actor at IoU>=0.9; majority ties excluded,0,0,0,0,0,0,0,0,0,0,0,0,True
oracle_aabb,legacy12,data28-3,deepocsort,P-G,path_g,path_g_full_reassign,0.1,4.0,post-hoc majority actor at IoU>=0.9; majority ties excluded,0,0,0,0,0,0,0,0,0,0,0,0,N/A
oracle_aabb,legacy12,data28-3,ocsort,H,cost_h,cost_h_full_reassign,0.1,4.0,post-hoc majority actor at IoU>=0.9; majority ties excluded,0,0,0,0,0,0,0,0,0,0,0,0,True
oracle_aabb,legacy12,data28-3,ocsort,P-G,path_g,path_g_full_reassign,0.1,4.0,post-hoc majority actor at IoU>=0.9; majority ties excluded,0,0,0,0,0,0,0,0,0,0,0,0,N/A
oracle_aabb,legacy12,data28-4,bytetrack,H,cost_h,cost_h_full_reassign,0.1,4.0,post-hoc majority actor at IoU>=0.9; majority ties excluded,1,1,1,0,0,0,0,0,0,0,0,0,True
oracle_aabb,legacy12,data28-4,bytetrack,P-G,path_g,path_g_full_reassign,0.1,4.0,post-hoc majority actor at IoU>=0.9; majority ties excluded,1,1,1,0,0,0,0,0,0,0,0,0,N/A
oracle_aabb,legacy12,data28-4,deepocsort,H,cost_h,cost_h_full_reassign,0.1,4.0,post-hoc majority actor at IoU>=0.9; majority ties excluded,1,1,1,0,0,0,0,0,0,0,0,0,True
oracle_aabb,legacy12,data28-4,deepocsort,P-G,path_g,path_g_full_reassign,0.1,4.0,post-hoc majority actor at IoU>=0.9; majority ties excluded,1,1,1,0,0,0,0,0,0,0,0,0,N/A
oracle_aabb,legacy12,data28-4,ocsort,H,cost_h,cost_h_full_reassign,0.1,4.0,post-hoc majority actor at IoU>=0.9; majority ties excluded,0,0,0,0,0,0,0,0,0,0,0,0,True
oracle_aabb,legacy12,data28-4,ocsort,P-G,path_g,path_g_full_reassign,0.1,4.0,post-hoc majority actor at IoU>=0.9; majority ties excluded,0,0,0,0,0,0,0,0,0,0,0,0,N/A
oracle_aabb,legacy12,data28-5,bytetrack,H,cost_h,cost_h_full_reassign,0.1,4.0,post-hoc majority actor at IoU>=0.9; majority ties excluded,0,0,0,0,0,0,0,0,0,0,0,0,True
oracle_aabb,legacy12,data28-5,bytetrack,P-G,path_g,path_g_full_reassign,0.1,4.0,post-hoc majority actor at IoU>=0.9; majority ties excluded,0,0,0,0,0,0,0,0,0,0,0,0,N/A
oracle_aabb,legacy12,data28-5,deepocsort,H,cost_h,cost_h_full_reassign,0.1,4.0,post-hoc majority actor at IoU>=0.9; majority ties excluded,12,11,11,1,0,0,0,0,0,0,0,0,True
oracle_aabb,legacy12,data28-5,deepocsort,P-G,path_g,path_g_full_reassign,0.1,4.0,post-hoc majority actor at IoU>=0.9; majority ties excluded,12,11,11,1,0,0,0,0,0,0,0,0,N/A
oracle_aabb,legacy12,data28-5,ocsort,H,cost_h,cost_h_full_reassign,0.1,4.0,post-hoc majority actor at IoU>=0.9; majority ties excluded,13,11,11,1,1,0,0,0,0,0,0,0,True
oracle_aabb,legacy12,data28-5,ocsort,P-G,path_g,path_g_full_reassign,0.1,4.0,post-hoc majority actor at IoU>=0.9; majority ties excluded,13,11,11,1,1,0,0,0,0,0,0,0,N/A
oracle_aabb,legacy12,data28-6,bytetrack,H,cost_h,cost_h_full_reassign,0.1,4.0,post-hoc majority actor at IoU>=0.9; majority ties excluded,1,1,1,0,0,0,0,0,0,0,0,0,True
oracle_aabb,legacy12,data28-6,bytetrack,P-G,path_g,path_g_full_reassign,0.1,4.0,post-hoc majority actor at IoU>=0.9; majority ties excluded,1,1,1,0,0,0,0,0,0,0,0,0,N/A
oracle_aabb,legacy12,data28-6,deepocsort,H,cost_h,cost_h_full_reassign,0.1,4.0,post-hoc majority actor at IoU>=0.9; majority ties excluded,0,0,0,0,0,0,0,0,0,0,0,0,True
oracle_aabb,legacy12,data28-6,deepocsort,P-G,path_g,path_g_full_reassign,0.1,4.0,post-hoc majority actor at IoU>=0.9; majority ties excluded,0,0,0,0,0,0,0,0,0,0,0,0,N/A
oracle_aabb,legacy12,data28-6,ocsort,H,cost_h,cost_h_full_reassign,0.1,4.0,post-hoc majority actor at IoU>=0.9; majority ties excluded,1,0,0,0,1,0,0,0,0,0,0,0,True
oracle_aabb,legacy12,data28-6,ocsort,P-G,path_g,path_g_full_reassign,0.1,4.0,post-hoc majority actor at IoU>=0.9; majority ties excluded,1,0,0,0,1,0,0,0,0,0,0,0,N/A
oracle_aabb,legacy12,data30-10,bytetrack,H,cost_h,cost_h_full_reassign,0.1,4.0,post-hoc majority actor at IoU>=0.9; majority ties excluded,111,98,101,0,0,13,0,1,2,0,0,0,True
oracle_aabb,legacy12,data30-10,bytetrack,P-G,path_g,path_g_full_reassign,0.1,4.0,post-hoc majority actor at IoU>=0.9; majority ties excluded,109,100,100,0,0,9,0,0,0,0,0,0,N/A
oracle_aabb,legacy12,data30-10,deepocsort,H,cost_h,cost_h_full_reassign,0.1,4.0,post-hoc majority actor at IoU>=0.9; majority ties excluded,20,17,17,0,3,0,0,0,0,0,0,0,True
oracle_aabb,legacy12,data30-10,deepocsort,P-G,path_g,path_g_full_reassign,0.1,4.0,post-hoc majority actor at IoU>=0.9; majority ties excluded,20,17,17,0,3,0,0,0,0,0,0,0,N/A
oracle_aabb,legacy12,data30-10,ocsort,H,cost_h,cost_h_full_reassign,0.1,4.0,post-hoc majority actor at IoU>=0.9; majority ties excluded,161,152,154,5,4,0,0,2,0,0,0,0,True
oracle_aabb,legacy12,data30-10,ocsort,P-G,path_g,path_g_full_reassign,0.1,4.0,post-hoc majority actor at IoU>=0.9; majority ties excluded,161,154,154,2,5,0,0,0,0,0,0,0,N/A
oracle_aabb,legacy12,data30-2,bytetrack,H,cost_h,cost_h_full_reassign,0.1,4.0,post-hoc majority actor at IoU>=0.9; majority ties excluded,166,130,139,2,1,33,2,0,11,3,0,1,True
oracle_aabb,legacy12,data30-2,bytetrack,P-G,path_g,path_g_full_reassign,0.1,4.0,post-hoc majority actor at IoU>=0.9; majority ties excluded,156,138,138,1,0,17,0,0,0,0,0,0,N/A
oracle_aabb,legacy12,data30-2,deepocsort,H,cost_h,cost_h_full_reassign,0.1,4.0,post-hoc majority actor at IoU>=0.9; majority ties excluded,43,34,34,7,2,0,0,0,0,0,0,0,True
oracle_aabb,legacy12,data30-2,deepocsort,P-G,path_g,path_g_full_reassign,0.1,4.0,post-hoc majority actor at IoU>=0.9; majority ties excluded,43,34,34,7,2,0,0,0,0,0,0,0,N/A
oracle_aabb,legacy12,data30-2,ocsort,H,cost_h,cost_h_full_reassign,0.1,4.0,post-hoc majority actor at IoU>=0.9; majority ties excluded,102,82,89,18,1,1,5,2,0,0,0,0,True
oracle_aabb,legacy12,data30-2,ocsort,P-G,path_g,path_g_full_reassign,0.1,4.0,post-hoc majority actor at IoU>=0.9; majority ties excluded,96,89,89,4,2,1,0,0,0,0,0,0,N/A
oracle_aabb,legacy12,data30-3,bytetrack,H,cost_h,cost_h_full_reassign,0.1,4.0,post-hoc majority actor at IoU>=0.9; majority ties excluded,218,177,184,1,3,37,0,1,8,1,0,1,True
oracle_aabb,legacy12,data30-3,bytetrack,P-G,path_g,path_g_full_reassign,0.1,4.0,post-hoc majority actor at IoU>=0.9; majority ties excluded,214,184,184,1,3,26,0,0,0,0,0,0,N/A
oracle_aabb,legacy12,data30-3,deepocsort,H,cost_h,cost_h_full_reassign,0.1,4.0,post-hoc majority actor at IoU>=0.9; majority ties excluded,25,21,22,4,0,0,1,0,0,0,0,0,True
oracle_aabb,legacy12,data30-3,deepocsort,P-G,path_g,path_g_full_reassign,0.1,4.0,post-hoc majority actor at IoU>=0.9; majority ties excluded,24,22,22,2,0,0,0,0,0,0,0,0,N/A
oracle_aabb,legacy12,data30-3,ocsort,H,cost_h,cost_h_full_reassign,0.1,4.0,post-hoc majority actor at IoU>=0.9; majority ties excluded,166,142,148,16,5,3,4,3,1,0,2,0,True
oracle_aabb,legacy12,data30-3,ocsort,P-G,path_g,path_g_full_reassign,0.1,4.0,post-hoc majority actor at IoU>=0.9; majority ties excluded,160,148,148,8,3,1,0,0,0,0,0,0,N/A
oracle_aabb,legacy12,data30-4,bytetrack,H,cost_h,cost_h_full_reassign,0.1,4.0,post-hoc majority actor at IoU>=0.9; majority ties excluded,89,64,71,0,1,24,0,0,9,0,0,2,True
oracle_aabb,legacy12,data30-4,bytetrack,P-G,path_g,path_g_full_reassign,0.1,4.0,post-hoc majority actor at IoU>=0.9; majority ties excluded,82,69,70,0,1,12,0,0,1,0,0,0,N/A
oracle_aabb,legacy12,data30-4,deepocsort,H,cost_h,cost_h_full_reassign,0.1,4.0,post-hoc majority actor at IoU>=0.9; majority ties excluded,33,27,29,5,1,0,1,1,0,0,0,0,True
oracle_aabb,legacy12,data30-4,deepocsort,P-G,path_g,path_g_full_reassign,0.1,4.0,post-hoc majority actor at IoU>=0.9; majority ties excluded,33,27,29,5,1,0,1,1,0,0,0,0,N/A
oracle_aabb,legacy12,data30-4,ocsort,H,cost_h,cost_h_full_reassign,0.1,4.0,post-hoc majority actor at IoU>=0.9; majority ties excluded,58,53,53,3,2,0,1,1,0,1,1,0,True
oracle_aabb,legacy12,data30-4,ocsort,P-G,path_g,path_g_full_reassign,0.1,4.0,post-hoc majority actor at IoU>=0.9; majority ties excluded,56,53,53,2,1,0,0,0,0,0,0,0,N/A
oracle_aabb,legacy12,data30-5,bytetrack,H,cost_h,cost_h_full_reassign,0.1,4.0,post-hoc majority actor at IoU>=0.9; majority ties excluded,54,38,44,0,0,16,0,0,6,0,0,0,True
oracle_aabb,legacy12,data30-5,bytetrack,P-G,path_g,path_g_full_reassign,0.1,4.0,post-hoc majority actor at IoU>=0.9; majority ties excluded,51,44,44,0,0,7,0,0,0,0,0,0,N/A
oracle_aabb,legacy12,data30-5,deepocsort,H,cost_h,cost_h_full_reassign,0.1,4.0,post-hoc majority actor at IoU>=0.9; majority ties excluded,13,8,9,2,3,0,0,1,0,0,0,0,True
oracle_aabb,legacy12,data30-5,deepocsort,P-G,path_g,path_g_full_reassign,0.1,4.0,post-hoc majority actor at IoU>=0.9; majority ties excluded,13,9,9,1,3,0,0,0,0,0,0,0,N/A
oracle_aabb,legacy12,data30-5,ocsort,H,cost_h,cost_h_full_reassign,0.1,4.0,post-hoc majority actor at IoU>=0.9; majority ties excluded,39,34,35,3,2,0,0,1,0,0,0,0,True
oracle_aabb,legacy12,data30-5,ocsort,P-G,path_g,path_g_full_reassign,0.1,4.0,post-hoc majority actor at IoU>=0.9; majority ties excluded,38,35,35,1,2,0,0,0,0,0,0,0,N/A
oracle_aabb,legacy12,data30-9,bytetrack,H,cost_h,cost_h_full_reassign,0.1,4.0,post-hoc majority actor at IoU>=0.9; majority ties excluded,110,85,95,0,0,25,0,0,12,0,0,2,True
oracle_aabb,legacy12,data30-9,bytetrack,P-G,path_g,path_g_full_reassign,0.1,4.0,post-hoc majority actor at IoU>=0.9; majority ties excluded,106,95,95,0,0,11,0,0,0,0,0,0,N/A
oracle_aabb,legacy12,data30-9,deepocsort,H,cost_h,cost_h_full_reassign,0.1,4.0,post-hoc majority actor at IoU>=0.9; majority ties excluded,16,15,15,0,1,0,0,0,0,0,0,0,True
oracle_aabb,legacy12,data30-9,deepocsort,P-G,path_g,path_g_full_reassign,0.1,4.0,post-hoc majority actor at IoU>=0.9; majority ties excluded,16,15,15,0,1,0,0,0,0,0,0,0,N/A
oracle_aabb,legacy12,data30-9,ocsort,H,cost_h,cost_h_full_reassign,0.1,4.0,post-hoc majority actor at IoU>=0.9; majority ties excluded,157,131,137,15,7,4,1,4,1,0,0,0,True
oracle_aabb,legacy12,data30-9,ocsort,P-G,path_g,path_g_full_reassign,0.1,4.0,post-hoc majority actor at IoU>=0.9; majority ties excluded,154,137,137,9,5,3,0,0,0,0,0,0,N/A
