AssA,DetA,FN,FP,Frag,HOTA,IDF1,IDSW,MOTA,TP,family,invalid_class_instances,method,predicted_boxes,sequence,tracker,valid_gt_boxes,valid_output
63.52817869939839,52.80901941169592,402,25,8,57.79093954615798,72.19917012448133,19,64.96465043205028,871,confirmation38,0,geometry_greedy,896,data23-1,bytetrack,1273,True
63.52817869939839,52.80901941169592,402,25,8,57.79093954615798,72.19917012448133,19,64.96465043205028,871,confirmation38,0,geometry_reid_greedy,896,data23-1,bytetrack,1273,True
64.23653677547047,52.822814269190545,402,25,8,58.11990214953317,72.84462886122637,21,64.8075412411626,871,confirmation38,0,no_refinement,896,data23-1,bytetrack,1273,True
64.31558036897933,52.80901941169592,402,25,8,58.14906342088243,73.21346242508068,19,64.96465043205028,871,confirmation38,0,partial_hungarian_u080,896,data23-1,bytetrack,1273,True
64.31558036897933,52.80901941169592,402,25,8,58.14906342088243,73.21346242508068,19,64.96465043205028,871,confirmation38,0,partial_hungarian_u100,896,data23-1,bytetrack,1273,True
63.52817869939839,52.80901941169592,402,25,8,57.79093954615798,72.19917012448133,19,64.96465043205028,871,confirmation38,0,regr_final,896,data23-1,bytetrack,1273,True
63.52817869939839,52.80901941169592,402,25,8,57.79093954615798,72.19917012448133,19,64.96465043205028,871,confirmation38,0,regr_final_motion_always,896,data23-1,bytetrack,1273,True
63.52817869939839,52.80901941169592,402,25,8,57.79093954615798,72.19917012448133,19,64.96465043205028,871,confirmation38,0,regr_final_no_gap,896,data23-1,bytetrack,1273,True
63.52817869939839,52.80901941169592,402,25,8,57.79093954615798,72.19917012448133,19,64.96465043205028,871,confirmation38,0,regr_final_no_motion,896,data23-1,bytetrack,1273,True
63.52817869939839,52.80901941169592,402,25,8,57.79093954615798,72.19917012448133,19,64.96465043205028,871,confirmation38,0,regr_final_no_reciprocal,896,data23-1,bytetrack,1273,True
63.52817869939839,52.80901941169592,402,25,8,57.79093954615798,72.19917012448133,19,64.96465043205028,871,confirmation38,0,regr_t,896,data23-1,bytetrack,1273,True
64.27812776934276,52.80901941169592,402,25,8,58.13177428007609,73.02904564315352,20,64.88609583660644,871,confirmation38,0,regr_tg_old,896,data23-1,bytetrack,1273,True
64.31558036897933,52.80901941169592,402,25,8,58.14906342088243,73.21346242508068,19,64.96465043205028,871,confirmation38,0,s2_h_cond_w3_endpoint_c50_r100,896,data23-1,bytetrack,1273,True
81.10885122683683,53.55822242112514,430,21,6,65.41039173293237,78.8020589611605,1,64.49332285938726,843,confirmation38,0,geometry_greedy,864,data23-1,deepocsort,1273,True
81.10885122683683,53.55822242112514,430,21,6,65.41039173293237,78.8020589611605,1,64.49332285938726,843,confirmation38,0,geometry_reid_greedy,864,data23-1,deepocsort,1273,True
81.10885122683683,53.55822242112514,430,21,6,65.41039173293237,78.8020589611605,1,64.49332285938726,843,confirmation38,0,no_refinement,864,data23-1,deepocsort,1273,True
81.10885122683683,53.55822242112514,430,21,6,65.41039173293237,78.8020589611605,1,64.49332285938726,843,confirmation38,0,partial_hungarian_u080,864,data23-1,deepocsort,1273,True
81.10885122683683,53.55822242112514,430,21,6,65.41039173293237,78.8020589611605,1,64.49332285938726,843,confirmation38,0,partial_hungarian_u100,864,data23-1,deepocsort,1273,True
81.10885122683683,53.55822242112514,430,21,6,65.41039173293237,78.8020589611605,1,64.49332285938726,843,confirmation38,0,regr_final,864,data23-1,deepocsort,1273,True
81.10885122683683,53.55822242112514,430,21,6,65.41039173293237,78.8020589611605,1,64.49332285938726,843,confirmation38,0,regr_final_motion_always,864,data23-1,deepocsort,1273,True
81.10885122683683,53.55822242112514,430,21,6,65.41039173293237,78.8020589611605,1,64.49332285938726,843,confirmation38,0,regr_final_no_gap,864,data23-1,deepocsort,1273,True
81.10885122683683,53.55822242112514,430,21,6,65.41039173293237,78.8020589611605,1,64.49332285938726,843,confirmation38,0,regr_final_no_motion,864,data23-1,deepocsort,1273,True
81.10885122683683,53.55822242112514,430,21,6,65.41039173293237,78.8020589611605,1,64.49332285938726,843,confirmation38,0,regr_final_no_reciprocal,864,data23-1,deepocsort,1273,True
81.10885122683683,53.55822242112514,430,21,6,65.41039173293237,78.8020589611605,1,64.49332285938726,843,confirmation38,0,regr_t,864,data23-1,deepocsort,1273,True
81.10885122683683,53.55822242112514,430,21,6,65.41039173293237,78.8020589611605,1,64.49332285938726,843,confirmation38,0,regr_tg_old,864,data23-1,deepocsort,1273,True
81.10885122683683,53.55822242112514,430,21,6,65.41039173293237,78.8020589611605,1,64.49332285938726,843,confirmation38,0,s2_h_cond_w3_endpoint_c50_r100,864,data23-1,deepocsort,1273,True
67.26647145605271,52.11687407161468,444,20,23,58.91105822130075,71.44203581526861,25,61.586802827965435,829,confirmation38,0,geometry_greedy,849,data23-1,ocsort,1273,True
67.26647145605271,52.11687407161468,444,20,23,58.91105822130075,71.44203581526861,25,61.586802827965435,829,confirmation38,0,geometry_reid_greedy,849,data23-1,ocsort,1273,True
67.35116333788825,52.11687407161468,444,20,23,58.94864380414552,71.253534401508,27,61.42969363707776,829,confirmation38,0,no_refinement,849,data23-1,ocsort,1273,True
67.26647145605271,52.11687407161468,444,20,23,58.91105822130075,71.44203581526861,25,61.586802827965435,829,confirmation38,0,partial_hungarian_u080,849,data23-1,ocsort,1273,True
67.26647145605271,52.11687407161468,444,20,23,58.91105822130075,71.44203581526861,25,61.586802827965435,829,confirmation38,0,partial_hungarian_u100,849,data23-1,ocsort,1273,True
67.26647145605271,52.11687407161468,444,20,23,58.91105822130075,71.44203581526861,25,61.586802827965435,829,confirmation38,0,regr_final,849,data23-1,ocsort,1273,True
67.26647145605271,52.11687407161468,444,20,23,58.91105822130075,71.44203581526861,25,61.586802827965435,829,confirmation38,0,regr_final_motion_always,849,data23-1,ocsort,1273,True
67.26647145605271,52.11687407161468,444,20,23,58.91105822130075,71.44203581526861,25,61.586802827965435,829,confirmation38,0,regr_final_no_gap,849,data23-1,ocsort,1273,True
67.26647145605271,52.11687407161468,444,20,23,58.91105822130075,71.44203581526861,25,61.586802827965435,829,confirmation38,0,regr_final_no_motion,849,data23-1,ocsort,1273,True
67.26647145605271,52.11687407161468,444,20,23,58.91105822130075,71.44203581526861,25,61.586802827965435,829,confirmation38,0,regr_final_no_reciprocal,849,data23-1,ocsort,1273,True
67.26647145605271,52.11687407161468,444,20,23,58.91105822130075,71.44203581526861,25,61.586802827965435,829,confirmation38,0,regr_t,849,data23-1,ocsort,1273,True
67.3623529788295,52.11687407161468,444,20,23,58.953736868635346,71.44203581526861,25,61.586802827965435,829,confirmation38,0,regr_tg_old,849,data23-1,ocsort,1273,True
67.26647145605271,52.11687407161468,444,20,23,58.91105822130075,71.44203581526861,25,61.586802827965435,829,confirmation38,0,s2_h_cond_w3_endpoint_c50_r100,849,data23-1,ocsort,1273,True
56.10128275799337,31.42536863423166,6605,357,380,41.73571021151232,46.15580124539331,336,33.612298735558994,4388,confirmation38,0,geometry_greedy,4745,data24-1,bytetrack,10993,True
56.945618646646956,31.407575811814926,6605,357,380,42.04158051232255,46.32100648112848,317,33.78513599563359,4388,confirmation38,0,geometry_reid_greedy,4745,data24-1,bytetrack,10993,True
55.5782485072582,31.407575811814926,6605,357,380,41.50577349365982,43.563349853856906,516,31.97489311379969,4388,confirmation38,0,no_refinement,4745,data24-1,bytetrack,10993,True
56.83892872468539,31.402989192669335,6605,357,380,41.9977483798002,46.09226077011056,353,33.457654871281726,4388,confirmation38,0,partial_hungarian_u080,4745,data24-1,bytetrack,10993,True
56.83892872468539,31.402989192669335,6605,357,380,41.9977483798002,46.09226077011056,353,33.457654871281726,4388,confirmation38,0,partial_hungarian_u100,4745,data24-1,bytetrack,10993,True
56.933019925166874,31.407575811814926,6605,357,380,42.0369608971164,46.32100648112848,317,33.78513599563359,4388,confirmation38,0,regr_final,4745,data24-1,bytetrack,10993,True
56.9555036898547,31.407575811814926,6605,357,380,42.04553537600189,46.23204981573262,318,33.776039297734926,4388,confirmation38,0,regr_final_motion_always,4745,data24-1,bytetrack,10993,True
56.945618646646956,31.407575811814926,6605,357,380,42.04158051232255,46.32100648112848,317,33.78513599563359,4388,confirmation38,0,regr_final_no_gap,4745,data24-1,bytetrack,10993,True
56.933019925166874,31.407575811814926,6605,357,380,42.0369608971164,46.32100648112848,317,33.78513599563359,4388,confirmation38,0,regr_final_no_motion,4745,data24-1,bytetrack,10993,True
56.933019925166874,31.407575811814926,6605,357,380,42.0369608971164,46.32100648112848,317,33.78513599563359,4388,confirmation38,0,regr_final_no_reciprocal,4745,data24-1,bytetrack,10993,True
56.933019925166874,31.407575811814926,6605,357,380,42.0369608971164,46.32100648112848,317,33.78513599563359,4388,confirmation38,0,regr_t,4745,data24-1,bytetrack,10993,True
56.933019925166874,31.407575811814926,6605,357,380,42.0369608971164,46.32100648112848,317,33.78513599563359,4388,confirmation38,0,regr_tg_old,4745,data24-1,bytetrack,10993,True
56.80505122751772,31.407575811814926,6605,357,380,41.98747240471243,46.06684457999746,355,33.4394614754844,4388,confirmation38,0,s2_h_cond_w3_endpoint_c50_r100,4745,data24-1,bytetrack,10993,True
64.94742336567141,40.08575103782162,5389,866,262,50.485550019602776,55.397125350741575,118,42.02674429182207,5604,confirmation38,0,geometry_greedy,6470,data24-1,deepocsort,10993,True
66.81557655070752,40.10651058219936,5389,866,262,51.22585284770879,56.908893088243715,107,42.12680796870736,5604,confirmation38,0,geometry_reid_greedy,6470,data24-1,deepocsort,10993,True
65.60226345908536,40.107171061041235,5389,866,262,50.73613616817406,55.00773063047586,155,41.690166469571544,5604,confirmation38,0,no_refinement,6470,data24-1,deepocsort,10993,True
66.70257918940563,40.09882379784763,5389,866,262,51.17406269562963,56.7371012998912,114,42.06313108341672,5604,confirmation38,0,partial_hungarian_u080,6470,data24-1,deepocsort,10993,True
66.52718226784661,40.09882379784763,5389,866,262,51.1011462763188,56.542403939758344,116,42.044937687619395,5604,confirmation38,0,partial_hungarian_u100,6470,data24-1,deepocsort,10993,True
66.79467037992333,40.09882379784763,5389,866,262,51.212405162610565,56.88598751646337,105,42.14500136450469,5604,confirmation38,0,regr_final,6470,data24-1,deepocsort,10993,True
66.79467037992333,40.09882379784763,5389,866,262,51.212405162610565,56.88598751646337,105,42.14500136450469,5604,confirmation38,0,regr_final_motion_always,6470,data24-1,deepocsort,10993,True
66.81557655070752,40.10651058219936,5389,866,262,51.22585284770879,56.908893088243715,107,42.12680796870736,5604,confirmation38,0,regr_final_no_gap,6470,data24-1,deepocsort,10993,True
66.79467037992333,40.09882379784763,5389,866,262,51.212405162610565,56.88598751646337,105,42.14500136450469,5604,confirmation38,0,regr_final_no_motion,6470,data24-1,deepocsort,10993,True
66.79467037992333,40.09882379784763,5389,866,262,51.212405162610565,56.88598751646337,105,42.14500136450469,5604,confirmation38,0,regr_final_no_reciprocal,6470,data24-1,deepocsort,10993,True
66.79467037992333,40.09882379784763,5389,866,262,51.212405162610565,56.88598751646337,105,42.14500136450469,5604,confirmation38,0,regr_t,6470,data24-1,deepocsort,10993,True
66.79467037992333,40.09882379784763,5389,866,262,51.212405162610565,56.88598751646337,105,42.14500136450469,5604,confirmation38,0,regr_tg_old,6470,data24-1,deepocsort,10993,True
66.5715949099313,40.09882379784763,5389,866,262,51.11985535778047,56.55385672564851,116,42.044937687619395,5604,confirmation38,0,s2_h_cond_w3_endpoint_c50_r100,6470,data24-1,deepocsort,10993,True
61.411786308632955,28.90734704544033,7414,150,130,42.02508992849549,41.814970792011955,118,30.11916674247248,3579,confirmation38,0,geometry_greedy,3729,data24-1,ocsort,10993,True
63.202405858180676,28.90734704544033,7414,150,130,42.63464835410771,42.738758320880315,116,30.13736013826981,3579,confirmation38,0,geometry_reid_greedy,3729,data24-1,ocsort,10993,True
62.855762232154355,28.90734704544033,7414,150,130,42.51361970065607,42.11384322782231,145,29.873555899208586,3579,confirmation38,0,no_refinement,3729,data24-1,ocsort,10993,True
63.20315034856904,28.90734704544033,7414,150,130,42.63483154207176,42.69800298872436,119,30.110070044573824,3579,confirmation38,0,partial_hungarian_u080,3729,data24-1,ocsort,10993,True
63.20315034856904,28.90734704544033,7414,150,130,42.63483154207176,42.69800298872436,119,30.110070044573824,3579,confirmation38,0,partial_hungarian_u100,3729,data24-1,ocsort,10993,True
63.202405858180676,28.90734704544033,7414,150,130,42.63464835410771,42.738758320880315,116,30.13736013826981,3579,confirmation38,0,regr_final,3729,data24-1,ocsort,10993,True
63.202405858180676,28.90734704544033,7414,150,130,42.63464835410771,42.738758320880315,116,30.13736013826981,3579,confirmation38,0,regr_final_motion_always,3729,data24-1,ocsort,10993,True
63.202405858180676,28.90734704544033,7414,150,130,42.63464835410771,42.738758320880315,116,30.13736013826981,3579,confirmation38,0,regr_final_no_gap,3729,data24-1,ocsort,10993,True
63.202405858180676,28.90734704544033,7414,150,130,42.63464835410771,42.738758320880315,116,30.13736013826981,3579,confirmation38,0,regr_final_no_motion,3729,data24-1,ocsort,10993,True
63.202405858180676,28.90734704544033,7414,150,130,42.63464835410771,42.738758320880315,116,30.13736013826981,3579,confirmation38,0,regr_final_no_reciprocal,3729,data24-1,ocsort,10993,True
63.202405858180676,28.90734704544033,7414,150,130,42.63464835410771,42.738758320880315,116,30.13736013826981,3579,confirmation38,0,regr_t,3729,data24-1,ocsort,10993,True
63.166333937619825,28.90734704544033,7414,150,130,42.62181699596837,42.69800298872436,118,30.11916674247248,3579,confirmation38,0,regr_tg_old,3729,data24-1,ocsort,10993,True
63.21201747470443,28.90734704544033,7414,150,130,42.63792393409938,42.725173210161664,117,30.128263440371146,3579,confirmation38,0,s2_h_cond_w3_endpoint_c50_r100,3729,data24-1,ocsort,10993,True
27.423566494858083,17.51646749083074,157,25,1,21.903598008492338,22.058823529411764,8,5.9405940594059405,45,confirmation38,0,geometry_greedy,70,data27-1,bytetrack,202,True
27.423566494858083,17.51646749083074,157,25,1,21.903598008492338,22.058823529411764,8,5.9405940594059405,45,confirmation38,0,geometry_reid_greedy,70,data27-1,bytetrack,202,True
17.404495855504447,17.51646749083074,157,25,1,17.434120156310236,12.5,12,3.9603960396039604,45,confirmation38,0,no_refinement,70,data27-1,bytetrack,202,True
22.73984345764597,17.51646749083074,157,25,1,19.9397665832553,19.11764705882353,10,4.9504950495049505,45,confirmation38,0,partial_hungarian_u080,70,data27-1,bytetrack,202,True
22.73984345764597,17.51646749083074,157,25,1,19.9397665832553,19.11764705882353,10,4.9504950495049505,45,confirmation38,0,partial_hungarian_u100,70,data27-1,bytetrack,202,True
27.423566494858083,17.51646749083074,157,25,1,21.903598008492338,22.058823529411764,8,5.9405940594059405,45,confirmation38,0,regr_final,70,data27-1,bytetrack,202,True
27.423566494858083,17.51646749083074,157,25,1,21.903598008492338,22.058823529411764,8,5.9405940594059405,45,confirmation38,0,regr_final_motion_always,70,data27-1,bytetrack,202,True
27.423566494858083,17.51646749083074,157,25,1,21.903598008492338,22.058823529411764,8,5.9405940594059405,45,confirmation38,0,regr_final_no_gap,70,data27-1,bytetrack,202,True
27.423566494858083,17.51646749083074,157,25,1,21.903598008492338,22.058823529411764,8,5.9405940594059405,45,confirmation38,0,regr_final_no_motion,70,data27-1,bytetrack,202,True
27.423566494858083,17.51646749083074,157,25,1,21.903598008492338,22.058823529411764,8,5.9405940594059405,45,confirmation38,0,regr_final_no_reciprocal,70,data27-1,bytetrack,202,True
27.423566494858083,17.51646749083074,157,25,1,21.903598008492338,22.058823529411764,8,5.9405940594059405,45,confirmation38,0,regr_t,70,data27-1,bytetrack,202,True
17.404495855504447,17.51646749083074,157,25,1,17.434120156310236,12.5,12,3.9603960396039604,45,confirmation38,0,regr_tg_old,70,data27-1,bytetrack,202,True
22.028162123470587,17.51646749083074,157,25,1,19.625184332685627,18.38235294117647,11,4.455445544554455,45,confirmation38,0,s2_h_cond_w3_endpoint_c50_r100,70,data27-1,bytetrack,202,True
81.45771700554143,26.601974536258073,138,24,0,46.5449685000184,43.44827586206896,1,19.306930693069308,64,confirmation38,0,geometry_greedy,88,data27-1,deepocsort,202,True
81.45771700554143,26.601974536258073,138,24,0,46.5449685000184,43.44827586206896,1,19.306930693069308,64,confirmation38,0,geometry_reid_greedy,88,data27-1,deepocsort,202,True
81.45771700554143,26.601974536258073,138,24,0,46.5449685000184,43.44827586206896,1,19.306930693069308,64,confirmation38,0,no_refinement,88,data27-1,deepocsort,202,True
81.45771700554143,26.601974536258073,138,24,0,46.5449685000184,43.44827586206896,1,19.306930693069308,64,confirmation38,0,partial_hungarian_u080,88,data27-1,deepocsort,202,True
81.45771700554143,26.601974536258073,138,24,0,46.5449685000184,43.44827586206896,1,19.306930693069308,64,confirmation38,0,partial_hungarian_u100,88,data27-1,deepocsort,202,True
81.45771700554143,26.601974536258073,138,24,0,46.5449685000184,43.44827586206896,1,19.306930693069308,64,confirmation38,0,regr_final,88,data27-1,deepocsort,202,True
81.45771700554143,26.601974536258073,138,24,0,46.5449685000184,43.44827586206896,1,19.306930693069308,64,confirmation38,0,regr_final_motion_always,88,data27-1,deepocsort,202,True
81.45771700554143,26.601974536258073,138,24,0,46.5449685000184,43.44827586206896,1,19.306930693069308,64,confirmation38,0,regr_final_no_gap,88,data27-1,deepocsort,202,True
81.45771700554143,26.601974536258073,138,24,0,46.5449685000184,43.44827586206896,1,19.306930693069308,64,confirmation38,0,regr_final_no_motion,88,data27-1,deepocsort,202,True
81.45771700554143,26.601974536258073,138,24,0,46.5449685000184,43.44827586206896,1,19.306930693069308,64,confirmation38,0,regr_final_no_reciprocal,88,data27-1,deepocsort,202,True
81.45771700554143,26.601974536258073,138,24,0,46.5449685000184,43.44827586206896,1,19.306930693069308,64,confirmation38,0,regr_t,88,data27-1,deepocsort,202,True
81.45771700554143,26.601974536258073,138,24,0,46.5449685000184,43.44827586206896,1,19.306930693069308,64,confirmation38,0,regr_tg_old,88,data27-1,deepocsort,202,True
81.45771700554143,26.601974536258073,138,24,0,46.5449685000184,43.44827586206896,1,19.306930693069308,64,confirmation38,0,s2_h_cond_w3_endpoint_c50_r100,88,data27-1,deepocsort,202,True
18.414697985855533,9.228918144815882,180,24,1,13.029517938978488,12.903225806451612,2,-1.9801980198019802,22,confirmation38,0,geometry_greedy,46,data27-1,ocsort,202,True
18.414697985855533,9.228918144815882,180,24,1,13.029517938978488,12.903225806451612,2,-1.9801980198019802,22,confirmation38,0,geometry_reid_greedy,46,data27-1,ocsort,202,True
15.094392000590256,9.228918144815882,180,24,1,11.798219379822457,9.67741935483871,3,-2.4752475247524752,22,confirmation38,0,no_refinement,46,data27-1,ocsort,202,True
18.414697985855533,9.228918144815882,180,24,1,13.029517938978488,12.903225806451612,2,-1.9801980198019802,22,confirmation38,0,partial_hungarian_u080,46,data27-1,ocsort,202,True
18.414697985855533,9.228918144815882,180,24,1,13.029517938978488,12.903225806451612,2,-1.9801980198019802,22,confirmation38,0,partial_hungarian_u100,46,data27-1,ocsort,202,True
18.414697985855533,9.228918144815882,180,24,1,13.029517938978488,12.903225806451612,2,-1.9801980198019802,22,confirmation38,0,regr_final,46,data27-1,ocsort,202,True
18.414697985855533,9.228918144815882,180,24,1,13.029517938978488,12.903225806451612,2,-1.9801980198019802,22,confirmation38,0,regr_final_motion_always,46,data27-1,ocsort,202,True
18.414697985855533,9.228918144815882,180,24,1,13.029517938978488,12.903225806451612,2,-1.9801980198019802,22,confirmation38,0,regr_final_no_gap,46,data27-1,ocsort,202,True
18.414697985855533,9.228918144815882,180,24,1,13.029517938978488,12.903225806451612,2,-1.9801980198019802,22,confirmation38,0,regr_final_no_motion,46,data27-1,ocsort,202,True
18.414697985855533,9.228918144815882,180,24,1,13.029517938978488,12.903225806451612,2,-1.9801980198019802,22,confirmation38,0,regr_final_no_reciprocal,46,data27-1,ocsort,202,True
18.414697985855533,9.228918144815882,180,24,1,13.029517938978488,12.903225806451612,2,-1.9801980198019802,22,confirmation38,0,regr_t,46,data27-1,ocsort,202,True
15.094392000590256,9.228918144815882,180,24,1,11.798219379822457,9.67741935483871,3,-2.4752475247524752,22,confirmation38,0,regr_tg_old,46,data27-1,ocsort,202,True
18.414697985855533,9.228918144815882,180,24,1,13.029517938978488,12.903225806451612,2,-1.9801980198019802,22,confirmation38,0,s2_h_cond_w3_endpoint_c50_r100,46,data27-1,ocsort,202,True
2.7424387913764474,4.63627858389297,874,19,33,3.5070581165504713,5.539070227497527,20,2.1436227224008575,59,confirmation38,0,geometry_greedy,78,data31-1,bytetrack,933,True
2.9393214920163437,4.63627858389297,874,19,33,3.6397607416401803,5.934718100890208,18,2.3579849946409435,59,confirmation38,0,geometry_reid_greedy,78,data31-1,bytetrack,933,True
1.496381223012066,4.63627858389297,874,19,33,2.553197985111254,3.5608308605341246,33,0.7502679528403001,59,confirmation38,0,no_refinement,78,data31-1,bytetrack,933,True
2.5894740660780124,4.63627858389297,874,19,33,3.406313197090549,5.341246290801187,20,2.1436227224008575,59,confirmation38,0,partial_hungarian_u080,78,data31-1,bytetrack,933,True
2.5894740660780124,4.63627858389297,874,19,33,3.406313197090549,5.341246290801187,20,2.1436227224008575,59,confirmation38,0,partial_hungarian_u100,78,data31-1,bytetrack,933,True
2.9393214920163437,4.63627858389297,874,19,33,3.6397607416401803,5.934718100890208,18,2.3579849946409435,59,confirmation38,0,regr_final,78,data31-1,bytetrack,933,True
2.9393214920163437,4.63627858389297,874,19,33,3.6397607416401803,5.934718100890208,18,2.3579849946409435,59,confirmation38,0,regr_final_motion_always,78,data31-1,bytetrack,933,True
2.9393214920163437,4.63627858389297,874,19,33,3.6397607416401803,5.934718100890208,18,2.3579849946409435,59,confirmation38,0,regr_final_no_gap,78,data31-1,bytetrack,933,True
2.9393214920163437,4.63627858389297,874,19,33,3.6397607416401803,5.934718100890208,18,2.3579849946409435,59,confirmation38,0,regr_final_no_motion,78,data31-1,bytetrack,933,True
2.9393214920163437,4.63627858389297,874,19,33,3.6397607416401803,5.934718100890208,18,2.3579849946409435,59,confirmation38,0,regr_final_no_reciprocal,78,data31-1,bytetrack,933,True
2.9393214920163437,4.63627858389297,874,19,33,3.6397607416401803,5.934718100890208,18,2.3579849946409435,59,confirmation38,0,regr_t,78,data31-1,bytetrack,933,True
2.9393214920163437,4.63627858389297,874,19,33,3.6397607416401803,5.934718100890208,18,2.3579849946409435,59,confirmation38,0,regr_tg_old,78,data31-1,bytetrack,933,True
2.748504086221305,4.63627858389297,874,19,33,3.5154704204995877,5.736894164193868,20,2.1436227224008575,59,confirmation38,0,s2_h_cond_w3_endpoint_c50_r100,78,data31-1,bytetrack,933,True
42.24148846065163,28.594711585661525,539,94,41,34.7484917898244,51.51301900070373,2,31.939978563772776,394,confirmation38,0,geometry_greedy,488,data31-1,deepocsort,933,True
42.30999864503476,28.594711585661525,539,94,41,34.77645286067232,51.51301900070373,2,31.939978563772776,394,confirmation38,0,geometry_reid_greedy,488,data31-1,deepocsort,933,True
42.30999864503476,28.594711585661525,539,94,41,34.77645286067232,51.51301900070373,2,31.939978563772776,394,confirmation38,0,no_refinement,488,data31-1,deepocsort,933,True
42.30999864503476,28.594711585661525,539,94,41,34.77645286067232,51.51301900070373,2,31.939978563772776,394,confirmation38,0,partial_hungarian_u080,488,data31-1,deepocsort,933,True
42.30999864503476,28.594711585661525,539,94,41,34.77645286067232,51.51301900070373,2,31.939978563772776,394,confirmation38,0,partial_hungarian_u100,488,data31-1,deepocsort,933,True
42.30999864503476,28.594711585661525,539,94,41,34.77645286067232,51.51301900070373,2,31.939978563772776,394,confirmation38,0,regr_final,488,data31-1,deepocsort,933,True
42.30999864503476,28.594711585661525,539,94,41,34.77645286067232,51.51301900070373,2,31.939978563772776,394,confirmation38,0,regr_final_motion_always,488,data31-1,deepocsort,933,True
42.30999864503476,28.594711585661525,539,94,41,34.77645286067232,51.51301900070373,2,31.939978563772776,394,confirmation38,0,regr_final_no_gap,488,data31-1,deepocsort,933,True
42.30999864503476,28.594711585661525,539,94,41,34.77645286067232,51.51301900070373,2,31.939978563772776,394,confirmation38,0,regr_final_no_motion,488,data31-1,deepocsort,933,True
42.30999864503476,28.594711585661525,539,94,41,34.77645286067232,51.51301900070373,2,31.939978563772776,394,confirmation38,0,regr_final_no_reciprocal,488,data31-1,deepocsort,933,True
42.30999864503476,28.594711585661525,539,94,41,34.77645286067232,51.51301900070373,2,31.939978563772776,394,confirmation38,0,regr_t,488,data31-1,deepocsort,933,True
42.30999864503476,28.594711585661525,539,94,41,34.77645286067232,51.51301900070373,2,31.939978563772776,394,confirmation38,0,regr_tg_old,488,data31-1,deepocsort,933,True
42.30999864503476,28.594711585661525,539,94,41,34.77645286067232,51.51301900070373,2,31.939978563772776,394,confirmation38,0,s2_h_cond_w3_endpoint_c50_r100,488,data31-1,deepocsort,933,True
1.4614354274941954,1.8354242282023936,909,7,3,1.6218528949848123,2.4896265560165975,11,0.6430868167202572,24,confirmation38,0,geometry_greedy,31,data31-1,ocsort,933,True
1.59842132144989,1.8354242282023936,909,7,3,1.6945667462314877,2.6970954356846475,10,0.7502679528403001,24,confirmation38,0,geometry_reid_greedy,31,data31-1,ocsort,933,True
1.2205583483537041,1.8354242282023936,909,7,3,1.4779163126384716,2.2821576763485476,14,0.3215434083601286,24,confirmation38,0,no_refinement,31,data31-1,ocsort,933,True
1.59842132144989,1.8354242282023936,909,7,3,1.6945667462314877,2.6970954356846475,10,0.7502679528403001,24,confirmation38,0,partial_hungarian_u080,31,data31-1,ocsort,933,True
1.59842132144989,1.8354242282023936,909,7,3,1.6945667462314877,2.6970954356846475,10,0.7502679528403001,24,confirmation38,0,partial_hungarian_u100,31,data31-1,ocsort,933,True
1.59842132144989,1.8354242282023936,909,7,3,1.6945667462314877,2.6970954356846475,10,0.7502679528403001,24,confirmation38,0,regr_final,31,data31-1,ocsort,933,True
1.59842132144989,1.8354242282023936,909,7,3,1.6945667462314877,2.6970954356846475,10,0.7502679528403001,24,confirmation38,0,regr_final_motion_always,31,data31-1,ocsort,933,True
1.59842132144989,1.8354242282023936,909,7,3,1.6945667462314877,2.6970954356846475,10,0.7502679528403001,24,confirmation38,0,regr_final_no_gap,31,data31-1,ocsort,933,True
1.59842132144989,1.8354242282023936,909,7,3,1.6945667462314877,2.6970954356846475,10,0.7502679528403001,24,confirmation38,0,regr_final_no_motion,31,data31-1,ocsort,933,True
1.59842132144989,1.8354242282023936,909,7,3,1.6945667462314877,2.6970954356846475,10,0.7502679528403001,24,confirmation38,0,regr_final_no_reciprocal,31,data31-1,ocsort,933,True
1.59842132144989,1.8354242282023936,909,7,3,1.6945667462314877,2.6970954356846475,10,0.7502679528403001,24,confirmation38,0,regr_t,31,data31-1,ocsort,933,True
1.59842132144989,1.8354242282023936,909,7,3,1.6945667462314877,2.6970954356846475,10,0.7502679528403001,24,confirmation38,0,regr_tg_old,31,data31-1,ocsort,933,True
1.59842132144989,1.8354242282023936,909,7,3,1.6945667462314877,2.6970954356846475,10,0.7502679528403001,24,confirmation38,0,s2_h_cond_w3_endpoint_c50_r100,31,data31-1,ocsort,933,True
13.992192431922321,25.943631951847628,419,20,74,19.03708875643509,28.852459016393446,32,28.31050228310502,238,confirmation38,0,geometry_greedy,258,data33-1,bytetrack,657,True
15.309706116787435,26.219439856570283,419,20,74,20.01952478962258,29.508196721311474,21,29.98477929984779,238,confirmation38,0,geometry_reid_greedy,258,data33-1,bytetrack,657,True
4.080563430433854,26.219439856570283,419,20,74,10.250143531302486,8.961748633879782,107,16.894977168949772,238,confirmation38,0,no_refinement,258,data33-1,bytetrack,657,True
8.006914779743648,26.219439856570283,419,20,74,14.451128234889469,18.14207650273224,57,24.50532724505327,238,confirmation38,0,partial_hungarian_u080,258,data33-1,bytetrack,657,True
8.31386018782946,26.219439856570283,419,20,74,14.729013261940398,18.14207650273224,58,24.3531202435312,238,confirmation38,0,partial_hungarian_u100,258,data33-1,bytetrack,657,True
15.309706116787435,26.219439856570283,419,20,74,20.01952478962258,29.508196721311474,21,29.98477929984779,238,confirmation38,0,regr_final,258,data33-1,bytetrack,657,True
12.725856100537806,26.219439856570283,419,20,74,18.242010031595914,26.229508196721312,27,29.071537290715373,238,confirmation38,0,regr_final_motion_always,258,data33-1,bytetrack,657,True
15.309706116787435,26.219439856570283,419,20,74,20.01952478962258,29.508196721311474,21,29.98477929984779,238,confirmation38,0,regr_final_no_gap,258,data33-1,bytetrack,657,True
15.309706116787435,26.219439856570283,419,20,74,20.01952478962258,29.508196721311474,21,29.98477929984779,238,confirmation38,0,regr_final_no_motion,258,data33-1,bytetrack,657,True
15.013437337013414,26.219439856570283,419,20,74,19.82467103507841,29.508196721311474,23,29.68036529680365,238,confirmation38,0,regr_final_no_reciprocal,258,data33-1,bytetrack,657,True
15.309706116787435,26.219439856570283,419,20,74,20.01952478962258,29.508196721311474,21,29.98477929984779,238,confirmation38,0,regr_t,258,data33-1,bytetrack,657,True
15.309706116787435,26.219439856570283,419,20,74,20.01952478962258,29.508196721311474,21,29.98477929984779,238,confirmation38,0,regr_tg_old,258,data33-1,bytetrack,657,True
8.33669360201223,26.219439856570283,419,20,74,14.751111517026974,18.360655737704917,59,24.200913242009133,238,confirmation38,0,s2_h_cond_w3_endpoint_c50_r100,258,data33-1,bytetrack,657,True
53.6150650225016,57.62925641470644,143,22,24,55.52145063268913,76.78122380553228,10,73.36377473363774,514,confirmation38,0,geometry_greedy,536,data33-1,deepocsort,657,True
53.6150650225016,57.62925641470644,143,22,24,55.52145063268913,76.78122380553228,10,73.36377473363774,514,confirmation38,0,geometry_reid_greedy,536,data33-1,deepocsort,657,True
41.01047287245909,57.62925641470644,143,22,24,48.53882242671217,62.531433361274104,17,72.29832572298326,514,confirmation38,0,no_refinement,536,data33-1,deepocsort,657,True
53.6150650225016,57.62925641470644,143,22,24,55.52145063268913,76.78122380553228,10,73.36377473363774,514,confirmation38,0,partial_hungarian_u080,536,data33-1,deepocsort,657,True
53.6150650225016,57.62925641470644,143,22,24,55.52145063268913,76.78122380553228,10,73.36377473363774,514,confirmation38,0,partial_hungarian_u100,536,data33-1,deepocsort,657,True
53.6150650225016,57.62925641470644,143,22,24,55.52145063268913,76.78122380553228,10,73.36377473363774,514,confirmation38,0,regr_final,536,data33-1,deepocsort,657,True
53.6150650225016,57.62925641470644,143,22,24,55.52145063268913,76.78122380553228,10,73.36377473363774,514,confirmation38,0,regr_final_motion_always,536,data33-1,deepocsort,657,True
53.6150650225016,57.62925641470644,143,22,24,55.52145063268913,76.78122380553228,10,73.36377473363774,514,confirmation38,0,regr_final_no_gap,536,data33-1,deepocsort,657,True
53.6150650225016,57.62925641470644,143,22,24,55.52145063268913,76.78122380553228,10,73.36377473363774,514,confirmation38,0,regr_final_no_motion,536,data33-1,deepocsort,657,True
53.6150650225016,57.62925641470644,143,22,24,55.52145063268913,76.78122380553228,10,73.36377473363774,514,confirmation38,0,regr_final_no_reciprocal,536,data33-1,deepocsort,657,True
53.6150650225016,57.62925641470644,143,22,24,55.52145063268913,76.78122380553228,10,73.36377473363774,514,confirmation38,0,regr_t,536,data33-1,deepocsort,657,True
53.6150650225016,57.62925641470644,143,22,24,55.52145063268913,76.78122380553228,10,73.36377473363774,514,confirmation38,0,regr_tg_old,536,data33-1,deepocsort,657,True
53.6150650225016,57.62925641470644,143,22,24,55.52145063268913,76.78122380553228,10,73.36377473363774,514,confirmation38,0,s2_h_cond_w3_endpoint_c50_r100,536,data33-1,deepocsort,657,True
7.532466721865817,8.575161720361907,587,15,17,7.946127026003389,10.242587601078167,16,5.93607305936073,70,confirmation38,0,geometry_greedy,85,data33-1,ocsort,657,True
7.532466721865817,8.575161720361907,587,15,17,7.946127026003389,10.242587601078167,16,5.93607305936073,70,confirmation38,0,geometry_reid_greedy,85,data33-1,ocsort,657,True
6.153769032923195,8.575161720361907,587,15,17,7.109396727979778,6.738544474393531,24,4.71841704718417,70,confirmation38,0,no_refinement,85,data33-1,ocsort,657,True
7.532466721865817,8.575161720361907,587,15,17,7.946127026003389,10.242587601078167,16,5.93607305936073,70,confirmation38,0,partial_hungarian_u080,85,data33-1,ocsort,657,True
7.532466721865817,8.575161720361907,587,15,17,7.946127026003389,10.242587601078167,16,5.93607305936073,70,confirmation38,0,partial_hungarian_u100,85,data33-1,ocsort,657,True
7.532466721865817,8.575161720361907,587,15,17,7.946127026003389,10.242587601078167,16,5.93607305936073,70,confirmation38,0,regr_final,85,data33-1,ocsort,657,True
6.660606022873222,8.575161720361907,587,15,17,7.428956886784927,8.086253369272237,18,5.6316590563165905,70,confirmation38,0,regr_final_motion_always,85,data33-1,ocsort,657,True
7.532466721865817,8.575161720361907,587,15,17,7.946127026003389,10.242587601078167,16,5.93607305936073,70,confirmation38,0,regr_final_no_gap,85,data33-1,ocsort,657,True
7.532466721865817,8.575161720361907,587,15,17,7.946127026003389,10.242587601078167,16,5.93607305936073,70,confirmation38,0,regr_final_no_motion,85,data33-1,ocsort,657,True
7.532466721865817,8.575161720361907,587,15,17,7.946127026003389,10.242587601078167,16,5.93607305936073,70,confirmation38,0,regr_final_no_reciprocal,85,data33-1,ocsort,657,True
7.532466721865817,8.575161720361907,587,15,17,7.946127026003389,10.242587601078167,16,5.93607305936073,70,confirmation38,0,regr_t,85,data33-1,ocsort,657,True
7.532466721865817,8.575161720361907,587,15,17,7.946127026003389,10.242587601078167,16,5.93607305936073,70,confirmation38,0,regr_tg_old,85,data33-1,ocsort,657,True
7.532466721865817,8.575161720361907,587,15,17,7.946127026003389,10.242587601078167,16,5.93607305936073,70,confirmation38,0,s2_h_cond_w3_endpoint_c50_r100,85,data33-1,ocsort,657,True
13.029239993155093,19.952133743515265,8591,652,1511,15.393917249212102,13.167733350231291,1883,6.188870151770658,3269,confirmation38,0,geometry_greedy,3921,data34-1,bytetrack,11860,True
13.364703602143809,19.980701394995133,8591,652,1511,15.625894958720385,14.0041822444712,1893,6.104553119730186,3269,confirmation38,0,geometry_reid_greedy,3921,data34-1,bytetrack,11860,True
7.060323315877161,20.011575462308738,8591,652,1511,11.346245077523317,8.161713452886382,2160,3.853288364249578,3269,confirmation38,0,no_refinement,3921,data34-1,bytetrack,11860,True
10.565287575943074,19.973146770261238,8591,652,1511,13.882650064394166,11.811672264115074,2009,5.126475548060708,3269,confirmation38,0,partial_hungarian_u080,3921,data34-1,bytetrack,11860,True
10.557416738115736,19.967832001767132,8591,652,1511,13.874370449180356,11.710284519358723,2006,5.15177065767285,3269,confirmation38,0,partial_hungarian_u100,3921,data34-1,bytetrack,11860,True
13.484722994574948,19.96837338669128,8591,652,1511,15.705596462586469,14.194284265889362,1868,6.315345699831367,3269,confirmation38,0,regr_final,3921,data34-1,bytetrack,11860,True
12.992117500088948,20.003426977280924,8591,652,1511,15.419845183497335,13.535263924973068,1905,6.003372681281619,3269,confirmation38,0,regr_final_motion_always,3921,data34-1,bytetrack,11860,True
13.364703602143809,19.980701394995133,8591,652,1511,15.625894958720385,14.0041822444712,1893,6.104553119730186,3269,confirmation38,0,regr_final_no_gap,3921,data34-1,bytetrack,11860,True
13.484722994574948,19.96837338669128,8591,652,1511,15.705596462586469,14.194284265889362,1868,6.315345699831367,3269,confirmation38,0,regr_final_no_motion,3921,data34-1,bytetrack,11860,True
13.484722994574948,19.96837338669128,8591,652,1511,15.705596462586469,14.194284265889362,1868,6.315345699831367,3269,confirmation38,0,regr_final_no_reciprocal,3921,data34-1,bytetrack,11860,True
13.484722994574948,19.96837338669128,8591,652,1511,15.705596462586469,14.194284265889362,1868,6.315345699831367,3269,confirmation38,0,regr_t,3921,data34-1,bytetrack,11860,True
8.54556256487908,19.96837338669128,8591,652,1511,12.62958339443172,12.458019136936823,1892,6.112984822934233,3269,confirmation38,0,regr_tg_old,3921,data34-1,bytetrack,11860,True
9.29715561365211,19.991784608302023,8591,652,1511,13.05763144927979,11.089284582726062,2050,4.780775716694772,3269,confirmation38,0,s2_h_cond_w3_endpoint_c50_r100,3921,data34-1,bytetrack,11860,True
47.050442893987686,39.77098431285642,5288,914,562,41.96332029399738,53.95430579964851,148,46.45868465430017,6572,confirmation38,0,geometry_greedy,7486,data34-1,deepocsort,11860,True
47.703762255805145,39.770979317170095,5288,914,562,42.27742513303286,54.543574899203975,144,46.492411467116355,6572,confirmation38,0,geometry_reid_greedy,7486,data34-1,deepocsort,11860,True
46.31864130575587,39.79315951824994,5288,914,562,41.59166566979072,53.08590923188255,199,46.02866779089376,6572,confirmation38,0,no_refinement,7486,data34-1,deepocsort,11860,True
49.09966819353773,39.771026641650515,5288,914,562,42.943573224309354,56.073606947172536,140,46.526138279932546,6572,confirmation38,0,partial_hungarian_u080,7486,data34-1,deepocsort,11860,True
49.05187703385708,39.77433922323398,5288,914,562,42.92283810680704,55.846169750852894,139,46.53456998313659,6572,confirmation38,0,partial_hungarian_u100,7486,data34-1,deepocsort,11860,True
47.54202167546436,39.7805326893162,5288,914,562,42.20206077761861,54.357489920396986,145,46.48397976391231,6572,confirmation38,0,regr_final,7486,data34-1,deepocsort,11860,True
47.54202167546436,39.7805326893162,5288,914,562,42.20206077761861,54.357489920396986,145,46.48397976391231,6572,confirmation38,0,regr_final_motion_always,7486,data34-1,deepocsort,11860,True
47.703762255805145,39.770979317170095,5288,914,562,42.27742513303286,54.543574899203975,144,46.492411467116355,6572,confirmation38,0,regr_final_no_gap,7486,data34-1,deepocsort,11860,True
47.54202167546436,39.7805326893162,5288,914,562,42.20206077761861,54.357489920396986,145,46.48397976391231,6572,confirmation38,0,regr_final_no_motion,7486,data34-1,deepocsort,11860,True
47.54202167546436,39.7805326893162,5288,914,562,42.20206077761861,54.357489920396986,145,46.48397976391231,6572,confirmation38,0,regr_final_no_reciprocal,7486,data34-1,deepocsort,11860,True
47.54202167546436,39.7805326893162,5288,914,562,42.20206077761861,54.357489920396986,145,46.48397976391231,6572,confirmation38,0,regr_t,7486,data34-1,deepocsort,11860,True
47.54202167546436,39.7805326893162,5288,914,562,42.20206077761861,54.357489920396986,145,46.48397976391231,6572,confirmation38,0,regr_tg_old,7486,data34-1,deepocsort,11860,True
47.67381601460063,39.778935510592035,5288,914,562,42.268551124380046,54.595265171094795,148,46.45868465430017,6572,confirmation38,0,s2_h_cond_w3_endpoint_c50_r100,7486,data34-1,deepocsort,11860,True
37.67213613372945,3.8938481829774934,11318,238,151,11.89641929912905,6.170886075949367,82,1.8718381112984823,542,confirmation38,0,geometry_greedy,780,data34-1,ocsort,11860,True
37.66687804005226,3.902525423654575,11318,238,151,11.907251867519147,6.281645569620253,69,1.981450252951096,542,confirmation38,0,geometry_reid_greedy,780,data34-1,ocsort,11860,True
15.966745365053914,3.9006983093595347,11318,238,151,7.737889116158598,3.939873417721519,161,1.205733558178752,542,confirmation38,0,no_refinement,780,data34-1,ocsort,11860,True
27.491026309529282,3.8979757310016594,11318,238,151,10.146299592591719,5.237341772151899,100,1.7200674536256324,542,confirmation38,0,partial_hungarian_u080,780,data34-1,ocsort,11860,True
29.29509684220782,3.8979757310016594,11318,238,151,10.476870925167082,5.411392405063291,99,1.7284991568296795,542,confirmation38,0,partial_hungarian_u100,780,data34-1,ocsort,11860,True
37.70392777791628,3.8979757310016594,11318,238,151,11.907255199963618,6.29746835443038,70,1.973018549747049,542,confirmation38,0,regr_final,780,data34-1,ocsort,11860,True
32.7230122730211,3.8979757310016594,11318,238,151,11.082328794076808,5.8544303797468356,71,1.9645868465430019,542,confirmation38,0,regr_final_motion_always,780,data34-1,ocsort,11860,True
37.66687804005226,3.902525423654575,11318,238,151,11.907251867519147,6.281645569620253,69,1.981450252951096,542,confirmation38,0,regr_final_no_gap,780,data34-1,ocsort,11860,True
37.70392777791628,3.8979757310016594,11318,238,151,11.907255199963618,6.29746835443038,70,1.973018549747049,542,confirmation38,0,regr_final_no_motion,780,data34-1,ocsort,11860,True
37.70392777791628,3.8979757310016594,11318,238,151,11.907255199963618,6.29746835443038,70,1.973018549747049,542,confirmation38,0,regr_final_no_reciprocal,780,data34-1,ocsort,11860,True
37.70392777791628,3.8979757310016594,11318,238,151,11.907255199963618,6.29746835443038,70,1.973018549747049,542,confirmation38,0,regr_t,780,data34-1,ocsort,11860,True
37.70392777791628,3.8979757310016594,11318,238,151,11.907255199963618,6.29746835443038,70,1.973018549747049,542,confirmation38,0,regr_tg_old,780,data34-1,ocsort,11860,True
29.273140962778594,3.894321643876142,11318,238,151,10.468257910829216,5.284810126582278,109,1.6441821247892074,542,confirmation38,0,s2_h_cond_w3_endpoint_c50_r100,780,data34-1,ocsort,11860,True
78.56303373617291,31.477082034014263,1437,80,47,49.60562375943504,49.706699598641556,40,32.24543080939948,861,confirmation38,0,geometry_greedy,941,data34-2,bytetrack,2298,True
78.6650006311989,31.48629170683977,1437,80,47,49.646159268091125,49.953689410311824,42,32.15839860748477,861,confirmation38,0,geometry_reid_greedy,941,data34-2,bytetrack,2298,True
78.20376950148557,31.477082034014263,1437,80,47,49.48847133752266,49.33621488113615,56,31.54917319408181,861,confirmation38,0,no_refinement,941,data34-2,bytetrack,2298,True
78.66743014508386,31.48629170683977,1437,80,47,49.64702022160822,50.07718431614696,42,32.15839860748477,861,confirmation38,0,partial_hungarian_u080,941,data34-2,bytetrack,2298,True
78.66743014508386,31.48629170683977,1437,80,47,49.64702022160822,50.07718431614696,42,32.15839860748477,861,confirmation38,0,partial_hungarian_u100,941,data34-2,bytetrack,2298,True
78.66439904264432,31.48629170683977,1437,80,47,49.645967582074505,49.953689410311824,42,32.15839860748477,861,confirmation38,0,regr_final,941,data34-2,bytetrack,2298,True
78.66439904264432,31.48629170683977,1437,80,47,49.645967582074505,49.953689410311824,42,32.15839860748477,861,confirmation38,0,regr_final_motion_always,941,data34-2,bytetrack,2298,True
78.6650006311989,31.48629170683977,1437,80,47,49.646159268091125,49.953689410311824,42,32.15839860748477,861,confirmation38,0,regr_final_no_gap,941,data34-2,bytetrack,2298,True
78.66439904264432,31.48629170683977,1437,80,47,49.645967582074505,49.953689410311824,42,32.15839860748477,861,confirmation38,0,regr_final_no_motion,941,data34-2,bytetrack,2298,True
78.66439904264432,31.48629170683977,1437,80,47,49.645967582074505,49.953689410311824,42,32.15839860748477,861,confirmation38,0,regr_final_no_reciprocal,941,data34-2,bytetrack,2298,True
78.66439904264432,31.48629170683977,1437,80,47,49.645967582074505,49.953689410311824,42,32.15839860748477,861,confirmation38,0,regr_t,941,data34-2,bytetrack,2298,True
78.66439904264432,31.48629170683977,1437,80,47,49.645967582074505,49.953689410311824,42,32.15839860748477,861,confirmation38,0,regr_tg_old,941,data34-2,bytetrack,2298,True
78.70377187159747,31.48629170683977,1437,80,47,49.65891017943972,50.20067922198209,41,32.201914708442125,861,confirmation38,0,s2_h_cond_w3_endpoint_c50_r100,941,data34-2,bytetrack,2298,True
79.22374467209598,48.09999429215582,878,133,48,60.659353714120435,72.34484549467672,4,55.831157528285466,1420,confirmation38,0,geometry_greedy,1553,data34-2,deepocsort,2298,True
79.11712310326105,48.09999429215582,878,133,48,60.61322351419754,72.18904180732278,4,55.831157528285466,1420,confirmation38,0,geometry_reid_greedy,1553,data34-2,deepocsort,2298,True
78.74529367348293,48.0785739319732,878,133,48,60.441414982695576,72.13710724487146,9,55.61357702349869,1420,confirmation38,0,no_refinement,1553,data34-2,deepocsort,2298,True
79.14892277950028,48.09999429215582,878,133,48,60.62725121242995,72.03323811996883,4,55.831157528285466,1420,confirmation38,0,partial_hungarian_u080,1553,data34-2,deepocsort,2298,True
79.14892277950028,48.09999429215582,878,133,48,60.62725121242995,72.03323811996883,4,55.831157528285466,1420,confirmation38,0,partial_hungarian_u100,1553,data34-2,deepocsort,2298,True
79.08166405835163,48.09999429215582,878,133,48,60.59749581342429,72.24097636977407,4,55.831157528285466,1420,confirmation38,0,regr_final,1553,data34-2,deepocsort,2298,True
79.08166405835163,48.09999429215582,878,133,48,60.59749581342429,72.24097636977407,4,55.831157528285466,1420,confirmation38,0,regr_final_motion_always,1553,data34-2,deepocsort,2298,True
79.11712310326105,48.09999429215582,878,133,48,60.61322351419754,72.18904180732278,4,55.831157528285466,1420,confirmation38,0,regr_final_no_gap,1553,data34-2,deepocsort,2298,True
79.08166405835163,48.09999429215582,878,133,48,60.59749581342429,72.24097636977407,4,55.831157528285466,1420,confirmation38,0,regr_final_no_motion,1553,data34-2,deepocsort,2298,True
79.08166405835163,48.09999429215582,878,133,48,60.59749581342429,72.24097636977407,4,55.831157528285466,1420,confirmation38,0,regr_final_no_reciprocal,1553,data34-2,deepocsort,2298,True
79.08166405835163,48.09999429215582,878,133,48,60.59749581342429,72.24097636977407,4,55.831157528285466,1420,confirmation38,0,regr_t,1553,data34-2,deepocsort,2298,True
79.2388286893215,48.0785739319732,878,133,48,60.6515722817352,72.7603219942872,6,55.74412532637075,1420,confirmation38,0,regr_tg_old,1553,data34-2,deepocsort,2298,True
79.14892277950028,48.09999429215582,878,133,48,60.62725121242995,72.03323811996883,4,55.831157528285466,1420,confirmation38,0,s2_h_cond_w3_endpoint_c50_r100,1553,data34-2,deepocsort,2298,True
90.77231076657417,29.776339903072397,1537,65,5,51.94903198711101,48.59154929577465,0,30.287206266318538,761,confirmation38,0,geometry_greedy,826,data34-2,ocsort,2298,True
90.88455966683043,29.776339903072397,1537,65,5,51.981418026329294,48.59154929577465,0,30.287206266318538,761,confirmation38,0,geometry_reid_greedy,826,data34-2,ocsort,2298,True
90.84459846227159,29.776339903072397,1537,65,5,51.969800611122366,48.335467349551855,5,30.069625761531764,761,confirmation38,0,no_refinement,826,data34-2,ocsort,2298,True
90.88455966683043,29.776339903072397,1537,65,5,51.981418026329294,48.59154929577465,0,30.287206266318538,761,confirmation38,0,partial_hungarian_u080,826,data34-2,ocsort,2298,True
90.88455966683043,29.776339903072397,1537,65,5,51.981418026329294,48.59154929577465,0,30.287206266318538,761,confirmation38,0,partial_hungarian_u100,826,data34-2,ocsort,2298,True
90.88455966683043,29.776339903072397,1537,65,5,51.981418026329294,48.59154929577465,0,30.287206266318538,761,confirmation38,0,regr_final,826,data34-2,ocsort,2298,True
90.88455966683043,29.776339903072397,1537,65,5,51.981418026329294,48.59154929577465,0,30.287206266318538,761,confirmation38,0,regr_final_motion_always,826,data34-2,ocsort,2298,True
90.88455966683043,29.776339903072397,1537,65,5,51.981418026329294,48.59154929577465,0,30.287206266318538,761,confirmation38,0,regr_final_no_gap,826,data34-2,ocsort,2298,True
90.88455966683043,29.776339903072397,1537,65,5,51.981418026329294,48.59154929577465,0,30.287206266318538,761,confirmation38,0,regr_final_no_motion,826,data34-2,ocsort,2298,True
90.88455966683043,29.776339903072397,1537,65,5,51.981418026329294,48.59154929577465,0,30.287206266318538,761,confirmation38,0,regr_final_no_reciprocal,826,data34-2,ocsort,2298,True
90.88455966683043,29.776339903072397,1537,65,5,51.981418026329294,48.59154929577465,0,30.287206266318538,761,confirmation38,0,regr_t,826,data34-2,ocsort,2298,True
90.88455966683043,29.776339903072397,1537,65,5,51.981418026329294,48.59154929577465,0,30.287206266318538,761,confirmation38,0,regr_tg_old,826,data34-2,ocsort,2298,True
90.88455966683043,29.776339903072397,1537,65,5,51.981418026329294,48.59154929577465,0,30.287206266318538,761,confirmation38,0,s2_h_cond_w3_endpoint_c50_r100,826,data34-2,ocsort,2298,True
18.092988654914013,9.313318362336842,2291,98,121,12.118128071603728,9.336445481827276,133,2.8505392912172574,305,confirmation38,0,geometry_greedy,403,data34-3,bytetrack,2596,True
18.195793826139468,9.313318362336842,2291,98,121,12.163932297442555,9.60320106702234,127,3.0816640986132513,305,confirmation38,0,geometry_reid_greedy,403,data34-3,bytetrack,2596,True
15.275878732386298,9.313318362336842,2291,98,121,11.150569810942097,8.869623207735913,157,1.9260400616332818,305,confirmation38,0,no_refinement,403,data34-3,bytetrack,2596,True
18.235730687568395,9.313318362336842,2291,98,121,12.180363344894959,9.80326775591864,130,2.9661016949152543,305,confirmation38,0,partial_hungarian_u080,403,data34-3,bytetrack,2596,True
18.2291727007809,9.313318362336842,2291,98,121,12.177567850319164,9.80326775591864,130,2.9661016949152543,305,confirmation38,0,partial_hungarian_u100,403,data34-3,bytetrack,2596,True
18.25583673794417,9.313318362336842,2291,98,121,12.18910179696369,9.60320106702234,124,3.1972265023112483,305,confirmation38,0,regr_final,403,data34-3,bytetrack,2596,True
18.228239494053888,9.313318362336842,2291,98,121,12.17812362928076,9.669889963321108,125,3.1587057010785826,305,confirmation38,0,regr_final_motion_always,403,data34-3,bytetrack,2596,True
18.195793826139468,9.313318362336842,2291,98,121,12.163932297442555,9.60320106702234,127,3.0816640986132513,305,confirmation38,0,regr_final_no_gap,403,data34-3,bytetrack,2596,True
18.25583673794417,9.313318362336842,2291,98,121,12.18910179696369,9.60320106702234,124,3.1972265023112483,305,confirmation38,0,regr_final_no_motion,403,data34-3,bytetrack,2596,True
18.25583673794417,9.313318362336842,2291,98,121,12.18910179696369,9.60320106702234,124,3.1972265023112483,305,confirmation38,0,regr_final_no_reciprocal,403,data34-3,bytetrack,2596,True
18.25583673794417,9.313318362336842,2291,98,121,12.18910179696369,9.60320106702234,124,3.1972265023112483,305,confirmation38,0,regr_t,403,data34-3,bytetrack,2596,True
16.267233043744774,9.313318362336842,2291,98,121,11.521357302448349,9.269756585528508,126,3.1201848998459165,305,confirmation38,0,regr_tg_old,403,data34-3,bytetrack,2596,True
16.196995226196865,9.313318362336842,2291,98,121,11.489936784811587,9.403134378126042,131,2.9275808936825887,305,confirmation38,0,s2_h_cond_w3_endpoint_c50_r100,403,data34-3,bytetrack,2596,True
45.88770178196936,30.63708608549206,1480,335,187,34.61752421544344,45.95997034840622,54,28.004622496147917,1116,confirmation38,0,geometry_greedy,1451,data34-3,deepocsort,2596,True
47.5653115700835,30.549278466952472,1480,335,187,35.36175918550768,46.70126019273536,44,28.389830508474578,1116,confirmation38,0,geometry_reid_greedy,1451,data34-3,deepocsort,2596,True
47.48323128663799,30.621511517888482,1480,335,187,35.35558582819046,46.99777613046701,63,27.65793528505393,1116,confirmation38,0,no_refinement,1451,data34-3,deepocsort,2596,True
47.49941692559577,30.61722863810818,1480,335,187,35.37101260424192,47.24487274524339,43,28.42835130970724,1116,confirmation38,0,partial_hungarian_u080,1451,data34-3,deepocsort,2596,True
47.49941692559577,30.61722863810818,1480,335,187,35.37101260424192,47.24487274524339,43,28.42835130970724,1116,confirmation38,0,partial_hungarian_u100,1451,data34-3,deepocsort,2596,True
47.67007580876264,30.583515771711173,1480,335,187,35.427956233178186,46.948356807511736,43,28.42835130970724,1116,confirmation38,0,regr_final,1451,data34-3,deepocsort,2596,True
47.67007580876264,30.583515771711173,1480,335,187,35.427956233178186,46.948356807511736,43,28.42835130970724,1116,confirmation38,0,regr_final_motion_always,1451,data34-3,deepocsort,2596,True
47.5653115700835,30.549278466952472,1480,335,187,35.36175918550768,46.70126019273536,44,28.389830508474578,1116,confirmation38,0,regr_final_no_gap,1451,data34-3,deepocsort,2596,True
47.67007580876264,30.583515771711173,1480,335,187,35.427956233178186,46.948356807511736,43,28.42835130970724,1116,confirmation38,0,regr_final_no_motion,1451,data34-3,deepocsort,2596,True
47.67007580876264,30.583515771711173,1480,335,187,35.427956233178186,46.948356807511736,43,28.42835130970724,1116,confirmation38,0,regr_final_no_reciprocal,1451,data34-3,deepocsort,2596,True
47.67007580876264,30.583515771711173,1480,335,187,35.427956233178186,46.948356807511736,43,28.42835130970724,1116,confirmation38,0,regr_t,1451,data34-3,deepocsort,2596,True
47.67007580876264,30.583515771711173,1480,335,187,35.427956233178186,46.948356807511736,43,28.42835130970724,1116,confirmation38,0,regr_tg_old,1451,data34-3,deepocsort,2596,True
48.11804048694334,30.563507666407485,1480,335,187,35.621175530286045,47.49196936001977,42,28.466872110939907,1116,confirmation38,0,s2_h_cond_w3_endpoint_c50_r100,1451,data34-3,deepocsort,2596,True
21.083198409473518,5.673453799119295,2414,55,8,9.777069259140362,7.977409106953759,58,2.657935285053929,182,confirmation38,0,geometry_greedy,237,data34-3,ocsort,2596,True
23.458400440197078,5.683902378624115,2414,55,8,10.54815318751547,10.871867278503352,19,4.160246533127889,182,confirmation38,0,geometry_reid_greedy,237,data34-3,ocsort,2596,True
20.576427602629018,5.683902378624115,2414,55,8,9.601113884417396,7.200847158489234,75,2.0030816640986133,182,confirmation38,0,no_refinement,237,data34-3,ocsort,2596,True
23.456043871919988,5.681731054481213,2414,55,8,10.545939674157827,10.871867278503352,19,4.160246533127889,182,confirmation38,0,partial_hungarian_u080,237,data34-3,ocsort,2596,True
23.521962752241308,5.681731054481213,2414,55,8,10.567582874853173,10.942463819272856,18,4.198767334360555,182,confirmation38,0,partial_hungarian_u100,237,data34-3,ocsort,2596,True
23.41222183373312,5.683902378624115,2414,55,8,10.533526108464653,10.660077656194847,21,4.083204930662557,182,confirmation38,0,regr_final,237,data34-3,ocsort,2596,True
23.41222183373312,5.683902378624115,2414,55,8,10.533526108464653,10.660077656194847,21,4.083204930662557,182,confirmation38,0,regr_final_motion_always,237,data34-3,ocsort,2596,True
23.458400440197078,5.683902378624115,2414,55,8,10.54815318751547,10.871867278503352,19,4.160246533127889,182,confirmation38,0,regr_final_no_gap,237,data34-3,ocsort,2596,True
23.41222183373312,5.683902378624115,2414,55,8,10.533526108464653,10.660077656194847,21,4.083204930662557,182,confirmation38,0,regr_final_no_motion,237,data34-3,ocsort,2596,True
23.41222183373312,5.683902378624115,2414,55,8,10.533526108464653,10.660077656194847,21,4.083204930662557,182,confirmation38,0,regr_final_no_reciprocal,237,data34-3,ocsort,2596,True
23.41222183373312,5.683902378624115,2414,55,8,10.533526108464653,10.660077656194847,21,4.083204930662557,182,confirmation38,0,regr_t,237,data34-3,ocsort,2596,True
23.41222183373312,5.683902378624115,2414,55,8,10.533526108464653,10.660077656194847,21,4.083204930662557,182,confirmation38,0,regr_tg_old,237,data34-3,ocsort,2596,True
23.493467460999838,5.681731054481213,2414,55,8,10.558358788477443,10.801270737733851,20,4.121725731895223,182,confirmation38,0,s2_h_cond_w3_endpoint_c50_r100,237,data34-3,ocsort,2596,True
63.18808238966409,22.96515300999816,13776,805,502,38.006061590536085,37.81219368751225,450,21.868177565235474,5462,confirmation38,0,geometry_greedy,6267,data36-10,bytetrack,19238,True
63.17162648094524,22.96515300999816,13776,805,502,38.00538113863895,37.89845128406195,427,21.987732612537688,5462,confirmation38,0,geometry_reid_greedy,6267,data36-10,bytetrack,19238,True
64.28707751699794,22.96515300999816,13776,805,502,38.33325901190199,38.180748872770046,537,21.415947603701007,5462,confirmation38,0,no_refinement,6267,data36-10,bytetrack,19238,True
63.17092510111674,22.963835188849533,13776,805,502,38.004027142754765,37.99255048029798,451,21.86297951970059,5462,confirmation38,0,partial_hungarian_u080,6267,data36-10,bytetrack,19238,True
63.16697200602949,22.963835188849533,13776,805,502,38.00279300474862,37.969025681238975,453,21.852583428630833,5462,confirmation38,0,partial_hungarian_u100,6267,data36-10,bytetrack,19238,True
63.1669427236279,22.96515300999816,13776,805,502,38.00392880995209,37.83571848657126,427,21.987732612537688,5462,confirmation38,0,regr_final,6267,data36-10,bytetrack,19238,True
64.3560541799626,22.96515300999816,13776,805,502,38.360146813616666,38.3454224661831,428,21.982534567002805,5462,confirmation38,0,regr_final_motion_always,6267,data36-10,bytetrack,19238,True
63.17162648094524,22.96515300999816,13776,805,502,38.00538113863895,37.89845128406195,427,21.987732612537688,5462,confirmation38,0,regr_final_no_gap,6267,data36-10,bytetrack,19238,True
63.1669427236279,22.96515300999816,13776,805,502,38.00392880995209,37.83571848657126,427,21.987732612537688,5462,confirmation38,0,regr_final_no_motion,6267,data36-10,bytetrack,19238,True
63.1669427236279,22.96515300999816,13776,805,502,38.00392880995209,37.83571848657126,427,21.987732612537688,5462,confirmation38,0,regr_final_no_reciprocal,6267,data36-10,bytetrack,19238,True
63.1669427236279,22.96515300999816,13776,805,502,38.00392880995209,37.83571848657126,427,21.987732612537688,5462,confirmation38,0,regr_t,6267,data36-10,bytetrack,19238,True
64.46944956395104,22.96515300999816,13776,805,502,38.393140093409926,38.30621446775142,429,21.977336521467926,5462,confirmation38,0,regr_tg_old,6267,data36-10,bytetrack,19238,True
63.15582567595753,22.963835188849533,13776,805,502,37.999317275644025,37.969025681238975,458,21.82659320095644,5462,confirmation38,0,s2_h_cond_w3_endpoint_c50_r100,6267,data36-10,bytetrack,19238,True
68.76388431248301,44.72143268602565,7611,1008,800,53.9932351786983,65.88021209173908,133,54.50670547873999,11627,confirmation38,0,geometry_greedy,12635,data36-10,deepocsort,19238,True
69.30623381619625,44.71324766626284,7611,1008,800,54.227226907913405,66.24415649609388,120,54.57428007069341,11627,confirmation38,0,geometry_reid_greedy,12635,data36-10,deepocsort,19238,True
70.77116201592662,44.71004172484923,7611,1008,800,54.80488625652155,67.92583064035391,150,54.41833870464705,11627,confirmation38,0,no_refinement,12635,data36-10,deepocsort,19238,True
68.85970684434292,44.71504491236183,7611,1008,800,54.02788851292431,65.76726382831865,122,54.56388397962366,11627,confirmation38,0,partial_hungarian_u080,12635,data36-10,deepocsort,19238,True
68.77129306234607,44.71504491236183,7611,1008,800,53.987823191940386,65.71706460013176,123,54.55868593408878,11627,confirmation38,0,partial_hungarian_u100,12635,data36-10,deepocsort,19238,True
70.23600504498444,44.70868989371803,7611,1008,800,54.56827453992299,66.70849935682239,117,54.58987420729806,11627,confirmation38,0,regr_final,12635,data36-10,deepocsort,19238,True
70.04601819944291,44.70868989371803,7611,1008,800,54.48231132525244,66.6332005145421,119,54.579478116228294,11627,confirmation38,0,regr_final_motion_always,12635,data36-10,deepocsort,19238,True
70.17177607205213,44.71324766626284,7611,1008,800,54.54175327745375,66.65202522511217,120,54.57428007069341,11627,confirmation38,0,regr_final_no_gap,12635,data36-10,deepocsort,19238,True
69.37057567194353,44.70868989371803,7611,1008,800,54.253951199678276,66.3006306278041,117,54.58987420729806,11627,confirmation38,0,regr_final_no_motion,12635,data36-10,deepocsort,19238,True
70.2332308348024,44.70868989371803,7611,1008,800,54.56703803349537,66.70849935682239,117,54.58987420729806,11627,confirmation38,0,regr_final_no_reciprocal,12635,data36-10,deepocsort,19238,True
69.37057567194353,44.70868989371803,7611,1008,800,54.253951199678276,66.3006306278041,117,54.58987420729806,11627,confirmation38,0,regr_t,12635,data36-10,deepocsort,19238,True
70.23600504498444,44.70868989371803,7611,1008,800,54.56827453992299,66.70849935682239,117,54.58987420729806,11627,confirmation38,0,regr_tg_old,12635,data36-10,deepocsort,19238,True
70.01771089689953,44.70643855654549,7611,1008,800,54.46993928921159,66.57672638283186,121,54.569082025158544,11627,confirmation38,0,s2_h_cond_w3_endpoint_c50_r100,12635,data36-10,deepocsort,19238,True
82.29944177811802,23.539366980698333,14217,297,57,43.99796499400657,39.509692132269095,57,24.25927851127976,5021,confirmation38,0,geometry_greedy,5318,data36-10,ocsort,19238,True
82.38120212443813,23.53869634270725,14217,297,57,44.01926742060122,39.65629581365043,45,24.321655057698305,5021,confirmation38,0,geometry_reid_greedy,5318,data36-10,ocsort,19238,True
83.60880090077048,23.541750921685665,14217,297,57,44.348535562533144,39.46896888744095,125,23.905811414907994,5021,confirmation38,0,no_refinement,5318,data36-10,ocsort,19238,True
82.4201051243663,23.53869634270725,14217,297,57,44.02972328313533,39.607427919856654,47,24.31125896662855,5021,confirmation38,0,partial_hungarian_u080,5318,data36-10,ocsort,19238,True
82.4201051243663,23.53869634270725,14217,297,57,44.02972328313533,39.607427919856654,47,24.31125896662855,5021,confirmation38,0,partial_hungarian_u100,5318,data36-10,ocsort,19238,True
82.38120212443813,23.53869634270725,14217,297,57,44.01926742060122,39.65629581365043,45,24.321655057698305,5021,confirmation38,0,regr_final,5318,data36-10,ocsort,19238,True
83.95260577396208,23.53869634270725,14217,297,57,44.43767637692236,40.193842645381984,45,24.321655057698305,5021,confirmation38,0,regr_final_motion_always,5318,data36-10,ocsort,19238,True
82.38120212443813,23.53869634270725,14217,297,57,44.01926742060122,39.65629581365043,45,24.321655057698305,5021,confirmation38,0,regr_final_no_gap,5318,data36-10,ocsort,19238,True
82.38120212443813,23.53869634270725,14217,297,57,44.01926742060122,39.65629581365043,45,24.321655057698305,5021,confirmation38,0,regr_final_no_motion,5318,data36-10,ocsort,19238,True
82.38120212443813,23.53869634270725,14217,297,57,44.01926742060122,39.65629581365043,45,24.321655057698305,5021,confirmation38,0,regr_final_no_reciprocal,5318,data36-10,ocsort,19238,True
82.38120212443813,23.53869634270725,14217,297,57,44.01926742060122,39.65629581365043,45,24.321655057698305,5021,confirmation38,0,regr_t,5318,data36-10,ocsort,19238,True
83.9526108634097,23.53869634270725,14217,297,57,44.4376687226983,40.193842645381984,45,24.321655057698305,5021,confirmation38,0,regr_tg_old,5318,data36-10,ocsort,19238,True
82.42147066607343,23.540739750667942,14217,297,57,44.031962912930624,39.62371721778791,49,24.30086287555879,5021,confirmation38,0,s2_h_cond_w3_endpoint_c50_r100,5318,data36-10,ocsort,19238,True
71.64380706901143,23.03617224775954,6373,349,92,40.53881772808481,40.61967994552264,80,23.45262210218321,2513,confirmation38,0,geometry_greedy,2862,data36-11,bytetrack,8886,True
71.72958252630299,23.03617224775954,6373,349,92,40.565754166650194,40.68777664283282,79,23.463875759621878,2513,confirmation38,0,geometry_reid_greedy,2862,data36-11,bytetrack,8886,True
72.33360659411744,23.037661166314006,6373,349,92,40.73557902703738,40.909090909090914,96,23.27256358316453,2513,confirmation38,0,no_refinement,2862,data36-11,bytetrack,8886,True
72.09887717950436,23.037661166314006,6373,349,92,40.67189942268499,40.994211780728634,84,23.40760747242854,2513,confirmation38,0,partial_hungarian_u080,2862,data36-11,bytetrack,8886,True
72.09513872593286,23.037661166314006,6373,349,92,40.67081992589702,40.994211780728634,85,23.39635381498987,2513,confirmation38,0,partial_hungarian_u100,2862,data36-11,bytetrack,8886,True
71.63506191120389,23.03617224775954,6373,349,92,40.54166294627727,40.68777664283282,79,23.463875759621878,2513,confirmation38,0,regr_final,2862,data36-11,bytetrack,8886,True
71.63506191120389,23.03617224775954,6373,349,92,40.54166294627727,40.68777664283282,79,23.463875759621878,2513,confirmation38,0,regr_final_motion_always,2862,data36-11,bytetrack,8886,True
71.72958252630299,23.03617224775954,6373,349,92,40.565754166650194,40.68777664283282,79,23.463875759621878,2513,confirmation38,0,regr_final_no_gap,2862,data36-11,bytetrack,8886,True
71.63506191120389,23.03617224775954,6373,349,92,40.54166294627727,40.68777664283282,79,23.463875759621878,2513,confirmation38,0,regr_final_no_motion,2862,data36-11,bytetrack,8886,True
71.63506191120389,23.03617224775954,6373,349,92,40.54166294627727,40.68777664283282,79,23.463875759621878,2513,confirmation38,0,regr_final_no_reciprocal,2862,data36-11,bytetrack,8886,True
71.63506191120389,23.03617224775954,6373,349,92,40.54166294627727,40.68777664283282,79,23.463875759621878,2513,confirmation38,0,regr_t,2862,data36-11,bytetrack,8886,True
72.37931677507177,23.03617224775954,6373,349,92,40.74899050545008,40.97718760640109,80,23.45262210218321,2513,confirmation38,0,regr_tg_old,2862,data36-11,bytetrack,8886,True
72.12993643866832,23.037661166314006,6373,349,92,40.680725472311416,40.97718760640109,85,23.39635381498987,2513,confirmation38,0,s2_h_cond_w3_endpoint_c50_r100,2862,data36-11,bytetrack,8886,True
74.17960422528861,37.815568103560395,4464,603,316,51.703073279534486,60.556394220401124,41,42.51631780328607,4422,confirmation38,0,geometry_greedy,5025,data36-11,deepocsort,8886,True
74.22427132558987,37.82174056556424,4464,603,316,51.72411167200476,60.52763999712458,40,42.52757146072474,4422,confirmation38,0,geometry_reid_greedy,5025,data36-11,deepocsort,8886,True
74.7080777755922,37.84800987440574,4464,603,316,51.93494569903561,61.864711379483865,43,42.493810488408734,4422,confirmation38,0,no_refinement,5025,data36-11,deepocsort,8886,True
74.28580331704883,37.815568103560395,4464,603,316,51.74486796797204,60.642656890230754,41,42.51631780328607,4422,confirmation38,0,partial_hungarian_u080,5025,data36-11,deepocsort,8886,True
74.25114303721824,37.815568103560395,4464,603,316,51.73067607791681,60.62827977859248,41,42.51631780328607,4422,confirmation38,0,partial_hungarian_u100,5025,data36-11,deepocsort,8886,True
74.19356615752416,37.82174056556424,4464,603,316,51.71158216259579,60.441377327294944,40,42.52757146072474,4422,confirmation38,0,regr_final,5025,data36-11,deepocsort,8886,True
74.21031450838434,37.82174056556424,4464,603,316,51.71832641110573,60.513262885486306,40,42.52757146072474,4422,confirmation38,0,regr_final_motion_always,5025,data36-11,deepocsort,8886,True
74.22427132558987,37.82174056556424,4464,603,316,51.72411167200476,60.52763999712458,40,42.52757146072474,4422,confirmation38,0,regr_final_no_gap,5025,data36-11,deepocsort,8886,True
74.19356615752416,37.82174056556424,4464,603,316,51.71158216259579,60.441377327294944,40,42.52757146072474,4422,confirmation38,0,regr_final_no_motion,5025,data36-11,deepocsort,8886,True
74.19356615752416,37.82174056556424,4464,603,316,51.71158216259579,60.441377327294944,40,42.52757146072474,4422,confirmation38,0,regr_final_no_reciprocal,5025,data36-11,deepocsort,8886,True
74.19356615752416,37.82174056556424,4464,603,316,51.71158216259579,60.441377327294944,40,42.52757146072474,4422,confirmation38,0,regr_t,5025,data36-11,deepocsort,8886,True
74.19566761732513,37.82174056556424,4464,603,316,51.7121303760106,60.441377327294944,40,42.52757146072474,4422,confirmation38,0,regr_tg_old,5025,data36-11,deepocsort,8886,True
74.32335762335602,37.82174056556424,4464,603,316,51.76445519677899,60.70016533678384,41,42.51631780328607,4422,confirmation38,0,s2_h_cond_w3_endpoint_c50_r100,5025,data36-11,deepocsort,8886,True
80.39782310827916,25.21423466609873,6354,248,26,44.91709996125914,41.98525630036002,75,24.859329282016656,2532,confirmation38,0,geometry_greedy,2780,data36-11,ocsort,8886,True
80.60285950496629,25.214970532225745,6354,248,26,44.977947656471784,42.70529744556832,36,25.298221922124693,2532,confirmation38,0,geometry_reid_greedy,2780,data36-11,ocsort,8886,True
80.20502844506254,25.22093573946004,6354,248,26,44.866112648426956,41.14520829761701,127,24.274139095205943,2532,confirmation38,0,no_refinement,2780,data36-11,ocsort,8886,True
80.62517697138378,25.214970532225745,6354,248,26,44.98448559156506,42.85959197668438,22,25.455773126266035,2532,confirmation38,0,partial_hungarian_u080,2780,data36-11,ocsort,8886,True
80.62063272090363,25.21423466609873,6354,248,26,44.98250818819812,42.791016629521685,24,25.4332658113887,2532,confirmation38,0,partial_hungarian_u100,2780,data36-11,ocsort,8886,True
80.60598452684647,25.214970532225745,6354,248,26,44.978861830019284,42.739585119149666,34,25.320729237002027,2532,confirmation38,0,regr_final,2780,data36-11,ocsort,8886,True
80.60598452684647,25.214970532225745,6354,248,26,44.978861830019284,42.739585119149666,34,25.320729237002027,2532,confirmation38,0,regr_final_motion_always,2780,data36-11,ocsort,8886,True
80.60285950496629,25.214970532225745,6354,248,26,44.977947656471784,42.70529744556832,36,25.298221922124693,2532,confirmation38,0,regr_final_no_gap,2780,data36-11,ocsort,8886,True
80.60598452684647,25.214970532225745,6354,248,26,44.978861830019284,42.739585119149666,34,25.320729237002027,2532,confirmation38,0,regr_final_no_motion,2780,data36-11,ocsort,8886,True
80.60598452684647,25.214970532225745,6354,248,26,44.978861830019284,42.739585119149666,34,25.320729237002027,2532,confirmation38,0,regr_final_no_reciprocal,2780,data36-11,ocsort,8886,True
80.60598452684647,25.214970532225745,6354,248,26,44.978861830019284,42.739585119149666,34,25.320729237002027,2532,confirmation38,0,regr_t,2780,data36-11,ocsort,8886,True
80.60598452684647,25.214970532225745,6354,248,26,44.978861830019284,42.739585119149666,34,25.320729237002027,2532,confirmation38,0,regr_tg_old,2780,data36-11,ocsort,8886,True
80.59821108307904,25.215726253467015,6354,248,26,44.97718323438893,42.63672209840562,35,25.309475579563355,2532,confirmation38,0,s2_h_cond_w3_endpoint_c50_r100,2780,data36-11,ocsort,8886,True
54.27977270983468,38.693656027502215,1843,565,42,45.76811452141798,52.80373831775701,38,36.45102624058197,2006,confirmation38,0,geometry_greedy,2571,data36-12,bytetrack,3849,True
54.3573671929291,38.693656027502215,1843,565,42,45.80169035449156,52.80373831775701,38,36.45102624058197,2006,confirmation38,0,geometry_reid_greedy,2571,data36-12,bytetrack,3849,True
55.344453711345885,38.693656027502215,1843,565,42,46.2122528578983,52.95950155763239,46,36.243180046765396,2006,confirmation38,0,no_refinement,2571,data36-12,bytetrack,3849,True
54.111613708635495,38.693656027502215,1843,565,42,45.69773931960015,52.80373831775701,38,36.45102624058197,2006,confirmation38,0,partial_hungarian_u080,2571,data36-12,bytetrack,3849,True
54.111613708635495,38.693656027502215,1843,565,42,45.69773931960015,52.80373831775701,38,36.45102624058197,2006,confirmation38,0,partial_hungarian_u100,2571,data36-12,bytetrack,3849,True
54.39811851166375,38.693656027502215,1843,565,42,45.82284153750128,52.80373831775701,38,36.45102624058197,2006,confirmation38,0,regr_final,2571,data36-12,bytetrack,3849,True
55.17525026699902,38.693656027502215,1843,565,42,46.15157709874197,53.395638629283496,38,36.45102624058197,2006,confirmation38,0,regr_final_motion_always,2571,data36-12,bytetrack,3849,True
54.3573671929291,38.693656027502215,1843,565,42,45.80169035449156,52.80373831775701,38,36.45102624058197,2006,confirmation38,0,regr_final_no_gap,2571,data36-12,bytetrack,3849,True
54.39811851166375,38.693656027502215,1843,565,42,45.82284153750128,52.80373831775701,38,36.45102624058197,2006,confirmation38,0,regr_final_no_motion,2571,data36-12,bytetrack,3849,True
54.39811851166375,38.693656027502215,1843,565,42,45.82284153750128,52.80373831775701,38,36.45102624058197,2006,confirmation38,0,regr_final_no_reciprocal,2571,data36-12,bytetrack,3849,True
54.39811851166375,38.693656027502215,1843,565,42,45.82284153750128,52.80373831775701,38,36.45102624058197,2006,confirmation38,0,regr_t,2571,data36-12,bytetrack,3849,True
54.39811851166375,38.693656027502215,1843,565,42,45.82284153750128,52.80373831775701,38,36.45102624058197,2006,confirmation38,0,regr_tg_old,2571,data36-12,bytetrack,3849,True
54.27509259993032,38.693656027502215,1843,565,42,45.77069450925277,52.80373831775701,38,36.45102624058197,2006,confirmation38,0,s2_h_cond_w3_endpoint_c50_r100,2571,data36-12,bytetrack,3849,True
79.46617430256372,45.168476681504025,1654,452,42,59.81006758367053,66.7795566502463,4,45.18056638087815,2195,confirmation38,0,geometry_greedy,2647,data36-12,deepocsort,3849,True
79.46617430256372,45.168476681504025,1654,452,42,59.81006758367053,66.7795566502463,4,45.18056638087815,2195,confirmation38,0,geometry_reid_greedy,2647,data36-12,deepocsort,3849,True
79.47719179722256,45.168476681504025,1654,452,42,59.81434241849715,66.8411330049261,4,45.18056638087815,2195,confirmation38,0,no_refinement,2647,data36-12,deepocsort,3849,True
79.46617430256372,45.168476681504025,1654,452,42,59.81006758367053,66.7795566502463,4,45.18056638087815,2195,confirmation38,0,partial_hungarian_u080,2647,data36-12,deepocsort,3849,True
79.46617430256372,45.168476681504025,1654,452,42,59.81006758367053,66.7795566502463,4,45.18056638087815,2195,confirmation38,0,partial_hungarian_u100,2647,data36-12,deepocsort,3849,True
79.46617430256372,45.168476681504025,1654,452,42,59.81006758367053,66.7795566502463,4,45.18056638087815,2195,confirmation38,0,regr_final,2647,data36-12,deepocsort,3849,True
79.46617430256372,45.168476681504025,1654,452,42,59.81006758367053,66.7795566502463,4,45.18056638087815,2195,confirmation38,0,regr_final_motion_always,2647,data36-12,deepocsort,3849,True
79.46617430256372,45.168476681504025,1654,452,42,59.81006758367053,66.7795566502463,4,45.18056638087815,2195,confirmation38,0,regr_final_no_gap,2647,data36-12,deepocsort,3849,True
79.46617430256372,45.168476681504025,1654,452,42,59.81006758367053,66.7795566502463,4,45.18056638087815,2195,confirmation38,0,regr_final_no_motion,2647,data36-12,deepocsort,3849,True
79.46617430256372,45.168476681504025,1654,452,42,59.81006758367053,66.7795566502463,4,45.18056638087815,2195,confirmation38,0,regr_final_no_reciprocal,2647,data36-12,deepocsort,3849,True
79.46617430256372,45.168476681504025,1654,452,42,59.81006758367053,66.7795566502463,4,45.18056638087815,2195,confirmation38,0,regr_t,2647,data36-12,deepocsort,3849,True
79.47719179722256,45.168476681504025,1654,452,42,59.81434241849715,66.8411330049261,4,45.18056638087815,2195,confirmation38,0,regr_tg_old,2647,data36-12,deepocsort,3849,True
79.46617430256372,45.168476681504025,1654,452,42,59.81006758367053,66.7795566502463,4,45.18056638087815,2195,confirmation38,0,s2_h_cond_w3_endpoint_c50_r100,2647,data36-12,deepocsort,3849,True
62.28659964139888,41.68970926272785,1850,460,45,50.89165103843203,53.868103994927075,37,39.023122889062094,1999,confirmation38,0,geometry_greedy,2459,data36-12,ocsort,3849,True
62.490633835909485,41.68970926272785,1850,460,45,50.97399450206562,53.868103994927075,37,39.023122889062094,1999,confirmation38,0,geometry_reid_greedy,2459,data36-12,ocsort,3849,True
62.33181831349863,41.68970926272785,1850,460,45,50.90746826574964,53.519340519974634,45,38.81527669524552,1999,confirmation38,0,no_refinement,2459,data36-12,ocsort,3849,True
62.43725199734339,41.68970926272785,1850,460,45,50.952213522783865,53.868103994927075,36,39.049103663289166,1999,confirmation38,0,partial_hungarian_u080,2459,data36-12,ocsort,3849,True
62.43725199734339,41.68970926272785,1850,460,45,50.952213522783865,53.868103994927075,36,39.049103663289166,1999,confirmation38,0,partial_hungarian_u100,2459,data36-12,ocsort,3849,True
62.490633835909485,41.68970926272785,1850,460,45,50.97399450206562,53.868103994927075,37,39.023122889062094,1999,confirmation38,0,regr_final,2459,data36-12,ocsort,3849,True
62.597518724458055,41.68970926272785,1850,460,45,51.017109683239426,53.868103994927075,37,39.023122889062094,1999,confirmation38,0,regr_final_motion_always,2459,data36-12,ocsort,3849,True
62.490633835909485,41.68970926272785,1850,460,45,50.97399450206562,53.868103994927075,37,39.023122889062094,1999,confirmation38,0,regr_final_no_gap,2459,data36-12,ocsort,3849,True
62.490633835909485,41.68970926272785,1850,460,45,50.97399450206562,53.868103994927075,37,39.023122889062094,1999,confirmation38,0,regr_final_no_motion,2459,data36-12,ocsort,3849,True
62.490633835909485,41.68970926272785,1850,460,45,50.97399450206562,53.868103994927075,37,39.023122889062094,1999,confirmation38,0,regr_final_no_reciprocal,2459,data36-12,ocsort,3849,True
62.490633835909485,41.68970926272785,1850,460,45,50.97399450206562,53.868103994927075,37,39.023122889062094,1999,confirmation38,0,regr_t,2459,data36-12,ocsort,3849,True
62.490633835909485,41.68970926272785,1850,460,45,50.97399450206562,53.868103994927075,37,39.023122889062094,1999,confirmation38,0,regr_tg_old,2459,data36-12,ocsort,3849,True
62.48929971929439,41.68970926272785,1850,460,45,50.973441484906644,53.868103994927075,36,39.049103663289166,1999,confirmation38,0,s2_h_cond_w3_endpoint_c50_r100,2459,data36-12,ocsort,3849,True
64.61880350908827,53.7711084032958,541,99,26,58.91023000562273,71.39191789608724,26,62.58426966292134,1239,confirmation38,0,geometry_greedy,1338,data36-13,bytetrack,1780,True
66.5205633740383,53.7711084032958,541,99,26,59.771060846681,72.28992944194997,23,62.752808988764045,1239,confirmation38,0,geometry_reid_greedy,1338,data36-13,bytetrack,1780,True
62.19488691733709,53.86335715276621,541,99,26,57.83167497957511,67.60744066709428,37,61.966292134831455,1239,confirmation38,0,no_refinement,1338,data36-13,bytetrack,1780,True
66.41566183654693,53.7711084032958,541,99,26,59.72302575724554,71.8409236690186,24,62.69662921348315,1239,confirmation38,0,partial_hungarian_u080,1338,data36-13,bytetrack,1780,True
66.41566183654693,53.7711084032958,541,99,26,59.72302575724554,71.8409236690186,24,62.69662921348315,1239,confirmation38,0,partial_hungarian_u100,1338,data36-13,bytetrack,1780,True
65.03208441033892,53.7711084032958,541,99,26,59.098384633163136,71.39191789608724,26,62.58426966292134,1239,confirmation38,0,regr_final,1338,data36-13,bytetrack,1780,True
64.96987781414072,53.7711084032958,541,99,26,59.06990026010395,71.19948685054523,27,62.52808988764045,1239,confirmation38,0,regr_final_motion_always,1338,data36-13,bytetrack,1780,True
65.03208441033892,53.7711084032958,541,99,26,59.098384633163136,71.39191789608724,26,62.58426966292134,1239,confirmation38,0,regr_final_no_gap,1338,data36-13,bytetrack,1780,True
66.5205633740383,53.7711084032958,541,99,26,59.771060846681,72.28992944194997,23,62.752808988764045,1239,confirmation38,0,regr_final_no_motion,1338,data36-13,bytetrack,1780,True
65.03208441033892,53.7711084032958,541,99,26,59.098384633163136,71.39191789608724,26,62.58426966292134,1239,confirmation38,0,regr_final_no_reciprocal,1338,data36-13,bytetrack,1780,True
66.5205633740383,53.7711084032958,541,99,26,59.771060846681,72.28992944194997,23,62.752808988764045,1239,confirmation38,0,regr_t,1338,data36-13,bytetrack,1780,True
65.12660302915906,53.86335715276621,541,99,26,59.1907850100203,71.19948685054523,27,62.52808988764045,1239,confirmation38,0,regr_tg_old,1338,data36-13,bytetrack,1780,True
65.08392895603181,53.86335715276621,541,99,26,59.17068587083133,70.94291212315586,27,62.52808988764045,1239,confirmation38,0,s2_h_cond_w3_endpoint_c50_r100,1338,data36-13,bytetrack,1780,True
84.31844551760021,61.11215803763096,490,98,27,71.63646451279769,80.36616161616162,5,66.68539325842696,1290,confirmation38,0,geometry_greedy,1388,data36-13,deepocsort,1780,True
84.31844551760021,61.11215803763096,490,98,27,71.63646451279769,80.36616161616162,5,66.68539325842696,1290,confirmation38,0,geometry_reid_greedy,1388,data36-13,deepocsort,1780,True
82.32560521620405,61.11215803763096,490,98,27,70.7784111161654,78.8510101010101,9,66.46067415730337,1290,confirmation38,0,no_refinement,1388,data36-13,deepocsort,1780,True
84.31844551760021,61.11215803763096,490,98,27,71.63646451279769,80.36616161616162,5,66.68539325842696,1290,confirmation38,0,partial_hungarian_u080,1388,data36-13,deepocsort,1780,True
84.31844551760021,61.11215803763096,490,98,27,71.63646451279769,80.36616161616162,5,66.68539325842696,1290,confirmation38,0,partial_hungarian_u100,1388,data36-13,deepocsort,1780,True
83.85199883173672,61.11215803763096,490,98,27,71.43624147459529,80.05050505050505,6,66.62921348314606,1290,confirmation38,0,regr_final,1388,data36-13,deepocsort,1780,True
83.85199883173672,61.11215803763096,490,98,27,71.43624147459529,80.05050505050505,6,66.62921348314606,1290,confirmation38,0,regr_final_motion_always,1388,data36-13,deepocsort,1780,True
83.85199883173672,61.11215803763096,490,98,27,71.43624147459529,80.05050505050505,6,66.62921348314606,1290,confirmation38,0,regr_final_no_gap,1388,data36-13,deepocsort,1780,True
84.31844551760021,61.11215803763096,490,98,27,71.63646451279769,80.36616161616162,5,66.68539325842696,1290,confirmation38,0,regr_final_no_motion,1388,data36-13,deepocsort,1780,True
83.85199883173672,61.11215803763096,490,98,27,71.43624147459529,80.05050505050505,6,66.62921348314606,1290,confirmation38,0,regr_final_no_reciprocal,1388,data36-13,deepocsort,1780,True
84.31844551760021,61.11215803763096,490,98,27,71.63646451279769,80.36616161616162,5,66.68539325842696,1290,confirmation38,0,regr_t,1388,data36-13,deepocsort,1780,True
82.33566346272085,61.11215803763096,490,98,27,70.78284817678382,78.97727272727273,7,66.57303370786516,1290,confirmation38,0,regr_tg_old,1388,data36-13,deepocsort,1780,True
82.33566346272085,61.11215803763096,490,98,27,70.78284817678382,78.97727272727273,7,66.57303370786516,1290,confirmation38,0,s2_h_cond_w3_endpoint_c50_r100,1388,data36-13,deepocsort,1780,True
75.28008148264178,57.29250609830031,595,102,20,65.59380813439878,69.44897293772416,19,59.7752808988764,1185,confirmation38,0,geometry_greedy,1287,data36-13,ocsort,1780,True
76.97435237175462,57.29250609830031,595,102,20,66.33088549015652,70.10107597000325,17,59.88764044943821,1185,confirmation38,0,geometry_reid_greedy,1287,data36-13,ocsort,1780,True
75.68135326138518,57.29250609830031,595,102,20,65.76982614653724,69.18813172481252,23,59.55056179775281,1185,confirmation38,0,no_refinement,1287,data36-13,ocsort,1780,True
76.97814684382422,57.29250609830031,595,102,20,66.33256474505535,70.10107597000325,17,59.88764044943821,1185,confirmation38,0,partial_hungarian_u080,1287,data36-13,ocsort,1780,True
76.97814684382422,57.29250609830031,595,102,20,66.33256474505535,70.10107597000325,17,59.88764044943821,1185,confirmation38,0,partial_hungarian_u100,1287,data36-13,ocsort,1780,True
76.92828470626053,57.29250609830031,595,102,20,66.3107085084031,69.90544506031952,18,59.8314606741573,1185,confirmation38,0,regr_final,1287,data36-13,ocsort,1780,True
75.59525443823264,57.29250609830031,595,102,20,65.73179433910856,69.25334202804044,20,59.71910112359551,1185,confirmation38,0,regr_final_motion_always,1287,data36-13,ocsort,1780,True
76.92828470626053,57.29250609830031,595,102,20,66.3107085084031,69.90544506031952,18,59.8314606741573,1185,confirmation38,0,regr_final_no_gap,1287,data36-13,ocsort,1780,True
76.97435237175462,57.29250609830031,595,102,20,66.33088549015652,70.10107597000325,17,59.88764044943821,1185,confirmation38,0,regr_final_no_motion,1287,data36-13,ocsort,1780,True
76.92828470626053,57.29250609830031,595,102,20,66.3107085084031,69.90544506031952,18,59.8314606741573,1185,confirmation38,0,regr_final_no_reciprocal,1287,data36-13,ocsort,1780,True
76.97435237175462,57.29250609830031,595,102,20,66.33088549015652,70.10107597000325,17,59.88764044943821,1185,confirmation38,0,regr_t,1287,data36-13,ocsort,1780,True
75.69489599227094,57.29250609830031,595,102,20,65.77585729151092,69.25334202804044,20,59.71910112359551,1185,confirmation38,0,regr_tg_old,1287,data36-13,ocsort,1780,True
76.93207917833014,57.29250609830031,595,102,20,66.31238834625324,69.90544506031952,18,59.8314606741573,1185,confirmation38,0,s2_h_cond_w3_endpoint_c50_r100,1287,data36-13,ocsort,1780,True
47.848882326726375,36.2216936893566,6735,805,772,41.23591565242031,46.871591472483885,525,38.19923371647509,6315,confirmation38,0,geometry_greedy,7120,data36-4,bytetrack,13050,True
49.4163438312996,36.20796665191253,6735,805,772,41.92472946301254,48.70599900842836,481,38.53639846743295,6315,confirmation38,0,geometry_reid_greedy,7120,data36-4,bytetrack,13050,True
43.77632039260631,36.22923821010871,6735,805,772,39.393703854971996,41.82449181953396,836,35.81609195402299,6315,confirmation38,0,no_refinement,7120,data36-4,bytetrack,13050,True
48.913657343416375,36.22304700109533,6735,805,772,41.708285293289386,47.5359444719881,538,38.09961685823755,6315,confirmation38,0,partial_hungarian_u080,7120,data36-4,bytetrack,13050,True
48.84716757786668,36.22534814811917,6735,805,772,41.67932179773204,47.39712444224095,546,38.03831417624521,6315,confirmation38,0,partial_hungarian_u100,7120,data36-4,bytetrack,13050,True
49.42372355358021,36.20796665191253,6735,805,772,41.928078192845156,48.666336142786314,460,38.69731800766284,6315,confirmation38,0,regr_final,7120,data36-4,bytetrack,13050,True
49.1075690910758,36.20344908418525,6735,805,772,41.78185549376911,48.20029747149231,470,38.62068965517241,6315,confirmation38,0,regr_final_motion_always,7120,data36-4,bytetrack,13050,True
49.4163438312996,36.20796665191253,6735,805,772,41.92472946301254,48.70599900842836,481,38.53639846743295,6315,confirmation38,0,regr_final_no_gap,7120,data36-4,bytetrack,13050,True
49.42372355358021,36.20796665191253,6735,805,772,41.928078192845156,48.666336142786314,460,38.69731800766284,6315,confirmation38,0,regr_final_no_motion,7120,data36-4,bytetrack,13050,True
49.42372355358021,36.20796665191253,6735,805,772,41.928078192845156,48.666336142786314,460,38.69731800766284,6315,confirmation38,0,regr_final_no_reciprocal,7120,data36-4,bytetrack,13050,True
49.42372355358021,36.20796665191253,6735,805,772,41.928078192845156,48.666336142786314,460,38.69731800766284,6315,confirmation38,0,regr_t,7120,data36-4,bytetrack,13050,True
49.42372355358021,36.20796665191253,6735,805,772,41.928078192845156,48.666336142786314,460,38.69731800766284,6315,confirmation38,0,regr_tg_old,7120,data36-4,bytetrack,13050,True
48.821701158908404,36.2152082357677,6735,805,772,41.66089930262345,47.29796727813584,580,37.77777777777778,6315,confirmation38,0,s2_h_cond_w3_endpoint_c50_r100,7120,data36-4,bytetrack,13050,True
72.16619707614956,54.8016511503423,3891,803,427,62.14759764765482,75.91691291500086,43,63.701149425287355,9159,confirmation38,0,geometry_greedy,9962,data36-4,deepocsort,13050,True
72.59133970076824,54.79673966216041,3891,803,427,62.328544393309535,76.04727968016687,41,63.71647509578544,9159,confirmation38,0,geometry_reid_greedy,9962,data36-4,deepocsort,13050,True
71.79749529984699,54.80216784319653,3891,803,427,61.97281181730765,75.36068138362594,66,63.524904214559385,9159,confirmation38,0,no_refinement,9962,data36-4,deepocsort,13050,True
72.69581874961351,54.79807630011791,3891,803,427,62.37645928315585,76.24717538675473,42,63.7088122605364,9159,confirmation38,0,partial_hungarian_u080,9962,data36-4,deepocsort,13050,True
72.69581874961351,54.79807630011791,3891,803,427,62.37645928315585,76.24717538675473,42,63.7088122605364,9159,confirmation38,0,partial_hungarian_u100,9962,data36-4,deepocsort,13050,True
72.58992116097683,54.79673966216041,3891,803,427,62.32791224394681,76.04727968016687,41,63.71647509578544,9159,confirmation38,0,regr_final,9962,data36-4,deepocsort,13050,True
72.69685438073516,54.79673966216041,3891,803,427,62.37171540836701,76.09073526855553,42,63.7088122605364,9159,confirmation38,0,regr_final_motion_always,9962,data36-4,deepocsort,13050,True
72.59133970076824,54.79673966216041,3891,803,427,62.328544393309535,76.04727968016687,41,63.71647509578544,9159,confirmation38,0,regr_final_no_gap,9962,data36-4,deepocsort,13050,True
72.58992116097683,54.79673966216041,3891,803,427,62.32791224394681,76.04727968016687,41,63.71647509578544,9159,confirmation38,0,regr_final_no_motion,9962,data36-4,deepocsort,13050,True
72.58992116097683,54.79673966216041,3891,803,427,62.32791224394681,76.04727968016687,41,63.71647509578544,9159,confirmation38,0,regr_final_no_reciprocal,9962,data36-4,deepocsort,13050,True
72.58992116097683,54.79673966216041,3891,803,427,62.32791224394681,76.04727968016687,41,63.71647509578544,9159,confirmation38,0,regr_t,9962,data36-4,deepocsort,13050,True
72.33313244718029,54.79673966216041,3891,803,427,62.22367797963248,76.0038240917782,46,63.678160919540225,9159,confirmation38,0,regr_tg_old,9962,data36-4,deepocsort,13050,True
72.43166036130934,54.79807630011791,3891,803,427,62.269469333292534,76.20371979836607,43,63.701149425287355,9159,confirmation38,0,s2_h_cond_w3_endpoint_c50_r100,9962,data36-4,deepocsort,13050,True
47.528029322232506,33.37531524471063,7975,451,269,39.658200401560705,39.62101636520241,218,33.76245210727969,5075,confirmation38,0,geometry_greedy,5526,data36-4,ocsort,13050,True
48.18088471637241,33.37522420653036,7975,451,269,39.94246731917352,40.482342807924205,185,34.015325670498086,5075,confirmation38,0,geometry_reid_greedy,5526,data36-4,ocsort,13050,True
47.31436408051006,33.37772051384937,7975,451,269,39.55560945288945,38.296726959517656,320,32.980842911877396,5075,confirmation38,0,no_refinement,5526,data36-4,ocsort,13050,True
48.14027952144361,33.37522420653036,7975,451,269,39.91633017910538,40.36391042204996,195,33.93869731800766,5075,confirmation38,0,partial_hungarian_u080,5526,data36-4,ocsort,13050,True
48.139979537352254,33.37522420653036,7975,451,269,39.916200066604,40.36391042204996,195,33.93869731800766,5075,confirmation38,0,partial_hungarian_u100,5526,data36-4,ocsort,13050,True
48.18325738419375,33.37522420653036,7975,451,269,39.94349312191384,40.482342807924205,184,34.02298850574713,5075,confirmation38,0,regr_final,5526,data36-4,ocsort,13050,True
48.08937715693903,33.38258455804556,7975,451,269,39.90022177667355,40.019379844961236,192,33.96168582375479,5075,confirmation38,0,regr_final_motion_always,5526,data36-4,ocsort,13050,True
48.18088471637241,33.37522420653036,7975,451,269,39.94246731917352,40.482342807924205,185,34.015325670498086,5075,confirmation38,0,regr_final_no_gap,5526,data36-4,ocsort,13050,True
48.18325738419375,33.37522420653036,7975,451,269,39.94349312191384,40.482342807924205,184,34.02298850574713,5075,confirmation38,0,regr_final_no_motion,5526,data36-4,ocsort,13050,True
48.18325738419375,33.37522420653036,7975,451,269,39.94349312191384,40.482342807924205,184,34.02298850574713,5075,confirmation38,0,regr_final_no_reciprocal,5526,data36-4,ocsort,13050,True
48.18325738419375,33.37522420653036,7975,451,269,39.94349312191384,40.482342807924205,184,34.02298850574713,5075,confirmation38,0,regr_t,5526,data36-4,ocsort,13050,True
47.8102314187698,33.37522420653036,7975,451,269,39.78739392821191,40.32084409991386,188,33.99233716475096,5075,confirmation38,0,regr_tg_old,5526,data36-4,ocsort,13050,True
47.955221920980904,33.37522420653036,7975,451,269,39.8481997052351,40.406976744186046,202,33.88505747126437,5075,confirmation38,0,s2_h_cond_w3_endpoint_c50_r100,5526,data36-4,ocsort,13050,True
67.85541125815182,47.52836257404176,3006,436,328,56.697301142213064,66.5601703940362,234,53.21964876558921,4852,confirmation38,0,geometry_greedy,5288,data36-5,bytetrack,7858,True
67.90694774431655,47.52836257404176,3006,436,328,56.7196922596745,66.9557279780922,236,53.19419699669127,4852,confirmation38,0,geometry_reid_greedy,5288,data36-5,bytetrack,7858,True
65.48585848632003,47.52836257404176,3006,436,328,55.68246892812948,62.969724631066484,367,51.5271061338763,4852,confirmation38,0,no_refinement,5288,data36-5,bytetrack,7858,True
67.81101846954093,47.52836257404176,3006,436,328,56.67886820697452,66.22546782291191,281,52.62153219648765,4852,confirmation38,0,partial_hungarian_u080,5288,data36-5,bytetrack,7858,True
67.79968789254917,47.52836257404176,3006,436,328,56.67405297229197,66.21025406967898,288,52.53245100534487,4852,confirmation38,0,partial_hungarian_u100,5288,data36-5,bytetrack,7858,True
67.9237202210749,47.52836257404176,3006,436,328,56.72690770022849,67.07743800395558,231,53.25782641893612,4852,confirmation38,0,regr_final,5288,data36-5,bytetrack,7858,True
67.60842520835811,47.52836257404176,3006,436,328,56.593319583295646,66.81880419899589,235,53.20692288114024,4852,confirmation38,0,regr_final_motion_always,5288,data36-5,bytetrack,7858,True
67.90694774431655,47.52836257404176,3006,436,328,56.7196922596745,66.9557279780922,236,53.19419699669127,4852,confirmation38,0,regr_final_no_gap,5288,data36-5,bytetrack,7858,True
67.9237202210749,47.52836257404176,3006,436,328,56.72690770022849,67.07743800395558,231,53.25782641893612,4852,confirmation38,0,regr_final_no_motion,5288,data36-5,bytetrack,7858,True
67.9237202210749,47.52836257404176,3006,436,328,56.72690770022849,67.07743800395558,231,53.25782641893612,4852,confirmation38,0,regr_final_no_reciprocal,5288,data36-5,bytetrack,7858,True
67.9237202210749,47.52836257404176,3006,436,328,56.72690770022849,67.07743800395558,231,53.25782641893612,4852,confirmation38,0,regr_t,5288,data36-5,bytetrack,7858,True
67.80178008603964,47.52836257404176,3006,436,328,56.67627058628524,67.01658299102388,232,53.24510053448714,4852,confirmation38,0,regr_tg_old,5288,data36-5,bytetrack,7858,True
67.68744508249983,47.52836257404176,3006,436,328,56.62722224597847,66.24068157614484,293,52.46882158310002,4852,confirmation38,0,s2_h_cond_w3_endpoint_c50_r100,5288,data36-5,bytetrack,7858,True
81.36244570715805,62.92043467101559,1667,437,145,71.1530891634502,84.13640756592572,11,73.08475439043013,6191,confirmation38,0,geometry_greedy,6628,data36-5,deepocsort,7858,True
81.57426858577811,62.92043467101559,1667,437,145,71.2458786598238,84.26066547010907,11,73.08475439043013,6191,confirmation38,0,geometry_reid_greedy,6628,data36-5,deepocsort,7858,True
81.2194112226694,62.92043467101559,1667,437,145,71.09244293913606,83.90169819135718,13,73.0593026215322,6191,confirmation38,0,no_refinement,6628,data36-5,deepocsort,7858,True
81.5491673779749,62.92043467101559,1667,437,145,71.23491205571885,84.26066547010907,11,73.08475439043013,6191,confirmation38,0,partial_hungarian_u080,6628,data36-5,deepocsort,7858,True
81.5491673779749,62.92043467101559,1667,437,145,71.23491205571885,84.26066547010907,11,73.08475439043013,6191,confirmation38,0,partial_hungarian_u100,6628,data36-5,deepocsort,7858,True
81.57426858577811,62.92043467101559,1667,437,145,71.2458786598238,84.26066547010907,11,73.08475439043013,6191,confirmation38,0,regr_final,6628,data36-5,deepocsort,7858,True
81.23824115470453,62.92043467101559,1667,437,145,71.0985550704478,83.97073036034793,12,73.07202850598117,6191,confirmation38,0,regr_final_motion_always,6628,data36-5,deepocsort,7858,True
81.57426858577811,62.92043467101559,1667,437,145,71.2458786598238,84.26066547010907,11,73.08475439043013,6191,confirmation38,0,regr_final_no_gap,6628,data36-5,deepocsort,7858,True
81.57426858577811,62.92043467101559,1667,437,145,71.2458786598238,84.26066547010907,11,73.08475439043013,6191,confirmation38,0,regr_final_no_motion,6628,data36-5,deepocsort,7858,True
81.57426858577811,62.92043467101559,1667,437,145,71.2458786598238,84.26066547010907,11,73.08475439043013,6191,confirmation38,0,regr_final_no_reciprocal,6628,data36-5,deepocsort,7858,True
81.57426858577811,62.92043467101559,1667,437,145,71.2458786598238,84.26066547010907,11,73.08475439043013,6191,confirmation38,0,regr_t,6628,data36-5,deepocsort,7858,True
81.60566069763985,62.92043467101559,1667,437,145,71.25726794354996,84.15021399972386,12,73.07202850598117,6191,confirmation38,0,regr_tg_old,6628,data36-5,deepocsort,7858,True
81.57426858577811,62.92043467101559,1667,437,145,71.2458786598238,84.26066547010907,11,73.08475439043013,6191,confirmation38,0,s2_h_cond_w3_endpoint_c50_r100,6628,data36-5,deepocsort,7858,True
74.70166026769239,48.2474267932766,3408,317,121,59.92896144728776,64.82376237623762,120,51.06897429371341,4450,confirmation38,0,geometry_greedy,4767,data36-5,ocsort,7858,True
74.64004336417788,48.35131738484749,3408,317,121,59.96925471283934,64.93465346534654,100,51.323491982692794,4450,confirmation38,0,geometry_reid_greedy,4767,data36-5,ocsort,7858,True
73.62507183642151,48.48175315840429,3408,317,121,59.635557895321035,63.46138613861386,169,50.445405955713916,4450,confirmation38,0,no_refinement,4767,data36-5,ocsort,7858,True
74.64462571903253,48.35131738484749,3408,317,121,59.971133506922044,64.93465346534654,100,51.323491982692794,4450,confirmation38,0,partial_hungarian_u080,4767,data36-5,ocsort,7858,True
74.64208193066204,48.35131738484749,3408,317,121,59.970087082985025,64.90297029702971,102,51.29804021379486,4450,confirmation38,0,partial_hungarian_u100,4767,data36-5,ocsort,7858,True
74.64130170521341,48.35131738484749,3408,317,121,59.96977368658557,64.93465346534654,99,51.33621786714176,4450,confirmation38,0,regr_final,4767,data36-5,ocsort,7858,True
74.28339326962492,48.35131738484749,3408,317,121,59.82434833822623,64.6019801980198,100,51.323491982692794,4450,confirmation38,0,regr_final_motion_always,4767,data36-5,ocsort,7858,True
74.64004336417788,48.35131738484749,3408,317,121,59.96925471283934,64.93465346534654,100,51.323491982692794,4450,confirmation38,0,regr_final_no_gap,4767,data36-5,ocsort,7858,True
74.64130170521341,48.35131738484749,3408,317,121,59.96977368658557,64.93465346534654,99,51.33621786714176,4450,confirmation38,0,regr_final_no_motion,4767,data36-5,ocsort,7858,True
74.64130170521341,48.35131738484749,3408,317,121,59.96977368658557,64.93465346534654,99,51.33621786714176,4450,confirmation38,0,regr_final_no_reciprocal,4767,data36-5,ocsort,7858,True
74.64130170521341,48.35131738484749,3408,317,121,59.96977368658557,64.93465346534654,99,51.33621786714176,4450,confirmation38,0,regr_t,4767,data36-5,ocsort,7858,True
74.4905870391473,48.35131738484749,3408,317,121,59.908948513581116,64.87128712871288,100,51.323491982692794,4450,confirmation38,0,regr_tg_old,4767,data36-5,ocsort,7858,True
74.48543624669946,48.35131738484749,3408,317,121,59.906827849075064,64.80792079207922,105,51.25986256044796,4450,confirmation38,0,s2_h_cond_w3_endpoint_c50_r100,4767,data36-5,ocsort,7858,True
50.55053009015885,46.38991973683629,5850,962,625,48.2760712845075,55.043785786460084,445,49.322625698324025,8470,confirmation38,0,geometry_greedy,9432,data37-1,bytetrack,14320,True
50.75247693462889,46.381416472404716,5850,962,625,48.37039654213611,55.25429437521051,430,49.42737430167598,8470,confirmation38,0,geometry_reid_greedy,9432,data37-1,bytetrack,14320,True
47.459935869035576,46.38216697323927,5850,962,625,46.73536896420227,50.88413607275177,658,47.83519553072625,8470,confirmation38,0,no_refinement,9432,data37-1,bytetrack,14320,True
50.140342798427696,46.395382544761965,5850,962,625,48.074849864558054,54.36173795890872,490,49.00837988826815,8470,confirmation38,0,partial_hungarian_u080,9432,data37-1,bytetrack,14320,True
50.110526210144904,46.395382544761965,5850,962,625,48.060084974112286,54.277534523408555,491,49.00139664804469,8470,confirmation38,0,partial_hungarian_u100,9432,data37-1,bytetrack,14320,True
50.79049007901099,46.38687848349304,5850,962,625,48.39169698170957,55.32165712361065,399,49.64385474860335,8470,confirmation38,0,regr_final,9432,data37-1,bytetrack,14320,True
50.36529851458628,46.38687848349304,5850,962,625,48.18098341270192,54.75749410575952,412,49.55307262569833,8470,confirmation38,0,regr_final_motion_always,9432,data37-1,bytetrack,14320,True
50.75247693462889,46.381416472404716,5850,962,625,48.37039654213611,55.25429437521051,430,49.42737430167598,8470,confirmation38,0,regr_final_no_gap,9432,data37-1,bytetrack,14320,True
50.79049007901099,46.38687848349304,5850,962,625,48.39169698170957,55.32165712361065,399,49.64385474860335,8470,confirmation38,0,regr_final_no_motion,9432,data37-1,bytetrack,14320,True
50.79049007901099,46.38687848349304,5850,962,625,48.39169698170957,55.32165712361065,399,49.64385474860335,8470,confirmation38,0,regr_final_no_reciprocal,9432,data37-1,bytetrack,14320,True
50.79049007901099,46.38687848349304,5850,962,625,48.39169698170957,55.32165712361065,399,49.64385474860335,8470,confirmation38,0,regr_t,9432,data37-1,bytetrack,14320,True
50.2825768955938,46.38687848349304,5850,962,625,48.14314618808878,54.76591444930953,403,49.615921787709496,8470,confirmation38,0,regr_tg_old,9432,data37-1,bytetrack,14320,True
49.84530808054547,46.387435384510546,5850,962,625,47.9258946673707,54.159649713708326,500,48.93854748603352,8470,confirmation38,0,s2_h_cond_w3_endpoint_c50_r100,9432,data37-1,bytetrack,14320,True
77.7934149931866,57.283684391731704,4400,729,323,66.37344691871098,76.45480395690657,36,63.93156424581006,9920,confirmation38,0,geometry_greedy,10649,data37-1,deepocsort,14320,True
77.94767390633262,57.29124647281415,4400,729,323,66.44694932888837,76.65505226480836,34,63.94553072625698,9920,confirmation38,0,geometry_reid_greedy,10649,data37-1,deepocsort,14320,True
77.0966807266176,57.27870575679555,4400,729,323,66.06168573275751,75.45356241739756,52,63.81983240223463,9920,confirmation38,0,no_refinement,10649,data37-1,deepocsort,14320,True
77.90823825993346,57.283684391731704,4400,729,323,66.42496800762157,76.62301253554408,37,63.92458100558659,9920,confirmation38,0,partial_hungarian_u080,10649,data37-1,deepocsort,14320,True
77.90823825993346,57.283684391731704,4400,729,323,66.42496800762157,76.62301253554408,37,63.92458100558659,9920,confirmation38,0,partial_hungarian_u100,10649,data37-1,deepocsort,14320,True
78.00327388043804,57.29124647281415,4400,729,323,66.47157990707781,76.73515158796909,35,63.938547486033514,9920,confirmation38,0,regr_final,10649,data37-1,deepocsort,14320,True
77.78919915900858,57.29124647281415,4400,729,323,66.37498775000252,76.49485361848693,37,63.92458100558659,9920,confirmation38,0,regr_final_motion_always,10649,data37-1,deepocsort,14320,True
77.94767390633262,57.29124647281415,4400,729,323,66.44694932888837,76.65505226480836,34,63.94553072625698,9920,confirmation38,0,regr_final_no_gap,10649,data37-1,deepocsort,14320,True
78.00327388043804,57.29124647281415,4400,729,323,66.47157990707781,76.73515158796909,35,63.938547486033514,9920,confirmation38,0,regr_final_no_motion,10649,data37-1,deepocsort,14320,True
78.00327388043804,57.29124647281415,4400,729,323,66.47157990707781,76.73515158796909,35,63.938547486033514,9920,confirmation38,0,regr_final_no_reciprocal,10649,data37-1,deepocsort,14320,True
78.00327388043804,57.29124647281415,4400,729,323,66.47157990707781,76.73515158796909,35,63.938547486033514,9920,confirmation38,0,regr_t,10649,data37-1,deepocsort,14320,True
78.00327388043804,57.29124647281415,4400,729,323,66.47157990707781,76.73515158796909,35,63.938547486033514,9920,confirmation38,0,regr_tg_old,10649,data37-1,deepocsort,14320,True
77.91064425317214,57.29124647281415,4400,729,323,66.43014120320444,76.63102246786015,36,63.93156424581006,9920,confirmation38,0,s2_h_cond_w3_endpoint_c50_r100,10649,data37-1,deepocsort,14320,True
60.43088313698463,45.14922953788296,6880,621,340,52.112497166194046,55.824136544390335,216,46.11033519553073,7440,confirmation38,0,geometry_greedy,8061,data37-1,ocsort,14320,True
60.56729420291562,45.14922953788296,6880,621,340,52.17166761237736,55.91349805638711,209,46.159217877094974,7440,confirmation38,0,geometry_reid_greedy,8061,data37-1,ocsort,14320,True
57.95211226132678,45.15949359208021,6880,621,340,51.02484478357056,53.089674277288765,334,45.286312849162016,7440,confirmation38,0,no_refinement,8061,data37-1,ocsort,14320,True
60.42112203304387,45.151377391035545,6880,621,340,52.10873096042562,55.74371118359323,222,46.06843575418995,7440,confirmation38,0,partial_hungarian_u080,8061,data37-1,ocsort,14320,True
60.4091804111876,45.14922953788296,6880,621,340,52.10248347571419,55.752647334792904,223,46.061452513966486,7440,confirmation38,0,partial_hungarian_u100,8061,data37-1,ocsort,14320,True
60.551382736884044,45.14922953788296,6880,621,340,52.16468691026756,55.824136544390335,212,46.13826815642458,7440,confirmation38,0,regr_final,8061,data37-1,ocsort,14320,True
60.19223754958989,45.14922953788296,6880,621,340,52.00704239026294,55.538179706000626,213,46.13128491620112,7440,confirmation38,0,regr_final_motion_always,8061,data37-1,ocsort,14320,True
60.576737783389554,45.14922953788296,6880,621,340,52.175864420352546,55.976051114784866,208,46.16620111731844,7440,confirmation38,0,regr_final_no_gap,8061,data37-1,ocsort,14320,True
60.551382736884044,45.14922953788296,6880,621,340,52.16468691026756,55.824136544390335,212,46.13826815642458,7440,confirmation38,0,regr_final_no_motion,8061,data37-1,ocsort,14320,True
60.551382736884044,45.14922953788296,6880,621,340,52.16468691026756,55.824136544390335,212,46.13826815642458,7440,confirmation38,0,regr_final_no_reciprocal,8061,data37-1,ocsort,14320,True
60.551382736884044,45.14922953788296,6880,621,340,52.16468691026756,55.824136544390335,212,46.13826815642458,7440,confirmation38,0,regr_t,8061,data37-1,ocsort,14320,True
60.08855402694534,45.14922953788296,6880,621,340,51.96247251890483,55.43094589160449,214,46.124301675977655,7440,confirmation38,0,regr_tg_old,8061,data37-1,ocsort,14320,True
60.47428848660541,45.14922953788296,6880,621,340,52.13028225308442,55.672221973995796,225,46.047486033519554,7440,confirmation38,0,s2_h_cond_w3_endpoint_c50_r100,8061,data37-1,ocsort,14320,True
52.08735018216246,61.684993245841966,872,331,118,56.61161805421402,68.97366245423409,86,71.3809946714032,3632,confirmation38,0,geometry_greedy,3963,data37-10,bytetrack,4504,True
53.9586777553145,61.80773428703979,872,331,118,57.676266770312644,70.53265619463801,84,71.42539964476022,3632,confirmation38,0,geometry_reid_greedy,3963,data37-10,bytetrack,4504,True
54.87048900226091,61.80773428703979,872,331,118,58.16118958711635,68.66658792960907,151,69.93783303730018,3632,confirmation38,0,no_refinement,3963,data37-10,bytetrack,4504,True
54.52452433708655,61.80773428703979,872,331,118,57.98013739248017,70.36730837368607,113,70.78152753108348,3632,confirmation38,0,partial_hungarian_u080,3963,data37-10,bytetrack,4504,True
54.52452433708655,61.80773428703979,872,331,118,57.98013739248017,70.36730837368607,113,70.78152753108348,3632,confirmation38,0,partial_hungarian_u100,3963,data37-10,bytetrack,4504,True
53.9586777553145,61.80773428703979,872,331,118,57.676266770312644,70.53265619463801,84,71.42539964476022,3632,confirmation38,0,regr_final,3963,data37-10,bytetrack,4504,True
54.554199487285295,61.80773428703979,872,331,118,57.993169692706346,70.34368725640722,86,71.3809946714032,3632,confirmation38,0,regr_final_motion_always,3963,data37-10,bytetrack,4504,True
53.9586777553145,61.80773428703979,872,331,118,57.676266770312644,70.53265619463801,84,71.42539964476022,3632,confirmation38,0,regr_final_no_gap,3963,data37-10,bytetrack,4504,True
53.9586777553145,61.80773428703979,872,331,118,57.676266770312644,70.53265619463801,84,71.42539964476022,3632,confirmation38,0,regr_final_no_motion,3963,data37-10,bytetrack,4504,True
53.9586777553145,61.80773428703979,872,331,118,57.676266770312644,70.53265619463801,84,71.42539964476022,3632,confirmation38,0,regr_final_no_reciprocal,3963,data37-10,bytetrack,4504,True
53.9586777553145,61.80773428703979,872,331,118,57.676266770312644,70.53265619463801,84,71.42539964476022,3632,confirmation38,0,regr_t,3963,data37-10,bytetrack,4504,True
53.61851430294307,61.80773428703979,872,331,118,57.49171958668751,70.03661273178221,87,71.35879218472468,3632,confirmation38,0,regr_tg_old,3963,data37-10,bytetrack,4504,True
54.50665571848901,61.80773428703979,872,331,118,57.970441962783546,70.24920278729184,113,70.78152753108348,3632,confirmation38,0,s2_h_cond_w3_endpoint_c50_r100,3963,data37-10,bytetrack,4504,True
79.7469449675406,76.28681768640855,456,153,45,77.3324114436418,87.21424468696152,12,86.21225577264654,4048,confirmation38,0,geometry_greedy,4201,data37-10,deepocsort,4504,True
79.7469449675406,76.28681768640855,456,153,45,77.3324114436418,87.21424468696152,12,86.21225577264654,4048,confirmation38,0,geometry_reid_greedy,4201,data37-10,deepocsort,4504,True
79.22393147105727,76.28681768640855,456,153,45,77.05114137107142,85.51407237219989,18,86.07904085257549,4048,confirmation38,0,no_refinement,4201,data37-10,deepocsort,4504,True
79.7469449675406,76.28681768640855,456,153,45,77.3324114436418,87.21424468696152,12,86.21225577264654,4048,confirmation38,0,partial_hungarian_u080,4201,data37-10,deepocsort,4504,True
79.7469449675406,76.28681768640855,456,153,45,77.3324114436418,87.21424468696152,12,86.21225577264654,4048,confirmation38,0,partial_hungarian_u100,4201,data37-10,deepocsort,4504,True
79.7469449675406,76.28681768640855,456,153,45,77.3324114436418,87.21424468696152,12,86.21225577264654,4048,confirmation38,0,regr_final,4201,data37-10,deepocsort,4504,True
79.41209387161337,76.28681768640855,456,153,45,77.1627518888511,86.70878805284319,13,86.19005328596802,4048,confirmation38,0,regr_final_motion_always,4201,data37-10,deepocsort,4504,True
79.7469449675406,76.28681768640855,456,153,45,77.3324114436418,87.21424468696152,12,86.21225577264654,4048,confirmation38,0,regr_final_no_gap,4201,data37-10,deepocsort,4504,True
79.7469449675406,76.28681768640855,456,153,45,77.3324114436418,87.21424468696152,12,86.21225577264654,4048,confirmation38,0,regr_final_no_motion,4201,data37-10,deepocsort,4504,True
79.7469449675406,76.28681768640855,456,153,45,77.3324114436418,87.21424468696152,12,86.21225577264654,4048,confirmation38,0,regr_final_no_reciprocal,4201,data37-10,deepocsort,4504,True
79.7469449675406,76.28681768640855,456,153,45,77.3324114436418,87.21424468696152,12,86.21225577264654,4048,confirmation38,0,regr_t,4201,data37-10,deepocsort,4504,True
79.7469449675406,76.28681768640855,456,153,45,77.3324114436418,87.21424468696152,12,86.21225577264654,4048,confirmation38,0,regr_tg_old,4201,data37-10,deepocsort,4504,True
79.7469449675406,76.28681768640855,456,153,45,77.3324114436418,87.21424468696152,12,86.21225577264654,4048,confirmation38,0,s2_h_cond_w3_endpoint_c50_r100,4201,data37-10,deepocsort,4504,True
61.131040446951225,66.64265124321487,1087,169,71,63.64174543417619,66.94684796044498,63,70.71492007104796,3417,confirmation38,0,geometry_greedy,3586,data37-10,ocsort,4504,True
62.67676698178876,66.64265124321487,1087,169,71,64.44564308450738,67.58961681087763,63,70.71492007104796,3417,confirmation38,0,geometry_reid_greedy,3586,data37-10,ocsort,4504,True
62.17703175653497,66.64265124321487,1087,169,71,64.18528540601037,66.5018541409147,78,70.38188277087033,3417,confirmation38,0,no_refinement,3586,data37-10,ocsort,4504,True
62.96511116038286,66.64265124321487,1087,169,71,64.59509220262815,67.58961681087763,63,70.71492007104796,3417,confirmation38,0,partial_hungarian_u080,3586,data37-10,ocsort,4504,True
62.67514093299747,66.64265124321487,1087,169,71,64.4447939495302,67.58961681087763,63,70.71492007104796,3417,confirmation38,0,partial_hungarian_u100,3586,data37-10,ocsort,4504,True
62.67676698178876,66.64265124321487,1087,169,71,64.44564308450738,67.58961681087763,63,70.71492007104796,3417,confirmation38,0,regr_final,3586,data37-10,ocsort,4504,True
63.07451318520838,66.64265124321487,1087,169,71,64.65184071215204,67.58961681087763,63,70.71492007104796,3417,confirmation38,0,regr_final_motion_always,3586,data37-10,ocsort,4504,True
62.67676698178876,66.64265124321487,1087,169,71,64.44564308450738,67.58961681087763,63,70.71492007104796,3417,confirmation38,0,regr_final_no_gap,3586,data37-10,ocsort,4504,True
62.67676698178876,66.64265124321487,1087,169,71,64.44564308450738,67.58961681087763,63,70.71492007104796,3417,confirmation38,0,regr_final_no_motion,3586,data37-10,ocsort,4504,True
62.67676698178876,66.64265124321487,1087,169,71,64.44564308450738,67.58961681087763,63,70.71492007104796,3417,confirmation38,0,regr_final_no_reciprocal,3586,data37-10,ocsort,4504,True
62.67676698178876,66.64265124321487,1087,169,71,64.44564308450738,67.58961681087763,63,70.71492007104796,3417,confirmation38,0,regr_t,3586,data37-10,ocsort,4504,True
62.67676698178876,66.64265124321487,1087,169,71,64.44564308450738,67.58961681087763,63,70.71492007104796,3417,confirmation38,0,regr_tg_old,3586,data37-10,ocsort,4504,True
62.67676698178876,66.64265124321487,1087,169,71,64.44564308450738,67.58961681087763,63,70.71492007104796,3417,confirmation38,0,s2_h_cond_w3_endpoint_c50_r100,3586,data37-10,ocsort,4504,True
64.91967982691284,60.8219306620188,2468,768,260,62.79363582721975,75.8469834164208,237,67.47822829852983,8211,confirmation38,0,geometry_greedy,8979,data37-11,bytetrack,10679,True
64.85637343581381,60.7925024561165,2468,768,260,62.747584821914906,75.85715739139282,221,67.62805506133533,8211,confirmation38,0,geometry_reid_greedy,8979,data37-11,bytetrack,10679,True
63.34326622976408,60.821539670938485,2468,768,260,62.01285760238924,72.25557025129719,368,66.25152167805975,8211,confirmation38,0,no_refinement,8979,data37-11,bytetrack,10679,True
64.71369252731265,60.81163901253844,2468,768,260,62.68747582737849,75.002543493743,300,66.88828541998313,8211,confirmation38,0,partial_hungarian_u080,8979,data37-11,bytetrack,10679,True
64.70401175860073,60.80317778140191,2468,768,260,62.678365528224134,74.96184759385493,300,66.88828541998313,8211,confirmation38,0,partial_hungarian_u100,8979,data37-11,bytetrack,10679,True
64.97482361391822,60.7925024561165,2468,768,260,62.80503374948188,75.85715739139282,224,67.5999625433093,8211,confirmation38,0,regr_final,8979,data37-11,bytetrack,10679,True
65.5641251539553,60.7925024561165,2468,768,260,63.089553271773866,76.17255061552548,224,67.5999625433093,8211,confirmation38,0,regr_final_motion_always,8979,data37-11,bytetrack,10679,True
64.85637343581381,60.7925024561165,2468,768,260,62.747584821914906,75.85715739139282,221,67.62805506133533,8211,confirmation38,0,regr_final_no_gap,8979,data37-11,bytetrack,10679,True
64.97482361391822,60.7925024561165,2468,768,260,62.80503374948188,75.85715739139282,224,67.5999625433093,8211,confirmation38,0,regr_final_no_motion,8979,data37-11,bytetrack,10679,True
64.97482361391822,60.7925024561165,2468,768,260,62.80503374948188,75.85715739139282,224,67.5999625433093,8211,confirmation38,0,regr_final_no_reciprocal,8979,data37-11,bytetrack,10679,True
64.97482361391822,60.7925024561165,2468,768,260,62.80503374948188,75.85715739139282,224,67.5999625433093,8211,confirmation38,0,regr_t,8979,data37-11,bytetrack,10679,True
64.97299623107668,60.7925024561165,2468,768,260,62.804136487359244,75.85715739139282,224,67.5999625433093,8211,confirmation38,0,regr_tg_old,8979,data37-11,bytetrack,10679,True
64.36640523222194,60.80317778140191,2468,768,260,62.51217386034538,74.54471462000204,310,66.7946436932297,8211,confirmation38,0,s2_h_cond_w3_endpoint_c50_r100,8979,data37-11,bytetrack,10679,True
84.49102946376556,75.73041933206493,1398,367,146,79.80527811470253,89.51640674964332,26,83.22876673845866,9281,confirmation38,0,geometry_greedy,9648,data37-11,deepocsort,10679,True
84.48878743801046,75.73041933206493,1398,367,146,79.80603591125173,89.51640674964332,26,83.22876673845866,9281,confirmation38,0,geometry_reid_greedy,9648,data37-11,deepocsort,10679,True
83.72989255499228,75.73041933206493,1398,367,146,79.42209029033553,87.76504157032518,43,83.0695758029778,9281,confirmation38,0,no_refinement,9648,data37-11,deepocsort,10679,True
84.49228401563815,75.73041933206493,1398,367,146,79.80774201838493,89.51640674964332,26,83.22876673845866,9281,confirmation38,0,partial_hungarian_u080,9648,data37-11,deepocsort,10679,True
84.49228401563815,75.73041933206493,1398,367,146,79.80774201838493,89.51640674964332,26,83.22876673845866,9281,confirmation38,0,partial_hungarian_u100,9648,data37-11,deepocsort,10679,True
84.48878743801046,75.73041933206493,1398,367,146,79.80603591125173,89.51640674964332,26,83.22876673845866,9281,confirmation38,0,regr_final,9648,data37-11,deepocsort,10679,True
85.60419855273702,75.73041933206493,1398,367,146,80.32810945381895,90.19530673488464,26,83.22876673845866,9281,confirmation38,0,regr_final_motion_always,9648,data37-11,deepocsort,10679,True
84.48878743801046,75.73041933206493,1398,367,146,79.80603591125173,89.51640674964332,26,83.22876673845866,9281,confirmation38,0,regr_final_no_gap,9648,data37-11,deepocsort,10679,True
84.48878743801046,75.73041933206493,1398,367,146,79.80603591125173,89.51640674964332,26,83.22876673845866,9281,confirmation38,0,regr_final_no_motion,9648,data37-11,deepocsort,10679,True
84.48878743801046,75.73041933206493,1398,367,146,79.80603591125173,89.51640674964332,26,83.22876673845866,9281,confirmation38,0,regr_final_no_reciprocal,9648,data37-11,deepocsort,10679,True
84.48878743801046,75.73041933206493,1398,367,146,79.80603591125173,89.51640674964332,26,83.22876673845866,9281,confirmation38,0,regr_t,9648,data37-11,deepocsort,10679,True
85.44434395762005,75.73041933206493,1398,367,146,80.25403440992109,90.0575589117922,27,83.21940256578331,9281,confirmation38,0,regr_tg_old,9648,data37-11,deepocsort,10679,True
84.49251319583317,75.73041933206493,1398,367,146,79.80784351252149,89.51640674964332,26,83.22876673845866,9281,confirmation38,0,s2_h_cond_w3_endpoint_c50_r100,9648,data37-11,deepocsort,10679,True
69.84734848063803,64.86604856840526,3023,297,164,67.23983909471455,72.17689995706311,109,67.89025189624496,7656,confirmation38,0,geometry_greedy,7953,data37-11,ocsort,10679,True
70.6811694085628,64.86604856840526,3023,297,164,67.64021552049392,72.58480034349506,112,67.86215937821893,7656,confirmation38,0,geometry_reid_greedy,7953,data37-11,ocsort,10679,True
69.35421762002501,64.86604856840526,3023,297,164,66.99400562752442,70.9424645770717,145,67.55314167993258,7656,confirmation38,0,no_refinement,7953,data37-11,ocsort,10679,True
70.90763213022375,64.86604856840526,3023,297,164,67.74898143004727,72.63847144697296,110,67.88088772356963,7656,confirmation38,0,partial_hungarian_u080,7953,data37-11,ocsort,10679,True
70.84172154687877,64.86604856840526,3023,297,164,67.71765889703417,72.63847144697296,110,67.88088772356963,7656,confirmation38,0,partial_hungarian_u100,7953,data37-11,ocsort,10679,True
70.71398306565571,64.86604856840526,3023,297,164,67.65672129846561,72.59553456419064,111,67.87152355089428,7656,confirmation38,0,regr_final,7953,data37-11,ocsort,10679,True
70.85511568931913,64.86604856840526,3023,297,164,67.7241220215954,72.63847144697296,110,67.88088772356963,7656,confirmation38,0,regr_final_motion_always,7953,data37-11,ocsort,10679,True
70.6811694085628,64.86604856840526,3023,297,164,67.64021552049392,72.58480034349506,112,67.86215937821893,7656,confirmation38,0,regr_final_no_gap,7953,data37-11,ocsort,10679,True
70.71398306565571,64.86604856840526,3023,297,164,67.65672129846561,72.59553456419064,111,67.87152355089428,7656,confirmation38,0,regr_final_no_motion,7953,data37-11,ocsort,10679,True
70.71398306565571,64.86604856840526,3023,297,164,67.65672129846561,72.59553456419064,111,67.87152355089428,7656,confirmation38,0,regr_final_no_reciprocal,7953,data37-11,ocsort,10679,True
70.71398306565571,64.86604856840526,3023,297,164,67.65672129846561,72.59553456419064,111,67.87152355089428,7656,confirmation38,0,regr_t,7953,data37-11,ocsort,10679,True
70.78794197594964,64.86604856840526,3023,297,164,67.69212869643265,72.59553456419064,111,67.87152355089428,7656,confirmation38,0,regr_tg_old,7953,data37-11,ocsort,10679,True
70.71014634148969,64.86604856840526,3023,297,164,67.65464863675022,72.58480034349506,114,67.84343103286825,7656,confirmation38,0,s2_h_cond_w3_endpoint_c50_r100,7953,data37-11,ocsort,10679,True
77.5121350289084,60.349872528197665,463,322,9,68.21090060181847,79.29717341482048,7,61.06194690265486,1571,confirmation38,0,geometry_greedy,1893,data37-12,bytetrack,2034,True
77.5121350289084,60.349872528197665,463,322,9,68.21090060181847,79.29717341482048,7,61.06194690265486,1571,confirmation38,0,geometry_reid_greedy,1893,data37-12,bytetrack,2034,True
77.85199319139758,60.349872528197665,463,322,9,68.34955422959992,79.04252610134964,9,60.96361848574238,1571,confirmation38,0,no_refinement,1893,data37-12,bytetrack,2034,True
77.5121350289084,60.349872528197665,463,322,9,68.21090060181847,79.29717341482048,7,61.06194690265486,1571,confirmation38,0,partial_hungarian_u080,1893,data37-12,bytetrack,2034,True
77.5121350289084,60.349872528197665,463,322,9,68.21090060181847,79.29717341482048,7,61.06194690265486,1571,confirmation38,0,partial_hungarian_u100,1893,data37-12,bytetrack,2034,True
77.5121350289084,60.349872528197665,463,322,9,68.21090060181847,79.29717341482048,7,61.06194690265486,1571,confirmation38,0,regr_final,1893,data37-12,bytetrack,2034,True
77.5121350289084,60.349872528197665,463,322,9,68.21090060181847,79.29717341482048,7,61.06194690265486,1571,confirmation38,0,regr_final_motion_always,1893,data37-12,bytetrack,2034,True
77.5121350289084,60.349872528197665,463,322,9,68.21090060181847,79.29717341482048,7,61.06194690265486,1571,confirmation38,0,regr_final_no_gap,1893,data37-12,bytetrack,2034,True
77.5121350289084,60.349872528197665,463,322,9,68.21090060181847,79.29717341482048,7,61.06194690265486,1571,confirmation38,0,regr_final_no_motion,1893,data37-12,bytetrack,2034,True
77.5121350289084,60.349872528197665,463,322,9,68.21090060181847,79.29717341482048,7,61.06194690265486,1571,confirmation38,0,regr_final_no_reciprocal,1893,data37-12,bytetrack,2034,True
77.5121350289084,60.349872528197665,463,322,9,68.21090060181847,79.29717341482048,7,61.06194690265486,1571,confirmation38,0,regr_t,1893,data37-12,bytetrack,2034,True
77.5121350289084,60.349872528197665,463,322,9,68.21090060181847,79.29717341482048,7,61.06194690265486,1571,confirmation38,0,regr_tg_old,1893,data37-12,bytetrack,2034,True
77.5121350289084,60.349872528197665,463,322,9,68.21090060181847,79.29717341482048,7,61.06194690265486,1571,confirmation38,0,s2_h_cond_w3_endpoint_c50_r100,1893,data37-12,bytetrack,2034,True
87.54015959693739,74.91058723717593,203,147,18,80.81898708373309,90.62811565304088,1,82.7433628318584,1831,confirmation38,0,geometry_greedy,1978,data37-12,deepocsort,2034,True
87.54015959693739,74.91058723717593,203,147,18,80.81898708373309,90.62811565304088,1,82.7433628318584,1831,confirmation38,0,geometry_reid_greedy,1978,data37-12,deepocsort,2034,True
87.3186911876156,74.91058723717593,203,147,18,80.71576510897847,90.82751744765703,2,82.69419862340216,1831,confirmation38,0,no_refinement,1978,data37-12,deepocsort,2034,True
87.54015959693739,74.91058723717593,203,147,18,80.81898708373309,90.62811565304088,1,82.7433628318584,1831,confirmation38,0,partial_hungarian_u080,1978,data37-12,deepocsort,2034,True
87.54015959693739,74.91058723717593,203,147,18,80.81898708373309,90.62811565304088,1,82.7433628318584,1831,confirmation38,0,partial_hungarian_u100,1978,data37-12,deepocsort,2034,True
87.54015959693739,74.91058723717593,203,147,18,80.81898708373309,90.62811565304088,1,82.7433628318584,1831,confirmation38,0,regr_final,1978,data37-12,deepocsort,2034,True
87.54015959693739,74.91058723717593,203,147,18,80.81898708373309,90.62811565304088,1,82.7433628318584,1831,confirmation38,0,regr_final_motion_always,1978,data37-12,deepocsort,2034,True
87.54015959693739,74.91058723717593,203,147,18,80.81898708373309,90.62811565304088,1,82.7433628318584,1831,confirmation38,0,regr_final_no_gap,1978,data37-12,deepocsort,2034,True
87.54015959693739,74.91058723717593,203,147,18,80.81898708373309,90.62811565304088,1,82.7433628318584,1831,confirmation38,0,regr_final_no_motion,1978,data37-12,deepocsort,2034,True
87.54015959693739,74.91058723717593,203,147,18,80.81898708373309,90.62811565304088,1,82.7433628318584,1831,confirmation38,0,regr_final_no_reciprocal,1978,data37-12,deepocsort,2034,True
87.54015959693739,74.91058723717593,203,147,18,80.81898708373309,90.62811565304088,1,82.7433628318584,1831,confirmation38,0,regr_t,1978,data37-12,deepocsort,2034,True
87.66920917005416,74.91058723717593,203,147,18,80.88032707571855,91.12662013958126,1,82.7433628318584,1831,confirmation38,0,regr_tg_old,1978,data37-12,deepocsort,2034,True
87.54015959693739,74.91058723717593,203,147,18,80.81898708373309,90.62811565304088,1,82.7433628318584,1831,confirmation38,0,s2_h_cond_w3_endpoint_c50_r100,1978,data37-12,deepocsort,2034,True
88.47846009113874,71.76975956855705,338,151,5,79.6145295352873,87.03942282916775,3,75.81120943952803,1696,confirmation38,0,geometry_greedy,1847,data37-12,ocsort,2034,True
88.48991232252229,71.76975956855705,338,151,5,79.6197043988195,87.03942282916775,3,75.81120943952803,1696,confirmation38,0,geometry_reid_greedy,1847,data37-12,ocsort,2034,True
88.40129679228433,71.76975956855705,338,151,5,79.5792399128225,86.62715794898223,10,75.46705998033431,1696,confirmation38,0,no_refinement,1847,data37-12,ocsort,2034,True
88.48991232252229,71.76975956855705,338,151,5,79.6197043988195,87.03942282916775,3,75.81120943952803,1696,confirmation38,0,partial_hungarian_u080,1847,data37-12,ocsort,2034,True
88.48991232252229,71.76975956855705,338,151,5,79.6197043988195,87.03942282916775,3,75.81120943952803,1696,confirmation38,0,partial_hungarian_u100,1847,data37-12,ocsort,2034,True
88.48991232252229,71.76975956855705,338,151,5,79.6197043988195,87.03942282916775,3,75.81120943952803,1696,confirmation38,0,regr_final,1847,data37-12,ocsort,2034,True
88.48991232252229,71.76975956855705,338,151,5,79.6197043988195,87.03942282916775,3,75.81120943952803,1696,confirmation38,0,regr_final_motion_always,1847,data37-12,ocsort,2034,True
88.48991232252229,71.76975956855705,338,151,5,79.6197043988195,87.03942282916775,3,75.81120943952803,1696,confirmation38,0,regr_final_no_gap,1847,data37-12,ocsort,2034,True
88.48991232252229,71.76975956855705,338,151,5,79.6197043988195,87.03942282916775,3,75.81120943952803,1696,confirmation38,0,regr_final_no_motion,1847,data37-12,ocsort,2034,True
88.48991232252229,71.76975956855705,338,151,5,79.6197043988195,87.03942282916775,3,75.81120943952803,1696,confirmation38,0,regr_final_no_reciprocal,1847,data37-12,ocsort,2034,True
88.48991232252229,71.76975956855705,338,151,5,79.6197043988195,87.03942282916775,3,75.81120943952803,1696,confirmation38,0,regr_t,1847,data37-12,ocsort,2034,True
88.48991232252229,71.76975956855705,338,151,5,79.6197043988195,87.03942282916775,3,75.81120943952803,1696,confirmation38,0,regr_tg_old,1847,data37-12,ocsort,2034,True
88.48991232252229,71.76975956855705,338,151,5,79.6197043988195,87.03942282916775,3,75.81120943952803,1696,confirmation38,0,s2_h_cond_w3_endpoint_c50_r100,1847,data37-12,ocsort,2034,True
39.488146218066525,45.577761497813526,2073,457,382,41.192395638545435,43.84792145393775,602,44.02144772117963,3522,confirmation38,0,geometry_greedy,3979,data37-2,bytetrack,5595,True
40.31466076221084,45.53379011993612,2073,457,382,41.64322140039036,45.143095884687696,597,44.11081322609473,3522,confirmation38,0,geometry_reid_greedy,3979,data37-2,bytetrack,5595,True
40.18260882792482,45.60352231782517,2073,457,382,41.57822435071763,44.286609567578864,652,43.1277926720286,3522,confirmation38,0,no_refinement,3979,data37-2,bytetrack,5595,True
39.7638091529483,45.6312910414317,2073,457,382,41.37428383920029,44.307499477752245,608,43.9142091152815,3522,confirmation38,0,partial_hungarian_u080,3979,data37-2,bytetrack,5595,True
39.75123520119421,45.6312910414317,2073,457,382,41.36663971853193,44.286609567578864,610,43.87846291331546,3522,confirmation38,0,partial_hungarian_u100,3979,data37-2,bytetrack,5595,True
40.242048258315606,45.48149961411275,2073,457,382,41.58717187808777,45.414664716941715,585,44.32529043789097,3522,confirmation38,0,regr_final,3979,data37-2,bytetrack,5595,True
40.243993783381384,45.50153738684056,2073,457,382,41.599210536302564,45.184875705034464,589,44.253798033958894,3522,confirmation38,0,regr_final_motion_always,3979,data37-2,bytetrack,5595,True
40.26338029584588,45.53379011993612,2073,457,382,41.61903076317889,45.143095884687696,597,44.11081322609473,3522,confirmation38,0,regr_final_no_gap,3979,data37-2,bytetrack,5595,True
40.242048258315606,45.48149961411275,2073,457,382,41.58717187808777,45.414664716941715,585,44.32529043789097,3522,confirmation38,0,regr_final_no_motion,3979,data37-2,bytetrack,5595,True
40.242048258315606,45.48149961411275,2073,457,382,41.58717187808777,45.414664716941715,585,44.32529043789097,3522,confirmation38,0,regr_final_no_reciprocal,3979,data37-2,bytetrack,5595,True
40.242048258315606,45.48149961411275,2073,457,382,41.58717187808777,45.414664716941715,585,44.32529043789097,3522,confirmation38,0,regr_t,3979,data37-2,bytetrack,5595,True
40.24166132635299,45.48149961411275,2073,457,382,41.5860945113551,45.414664716941715,585,44.32529043789097,3522,confirmation38,0,regr_tg_old,3979,data37-2,bytetrack,5595,True
40.31146351567583,45.52616434322679,2073,457,382,41.64413360396739,45.56089408815542,608,43.9142091152815,3522,confirmation38,0,s2_h_cond_w3_endpoint_c50_r100,3979,data37-2,bytetrack,5595,True
69.04426040152252,58.60986771915846,1360,261,114,62.61568373270586,75.9290456842731,41,70.29490616621985,4235,confirmation38,0,geometry_greedy,4496,data37-2,deepocsort,5595,True
69.32707586576754,58.56163377068001,1360,261,114,62.7244552080777,75.98850460806659,38,70.3485254691689,4235,confirmation38,0,geometry_reid_greedy,4496,data37-2,deepocsort,5595,True
68.63403600377784,58.56312949300055,1360,261,114,62.397873114222236,75.13626003369339,48,70.1697944593387,4235,confirmation38,0,no_refinement,4496,data37-2,deepocsort,5595,True
70.05776564403283,58.605168963921784,1360,261,114,63.094882289081546,76.50381528094341,38,70.3485254691689,4235,confirmation38,0,partial_hungarian_u080,4496,data37-2,deepocsort,5595,True
70.05776564403283,58.605168963921784,1360,261,114,63.094882289081546,76.50381528094341,38,70.3485254691689,4235,confirmation38,0,partial_hungarian_u100,4496,data37-2,deepocsort,5595,True
69.3846948573524,58.56163377068001,1360,261,114,62.75209468349544,75.98850460806659,37,70.36639857015192,4235,confirmation38,0,regr_final,4496,data37-2,deepocsort,5595,True
69.29279810406801,58.56163377068001,1360,261,114,62.70867588116688,76.02814389059557,38,70.3485254691689,4235,confirmation38,0,regr_final_motion_always,4496,data37-2,deepocsort,5595,True
69.32707586576754,58.56163377068001,1360,261,114,62.7244552080777,75.98850460806659,38,70.3485254691689,4235,confirmation38,0,regr_final_no_gap,4496,data37-2,deepocsort,5595,True
69.3846948573524,58.56163377068001,1360,261,114,62.75209468349544,75.98850460806659,37,70.36639857015192,4235,confirmation38,0,regr_final_no_motion,4496,data37-2,deepocsort,5595,True
69.3846948573524,58.56163377068001,1360,261,114,62.75209468349544,75.98850460806659,37,70.36639857015192,4235,confirmation38,0,regr_final_no_reciprocal,4496,data37-2,deepocsort,5595,True
69.3846948573524,58.56163377068001,1360,261,114,62.75209468349544,75.98850460806659,37,70.36639857015192,4235,confirmation38,0,regr_t,4496,data37-2,deepocsort,5595,True
69.3846948573524,58.56163377068001,1360,261,114,62.75209468349544,75.98850460806659,37,70.36639857015192,4235,confirmation38,0,regr_tg_old,4496,data37-2,deepocsort,5595,True
69.3846948573524,58.56163377068001,1360,261,114,62.75209468349544,75.98850460806659,37,70.36639857015192,4235,confirmation38,0,s2_h_cond_w3_endpoint_c50_r100,4496,data37-2,deepocsort,5595,True
54.988724370010104,38.45633177740261,2893,270,296,45.07206704269087,47.227734329403525,236,39.24932975871314,2702,confirmation38,0,geometry_greedy,2972,data37-2,ocsort,5595,True
55.47601313463194,38.47531720487049,2893,270,296,45.302337137085566,48.16155013423602,220,39.535299374441465,2702,confirmation38,0,geometry_reid_greedy,2972,data37-2,ocsort,5595,True
54.68268579593219,38.45633177740261,2893,270,296,44.93120693717279,46.94758958795377,278,38.498659517426276,2702,confirmation38,0,no_refinement,2972,data37-2,ocsort,5595,True
55.40434235849293,38.46482939758664,2893,270,296,45.26395805790019,47.90475078790708,230,39.35656836461126,2702,confirmation38,0,partial_hungarian_u080,2972,data37-2,ocsort,5595,True
55.40037208945421,38.46482939758664,2893,270,296,45.262241310171596,47.88140539278628,230,39.35656836461126,2702,confirmation38,0,partial_hungarian_u100,2972,data37-2,ocsort,5595,True
55.4979491228385,38.477966571860414,2893,270,296,45.313641620146434,48.13820473911521,217,39.58891867739053,2702,confirmation38,0,regr_final,2972,data37-2,ocsort,5595,True
55.492417540267404,38.48589048865774,2893,270,296,45.31569582671614,48.39500408544415,219,39.55317247542449,2702,confirmation38,0,regr_final_motion_always,2972,data37-2,ocsort,5595,True
55.476013134631955,38.47531720487049,2893,270,296,45.302337137085566,48.16155013423602,220,39.535299374441465,2702,confirmation38,0,regr_final_no_gap,2972,data37-2,ocsort,5595,True
55.4979491228385,38.477966571860414,2893,270,296,45.313641620146434,48.13820473911521,217,39.58891867739053,2702,confirmation38,0,regr_final_no_motion,2972,data37-2,ocsort,5595,True
55.4979491228385,38.477966571860414,2893,270,296,45.313641620146434,48.13820473911521,217,39.58891867739053,2702,confirmation38,0,regr_final_no_reciprocal,2972,data37-2,ocsort,5595,True
55.4979491228385,38.477966571860414,2893,270,296,45.313641620146434,48.13820473911521,217,39.58891867739053,2702,confirmation38,0,regr_t,2972,data37-2,ocsort,5595,True
55.4979491228385,38.477966571860414,2893,270,296,45.313641620146434,48.13820473911521,217,39.58891867739053,2702,confirmation38,0,regr_tg_old,2972,data37-2,ocsort,5595,True
55.57037723387729,38.440704268680335,2893,270,296,45.32352496230402,48.18489552935684,225,39.445933869526364,2702,confirmation38,0,s2_h_cond_w3_endpoint_c50_r100,2972,data37-2,ocsort,5595,True
71.2615051347137,28.392206260429347,422,11,9,44.847512997681186,47.7916194790487,10,31.530139103554866,225,confirmation38,0,geometry_greedy,236,data39-1,bytetrack,647,True
71.52378222567789,28.359725536637214,422,11,9,44.90964714153967,48.24462061155153,8,31.839258114374037,225,confirmation38,0,geometry_reid_greedy,236,data39-1,bytetrack,647,True
71.06105959329136,28.381357301769654,422,11,9,44.77285542978205,47.33861834654587,14,30.911901081916536,225,confirmation38,0,no_refinement,236,data39-1,bytetrack,647,True
71.50761960068262,28.392206260429347,422,11,9,44.92868401873641,48.69762174405436,8,31.839258114374037,225,confirmation38,0,partial_hungarian_u080,236,data39-1,bytetrack,647,True
71.50761960068262,28.392206260429347,422,11,9,44.92868401873641,48.69762174405436,8,31.839258114374037,225,confirmation38,0,partial_hungarian_u100,236,data39-1,bytetrack,647,True
71.52378222567789,28.359725536637214,422,11,9,44.90964714153967,48.24462061155153,8,31.839258114374037,225,confirmation38,0,regr_final,236,data39-1,bytetrack,647,True
71.52378222567789,28.359725536637214,422,11,9,44.90964714153967,48.24462061155153,8,31.839258114374037,225,confirmation38,0,regr_final_motion_always,236,data39-1,bytetrack,647,True
71.52378222567789,28.359725536637214,422,11,9,44.90964714153967,48.24462061155153,8,31.839258114374037,225,confirmation38,0,regr_final_no_gap,236,data39-1,bytetrack,647,True
71.52378222567789,28.359725536637214,422,11,9,44.90964714153967,48.24462061155153,8,31.839258114374037,225,confirmation38,0,regr_final_no_motion,236,data39-1,bytetrack,647,True
71.52378222567789,28.359725536637214,422,11,9,44.90964714153967,48.24462061155153,8,31.839258114374037,225,confirmation38,0,regr_final_no_reciprocal,236,data39-1,bytetrack,647,True
71.52378222567789,28.359725536637214,422,11,9,44.90964714153967,48.24462061155153,8,31.839258114374037,225,confirmation38,0,regr_t,236,data39-1,bytetrack,647,True
71.52378222567789,28.359725536637214,422,11,9,44.90964714153967,48.24462061155153,8,31.839258114374037,225,confirmation38,0,regr_tg_old,236,data39-1,bytetrack,647,True
71.47883607611038,28.359725536637214,422,11,9,44.895030760779306,48.47112117780294,9,31.68469860896445,225,confirmation38,0,s2_h_cond_w3_endpoint_c50_r100,236,data39-1,bytetrack,647,True
72.07437366341796,35.12611586826144,374,10,6,49.96596029813631,57.8494623655914,1,40.49459041731067,273,confirmation38,0,geometry_greedy,283,data39-1,deepocsort,647,True
71.72083920032655,35.12611586826144,374,10,6,49.8378455797778,57.8494623655914,1,40.49459041731067,273,confirmation38,0,geometry_reid_greedy,283,data39-1,deepocsort,647,True
71.21023882222438,35.12611586826144,374,10,6,49.6515400741643,56.774193548387096,3,40.1854714064915,273,confirmation38,0,no_refinement,283,data39-1,deepocsort,647,True
72.30144900612038,35.09169580715769,374,10,6,50.026642340854835,57.8494623655914,1,40.49459041731067,273,confirmation38,0,partial_hungarian_u080,283,data39-1,deepocsort,647,True
72.30144900612038,35.09169580715769,374,10,6,50.026642340854835,57.8494623655914,1,40.49459041731067,273,confirmation38,0,partial_hungarian_u100,283,data39-1,deepocsort,647,True
71.72083920032655,35.12611586826144,374,10,6,49.8378455797778,57.8494623655914,1,40.49459041731067,273,confirmation38,0,regr_final,283,data39-1,deepocsort,647,True
71.72083920032655,35.12611586826144,374,10,6,49.8378455797778,57.8494623655914,1,40.49459041731067,273,confirmation38,0,regr_final_motion_always,283,data39-1,deepocsort,647,True
71.72083920032655,35.12611586826144,374,10,6,49.8378455797778,57.8494623655914,1,40.49459041731067,273,confirmation38,0,regr_final_no_gap,283,data39-1,deepocsort,647,True
71.72083920032655,35.12611586826144,374,10,6,49.8378455797778,57.8494623655914,1,40.49459041731067,273,confirmation38,0,regr_final_no_motion,283,data39-1,deepocsort,647,True
71.72083920032655,35.12611586826144,374,10,6,49.8378455797778,57.8494623655914,1,40.49459041731067,273,confirmation38,0,regr_final_no_reciprocal,283,data39-1,deepocsort,647,True
71.72083920032655,35.12611586826144,374,10,6,49.8378455797778,57.8494623655914,1,40.49459041731067,273,confirmation38,0,regr_t,283,data39-1,deepocsort,647,True
72.01311032226755,35.12611586826144,374,10,6,49.94426384958916,57.8494623655914,2,40.34003091190108,273,confirmation38,0,regr_tg_old,283,data39-1,deepocsort,647,True
72.4095811890294,35.080199229676445,374,10,6,50.059877642796415,57.8494623655914,1,40.49459041731067,273,confirmation38,0,s2_h_cond_w3_endpoint_c50_r100,283,data39-1,deepocsort,647,True
79.62068713033935,27.132132882528904,447,12,3,46.4004778652739,45.16880093131548,3,28.593508500772796,200,confirmation38,0,geometry_greedy,212,data39-1,ocsort,647,True
79.65632428082358,27.121578799302775,447,12,3,46.402576800994886,45.401629802095464,3,28.593508500772796,200,confirmation38,0,geometry_reid_greedy,212,data39-1,ocsort,647,True
79.67905465238798,27.132132882528904,447,12,3,46.418088498238745,45.63445867287544,3,28.593508500772796,200,confirmation38,0,no_refinement,212,data39-1,ocsort,647,True
79.70057716819392,27.121578799302775,447,12,3,46.4160198855755,45.16880093131548,3,28.593508500772796,200,confirmation38,0,partial_hungarian_u080,212,data39-1,ocsort,647,True
79.70057716819392,27.121578799302775,447,12,3,46.4160198855755,45.16880093131548,3,28.593508500772796,200,confirmation38,0,partial_hungarian_u100,212,data39-1,ocsort,647,True
79.68283444136654,27.121578799302775,447,12,3,46.41061549392183,45.401629802095464,3,28.593508500772796,200,confirmation38,0,regr_final,212,data39-1,ocsort,647,True
79.68283444136654,27.121578799302775,447,12,3,46.41061549392183,45.401629802095464,3,28.593508500772796,200,confirmation38,0,regr_final_motion_always,212,data39-1,ocsort,647,True
79.65632428082358,27.121578799302775,447,12,3,46.402576800994886,45.401629802095464,3,28.593508500772796,200,confirmation38,0,regr_final_no_gap,212,data39-1,ocsort,647,True
79.68283444136654,27.121578799302775,447,12,3,46.41061549392183,45.401629802095464,3,28.593508500772796,200,confirmation38,0,regr_final_no_motion,212,data39-1,ocsort,647,True
79.68283444136654,27.121578799302775,447,12,3,46.41061549392183,45.401629802095464,3,28.593508500772796,200,confirmation38,0,regr_final_no_reciprocal,212,data39-1,ocsort,647,True
79.68283444136654,27.121578799302775,447,12,3,46.41061549392183,45.401629802095464,3,28.593508500772796,200,confirmation38,0,regr_t,212,data39-1,ocsort,647,True
79.68283444136654,27.121578799302775,447,12,3,46.41061549392183,45.401629802095464,3,28.593508500772796,200,confirmation38,0,regr_tg_old,212,data39-1,ocsort,647,True
79.65632428082358,27.121578799302775,447,12,3,46.402576800994886,45.401629802095464,3,28.593508500772796,200,confirmation38,0,s2_h_cond_w3_endpoint_c50_r100,212,data39-1,ocsort,647,True
7.533477389931309,10.51543379461075,394,1,23,8.844421673825229,12.429378531073446,23,9.523809523809524,68,confirmation38,0,geometry_greedy,69,data39-2,bytetrack,462,True
6.065140678534583,10.51543379461075,394,1,23,7.899295356185069,10.922787193973635,24,9.307359307359308,68,confirmation38,0,geometry_reid_greedy,69,data39-2,bytetrack,462,True
2.828952302539033,10.51543379461075,394,1,23,5.309358985569359,6.779661016949152,43,5.194805194805195,68,confirmation38,0,no_refinement,69,data39-2,bytetrack,462,True
7.267199133741653,10.51543379461075,394,1,23,8.6904482407669,12.052730696798493,26,8.874458874458876,68,confirmation38,0,partial_hungarian_u080,69,data39-2,bytetrack,462,True
7.275183213557539,10.51543379461075,394,1,23,8.695334667124213,12.052730696798493,27,8.658008658008658,68,confirmation38,0,partial_hungarian_u100,69,data39-2,bytetrack,462,True
6.065140678534583,10.51543379461075,394,1,23,7.899295356185069,10.922787193973635,24,9.307359307359308,68,confirmation38,0,regr_final,69,data39-2,bytetrack,462,True
6.065140678534583,10.51543379461075,394,1,23,7.899295356185069,10.922787193973635,24,9.307359307359308,68,confirmation38,0,regr_final_motion_always,69,data39-2,bytetrack,462,True
6.065140678534583,10.51543379461075,394,1,23,7.899295356185069,10.922787193973635,24,9.307359307359308,68,confirmation38,0,regr_final_no_gap,69,data39-2,bytetrack,462,True
6.065140678534583,10.51543379461075,394,1,23,7.899295356185069,10.922787193973635,24,9.307359307359308,68,confirmation38,0,regr_final_no_motion,69,data39-2,bytetrack,462,True
6.065140678534583,10.51543379461075,394,1,23,7.899295356185069,10.922787193973635,24,9.307359307359308,68,confirmation38,0,regr_final_no_reciprocal,69,data39-2,bytetrack,462,True
6.065140678534583,10.51543379461075,394,1,23,7.899295356185069,10.922787193973635,24,9.307359307359308,68,confirmation38,0,regr_t,69,data39-2,bytetrack,462,True
6.065140678534583,10.51543379461075,394,1,23,7.899295356185069,10.922787193973635,24,9.307359307359308,68,confirmation38,0,regr_tg_old,69,data39-2,bytetrack,462,True
7.064682171767185,10.51543379461075,394,1,23,8.565349021257674,12.052730696798493,28,8.441558441558442,68,confirmation38,0,s2_h_cond_w3_endpoint_c50_r100,69,data39-2,bytetrack,462,True
66.84650547276803,64.29456991598005,51,6,10,65.42562034161993,91.92263936291239,1,87.44588744588745,411,confirmation38,0,geometry_greedy,417,data39-2,deepocsort,462,True
66.84650547276803,64.29456991598005,51,6,10,65.42562034161993,91.92263936291239,1,87.44588744588745,411,confirmation38,0,geometry_reid_greedy,417,data39-2,deepocsort,462,True
66.84650547276803,64.29456991598005,51,6,10,65.42562034161993,91.92263936291239,1,87.44588744588745,411,confirmation38,0,no_refinement,417,data39-2,deepocsort,462,True
66.84650547276803,64.29456991598005,51,6,10,65.42562034161993,91.92263936291239,1,87.44588744588745,411,confirmation38,0,partial_hungarian_u080,417,data39-2,deepocsort,462,True
66.84650547276803,64.29456991598005,51,6,10,65.42562034161993,91.92263936291239,1,87.44588744588745,411,confirmation38,0,partial_hungarian_u100,417,data39-2,deepocsort,462,True
66.84650547276803,64.29456991598005,51,6,10,65.42562034161993,91.92263936291239,1,87.44588744588745,411,confirmation38,0,regr_final,417,data39-2,deepocsort,462,True
66.84650547276803,64.29456991598005,51,6,10,65.42562034161993,91.92263936291239,1,87.44588744588745,411,confirmation38,0,regr_final_motion_always,417,data39-2,deepocsort,462,True
66.84650547276803,64.29456991598005,51,6,10,65.42562034161993,91.92263936291239,1,87.44588744588745,411,confirmation38,0,regr_final_no_gap,417,data39-2,deepocsort,462,True
66.84650547276803,64.29456991598005,51,6,10,65.42562034161993,91.92263936291239,1,87.44588744588745,411,confirmation38,0,regr_final_no_motion,417,data39-2,deepocsort,462,True
66.84650547276803,64.29456991598005,51,6,10,65.42562034161993,91.92263936291239,1,87.44588744588745,411,confirmation38,0,regr_final_no_reciprocal,417,data39-2,deepocsort,462,True
66.84650547276803,64.29456991598005,51,6,10,65.42562034161993,91.92263936291239,1,87.44588744588745,411,confirmation38,0,regr_t,417,data39-2,deepocsort,462,True
66.84650547276803,64.29456991598005,51,6,10,65.42562034161993,91.92263936291239,1,87.44588744588745,411,confirmation38,0,regr_tg_old,417,data39-2,deepocsort,462,True
66.84650547276803,64.29456991598005,51,6,10,65.42562034161993,91.92263936291239,1,87.44588744588745,411,confirmation38,0,s2_h_cond_w3_endpoint_c50_r100,417,data39-2,deepocsort,462,True
13.422601676472052,9.277362729344448,405,0,6,10.837614133759343,17.726396917148364,10,10.173160173160174,57,confirmation38,0,geometry_greedy,57,data39-2,ocsort,462,True
13.508807840598951,9.277362729344448,405,0,6,10.877856359367154,18.11175337186898,9,10.38961038961039,57,confirmation38,0,geometry_reid_greedy,57,data39-2,ocsort,462,True
11.959084410681953,9.277362729344448,405,0,6,10.170970086939327,14.258188824662813,17,8.658008658008658,57,confirmation38,0,no_refinement,57,data39-2,ocsort,462,True
13.508807840598951,9.277362729344448,405,0,6,10.877856359367154,18.11175337186898,9,10.38961038961039,57,confirmation38,0,partial_hungarian_u080,57,data39-2,ocsort,462,True
13.508807840598951,9.277362729344448,405,0,6,10.877856359367154,18.11175337186898,9,10.38961038961039,57,confirmation38,0,partial_hungarian_u100,57,data39-2,ocsort,462,True
13.508807840598951,9.277362729344448,405,0,6,10.877856359367154,18.11175337186898,9,10.38961038961039,57,confirmation38,0,regr_final,57,data39-2,ocsort,462,True
13.508807840598951,9.277362729344448,405,0,6,10.877856359367154,18.11175337186898,9,10.38961038961039,57,confirmation38,0,regr_final_motion_always,57,data39-2,ocsort,462,True
13.508807840598951,9.277362729344448,405,0,6,10.877856359367154,18.11175337186898,9,10.38961038961039,57,confirmation38,0,regr_final_no_gap,57,data39-2,ocsort,462,True
13.508807840598951,9.277362729344448,405,0,6,10.877856359367154,18.11175337186898,9,10.38961038961039,57,confirmation38,0,regr_final_no_motion,57,data39-2,ocsort,462,True
13.508807840598951,9.277362729344448,405,0,6,10.877856359367154,18.11175337186898,9,10.38961038961039,57,confirmation38,0,regr_final_no_reciprocal,57,data39-2,ocsort,462,True
13.508807840598951,9.277362729344448,405,0,6,10.877856359367154,18.11175337186898,9,10.38961038961039,57,confirmation38,0,regr_t,57,data39-2,ocsort,462,True
13.508807840598951,9.277362729344448,405,0,6,10.877856359367154,18.11175337186898,9,10.38961038961039,57,confirmation38,0,regr_tg_old,57,data39-2,ocsort,462,True
13.508807840598951,9.277362729344448,405,0,6,10.877856359367154,18.11175337186898,9,10.38961038961039,57,confirmation38,0,s2_h_cond_w3_endpoint_c50_r100,57,data39-2,ocsort,462,True
7.169697282730758,7.597379473686917,1147,41,57,7.1706818034899005,8.217270194986073,53,2.3603461841070024,124,confirmation38,0,geometry_greedy,165,data39-3,bytetrack,1271,True
7.535706705910071,7.615476874654783,1147,41,57,7.364178439380808,8.635097493036211,47,2.832415420928403,124,confirmation38,0,geometry_reid_greedy,165,data39-3,bytetrack,1271,True
4.51775436012966,7.597379473686917,1147,41,57,5.631913762315674,5.013927576601671,76,0.5507474429583006,124,confirmation38,0,no_refinement,165,data39-3,bytetrack,1271,True
7.272355880291719,7.615462475972658,1147,41,57,7.226812653022263,8.07799442896936,49,2.675059008654603,124,confirmation38,0,partial_hungarian_u080,165,data39-3,bytetrack,1271,True
7.271838801432211,7.615462475972658,1147,41,57,7.226535935348369,8.07799442896936,49,2.675059008654603,124,confirmation38,0,partial_hungarian_u100,165,data39-3,bytetrack,1271,True
7.535706705910071,7.615476874654783,1147,41,57,7.364178439380808,8.635097493036211,47,2.832415420928403,124,confirmation38,0,regr_final,165,data39-3,bytetrack,1271,True
6.397979729363209,7.597379473686917,1147,41,57,6.759972371686985,7.7994428969359335,48,2.753737214791503,124,confirmation38,0,regr_final_motion_always,165,data39-3,bytetrack,1271,True
7.535706705910071,7.615476874654783,1147,41,57,7.364178439380808,8.635097493036211,47,2.832415420928403,124,confirmation38,0,regr_final_no_gap,165,data39-3,bytetrack,1271,True
7.535706705910071,7.615476874654783,1147,41,57,7.364178439380808,8.635097493036211,47,2.832415420928403,124,confirmation38,0,regr_final_no_motion,165,data39-3,bytetrack,1271,True
7.535706705910071,7.615476874654783,1147,41,57,7.364178439380808,8.635097493036211,47,2.832415420928403,124,confirmation38,0,regr_final_no_reciprocal,165,data39-3,bytetrack,1271,True
7.535706705910071,7.615476874654783,1147,41,57,7.364178439380808,8.635097493036211,47,2.832415420928403,124,confirmation38,0,regr_t,165,data39-3,bytetrack,1271,True
7.535706705910071,7.615476874654783,1147,41,57,7.364178439380808,8.635097493036211,47,2.832415420928403,124,confirmation38,0,regr_tg_old,165,data39-3,bytetrack,1271,True
7.134281176838131,7.615476874654783,1147,41,57,7.1631157963744485,7.938718662952645,51,2.5177025963808024,124,confirmation38,0,s2_h_cond_w3_endpoint_c50_r100,165,data39-3,bytetrack,1271,True
43.22210868098182,33.948171603737634,673,118,58,38.284612857160305,49.823855057876195,16,36.50668764752164,598,confirmation38,0,geometry_greedy,716,data39-3,deepocsort,1271,True
43.65911198663463,33.948171603737634,673,118,58,38.47509625195673,49.823855057876195,16,36.50668764752164,598,confirmation38,0,geometry_reid_greedy,716,data39-3,deepocsort,1271,True
39.741584329610774,33.948171603737634,673,118,58,36.70899522714762,44.992450931051835,24,35.877261998426434,598,confirmation38,0,no_refinement,716,data39-3,deepocsort,1271,True
43.822344414814665,33.948171603737634,673,118,58,38.54644476571087,49.823855057876195,16,36.50668764752164,598,confirmation38,0,partial_hungarian_u080,716,data39-3,deepocsort,1271,True
43.789920092190485,33.948171603737634,673,118,58,38.532132054156605,49.823855057876195,16,36.50668764752164,598,confirmation38,0,partial_hungarian_u100,716,data39-3,deepocsort,1271,True
43.65911198663463,33.948171603737634,673,118,58,38.47509625195673,49.823855057876195,16,36.50668764752164,598,confirmation38,0,regr_final,716,data39-3,deepocsort,1271,True
43.65911198663463,33.948171603737634,673,118,58,38.47509625195673,49.823855057876195,16,36.50668764752164,598,confirmation38,0,regr_final_motion_always,716,data39-3,deepocsort,1271,True
43.65911198663463,33.948171603737634,673,118,58,38.47509625195673,49.823855057876195,16,36.50668764752164,598,confirmation38,0,regr_final_no_gap,716,data39-3,deepocsort,1271,True
43.65911198663463,33.948171603737634,673,118,58,38.47509625195673,49.823855057876195,16,36.50668764752164,598,confirmation38,0,regr_final_no_motion,716,data39-3,deepocsort,1271,True
43.65911198663463,33.948171603737634,673,118,58,38.47509625195673,49.823855057876195,16,36.50668764752164,598,confirmation38,0,regr_final_no_reciprocal,716,data39-3,deepocsort,1271,True
43.65911198663463,33.948171603737634,673,118,58,38.47509625195673,49.823855057876195,16,36.50668764752164,598,confirmation38,0,regr_t,716,data39-3,deepocsort,1271,True
43.65911198663463,33.948171603737634,673,118,58,38.47509625195673,49.823855057876195,16,36.50668764752164,598,confirmation38,0,regr_tg_old,716,data39-3,deepocsort,1271,True
43.439461747800536,33.948171603737634,673,118,58,38.37689474506588,49.52189229994967,17,36.42800944138473,598,confirmation38,0,s2_h_cond_w3_endpoint_c50_r100,716,data39-3,deepocsort,1271,True
2.758068150447677,2.101146777167176,1237,14,5,2.37581822129202,3.639120545868082,9,0.865460267505901,34,confirmation38,0,geometry_greedy,48,data39-3,ocsort,1271,True
3.5014484385227953,2.101146777167176,1237,14,5,2.6846538810328524,4.094010614101592,7,1.0228166797797011,34,confirmation38,0,geometry_reid_greedy,48,data39-3,ocsort,1271,True
1.722854235917749,2.101146777167176,1237,14,5,1.8424042875987356,2.122820318423048,20,0.0,34,confirmation38,0,no_refinement,48,data39-3,ocsort,1271,True
3.5268687503620826,2.101146777167176,1237,14,5,2.6981402220740525,4.094010614101592,6,1.1014948859166012,34,confirmation38,0,partial_hungarian_u080,48,data39-3,ocsort,1271,True
3.590543158281008,2.084290537758622,1237,14,5,2.7137875812960055,4.094010614101592,6,1.1014948859166012,34,confirmation38,0,partial_hungarian_u100,48,data39-3,ocsort,1271,True
3.5014484385227953,2.101146777167176,1237,14,5,2.6846538810328524,4.094010614101592,7,1.0228166797797011,34,confirmation38,0,regr_final,48,data39-3,ocsort,1271,True
3.5014484385227953,2.101146777167176,1237,14,5,2.6846538810328524,4.094010614101592,7,1.0228166797797011,34,confirmation38,0,regr_final_motion_always,48,data39-3,ocsort,1271,True
3.5014484385227953,2.101146777167176,1237,14,5,2.6846538810328524,4.094010614101592,7,1.0228166797797011,34,confirmation38,0,regr_final_no_gap,48,data39-3,ocsort,1271,True
3.5014484385227953,2.101146777167176,1237,14,5,2.6846538810328524,4.094010614101592,7,1.0228166797797011,34,confirmation38,0,regr_final_no_motion,48,data39-3,ocsort,1271,True
3.5014484385227953,2.101146777167176,1237,14,5,2.6846538810328524,4.094010614101592,7,1.0228166797797011,34,confirmation38,0,regr_final_no_reciprocal,48,data39-3,ocsort,1271,True
3.5014484385227953,2.101146777167176,1237,14,5,2.6846538810328524,4.094010614101592,7,1.0228166797797011,34,confirmation38,0,regr_t,48,data39-3,ocsort,1271,True
3.5014484385227953,2.101146777167176,1237,14,5,2.6846538810328524,4.094010614101592,7,1.0228166797797011,34,confirmation38,0,regr_tg_old,48,data39-3,ocsort,1271,True
3.592624662543193,2.084290537758622,1237,14,5,2.714462877801015,4.094010614101592,6,1.1014948859166012,34,confirmation38,0,s2_h_cond_w3_endpoint_c50_r100,48,data39-3,ocsort,1271,True
49.11708513059762,39.37500950606473,1010,147,102,43.557001393707466,45.520276642565236,88,38.4272997032641,1012,confirmation38,0,geometry_greedy,1159,data39-6,bytetrack,2022,True
49.72658264510305,39.334956936006115,1010,147,102,43.827471621398836,46.777742848160955,83,38.67457962413452,1012,confirmation38,0,geometry_reid_greedy,1159,data39-6,bytetrack,2022,True
48.173320825194885,39.37500950606473,1010,147,102,43.097576151848784,43.256837472492926,125,36.59742828882295,1012,confirmation38,0,no_refinement,1159,data39-6,bytetrack,2022,True
49.14788967390232,39.36390453631189,1010,147,102,43.56338633436095,45.6460232631248,97,37.98219584569733,1012,confirmation38,0,partial_hungarian_u080,1159,data39-6,bytetrack,2022,True
49.14788967390232,39.36390453631189,1010,147,102,43.56338633436095,45.6460232631248,97,37.98219584569733,1012,confirmation38,0,partial_hungarian_u100,1159,data39-6,bytetrack,2022,True
49.73360248232395,39.334956936006115,1010,147,102,43.83100627489351,46.84061615844074,87,38.47675568743818,1012,confirmation38,0,regr_final,1159,data39-6,bytetrack,2022,True
49.55987936203428,39.33155705290732,1010,147,102,43.74463114460671,46.40050298648224,88,38.4272997032641,1012,confirmation38,0,regr_final_motion_always,1159,data39-6,bytetrack,2022,True
49.72658264510305,39.334956936006115,1010,147,102,43.827471621398836,46.777742848160955,83,38.67457962413452,1012,confirmation38,0,regr_final_no_gap,1159,data39-6,bytetrack,2022,True
49.73360248232395,39.334956936006115,1010,147,102,43.83100627489351,46.84061615844074,87,38.47675568743818,1012,confirmation38,0,regr_final_no_motion,1159,data39-6,bytetrack,2022,True
49.73360248232395,39.334956936006115,1010,147,102,43.83100627489351,46.84061615844074,87,38.47675568743818,1012,confirmation38,0,regr_final_no_reciprocal,1159,data39-6,bytetrack,2022,True
49.73360248232395,39.334956936006115,1010,147,102,43.83100627489351,46.84061615844074,87,38.47675568743818,1012,confirmation38,0,regr_t,1159,data39-6,bytetrack,2022,True
49.73360248232395,39.334956936006115,1010,147,102,43.83100627489351,46.84061615844074,87,38.47675568743818,1012,confirmation38,0,regr_tg_old,1159,data39-6,bytetrack,2022,True
49.23166793646681,39.320308623119644,1010,147,102,43.580665609346454,45.70889657340459,103,37.68545994065282,1012,confirmation38,0,s2_h_cond_w3_endpoint_c50_r100,1159,data39-6,bytetrack,2022,True
78.11274088978784,53.00848937629867,640,181,51,63.447473439365396,73.13807531380753,5,59.14935707220573,1382,confirmation38,0,geometry_greedy,1563,data39-6,deepocsort,2022,True
78.21269547845381,53.00848937629867,640,181,51,63.49188897187472,73.13807531380753,5,59.14935707220573,1382,confirmation38,0,geometry_reid_greedy,1563,data39-6,deepocsort,2022,True
76.41718523346135,53.012717446096715,640,181,51,62.67866037894604,71.46443514644352,10,58.902077151335305,1382,confirmation38,0,no_refinement,1563,data39-6,deepocsort,2022,True
78.21269547845381,53.00848937629867,640,181,51,63.49188897187472,73.13807531380753,5,59.14935707220573,1382,confirmation38,0,partial_hungarian_u080,1563,data39-6,deepocsort,2022,True
78.21269547845381,53.00848937629867,640,181,51,63.49188897187472,73.13807531380753,5,59.14935707220573,1382,confirmation38,0,partial_hungarian_u100,1563,data39-6,deepocsort,2022,True
78.21269547845381,53.00848937629867,640,181,51,63.49188897187472,73.13807531380753,5,59.14935707220573,1382,confirmation38,0,regr_final,1563,data39-6,deepocsort,2022,True
78.21269547845381,53.00848937629867,640,181,51,63.49188897187472,73.13807531380753,5,59.14935707220573,1382,confirmation38,0,regr_final_motion_always,1563,data39-6,deepocsort,2022,True
78.21269547845381,53.00848937629867,640,181,51,63.49188897187472,73.13807531380753,5,59.14935707220573,1382,confirmation38,0,regr_final_no_gap,1563,data39-6,deepocsort,2022,True
78.21269547845381,53.00848937629867,640,181,51,63.49188897187472,73.13807531380753,5,59.14935707220573,1382,confirmation38,0,regr_final_no_motion,1563,data39-6,deepocsort,2022,True
78.21269547845381,53.00848937629867,640,181,51,63.49188897187472,73.13807531380753,5,59.14935707220573,1382,confirmation38,0,regr_final_no_reciprocal,1563,data39-6,deepocsort,2022,True
78.21269547845381,53.00848937629867,640,181,51,63.49188897187472,73.13807531380753,5,59.14935707220573,1382,confirmation38,0,regr_t,1563,data39-6,deepocsort,2022,True
76.92395458458236,52.97487399491826,640,181,51,62.89227551481428,71.63179916317992,8,59.00098911968348,1382,confirmation38,0,regr_tg_old,1563,data39-6,deepocsort,2022,True
78.21269547845381,53.00848937629867,640,181,51,63.49188897187472,73.13807531380753,5,59.14935707220573,1382,confirmation38,0,s2_h_cond_w3_endpoint_c50_r100,1563,data39-6,deepocsort,2022,True
59.954992082988554,38.39807599740754,1120,94,32,47.71338514398898,47.11729622266402,37,38.13056379821958,902,confirmation38,0,geometry_greedy,996,data39-6,ocsort,2022,True
60.25970935823533,38.40897324531649,1120,94,32,47.84641285087049,47.58117958913188,34,38.27893175074184,902,confirmation38,0,geometry_reid_greedy,996,data39-6,ocsort,2022,True
59.74378791053471,38.41618738826154,1120,94,32,47.63368445770958,46.38833664678595,49,37.53709198813057,902,confirmation38,0,no_refinement,996,data39-6,ocsort,2022,True
60.02011694848831,38.39088591540401,1120,94,32,47.736378650735176,47.31610337972167,37,38.13056379821958,902,confirmation38,0,partial_hungarian_u080,996,data39-6,ocsort,2022,True
60.02011694848831,38.39088591540401,1120,94,32,47.736378650735176,47.31610337972167,37,38.13056379821958,902,confirmation38,0,partial_hungarian_u100,996,data39-6,ocsort,2022,True
60.23944083310353,38.401779723147925,1120,94,32,47.83371070077108,47.514910536779325,36,38.18001978239367,902,confirmation38,0,regr_final,996,data39-6,ocsort,2022,True
60.22576282499937,38.412545750865526,1120,94,32,47.83432492481381,47.647448641484424,36,38.18001978239367,902,confirmation38,0,regr_final_motion_always,996,data39-6,ocsort,2022,True
60.25970935823533,38.40897324531649,1120,94,32,47.84641285087049,47.58117958913188,34,38.27893175074184,902,confirmation38,0,regr_final_no_gap,996,data39-6,ocsort,2022,True
60.23944083310353,38.401779723147925,1120,94,32,47.83371070077108,47.514910536779325,36,38.18001978239367,902,confirmation38,0,regr_final_no_motion,996,data39-6,ocsort,2022,True
60.23944083310353,38.401779723147925,1120,94,32,47.83371070077108,47.514910536779325,36,38.18001978239367,902,confirmation38,0,regr_final_no_reciprocal,996,data39-6,ocsort,2022,True
60.23944083310353,38.401779723147925,1120,94,32,47.83371070077108,47.514910536779325,36,38.18001978239367,902,confirmation38,0,regr_t,996,data39-6,ocsort,2022,True
60.300206703470806,38.401779723147925,1120,94,32,47.858041488679106,47.514910536779325,36,38.18001978239367,902,confirmation38,0,regr_tg_old,996,data39-6,ocsort,2022,True
60.300206703470806,38.401779723147925,1120,94,32,47.858041488679106,47.514910536779325,36,38.18001978239367,902,confirmation38,0,s2_h_cond_w3_endpoint_c50_r100,996,data39-6,ocsort,2022,True
56.53429903376674,21.340470925785326,451,66,8,34.656307362994866,37.6878612716763,10,15.68,174,confirmation38,0,geometry_greedy,240,data40-3,bytetrack,625,True
56.53429903376674,21.340470925785326,451,66,8,34.656307362994866,37.6878612716763,10,15.68,174,confirmation38,0,geometry_reid_greedy,240,data40-3,bytetrack,625,True
54.54682297361996,21.340470925785326,451,66,8,34.02440239083943,35.83815028901734,16,14.719999999999999,174,confirmation38,0,no_refinement,240,data40-3,bytetrack,625,True
56.035633431343044,21.340470925785326,451,66,8,34.50653088195021,37.45664739884393,12,15.36,174,confirmation38,0,partial_hungarian_u080,240,data40-3,bytetrack,625,True
56.035633431343044,21.340470925785326,451,66,8,34.50653088195021,37.45664739884393,12,15.36,174,confirmation38,0,partial_hungarian_u100,240,data40-3,bytetrack,625,True
56.377759568583755,21.340470925785326,451,66,8,34.61386885121826,37.6878612716763,10,15.68,174,confirmation38,0,regr_final,240,data40-3,bytetrack,625,True
56.377759568583755,21.340470925785326,451,66,8,34.61386885121826,37.6878612716763,10,15.68,174,confirmation38,0,regr_final_motion_always,240,data40-3,bytetrack,625,True
56.377759568583755,21.340470925785326,451,66,8,34.61386885121826,37.6878612716763,10,15.68,174,confirmation38,0,regr_final_no_gap,240,data40-3,bytetrack,625,True
56.53429903376674,21.340470925785326,451,66,8,34.656307362994866,37.6878612716763,10,15.68,174,confirmation38,0,regr_final_no_motion,240,data40-3,bytetrack,625,True
56.377759568583755,21.340470925785326,451,66,8,34.61386885121826,37.6878612716763,10,15.68,174,confirmation38,0,regr_final_no_reciprocal,240,data40-3,bytetrack,625,True
56.53429903376674,21.340470925785326,451,66,8,34.656307362994866,37.6878612716763,10,15.68,174,confirmation38,0,regr_t,240,data40-3,bytetrack,625,True
56.377759568583755,21.340470925785326,451,66,8,34.61386885121826,37.6878612716763,10,15.68,174,confirmation38,0,regr_tg_old,240,data40-3,bytetrack,625,True
55.682559471805845,21.340470925785326,451,66,8,34.39375092112466,37.22543352601156,13,15.2,174,confirmation38,0,s2_h_cond_w3_endpoint_c50_r100,240,data40-3,bytetrack,625,True
56.653879992171454,27.866075865729183,401,43,15,39.64241925906761,45.51569506726457,12,27.04,224,confirmation38,0,geometry_greedy,267,data40-3,deepocsort,625,True
56.77199921866618,27.866075865729183,401,43,15,39.68495160557809,45.73991031390135,9,27.52,224,confirmation38,0,geometry_reid_greedy,267,data40-3,deepocsort,625,True
53.24437003231539,27.866075865729183,401,43,15,38.38746215685539,42.152466367713004,23,25.28,224,confirmation38,0,no_refinement,267,data40-3,deepocsort,625,True
56.63805992618446,27.866075865729183,401,43,15,39.636697100020626,45.2914798206278,10,27.36,224,confirmation38,0,partial_hungarian_u080,267,data40-3,deepocsort,625,True
56.63805992618446,27.866075865729183,401,43,15,39.636697100020626,45.2914798206278,10,27.36,224,confirmation38,0,partial_hungarian_u100,267,data40-3,deepocsort,625,True
56.77199921866618,27.866075865729183,401,43,15,39.68495160557809,45.73991031390135,9,27.52,224,confirmation38,0,regr_final,267,data40-3,deepocsort,625,True
56.77199921866618,27.866075865729183,401,43,15,39.68495160557809,45.73991031390135,9,27.52,224,confirmation38,0,regr_final_motion_always,267,data40-3,deepocsort,625,True
56.77199921866618,27.866075865729183,401,43,15,39.68495160557809,45.73991031390135,9,27.52,224,confirmation38,0,regr_final_no_gap,267,data40-3,deepocsort,625,True
56.77199921866618,27.866075865729183,401,43,15,39.68495160557809,45.73991031390135,9,27.52,224,confirmation38,0,regr_final_no_motion,267,data40-3,deepocsort,625,True
56.77199921866618,27.866075865729183,401,43,15,39.68495160557809,45.73991031390135,9,27.52,224,confirmation38,0,regr_final_no_reciprocal,267,data40-3,deepocsort,625,True
56.77199921866618,27.866075865729183,401,43,15,39.68495160557809,45.73991031390135,9,27.52,224,confirmation38,0,regr_t,267,data40-3,deepocsort,625,True
56.77199921866618,27.866075865729183,401,43,15,39.68495160557809,45.73991031390135,9,27.52,224,confirmation38,0,regr_tg_old,267,data40-3,deepocsort,625,True
56.77199921866618,27.866075865729183,401,43,15,39.68495160557809,45.73991031390135,9,27.52,224,confirmation38,0,s2_h_cond_w3_endpoint_c50_r100,267,data40-3,deepocsort,625,True
57.76079779205333,20.49361861601911,460,51,5,34.319991929446736,36.86087990487515,8,16.96,165,confirmation38,0,geometry_greedy,216,data40-3,ocsort,625,True
57.836340850540026,20.49361861601911,460,51,5,34.34332433061684,37.33650416171225,4,17.599999999999998,165,confirmation38,0,geometry_reid_greedy,216,data40-3,ocsort,625,True
55.02445345397384,20.49361861601911,460,51,5,33.48149512207399,32.342449464922716,26,14.08,165,confirmation38,0,no_refinement,216,data40-3,ocsort,625,True
57.836340850540026,20.49361861601911,460,51,5,34.34332433061684,37.33650416171225,4,17.599999999999998,165,confirmation38,0,partial_hungarian_u080,216,data40-3,ocsort,625,True
57.836340850540026,20.49361861601911,460,51,5,34.34332433061684,37.33650416171225,4,17.599999999999998,165,confirmation38,0,partial_hungarian_u100,216,data40-3,ocsort,625,True
57.836340850540026,20.49361861601911,460,51,5,34.34332433061684,37.33650416171225,4,17.599999999999998,165,confirmation38,0,regr_final,216,data40-3,ocsort,625,True
57.03885059946381,20.49361861601911,460,51,5,34.09589797965406,36.1474435196195,5,17.44,165,confirmation38,0,regr_final_motion_always,216,data40-3,ocsort,625,True
57.836340850540026,20.49361861601911,460,51,5,34.34332433061684,37.33650416171225,4,17.599999999999998,165,confirmation38,0,regr_final_no_gap,216,data40-3,ocsort,625,True
57.836340850540026,20.49361861601911,460,51,5,34.34332433061684,37.33650416171225,4,17.599999999999998,165,confirmation38,0,regr_final_no_motion,216,data40-3,ocsort,625,True
57.836340850540026,20.49361861601911,460,51,5,34.34332433061684,37.33650416171225,4,17.599999999999998,165,confirmation38,0,regr_final_no_reciprocal,216,data40-3,ocsort,625,True
57.836340850540026,20.49361861601911,460,51,5,34.34332433061684,37.33650416171225,4,17.599999999999998,165,confirmation38,0,regr_t,216,data40-3,ocsort,625,True
57.836340850540026,20.49361861601911,460,51,5,34.34332433061684,37.33650416171225,4,17.599999999999998,165,confirmation38,0,regr_tg_old,216,data40-3,ocsort,625,True
57.836340850540026,20.49361861601911,460,51,5,34.34332433061684,37.33650416171225,4,17.599999999999998,165,confirmation38,0,s2_h_cond_w3_endpoint_c50_r100,216,data40-3,ocsort,625,True
22.70159922345091,2.1903118218370645,2678,26,14,6.208229777798796,3.8515406162464987,17,1.1982570806100217,76,confirmation38,0,geometry_greedy,102,data40-4,bytetrack,2754,True
23.272140366293534,2.1903118218370645,2678,26,14,6.326645917026391,3.9215686274509802,17,1.1982570806100217,76,confirmation38,0,geometry_reid_greedy,102,data40-4,bytetrack,2754,True
22.929378226411263,2.1903118218370645,2678,26,14,6.252706094074342,3.8515406162464987,18,1.1619462599854757,76,confirmation38,0,no_refinement,102,data40-4,bytetrack,2754,True
23.019815530120603,2.1903118218370645,2678,26,14,6.273259141856104,3.9215686274509802,17,1.1982570806100217,76,confirmation38,0,partial_hungarian_u080,102,data40-4,bytetrack,2754,True
23.019815530120603,2.1903118218370645,2678,26,14,6.273259141856104,3.9215686274509802,17,1.1982570806100217,76,confirmation38,0,partial_hungarian_u100,102,data40-4,bytetrack,2754,True
23.272140366293534,2.1903118218370645,2678,26,14,6.326645917026391,3.9215686274509802,17,1.1982570806100217,76,confirmation38,0,regr_final,102,data40-4,bytetrack,2754,True
23.272140366293534,2.1903118218370645,2678,26,14,6.326645917026391,3.9215686274509802,17,1.1982570806100217,76,confirmation38,0,regr_final_motion_always,102,data40-4,bytetrack,2754,True
23.272140366293534,2.1903118218370645,2678,26,14,6.326645917026391,3.9215686274509802,17,1.1982570806100217,76,confirmation38,0,regr_final_no_gap,102,data40-4,bytetrack,2754,True
23.272140366293534,2.1903118218370645,2678,26,14,6.326645917026391,3.9215686274509802,17,1.1982570806100217,76,confirmation38,0,regr_final_no_motion,102,data40-4,bytetrack,2754,True
23.272140366293534,2.1903118218370645,2678,26,14,6.326645917026391,3.9215686274509802,17,1.1982570806100217,76,confirmation38,0,regr_final_no_reciprocal,102,data40-4,bytetrack,2754,True
23.272140366293534,2.1903118218370645,2678,26,14,6.326645917026391,3.9215686274509802,17,1.1982570806100217,76,confirmation38,0,regr_t,102,data40-4,bytetrack,2754,True
23.272140366293534,2.1903118218370645,2678,26,14,6.326645917026391,3.9215686274509802,17,1.1982570806100217,76,confirmation38,0,regr_tg_old,102,data40-4,bytetrack,2754,True
23.136818122012855,2.1903118218370645,2678,26,14,6.298614320495599,3.8515406162464987,18,1.1619462599854757,76,confirmation38,0,s2_h_cond_w3_endpoint_c50_r100,102,data40-4,bytetrack,2754,True
40.86866847337965,12.486522579520043,2260,69,62,21.376591974683397,28.640337654507086,6,15.214233841684822,494,confirmation38,0,geometry_greedy,563,data40-4,deepocsort,2754,True
40.80027397384398,12.486522579520043,2260,69,62,21.35647998581892,28.519746759119684,6,15.214233841684822,494,confirmation38,0,geometry_reid_greedy,563,data40-4,deepocsort,2754,True
41.08150524461471,12.499976035892088,2260,69,62,21.45069784586969,28.58004220681338,9,15.105301379811184,494,confirmation38,0,no_refinement,563,data40-4,deepocsort,2754,True
40.90734016336112,12.486522579520043,2260,69,62,21.38864218313429,28.640337654507086,6,15.214233841684822,494,confirmation38,0,partial_hungarian_u080,563,data40-4,deepocsort,2754,True
40.90734016336112,12.486522579520043,2260,69,62,21.38864218313429,28.640337654507086,6,15.214233841684822,494,confirmation38,0,partial_hungarian_u100,563,data40-4,deepocsort,2754,True
40.80027397384398,12.486522579520043,2260,69,62,21.35647998581892,28.519746759119684,6,15.214233841684822,494,confirmation38,0,regr_final,563,data40-4,deepocsort,2754,True
40.80027397384398,12.486522579520043,2260,69,62,21.35647998581892,28.519746759119684,6,15.214233841684822,494,confirmation38,0,regr_final_motion_always,563,data40-4,deepocsort,2754,True
40.80027397384398,12.486522579520043,2260,69,62,21.35647998581892,28.519746759119684,6,15.214233841684822,494,confirmation38,0,regr_final_no_gap,563,data40-4,deepocsort,2754,True
40.80027397384398,12.486522579520043,2260,69,62,21.35647998581892,28.519746759119684,6,15.214233841684822,494,confirmation38,0,regr_final_no_motion,563,data40-4,deepocsort,2754,True
40.80027397384398,12.486522579520043,2260,69,62,21.35647998581892,28.519746759119684,6,15.214233841684822,494,confirmation38,0,regr_final_no_reciprocal,563,data40-4,deepocsort,2754,True
40.80027397384398,12.486522579520043,2260,69,62,21.35647998581892,28.519746759119684,6,15.214233841684822,494,confirmation38,0,regr_t,563,data40-4,deepocsort,2754,True
40.80027397384398,12.486522579520043,2260,69,62,21.35647998581892,28.519746759119684,6,15.214233841684822,494,confirmation38,0,regr_tg_old,563,data40-4,deepocsort,2754,True
40.80027397384398,12.486522579520043,2260,69,62,21.35647998581892,28.519746759119684,6,15.214233841684822,494,confirmation38,0,s2_h_cond_w3_endpoint_c50_r100,563,data40-4,deepocsort,2754,True
20.55726784723623,2.8544706366362105,2645,39,3,6.796000628758107,5.237767057201929,35,1.270878721859114,109,confirmation38,0,geometry_greedy,148,data40-4,ocsort,2754,True
25.056596004581273,2.8544706366362105,2645,39,3,7.7395698807369895,6.202618883528601,26,1.597676107480029,109,confirmation38,0,geometry_reid_greedy,148,data40-4,ocsort,2754,True
17.170302144745715,2.8544706366362105,2645,39,3,5.926864196651901,3.5837353549276365,57,0.4720406681190995,109,confirmation38,0,no_refinement,148,data40-4,ocsort,2754,True
25.103609986026935,2.8544706366362105,2645,39,3,7.752729480393978,6.202618883528601,20,1.815541031227306,109,confirmation38,0,partial_hungarian_u080,148,data40-4,ocsort,2754,True
25.103609986026935,2.8544706366362105,2645,39,3,7.752729480393978,6.202618883528601,20,1.815541031227306,109,confirmation38,0,partial_hungarian_u100,148,data40-4,ocsort,2754,True
25.056596004581273,2.8544706366362105,2645,39,3,7.7395698807369895,6.202618883528601,26,1.597676107480029,109,confirmation38,0,regr_final,148,data40-4,ocsort,2754,True
25.056596004581273,2.8544706366362105,2645,39,3,7.7395698807369895,6.202618883528601,26,1.597676107480029,109,confirmation38,0,regr_final_motion_always,148,data40-4,ocsort,2754,True
25.056596004581273,2.8544706366362105,2645,39,3,7.7395698807369895,6.202618883528601,26,1.597676107480029,109,confirmation38,0,regr_final_no_gap,148,data40-4,ocsort,2754,True
25.056596004581273,2.8544706366362105,2645,39,3,7.7395698807369895,6.202618883528601,26,1.597676107480029,109,confirmation38,0,regr_final_no_motion,148,data40-4,ocsort,2754,True
25.056596004581273,2.8544706366362105,2645,39,3,7.7395698807369895,6.202618883528601,26,1.597676107480029,109,confirmation38,0,regr_final_no_reciprocal,148,data40-4,ocsort,2754,True
25.056596004581273,2.8544706366362105,2645,39,3,7.7395698807369895,6.202618883528601,26,1.597676107480029,109,confirmation38,0,regr_t,148,data40-4,ocsort,2754,True
25.056596004581273,2.8544706366362105,2645,39,3,7.7395698807369895,6.202618883528601,26,1.597676107480029,109,confirmation38,0,regr_tg_old,148,data40-4,ocsort,2754,True
24.929275039271477,2.8544706366362105,2645,39,3,7.716880266834387,6.133700895933838,21,1.7792302106027595,109,confirmation38,0,s2_h_cond_w3_endpoint_c50_r100,148,data40-4,ocsort,2754,True
64.00133329978739,46.501876376556275,1470,214,54,54.52341616345441,65.96752368064953,56,51.45089285714286,2114,confirmation38,0,geometry_greedy,2328,data40-5,bytetrack,3584,True
65.41060175055226,46.501876376556275,1470,214,54,55.12130975477765,66.914749661705,55,51.47879464285714,2114,confirmation38,0,geometry_reid_greedy,2328,data40-5,bytetrack,3584,True
57.58864384389392,46.368400613878585,1470,214,54,51.63045723536265,60.18267929634641,84,50.66964285714286,2114,confirmation38,0,no_refinement,2328,data40-5,bytetrack,3584,True
65.40650367178013,46.501876376556275,1470,214,54,55.119553619147474,66.84709066305818,57,51.42299107142857,2114,confirmation38,0,partial_hungarian_u080,2328,data40-5,bytetrack,3584,True
65.40650367178013,46.501876376556275,1470,214,54,55.119553619147474,66.84709066305818,57,51.42299107142857,2114,confirmation38,0,partial_hungarian_u100,2328,data40-5,bytetrack,3584,True
65.41060175055226,46.501876376556275,1470,214,54,55.12130975477765,66.914749661705,55,51.47879464285714,2114,confirmation38,0,regr_final,2328,data40-5,bytetrack,3584,True
65.41060175055226,46.501876376556275,1470,214,54,55.12130975477765,66.914749661705,55,51.47879464285714,2114,confirmation38,0,regr_final_motion_always,2328,data40-5,bytetrack,3584,True
65.41060175055226,46.501876376556275,1470,214,54,55.12130975477765,66.914749661705,55,51.47879464285714,2114,confirmation38,0,regr_final_no_gap,2328,data40-5,bytetrack,3584,True
65.41060175055226,46.501876376556275,1470,214,54,55.12130975477765,66.914749661705,55,51.47879464285714,2114,confirmation38,0,regr_final_no_motion,2328,data40-5,bytetrack,3584,True
65.41060175055226,46.501876376556275,1470,214,54,55.12130975477765,66.914749661705,55,51.47879464285714,2114,confirmation38,0,regr_final_no_reciprocal,2328,data40-5,bytetrack,3584,True
65.41060175055226,46.501876376556275,1470,214,54,55.12130975477765,66.914749661705,55,51.47879464285714,2114,confirmation38,0,regr_t,2328,data40-5,bytetrack,3584,True
63.7785576732753,46.501876376556275,1470,214,54,54.42456360470148,65.59539918809202,56,51.45089285714286,2114,confirmation38,0,regr_tg_old,2328,data40-5,bytetrack,3584,True
63.775673433992516,46.501876376556275,1470,214,54,54.423308370631716,65.5615696887686,57,51.42299107142857,2114,confirmation38,0,s2_h_cond_w3_endpoint_c50_r100,2328,data40-5,bytetrack,3584,True
79.15125460437051,58.869412967454146,957,203,88,67.87316041293205,78.6404739632055,20,67.07589285714286,2627,confirmation38,0,geometry_greedy,2830,data40-5,deepocsort,3584,True
79.16622605610986,58.869412967454146,957,203,88,67.87997909762667,78.67165575304023,19,67.10379464285714,2627,confirmation38,0,geometry_reid_greedy,2830,data40-5,deepocsort,3584,True
76.03018484686613,58.869412967454146,957,203,88,66.4625748710308,75.08574992204554,30,66.796875,2627,confirmation38,0,no_refinement,2830,data40-5,deepocsort,3584,True
79.16622605610986,58.869412967454146,957,203,88,67.87997909762667,78.67165575304023,19,67.10379464285714,2627,confirmation38,0,partial_hungarian_u080,2830,data40-5,deepocsort,3584,True
79.16622605610986,58.869412967454146,957,203,88,67.87997909762667,78.67165575304023,19,67.10379464285714,2627,confirmation38,0,partial_hungarian_u100,2830,data40-5,deepocsort,3584,True
79.16622605610986,58.869412967454146,957,203,88,67.87997909762667,78.67165575304023,19,67.10379464285714,2627,confirmation38,0,regr_final,2830,data40-5,deepocsort,3584,True
79.16622605610986,58.869412967454146,957,203,88,67.87997909762667,78.67165575304023,19,67.10379464285714,2627,confirmation38,0,regr_final_motion_always,2830,data40-5,deepocsort,3584,True
79.16622605610986,58.869412967454146,957,203,88,67.87997909762667,78.67165575304023,19,67.10379464285714,2627,confirmation38,0,regr_final_no_gap,2830,data40-5,deepocsort,3584,True
79.16622605610986,58.869412967454146,957,203,88,67.87997909762667,78.67165575304023,19,67.10379464285714,2627,confirmation38,0,regr_final_no_motion,2830,data40-5,deepocsort,3584,True
79.16622605610986,58.869412967454146,957,203,88,67.87997909762667,78.67165575304023,19,67.10379464285714,2627,confirmation38,0,regr_final_no_reciprocal,2830,data40-5,deepocsort,3584,True
79.16622605610986,58.869412967454146,957,203,88,67.87997909762667,78.67165575304023,19,67.10379464285714,2627,confirmation38,0,regr_t,2830,data40-5,deepocsort,3584,True
77.61306230279166,58.869412967454146,957,203,88,67.1999314469425,77.39320236981602,20,67.07589285714286,2627,confirmation38,0,regr_tg_old,2830,data40-5,deepocsort,3584,True
79.16622605610986,58.869412967454146,957,203,88,67.87997909762667,78.67165575304023,19,67.10379464285714,2627,confirmation38,0,s2_h_cond_w3_endpoint_c50_r100,2830,data40-5,deepocsort,3584,True
67.59455372367698,49.599545923002324,1546,82,49,57.77317700365195,64.27068723702665,40,53.45982142857143,2038,confirmation38,0,geometry_greedy,2120,data40-5,ocsort,3584,True
67.32815272273038,49.599545923002324,1546,82,49,57.65934490503675,64.20056100981768,39,53.48772321428571,2038,confirmation38,0,geometry_reid_greedy,2120,data40-5,ocsort,3584,True
56.678904581594566,49.599545923002324,1546,82,49,52.90669088511076,56.34642356241234,52,53.125,2038,confirmation38,0,no_refinement,2120,data40-5,ocsort,3584,True
67.60276468473423,49.599545923002324,1546,82,49,57.77676594161512,64.34081346423562,38,53.515625,2038,confirmation38,0,partial_hungarian_u080,2120,data40-5,ocsort,3584,True
67.60276468473423,49.599545923002324,1546,82,49,57.77676594161512,64.34081346423562,38,53.515625,2038,confirmation38,0,partial_hungarian_u100,2120,data40-5,ocsort,3584,True
67.32815272273038,49.599545923002324,1546,82,49,57.65934490503675,64.20056100981768,39,53.48772321428571,2038,confirmation38,0,regr_final,2120,data40-5,ocsort,3584,True
67.60276468473423,49.599545923002324,1546,82,49,57.77676594161512,64.34081346423562,38,53.515625,2038,confirmation38,0,regr_final_motion_always,2120,data40-5,ocsort,3584,True
67.32815272273038,49.599545923002324,1546,82,49,57.65934490503675,64.20056100981768,39,53.48772321428571,2038,confirmation38,0,regr_final_no_gap,2120,data40-5,ocsort,3584,True
67.32815272273038,49.599545923002324,1546,82,49,57.65934490503675,64.20056100981768,39,53.48772321428571,2038,confirmation38,0,regr_final_no_motion,2120,data40-5,ocsort,3584,True
67.32815272273038,49.599545923002324,1546,82,49,57.65934490503675,64.20056100981768,39,53.48772321428571,2038,confirmation38,0,regr_final_no_reciprocal,2120,data40-5,ocsort,3584,True
67.32815272273038,49.599545923002324,1546,82,49,57.65934490503675,64.20056100981768,39,53.48772321428571,2038,confirmation38,0,regr_t,2120,data40-5,ocsort,3584,True
65.4952233123128,49.599545923002324,1546,82,49,56.8602208042577,62.86816269284713,40,53.45982142857143,2038,confirmation38,0,regr_tg_old,2120,data40-5,ocsort,3584,True
65.4952233123128,49.599545923002324,1546,82,49,56.8602208042577,62.86816269284713,40,53.45982142857143,2038,confirmation38,0,s2_h_cond_w3_endpoint_c50_r100,2120,data40-5,ocsort,3584,True
37.952420039150056,25.40520743210724,237,31,16,30.920720945145717,37.69230769230769,22,20.110192837465565,126,confirmation38,0,geometry_greedy,157,data41-1,bytetrack,363,True
37.952420039150056,25.40520743210724,237,31,16,30.920720945145725,37.69230769230769,22,20.110192837465565,126,confirmation38,0,geometry_reid_greedy,157,data41-1,bytetrack,363,True
37.97853351637682,25.40520743210724,237,31,16,30.9274756137704,37.69230769230769,22,20.110192837465565,126,confirmation38,0,no_refinement,157,data41-1,bytetrack,363,True
37.978533516376814,25.40520743210724,237,31,16,30.927475613770394,37.69230769230769,22,20.110192837465565,126,confirmation38,0,partial_hungarian_u080,157,data41-1,bytetrack,363,True
37.952420039150056,25.40520743210724,237,31,16,30.920720945145725,37.69230769230769,22,20.110192837465565,126,confirmation38,0,partial_hungarian_u100,157,data41-1,bytetrack,363,True
37.952420039150056,25.40520743210724,237,31,16,30.920720945145725,37.69230769230769,22,20.110192837465565,126,confirmation38,0,regr_final,157,data41-1,bytetrack,363,True
37.952420039150056,25.40520743210724,237,31,16,30.920720945145725,37.69230769230769,22,20.110192837465565,126,confirmation38,0,regr_final_motion_always,157,data41-1,bytetrack,363,True
37.952420039150056,25.40520743210724,237,31,16,30.920720945145725,37.69230769230769,22,20.110192837465565,126,confirmation38,0,regr_final_no_gap,157,data41-1,bytetrack,363,True
37.952420039150056,25.40520743210724,237,31,16,30.920720945145725,37.69230769230769,22,20.110192837465565,126,confirmation38,0,regr_final_no_motion,157,data41-1,bytetrack,363,True
37.952420039150056,25.40520743210724,237,31,16,30.920720945145725,37.69230769230769,22,20.110192837465565,126,confirmation38,0,regr_final_no_reciprocal,157,data41-1,bytetrack,363,True
37.952420039150056,25.40520743210724,237,31,16,30.920720945145725,37.69230769230769,22,20.110192837465565,126,confirmation38,0,regr_t,157,data41-1,bytetrack,363,True
37.952420039150056,25.40520743210724,237,31,16,30.920720945145725,37.69230769230769,22,20.110192837465565,126,confirmation38,0,regr_tg_old,157,data41-1,bytetrack,363,True
37.952420039150056,25.40520743210724,237,31,16,30.920720945145725,37.69230769230769,22,20.110192837465565,126,confirmation38,0,s2_h_cond_w3_endpoint_c50_r100,157,data41-1,bytetrack,363,True
74.24000845477113,27.78916541717711,232,75,1,45.41981642715881,45.342706502636204,1,15.151515151515152,131,confirmation38,0,geometry_greedy,206,data41-1,deepocsort,363,True
74.24000845477113,27.78916541717711,232,75,1,45.41981642715881,45.342706502636204,1,15.151515151515152,131,confirmation38,0,geometry_reid_greedy,206,data41-1,deepocsort,363,True
72.7558363841511,27.78916541717711,232,75,1,44.96229511007424,43.23374340949033,8,13.223140495867769,131,confirmation38,0,no_refinement,206,data41-1,deepocsort,363,True
74.24000845477113,27.78916541717711,232,75,1,45.41981642715881,45.342706502636204,1,15.151515151515152,131,confirmation38,0,partial_hungarian_u080,206,data41-1,deepocsort,363,True
74.24000845477113,27.78916541717711,232,75,1,45.41981642715881,45.342706502636204,1,15.151515151515152,131,confirmation38,0,partial_hungarian_u100,206,data41-1,deepocsort,363,True
74.24000845477113,27.78916541717711,232,75,1,45.41981642715881,45.342706502636204,1,15.151515151515152,131,confirmation38,0,regr_final,206,data41-1,deepocsort,363,True
74.24000845477113,27.78916541717711,232,75,1,45.41981642715881,45.342706502636204,1,15.151515151515152,131,confirmation38,0,regr_final_motion_always,206,data41-1,deepocsort,363,True
74.24000845477113,27.78916541717711,232,75,1,45.41981642715881,45.342706502636204,1,15.151515151515152,131,confirmation38,0,regr_final_no_gap,206,data41-1,deepocsort,363,True
74.24000845477113,27.78916541717711,232,75,1,45.41981642715881,45.342706502636204,1,15.151515151515152,131,confirmation38,0,regr_final_no_motion,206,data41-1,deepocsort,363,True
74.24000845477113,27.78916541717711,232,75,1,45.41981642715881,45.342706502636204,1,15.151515151515152,131,confirmation38,0,regr_final_no_reciprocal,206,data41-1,deepocsort,363,True
74.24000845477113,27.78916541717711,232,75,1,45.41981642715881,45.342706502636204,1,15.151515151515152,131,confirmation38,0,regr_t,206,data41-1,deepocsort,363,True
74.24000845477113,27.78916541717711,232,75,1,45.41981642715881,45.342706502636204,1,15.151515151515152,131,confirmation38,0,regr_tg_old,206,data41-1,deepocsort,363,True
74.24000845477113,27.78916541717711,232,75,1,45.41981642715881,45.342706502636204,1,15.151515151515152,131,confirmation38,0,s2_h_cond_w3_endpoint_c50_r100,206,data41-1,deepocsort,363,True
47.057529173116635,26.989550552116455,255,9,7,35.62057377569264,36.666666666666664,5,25.895316804407713,108,confirmation38,0,geometry_greedy,117,data41-1,ocsort,363,True
47.057529173116635,26.989550552116455,255,9,7,35.62057377569264,36.666666666666664,5,25.895316804407713,108,confirmation38,0,geometry_reid_greedy,117,data41-1,ocsort,363,True
46.422929140616276,26.989550552116455,255,9,7,35.377310392071834,35.833333333333336,13,23.69146005509642,108,confirmation38,0,no_refinement,117,data41-1,ocsort,363,True
49.34058497727232,26.989550552116455,255,9,7,36.47582314399845,37.916666666666664,5,25.895316804407713,108,confirmation38,0,partial_hungarian_u080,117,data41-1,ocsort,363,True
49.34058497727232,26.989550552116455,255,9,7,36.47582314399845,37.916666666666664,5,25.895316804407713,108,confirmation38,0,partial_hungarian_u100,117,data41-1,ocsort,363,True
47.057529173116635,26.989550552116455,255,9,7,35.62057377569264,36.666666666666664,5,25.895316804407713,108,confirmation38,0,regr_final,117,data41-1,ocsort,363,True
48.82119396372017,26.989550552116455,255,9,7,36.284638104158454,37.916666666666664,5,25.895316804407713,108,confirmation38,0,regr_final_motion_always,117,data41-1,ocsort,363,True
47.057529173116635,26.989550552116455,255,9,7,35.62057377569264,36.666666666666664,5,25.895316804407713,108,confirmation38,0,regr_final_no_gap,117,data41-1,ocsort,363,True
47.057529173116635,26.989550552116455,255,9,7,35.62057377569264,36.666666666666664,5,25.895316804407713,108,confirmation38,0,regr_final_no_motion,117,data41-1,ocsort,363,True
47.057529173116635,26.989550552116455,255,9,7,35.62057377569264,36.666666666666664,5,25.895316804407713,108,confirmation38,0,regr_final_no_reciprocal,117,data41-1,ocsort,363,True
47.057529173116635,26.989550552116455,255,9,7,35.62057377569264,36.666666666666664,5,25.895316804407713,108,confirmation38,0,regr_t,117,data41-1,ocsort,363,True
47.057529173116635,26.989550552116455,255,9,7,35.62057377569264,36.666666666666664,5,25.895316804407713,108,confirmation38,0,regr_tg_old,117,data41-1,ocsort,363,True
49.34058497727232,26.989550552116455,255,9,7,36.47582314399845,37.916666666666664,5,25.895316804407713,108,confirmation38,0,s2_h_cond_w3_endpoint_c50_r100,117,data41-1,ocsort,363,True
53.539426760130446,45.68945848070155,2396,841,158,49.25714864766812,59.22389096275719,200,47.42236499923512,4141,confirmation38,0,geometry_greedy,4982,data42-1,bytetrack,6537,True
53.55169687835997,45.64805177272855,2396,841,158,49.240254566153205,59.31070405417137,203,47.37647238794554,4141,confirmation38,0,geometry_reid_greedy,4982,data42-1,bytetrack,6537,True
51.962829663212176,45.68945848070155,2396,841,158,48.50630533047934,57.244552478513754,234,46.90224873795319,4141,confirmation38,0,no_refinement,4982,data42-1,bytetrack,6537,True
53.722298234136666,45.68945848070155,2396,841,158,49.34260523617453,59.22389096275719,207,47.31528223955943,4141,confirmation38,0,partial_hungarian_u080,4982,data42-1,bytetrack,6537,True
53.663906815657356,45.68945848070155,2396,841,158,49.31513323086625,59.22389096275719,207,47.31528223955943,4141,confirmation38,0,partial_hungarian_u100,4982,data42-1,bytetrack,6537,True
53.55169687835997,45.64805177272855,2396,841,158,49.240254566153205,59.31070405417137,203,47.37647238794554,4141,confirmation38,0,regr_final,4982,data42-1,bytetrack,6537,True
53.661527382513555,45.64805177272855,2396,841,158,49.29069494762086,59.137077871343,206,47.33057977665596,4141,confirmation38,0,regr_final_motion_always,4982,data42-1,bytetrack,6537,True
53.55169687835997,45.64805177272855,2396,841,158,49.240254566153205,59.31070405417137,203,47.37647238794554,4141,confirmation38,0,regr_final_no_gap,4982,data42-1,bytetrack,6537,True
53.55169687835997,45.64805177272855,2396,841,158,49.240254566153205,59.31070405417137,203,47.37647238794554,4141,confirmation38,0,regr_final_no_motion,4982,data42-1,bytetrack,6537,True
53.55169687835997,45.64805177272855,2396,841,158,49.240254566153205,59.31070405417137,203,47.37647238794554,4141,confirmation38,0,regr_final_no_reciprocal,4982,data42-1,bytetrack,6537,True
53.55169687835997,45.64805177272855,2396,841,158,49.240254566153205,59.31070405417137,203,47.37647238794554,4141,confirmation38,0,regr_t,4982,data42-1,bytetrack,6537,True
53.55169687835997,45.64805177272855,2396,841,158,49.240254566153205,59.31070405417137,203,47.37647238794554,4141,confirmation38,0,regr_tg_old,4982,data42-1,bytetrack,6537,True
53.51184370969552,45.64805177272855,2396,841,158,49.221253979962576,59.22389096275719,207,47.31528223955943,4141,confirmation38,0,s2_h_cond_w3_endpoint_c50_r100,4982,data42-1,bytetrack,6537,True
61.69463167193657,51.5469637498378,2454,467,128,56.19792645801277,62.36132407323893,96,53.84733057977665,4083,confirmation38,0,geometry_greedy,4550,data42-1,deepocsort,6537,True
61.77265572693745,51.5469637498378,2454,467,128,56.234613320454464,62.37936321818346,93,53.89322319106624,4083,confirmation38,0,geometry_reid_greedy,4550,data42-1,deepocsort,6537,True
61.86585696412412,51.58412883506066,2454,467,128,56.28800063611603,61.44132768106792,120,53.48018968946,4083,confirmation38,0,no_refinement,4550,data42-1,deepocsort,6537,True
61.732052902868006,51.5469637498378,2454,467,128,56.21573836514121,62.32524578334987,95,53.86262811687318,4083,confirmation38,0,partial_hungarian_u080,4550,data42-1,deepocsort,6537,True
61.732052902868006,51.5469637498378,2454,467,128,56.21573836514121,62.32524578334987,95,53.86262811687318,4083,confirmation38,0,partial_hungarian_u100,4550,data42-1,deepocsort,6537,True
61.77265572693745,51.5469637498378,2454,467,128,56.234613320454464,62.37936321818346,93,53.89322319106624,4083,confirmation38,0,regr_final,4550,data42-1,deepocsort,6537,True
62.27402212181276,51.5469637498378,2454,467,128,56.46032391596362,62.32524578334987,96,53.84733057977665,4083,confirmation38,0,regr_final_motion_always,4550,data42-1,deepocsort,6537,True
61.77265572693745,51.5469637498378,2454,467,128,56.234613320454464,62.37936321818346,93,53.89322319106624,4083,confirmation38,0,regr_final_no_gap,4550,data42-1,deepocsort,6537,True
61.77265572693745,51.5469637498378,2454,467,128,56.234613320454464,62.37936321818346,93,53.89322319106624,4083,confirmation38,0,regr_final_no_motion,4550,data42-1,deepocsort,6537,True
61.77265572693745,51.5469637498378,2454,467,128,56.234613320454464,62.37936321818346,93,53.89322319106624,4083,confirmation38,0,regr_final_no_reciprocal,4550,data42-1,deepocsort,6537,True
61.77265572693745,51.5469637498378,2454,467,128,56.234613320454464,62.37936321818346,93,53.89322319106624,4083,confirmation38,0,regr_t,4550,data42-1,deepocsort,6537,True
61.77265572693745,51.5469637498378,2454,467,128,56.234613320454464,62.37936321818346,93,53.89322319106624,4083,confirmation38,0,regr_tg_old,4550,data42-1,deepocsort,6537,True
61.744945076894,51.5469637498378,2454,467,128,56.22153001120051,62.30720663840535,96,53.84733057977665,4083,confirmation38,0,s2_h_cond_w3_endpoint_c50_r100,4550,data42-1,deepocsort,6537,True
55.177347452827576,49.19584129453356,2716,492,145,51.96160755475936,56.0184331797235,125,49.01330885727398,3821,confirmation38,0,geometry_greedy,4313,data42-1,ocsort,6537,True
57.09594904674171,49.19584129453356,2716,492,145,52.86714566076532,56.903225806451616,122,49.059201468563565,3821,confirmation38,0,geometry_reid_greedy,4313,data42-1,ocsort,6537,True
55.318848293872634,49.2267373298009,2716,492,145,52.042207879904154,55.13364055299539,160,48.47789505889552,3821,confirmation38,0,no_refinement,4313,data42-1,ocsort,6537,True
56.35270293110635,49.19584129453356,2716,492,145,52.51766201223514,56.7557603686636,123,49.04390393146703,3821,confirmation38,0,partial_hungarian_u080,4313,data42-1,ocsort,6537,True
56.34344125118069,49.19584129453356,2716,492,145,52.513259297532755,56.7557603686636,123,49.04390393146703,3821,confirmation38,0,partial_hungarian_u100,4313,data42-1,ocsort,6537,True
57.09594904674171,49.19584129453356,2716,492,145,52.86714566076532,56.903225806451616,122,49.059201468563565,3821,confirmation38,0,regr_final,4313,data42-1,ocsort,6537,True
57.17905739108584,49.19584129453356,2716,492,145,52.90594861231778,56.903225806451616,122,49.059201468563565,3821,confirmation38,0,regr_final_motion_always,4313,data42-1,ocsort,6537,True
57.09594904674171,49.19584129453356,2716,492,145,52.86714566076532,56.903225806451616,122,49.059201468563565,3821,confirmation38,0,regr_final_no_gap,4313,data42-1,ocsort,6537,True
57.09594904674171,49.19584129453356,2716,492,145,52.86714566076532,56.903225806451616,122,49.059201468563565,3821,confirmation38,0,regr_final_no_motion,4313,data42-1,ocsort,6537,True
57.09594904674171,49.19584129453356,2716,492,145,52.86714566076532,56.903225806451616,122,49.059201468563565,3821,confirmation38,0,regr_final_no_reciprocal,4313,data42-1,ocsort,6537,True
57.09594904674171,49.19584129453356,2716,492,145,52.86714566076532,56.903225806451616,122,49.059201468563565,3821,confirmation38,0,regr_t,4313,data42-1,ocsort,6537,True
57.09594904674171,49.19584129453356,2716,492,145,52.86714566076532,56.903225806451616,122,49.059201468563565,3821,confirmation38,0,regr_tg_old,4313,data42-1,ocsort,6537,True
56.3080757776795,49.19584129453356,2716,492,145,52.496304592497644,56.71889400921659,123,49.04390393146703,3821,confirmation38,0,s2_h_cond_w3_endpoint_c50_r100,4313,data42-1,ocsort,6537,True
59.11518033928028,32.80512295039217,1172,100,51,43.973173109373384,51.26162018592297,46,35.45543584720862,870,confirmation38,0,geometry_greedy,970,data42-2,bytetrack,2042,True
59.71304280875721,32.80512295039217,1172,100,51,44.19402414238446,51.39442231075697,44,35.553379040156706,870,confirmation38,0,geometry_reid_greedy,970,data42-2,bytetrack,2042,True
59.52779261643734,32.80512295039217,1172,100,51,44.12376882678821,50.59760956175299,62,34.6718903036239,870,confirmation38,0,no_refinement,970,data42-2,bytetrack,2042,True
59.72944964022177,32.80512295039217,1172,100,51,44.20012581216678,51.460823373173966,45,35.50440744368266,870,confirmation38,0,partial_hungarian_u080,970,data42-2,bytetrack,2042,True
59.72944964022177,32.80512295039217,1172,100,51,44.20012581216678,51.460823373173966,45,35.50440744368266,870,confirmation38,0,partial_hungarian_u100,970,data42-2,bytetrack,2042,True
59.71304280875721,32.80512295039217,1172,100,51,44.19402414238446,51.39442231075697,44,35.553379040156706,870,confirmation38,0,regr_final,970,data42-2,bytetrack,2042,True
59.71304280875721,32.80512295039217,1172,100,51,44.19402414238446,51.39442231075697,44,35.553379040156706,870,confirmation38,0,regr_final_motion_always,970,data42-2,bytetrack,2042,True
59.71304280875721,32.80512295039217,1172,100,51,44.19402414238446,51.39442231075697,44,35.553379040156706,870,confirmation38,0,regr_final_no_gap,970,data42-2,bytetrack,2042,True
59.71304280875721,32.80512295039217,1172,100,51,44.19402414238446,51.39442231075697,44,35.553379040156706,870,confirmation38,0,regr_final_no_motion,970,data42-2,bytetrack,2042,True
59.71304280875721,32.80512295039217,1172,100,51,44.19402414238446,51.39442231075697,44,35.553379040156706,870,confirmation38,0,regr_final_no_reciprocal,970,data42-2,bytetrack,2042,True
59.71304280875721,32.80512295039217,1172,100,51,44.19402414238446,51.39442231075697,44,35.553379040156706,870,confirmation38,0,regr_t,970,data42-2,bytetrack,2042,True
59.803092282121675,32.80512295039217,1172,100,51,44.22747264871686,51.39442231075697,46,35.45543584720862,870,confirmation38,0,regr_tg_old,970,data42-2,bytetrack,2042,True
59.71304280875721,32.80512295039217,1172,100,51,44.19402414238446,51.39442231075697,44,35.553379040156706,870,confirmation38,0,s2_h_cond_w3_endpoint_c50_r100,970,data42-2,bytetrack,2042,True
68.58981021005486,52.38642151958545,729,100,42,59.37974365728179,69.17510853835022,28,58.03134182174339,1313,confirmation38,0,geometry_greedy,1413,data42-2,deepocsort,2042,True
70.88925396787182,52.38642151958545,729,100,42,60.401146230272715,70.85383502170767,27,58.080313418217436,1313,confirmation38,0,geometry_reid_greedy,1413,data42-2,deepocsort,2042,True
69.5639773343225,52.38642151958545,729,100,42,59.789758858289034,69.29088277858176,34,57.737512242899115,1313,confirmation38,0,no_refinement,1413,data42-2,deepocsort,2042,True
70.8985376245601,52.38642151958545,729,100,42,60.406806979487804,70.85383502170767,27,58.080313418217436,1313,confirmation38,0,partial_hungarian_u080,1413,data42-2,deepocsort,2042,True
70.8985376245601,52.38642151958545,729,100,42,60.406806979487804,70.85383502170767,27,58.080313418217436,1313,confirmation38,0,partial_hungarian_u100,1413,data42-2,deepocsort,2042,True
70.88925396787182,52.38642151958545,729,100,42,60.401146230272715,70.85383502170767,27,58.080313418217436,1313,confirmation38,0,regr_final,1413,data42-2,deepocsort,2042,True
71.01518745862192,52.38642151958545,729,100,42,60.45590045983983,70.85383502170767,27,58.080313418217436,1313,confirmation38,0,regr_final_motion_always,1413,data42-2,deepocsort,2042,True
70.88925396787182,52.38642151958545,729,100,42,60.401146230272715,70.85383502170767,27,58.080313418217436,1313,confirmation38,0,regr_final_no_gap,1413,data42-2,deepocsort,2042,True
70.88925396787182,52.38642151958545,729,100,42,60.401146230272715,70.85383502170767,27,58.080313418217436,1313,confirmation38,0,regr_final_no_motion,1413,data42-2,deepocsort,2042,True
70.88925396787182,52.38642151958545,729,100,42,60.401146230272715,70.85383502170767,27,58.080313418217436,1313,confirmation38,0,regr_final_no_reciprocal,1413,data42-2,deepocsort,2042,True
70.88925396787182,52.38642151958545,729,100,42,60.401146230272715,70.85383502170767,27,58.080313418217436,1313,confirmation38,0,regr_t,1413,data42-2,deepocsort,2042,True
71.08379680711988,52.38642151958545,729,100,42,60.48508639933728,70.85383502170767,27,58.080313418217436,1313,confirmation38,0,regr_tg_old,1413,data42-2,deepocsort,2042,True
70.88925396787182,52.38642151958545,729,100,42,60.401146230272715,70.85383502170767,27,58.080313418217436,1313,confirmation38,0,s2_h_cond_w3_endpoint_c50_r100,1413,data42-2,deepocsort,2042,True
70.43601288126465,32.96581231475148,1294,67,18,48.109049138754386,48.86244312215611,23,32.22331047992164,748,confirmation38,0,geometry_greedy,815,data42-2,ocsort,2042,True
70.76657123671907,32.98262514048669,1294,67,18,48.23612333452945,49.28246412320616,18,32.46816846229187,748,confirmation38,0,geometry_reid_greedy,815,data42-2,ocsort,2042,True
70.71433135247109,32.98262514048669,1294,67,18,48.21391439142831,47.53237661883094,44,31.1949069539667,748,confirmation38,0,no_refinement,815,data42-2,ocsort,2042,True
70.87032470124602,32.98262514048669,1294,67,18,48.27212651883928,49.352467623381166,17,32.51714005876592,748,confirmation38,0,partial_hungarian_u080,815,data42-2,ocsort,2042,True
70.87032470124602,32.98262514048669,1294,67,18,48.27212651883928,49.352467623381166,17,32.51714005876592,748,confirmation38,0,partial_hungarian_u100,815,data42-2,ocsort,2042,True
71.30547297526483,32.98262514048669,1294,67,18,48.419970479646025,49.28246412320616,18,32.46816846229187,748,confirmation38,0,regr_final,815,data42-2,ocsort,2042,True
71.30547297526483,32.98262514048669,1294,67,18,48.419970479646025,49.28246412320616,18,32.46816846229187,748,confirmation38,0,regr_final_motion_always,815,data42-2,ocsort,2042,True
71.30547297526483,32.98262514048669,1294,67,18,48.419970479646025,49.28246412320616,18,32.46816846229187,748,confirmation38,0,regr_final_no_gap,815,data42-2,ocsort,2042,True
70.76657123671907,32.98262514048669,1294,67,18,48.23612333452945,49.28246412320616,18,32.46816846229187,748,confirmation38,0,regr_final_no_motion,815,data42-2,ocsort,2042,True
71.30547297526483,32.98262514048669,1294,67,18,48.419970479646025,49.28246412320616,18,32.46816846229187,748,confirmation38,0,regr_final_no_reciprocal,815,data42-2,ocsort,2042,True
70.76657123671907,32.98262514048669,1294,67,18,48.23612333452945,49.28246412320616,18,32.46816846229187,748,confirmation38,0,regr_t,815,data42-2,ocsort,2042,True
71.30547297526483,32.98262514048669,1294,67,18,48.419970479646025,49.28246412320616,18,32.46816846229187,748,confirmation38,0,regr_tg_old,815,data42-2,ocsort,2042,True
71.30547297526483,32.98262514048669,1294,67,18,48.419970479646025,49.28246412320616,18,32.46816846229187,748,confirmation38,0,s2_h_cond_w3_endpoint_c50_r100,815,data42-2,ocsort,2042,True
62.62738796788013,64.74581791408085,263,35,19,63.625032437485274,75.22859517871987,55,73.19665907365224,1054,confirmation38,0,geometry_greedy,1089,data42-3,bytetrack,1317,True
62.78465721899044,64.74581791408085,263,35,19,63.70510409527509,75.31172069825436,54,73.27258921791952,1054,confirmation38,0,geometry_reid_greedy,1089,data42-3,bytetrack,1317,True
62.082453650078286,64.74581791408085,263,35,19,63.340318587120606,73.98171238570241,61,72.74107820804859,1054,confirmation38,0,no_refinement,1089,data42-3,bytetrack,1317,True
62.41603214506052,64.74581791408085,263,35,19,63.51508374149716,74.72984206151288,57,73.04479878511769,1054,confirmation38,0,partial_hungarian_u080,1089,data42-3,bytetrack,1317,True
62.41603214506052,64.74581791408085,263,35,19,63.51508374149716,74.72984206151288,57,73.04479878511769,1054,confirmation38,0,partial_hungarian_u100,1089,data42-3,bytetrack,1317,True
62.78465721899044,64.74581791408085,263,35,19,63.70510409527509,75.31172069825436,54,73.27258921791952,1054,confirmation38,0,regr_final,1089,data42-3,bytetrack,1317,True
62.63471373863298,64.74581791408085,263,35,19,63.62721474183595,74.89609310058188,53,73.34851936218679,1054,confirmation38,0,regr_final_motion_always,1089,data42-3,bytetrack,1317,True
62.78465721899044,64.74581791408085,263,35,19,63.70510409527509,75.31172069825436,54,73.27258921791952,1054,confirmation38,0,regr_final_no_gap,1089,data42-3,bytetrack,1317,True
62.78465721899044,64.74581791408085,263,35,19,63.70510409527509,75.31172069825436,54,73.27258921791952,1054,confirmation38,0,regr_final_no_motion,1089,data42-3,bytetrack,1317,True
62.63471373863298,64.74581791408085,263,35,19,63.62721474183595,74.89609310058188,53,73.34851936218679,1054,confirmation38,0,regr_final_no_reciprocal,1089,data42-3,bytetrack,1317,True
62.78465721899044,64.74581791408085,263,35,19,63.70510409527509,75.31172069825436,54,73.27258921791952,1054,confirmation38,0,regr_t,1089,data42-3,bytetrack,1317,True
62.10561281079693,64.74581791408085,263,35,19,63.35233253430829,73.98171238570241,60,72.81700835231587,1054,confirmation38,0,regr_tg_old,1089,data42-3,bytetrack,1317,True
62.74698871850908,64.74581791408085,263,35,19,63.68535408131413,75.22859517871987,57,73.04479878511769,1054,confirmation38,0,s2_h_cond_w3_endpoint_c50_r100,1089,data42-3,bytetrack,1317,True
89.72045653266156,70.59531486771236,276,31,15,79.45024376324108,86.73084972791963,3,76.46165527714503,1041,confirmation38,0,geometry_greedy,1072,data42-3,deepocsort,1317,True
89.7689211514475,70.59531486771236,276,31,15,79.47202366463692,86.73084972791963,3,76.46165527714503,1041,confirmation38,0,geometry_reid_greedy,1072,data42-3,deepocsort,1317,True
89.4921530792268,70.59531486771236,276,31,15,79.34752756363466,86.14483047300125,9,76.00607441154138,1041,confirmation38,0,no_refinement,1072,data42-3,deepocsort,1317,True
89.7689211514475,70.59531486771236,276,31,15,79.47202366463692,86.73084972791963,3,76.46165527714503,1041,confirmation38,0,partial_hungarian_u080,1072,data42-3,deepocsort,1317,True
89.7689211514475,70.59531486771236,276,31,15,79.47202366463692,86.73084972791963,3,76.46165527714503,1041,confirmation38,0,partial_hungarian_u100,1072,data42-3,deepocsort,1317,True
89.7689211514475,70.59531486771236,276,31,15,79.47202366463692,86.73084972791963,3,76.46165527714503,1041,confirmation38,0,regr_final,1072,data42-3,deepocsort,1317,True
89.7689211514475,70.59531486771236,276,31,15,79.47202366463692,86.73084972791963,3,76.46165527714503,1041,confirmation38,0,regr_final_motion_always,1072,data42-3,deepocsort,1317,True
89.7689211514475,70.59531486771236,276,31,15,79.47202366463692,86.73084972791963,3,76.46165527714503,1041,confirmation38,0,regr_final_no_gap,1072,data42-3,deepocsort,1317,True
89.7689211514475,70.59531486771236,276,31,15,79.47202366463692,86.73084972791963,3,76.46165527714503,1041,confirmation38,0,regr_final_no_motion,1072,data42-3,deepocsort,1317,True
89.7689211514475,70.59531486771236,276,31,15,79.47202366463692,86.73084972791963,3,76.46165527714503,1041,confirmation38,0,regr_final_no_reciprocal,1072,data42-3,deepocsort,1317,True
89.7689211514475,70.59531486771236,276,31,15,79.47202366463692,86.73084972791963,3,76.46165527714503,1041,confirmation38,0,regr_t,1072,data42-3,deepocsort,1317,True
89.7689211514475,70.59531486771236,276,31,15,79.47202366463692,86.73084972791963,3,76.46165527714503,1041,confirmation38,0,regr_tg_old,1072,data42-3,deepocsort,1317,True
89.7689211514475,70.59531486771236,276,31,15,79.47202366463692,86.73084972791963,3,76.46165527714503,1041,confirmation38,0,s2_h_cond_w3_endpoint_c50_r100,1072,data42-3,deepocsort,1317,True
64.59986901426973,66.89271172351013,330,45,21,65.6227930558231,72.03065134099617,42,68.3371298405467,987,confirmation38,0,geometry_greedy,1032,data42-3,ocsort,1317,True
64.7429151080297,66.88609092758168,330,45,21,65.69361160214618,72.54150702426566,35,68.86864085041762,987,confirmation38,0,geometry_reid_greedy,1032,data42-3,ocsort,1317,True
63.2147333930411,66.90450746138355,330,45,21,64.9115506754073,70.07237122179652,58,67.12224753227031,987,confirmation38,0,no_refinement,1032,data42-3,ocsort,1317,True
64.84979795715749,66.88609092758168,330,45,21,65.74481662124123,72.37122179650916,37,68.71678056188307,987,confirmation38,0,partial_hungarian_u080,1032,data42-3,ocsort,1317,True
64.85774007485358,66.88609092758168,330,45,21,65.7489392307062,72.4563644103874,38,68.6408504176158,987,confirmation38,0,partial_hungarian_u100,1032,data42-3,ocsort,1317,True
64.7429151080297,66.88609092758168,330,45,21,65.69361160214618,72.54150702426566,35,68.86864085041762,987,confirmation38,0,regr_final,1032,data42-3,ocsort,1317,True
64.7429151080297,66.88609092758168,330,45,21,65.69361160214618,72.54150702426566,35,68.86864085041762,987,confirmation38,0,regr_final_motion_always,1032,data42-3,ocsort,1317,True
64.7429151080297,66.88609092758168,330,45,21,65.69361160214618,72.54150702426566,35,68.86864085041762,987,confirmation38,0,regr_final_no_gap,1032,data42-3,ocsort,1317,True
64.7429151080297,66.88609092758168,330,45,21,65.69361160214618,72.54150702426566,35,68.86864085041762,987,confirmation38,0,regr_final_no_motion,1032,data42-3,ocsort,1317,True
64.7429151080297,66.88609092758168,330,45,21,65.69361160214618,72.54150702426566,35,68.86864085041762,987,confirmation38,0,regr_final_no_reciprocal,1032,data42-3,ocsort,1317,True
64.7429151080297,66.88609092758168,330,45,21,65.69361160214618,72.54150702426566,35,68.86864085041762,987,confirmation38,0,regr_t,1032,data42-3,ocsort,1317,True
64.7429151080297,66.88609092758168,330,45,21,65.69361160214618,72.54150702426566,35,68.86864085041762,987,confirmation38,0,regr_tg_old,1032,data42-3,ocsort,1317,True
64.85774007485358,66.88609092758168,330,45,21,65.7489392307062,72.4563644103874,38,68.6408504176158,987,confirmation38,0,s2_h_cond_w3_endpoint_c50_r100,1032,data42-3,ocsort,1317,True
42.169310752138706,32.17708250767174,4264,1045,249,36.707051724401516,42.09566442841747,236,27.43096453343803,3377,confirmation38,0,geometry_greedy,4422,data46-11,bytetrack,7641,True
43.93422941559288,32.16840787414624,4264,1045,249,37.47681787524299,43.504932438033656,237,27.417877241198795,3377,confirmation38,0,geometry_reid_greedy,4422,data46-11,bytetrack,7641,True
37.57406737276339,32.20752574575753,4264,1045,249,34.63828974335445,38.282350990632516,326,26.25310823190682,3377,confirmation38,0,no_refinement,4422,data46-11,bytetrack,7641,True
43.37774514238188,32.17963383023352,4264,1045,249,37.238930301917556,43.206499212467875,250,27.24774244208873,3377,confirmation38,0,partial_hungarian_u080,4422,data46-11,bytetrack,7641,True
43.37478025099351,32.17963383023352,4264,1045,249,37.23761754090442,43.206499212467875,250,27.24774244208873,3377,confirmation38,0,partial_hungarian_u100,4422,data46-11,bytetrack,7641,True
43.9316453167253,32.16840787414624,4264,1045,249,37.47568181606662,43.504932438033656,237,27.417877241198795,3377,confirmation38,0,regr_final,4422,data46-11,bytetrack,7641,True
42.624741021448244,32.17793671171581,4264,1045,249,36.90990946806095,42.31119953577054,243,27.33935348776338,3377,confirmation38,0,regr_final_motion_always,4422,data46-11,bytetrack,7641,True
43.93422941559288,32.16840787414624,4264,1045,249,37.47681787524299,43.504932438033656,237,27.417877241198795,3377,confirmation38,0,regr_final_no_gap,4422,data46-11,bytetrack,7641,True
43.9316453167253,32.16840787414624,4264,1045,249,37.47568181606662,43.504932438033656,237,27.417877241198795,3377,confirmation38,0,regr_final_no_motion,4422,data46-11,bytetrack,7641,True
43.9316453167253,32.16840787414624,4264,1045,249,37.47568181606662,43.504932438033656,237,27.417877241198795,3377,confirmation38,0,regr_final_no_reciprocal,4422,data46-11,bytetrack,7641,True
43.9316453167253,32.16840787414624,4264,1045,249,37.47568181606662,43.504932438033656,237,27.417877241198795,3377,confirmation38,0,regr_t,4422,data46-11,bytetrack,7641,True
43.9247613402422,32.16840787414624,4264,1045,249,37.47263513459737,43.504932438033656,238,27.40478994895956,3377,confirmation38,0,regr_tg_old,4422,data46-11,bytetrack,7641,True
42.58133770023725,32.17963383023352,4264,1045,249,36.89028872570712,42.742269750476666,255,27.18230598089255,3377,confirmation38,0,s2_h_cond_w3_endpoint_c50_r100,4422,data46-11,bytetrack,7641,True
75.59866164120666,36.162284358517674,4110,808,123,52.089534079408736,57.42904841402338,5,35.571260306242635,3531,confirmation38,0,geometry_greedy,4339,data46-11,deepocsort,7641,True
75.62643869783868,36.162284358517674,4110,808,123,52.09896076644599,57.42904841402338,5,35.571260306242635,3531,confirmation38,0,geometry_reid_greedy,4339,data46-11,deepocsort,7641,True
75.55388778176791,36.162284358517674,4110,808,123,52.07374215529593,57.278797996661105,9,35.5189111372857,3531,confirmation38,0,no_refinement,4339,data46-11,deepocsort,7641,True
75.62643869783868,36.162284358517674,4110,808,123,52.09896076644599,57.42904841402338,5,35.571260306242635,3531,confirmation38,0,partial_hungarian_u080,4339,data46-11,deepocsort,7641,True
75.62643869783868,36.162284358517674,4110,808,123,52.09896076644599,57.42904841402338,5,35.571260306242635,3531,confirmation38,0,partial_hungarian_u100,4339,data46-11,deepocsort,7641,True
75.62643869783868,36.162284358517674,4110,808,123,52.09896076644599,57.42904841402338,5,35.571260306242635,3531,confirmation38,0,regr_final,4339,data46-11,deepocsort,7641,True
75.62643869783868,36.162284358517674,4110,808,123,52.09896076644599,57.42904841402338,5,35.571260306242635,3531,confirmation38,0,regr_final_motion_always,4339,data46-11,deepocsort,7641,True
75.62643869783868,36.162284358517674,4110,808,123,52.09896076644599,57.42904841402338,5,35.571260306242635,3531,confirmation38,0,regr_final_no_gap,4339,data46-11,deepocsort,7641,True
75.62643869783868,36.162284358517674,4110,808,123,52.09896076644599,57.42904841402338,5,35.571260306242635,3531,confirmation38,0,regr_final_no_motion,4339,data46-11,deepocsort,7641,True
75.62643869783868,36.162284358517674,4110,808,123,52.09896076644599,57.42904841402338,5,35.571260306242635,3531,confirmation38,0,regr_final_no_reciprocal,4339,data46-11,deepocsort,7641,True
75.62643869783868,36.162284358517674,4110,808,123,52.09896076644599,57.42904841402338,5,35.571260306242635,3531,confirmation38,0,regr_t,4339,data46-11,deepocsort,7641,True
75.62643869783868,36.162284358517674,4110,808,123,52.09896076644599,57.42904841402338,5,35.571260306242635,3531,confirmation38,0,regr_tg_old,4339,data46-11,deepocsort,7641,True
75.62643869783868,36.162284358517674,4110,808,123,52.09896076644599,57.42904841402338,5,35.571260306242635,3531,confirmation38,0,s2_h_cond_w3_endpoint_c50_r100,4339,data46-11,deepocsort,7641,True
48.013305898648554,31.147668501340707,4650,823,175,38.48848509580477,41.484068092536006,133,26.632639706844653,2991,confirmation38,0,geometry_greedy,3814,data46-11,ocsort,7641,True
49.47739519226319,31.16225222358397,4650,823,175,39.09125264415009,42.56656481885639,116,26.855123674911663,2991,confirmation38,0,geometry_reid_greedy,3814,data46-11,ocsort,7641,True
44.606314948155436,31.16225222358397,4650,823,177,37.09717185195724,38.74290702749891,193,25.847402172490515,2991,confirmation38,0,no_refinement,3814,data46-11,ocsort,7641,True
49.93155565784919,31.147668501340707,4650,823,175,39.26160018993,42.8633784373636,116,26.855123674911663,2991,confirmation38,0,partial_hungarian_u080,3814,data46-11,ocsort,7641,True
49.91302323869521,31.147668501340707,4650,823,175,39.253982149765505,42.741161065037105,116,26.855123674911663,2991,confirmation38,0,partial_hungarian_u100,3814,data46-11,ocsort,7641,True
49.47739519226319,31.16225222358397,4650,823,175,39.09125264415009,42.56656481885639,116,26.855123674911663,2991,confirmation38,0,regr_final,3814,data46-11,ocsort,7641,True
47.874012308735885,31.16225222358397,4650,823,175,38.43935958960808,41.4316892186818,126,26.724250752519303,2991,confirmation38,0,regr_final_motion_always,3814,data46-11,ocsort,7641,True
49.47739519226319,31.16225222358397,4650,823,175,39.09125264415009,42.56656481885639,116,26.855123674911663,2991,confirmation38,0,regr_final_no_gap,3814,data46-11,ocsort,7641,True
49.47739519226319,31.16225222358397,4650,823,175,39.09125264415009,42.56656481885639,116,26.855123674911663,2991,confirmation38,0,regr_final_no_motion,3814,data46-11,ocsort,7641,True
49.68234421974078,31.147668501340707,4650,823,175,39.16328750645403,42.68878219118289,115,26.868210967150898,2991,confirmation38,0,regr_final_no_reciprocal,3814,data46-11,ocsort,7641,True
49.47739519226319,31.16225222358397,4650,823,175,39.09125264415009,42.56656481885639,116,26.855123674911663,2991,confirmation38,0,regr_t,3814,data46-11,ocsort,7641,True
49.47739519226319,31.16225222358397,4650,823,175,39.09125264415009,42.56656481885639,116,26.855123674911663,2991,confirmation38,0,regr_tg_old,3814,data46-11,ocsort,7641,True
49.048689228430916,31.15718025173166,4650,823,175,38.914256927786475,42.4443474465299,118,26.82894909043319,2991,confirmation38,0,s2_h_cond_w3_endpoint_c50_r100,3814,data46-11,ocsort,7641,True
76.21979207056737,41.2570345594919,1944,780,143,55.856580016394894,62.05334675390035,70,38.674275680421424,2612,confirmation38,0,geometry_greedy,3392,data46-12,bytetrack,4556,True
76.69052267942685,41.233157698046774,1944,780,143,56.02129937531697,62.98439859084046,67,38.74012291483758,2612,confirmation38,0,geometry_reid_greedy,3392,data46-12,bytetrack,4556,True
74.67145904360906,41.2570345594919,1944,780,143,55.25240283221061,58.93306492199295,127,37.42317822651449,2612,confirmation38,0,no_refinement,3392,data46-12,bytetrack,4556,True
76.08889568185597,41.2570345594919,1944,780,143,55.805511773483104,61.77654755913438,80,38.45478489903424,2612,confirmation38,0,partial_hungarian_u080,3392,data46-12,bytetrack,4556,True
76.08889568185597,41.2570345594919,1944,780,143,55.805511773483104,61.77654755913438,80,38.45478489903424,2612,confirmation38,0,partial_hungarian_u100,3392,data46-12,bytetrack,4556,True
76.73177325251919,41.233157698046774,1944,780,143,56.03712156884214,63.05988928032209,59,38.91571553994732,2612,confirmation38,0,regr_final,3392,data46-12,bytetrack,4556,True
76.73868384407318,41.2570345594919,1944,780,143,56.057274808972664,62.98439859084046,60,38.8937664618086,2612,confirmation38,0,regr_final_motion_always,3392,data46-12,bytetrack,4556,True
76.69052267942685,41.233157698046774,1944,780,143,56.02129937531697,62.98439859084046,67,38.74012291483758,2612,confirmation38,0,regr_final_no_gap,3392,data46-12,bytetrack,4556,True
76.73177325251919,41.233157698046774,1944,780,143,56.03712156884214,63.05988928032209,59,38.91571553994732,2612,confirmation38,0,regr_final_no_motion,3392,data46-12,bytetrack,4556,True
76.73177325251919,41.233157698046774,1944,780,143,56.03712156884214,63.05988928032209,59,38.91571553994732,2612,confirmation38,0,regr_final_no_reciprocal,3392,data46-12,bytetrack,4556,True
76.73177325251919,41.233157698046774,1944,780,143,56.03712156884214,63.05988928032209,59,38.91571553994732,2612,confirmation38,0,regr_t,3392,data46-12,bytetrack,4556,True
76.68591477482279,41.233157698046774,1944,780,143,56.02081343302729,62.934071464519384,60,38.8937664618086,2612,confirmation38,0,regr_tg_old,3392,data46-12,bytetrack,4556,True
76.01842750346725,41.2570345594919,1944,780,143,55.77949946775915,61.65072974333165,84,38.366988586479366,2612,confirmation38,0,s2_h_cond_w3_endpoint_c50_r100,3392,data46-12,bytetrack,4556,True
85.45719127781935,44.62984642717257,1841,656,62,61.452357824548365,67.7431563012489,2,45.149253731343286,2715,confirmation38,0,geometry_greedy,3371,data46-12,deepocsort,4556,True
85.48806787957372,44.62984642717257,1841,656,62,61.464110281761904,67.7431563012489,2,45.149253731343286,2715,confirmation38,0,geometry_reid_greedy,3371,data46-12,deepocsort,4556,True
85.7627428282026,44.62984642717257,1841,656,62,61.56139278561498,67.94499810773307,3,45.12730465320456,2715,confirmation38,0,no_refinement,3371,data46-12,deepocsort,4556,True
85.45719127781935,44.62984642717257,1841,656,62,61.452357824548365,67.7431563012489,2,45.149253731343286,2715,confirmation38,0,partial_hungarian_u080,3371,data46-12,deepocsort,4556,True
85.45719127781935,44.62984642717257,1841,656,62,61.452357824548365,67.7431563012489,2,45.149253731343286,2715,confirmation38,0,partial_hungarian_u100,3371,data46-12,deepocsort,4556,True
85.48806787957372,44.62984642717257,1841,656,62,61.464110281761904,67.7431563012489,2,45.149253731343286,2715,confirmation38,0,regr_final,3371,data46-12,deepocsort,4556,True
85.48806787957372,44.62984642717257,1841,656,62,61.464110281761904,67.7431563012489,2,45.149253731343286,2715,confirmation38,0,regr_final_motion_always,3371,data46-12,deepocsort,4556,True
85.48806787957372,44.62984642717257,1841,656,62,61.464110281761904,67.7431563012489,2,45.149253731343286,2715,confirmation38,0,regr_final_no_gap,3371,data46-12,deepocsort,4556,True
85.48806787957372,44.62984642717257,1841,656,62,61.464110281761904,67.7431563012489,2,45.149253731343286,2715,confirmation38,0,regr_final_no_motion,3371,data46-12,deepocsort,4556,True
85.48806787957372,44.62984642717257,1841,656,62,61.464110281761904,67.7431563012489,2,45.149253731343286,2715,confirmation38,0,regr_final_no_reciprocal,3371,data46-12,deepocsort,4556,True
85.48806787957372,44.62984642717257,1841,656,62,61.464110281761904,67.7431563012489,2,45.149253731343286,2715,confirmation38,0,regr_t,3371,data46-12,deepocsort,4556,True
85.7627428282026,44.62984642717257,1841,656,62,61.56139278561498,67.94499810773307,3,45.12730465320456,2715,confirmation38,0,regr_tg_old,3371,data46-12,deepocsort,4556,True
85.48806787957372,44.62984642717257,1841,656,62,61.464110281761904,67.7431563012489,2,45.149253731343286,2715,confirmation38,0,s2_h_cond_w3_endpoint_c50_r100,3371,data46-12,deepocsort,4556,True
84.42040910768569,41.10436757474427,2112,686,72,58.6895911214225,62.008847254748886,35,37.81826163301141,2444,confirmation38,0,geometry_greedy,3130,data46-12,ocsort,4556,True
84.50221033588544,41.10436757474427,2112,686,72,58.71948838872976,62.164975279729376,24,38.059701492537314,2444,confirmation38,0,geometry_reid_greedy,3130,data46-12,ocsort,4556,True
83.3150845838068,41.10436757474427,2112,686,72,58.282591532828306,59.53682019255789,72,37.006145741878846,2444,confirmation38,0,no_refinement,3130,data46-12,ocsort,4556,True
84.28367313626363,41.10436757474427,2112,686,72,58.63917288658793,61.69659120478792,30,37.92800702370501,2444,confirmation38,0,partial_hungarian_u080,3130,data46-12,ocsort,4556,True
84.26833956238801,41.10436757474427,2112,686,72,58.63361922866871,61.61852719229769,30,37.92800702370501,2444,confirmation38,0,partial_hungarian_u100,3130,data46-12,ocsort,4556,True
84.4895840015576,41.10436757474427,2112,686,72,58.71487973654892,62.13895394223263,25,38.0377524143986,2444,confirmation38,0,regr_final,3130,data46-12,ocsort,4556,True
84.39529815094792,41.10436757474427,2112,686,72,58.68031472381695,61.9568045797554,28,37.97190517998244,2444,confirmation38,0,regr_final_motion_always,3130,data46-12,ocsort,4556,True
84.50221033588544,41.10436757474427,2112,686,72,58.71948838872976,62.164975279729376,24,38.059701492537314,2444,confirmation38,0,regr_final_no_gap,3130,data46-12,ocsort,4556,True
84.4895840015576,41.10436757474427,2112,686,72,58.71487973654892,62.13895394223263,25,38.0377524143986,2444,confirmation38,0,regr_final_no_motion,3130,data46-12,ocsort,4556,True
84.4895840015576,41.10436757474427,2112,686,72,58.71487973654892,62.13895394223263,25,38.0377524143986,2444,confirmation38,0,regr_final_no_reciprocal,3130,data46-12,ocsort,4556,True
84.4895840015576,41.10436757474427,2112,686,72,58.71487973654892,62.13895394223263,25,38.0377524143986,2444,confirmation38,0,regr_t,3130,data46-12,ocsort,4556,True
84.47417273804433,41.10436757474427,2112,686,72,58.70922027442303,62.06088992974239,26,38.01580333625988,2444,confirmation38,0,regr_tg_old,3130,data46-12,ocsort,4556,True
84.24030540265498,41.10436757474427,2112,686,72,58.62333879923435,61.56648451730419,32,37.88410886742757,2444,confirmation38,0,s2_h_cond_w3_endpoint_c50_r100,3130,data46-12,ocsort,4556,True
13.499942276023354,18.39114621915545,188,12,15,15.52677672726291,13.924050632911392,25,8.536585365853659,58,confirmation38,0,geometry_greedy,70,data47-1,bytetrack,246,True
13.563034044791108,18.39114621915545,188,12,15,15.565223100666344,14.556962025316455,24,8.94308943089431,58,confirmation38,0,geometry_reid_greedy,70,data47-1,bytetrack,246,True
10.47159234923156,18.39114621915545,188,12,15,13.697312953496136,13.291139240506327,27,7.723577235772358,58,confirmation38,0,no_refinement,70,data47-1,bytetrack,246,True
13.661148673652853,18.39114621915545,188,12,15,15.627410229179182,15.18987341772152,23,9.34959349593496,58,confirmation38,0,partial_hungarian_u080,70,data47-1,bytetrack,246,True
13.661148673652853,18.39114621915545,188,12,15,15.627410229179182,15.18987341772152,23,9.34959349593496,58,confirmation38,0,partial_hungarian_u100,70,data47-1,bytetrack,246,True
13.563034044791108,18.39114621915545,188,12,15,15.565223100666344,14.556962025316455,24,8.94308943089431,58,confirmation38,0,regr_final,70,data47-1,bytetrack,246,True
13.563034044791108,18.39114621915545,188,12,15,15.565223100666344,14.556962025316455,24,8.94308943089431,58,confirmation38,0,regr_final_motion_always,70,data47-1,bytetrack,246,True
13.563034044791108,18.39114621915545,188,12,15,15.565223100666344,14.556962025316455,24,8.94308943089431,58,confirmation38,0,regr_final_no_gap,70,data47-1,bytetrack,246,True
13.563034044791108,18.39114621915545,188,12,15,15.565223100666344,14.556962025316455,24,8.94308943089431,58,confirmation38,0,regr_final_no_motion,70,data47-1,bytetrack,246,True
13.563034044791108,18.39114621915545,188,12,15,15.565223100666344,14.556962025316455,24,8.94308943089431,58,confirmation38,0,regr_final_no_reciprocal,70,data47-1,bytetrack,246,True
13.563034044791108,18.39114621915545,188,12,15,15.565223100666344,14.556962025316455,24,8.94308943089431,58,confirmation38,0,regr_t,70,data47-1,bytetrack,246,True
10.531816172890277,18.39114621915545,188,12,15,13.73917734738038,14.556962025316455,25,8.536585365853659,58,confirmation38,0,regr_tg_old,70,data47-1,bytetrack,246,True
13.661148673652853,18.39114621915545,188,12,15,15.627410229179182,15.18987341772152,23,9.34959349593496,58,confirmation38,0,s2_h_cond_w3_endpoint_c50_r100,70,data47-1,bytetrack,246,True
79.07385745412695,62.56909353883112,28,25,8,68.16867658757249,87.52556237218813,4,76.82926829268293,218,confirmation38,0,geometry_greedy,243,data47-1,deepocsort,246,True
79.60922704393836,62.56909353883112,28,25,8,68.42997429790488,87.93456032719837,3,77.23577235772358,218,confirmation38,0,geometry_reid_greedy,243,data47-1,deepocsort,246,True
79.05820049098897,62.56909353883112,28,25,8,68.16112773501115,87.52556237218813,5,76.42276422764228,218,confirmation38,0,no_refinement,243,data47-1,deepocsort,246,True
79.60922704393836,62.56909353883112,28,25,8,68.42997429790488,87.93456032719837,3,77.23577235772358,218,confirmation38,0,partial_hungarian_u080,243,data47-1,deepocsort,246,True
79.60922704393836,62.56909353883112,28,25,8,68.42997429790488,87.93456032719837,3,77.23577235772358,218,confirmation38,0,partial_hungarian_u100,243,data47-1,deepocsort,246,True
79.60922704393836,62.56909353883112,28,25,8,68.42997429790488,87.93456032719837,3,77.23577235772358,218,confirmation38,0,regr_final,243,data47-1,deepocsort,246,True
79.60922704393836,62.56909353883112,28,25,8,68.42997429790488,87.93456032719837,3,77.23577235772358,218,confirmation38,0,regr_final_motion_always,243,data47-1,deepocsort,246,True
79.60922704393836,62.56909353883112,28,25,8,68.42997429790488,87.93456032719837,3,77.23577235772358,218,confirmation38,0,regr_final_no_gap,243,data47-1,deepocsort,246,True
79.60922704393836,62.56909353883112,28,25,8,68.42997429790488,87.93456032719837,3,77.23577235772358,218,confirmation38,0,regr_final_no_motion,243,data47-1,deepocsort,246,True
79.60922704393836,62.56909353883112,28,25,8,68.42997429790488,87.93456032719837,3,77.23577235772358,218,confirmation38,0,regr_final_no_reciprocal,243,data47-1,deepocsort,246,True
79.60922704393836,62.56909353883112,28,25,8,68.42997429790488,87.93456032719837,3,77.23577235772358,218,confirmation38,0,regr_t,243,data47-1,deepocsort,246,True
79.60922704393836,62.56909353883112,28,25,8,68.42997429790488,87.93456032719837,3,77.23577235772358,218,confirmation38,0,regr_tg_old,243,data47-1,deepocsort,246,True
79.60922704393836,62.56909353883112,28,25,8,68.42997429790488,87.93456032719837,3,77.23577235772358,218,confirmation38,0,s2_h_cond_w3_endpoint_c50_r100,243,data47-1,deepocsort,246,True
13.967611221014051,9.648210893056463,217,7,0,11.277626929543553,12.76595744680851,11,4.471544715447155,29,confirmation38,0,geometry_greedy,36,data47-1,ocsort,246,True
15.315288640382304,9.648210893056463,217,7,0,11.892630936473463,17.73049645390071,2,8.130081300813007,29,confirmation38,0,geometry_reid_greedy,36,data47-1,ocsort,246,True
11.503123183728658,9.648210893056463,217,7,0,10.219847182599706,10.638297872340425,13,3.6585365853658534,29,confirmation38,0,no_refinement,36,data47-1,ocsort,246,True
15.315288640382304,9.648210893056463,217,7,0,11.892630936473463,17.73049645390071,2,8.130081300813007,29,confirmation38,0,partial_hungarian_u080,36,data47-1,ocsort,246,True
15.315288640382304,9.648210893056463,217,7,0,11.892630936473463,17.73049645390071,2,8.130081300813007,29,confirmation38,0,partial_hungarian_u100,36,data47-1,ocsort,246,True
15.315288640382304,9.648210893056463,217,7,0,11.892630936473463,17.73049645390071,2,8.130081300813007,29,confirmation38,0,regr_final,36,data47-1,ocsort,246,True
15.315288640382304,9.648210893056463,217,7,0,11.892630936473463,17.73049645390071,2,8.130081300813007,29,confirmation38,0,regr_final_motion_always,36,data47-1,ocsort,246,True
15.315288640382304,9.648210893056463,217,7,0,11.892630936473463,17.73049645390071,2,8.130081300813007,29,confirmation38,0,regr_final_no_gap,36,data47-1,ocsort,246,True
15.315288640382304,9.648210893056463,217,7,0,11.892630936473463,17.73049645390071,2,8.130081300813007,29,confirmation38,0,regr_final_no_motion,36,data47-1,ocsort,246,True
15.315288640382304,9.648210893056463,217,7,0,11.892630936473463,17.73049645390071,2,8.130081300813007,29,confirmation38,0,regr_final_no_reciprocal,36,data47-1,ocsort,246,True
15.315288640382304,9.648210893056463,217,7,0,11.892630936473463,17.73049645390071,2,8.130081300813007,29,confirmation38,0,regr_t,36,data47-1,ocsort,246,True
13.407740378569233,9.648210893056463,217,7,0,11.137654522721945,17.02127659574468,3,7.723577235772358,29,confirmation38,0,regr_tg_old,36,data47-1,ocsort,246,True
15.315288640382304,9.648210893056463,217,7,0,11.892630936473463,17.73049645390071,2,8.130081300813007,29,confirmation38,0,s2_h_cond_w3_endpoint_c50_r100,36,data47-1,ocsort,246,True
33.709862750652405,28.674130560819837,820,193,56,31.038596229005588,37.13625866050808,57,23.35243553008596,576,confirmation38,0,geometry_greedy,769,data47-2,bytetrack,1396,True
34.05906287498751,28.705774957385877,820,193,56,31.218939483908358,37.6905311778291,47,24.068767908309454,576,confirmation38,0,geometry_reid_greedy,769,data47-2,bytetrack,1396,True
32.37660814309764,28.674130560819837,820,193,56,30.40934724625759,33.903002309468825,82,21.56160458452722,576,confirmation38,0,no_refinement,769,data47-2,bytetrack,1396,True
33.67999844573858,28.674130560819837,820,193,56,31.02504695038608,36.212471131639724,61,23.065902578796564,576,confirmation38,0,partial_hungarian_u080,769,data47-2,bytetrack,1396,True
33.67999844573858,28.674130560819837,820,193,56,31.02504695038608,36.212471131639724,61,23.065902578796564,576,confirmation38,0,partial_hungarian_u100,769,data47-2,bytetrack,1396,True
34.05906287498751,28.705774957385877,820,193,56,31.218939483908358,37.6905311778291,47,24.068767908309454,576,confirmation38,0,regr_final,769,data47-2,bytetrack,1396,True
33.69441870888624,28.705774957385877,820,193,56,31.05076500625023,37.043879907621246,49,23.925501432664756,576,confirmation38,0,regr_final_motion_always,769,data47-2,bytetrack,1396,True
34.05906287498751,28.705774957385877,820,193,56,31.218939483908358,37.6905311778291,47,24.068767908309454,576,confirmation38,0,regr_final_no_gap,769,data47-2,bytetrack,1396,True
34.05906287498751,28.705774957385877,820,193,56,31.218939483908358,37.6905311778291,47,24.068767908309454,576,confirmation38,0,regr_final_no_motion,769,data47-2,bytetrack,1396,True
34.05906287498751,28.705774957385877,820,193,56,31.218939483908358,37.6905311778291,47,24.068767908309454,576,confirmation38,0,regr_final_no_reciprocal,769,data47-2,bytetrack,1396,True
34.05906287498751,28.705774957385877,820,193,56,31.218939483908358,37.6905311778291,47,24.068767908309454,576,confirmation38,0,regr_t,769,data47-2,bytetrack,1396,True
33.85419632915399,28.705774957385877,820,193,56,31.12343790335187,37.22863741339492,54,23.567335243553007,576,confirmation38,0,regr_tg_old,769,data47-2,bytetrack,1396,True
33.70315376435008,28.674130560819837,820,193,56,31.0359861438426,36.212471131639724,61,23.065902578796564,576,confirmation38,0,s2_h_cond_w3_endpoint_c50_r100,769,data47-2,bytetrack,1396,True
78.86170010602498,41.15926086358601,612,195,19,56.45180514466308,66.02105263157895,0,42.191977077363894,784,confirmation38,0,geometry_greedy,979,data47-2,deepocsort,1396,True
78.86170010602498,41.15926086358601,612,195,19,56.45180514466308,66.02105263157895,0,42.191977077363894,784,confirmation38,0,geometry_reid_greedy,979,data47-2,deepocsort,1396,True
78.75990880085804,41.15926086358601,612,195,19,56.41309050852467,65.76842105263158,3,41.977077363896846,784,confirmation38,0,no_refinement,979,data47-2,deepocsort,1396,True
78.86170010602498,41.15926086358601,612,195,19,56.45180514466308,66.02105263157895,0,42.191977077363894,784,confirmation38,0,partial_hungarian_u080,979,data47-2,deepocsort,1396,True
78.86170010602498,41.15926086358601,612,195,19,56.45180514466308,66.02105263157895,0,42.191977077363894,784,confirmation38,0,partial_hungarian_u100,979,data47-2,deepocsort,1396,True
78.86170010602498,41.15926086358601,612,195,19,56.45180514466308,66.02105263157895,0,42.191977077363894,784,confirmation38,0,regr_final,979,data47-2,deepocsort,1396,True
78.86170010602498,41.15926086358601,612,195,19,56.45180514466308,66.02105263157895,0,42.191977077363894,784,confirmation38,0,regr_final_motion_always,979,data47-2,deepocsort,1396,True
78.86170010602498,41.15926086358601,612,195,19,56.45180514466308,66.02105263157895,0,42.191977077363894,784,confirmation38,0,regr_final_no_gap,979,data47-2,deepocsort,1396,True
78.86170010602498,41.15926086358601,612,195,19,56.45180514466308,66.02105263157895,0,42.191977077363894,784,confirmation38,0,regr_final_no_motion,979,data47-2,deepocsort,1396,True
78.86170010602498,41.15926086358601,612,195,19,56.45180514466308,66.02105263157895,0,42.191977077363894,784,confirmation38,0,regr_final_no_reciprocal,979,data47-2,deepocsort,1396,True
78.86170010602498,41.15926086358601,612,195,19,56.45180514466308,66.02105263157895,0,42.191977077363894,784,confirmation38,0,regr_t,979,data47-2,deepocsort,1396,True
78.77939367891757,41.15926086358601,612,195,19,56.42011783846069,65.93684210526317,1,42.12034383954155,784,confirmation38,0,regr_tg_old,979,data47-2,deepocsort,1396,True
78.86170010602498,41.15926086358601,612,195,19,56.45180514466308,66.02105263157895,0,42.191977077363894,784,confirmation38,0,s2_h_cond_w3_endpoint_c50_r100,979,data47-2,deepocsort,1396,True
38.8508317142272,21.516681912707014,1038,143,40,28.841202893952033,26.146547179757512,30,13.252148997134672,358,confirmation38,0,geometry_greedy,501,data47-2,ocsort,1396,True
39.05902016257466,21.516681912707014,1038,143,40,28.91971422588985,26.673695308381657,28,13.395415472779371,358,confirmation38,0,geometry_reid_greedy,501,data47-2,ocsort,1396,True
38.3015844212919,21.516681912707014,1038,143,40,28.63094553983865,24.77596204533474,48,11.962750716332378,358,confirmation38,0,no_refinement,501,data47-2,ocsort,1396,True
39.05855889766262,21.516681912707014,1038,143,40,28.919572726794073,26.884554559831315,29,13.32378223495702,358,confirmation38,0,partial_hungarian_u080,501,data47-2,ocsort,1396,True
39.05855889766262,21.516681912707014,1038,143,40,28.919572726794073,26.884554559831315,29,13.32378223495702,358,confirmation38,0,partial_hungarian_u100,501,data47-2,ocsort,1396,True
39.05902016257466,21.516681912707014,1038,143,40,28.91971422588985,26.673695308381657,28,13.395415472779371,358,confirmation38,0,regr_final,501,data47-2,ocsort,1396,True
39.05902016257466,21.516681912707014,1038,143,40,28.91971422588985,26.673695308381657,28,13.395415472779371,358,confirmation38,0,regr_final_motion_always,501,data47-2,ocsort,1396,True
39.05902016257466,21.516681912707014,1038,143,40,28.91971422588985,26.673695308381657,28,13.395415472779371,358,confirmation38,0,regr_final_no_gap,501,data47-2,ocsort,1396,True
39.05902016257466,21.516681912707014,1038,143,40,28.91971422588985,26.673695308381657,28,13.395415472779371,358,confirmation38,0,regr_final_no_motion,501,data47-2,ocsort,1396,True
39.05902016257466,21.516681912707014,1038,143,40,28.91971422588985,26.673695308381657,28,13.395415472779371,358,confirmation38,0,regr_final_no_reciprocal,501,data47-2,ocsort,1396,True
39.05902016257466,21.516681912707014,1038,143,40,28.91971422588985,26.673695308381657,28,13.395415472779371,358,confirmation38,0,regr_t,501,data47-2,ocsort,1396,True
38.939931718318526,21.516681912707014,1038,143,40,28.87479063554871,26.673695308381657,28,13.395415472779371,358,confirmation38,0,regr_tg_old,501,data47-2,ocsort,1396,True
39.04334639917768,21.516681912707014,1038,143,40,28.913753743574087,26.673695308381657,30,13.252148997134672,358,confirmation38,0,s2_h_cond_w3_endpoint_c50_r100,501,data47-2,ocsort,1396,True
54.62808609506846,37.613560294502726,1289,273,102,45.30639352255467,55.66433566433566,79,38.145495665284585,1364,confirmation38,0,geometry_greedy,1637,data47-3,bytetrack,2653,True
54.93726507972173,37.6109021683726,1289,273,102,45.43362747445096,55.757575757575765,74,38.33396155295891,1364,confirmation38,0,geometry_reid_greedy,1637,data47-3,bytetrack,2653,True
48.3448638754986,37.613560294502726,1289,273,102,42.60842501793531,50.442890442890445,136,35.99698454579721,1364,confirmation38,0,no_refinement,1637,data47-3,bytetrack,2653,True
55.014892833621474,37.555276082931215,1289,273,102,45.434742271261705,55.8041958041958,86,37.88164342254052,1364,confirmation38,0,partial_hungarian_u080,1637,data47-3,bytetrack,2653,True
55.01715333780862,37.555276082931215,1289,273,102,45.43569089367758,55.757575757575765,84,37.95702977761025,1364,confirmation38,0,partial_hungarian_u100,1637,data47-3,bytetrack,2653,True
55.22650336636573,37.57933560113921,1289,273,102,45.53660611152843,55.94405594405595,73,38.37165473049378,1364,confirmation38,0,regr_final,1637,data47-3,bytetrack,2653,True
55.18285393738843,37.57933560113921,1289,273,102,45.51839279961743,55.85081585081585,73,38.37165473049378,1364,confirmation38,0,regr_final_motion_always,1637,data47-3,bytetrack,2653,True
54.93726507972173,37.6109021683726,1289,273,102,45.43362747445096,55.757575757575765,74,38.33396155295891,1364,confirmation38,0,regr_final_no_gap,1637,data47-3,bytetrack,2653,True
55.22650336636573,37.57933560113921,1289,273,102,45.53660611152843,55.94405594405595,73,38.37165473049378,1364,confirmation38,0,regr_final_no_motion,1637,data47-3,bytetrack,2653,True
55.22650336636573,37.57933560113921,1289,273,102,45.53660611152843,55.94405594405595,73,38.37165473049378,1364,confirmation38,0,regr_final_no_reciprocal,1637,data47-3,bytetrack,2653,True
55.22650336636573,37.57933560113921,1289,273,102,45.53660611152843,55.94405594405595,73,38.37165473049378,1364,confirmation38,0,regr_t,1637,data47-3,bytetrack,2653,True
54.90972049930719,37.58199190413756,1289,273,102,45.40668335288863,55.571095571095576,80,38.107802487749716,1364,confirmation38,0,regr_tg_old,1637,data47-3,bytetrack,2653,True
54.80045792656111,37.58199190413756,1289,273,102,45.36131032125844,55.571095571095576,91,37.69317753486619,1364,confirmation38,0,s2_h_cond_w3_endpoint_c50_r100,1637,data47-3,bytetrack,2653,True
78.33606335993647,42.52516442464741,1273,193,16,57.54653025272199,65.16800757217227,2,44.66641537881643,1380,confirmation38,0,geometry_greedy,1573,data47-3,deepocsort,2653,True
78.41835514181801,42.52516442464741,1273,193,16,57.57764310169444,65.21533364884051,1,44.7041085563513,1380,confirmation38,0,geometry_reid_greedy,1573,data47-3,deepocsort,2653,True
77.61407023130836,42.52516442464741,1273,193,16,57.27106645365359,64.5527685754851,5,44.55333584621183,1380,confirmation38,0,no_refinement,1573,data47-3,deepocsort,2653,True
78.41835514181801,42.52516442464741,1273,193,16,57.57764310169444,65.21533364884051,1,44.7041085563513,1380,confirmation38,0,partial_hungarian_u080,1573,data47-3,deepocsort,2653,True
78.41835514181801,42.52516442464741,1273,193,16,57.57764310169444,65.21533364884051,1,44.7041085563513,1380,confirmation38,0,partial_hungarian_u100,1573,data47-3,deepocsort,2653,True
78.41835514181801,42.52516442464741,1273,193,16,57.57764310169444,65.21533364884051,1,44.7041085563513,1380,confirmation38,0,regr_final,1573,data47-3,deepocsort,2653,True
78.41835514181801,42.52516442464741,1273,193,16,57.57764310169444,65.21533364884051,1,44.7041085563513,1380,confirmation38,0,regr_final_motion_always,1573,data47-3,deepocsort,2653,True
78.41835514181801,42.52516442464741,1273,193,16,57.57764310169444,65.21533364884051,1,44.7041085563513,1380,confirmation38,0,regr_final_no_gap,1573,data47-3,deepocsort,2653,True
78.41835514181801,42.52516442464741,1273,193,16,57.57764310169444,65.21533364884051,1,44.7041085563513,1380,confirmation38,0,regr_final_no_motion,1573,data47-3,deepocsort,2653,True
78.41835514181801,42.52516442464741,1273,193,16,57.57764310169444,65.21533364884051,1,44.7041085563513,1380,confirmation38,0,regr_final_no_reciprocal,1573,data47-3,deepocsort,2653,True
78.41835514181801,42.52516442464741,1273,193,16,57.57764310169444,65.21533364884051,1,44.7041085563513,1380,confirmation38,0,regr_t,1573,data47-3,deepocsort,2653,True
77.67727871747756,42.52516442464741,1273,193,16,57.29505312337122,64.60009465215335,4,44.59102902374671,1380,confirmation38,0,regr_tg_old,1573,data47-3,deepocsort,2653,True
78.41835514181801,42.52516442464741,1273,193,16,57.57764310169444,65.21533364884051,1,44.7041085563513,1380,confirmation38,0,s2_h_cond_w3_endpoint_c50_r100,1573,data47-3,deepocsort,2653,True
58.703737206435626,35.36214685049273,1528,228,53,45.509317945609915,48.87668497254119,46,32.07689408217112,1125,confirmation38,0,geometry_greedy,1353,data47-3,ocsort,2653,True
61.16174333794143,35.346843632999956,1528,228,53,46.452336930806304,50.124812780828755,36,32.45382585751979,1125,confirmation38,0,geometry_reid_greedy,1353,data47-3,ocsort,2653,True
58.34141150361107,35.36214685049273,1528,228,53,45.37096287284439,48.177733399900156,59,31.586882774217866,1125,confirmation38,0,no_refinement,1353,data47-3,ocsort,2653,True
61.11632286099603,35.36214685049273,1528,228,53,46.44466711591528,49.975037443834246,41,32.265359969845456,1125,confirmation38,0,partial_hungarian_u080,1353,data47-3,ocsort,2653,True
61.11632286099603,35.36214685049273,1528,228,53,46.44466711591528,49.975037443834246,41,32.265359969845456,1125,confirmation38,0,partial_hungarian_u100,1353,data47-3,ocsort,2653,True
61.15205832511689,35.33919379967123,1528,228,53,46.44366528668088,50.024962556165754,39,32.340746324915195,1125,confirmation38,0,regr_final,1353,data47-3,ocsort,2653,True
60.810798340774156,35.33919379967123,1528,228,53,46.31146970912658,49.77533699450824,40,32.303053147380325,1125,confirmation38,0,regr_final_motion_always,1353,data47-3,ocsort,2653,True
61.16174333794143,35.346843632999956,1528,228,53,46.452336930806304,50.124812780828755,36,32.45382585751979,1125,confirmation38,0,regr_final_no_gap,1353,data47-3,ocsort,2653,True
61.15205832511689,35.33919379967123,1528,228,53,46.44366528668088,50.024962556165754,39,32.340746324915195,1125,confirmation38,0,regr_final_no_motion,1353,data47-3,ocsort,2653,True
61.15205832511689,35.33919379967123,1528,228,53,46.44366528668088,50.024962556165754,39,32.340746324915195,1125,confirmation38,0,regr_final_no_reciprocal,1353,data47-3,ocsort,2653,True
61.15205832511689,35.33919379967123,1528,228,53,46.44366528668088,50.024962556165754,39,32.340746324915195,1125,confirmation38,0,regr_t,1353,data47-3,ocsort,2653,True
61.15205832511689,35.33919379967123,1528,228,53,46.44366528668088,50.024962556165754,39,32.340746324915195,1125,confirmation38,0,regr_tg_old,1353,data47-3,ocsort,2653,True
61.11639053632999,35.36214685049273,1528,228,53,46.444693480084474,49.975037443834246,41,32.265359969845456,1125,confirmation38,0,s2_h_cond_w3_endpoint_c50_r100,1353,data47-3,ocsort,2653,True
50.77167773305753,27.621471319907563,482,83,27,37.29614094357592,44.06224406224406,21,27.65432098765432,328,confirmation38,0,geometry_greedy,411,data47-4,bytetrack,810,True
51.00689498518038,27.621471319907563,482,83,27,37.38517226461227,44.06224406224406,20,27.77777777777778,328,confirmation38,0,geometry_reid_greedy,411,data47-4,bytetrack,810,True
50.253703650921686,27.621471319907563,482,83,27,37.110117407803834,42.42424242424242,32,26.296296296296294,328,confirmation38,0,no_refinement,411,data47-4,bytetrack,810,True
50.695326847694275,27.621471319907563,482,83,27,37.26565874200947,44.22604422604422,21,27.65432098765432,328,confirmation38,0,partial_hungarian_u080,411,data47-4,bytetrack,810,True
50.695326847694275,27.621471319907563,482,83,27,37.26565874200947,44.22604422604422,21,27.65432098765432,328,confirmation38,0,partial_hungarian_u100,411,data47-4,bytetrack,810,True
51.00689498518038,27.621471319907563,482,83,27,37.38517226461227,44.06224406224406,20,27.77777777777778,328,confirmation38,0,regr_final,411,data47-4,bytetrack,810,True
50.88034879145846,27.621471319907563,482,83,27,37.33672781087739,43.8984438984439,21,27.65432098765432,328,confirmation38,0,regr_final_motion_always,411,data47-4,bytetrack,810,True
51.00689498518038,27.621471319907563,482,83,27,37.38517226461227,44.06224406224406,20,27.77777777777778,328,confirmation38,0,regr_final_no_gap,411,data47-4,bytetrack,810,True
51.00689498518038,27.621471319907563,482,83,27,37.38517226461227,44.06224406224406,20,27.77777777777778,328,confirmation38,0,regr_final_no_motion,411,data47-4,bytetrack,810,True
51.00689498518038,27.621471319907563,482,83,27,37.38517226461227,44.06224406224406,20,27.77777777777778,328,confirmation38,0,regr_final_no_reciprocal,411,data47-4,bytetrack,810,True
51.00689498518038,27.621471319907563,482,83,27,37.38517226461227,44.06224406224406,20,27.77777777777778,328,confirmation38,0,regr_t,411,data47-4,bytetrack,810,True
50.944791662532396,27.621471319907563,482,83,27,37.361214571379485,43.57084357084357,23,27.40740740740741,328,confirmation38,0,regr_tg_old,411,data47-4,bytetrack,810,True
50.99797721180788,27.621471319907563,482,83,27,37.38174631260134,44.22604422604422,21,27.65432098765432,328,confirmation38,0,s2_h_cond_w3_endpoint_c50_r100,411,data47-4,bytetrack,810,True
72.9156369316078,46.159151661757654,299,65,20,57.32447449596233,73.59307359307358,1,54.93827160493827,511,confirmation38,0,geometry_greedy,576,data47-4,deepocsort,810,True
72.9156369316078,46.159151661757654,299,65,20,57.32447449596233,73.59307359307358,1,54.93827160493827,511,confirmation38,0,geometry_reid_greedy,576,data47-4,deepocsort,810,True
72.8584488212006,46.159151661757654,299,65,20,57.28986614624409,73.44877344877345,2,54.81481481481482,511,confirmation38,0,no_refinement,576,data47-4,deepocsort,810,True
72.9156369316078,46.159151661757654,299,65,20,57.32447449596233,73.59307359307358,1,54.93827160493827,511,confirmation38,0,partial_hungarian_u080,576,data47-4,deepocsort,810,True
72.9156369316078,46.159151661757654,299,65,20,57.32447449596233,73.59307359307358,1,54.93827160493827,511,confirmation38,0,partial_hungarian_u100,576,data47-4,deepocsort,810,True
72.9156369316078,46.159151661757654,299,65,20,57.32447449596233,73.59307359307358,1,54.93827160493827,511,confirmation38,0,regr_final,576,data47-4,deepocsort,810,True
72.9156369316078,46.159151661757654,299,65,20,57.32447449596233,73.59307359307358,1,54.93827160493827,511,confirmation38,0,regr_final_motion_always,576,data47-4,deepocsort,810,True
72.9156369316078,46.159151661757654,299,65,20,57.32447449596233,73.59307359307358,1,54.93827160493827,511,confirmation38,0,regr_final_no_gap,576,data47-4,deepocsort,810,True
72.9156369316078,46.159151661757654,299,65,20,57.32447449596233,73.59307359307358,1,54.93827160493827,511,confirmation38,0,regr_final_no_motion,576,data47-4,deepocsort,810,True
72.9156369316078,46.159151661757654,299,65,20,57.32447449596233,73.59307359307358,1,54.93827160493827,511,confirmation38,0,regr_final_no_reciprocal,576,data47-4,deepocsort,810,True
72.9156369316078,46.159151661757654,299,65,20,57.32447449596233,73.59307359307358,1,54.93827160493827,511,confirmation38,0,regr_t,576,data47-4,deepocsort,810,True
73.19948776377929,46.159151661757654,299,65,20,57.421079210946004,73.59307359307358,1,54.93827160493827,511,confirmation38,0,regr_tg_old,576,data47-4,deepocsort,810,True
72.9156369316078,46.159151661757654,299,65,20,57.32447449596233,73.59307359307358,1,54.93827160493827,511,confirmation38,0,s2_h_cond_w3_endpoint_c50_r100,576,data47-4,deepocsort,810,True
57.15999021109497,26.71747708020387,554,52,14,39.04858536224551,39.89266547406082,11,23.827160493827158,256,confirmation38,0,geometry_greedy,308,data47-4,ocsort,810,True
57.15999021109497,26.71747708020387,554,52,14,39.04858536224551,39.89266547406082,11,23.827160493827158,256,confirmation38,0,geometry_reid_greedy,308,data47-4,ocsort,810,True
55.90959626848437,26.71747708020387,554,52,14,38.61852449555599,39.35599284436494,16,23.209876543209877,256,confirmation38,0,no_refinement,308,data47-4,ocsort,810,True
57.15999021109497,26.71747708020387,554,52,14,39.04858536224551,39.89266547406082,11,23.827160493827158,256,confirmation38,0,partial_hungarian_u080,308,data47-4,ocsort,810,True
57.15999021109497,26.71747708020387,554,52,14,39.04858536224551,39.89266547406082,11,23.827160493827158,256,confirmation38,0,partial_hungarian_u100,308,data47-4,ocsort,810,True
57.15999021109497,26.71747708020387,554,52,14,39.04858536224551,39.89266547406082,11,23.827160493827158,256,confirmation38,0,regr_final,308,data47-4,ocsort,810,True
57.15999021109497,26.71747708020387,554,52,14,39.04858536224551,39.89266547406082,11,23.827160493827158,256,confirmation38,0,regr_final_motion_always,308,data47-4,ocsort,810,True
57.15999021109497,26.71747708020387,554,52,14,39.04858536224551,39.89266547406082,11,23.827160493827158,256,confirmation38,0,regr_final_no_gap,308,data47-4,ocsort,810,True
57.15999021109497,26.71747708020387,554,52,14,39.04858536224551,39.89266547406082,11,23.827160493827158,256,confirmation38,0,regr_final_no_motion,308,data47-4,ocsort,810,True
57.15999021109497,26.71747708020387,554,52,14,39.04858536224551,39.89266547406082,11,23.827160493827158,256,confirmation38,0,regr_final_no_reciprocal,308,data47-4,ocsort,810,True
57.15999021109497,26.71747708020387,554,52,14,39.04858536224551,39.89266547406082,11,23.827160493827158,256,confirmation38,0,regr_t,308,data47-4,ocsort,810,True
56.46840459237882,26.71747708020387,554,52,14,38.81112577664616,39.71377459749553,13,23.580246913580247,256,confirmation38,0,regr_tg_old,308,data47-4,ocsort,810,True
57.15999021109497,26.71747708020387,554,52,14,39.04858536224551,39.89266547406082,11,23.827160493827158,256,confirmation38,0,s2_h_cond_w3_endpoint_c50_r100,308,data47-4,ocsort,810,True
15.581236518779882,5.165139282078858,557,1,14,8.416816206375437,6.896551724137931,18,3.5175879396984926,40,confirmation38,0,geometry_greedy,41,data48-1,bytetrack,597,True
15.581236518779882,5.165139282078858,557,1,14,8.416816206375437,6.896551724137931,18,3.5175879396984926,40,confirmation38,0,geometry_reid_greedy,41,data48-1,bytetrack,597,True
15.476207973076296,5.165139282078858,557,1,14,8.383241953422155,6.583072100313479,19,3.350083752093802,40,confirmation38,0,no_refinement,41,data48-1,bytetrack,597,True
15.581236518779882,5.165139282078858,557,1,14,8.416816206375437,6.896551724137931,18,3.5175879396984926,40,confirmation38,0,partial_hungarian_u080,41,data48-1,bytetrack,597,True
15.581236518779882,5.165139282078858,557,1,14,8.416816206375437,6.896551724137931,18,3.5175879396984926,40,confirmation38,0,partial_hungarian_u100,41,data48-1,bytetrack,597,True
15.581236518779882,5.165139282078858,557,1,14,8.416816206375437,6.896551724137931,18,3.5175879396984926,40,confirmation38,0,regr_final,41,data48-1,bytetrack,597,True
15.581236518779882,5.165139282078858,557,1,14,8.416816206375437,6.896551724137931,18,3.5175879396984926,40,confirmation38,0,regr_final_motion_always,41,data48-1,bytetrack,597,True
15.581236518779882,5.165139282078858,557,1,14,8.416816206375437,6.896551724137931,18,3.5175879396984926,40,confirmation38,0,regr_final_no_gap,41,data48-1,bytetrack,597,True
15.581236518779882,5.165139282078858,557,1,14,8.416816206375437,6.896551724137931,18,3.5175879396984926,40,confirmation38,0,regr_final_no_motion,41,data48-1,bytetrack,597,True
15.581236518779882,5.165139282078858,557,1,14,8.416816206375437,6.896551724137931,18,3.5175879396984926,40,confirmation38,0,regr_final_no_reciprocal,41,data48-1,bytetrack,597,True
15.581236518779882,5.165139282078858,557,1,14,8.416816206375437,6.896551724137931,18,3.5175879396984926,40,confirmation38,0,regr_t,41,data48-1,bytetrack,597,True
15.581236518779882,5.165139282078858,557,1,14,8.416816206375437,6.896551724137931,18,3.5175879396984926,40,confirmation38,0,regr_tg_old,41,data48-1,bytetrack,597,True
15.581236518779882,5.165139282078858,557,1,14,8.416816206375437,6.896551724137931,18,3.5175879396984926,40,confirmation38,0,s2_h_cond_w3_endpoint_c50_r100,41,data48-1,bytetrack,597,True
57.070056942400136,36.577522239670905,289,1,14,44.966902517828146,67.3289183222958,2,51.08877721943048,308,confirmation38,0,geometry_greedy,309,data48-1,deepocsort,597,True
57.070056942400136,36.577522239670905,289,1,14,44.966902517828146,67.3289183222958,2,51.08877721943048,308,confirmation38,0,geometry_reid_greedy,309,data48-1,deepocsort,597,True
57.11909072375319,36.577522239670905,289,1,14,44.9870879611607,67.54966887417218,2,51.08877721943048,308,confirmation38,0,no_refinement,309,data48-1,deepocsort,597,True
57.070056942400136,36.577522239670905,289,1,14,44.966902517828146,67.3289183222958,2,51.08877721943048,308,confirmation38,0,partial_hungarian_u080,309,data48-1,deepocsort,597,True
57.070056942400136,36.577522239670905,289,1,14,44.966902517828146,67.3289183222958,2,51.08877721943048,308,confirmation38,0,partial_hungarian_u100,309,data48-1,deepocsort,597,True
57.070056942400136,36.577522239670905,289,1,14,44.966902517828146,67.3289183222958,2,51.08877721943048,308,confirmation38,0,regr_final,309,data48-1,deepocsort,597,True
57.070056942400136,36.577522239670905,289,1,14,44.966902517828146,67.3289183222958,2,51.08877721943048,308,confirmation38,0,regr_final_motion_always,309,data48-1,deepocsort,597,True
57.070056942400136,36.577522239670905,289,1,14,44.966902517828146,67.3289183222958,2,51.08877721943048,308,confirmation38,0,regr_final_no_gap,309,data48-1,deepocsort,597,True
57.070056942400136,36.577522239670905,289,1,14,44.966902517828146,67.3289183222958,2,51.08877721943048,308,confirmation38,0,regr_final_no_motion,309,data48-1,deepocsort,597,True
57.070056942400136,36.577522239670905,289,1,14,44.966902517828146,67.3289183222958,2,51.08877721943048,308,confirmation38,0,regr_final_no_reciprocal,309,data48-1,deepocsort,597,True
57.070056942400136,36.577522239670905,289,1,14,44.966902517828146,67.3289183222958,2,51.08877721943048,308,confirmation38,0,regr_t,309,data48-1,deepocsort,597,True
57.11909072375319,36.577522239670905,289,1,14,44.9870879611607,67.54966887417218,2,51.08877721943048,308,confirmation38,0,regr_tg_old,309,data48-1,deepocsort,597,True
57.070056942400136,36.577522239670905,289,1,14,44.966902517828146,67.3289183222958,2,51.08877721943048,308,confirmation38,0,s2_h_cond_w3_endpoint_c50_r100,309,data48-1,deepocsort,597,True
16.00662034148983,5.096686193840826,559,1,0,7.828985076594874,8.80503144654088,11,4.355108877721943,38,confirmation38,0,geometry_greedy,39,data48-1,ocsort,597,True
17.508263796227794,5.096686193840826,559,1,0,8.361310674255714,11.949685534591195,0,6.197654941373535,38,confirmation38,0,geometry_reid_greedy,39,data48-1,ocsort,597,True
12.00118665974614,5.096686193840826,559,1,0,6.666178057637849,5.660377358490567,20,2.8475711892797317,38,confirmation38,0,no_refinement,39,data48-1,ocsort,597,True
17.508263796227794,5.096686193840826,559,1,0,8.361310674255714,11.949685534591195,0,6.197654941373535,38,confirmation38,0,partial_hungarian_u080,39,data48-1,ocsort,597,True
17.508263796227794,5.096686193840826,559,1,0,8.361310674255714,11.949685534591195,0,6.197654941373535,38,confirmation38,0,partial_hungarian_u100,39,data48-1,ocsort,597,True
17.508263796227794,5.096686193840826,559,1,0,8.361310674255714,11.949685534591195,0,6.197654941373535,38,confirmation38,0,regr_final,39,data48-1,ocsort,597,True
17.508263796227794,5.096686193840826,559,1,0,8.361310674255714,11.949685534591195,0,6.197654941373535,38,confirmation38,0,regr_final_motion_always,39,data48-1,ocsort,597,True
17.508263796227794,5.096686193840826,559,1,0,8.361310674255714,11.949685534591195,0,6.197654941373535,38,confirmation38,0,regr_final_no_gap,39,data48-1,ocsort,597,True
17.508263796227794,5.096686193840826,559,1,0,8.361310674255714,11.949685534591195,0,6.197654941373535,38,confirmation38,0,regr_final_no_motion,39,data48-1,ocsort,597,True
17.508263796227794,5.096686193840826,559,1,0,8.361310674255714,11.949685534591195,0,6.197654941373535,38,confirmation38,0,regr_final_no_reciprocal,39,data48-1,ocsort,597,True
17.508263796227794,5.096686193840826,559,1,0,8.361310674255714,11.949685534591195,0,6.197654941373535,38,confirmation38,0,regr_t,39,data48-1,ocsort,597,True
17.508263796227794,5.096686193840826,559,1,0,8.361310674255714,11.949685534591195,0,6.197654941373535,38,confirmation38,0,regr_tg_old,39,data48-1,ocsort,597,True
17.508263796227794,5.096686193840826,559,1,0,8.361310674255714,11.949685534591195,0,6.197654941373535,38,confirmation38,0,s2_h_cond_w3_endpoint_c50_r100,39,data48-1,ocsort,597,True
46.447789936606625,39.66587567272642,1649,137,77,42.92048118539514,51.39939485627837,123,43.85294117647059,1751,confirmation38,0,geometry_greedy,1888,data49-2,bytetrack,3400,True
47.34452127469833,39.66587567272642,1649,137,77,43.332726496081605,51.96671709531013,124,43.8235294117647,1751,confirmation38,0,geometry_reid_greedy,1888,data49-2,bytetrack,3400,True
44.96937817343672,39.66587567272642,1649,137,77,42.23189966982256,50.11346444780636,142,43.29411764705882,1751,confirmation38,0,no_refinement,1888,data49-2,bytetrack,3400,True
47.37485263698763,39.66587567272642,1649,137,77,43.34660761016219,51.96671709531013,124,43.8235294117647,1751,confirmation38,0,partial_hungarian_u080,1888,data49-2,bytetrack,3400,True
47.37485263698763,39.66587567272642,1649,137,77,43.34660761016219,51.96671709531013,124,43.8235294117647,1751,confirmation38,0,partial_hungarian_u100,1888,data49-2,bytetrack,3400,True
47.34452127469833,39.66587567272642,1649,137,77,43.332726496081605,51.96671709531013,124,43.8235294117647,1751,confirmation38,0,regr_final,1888,data49-2,bytetrack,3400,True
47.86699517459653,39.66587567272642,1649,137,77,43.571132769622466,51.96671709531013,124,43.8235294117647,1751,confirmation38,0,regr_final_motion_always,1888,data49-2,bytetrack,3400,True
47.34452127469833,39.66587567272642,1649,137,77,43.332726496081605,51.96671709531013,124,43.8235294117647,1751,confirmation38,0,regr_final_no_gap,1888,data49-2,bytetrack,3400,True
47.34452127469833,39.66587567272642,1649,137,77,43.332726496081605,51.96671709531013,124,43.8235294117647,1751,confirmation38,0,regr_final_no_motion,1888,data49-2,bytetrack,3400,True
47.34452127469833,39.66587567272642,1649,137,77,43.332726496081605,51.96671709531013,124,43.8235294117647,1751,confirmation38,0,regr_final_no_reciprocal,1888,data49-2,bytetrack,3400,True
47.34452127469833,39.66587567272642,1649,137,77,43.332726496081605,51.96671709531013,124,43.8235294117647,1751,confirmation38,0,regr_t,1888,data49-2,bytetrack,3400,True
47.34452127469833,39.66587567272642,1649,137,77,43.332726496081605,51.96671709531013,124,43.8235294117647,1751,confirmation38,0,regr_tg_old,1888,data49-2,bytetrack,3400,True
47.37485263698763,39.66587567272642,1649,137,77,43.34660761016219,51.96671709531013,124,43.8235294117647,1751,confirmation38,0,s2_h_cond_w3_endpoint_c50_r100,1888,data49-2,bytetrack,3400,True
85.84391072729602,47.69824527597841,1533,242,24,63.97744595244562,67.27173715737884,8,47.55882352941177,1867,confirmation38,0,geometry_greedy,2109,data49-2,deepocsort,3400,True
85.96567714780106,47.69824527597841,1533,242,24,64.02298830114334,67.30804138682156,7,47.588235294117645,1867,confirmation38,0,geometry_reid_greedy,2109,data49-2,deepocsort,3400,True
85.05629893148348,47.69824527597841,1533,242,24,63.682634244663184,66.76347794518061,12,47.44117647058824,1867,confirmation38,0,no_refinement,2109,data49-2,deepocsort,3400,True
85.96567714780106,47.69824527597841,1533,242,24,64.02298830114334,67.30804138682156,7,47.588235294117645,1867,confirmation38,0,partial_hungarian_u080,2109,data49-2,deepocsort,3400,True
85.96567714780106,47.69824527597841,1533,242,24,64.02298830114334,67.30804138682156,7,47.588235294117645,1867,confirmation38,0,partial_hungarian_u100,2109,data49-2,deepocsort,3400,True
85.96567714780106,47.69824527597841,1533,242,24,64.02298830114334,67.30804138682156,7,47.588235294117645,1867,confirmation38,0,regr_final,2109,data49-2,deepocsort,3400,True
85.96567714780106,47.69824527597841,1533,242,24,64.02298830114334,67.30804138682156,7,47.588235294117645,1867,confirmation38,0,regr_final_motion_always,2109,data49-2,deepocsort,3400,True
85.96567714780106,47.69824527597841,1533,242,24,64.02298830114334,67.30804138682156,7,47.588235294117645,1867,confirmation38,0,regr_final_no_gap,2109,data49-2,deepocsort,3400,True
85.96567714780106,47.69824527597841,1533,242,24,64.02298830114334,67.30804138682156,7,47.588235294117645,1867,confirmation38,0,regr_final_no_motion,2109,data49-2,deepocsort,3400,True
85.96567714780106,47.69824527597841,1533,242,24,64.02298830114334,67.30804138682156,7,47.588235294117645,1867,confirmation38,0,regr_final_no_reciprocal,2109,data49-2,deepocsort,3400,True
85.96567714780106,47.69824527597841,1533,242,24,64.02298830114334,67.30804138682156,7,47.588235294117645,1867,confirmation38,0,regr_t,2109,data49-2,deepocsort,3400,True
85.80653638985363,47.69824527597841,1533,242,24,63.96336916923465,67.19912869849337,9,47.529411764705884,1867,confirmation38,0,regr_tg_old,2109,data49-2,deepocsort,3400,True
85.96567714780106,47.69824527597841,1533,242,24,64.02298830114334,67.30804138682156,7,47.588235294117645,1867,confirmation38,0,s2_h_cond_w3_endpoint_c50_r100,2109,data49-2,deepocsort,3400,True
50.51095844611685,37.51890641880019,2002,98,91,43.52858127685512,45.13888888888889,67,36.26470588235294,1398,confirmation38,0,geometry_greedy,1496,data49-2,ocsort,3400,True
52.35532673933051,37.51890641880019,2002,98,91,44.31634510650609,45.71078431372549,63,36.38235294117647,1398,confirmation38,0,geometry_reid_greedy,1496,data49-2,ocsort,3400,True
48.02055255101641,37.51890641880019,2002,98,91,42.44510000134462,43.05555555555556,76,36.0,1398,confirmation38,0,no_refinement,1496,data49-2,ocsort,3400,True
51.833200424881774,37.51890641880019,2002,98,91,44.09561068972443,45.46568627450981,64,36.35294117647059,1398,confirmation38,0,partial_hungarian_u080,1496,data49-2,ocsort,3400,True
51.833200424881774,37.51890641880019,2002,98,91,44.09561068972443,45.46568627450981,64,36.35294117647059,1398,confirmation38,0,partial_hungarian_u100,1496,data49-2,ocsort,3400,True
52.35532673933051,37.51890641880019,2002,98,91,44.31634510650609,45.71078431372549,63,36.38235294117647,1398,confirmation38,0,regr_final,1496,data49-2,ocsort,3400,True
49.32431677627598,37.51890641880019,2002,98,91,43.01663071699359,43.75,66,36.29411764705882,1398,confirmation38,0,regr_final_motion_always,1496,data49-2,ocsort,3400,True
52.35532673933051,37.51890641880019,2002,98,91,44.31634510650609,45.71078431372549,63,36.38235294117647,1398,confirmation38,0,regr_final_no_gap,1496,data49-2,ocsort,3400,True
52.35532673933051,37.51890641880019,2002,98,91,44.31634510650609,45.71078431372549,63,36.38235294117647,1398,confirmation38,0,regr_final_no_motion,1496,data49-2,ocsort,3400,True
52.35532673933051,37.51890641880019,2002,98,91,44.31634510650609,45.71078431372549,63,36.38235294117647,1398,confirmation38,0,regr_final_no_reciprocal,1496,data49-2,ocsort,3400,True
52.35532673933051,37.51890641880019,2002,98,91,44.31634510650609,45.71078431372549,63,36.38235294117647,1398,confirmation38,0,regr_t,1496,data49-2,ocsort,3400,True
52.35999858371244,37.51890641880019,2002,98,91,44.31833612404863,45.71078431372549,63,36.38235294117647,1398,confirmation38,0,regr_tg_old,1496,data49-2,ocsort,3400,True
51.82337358636838,37.51890641880019,2002,98,91,44.09139982421504,45.46568627450981,64,36.35294117647059,1398,confirmation38,0,s2_h_cond_w3_endpoint_c50_r100,1496,data49-2,ocsort,3400,True
15.869528228713966,48.90462710669946,1409,202,284,27.77180389392488,33.39776951672862,481,47.25163893091276,2557,legacy12,0,geometry_greedy,2759,data28-1,bytetrack,3966,True
15.939410413763166,48.889420457463615,1409,202,284,27.817332936068766,33.69516728624535,477,47.352496217851744,2557,legacy12,0,geometry_reid_greedy,2759,data28-1,bytetrack,3966,True
15.232054378652165,48.90462710669946,1409,202,284,27.18798067736337,30.691449814126393,518,46.31870902672718,2557,legacy12,0,no_refinement,2759,data28-1,bytetrack,3966,True
16.041744423536503,48.90462710669946,1409,202,284,27.91265199146139,33.39776951672862,499,46.797781139687345,2557,legacy12,0,partial_hungarian_u080,2759,data28-1,bytetrack,3966,True
15.786212704120626,48.90462710669946,1409,202,284,27.691443829003653,33.01115241635688,500,46.7725668179526,2557,legacy12,0,partial_hungarian_u100,2759,data28-1,bytetrack,3966,True
16.05846854928737,48.889420457463615,1409,202,284,27.92516656410117,34.141263940520446,476,47.37771053958649,2557,legacy12,0,regr_final,2759,data28-1,bytetrack,3966,True
16.34313994910984,48.889420457463615,1409,202,284,28.164359918813265,34.468401486988846,474,47.428139183055976,2557,legacy12,0,regr_final_motion_always,2759,data28-1,bytetrack,3966,True
15.939410413763166,48.889420457463615,1409,202,284,27.817332936068766,33.69516728624535,477,47.352496217851744,2557,legacy12,0,regr_final_no_gap,2759,data28-1,bytetrack,3966,True
16.05846854928737,48.889420457463615,1409,202,284,27.92516656410117,34.141263940520446,476,47.37771053958649,2557,legacy12,0,regr_final_no_motion,2759,data28-1,bytetrack,3966,True
16.05846854928737,48.889420457463615,1409,202,284,27.92516656410116,34.141263940520446,476,47.37771053958649,2557,legacy12,0,regr_final_no_reciprocal,2759,data28-1,bytetrack,3966,True
16.05846854928737,48.889420457463615,1409,202,284,27.92516656410117,34.141263940520446,476,47.37771053958649,2557,legacy12,0,regr_t,2759,data28-1,bytetrack,3966,True
15.752758705441183,48.889420457463615,1409,202,284,27.65725124429369,33.78438661710037,477,47.352496217851744,2557,legacy12,0,regr_tg_old,2759,data28-1,bytetrack,3966,True
15.711294521473018,48.90462710669946,1409,202,284,27.622336815745186,33.15985130111524,498,46.82299546142209,2557,legacy12,0,s2_h_cond_w3_endpoint_c50_r100,2759,data28-1,bytetrack,3966,True
81.35745929371548,64.37387562275049,974,80,36,72.3382298599702,84.68314862176754,9,73.19717599596571,2992,legacy12,0,geometry_greedy,3072,data28-1,deepocsort,3966,True
81.47728564877784,64.37387562275049,974,80,36,72.39122842742036,84.68314862176754,9,73.19717599596571,2992,legacy12,0,geometry_reid_greedy,3072,data28-1,deepocsort,3966,True
81.6014044831045,64.37387562275049,974,80,36,72.44663515881318,84.68314862176754,9,73.19717599596571,2992,legacy12,0,no_refinement,3072,data28-1,deepocsort,3966,True
81.45639407826081,64.37387562275049,974,80,36,72.38223864903833,84.68314862176754,9,73.19717599596571,2992,legacy12,0,partial_hungarian_u080,3072,data28-1,deepocsort,3966,True
81.45639407826081,64.37387562275049,974,80,36,72.38223864903833,84.68314862176754,9,73.19717599596571,2992,legacy12,0,partial_hungarian_u100,3072,data28-1,deepocsort,3966,True
81.47728564877784,64.37387562275049,974,80,36,72.39122842742036,84.68314862176754,9,73.19717599596571,2992,legacy12,0,regr_final,3072,data28-1,deepocsort,3966,True
81.47728564877784,64.37387562275049,974,80,36,72.39122842742036,84.68314862176754,9,73.19717599596571,2992,legacy12,0,regr_final_motion_always,3072,data28-1,deepocsort,3966,True
81.47728564877784,64.37387562275049,974,80,36,72.39122842742036,84.68314862176754,9,73.19717599596571,2992,legacy12,0,regr_final_no_gap,3072,data28-1,deepocsort,3966,True
81.47728564877784,64.37387562275049,974,80,36,72.39122842742036,84.68314862176754,9,73.19717599596571,2992,legacy12,0,regr_final_no_motion,3072,data28-1,deepocsort,3966,True
81.47728564877784,64.37387562275049,974,80,36,72.39122842742036,84.68314862176754,9,73.19717599596571,2992,legacy12,0,regr_final_no_reciprocal,3072,data28-1,deepocsort,3966,True
81.47728564877784,64.37387562275049,974,80,36,72.39122842742036,84.68314862176754,9,73.19717599596571,2992,legacy12,0,regr_t,3072,data28-1,deepocsort,3966,True
81.6014044831045,64.37387562275049,974,80,36,72.44663515881318,84.68314862176754,9,73.19717599596571,2992,legacy12,0,regr_tg_old,3072,data28-1,deepocsort,3966,True
81.47728564877784,64.37387562275049,974,80,36,72.39122842742036,84.68314862176754,9,73.19717599596571,2992,legacy12,0,s2_h_cond_w3_endpoint_c50_r100,3072,data28-1,deepocsort,3966,True
14.501151663640297,31.189822425808515,2544,51,286,21.231564640921764,26.218054789483357,253,28.189611699445283,1422,legacy12,0,geometry_greedy,1473,data28-1,ocsort,3966,True
15.405364932085707,31.189822425808515,2544,51,286,21.886221597773172,27.321198749770176,237,28.593040847201213,1422,legacy12,0,geometry_reid_greedy,1473,data28-1,ocsort,3966,True
14.647243906991408,31.189822425808515,2544,51,286,21.33608918524231,25.07813936385365,287,27.332324760463944,1422,legacy12,0,no_refinement,1473,data28-1,ocsort,3966,True
15.403933723970752,31.189822425808515,2544,51,286,21.884325161151693,27.43151314579886,252,28.214826021180027,1422,legacy12,0,partial_hungarian_u080,1473,data28-1,ocsort,3966,True
15.38358871163982,31.189822425808515,2544,51,286,21.869926076175254,27.43151314579886,254,28.164397377710536,1422,legacy12,0,partial_hungarian_u100,1473,data28-1,ocsort,3966,True
15.391064482269613,31.189822425808515,2544,51,286,21.876193163969862,27.321198749770176,236,28.618255168935956,1422,legacy12,0,regr_final,1473,data28-1,ocsort,3966,True
15.420665054896718,31.189822425808515,2544,51,286,21.896879336972592,26.659312373598087,237,28.593040847201213,1422,legacy12,0,regr_final_motion_always,1473,data28-1,ocsort,3966,True
15.405364932085707,31.189822425808515,2544,51,286,21.886221597773172,27.321198749770176,237,28.593040847201213,1422,legacy12,0,regr_final_no_gap,1473,data28-1,ocsort,3966,True
15.391064482269613,31.189822425808515,2544,51,286,21.876193163969862,27.321198749770176,236,28.618255168935956,1422,legacy12,0,regr_final_no_motion,1473,data28-1,ocsort,3966,True
15.391064482269613,31.189822425808515,2544,51,286,21.876193163969862,27.321198749770176,236,28.618255168935956,1422,legacy12,0,regr_final_no_reciprocal,1473,data28-1,ocsort,3966,True
15.391064482269613,31.189822425808515,2544,51,286,21.876193163969862,27.321198749770176,236,28.618255168935956,1422,legacy12,0,regr_t,1473,data28-1,ocsort,3966,True
15.391064482269613,31.189822425808515,2544,51,286,21.876193163969862,27.321198749770176,236,28.618255168935956,1422,legacy12,0,regr_tg_old,1473,data28-1,ocsort,3966,True
15.336866334040316,31.189822425808515,2544,51,286,21.83638388982766,27.2108843537415,255,28.139183055975792,1422,legacy12,0,s2_h_cond_w3_endpoint_c50_r100,1473,data28-1,ocsort,3966,True
63.82927060299569,53.820538392225394,260,15,27,58.59515671003114,80.30751034890598,29,68.59504132231406,708,legacy12,0,geometry_greedy,723,data28-2,bytetrack,968,True
63.90940980861536,53.820538392225394,260,15,27,58.631960042208306,80.30751034890598,29,68.59504132231406,708,legacy12,0,geometry_reid_greedy,723,data28-2,bytetrack,968,True
60.1625779545474,53.820538392225394,260,15,27,56.88533886313384,76.40449438202246,34,68.07851239669421,708,legacy12,0,no_refinement,723,data28-2,bytetrack,968,True
63.90940980861536,53.820538392225394,260,15,27,58.631960042208306,80.30751034890598,29,68.59504132231406,708,legacy12,0,partial_hungarian_u080,723,data28-2,bytetrack,968,True
63.90940980861536,53.820538392225394,260,15,27,58.631960042208306,80.30751034890598,29,68.59504132231406,708,legacy12,0,partial_hungarian_u100,723,data28-2,bytetrack,968,True
63.90940980861536,53.820538392225394,260,15,27,58.631960042208306,80.30751034890598,29,68.59504132231406,708,legacy12,0,regr_final,723,data28-2,bytetrack,968,True
63.90940980861536,53.820538392225394,260,15,27,58.631960042208306,80.30751034890598,29,68.59504132231406,708,legacy12,0,regr_final_motion_always,723,data28-2,bytetrack,968,True
63.90940980861536,53.820538392225394,260,15,27,58.631960042208306,80.30751034890598,29,68.59504132231406,708,legacy12,0,regr_final_no_gap,723,data28-2,bytetrack,968,True
63.90940980861536,53.820538392225394,260,15,27,58.631960042208306,80.30751034890598,29,68.59504132231406,708,legacy12,0,regr_final_no_motion,723,data28-2,bytetrack,968,True
63.90940980861536,53.820538392225394,260,15,27,58.631960042208306,80.30751034890598,29,68.59504132231406,708,legacy12,0,regr_final_no_reciprocal,723,data28-2,bytetrack,968,True
63.90940980861536,53.820538392225394,260,15,27,58.631960042208306,80.30751034890598,29,68.59504132231406,708,legacy12,0,regr_t,723,data28-2,bytetrack,968,True
63.90940980861536,53.820538392225394,260,15,27,58.631960042208306,80.30751034890598,29,68.59504132231406,708,legacy12,0,regr_tg_old,723,data28-2,bytetrack,968,True
63.90940980861536,53.820538392225394,260,15,27,58.631960042208306,80.30751034890598,29,68.59504132231406,708,legacy12,0,s2_h_cond_w3_endpoint_c50_r100,723,data28-2,bytetrack,968,True
84.11463974927838,62.55422596603171,230,17,3,72.46929895916364,85.54846198491003,1,74.3801652892562,738,legacy12,0,geometry_greedy,755,data28-2,deepocsort,968,True
84.11463974927838,62.55422596603171,230,17,3,72.46929895916364,85.54846198491003,1,74.3801652892562,738,legacy12,0,geometry_reid_greedy,755,data28-2,deepocsort,968,True
84.08763180550143,62.55422596603171,230,17,3,72.45748894637534,85.20023215322112,4,74.07024793388429,738,legacy12,0,no_refinement,755,data28-2,deepocsort,968,True
84.11463974927838,62.55422596603171,230,17,3,72.46929895916364,85.54846198491003,1,74.3801652892562,738,legacy12,0,partial_hungarian_u080,755,data28-2,deepocsort,968,True
84.11463974927838,62.55422596603171,230,17,3,72.46929895916364,85.54846198491003,1,74.3801652892562,738,legacy12,0,partial_hungarian_u100,755,data28-2,deepocsort,968,True
84.11463974927838,62.55422596603171,230,17,3,72.46929895916364,85.54846198491003,1,74.3801652892562,738,legacy12,0,regr_final,755,data28-2,deepocsort,968,True
84.11463974927838,62.55422596603171,230,17,3,72.46929895916364,85.54846198491003,1,74.3801652892562,738,legacy12,0,regr_final_motion_always,755,data28-2,deepocsort,968,True
84.11463974927838,62.55422596603171,230,17,3,72.46929895916364,85.54846198491003,1,74.3801652892562,738,legacy12,0,regr_final_no_gap,755,data28-2,deepocsort,968,True
84.11463974927838,62.55422596603171,230,17,3,72.46929895916364,85.54846198491003,1,74.3801652892562,738,legacy12,0,regr_final_no_motion,755,data28-2,deepocsort,968,True
84.11463974927838,62.55422596603171,230,17,3,72.46929895916364,85.54846198491003,1,74.3801652892562,738,legacy12,0,regr_final_no_reciprocal,755,data28-2,deepocsort,968,True
84.11463974927838,62.55422596603171,230,17,3,72.46929895916364,85.54846198491003,1,74.3801652892562,738,legacy12,0,regr_t,755,data28-2,deepocsort,968,True
84.11463974927838,62.55422596603171,230,17,3,72.46929895916364,85.54846198491003,1,74.3801652892562,738,legacy12,0,regr_tg_old,755,data28-2,deepocsort,968,True
84.11463974927838,62.55422596603171,230,17,3,72.46929895916364,85.54846198491003,1,74.3801652892562,738,legacy12,0,s2_h_cond_w3_endpoint_c50_r100,755,data28-2,deepocsort,968,True
45.24127668458841,51.06861931365986,373,6,26,47.982654266881866,61.44040790312301,29,57.85123966942148,595,legacy12,0,geometry_greedy,601,data28-2,ocsort,968,True
48.72901214779423,51.06861931365986,373,6,26,49.80553347857642,63.224984066284264,15,59.29752066115702,595,legacy12,0,geometry_reid_greedy,601,data28-2,ocsort,968,True
42.86336202085554,51.06861931365986,373,6,26,46.71182432773319,59.145952836201396,49,55.78512396694215,595,legacy12,0,no_refinement,601,data28-2,ocsort,968,True
48.51925685568451,51.06861931365986,373,6,26,49.69733293378866,63.09751434034416,16,59.19421487603306,595,legacy12,0,partial_hungarian_u080,601,data28-2,ocsort,968,True
48.51925685568451,51.06861931365986,373,6,26,49.69733293378866,63.09751434034416,16,59.19421487603306,595,legacy12,0,partial_hungarian_u100,601,data28-2,ocsort,968,True
48.72901214779423,51.06861931365986,373,6,26,49.80553347857642,63.224984066284264,15,59.29752066115702,595,legacy12,0,regr_final,601,data28-2,ocsort,968,True
48.72901214779423,51.06861931365986,373,6,26,49.80553347857642,63.224984066284264,15,59.29752066115702,595,legacy12,0,regr_final_motion_always,601,data28-2,ocsort,968,True
48.72901214779423,51.06861931365986,373,6,26,49.80553347857642,63.224984066284264,15,59.29752066115702,595,legacy12,0,regr_final_no_gap,601,data28-2,ocsort,968,True
48.72901214779423,51.06861931365986,373,6,26,49.80553347857642,63.224984066284264,15,59.29752066115702,595,legacy12,0,regr_final_no_motion,601,data28-2,ocsort,968,True
48.72901214779423,51.06861931365986,373,6,26,49.80553347857642,63.224984066284264,15,59.29752066115702,595,legacy12,0,regr_final_no_reciprocal,601,data28-2,ocsort,968,True
48.72901214779423,51.06861931365986,373,6,26,49.80553347857642,63.224984066284264,15,59.29752066115702,595,legacy12,0,regr_t,601,data28-2,ocsort,968,True
48.72901214779423,51.06861931365986,373,6,26,49.80553347857642,63.224984066284264,15,59.29752066115702,595,legacy12,0,regr_tg_old,601,data28-2,ocsort,968,True
48.72901214779423,51.06861931365986,373,6,26,49.80553347857642,63.224984066284264,15,59.29752066115702,595,legacy12,0,s2_h_cond_w3_endpoint_c50_r100,601,data28-2,ocsort,968,True
22.807017543859647,0.454766549684357,301,44,0,3.0916880190087963,1.146131805157593,0,-13.861386138613863,2,legacy12,0,geometry_greedy,46,data28-3,bytetrack,303,True
22.807017543859647,0.454766549684357,301,44,0,3.0916880190087963,1.146131805157593,0,-13.861386138613863,2,legacy12,0,geometry_reid_greedy,46,data28-3,bytetrack,303,True
22.807017543859647,0.454766549684357,301,44,0,3.0916880190087963,1.146131805157593,0,-13.861386138613863,2,legacy12,0,no_refinement,46,data28-3,bytetrack,303,True
22.807017543859647,0.454766549684357,301,44,0,3.0916880190087963,1.146131805157593,0,-13.861386138613863,2,legacy12,0,partial_hungarian_u080,46,data28-3,bytetrack,303,True
22.807017543859647,0.454766549684357,301,44,0,3.0916880190087963,1.146131805157593,0,-13.861386138613863,2,legacy12,0,partial_hungarian_u100,46,data28-3,bytetrack,303,True
22.807017543859647,0.454766549684357,301,44,0,3.0916880190087963,1.146131805157593,0,-13.861386138613863,2,legacy12,0,regr_final,46,data28-3,bytetrack,303,True
22.807017543859647,0.454766549684357,301,44,0,3.0916880190087963,1.146131805157593,0,-13.861386138613863,2,legacy12,0,regr_final_motion_always,46,data28-3,bytetrack,303,True
22.807017543859647,0.454766549684357,301,44,0,3.0916880190087963,1.146131805157593,0,-13.861386138613863,2,legacy12,0,regr_final_no_gap,46,data28-3,bytetrack,303,True
22.807017543859647,0.454766549684357,301,44,0,3.0916880190087963,1.146131805157593,0,-13.861386138613863,2,legacy12,0,regr_final_no_motion,46,data28-3,bytetrack,303,True
22.807017543859647,0.454766549684357,301,44,0,3.0916880190087963,1.146131805157593,0,-13.861386138613863,2,legacy12,0,regr_final_no_reciprocal,46,data28-3,bytetrack,303,True
22.807017543859647,0.454766549684357,301,44,0,3.0916880190087963,1.146131805157593,0,-13.861386138613863,2,legacy12,0,regr_t,46,data28-3,bytetrack,303,True
22.807017543859647,0.454766549684357,301,44,0,3.0916880190087963,1.146131805157593,0,-13.861386138613863,2,legacy12,0,regr_tg_old,46,data28-3,bytetrack,303,True
22.807017543859647,0.454766549684357,301,44,0,3.0916880190087963,1.146131805157593,0,-13.861386138613863,2,legacy12,0,s2_h_cond_w3_endpoint_c50_r100,46,data28-3,bytetrack,303,True
25.657894736842103,1.1992005329780149,299,13,0,5.546977649451533,1.25,2,-3.6303630363036308,4,legacy12,0,geometry_greedy,17,data28-3,deepocsort,303,True
25.657894736842103,1.1992005329780149,299,13,0,5.546977649451533,1.25,2,-3.6303630363036308,4,legacy12,0,geometry_reid_greedy,17,data28-3,deepocsort,303,True
25.657894736842103,1.1992005329780149,299,13,0,5.546977649451533,1.25,2,-3.6303630363036308,4,legacy12,0,no_refinement,17,data28-3,deepocsort,303,True
25.657894736842103,1.1992005329780149,299,13,0,5.546977649451533,1.25,2,-3.6303630363036308,4,legacy12,0,partial_hungarian_u080,17,data28-3,deepocsort,303,True
25.657894736842103,1.1992005329780149,299,13,0,5.546977649451533,1.25,2,-3.6303630363036308,4,legacy12,0,partial_hungarian_u100,17,data28-3,deepocsort,303,True
25.657894736842103,1.1992005329780149,299,13,0,5.546977649451533,1.25,2,-3.6303630363036308,4,legacy12,0,regr_final,17,data28-3,deepocsort,303,True
25.657894736842103,1.1992005329780149,299,13,0,5.546977649451533,1.25,2,-3.6303630363036308,4,legacy12,0,regr_final_motion_always,17,data28-3,deepocsort,303,True
25.657894736842103,1.1992005329780149,299,13,0,5.546977649451533,1.25,2,-3.6303630363036308,4,legacy12,0,regr_final_no_gap,17,data28-3,deepocsort,303,True
25.657894736842103,1.1992005329780149,299,13,0,5.546977649451533,1.25,2,-3.6303630363036308,4,legacy12,0,regr_final_no_motion,17,data28-3,deepocsort,303,True
25.657894736842103,1.1992005329780149,299,13,0,5.546977649451533,1.25,2,-3.6303630363036308,4,legacy12,0,regr_final_no_reciprocal,17,data28-3,deepocsort,303,True
25.657894736842103,1.1992005329780149,299,13,0,5.546977649451533,1.25,2,-3.6303630363036308,4,legacy12,0,regr_t,17,data28-3,deepocsort,303,True
25.657894736842103,1.1992005329780149,299,13,0,5.546977649451533,1.25,2,-3.6303630363036308,4,legacy12,0,regr_tg_old,17,data28-3,deepocsort,303,True
25.657894736842103,1.1992005329780149,299,13,0,5.546977649451533,1.25,2,-3.6303630363036308,4,legacy12,0,s2_h_cond_w3_endpoint_c50_r100,17,data28-3,deepocsort,303,True
22.697368421052634,1.3744914154621057,298,30,0,5.572166052997259,1.183431952662722,3,-9.24092409240924,5,legacy12,0,geometry_greedy,35,data28-3,ocsort,303,True
22.697368421052634,1.3744914154621057,298,30,0,5.572166052997259,1.183431952662722,3,-9.24092409240924,5,legacy12,0,geometry_reid_greedy,35,data28-3,ocsort,303,True
22.697368421052634,1.3744914154621057,298,30,0,5.572166052997259,1.183431952662722,3,-9.24092409240924,5,legacy12,0,no_refinement,35,data28-3,ocsort,303,True
22.697368421052634,1.3744914154621057,298,30,0,5.572166052997259,1.183431952662722,3,-9.24092409240924,5,legacy12,0,partial_hungarian_u080,35,data28-3,ocsort,303,True
22.697368421052634,1.3744914154621057,298,30,0,5.572166052997259,1.183431952662722,3,-9.24092409240924,5,legacy12,0,partial_hungarian_u100,35,data28-3,ocsort,303,True
22.697368421052634,1.3744914154621057,298,30,0,5.572166052997259,1.183431952662722,3,-9.24092409240924,5,legacy12,0,regr_final,35,data28-3,ocsort,303,True
22.697368421052634,1.3744914154621057,298,30,0,5.572166052997259,1.183431952662722,3,-9.24092409240924,5,legacy12,0,regr_final_motion_always,35,data28-3,ocsort,303,True
22.697368421052634,1.3744914154621057,298,30,0,5.572166052997259,1.183431952662722,3,-9.24092409240924,5,legacy12,0,regr_final_no_gap,35,data28-3,ocsort,303,True
22.697368421052634,1.3744914154621057,298,30,0,5.572166052997259,1.183431952662722,3,-9.24092409240924,5,legacy12,0,regr_final_no_motion,35,data28-3,ocsort,303,True
22.697368421052634,1.3744914154621057,298,30,0,5.572166052997259,1.183431952662722,3,-9.24092409240924,5,legacy12,0,regr_final_no_reciprocal,35,data28-3,ocsort,303,True
22.697368421052634,1.3744914154621057,298,30,0,5.572166052997259,1.183431952662722,3,-9.24092409240924,5,legacy12,0,regr_t,35,data28-3,ocsort,303,True
22.697368421052634,1.3744914154621057,298,30,0,5.572166052997259,1.183431952662722,3,-9.24092409240924,5,legacy12,0,regr_tg_old,35,data28-3,ocsort,303,True
22.697368421052634,1.3744914154621057,298,30,0,5.572166052997259,1.183431952662722,3,-9.24092409240924,5,legacy12,0,s2_h_cond_w3_endpoint_c50_r100,35,data28-3,ocsort,303,True
26.879699248120303,2.4566300308713167,224,0,0,7.872077779297257,4.201680672268908,2,2.1645021645021645,7,legacy12,0,geometry_greedy,7,data28-4,bytetrack,231,True
26.879699248120303,2.4566300308713167,224,0,0,7.872077779297257,4.201680672268908,2,2.1645021645021645,7,legacy12,0,geometry_reid_greedy,7,data28-4,bytetrack,231,True
26.879699248120303,2.4566300308713167,224,0,0,7.872077779297257,4.201680672268908,2,2.1645021645021645,7,legacy12,0,no_refinement,7,data28-4,bytetrack,231,True
26.879699248120303,2.4566300308713167,224,0,0,7.872077779297257,4.201680672268908,2,2.1645021645021645,7,legacy12,0,partial_hungarian_u080,7,data28-4,bytetrack,231,True
26.879699248120303,2.4566300308713167,224,0,0,7.872077779297257,4.201680672268908,2,2.1645021645021645,7,legacy12,0,partial_hungarian_u100,7,data28-4,bytetrack,231,True
26.879699248120303,2.4566300308713167,224,0,0,7.872077779297257,4.201680672268908,2,2.1645021645021645,7,legacy12,0,regr_final,7,data28-4,bytetrack,231,True
26.879699248120303,2.4566300308713167,224,0,0,7.872077779297257,4.201680672268908,2,2.1645021645021645,7,legacy12,0,regr_final_motion_always,7,data28-4,bytetrack,231,True
26.879699248120303,2.4566300308713167,224,0,0,7.872077779297257,4.201680672268908,2,2.1645021645021645,7,legacy12,0,regr_final_no_gap,7,data28-4,bytetrack,231,True
26.879699248120303,2.4566300308713167,224,0,0,7.872077779297257,4.201680672268908,2,2.1645021645021645,7,legacy12,0,regr_final_no_motion,7,data28-4,bytetrack,231,True
26.879699248120303,2.4566300308713167,224,0,0,7.872077779297257,4.201680672268908,2,2.1645021645021645,7,legacy12,0,regr_final_no_reciprocal,7,data28-4,bytetrack,231,True
26.879699248120303,2.4566300308713167,224,0,0,7.872077779297257,4.201680672268908,2,2.1645021645021645,7,legacy12,0,regr_t,7,data28-4,bytetrack,231,True
26.879699248120303,2.4566300308713167,224,0,0,7.872077779297257,4.201680672268908,2,2.1645021645021645,7,legacy12,0,regr_tg_old,7,data28-4,bytetrack,231,True
26.879699248120303,2.4566300308713167,224,0,0,7.872077779297257,4.201680672268908,2,2.1645021645021645,7,legacy12,0,s2_h_cond_w3_endpoint_c50_r100,7,data28-4,bytetrack,231,True
14.369512872043233,5.4854086597775495,216,0,1,8.736787364802243,4.878048780487805,9,2.5974025974025974,15,legacy12,0,geometry_greedy,15,data28-4,deepocsort,231,True
14.369512872043233,5.4854086597775495,216,0,1,8.736787364802243,4.878048780487805,9,2.5974025974025974,15,legacy12,0,geometry_reid_greedy,15,data28-4,deepocsort,231,True
14.369512872043233,5.4854086597775495,216,0,1,8.736787364802243,4.878048780487805,9,2.5974025974025974,15,legacy12,0,no_refinement,15,data28-4,deepocsort,231,True
14.369512872043233,5.4854086597775495,216,0,1,8.736787364802243,4.878048780487805,9,2.5974025974025974,15,legacy12,0,partial_hungarian_u080,15,data28-4,deepocsort,231,True
14.369512872043233,5.4854086597775495,216,0,1,8.736787364802243,4.878048780487805,9,2.5974025974025974,15,legacy12,0,partial_hungarian_u100,15,data28-4,deepocsort,231,True
14.369512872043233,5.4854086597775495,216,0,1,8.736787364802243,4.878048780487805,9,2.5974025974025974,15,legacy12,0,regr_final,15,data28-4,deepocsort,231,True
14.369512872043233,5.4854086597775495,216,0,1,8.736787364802243,4.878048780487805,9,2.5974025974025974,15,legacy12,0,regr_final_motion_always,15,data28-4,deepocsort,231,True
14.369512872043233,5.4854086597775495,216,0,1,8.736787364802243,4.878048780487805,9,2.5974025974025974,15,legacy12,0,regr_final_no_gap,15,data28-4,deepocsort,231,True
14.369512872043233,5.4854086597775495,216,0,1,8.736787364802243,4.878048780487805,9,2.5974025974025974,15,legacy12,0,regr_final_no_motion,15,data28-4,deepocsort,231,True
14.369512872043233,5.4854086597775495,216,0,1,8.736787364802243,4.878048780487805,9,2.5974025974025974,15,legacy12,0,regr_final_no_reciprocal,15,data28-4,deepocsort,231,True
14.369512872043233,5.4854086597775495,216,0,1,8.736787364802243,4.878048780487805,9,2.5974025974025974,15,legacy12,0,regr_t,15,data28-4,deepocsort,231,True
14.369512872043233,5.4854086597775495,216,0,1,8.736787364802243,4.878048780487805,9,2.5974025974025974,15,legacy12,0,regr_tg_old,15,data28-4,deepocsort,231,True
14.369512872043233,5.4854086597775495,216,0,1,8.736787364802243,4.878048780487805,9,2.5974025974025974,15,legacy12,0,s2_h_cond_w3_endpoint_c50_r100,15,data28-4,deepocsort,231,True
13.123718386876279,1.6553999647555648,227,1,0,4.643489632279759,1.694915254237288,2,0.4329004329004329,4,legacy12,0,geometry_greedy,5,data28-4,ocsort,231,True
13.123718386876279,1.6553999647555648,227,1,0,4.643489632279759,1.694915254237288,2,0.4329004329004329,4,legacy12,0,geometry_reid_greedy,5,data28-4,ocsort,231,True
13.123718386876279,1.6553999647555648,227,1,0,4.643489632279759,1.694915254237288,2,0.4329004329004329,4,legacy12,0,no_refinement,5,data28-4,ocsort,231,True
13.123718386876279,1.6553999647555648,227,1,0,4.643489632279759,1.694915254237288,2,0.4329004329004329,4,legacy12,0,partial_hungarian_u080,5,data28-4,ocsort,231,True
13.123718386876279,1.6553999647555648,227,1,0,4.643489632279759,1.694915254237288,2,0.4329004329004329,4,legacy12,0,partial_hungarian_u100,5,data28-4,ocsort,231,True
13.123718386876279,1.6553999647555648,227,1,0,4.643489632279759,1.694915254237288,2,0.4329004329004329,4,legacy12,0,regr_final,5,data28-4,ocsort,231,True
13.123718386876279,1.6553999647555648,227,1,0,4.643489632279759,1.694915254237288,2,0.4329004329004329,4,legacy12,0,regr_final_motion_always,5,data28-4,ocsort,231,True
13.123718386876279,1.6553999647555648,227,1,0,4.643489632279759,1.694915254237288,2,0.4329004329004329,4,legacy12,0,regr_final_no_gap,5,data28-4,ocsort,231,True
13.123718386876279,1.6553999647555648,227,1,0,4.643489632279759,1.694915254237288,2,0.4329004329004329,4,legacy12,0,regr_final_no_motion,5,data28-4,ocsort,231,True
13.123718386876279,1.6553999647555648,227,1,0,4.643489632279759,1.694915254237288,2,0.4329004329004329,4,legacy12,0,regr_final_no_reciprocal,5,data28-4,ocsort,231,True
13.123718386876279,1.6553999647555648,227,1,0,4.643489632279759,1.694915254237288,2,0.4329004329004329,4,legacy12,0,regr_t,5,data28-4,ocsort,231,True
13.123718386876279,1.6553999647555648,227,1,0,4.643489632279759,1.694915254237288,2,0.4329004329004329,4,legacy12,0,regr_tg_old,5,data28-4,ocsort,231,True
13.123718386876279,1.6553999647555648,227,1,0,4.643489632279759,1.694915254237288,2,0.4329004329004329,4,legacy12,0,s2_h_cond_w3_endpoint_c50_r100,5,data28-4,ocsort,231,True
11.173032734913745,4.256406348411699,174,1,0,6.758545504181974,7.253886010362693,2,3.278688524590164,9,legacy12,0,geometry_greedy,10,data28-5,bytetrack,183,True
11.173032734913745,4.256406348411699,174,1,0,6.758545504181974,7.253886010362693,2,3.278688524590164,9,legacy12,0,geometry_reid_greedy,10,data28-5,bytetrack,183,True
11.173032734913745,4.256406348411699,174,1,0,6.758545504181974,7.253886010362693,2,3.278688524590164,9,legacy12,0,no_refinement,10,data28-5,bytetrack,183,True
11.173032734913745,4.256406348411699,174,1,0,6.758545504181974,7.253886010362693,2,3.278688524590164,9,legacy12,0,partial_hungarian_u080,10,data28-5,bytetrack,183,True
11.173032734913745,4.256406348411699,174,1,0,6.758545504181974,7.253886010362693,2,3.278688524590164,9,legacy12,0,partial_hungarian_u100,10,data28-5,bytetrack,183,True
11.173032734913745,4.256406348411699,174,1,0,6.758545504181974,7.253886010362693,2,3.278688524590164,9,legacy12,0,regr_final,10,data28-5,bytetrack,183,True
11.173032734913745,4.256406348411699,174,1,0,6.758545504181974,7.253886010362693,2,3.278688524590164,9,legacy12,0,regr_final_motion_always,10,data28-5,bytetrack,183,True
11.173032734913745,4.256406348411699,174,1,0,6.758545504181974,7.253886010362693,2,3.278688524590164,9,legacy12,0,regr_final_no_gap,10,data28-5,bytetrack,183,True
11.173032734913745,4.256406348411699,174,1,0,6.758545504181974,7.253886010362693,2,3.278688524590164,9,legacy12,0,regr_final_no_motion,10,data28-5,bytetrack,183,True
11.173032734913745,4.256406348411699,174,1,0,6.758545504181974,7.253886010362693,2,3.278688524590164,9,legacy12,0,regr_final_no_reciprocal,10,data28-5,bytetrack,183,True
11.173032734913745,4.256406348411699,174,1,0,6.758545504181974,7.253886010362693,2,3.278688524590164,9,legacy12,0,regr_t,10,data28-5,bytetrack,183,True
11.173032734913745,4.256406348411699,174,1,0,6.758545504181974,7.253886010362693,2,3.278688524590164,9,legacy12,0,regr_tg_old,10,data28-5,bytetrack,183,True
11.173032734913745,4.256406348411699,174,1,0,6.758545504181974,7.253886010362693,2,3.278688524590164,9,legacy12,0,s2_h_cond_w3_endpoint_c50_r100,10,data28-5,bytetrack,183,True
24.321125648348136,14.840838169495049,151,7,4,18.9137249412811,22.52252252252252,6,10.382513661202186,32,legacy12,0,geometry_greedy,39,data28-5,deepocsort,183,True
24.321125648348136,14.840838169495049,151,7,4,18.9137249412811,22.52252252252252,6,10.382513661202186,32,legacy12,0,geometry_reid_greedy,39,data28-5,deepocsort,183,True
19.897638723856513,14.840838169495049,151,7,4,17.10961703929363,17.117117117117118,12,7.103825136612022,32,legacy12,0,no_refinement,39,data28-5,deepocsort,183,True
24.321125648348136,14.840838169495049,151,7,4,18.9137249412811,22.52252252252252,6,10.382513661202186,32,legacy12,0,partial_hungarian_u080,39,data28-5,deepocsort,183,True
24.321125648348136,14.840838169495049,151,7,4,18.9137249412811,22.52252252252252,6,10.382513661202186,32,legacy12,0,partial_hungarian_u100,39,data28-5,deepocsort,183,True
24.321125648348136,14.840838169495049,151,7,4,18.9137249412811,22.52252252252252,6,10.382513661202186,32,legacy12,0,regr_final,39,data28-5,deepocsort,183,True
24.321125648348136,14.840838169495049,151,7,4,18.9137249412811,22.52252252252252,6,10.382513661202186,32,legacy12,0,regr_final_motion_always,39,data28-5,deepocsort,183,True
24.321125648348136,14.840838169495049,151,7,4,18.9137249412811,22.52252252252252,6,10.382513661202186,32,legacy12,0,regr_final_no_gap,39,data28-5,deepocsort,183,True
24.321125648348136,14.840838169495049,151,7,4,18.9137249412811,22.52252252252252,6,10.382513661202186,32,legacy12,0,regr_final_no_motion,39,data28-5,deepocsort,183,True
24.321125648348136,14.840838169495049,151,7,4,18.9137249412811,22.52252252252252,6,10.382513661202186,32,legacy12,0,regr_final_no_reciprocal,39,data28-5,deepocsort,183,True
24.321125648348136,14.840838169495049,151,7,4,18.9137249412811,22.52252252252252,6,10.382513661202186,32,legacy12,0,regr_t,39,data28-5,deepocsort,183,True
24.321125648348136,14.840838169495049,151,7,4,18.9137249412811,22.52252252252252,6,10.382513661202186,32,legacy12,0,regr_tg_old,39,data28-5,deepocsort,183,True
24.321125648348136,14.840838169495049,151,7,4,18.9137249412811,22.52252252252252,6,10.382513661202186,32,legacy12,0,s2_h_cond_w3_endpoint_c50_r100,39,data28-5,deepocsort,183,True
21.133105641801777,9.070715083786919,163,1,0,13.814232477913018,14.705882352941178,5,7.650273224043716,20,legacy12,0,geometry_greedy,21,data28-5,ocsort,183,True
21.133105641801777,9.070715083786919,163,1,0,13.814232477913018,14.705882352941178,5,7.650273224043716,20,legacy12,0,geometry_reid_greedy,21,data28-5,ocsort,183,True
13.419483192403392,9.070715083786919,163,1,0,10.938953468167652,7.8431372549019605,12,3.825136612021858,20,legacy12,0,no_refinement,21,data28-5,ocsort,183,True
21.133105641801777,9.070715083786919,163,1,0,13.814232477913018,14.705882352941178,5,7.650273224043716,20,legacy12,0,partial_hungarian_u080,21,data28-5,ocsort,183,True
21.133105641801777,9.070715083786919,163,1,0,13.814232477913018,14.705882352941178,5,7.650273224043716,20,legacy12,0,partial_hungarian_u100,21,data28-5,ocsort,183,True
21.133105641801777,9.070715083786919,163,1,0,13.814232477913018,14.705882352941178,5,7.650273224043716,20,legacy12,0,regr_final,21,data28-5,ocsort,183,True
21.133105641801777,9.070715083786919,163,1,0,13.814232477913018,14.705882352941178,5,7.650273224043716,20,legacy12,0,regr_final_motion_always,21,data28-5,ocsort,183,True
21.133105641801777,9.070715083786919,163,1,0,13.814232477913018,14.705882352941178,5,7.650273224043716,20,legacy12,0,regr_final_no_gap,21,data28-5,ocsort,183,True
21.133105641801777,9.070715083786919,163,1,0,13.814232477913018,14.705882352941178,5,7.650273224043716,20,legacy12,0,regr_final_no_motion,21,data28-5,ocsort,183,True
21.133105641801777,9.070715083786919,163,1,0,13.814232477913018,14.705882352941178,5,7.650273224043716,20,legacy12,0,regr_final_no_reciprocal,21,data28-5,ocsort,183,True
21.133105641801777,9.070715083786919,163,1,0,13.814232477913018,14.705882352941178,5,7.650273224043716,20,legacy12,0,regr_t,21,data28-5,ocsort,183,True
21.133105641801777,9.070715083786919,163,1,0,13.814232477913018,14.705882352941178,5,7.650273224043716,20,legacy12,0,regr_tg_old,21,data28-5,ocsort,183,True
21.133105641801777,9.070715083786919,163,1,0,13.814232477913018,14.705882352941178,5,7.650273224043716,20,legacy12,0,s2_h_cond_w3_endpoint_c50_r100,21,data28-5,ocsort,183,True
7.781144354404755,1.6587791510340886,237,108,0,3.5541381917311052,2.785515320334262,1,-41.80327868852459,7,legacy12,0,geometry_greedy,115,data28-6,bytetrack,244,True
7.781144354404755,1.6587791510340886,237,108,0,3.5541381917311052,2.785515320334262,1,-41.80327868852459,7,legacy12,0,geometry_reid_greedy,115,data28-6,bytetrack,244,True
7.879013074143169,1.6587791510340886,237,108,0,3.5800621230816447,2.785515320334262,1,-41.80327868852459,7,legacy12,0,no_refinement,115,data28-6,bytetrack,244,True
7.781144354404755,1.6587791510340886,237,108,0,3.5541381917311052,2.785515320334262,1,-41.80327868852459,7,legacy12,0,partial_hungarian_u080,115,data28-6,bytetrack,244,True
7.781144354404755,1.6587791510340886,237,108,0,3.5541381917311052,2.785515320334262,1,-41.80327868852459,7,legacy12,0,partial_hungarian_u100,115,data28-6,bytetrack,244,True
7.879013074143169,1.6587791510340886,237,108,0,3.5800621230816447,2.785515320334262,1,-41.80327868852459,7,legacy12,0,regr_final,115,data28-6,bytetrack,244,True
7.879013074143169,1.6587791510340886,237,108,0,3.5800621230816447,2.785515320334262,1,-41.80327868852459,7,legacy12,0,regr_final_motion_always,115,data28-6,bytetrack,244,True
7.879013074143169,1.6587791510340886,237,108,0,3.5800621230816447,2.785515320334262,1,-41.80327868852459,7,legacy12,0,regr_final_no_gap,115,data28-6,bytetrack,244,True
7.781144354404755,1.6587791510340886,237,108,0,3.5541381917311052,2.785515320334262,1,-41.80327868852459,7,legacy12,0,regr_final_no_motion,115,data28-6,bytetrack,244,True
7.879013074143169,1.6587791510340886,237,108,0,3.5800621230816447,2.785515320334262,1,-41.80327868852459,7,legacy12,0,regr_final_no_reciprocal,115,data28-6,bytetrack,244,True
7.781144354404755,1.6587791510340886,237,108,0,3.5541381917311052,2.785515320334262,1,-41.80327868852459,7,legacy12,0,regr_t,115,data28-6,bytetrack,244,True
7.879013074143169,1.6587791510340886,237,108,0,3.5800621230816447,2.785515320334262,1,-41.80327868852459,7,legacy12,0,regr_tg_old,115,data28-6,bytetrack,244,True
7.879013074143169,1.6587791510340886,237,108,0,3.5800621230816447,2.785515320334262,1,-41.80327868852459,7,legacy12,0,s2_h_cond_w3_endpoint_c50_r100,115,data28-6,bytetrack,244,True
0.0,0.0,244,34,0,0.0,0.0,0,-13.934426229508196,0,legacy12,0,geometry_greedy,34,data28-6,deepocsort,244,True
0.0,0.0,244,34,0,0.0,0.0,0,-13.934426229508196,0,legacy12,0,geometry_reid_greedy,34,data28-6,deepocsort,244,True
0.0,0.0,244,34,0,0.0,0.0,0,-13.934426229508196,0,legacy12,0,no_refinement,34,data28-6,deepocsort,244,True
0.0,0.0,244,34,0,0.0,0.0,0,-13.934426229508196,0,legacy12,0,partial_hungarian_u080,34,data28-6,deepocsort,244,True
0.0,0.0,244,34,0,0.0,0.0,0,-13.934426229508196,0,legacy12,0,partial_hungarian_u100,34,data28-6,deepocsort,244,True
0.0,0.0,244,34,0,0.0,0.0,0,-13.934426229508196,0,legacy12,0,regr_final,34,data28-6,deepocsort,244,True
0.0,0.0,244,34,0,0.0,0.0,0,-13.934426229508196,0,legacy12,0,regr_final_motion_always,34,data28-6,deepocsort,244,True
0.0,0.0,244,34,0,0.0,0.0,0,-13.934426229508196,0,legacy12,0,regr_final_no_gap,34,data28-6,deepocsort,244,True
0.0,0.0,244,34,0,0.0,0.0,0,-13.934426229508196,0,legacy12,0,regr_final_no_motion,34,data28-6,deepocsort,244,True
0.0,0.0,244,34,0,0.0,0.0,0,-13.934426229508196,0,legacy12,0,regr_final_no_reciprocal,34,data28-6,deepocsort,244,True
0.0,0.0,244,34,0,0.0,0.0,0,-13.934426229508196,0,legacy12,0,regr_t,34,data28-6,deepocsort,244,True
0.0,0.0,244,34,0,0.0,0.0,0,-13.934426229508196,0,legacy12,0,regr_tg_old,34,data28-6,deepocsort,244,True
0.0,0.0,244,34,0,0.0,0.0,0,-13.934426229508196,0,legacy12,0,s2_h_cond_w3_endpoint_c50_r100,34,data28-6,deepocsort,244,True
61.9047619047619,2.2370672189455676,236,90,0,11.766755035738349,4.678362573099415,0,-33.60655737704918,8,legacy12,0,geometry_greedy,98,data28-6,ocsort,244,True
61.9047619047619,2.2370672189455676,236,90,0,11.766755035738349,4.678362573099415,0,-33.60655737704918,8,legacy12,0,geometry_reid_greedy,98,data28-6,ocsort,244,True
61.9047619047619,2.2370672189455676,236,90,0,11.766755035738349,4.678362573099415,0,-33.60655737704918,8,legacy12,0,no_refinement,98,data28-6,ocsort,244,True
61.9047619047619,2.2370672189455676,236,90,0,11.766755035738349,4.678362573099415,0,-33.60655737704918,8,legacy12,0,partial_hungarian_u080,98,data28-6,ocsort,244,True
61.9047619047619,2.2370672189455676,236,90,0,11.766755035738349,4.678362573099415,0,-33.60655737704918,8,legacy12,0,partial_hungarian_u100,98,data28-6,ocsort,244,True
61.9047619047619,2.2370672189455676,236,90,0,11.766755035738349,4.678362573099415,0,-33.60655737704918,8,legacy12,0,regr_final,98,data28-6,ocsort,244,True
61.9047619047619,2.2370672189455676,236,90,0,11.766755035738349,4.678362573099415,0,-33.60655737704918,8,legacy12,0,regr_final_motion_always,98,data28-6,ocsort,244,True
61.9047619047619,2.2370672189455676,236,90,0,11.766755035738349,4.678362573099415,0,-33.60655737704918,8,legacy12,0,regr_final_no_gap,98,data28-6,ocsort,244,True
61.9047619047619,2.2370672189455676,236,90,0,11.766755035738349,4.678362573099415,0,-33.60655737704918,8,legacy12,0,regr_final_no_motion,98,data28-6,ocsort,244,True
61.9047619047619,2.2370672189455676,236,90,0,11.766755035738349,4.678362573099415,0,-33.60655737704918,8,legacy12,0,regr_final_no_reciprocal,98,data28-6,ocsort,244,True
61.9047619047619,2.2370672189455676,236,90,0,11.766755035738349,4.678362573099415,0,-33.60655737704918,8,legacy12,0,regr_t,98,data28-6,ocsort,244,True
61.9047619047619,2.2370672189455676,236,90,0,11.766755035738349,4.678362573099415,0,-33.60655737704918,8,legacy12,0,regr_tg_old,98,data28-6,ocsort,244,True
61.9047619047619,2.2370672189455676,236,90,0,11.766755035738349,4.678362573099415,0,-33.60655737704918,8,legacy12,0,s2_h_cond_w3_endpoint_c50_r100,98,data28-6,ocsort,244,True
69.42240247133007,38.81907349873535,3626,242,139,51.88304815929822,59.98539612997445,129,44.25383542538354,3544,legacy12,0,geometry_greedy,3786,data30-10,bytetrack,7170,True
69.42442760653265,38.853351101705584,3626,242,139,51.906735789040845,60.1679445052939,119,44.39330543933055,3544,legacy12,0,geometry_reid_greedy,3786,data30-10,bytetrack,7170,True
69.23114193015621,38.83900473232031,3626,242,139,51.82253596745041,59.36473165388828,160,43.82147838214784,3544,legacy12,0,no_refinement,3786,data30-10,bytetrack,7170,True
69.08771855205478,38.853351101705584,3626,242,139,51.7790288510453,59.784592917123035,123,44.33751743375174,3544,legacy12,0,partial_hungarian_u080,3786,data30-10,bytetrack,7170,True
69.08771855205478,38.853351101705584,3626,242,139,51.7790288510453,59.784592917123035,123,44.33751743375174,3544,legacy12,0,partial_hungarian_u100,3786,data30-10,bytetrack,7170,True
69.43469817254545,38.853351101705584,3626,242,139,51.91062656029358,60.1679445052939,119,44.39330543933055,3544,legacy12,0,regr_final,3786,data30-10,bytetrack,7170,True
69.65256765213053,38.83900473232031,3626,242,139,51.98228897889934,60.1679445052939,119,44.39330543933055,3544,legacy12,0,regr_final_motion_always,3786,data30-10,bytetrack,7170,True
69.42442760653265,38.853351101705584,3626,242,139,51.906735789040845,60.1679445052939,119,44.39330543933055,3544,legacy12,0,regr_final_no_gap,3786,data30-10,bytetrack,7170,True
69.43469817254545,38.853351101705584,3626,242,139,51.91062656029358,60.1679445052939,119,44.39330543933055,3544,legacy12,0,regr_final_no_motion,3786,data30-10,bytetrack,7170,True
69.42442760653265,38.853351101705584,3626,242,139,51.906735789040845,60.1679445052939,119,44.39330543933055,3544,legacy12,0,regr_final_no_reciprocal,3786,data30-10,bytetrack,7170,True
69.43469817254545,38.853351101705584,3626,242,139,51.91062656029358,60.1679445052939,119,44.39330543933055,3544,legacy12,0,regr_t,3786,data30-10,bytetrack,7170,True
69.43469817254545,38.853351101705584,3626,242,139,51.91062656029358,60.1679445052939,119,44.39330543933055,3544,legacy12,0,regr_tg_old,3786,data30-10,bytetrack,7170,True
69.07804660645678,38.853351101705584,3626,242,139,51.77536263265542,59.784592917123035,123,44.33751743375174,3544,legacy12,0,s2_h_cond_w3_endpoint_c50_r100,3786,data30-10,bytetrack,7170,True
80.67691620407001,49.7484625360987,2854,246,119,62.99743510090025,72.28094101602454,12,56.59693165969316,4316,legacy12,0,geometry_greedy,4562,data30-10,deepocsort,7170,True
80.75559166534563,49.7484625360987,2854,246,119,63.029364289191584,72.3491305830208,11,56.610878661087874,4316,legacy12,0,geometry_reid_greedy,4562,data30-10,deepocsort,7170,True
80.73705336117548,49.7484625360987,2854,246,119,63.01979712615303,72.45141493351517,22,56.457461645746164,4316,legacy12,0,no_refinement,4562,data30-10,deepocsort,7170,True
80.73132679347864,49.7484625360987,2854,246,119,63.01918724844725,72.33208319127174,11,56.610878661087874,4316,legacy12,0,partial_hungarian_u080,4562,data30-10,deepocsort,7170,True
80.73132679347864,49.7484625360987,2854,246,119,63.01918724844725,72.33208319127174,11,56.610878661087874,4316,legacy12,0,partial_hungarian_u100,4562,data30-10,deepocsort,7170,True
80.75559166534563,49.7484625360987,2854,246,119,63.029364289191584,72.3491305830208,11,56.610878661087874,4316,legacy12,0,regr_final,4562,data30-10,deepocsort,7170,True
80.75559166534563,49.7484625360987,2854,246,119,63.029364289191584,72.3491305830208,11,56.610878661087874,4316,legacy12,0,regr_final_motion_always,4562,data30-10,deepocsort,7170,True
80.75559166534563,49.7484625360987,2854,246,119,63.029364289191584,72.3491305830208,11,56.610878661087874,4316,legacy12,0,regr_final_no_gap,4562,data30-10,deepocsort,7170,True
80.75559166534563,49.7484625360987,2854,246,119,63.029364289191584,72.3491305830208,11,56.610878661087874,4316,legacy12,0,regr_final_no_motion,4562,data30-10,deepocsort,7170,True
80.75559166534563,49.7484625360987,2854,246,119,63.029364289191584,72.3491305830208,11,56.610878661087874,4316,legacy12,0,regr_final_no_reciprocal,4562,data30-10,deepocsort,7170,True
80.75559166534563,49.7484625360987,2854,246,119,63.029364289191584,72.3491305830208,11,56.610878661087874,4316,legacy12,0,regr_t,4562,data30-10,deepocsort,7170,True
80.78630709864262,49.7484625360987,2854,246,119,63.04120809574955,72.36617797476987,11,56.610878661087874,4316,legacy12,0,regr_tg_old,4562,data30-10,deepocsort,7170,True
80.75559166534563,49.7484625360987,2854,246,119,63.029364289191584,72.3491305830208,11,56.610878661087874,4316,legacy12,0,s2_h_cond_w3_endpoint_c50_r100,4562,data30-10,deepocsort,7170,True
78.08503026701695,38.74103590356848,3962,209,81,54.87107016628432,58.27902144139039,63,40.94839609483961,3208,legacy12,0,geometry_greedy,3417,data30-10,ocsort,7170,True
78.22548055287412,38.73398311432559,3962,209,81,54.91580760956178,58.41125909133843,55,41.05997210599721,3208,legacy12,0,geometry_reid_greedy,3417,data30-10,ocsort,7170,True
77.8775592286542,38.74103590356848,3962,209,81,54.79544119701424,57.08888259185794,127,40.055788005578805,3208,legacy12,0,no_refinement,3417,data30-10,ocsort,7170,True
78.22405068172084,38.73398311432559,3962,209,81,54.915426481379285,58.41125909133843,54,41.07391910739191,3208,legacy12,0,partial_hungarian_u080,3417,data30-10,ocsort,7170,True
78.22405068172084,38.73398311432559,3962,209,81,54.915426481379285,58.41125909133843,54,41.07391910739191,3208,legacy12,0,partial_hungarian_u100,3417,data30-10,ocsort,7170,True
78.22214047292651,38.73398311432559,3962,209,81,54.91484535756553,58.41125909133843,55,41.05997210599721,3208,legacy12,0,regr_final,3417,data30-10,ocsort,7170,True
78.35198129397962,38.73398311432559,3962,209,81,54.96083735174713,58.41125909133843,55,41.05997210599721,3208,legacy12,0,regr_final_motion_always,3417,data30-10,ocsort,7170,True
78.22548055287412,38.73398311432559,3962,209,81,54.91580760956178,58.41125909133843,55,41.05997210599721,3208,legacy12,0,regr_final_no_gap,3417,data30-10,ocsort,7170,True
78.22214047292651,38.73398311432559,3962,209,81,54.91484535756553,58.41125909133843,55,41.05997210599721,3208,legacy12,0,regr_final_no_motion,3417,data30-10,ocsort,7170,True
78.22214047292651,38.73398311432559,3962,209,81,54.91484535756553,58.41125909133843,55,41.05997210599721,3208,legacy12,0,regr_final_no_reciprocal,3417,data30-10,ocsort,7170,True
78.22214047292651,38.73398311432559,3962,209,81,54.91484535756553,58.41125909133843,55,41.05997210599721,3208,legacy12,0,regr_t,3417,data30-10,ocsort,7170,True
78.22214047292651,38.73398311432559,3962,209,81,54.91484535756553,58.41125909133843,55,41.05997210599721,3208,legacy12,0,regr_tg_old,3417,data30-10,ocsort,7170,True
78.220735897523,38.732957402380784,3962,209,81,54.913647340960246,58.392367998488716,55,41.05997210599721,3208,legacy12,0,s2_h_cond_w3_endpoint_c50_r100,3417,data30-10,ocsort,7170,True
43.21934008733662,33.4840467833336,2516,199,245,38.000562285438306,46.85577067387063,297,32.91759465478842,1974,legacy12,0,geometry_greedy,2173,data30-2,bytetrack,4490,True
43.6951347293655,33.49184453080649,2516,199,245,38.21369731975732,47.06588623743059,294,32.98440979955456,1974,legacy12,0,geometry_reid_greedy,2173,data30-2,bytetrack,4490,True
39.787727814965315,33.5835480283104,2516,199,245,36.507515902050834,42.41332733003152,404,30.534521158129174,1974,legacy12,0,no_refinement,2173,data30-2,bytetrack,4490,True
42.83717130993022,33.49184453080649,2516,199,245,37.83473959468269,45.83520936515083,349,31.759465478841868,1974,legacy12,0,partial_hungarian_u080,2173,data30-2,bytetrack,4490,True
42.83027406049684,33.49184453080649,2516,199,245,37.831646067121056,45.77517634699084,349,31.759465478841868,1974,legacy12,0,partial_hungarian_u100,2173,data30-2,bytetrack,4490,True
43.632619458075375,33.49184453080649,2516,199,245,38.18540465781748,46.975836710190606,292,33.02895322939866,1974,legacy12,0,regr_final,2173,data30-2,bytetrack,4490,True
43.92943189715076,33.49184453080649,2516,199,245,38.316118021925796,47.06588623743059,293,33.00668151447662,1974,legacy12,0,regr_final_motion_always,2173,data30-2,bytetrack,4490,True
43.6951347293655,33.49184453080649,2516,199,245,38.21369731975732,47.06588623743059,294,32.98440979955456,1974,legacy12,0,regr_final_no_gap,2173,data30-2,bytetrack,4490,True
43.632619458075375,33.49184453080649,2516,199,245,38.18540465781748,46.975836710190606,292,33.02895322939866,1974,legacy12,0,regr_final_no_motion,2173,data30-2,bytetrack,4490,True
43.632619458075375,33.49184453080649,2516,199,245,38.18540465781748,46.975836710190606,292,33.02895322939866,1974,legacy12,0,regr_final_no_reciprocal,2173,data30-2,bytetrack,4490,True
43.632619458075375,33.49184453080649,2516,199,245,38.18540465781748,46.975836710190606,292,33.02895322939866,1974,legacy12,0,regr_t,2173,data30-2,bytetrack,4490,True
43.52776477478901,33.49184453080649,2516,199,245,38.139093228135,46.88578718295062,293,33.00668151447662,1974,legacy12,0,regr_tg_old,2173,data30-2,bytetrack,4490,True
42.407497113027254,33.49184453080649,2516,199,245,37.643014986728566,45.4750112561909,354,31.648106904231625,1974,legacy12,0,s2_h_cond_w3_endpoint_c50_r100,2173,data30-2,bytetrack,4490,True
77.30790438643865,51.686644726745776,1589,235,113,62.815001398134484,74.19354838709677,21,58.9086859688196,2901,legacy12,0,geometry_greedy,3136,data30-2,deepocsort,4490,True
77.67394311920191,51.686644726745776,1589,235,113,62.97297998377036,74.77052189876737,16,59.02004454342984,2901,legacy12,0,geometry_reid_greedy,3136,data30-2,deepocsort,4490,True
77.24801245011284,51.686644726745776,1589,235,113,62.786613013502816,74.08864411224756,32,58.66369710467706,2901,legacy12,0,no_refinement,3136,data30-2,deepocsort,4490,True
77.69185024558254,51.686644726745776,1589,235,113,62.980222195069814,74.77052189876737,16,59.02004454342984,2901,legacy12,0,partial_hungarian_u080,3136,data30-2,deepocsort,4490,True
77.69185024558254,51.686644726745776,1589,235,113,62.980222195069814,74.77052189876737,16,59.02004454342984,2901,legacy12,0,partial_hungarian_u100,3136,data30-2,deepocsort,4490,True
77.67394311920191,51.686644726745776,1589,235,113,62.97297998377036,74.77052189876737,16,59.02004454342984,2901,legacy12,0,regr_final,3136,data30-2,deepocsort,4490,True
77.67919586239397,51.686644726745776,1589,235,113,62.97513825181144,74.77052189876737,16,59.02004454342984,2901,legacy12,0,regr_final_motion_always,3136,data30-2,deepocsort,4490,True
77.67394311920191,51.686644726745776,1589,235,113,62.97297998377036,74.77052189876737,16,59.02004454342984,2901,legacy12,0,regr_final_no_gap,3136,data30-2,deepocsort,4490,True
77.67394311920191,51.686644726745776,1589,235,113,62.97297998377036,74.77052189876737,16,59.02004454342984,2901,legacy12,0,regr_final_no_motion,3136,data30-2,deepocsort,4490,True
77.67394311920191,51.686644726745776,1589,235,113,62.97297998377036,74.77052189876737,16,59.02004454342984,2901,legacy12,0,regr_final_no_reciprocal,3136,data30-2,deepocsort,4490,True
77.67394311920191,51.686644726745776,1589,235,113,62.97297998377036,74.77052189876737,16,59.02004454342984,2901,legacy12,0,regr_t,3136,data30-2,deepocsort,4490,True
77.67394311920191,51.686644726745776,1589,235,113,62.97297998377036,74.77052189876737,16,59.02004454342984,2901,legacy12,0,regr_tg_old,3136,data30-2,deepocsort,4490,True
77.69061878977708,51.686644726745776,1589,235,113,62.979757255679225,74.77052189876737,16,59.02004454342984,2901,legacy12,0,s2_h_cond_w3_endpoint_c50_r100,3136,data30-2,deepocsort,4490,True
42.805401973204276,23.707040306420318,3273,138,154,31.795959467169467,35.55175363558597,91,22.00445434298441,1217,legacy12,0,geometry_greedy,1355,data30-2,ocsort,4490,True
44.90024452646812,23.707040306420318,3273,138,154,32.56116348881113,36.47562018819504,76,22.338530066815146,1217,legacy12,0,geometry_reid_greedy,1355,data30-2,ocsort,4490,True
40.33858175760556,23.707040306420318,3273,138,154,30.858664954479124,33.19076133447391,149,20.71269487750557,1217,legacy12,0,no_refinement,1355,data30-2,ocsort,4490,True
44.743092318003704,23.707040306420318,3273,138,154,32.503355131958635,36.372968349016254,79,22.271714922049,1217,legacy12,0,partial_hungarian_u080,1355,data30-2,ocsort,4490,True
44.743092318003704,23.707040306420318,3273,138,154,32.503355131958635,36.372968349016254,79,22.271714922049,1217,legacy12,0,partial_hungarian_u100,1355,data30-2,ocsort,4490,True
44.90024452646812,23.707040306420318,3273,138,154,32.56116348881113,36.47562018819504,76,22.338530066815146,1217,legacy12,0,regr_final,1355,data30-2,ocsort,4490,True
44.90024452646812,23.707040306420318,3273,138,154,32.56116348881113,36.47562018819504,76,22.338530066815146,1217,legacy12,0,regr_final_motion_always,1355,data30-2,ocsort,4490,True
44.90024452646812,23.707040306420318,3273,138,154,32.56116348881113,36.47562018819504,76,22.338530066815146,1217,legacy12,0,regr_final_no_gap,1355,data30-2,ocsort,4490,True
44.90024452646812,23.707040306420318,3273,138,154,32.56116348881113,36.47562018819504,76,22.338530066815146,1217,legacy12,0,regr_final_no_motion,1355,data30-2,ocsort,4490,True
44.90024452646812,23.707040306420318,3273,138,154,32.56116348881113,36.47562018819504,76,22.338530066815146,1217,legacy12,0,regr_final_no_reciprocal,1355,data30-2,ocsort,4490,True
44.90024452646812,23.707040306420318,3273,138,154,32.56116348881113,36.47562018819504,76,22.338530066815146,1217,legacy12,0,regr_t,1355,data30-2,ocsort,4490,True
44.564273681218616,23.707040306420318,3273,138,154,32.438501268325815,36.23609923011121,81,22.2271714922049,1217,legacy12,0,regr_tg_old,1355,data30-2,ocsort,4490,True
44.755802770724216,23.707040306420318,3273,138,154,32.50817626290844,36.33875106928999,78,22.29398663697105,1217,legacy12,0,s2_h_cond_w3_endpoint_c50_r100,1355,data30-2,ocsort,4490,True
26.09872266862793,29.13829095496803,2248,265,259,27.404959393632254,31.57329514945409,265,26.605019815059443,1537,legacy12,0,geometry_greedy,1802,data30-3,bytetrack,3785,True
26.883456476358305,29.119876840501117,2248,265,259,27.823262038134732,32.790406300340074,252,26.948480845442536,1537,legacy12,0,geometry_reid_greedy,1802,data30-3,bytetrack,3785,True
22.113407377116285,29.15640290174995,2248,265,259,25.170404115593907,26.52586361195633,375,23.69881109643329,1537,legacy12,0,no_refinement,1802,data30-3,bytetrack,3785,True
27.002378687228795,29.13829095496803,2248,265,259,27.885360489180634,32.68301413996778,256,26.842800528401582,1537,legacy12,0,partial_hungarian_u080,1802,data30-3,bytetrack,3785,True
27.002378687228795,29.13829095496803,2248,265,259,27.885360489180634,32.68301413996778,256,26.842800528401582,1537,legacy12,0,partial_hungarian_u100,1802,data30-3,bytetrack,3785,True
26.901322390293707,29.119876840501117,2248,265,259,27.832568240900677,32.82620368713084,253,26.922060766182298,1537,legacy12,0,regr_final,1802,data30-3,bytetrack,3785,True
26.83186005539417,29.13829095496803,2248,265,259,27.8059945683433,32.68301413996778,253,26.922060766182298,1537,legacy12,0,regr_final_motion_always,1802,data30-3,bytetrack,3785,True
26.883456476358305,29.119876840501117,2248,265,259,27.823262038134732,32.790406300340074,252,26.948480845442536,1537,legacy12,0,regr_final_no_gap,1802,data30-3,bytetrack,3785,True
26.901322390293707,29.119876840501117,2248,265,259,27.832568240900677,32.82620368713084,253,26.922060766182298,1537,legacy12,0,regr_final_no_motion,1802,data30-3,bytetrack,3785,True
26.901322390293707,29.119876840501117,2248,265,259,27.832568240900677,32.82620368713084,253,26.922060766182298,1537,legacy12,0,regr_final_no_reciprocal,1802,data30-3,bytetrack,3785,True
26.901322390293707,29.119876840501117,2248,265,259,27.832568240900677,32.82620368713084,253,26.922060766182298,1537,legacy12,0,regr_t,1802,data30-3,bytetrack,3785,True
26.901322390293707,29.119876840501117,2248,265,259,27.832568240900677,32.82620368713084,253,26.922060766182298,1537,legacy12,0,regr_tg_old,1802,data30-3,bytetrack,3785,True
27.152185959865633,29.119876840501117,2248,265,259,27.95870829380678,32.82620368713084,269,26.499339498018493,1537,legacy12,0,s2_h_cond_w3_endpoint_c50_r100,1802,data30-3,bytetrack,3785,True
72.31176153441068,48.639653472027135,1290,267,110,58.79802070679438,73.71315106155491,20,58.33553500660502,2495,legacy12,0,geometry_greedy,2762,data30-3,deepocsort,3785,True
72.46386051651508,48.639653472027135,1290,267,110,58.86312821865417,73.83534443256453,18,58.388375165125495,2495,legacy12,0,geometry_reid_greedy,2762,data30-3,deepocsort,3785,True
71.82589217210193,48.639653472027135,1290,267,110,58.5825811995513,73.04108752100198,26,58.17701453104359,2495,legacy12,0,no_refinement,2762,data30-3,deepocsort,3785,True
72.51739146724707,48.639653472027135,1290,267,110,58.8870916693151,73.86589277531695,17,58.41479524438573,2495,legacy12,0,partial_hungarian_u080,2762,data30-3,deepocsort,3785,True
72.51739146724707,48.639653472027135,1290,267,110,58.8870916693151,73.86589277531695,17,58.41479524438573,2495,legacy12,0,partial_hungarian_u100,2762,data30-3,deepocsort,3785,True
72.46386051651508,48.639653472027135,1290,267,110,58.86312821865417,73.83534443256453,18,58.388375165125495,2495,legacy12,0,regr_final,2762,data30-3,deepocsort,3785,True
72.59998327207387,48.639653472027135,1290,267,110,58.91843428653708,73.92698946082174,18,58.388375165125495,2495,legacy12,0,regr_final_motion_always,2762,data30-3,deepocsort,3785,True
72.46386051651508,48.639653472027135,1290,267,110,58.86312821865417,73.83534443256453,18,58.388375165125495,2495,legacy12,0,regr_final_no_gap,2762,data30-3,deepocsort,3785,True
72.46386051651508,48.639653472027135,1290,267,110,58.86312821865417,73.83534443256453,18,58.388375165125495,2495,legacy12,0,regr_final_no_motion,2762,data30-3,deepocsort,3785,True
72.46386051651508,48.639653472027135,1290,267,110,58.86312821865417,73.83534443256453,18,58.388375165125495,2495,legacy12,0,regr_final_no_reciprocal,2762,data30-3,deepocsort,3785,True
72.46386051651508,48.639653472027135,1290,267,110,58.86312821865417,73.83534443256453,18,58.388375165125495,2495,legacy12,0,regr_t,2762,data30-3,deepocsort,3785,True
72.61848225332018,48.639653472027135,1290,267,110,58.926290856442584,73.92698946082174,18,58.388375165125495,2495,legacy12,0,regr_tg_old,2762,data30-3,deepocsort,3785,True
72.46386051651508,48.639653472027135,1290,267,110,58.86312821865417,73.83534443256453,18,58.388375165125495,2495,legacy12,0,s2_h_cond_w3_endpoint_c50_r100,2762,data30-3,deepocsort,3785,True
24.488971255587362,23.085007841567617,2733,122,128,23.63834170386253,24.722726356120187,161,20.317040951122852,1052,legacy12,0,geometry_greedy,1174,data30-3,ocsort,3785,True
25.446533214152765,23.085007841567617,2733,122,128,24.101741820806254,25.529340592861466,152,20.554821664464992,1052,legacy12,0,geometry_reid_greedy,1174,data30-3,ocsort,3785,True
22.79756644181847,23.085007841567617,2733,122,128,22.771731208631785,21.697922968340393,239,18.25627476882431,1052,legacy12,0,no_refinement,1174,data30-3,ocsort,3785,True
25.262221099275166,23.085007841567617,2733,122,128,24.009742031517444,25.489009881024398,155,20.47556142668428,1052,legacy12,0,partial_hungarian_u080,1174,data30-3,ocsort,3785,True
25.28737249651265,23.085007841567617,2733,122,128,24.02239400879923,25.569671304698527,154,20.501981505944517,1052,legacy12,0,partial_hungarian_u100,1174,data30-3,ocsort,3785,True
25.446533214152765,23.085007841567617,2733,122,128,24.101741820806254,25.529340592861466,152,20.554821664464992,1052,legacy12,0,regr_final,1174,data30-3,ocsort,3785,True
25.64407310720168,23.085007841567617,2733,122,128,24.1944334229573,25.529340592861466,152,20.554821664464992,1052,legacy12,0,regr_final_motion_always,1174,data30-3,ocsort,3785,True
25.446533214152765,23.085007841567617,2733,122,128,24.101741820806254,25.529340592861466,152,20.554821664464992,1052,legacy12,0,regr_final_no_gap,1174,data30-3,ocsort,3785,True
25.446533214152765,23.085007841567617,2733,122,128,24.101741820806254,25.529340592861466,152,20.554821664464992,1052,legacy12,0,regr_final_no_motion,1174,data30-3,ocsort,3785,True
25.446533214152765,23.085007841567617,2733,122,128,24.101741820806254,25.529340592861466,152,20.554821664464992,1052,legacy12,0,regr_final_no_reciprocal,1174,data30-3,ocsort,3785,True
25.446533214152765,23.085007841567617,2733,122,128,24.101741820806254,25.529340592861466,152,20.554821664464992,1052,legacy12,0,regr_t,1174,data30-3,ocsort,3785,True
24.239593214752116,23.085007841567617,2733,122,128,23.509983864149024,24.924379915305504,153,20.528401585204755,1052,legacy12,0,regr_tg_old,1174,data30-3,ocsort,3785,True
25.08761040339062,23.085007841567617,2733,122,128,23.92747504852794,25.36801774551321,156,20.449141347424042,1052,legacy12,0,s2_h_cond_w3_endpoint_c50_r100,1174,data30-3,ocsort,3785,True
30.146792555410613,39.774300108072254,1448,210,127,34.53294552213076,38.77635386523357,217,38.28176431863068,1590,legacy12,0,geometry_greedy,1800,data30-4,bytetrack,3038,True
29.767750748310966,39.752440845009225,1448,210,127,34.29901302489124,38.81769326167838,216,38.314680710994075,1590,legacy12,0,geometry_reid_greedy,1800,data30-4,bytetrack,3038,True
29.2622025525957,39.774300108072254,1448,210,127,34.011313077993336,37.4948325754444,249,37.22843976300197,1590,legacy12,0,no_refinement,1800,data30-4,bytetrack,3038,True
29.723757560612047,39.774300108072254,1448,210,127,34.2821876340529,38.735014468788755,216,38.314680710994075,1590,legacy12,0,partial_hungarian_u080,1800,data30-4,bytetrack,3038,True
29.723757560612047,39.774300108072254,1448,210,127,34.2821876340529,38.735014468788755,216,38.314680710994075,1590,legacy12,0,partial_hungarian_u100,1800,data30-4,bytetrack,3038,True
29.772275138418326,39.752440845009225,1448,210,127,34.30181204792755,38.85903265812319,218,38.24884792626728,1590,legacy12,0,regr_final,1800,data30-4,bytetrack,3038,True
29.73827727332213,39.774300108072254,1448,210,127,34.291535971584004,38.85903265812319,218,38.24884792626728,1590,legacy12,0,regr_final_motion_always,1800,data30-4,bytetrack,3038,True
29.767750748310966,39.752440845009225,1448,210,127,34.29901302489124,38.81769326167838,216,38.314680710994075,1590,legacy12,0,regr_final_no_gap,1800,data30-4,bytetrack,3038,True
29.772275138418326,39.752440845009225,1448,210,127,34.30181204792755,38.85903265812319,218,38.24884792626728,1590,legacy12,0,regr_final_no_motion,1800,data30-4,bytetrack,3038,True
29.772275138418326,39.752440845009225,1448,210,127,34.30181204792755,38.85903265812319,218,38.24884792626728,1590,legacy12,0,regr_final_no_reciprocal,1800,data30-4,bytetrack,3038,True
29.772275138418326,39.752440845009225,1448,210,127,34.30181204792755,38.85903265812319,218,38.24884792626728,1590,legacy12,0,regr_t,1800,data30-4,bytetrack,3038,True
29.763957591366292,39.752440845009225,1448,210,127,34.297251388453915,38.81769326167838,221,38.15009874917709,1590,legacy12,0,regr_tg_old,1800,data30-4,bytetrack,3038,True
29.731666460341422,39.774300108072254,1448,210,127,34.286909473157934,38.735014468788755,219,38.215931533903884,1590,legacy12,0,s2_h_cond_w3_endpoint_c50_r100,1800,data30-4,bytetrack,3038,True
78.86952935481996,58.10840225388173,789,138,73,67.30179043724841,80.33179723502303,14,69.02567478604344,2249,legacy12,0,geometry_greedy,2387,data30-4,deepocsort,3038,True
78.86952935481996,58.10840225388173,789,138,73,67.30179043724841,80.33179723502303,14,69.02567478604344,2249,legacy12,0,geometry_reid_greedy,2387,data30-4,deepocsort,3038,True
76.40709688832268,58.10840225388173,789,138,73,66.19927191479177,78.11981566820276,34,68.36734693877551,2249,legacy12,0,no_refinement,2387,data30-4,deepocsort,3038,True
78.84152842148772,58.10840225388173,789,138,73,67.28857089448722,80.51612903225806,15,68.99275839368005,2249,legacy12,0,partial_hungarian_u080,2387,data30-4,deepocsort,3038,True
78.84152842148772,58.10840225388173,789,138,73,67.28857089448722,80.51612903225806,15,68.99275839368005,2249,legacy12,0,partial_hungarian_u100,2387,data30-4,deepocsort,3038,True
78.86952935481996,58.10840225388173,789,138,73,67.30179043724841,80.33179723502303,14,69.02567478604344,2249,legacy12,0,regr_final,2387,data30-4,deepocsort,3038,True
78.86952935481996,58.10840225388173,789,138,73,67.30179043724841,80.33179723502303,14,69.02567478604344,2249,legacy12,0,regr_final_motion_always,2387,data30-4,deepocsort,3038,True
78.86952935481996,58.10840225388173,789,138,73,67.30179043724841,80.33179723502303,14,69.02567478604344,2249,legacy12,0,regr_final_no_gap,2387,data30-4,deepocsort,3038,True
78.86952935481996,58.10840225388173,789,138,73,67.30179043724841,80.33179723502303,14,69.02567478604344,2249,legacy12,0,regr_final_no_motion,2387,data30-4,deepocsort,3038,True
78.86952935481996,58.10840225388173,789,138,73,67.30179043724841,80.33179723502303,14,69.02567478604344,2249,legacy12,0,regr_final_no_reciprocal,2387,data30-4,deepocsort,3038,True
78.86952935481996,58.10840225388173,789,138,73,67.30179043724841,80.33179723502303,14,69.02567478604344,2249,legacy12,0,regr_t,2387,data30-4,deepocsort,3038,True
78.27763666959149,58.10840225388173,789,138,73,67.04605892728385,79.81566820276498,15,68.99275839368005,2249,legacy12,0,regr_tg_old,2387,data30-4,deepocsort,3038,True
78.84980826740701,58.10840225388173,789,138,73,67.29246235348542,80.51612903225806,15,68.99275839368005,2249,legacy12,0,s2_h_cond_w3_endpoint_c50_r100,2387,data30-4,deepocsort,3038,True
27.939097923805395,35.51933341772164,1753,126,121,31.446367052758404,32.50168577208362,141,33.50888742593811,1285,legacy12,0,geometry_greedy,1411,data30-4,ocsort,3038,True
28.53177265439122,35.51933341772164,1753,126,121,31.773915065712146,32.7714093054619,138,33.607636603028304,1285,legacy12,0,geometry_reid_greedy,1411,data30-4,ocsort,3038,True
25.78397662581726,35.51933341772164,1753,126,121,30.207221638290445,30.47875927174646,162,32.81764318630678,1285,legacy12,0,no_refinement,1411,data30-4,ocsort,3038,True
28.44976610765027,35.51933341772164,1753,126,121,31.728820372504718,32.7714093054619,137,33.6405529953917,1285,legacy12,0,partial_hungarian_u080,1411,data30-4,ocsort,3038,True
28.44976610765027,35.51933341772164,1753,126,121,31.728820372504718,32.7714093054619,137,33.6405529953917,1285,legacy12,0,partial_hungarian_u100,1411,data30-4,ocsort,3038,True
28.53177265439122,35.51933341772164,1753,126,121,31.773915065712146,32.7714093054619,138,33.607636603028304,1285,legacy12,0,regr_final,1411,data30-4,ocsort,3038,True
28.519748861090367,35.51933341772164,1753,126,121,31.767360485914192,32.7714093054619,138,33.607636603028304,1285,legacy12,0,regr_final_motion_always,1411,data30-4,ocsort,3038,True
28.53177265439122,35.51933341772164,1753,126,121,31.773915065712146,32.7714093054619,138,33.607636603028304,1285,legacy12,0,regr_final_no_gap,1411,data30-4,ocsort,3038,True
28.53177265439122,35.51933341772164,1753,126,121,31.773915065712146,32.7714093054619,138,33.607636603028304,1285,legacy12,0,regr_final_no_motion,1411,data30-4,ocsort,3038,True
28.53177265439122,35.51933341772164,1753,126,121,31.773915065712146,32.7714093054619,138,33.607636603028304,1285,legacy12,0,regr_final_no_reciprocal,1411,data30-4,ocsort,3038,True
28.53177265439122,35.51933341772164,1753,126,121,31.773915065712146,32.7714093054619,138,33.607636603028304,1285,legacy12,0,regr_t,1411,data30-4,ocsort,3038,True
27.100493989668077,35.51933341772164,1753,126,121,30.960205893523778,32.09710047201618,140,33.54180381830151,1285,legacy12,0,regr_tg_old,1411,data30-4,ocsort,3038,True
27.042925566695047,35.51933341772164,1753,126,121,30.927936638597142,32.09710047201618,140,33.54180381830151,1285,legacy12,0,s2_h_cond_w3_endpoint_c50_r100,1411,data30-4,ocsort,3038,True
66.80917313820277,24.603776133846928,1821,88,28,40.52883462011065,44.47552447552447,19,27.354935945742277,833,legacy12,0,geometry_greedy,921,data30-5,bytetrack,2654,True
66.80518655711649,24.603776133846928,1821,88,28,40.527624918722395,44.47552447552447,19,27.354935945742277,833,legacy12,0,geometry_reid_greedy,921,data30-5,bytetrack,2654,True
62.03510526913569,24.603776133846928,1821,88,28,39.0528206720099,42.57342657342657,29,26.978146194423513,833,legacy12,0,no_refinement,921,data30-5,bytetrack,2654,True
66.81567301067005,24.603776133846928,1821,88,28,40.5308174757705,44.53146853146853,19,27.354935945742277,833,legacy12,0,partial_hungarian_u080,921,data30-5,bytetrack,2654,True
66.80863643219223,24.603776133846928,1821,88,28,40.528670367090704,44.47552447552447,19,27.354935945742277,833,legacy12,0,partial_hungarian_u100,921,data30-5,bytetrack,2654,True
66.80518655711649,24.603776133846928,1821,88,28,40.527624918722395,44.47552447552447,19,27.354935945742277,833,legacy12,0,regr_final,921,data30-5,bytetrack,2654,True
66.80518655711649,24.603776133846928,1821,88,28,40.527624918722395,44.47552447552447,19,27.354935945742277,833,legacy12,0,regr_final_motion_always,921,data30-5,bytetrack,2654,True
66.80518655711649,24.603776133846928,1821,88,28,40.527624918722395,44.47552447552447,19,27.354935945742277,833,legacy12,0,regr_final_no_gap,921,data30-5,bytetrack,2654,True
66.80518655711649,24.603776133846928,1821,88,28,40.527624918722395,44.47552447552447,19,27.354935945742277,833,legacy12,0,regr_final_no_motion,921,data30-5,bytetrack,2654,True
66.80518655711649,24.603776133846928,1821,88,28,40.527624918722395,44.47552447552447,19,27.354935945742277,833,legacy12,0,regr_final_no_reciprocal,921,data30-5,bytetrack,2654,True
66.80518655711649,24.603776133846928,1821,88,28,40.527624918722395,44.47552447552447,19,27.354935945742277,833,legacy12,0,regr_t,921,data30-5,bytetrack,2654,True
63.39875584908191,24.603776133846928,1821,88,28,39.48074882988186,43.07692307692308,21,27.279577995478522,833,legacy12,0,regr_tg_old,921,data30-5,bytetrack,2654,True
63.40743523159698,24.603776133846928,1821,88,28,39.483461965053316,43.07692307692308,21,27.279577995478522,833,legacy12,0,s2_h_cond_w3_endpoint_c50_r100,921,data30-5,bytetrack,2654,True
73.12601592867645,38.76732668116199,1349,104,41,52.894545102855005,63.59832635983263,3,45.139412207987945,1305,legacy12,0,geometry_greedy,1409,data30-5,deepocsort,2654,True
73.30973222240267,38.76732668116199,1349,104,41,52.96408340546562,63.696775781442284,3,45.139412207987945,1305,legacy12,0,geometry_reid_greedy,1409,data30-5,deepocsort,2654,True
73.37853819957401,38.76732668116199,1349,104,41,52.990325047399324,63.844449913856764,3,45.139412207987945,1305,legacy12,0,no_refinement,1409,data30-5,deepocsort,2654,True
73.30973222240267,38.76732668116199,1349,104,41,52.96408340546562,63.696775781442284,3,45.139412207987945,1305,legacy12,0,partial_hungarian_u080,1409,data30-5,deepocsort,2654,True
73.30973222240267,38.76732668116199,1349,104,41,52.96408340546562,63.696775781442284,3,45.139412207987945,1305,legacy12,0,partial_hungarian_u100,1409,data30-5,deepocsort,2654,True
73.30973222240267,38.76732668116199,1349,104,41,52.96408340546562,63.696775781442284,3,45.139412207987945,1305,legacy12,0,regr_final,1409,data30-5,deepocsort,2654,True
73.30973222240267,38.76732668116199,1349,104,41,52.96408340546562,63.696775781442284,3,45.139412207987945,1305,legacy12,0,regr_final_motion_always,1409,data30-5,deepocsort,2654,True
73.30973222240267,38.76732668116199,1349,104,41,52.96408340546562,63.696775781442284,3,45.139412207987945,1305,legacy12,0,regr_final_no_gap,1409,data30-5,deepocsort,2654,True
73.30973222240267,38.76732668116199,1349,104,41,52.96408340546562,63.696775781442284,3,45.139412207987945,1305,legacy12,0,regr_final_no_motion,1409,data30-5,deepocsort,2654,True
73.30973222240267,38.76732668116199,1349,104,41,52.96408340546562,63.696775781442284,3,45.139412207987945,1305,legacy12,0,regr_final_no_reciprocal,1409,data30-5,deepocsort,2654,True
73.30973222240267,38.76732668116199,1349,104,41,52.96408340546562,63.696775781442284,3,45.139412207987945,1305,legacy12,0,regr_t,1409,data30-5,deepocsort,2654,True
73.3826322687948,38.76732668116199,1349,104,41,52.99188468294752,63.89367462466158,2,45.17709118311982,1305,legacy12,0,regr_tg_old,1409,data30-5,deepocsort,2654,True
73.30973222240267,38.76732668116199,1349,104,41,52.96408340546562,63.696775781442284,3,45.139412207987945,1305,legacy12,0,s2_h_cond_w3_endpoint_c50_r100,1409,data30-5,deepocsort,2654,True
75.28194344219857,26.095755322619148,1845,50,10,44.26996916527342,44.46342157699972,14,28.07083647324793,809,legacy12,0,geometry_greedy,859,data30-5,ocsort,2654,True
75.43809139933816,26.095755322619148,1845,50,10,44.31674297402376,44.69114716766296,8,28.29691032403919,809,legacy12,0,geometry_reid_greedy,859,data30-5,ocsort,2654,True
67.86818849640565,26.095755322619148,1845,50,10,42.015023071780625,40.70594933105608,29,27.505651846269778,809,legacy12,0,no_refinement,859,data30-5,ocsort,2654,True
75.43809139933816,26.095755322619148,1845,50,10,44.31674297402376,44.69114716766296,8,28.29691032403919,809,legacy12,0,partial_hungarian_u080,859,data30-5,ocsort,2654,True
75.43809139933816,26.095755322619148,1845,50,10,44.31674297402376,44.69114716766296,8,28.29691032403919,809,legacy12,0,partial_hungarian_u100,859,data30-5,ocsort,2654,True
75.43809139933816,26.095755322619148,1845,50,10,44.31674297402376,44.69114716766296,8,28.29691032403919,809,legacy12,0,regr_final,859,data30-5,ocsort,2654,True
75.43809139933816,26.095755322619148,1845,50,10,44.31674297402376,44.69114716766296,8,28.29691032403919,809,legacy12,0,regr_final_motion_always,859,data30-5,ocsort,2654,True
75.43809139933816,26.095755322619148,1845,50,10,44.31674297402376,44.69114716766296,8,28.29691032403919,809,legacy12,0,regr_final_no_gap,859,data30-5,ocsort,2654,True
75.43809139933816,26.095755322619148,1845,50,10,44.31674297402376,44.69114716766296,8,28.29691032403919,809,legacy12,0,regr_final_no_motion,859,data30-5,ocsort,2654,True
75.43809139933816,26.095755322619148,1845,50,10,44.31674297402376,44.69114716766296,8,28.29691032403919,809,legacy12,0,regr_final_no_reciprocal,859,data30-5,ocsort,2654,True
75.43809139933816,26.095755322619148,1845,50,10,44.31674297402376,44.69114716766296,8,28.29691032403919,809,legacy12,0,regr_t,859,data30-5,ocsort,2654,True
72.95966361965014,26.095755322619148,1845,50,10,43.56878033251162,43.381725021349276,9,28.25923134890731,809,legacy12,0,regr_tg_old,859,data30-5,ocsort,2654,True
75.43809139933816,26.095755322619148,1845,50,10,44.31674297402376,44.69114716766296,8,28.29691032403919,809,legacy12,0,s2_h_cond_w3_endpoint_c50_r100,859,data30-5,ocsort,2654,True
71.0600542561841,24.735669015011823,2503,141,56,41.82716874394246,42.80472890338361,56,25.70170610897083,1131,legacy12,0,geometry_greedy,1272,data30-9,bytetrack,3634,True
71.4275284663004,24.737512545535253,2503,141,56,41.93945722484489,43.25315939665715,54,25.756741882223444,1131,legacy12,0,geometry_reid_greedy,1272,data30-9,bytetrack,3634,True
70.05500345874796,24.72862098546648,2503,141,56,41.5137507158427,41.826335099877696,85,24.903687396807925,1131,legacy12,0,no_refinement,1272,data30-9,bytetrack,3634,True
71.2900589931481,24.737512545535253,2503,141,56,41.89807960062535,43.04932735426009,56,25.70170610897083,1131,legacy12,0,partial_hungarian_u080,1272,data30-9,bytetrack,3634,True
71.2900589931481,24.737512545535253,2503,141,56,41.89807960062535,43.04932735426009,56,25.70170610897083,1131,legacy12,0,partial_hungarian_u100,1272,data30-9,bytetrack,3634,True
71.41336033257019,24.737512545535253,2503,141,56,41.93516181230269,43.25315939665715,53,25.784259768849754,1131,legacy12,0,regr_final,1272,data30-9,bytetrack,3634,True
71.41336033257019,24.737512545535253,2503,141,56,41.93516181230269,43.25315939665715,53,25.784259768849754,1131,legacy12,0,regr_final_motion_always,1272,data30-9,bytetrack,3634,True
71.4275284663004,24.737512545535253,2503,141,56,41.93945722484489,43.25315939665715,54,25.756741882223444,1131,legacy12,0,regr_final_no_gap,1272,data30-9,bytetrack,3634,True
71.41336033257019,24.737512545535253,2503,141,56,41.93516181230269,43.25315939665715,53,25.784259768849754,1131,legacy12,0,regr_final_no_motion,1272,data30-9,bytetrack,3634,True
71.41336033257019,24.737512545535253,2503,141,56,41.93516181230269,43.25315939665715,53,25.784259768849754,1131,legacy12,0,regr_final_no_reciprocal,1272,data30-9,bytetrack,3634,True
71.41336033257019,24.737512545535253,2503,141,56,41.93516181230269,43.25315939665715,53,25.784259768849754,1131,legacy12,0,regr_t,1272,data30-9,bytetrack,3634,True
71.41336033257019,24.737512545535253,2503,141,56,41.93516181230269,43.25315939665715,53,25.784259768849754,1131,legacy12,0,regr_tg_old,1272,data30-9,bytetrack,3634,True
71.4340618402624,24.737512545535253,2503,141,56,41.94182245191304,43.17162657969833,59,25.61915244909191,1131,legacy12,0,s2_h_cond_w3_endpoint_c50_r100,1272,data30-9,bytetrack,3634,True
74.6248482976609,40.16742711177114,1781,185,86,54.079584443010944,64.56276445698167,7,45.70720968629609,1853,legacy12,0,geometry_greedy,2038,data30-9,deepocsort,3634,True
74.74544671816803,40.16742711177114,1781,185,86,54.12733623990981,64.77433004231312,6,45.7347275729224,1853,legacy12,0,geometry_reid_greedy,2038,data30-9,deepocsort,3634,True
74.63380869512628,40.16742711177114,1781,185,86,54.08131299594031,64.70380818053597,10,45.62465602641717,1853,legacy12,0,no_refinement,2038,data30-9,deepocsort,3634,True
74.61727406957101,40.16742711177114,1781,185,86,54.077009451093815,64.66854724964739,7,45.70720968629609,1853,legacy12,0,partial_hungarian_u080,2038,data30-9,deepocsort,3634,True
74.61727406957101,40.16742711177114,1781,185,86,54.077009451093815,64.66854724964739,7,45.70720968629609,1853,legacy12,0,partial_hungarian_u100,2038,data30-9,deepocsort,3634,True
74.74544671816803,40.16742711177114,1781,185,86,54.12733623990981,64.77433004231312,6,45.7347275729224,1853,legacy12,0,regr_final,2038,data30-9,deepocsort,3634,True
74.74544671816803,40.16742711177114,1781,185,86,54.12733623990981,64.77433004231312,6,45.7347275729224,1853,legacy12,0,regr_final_motion_always,2038,data30-9,deepocsort,3634,True
74.74544671816803,40.16742711177114,1781,185,86,54.12733623990981,64.77433004231312,6,45.7347275729224,1853,legacy12,0,regr_final_no_gap,2038,data30-9,deepocsort,3634,True
74.74544671816803,40.16742711177114,1781,185,86,54.12733623990981,64.77433004231312,6,45.7347275729224,1853,legacy12,0,regr_final_no_motion,2038,data30-9,deepocsort,3634,True
74.74544671816803,40.16742711177114,1781,185,86,54.12733623990981,64.77433004231312,6,45.7347275729224,1853,legacy12,0,regr_final_no_reciprocal,2038,data30-9,deepocsort,3634,True
74.74544671816803,40.16742711177114,1781,185,86,54.12733623990981,64.77433004231312,6,45.7347275729224,1853,legacy12,0,regr_t,2038,data30-9,deepocsort,3634,True
74.68371136175298,40.16742711177114,1781,185,86,54.1014600143475,64.84485190409028,7,45.70720968629609,1853,legacy12,0,regr_tg_old,2038,data30-9,deepocsort,3634,True
74.74544671816803,40.16742711177114,1781,185,86,54.12733623990981,64.77433004231312,6,45.7347275729224,1853,legacy12,0,s2_h_cond_w3_endpoint_c50_r100,2038,data30-9,deepocsort,3634,True
73.41695580998385,26.24798642169913,2531,122,26,43.71937884298719,42.601358304177815,51,25.591634562465604,1103,legacy12,0,geometry_greedy,1225,data30-9,ocsort,3634,True
73.71993503927948,26.253457198097724,2531,122,26,43.8193688012454,43.58921588804281,28,26.224545954870663,1103,legacy12,0,geometry_reid_greedy,1225,data30-9,ocsort,3634,True
72.6332864112761,26.253457198097724,2531,122,26,43.478030659029685,40.37867874048158,100,24.243258117776556,1103,legacy12,0,no_refinement,1225,data30-9,ocsort,3634,True
73.76570337476865,26.253457198097724,2531,122,26,43.83390694228903,43.71269808602593,24,26.334617501375895,1103,legacy12,0,partial_hungarian_u080,1225,data30-9,ocsort,3634,True
73.76570337476865,26.253457198097724,2531,122,26,43.83390694228903,43.71269808602593,24,26.334617501375895,1103,legacy12,0,partial_hungarian_u100,1225,data30-9,ocsort,3634,True
73.73836078769263,26.253457198097724,2531,122,26,43.825058123052216,43.63037662070385,26,26.27958172812328,1103,legacy12,0,regr_final,1225,data30-9,ocsort,3634,True
73.73836078769263,26.253457198097724,2531,122,26,43.825058123052216,43.63037662070385,26,26.27958172812328,1103,legacy12,0,regr_final_motion_always,1225,data30-9,ocsort,3634,True
73.71993503927948,26.253457198097724,2531,122,26,43.8193688012454,43.58921588804281,28,26.224545954870663,1103,legacy12,0,regr_final_no_gap,1225,data30-9,ocsort,3634,True
73.73836078769263,26.253457198097724,2531,122,26,43.825058123052216,43.63037662070385,26,26.27958172812328,1103,legacy12,0,regr_final_no_motion,1225,data30-9,ocsort,3634,True
73.73836078769263,26.253457198097724,2531,122,26,43.825058123052216,43.63037662070385,26,26.27958172812328,1103,legacy12,0,regr_final_no_reciprocal,1225,data30-9,ocsort,3634,True
73.73836078769263,26.253457198097724,2531,122,26,43.825058123052216,43.63037662070385,26,26.27958172812328,1103,legacy12,0,regr_t,1225,data30-9,ocsort,3634,True
73.73836078769263,26.253457198097724,2531,122,26,43.825058123052216,43.63037662070385,26,26.27958172812328,1103,legacy12,0,regr_tg_old,1225,data30-9,ocsort,3634,True
73.67134108524371,26.253457198097724,2531,122,26,43.804378667758634,43.50689442272073,29,26.19702806824436,1103,legacy12,0,s2_h_cond_w3_endpoint_c50_r100,1225,data30-9,ocsort,3634,True
