class_name,component_guard_rejections,family,guard_and_no_guard_outputs_identical,input_duplicate_frame_identity_count,maximum_indegree,maximum_outdegree,proposal_cycle_present,protocol,reciprocal_proposal_count,sequence,strict_time_order_violations,temporal_candidate_count,tracker
car,0,legacy12,True,0,1,1,False,oracle_aabb,57,data28-1,0,4668,bytetrack
car,0,legacy12,True,0,1,1,False,oracle_aabb,74,data28-1,0,4714,ocsort
car,0,legacy12,True,0,0,0,False,oracle_aabb,0,data28-1,0,248,deepocsort
bike,0,legacy12,True,0,0,0,False,oracle_aabb,0,data28-1,0,0,bytetrack
bike,0,legacy12,True,0,0,0,False,oracle_aabb,0,data28-1,0,0,ocsort
bike,0,legacy12,True,0,0,0,False,oracle_aabb,0,data28-1,0,0,deepocsort
pedestrian,0,legacy12,True,0,1,1,False,oracle_aabb,13,data28-1,0,386,bytetrack
pedestrian,0,legacy12,True,0,0,0,False,oracle_aabb,0,data28-1,0,1,ocsort
pedestrian,0,legacy12,True,0,0,0,False,oracle_aabb,0,data28-1,0,4,deepocsort
van,0,legacy12,True,0,1,1,False,oracle_aabb,5,data28-1,0,15,bytetrack
van,0,legacy12,True,0,1,1,False,oracle_aabb,1,data28-1,0,6,ocsort
van,0,legacy12,True,0,0,0,False,oracle_aabb,0,data28-1,0,0,deepocsort
truck,0,legacy12,True,0,0,0,False,oracle_aabb,0,data28-1,0,18,bytetrack
truck,0,legacy12,True,0,0,0,False,oracle_aabb,0,data28-1,0,3,ocsort
truck,0,legacy12,True,0,1,1,False,oracle_aabb,1,data28-1,0,5,deepocsort
bus,0,legacy12,True,0,0,0,False,oracle_aabb,0,data28-1,0,0,bytetrack
bus,0,legacy12,True,0,0,0,False,oracle_aabb,0,data28-1,0,0,ocsort
bus,0,legacy12,True,0,0,0,False,oracle_aabb,0,data28-1,0,0,deepocsort
tricycle,0,legacy12,True,0,0,0,False,oracle_aabb,0,data28-1,0,0,bytetrack
tricycle,0,legacy12,True,0,0,0,False,oracle_aabb,0,data28-1,0,0,ocsort
tricycle,0,legacy12,True,0,0,0,False,oracle_aabb,0,data28-1,0,0,deepocsort
awning-bike,0,legacy12,True,0,1,1,False,oracle_aabb,6,data28-1,0,40,bytetrack
awning-bike,0,legacy12,True,0,0,0,False,oracle_aabb,0,data28-1,0,0,ocsort
awning-bike,0,legacy12,True,0,0,0,False,oracle_aabb,0,data28-1,0,0,deepocsort
car,0,legacy12,True,0,1,1,False,oracle_aabb,2,data28-2,0,146,bytetrack
car,0,legacy12,True,0,1,1,False,oracle_aabb,31,data28-2,0,1131,ocsort
car,0,legacy12,True,0,0,0,False,oracle_aabb,0,data28-2,0,10,deepocsort
bike,0,legacy12,True,0,0,0,False,oracle_aabb,0,data28-2,0,0,bytetrack
bike,0,legacy12,True,0,0,0,False,oracle_aabb,0,data28-2,0,0,ocsort
bike,0,legacy12,True,0,0,0,False,oracle_aabb,0,data28-2,0,0,deepocsort
pedestrian,0,legacy12,True,0,0,0,False,oracle_aabb,0,data28-2,0,0,bytetrack
pedestrian,0,legacy12,True,0,0,0,False,oracle_aabb,0,data28-2,0,0,ocsort
pedestrian,0,legacy12,True,0,0,0,False,oracle_aabb,0,data28-2,0,0,deepocsort
truck,0,legacy12,True,0,0,0,False,oracle_aabb,0,data28-2,0,1,bytetrack
truck,0,legacy12,True,0,0,0,False,oracle_aabb,0,data28-2,0,0,ocsort
truck,0,legacy12,True,0,0,0,False,oracle_aabb,0,data28-2,0,0,deepocsort
tricycle,0,legacy12,True,0,1,1,False,oracle_aabb,3,data28-2,0,7,bytetrack
tricycle,0,legacy12,True,0,1,1,False,oracle_aabb,2,data28-2,0,6,ocsort
tricycle,0,legacy12,True,0,1,1,False,oracle_aabb,2,data28-2,0,3,deepocsort
awning-bike,0,legacy12,True,0,0,0,False,oracle_aabb,0,data28-2,0,1,bytetrack
awning-bike,0,legacy12,True,0,1,1,False,oracle_aabb,1,data28-2,0,3,ocsort
awning-bike,0,legacy12,True,0,1,1,False,oracle_aabb,1,data28-2,0,3,deepocsort
car,0,legacy12,True,0,0,0,False,oracle_aabb,0,data28-3,0,1,bytetrack
car,0,legacy12,True,0,0,0,False,oracle_aabb,0,data28-3,0,3,ocsort
car,0,legacy12,True,0,0,0,False,oracle_aabb,0,data28-3,0,3,deepocsort
bike,0,legacy12,True,0,0,0,False,oracle_aabb,0,data28-3,0,0,bytetrack
bike,0,legacy12,True,0,0,0,False,oracle_aabb,0,data28-3,0,0,ocsort
bike,0,legacy12,True,0,0,0,False,oracle_aabb,0,data28-3,0,0,deepocsort
pedestrian,0,legacy12,True,0,0,0,False,oracle_aabb,0,data28-3,0,0,bytetrack
pedestrian,0,legacy12,True,0,0,0,False,oracle_aabb,0,data28-3,0,0,ocsort
pedestrian,0,legacy12,True,0,0,0,False,oracle_aabb,0,data28-3,0,0,deepocsort
van,0,legacy12,True,0,0,0,False,oracle_aabb,0,data28-3,0,0,bytetrack
van,0,legacy12,True,0,0,0,False,oracle_aabb,0,data28-3,0,0,ocsort
van,0,legacy12,True,0,0,0,False,oracle_aabb,0,data28-3,0,0,deepocsort
truck,0,legacy12,True,0,0,0,False,oracle_aabb,0,data28-3,0,43,bytetrack
truck,0,legacy12,True,0,0,0,False,oracle_aabb,0,data28-3,0,8,ocsort
truck,0,legacy12,True,0,0,0,False,oracle_aabb,0,data28-3,0,4,deepocsort
awning-bike,0,legacy12,True,0,0,0,False,oracle_aabb,0,data28-3,0,1,bytetrack
awning-bike,0,legacy12,True,0,0,0,False,oracle_aabb,0,data28-3,0,0,ocsort
awning-bike,0,legacy12,True,0,0,0,False,oracle_aabb,0,data28-3,0,0,deepocsort
car,0,legacy12,True,0,1,1,False,oracle_aabb,1,data28-4,0,18,bytetrack
car,0,legacy12,True,0,0,0,False,oracle_aabb,0,data28-4,0,0,ocsort
car,0,legacy12,True,0,0,0,False,oracle_aabb,0,data28-4,0,17,deepocsort
bike,0,legacy12,True,0,0,0,False,oracle_aabb,0,data28-4,0,0,bytetrack
bike,0,legacy12,True,0,0,0,False,oracle_aabb,0,data28-4,0,0,ocsort
bike,0,legacy12,True,0,0,0,False,oracle_aabb,0,data28-4,0,0,deepocsort
pedestrian,0,legacy12,True,0,0,0,False,oracle_aabb,0,data28-4,0,0,bytetrack
pedestrian,0,legacy12,True,0,0,0,False,oracle_aabb,0,data28-4,0,0,ocsort
pedestrian,0,legacy12,True,0,0,0,False,oracle_aabb,0,data28-4,0,0,deepocsort
van,0,legacy12,True,0,0,0,False,oracle_aabb,0,data28-4,0,0,bytetrack
van,0,legacy12,True,0,0,0,False,oracle_aabb,0,data28-4,0,0,ocsort
van,0,legacy12,True,0,0,0,False,oracle_aabb,0,data28-4,0,0,deepocsort
truck,0,legacy12,True,0,0,0,False,oracle_aabb,0,data28-4,0,1,bytetrack
truck,0,legacy12,True,0,0,0,False,oracle_aabb,0,data28-4,0,5,ocsort
truck,0,legacy12,True,0,1,1,False,oracle_aabb,1,data28-4,0,6,deepocsort
car,0,legacy12,True,0,0,0,False,oracle_aabb,0,data28-5,0,15,bytetrack
car,0,legacy12,True,0,1,1,False,oracle_aabb,4,data28-5,0,48,ocsort
car,0,legacy12,True,0,1,1,False,oracle_aabb,4,data28-5,0,60,deepocsort
bike,0,legacy12,True,0,0,0,False,oracle_aabb,0,data28-5,0,0,bytetrack
bike,0,legacy12,True,0,1,1,False,oracle_aabb,2,data28-5,0,3,ocsort
bike,0,legacy12,True,0,1,1,False,oracle_aabb,2,data28-5,0,3,deepocsort
pedestrian,0,legacy12,True,0,0,0,False,oracle_aabb,0,data28-5,0,5,bytetrack
pedestrian,0,legacy12,True,0,1,1,False,oracle_aabb,5,data28-5,0,37,ocsort
pedestrian,0,legacy12,True,0,1,1,False,oracle_aabb,5,data28-5,0,38,deepocsort
truck,0,legacy12,True,0,0,0,False,oracle_aabb,0,data28-5,0,1,bytetrack
truck,0,legacy12,True,0,0,0,False,oracle_aabb,0,data28-5,0,3,ocsort
truck,0,legacy12,True,0,0,0,False,oracle_aabb,0,data28-5,0,3,deepocsort
car,0,legacy12,True,0,0,0,False,oracle_aabb,0,data28-6,0,0,bytetrack
car,0,legacy12,True,0,0,0,False,oracle_aabb,0,data28-6,0,0,ocsort
car,0,legacy12,True,0,0,0,False,oracle_aabb,0,data28-6,0,0,deepocsort
van,0,legacy12,True,0,0,0,False,oracle_aabb,0,data28-6,0,0,bytetrack
van,0,legacy12,True,0,0,0,False,oracle_aabb,0,data28-6,0,0,ocsort
van,0,legacy12,True,0,0,0,False,oracle_aabb,0,data28-6,0,0,deepocsort
truck,0,legacy12,True,0,1,1,False,oracle_aabb,1,data28-6,0,10,bytetrack
truck,0,legacy12,True,0,1,1,False,oracle_aabb,1,data28-6,0,7,ocsort
truck,0,legacy12,True,0,0,0,False,oracle_aabb,0,data28-6,0,10,deepocsort
bus,0,legacy12,True,0,0,0,False,oracle_aabb,0,data28-6,0,0,bytetrack
bus,0,legacy12,True,0,0,0,False,oracle_aabb,0,data28-6,0,0,ocsort
bus,0,legacy12,True,0,0,0,False,oracle_aabb,0,data28-6,0,0,deepocsort
car,0,legacy12,True,0,1,1,False,oracle_aabb,13,data30-10,0,1658,bytetrack
car,0,legacy12,True,0,1,1,False,oracle_aabb,21,data30-10,0,1808,ocsort
car,0,legacy12,True,0,0,0,False,oracle_aabb,0,data30-10,0,517,deepocsort
bike,0,legacy12,True,0,1,1,False,oracle_aabb,15,data30-10,0,716,bytetrack
bike,0,legacy12,True,0,1,1,False,oracle_aabb,11,data30-10,0,213,ocsort
bike,0,legacy12,True,0,0,0,False,oracle_aabb,0,data30-10,0,0,deepocsort
pedestrian,0,legacy12,True,0,1,1,False,oracle_aabb,39,data30-10,0,10071,bytetrack
pedestrian,0,legacy12,True,0,1,1,False,oracle_aabb,89,data30-10,0,7551,ocsort
pedestrian,0,legacy12,True,0,1,1,False,oracle_aabb,13,data30-10,0,1126,deepocsort
van,0,legacy12,True,0,0,0,False,oracle_aabb,0,data30-10,0,0,bytetrack
van,0,legacy12,True,0,0,0,False,oracle_aabb,0,data30-10,0,0,ocsort
van,0,legacy12,True,0,0,0,False,oracle_aabb,0,data30-10,0,0,deepocsort
truck,0,legacy12,True,0,0,0,False,oracle_aabb,0,data30-10,0,0,bytetrack
truck,0,legacy12,True,0,0,0,False,oracle_aabb,0,data30-10,0,1,ocsort
truck,0,legacy12,True,0,0,0,False,oracle_aabb,0,data30-10,0,1,deepocsort
tricycle,0,legacy12,True,0,1,1,False,oracle_aabb,1,data30-10,0,4,bytetrack
tricycle,0,legacy12,True,0,1,1,False,oracle_aabb,3,data30-10,0,12,ocsort
tricycle,0,legacy12,True,0,0,0,False,oracle_aabb,0,data30-10,0,0,deepocsort
awning-bike,0,legacy12,True,0,1,1,False,oracle_aabb,28,data30-10,0,1517,bytetrack
awning-bike,0,legacy12,True,0,1,1,False,oracle_aabb,20,data30-10,0,512,ocsort
awning-bike,0,legacy12,True,0,1,1,False,oracle_aabb,4,data30-10,0,36,deepocsort
car,0,legacy12,True,0,1,1,False,oracle_aabb,29,data30-2,0,3950,bytetrack
car,0,legacy12,True,0,1,1,False,oracle_aabb,30,data30-2,0,3349,ocsort
car,0,legacy12,True,0,1,1,False,oracle_aabb,1,data30-2,0,209,deepocsort
bike,0,legacy12,True,0,1,1,False,oracle_aabb,16,data30-2,0,372,bytetrack
bike,0,legacy12,True,0,1,1,False,oracle_aabb,9,data30-2,0,162,ocsort
bike,0,legacy12,True,0,1,1,False,oracle_aabb,1,data30-2,0,1,deepocsort
pedestrian,0,legacy12,True,0,1,1,False,oracle_aabb,55,data30-2,0,6107,bytetrack
pedestrian,0,legacy12,True,0,1,1,False,oracle_aabb,24,data30-2,0,1449,ocsort
pedestrian,0,legacy12,True,0,1,1,False,oracle_aabb,31,data30-2,0,1470,deepocsort
van,0,legacy12,True,0,1,1,False,oracle_aabb,3,data30-2,0,57,bytetrack
van,0,legacy12,True,0,1,1,False,oracle_aabb,3,data30-2,0,40,ocsort
van,0,legacy12,True,0,0,0,False,oracle_aabb,0,data30-2,0,4,deepocsort
bus,0,legacy12,True,0,0,0,False,oracle_aabb,0,data30-2,0,0,bytetrack
bus,0,legacy12,True,0,0,0,False,oracle_aabb,0,data30-2,0,0,ocsort
bus,0,legacy12,True,0,0,0,False,oracle_aabb,0,data30-2,0,0,deepocsort
tricycle,0,legacy12,True,0,1,1,False,oracle_aabb,8,data30-2,0,69,bytetrack
tricycle,0,legacy12,True,0,1,1,False,oracle_aabb,4,data30-2,0,49,ocsort
tricycle,0,legacy12,True,0,1,1,False,oracle_aabb,1,data30-2,0,1,deepocsort
awning-bike,0,legacy12,True,0,1,1,False,oracle_aabb,20,data30-2,0,609,bytetrack
awning-bike,0,legacy12,True,0,1,1,False,oracle_aabb,9,data30-2,0,142,ocsort
awning-bike,0,legacy12,True,0,1,1,False,oracle_aabb,2,data30-2,0,6,deepocsort
car,0,legacy12,True,0,1,1,False,oracle_aabb,26,data30-3,0,3809,bytetrack
car,0,legacy12,True,0,1,1,False,oracle_aabb,39,data30-3,0,5825,ocsort
car,0,legacy12,True,0,1,1,False,oracle_aabb,2,data30-3,0,333,deepocsort
bike,0,legacy12,True,0,1,1,False,oracle_aabb,19,data30-3,0,440,bytetrack
bike,0,legacy12,True,0,1,1,False,oracle_aabb,13,data30-3,0,197,ocsort
bike,0,legacy12,True,0,1,1,False,oracle_aabb,3,data30-3,0,27,deepocsort
pedestrian,0,legacy12,True,0,1,1,False,oracle_aabb,90,data30-3,0,18064,bytetrack
pedestrian,0,legacy12,True,0,1,1,False,oracle_aabb,72,data30-3,0,6485,ocsort
pedestrian,0,legacy12,True,0,1,1,False,oracle_aabb,17,data30-3,0,440,deepocsort
van,0,legacy12,True,0,1,1,False,oracle_aabb,4,data30-3,0,38,bytetrack
van,0,legacy12,True,0,1,1,False,oracle_aabb,4,data30-3,0,32,ocsort
van,0,legacy12,True,0,0,0,False,oracle_aabb,0,data30-3,0,0,deepocsort
truck,0,legacy12,True,0,1,1,False,oracle_aabb,1,data30-3,0,6,bytetrack
truck,0,legacy12,True,0,1,1,False,oracle_aabb,1,data30-3,0,3,ocsort
truck,0,legacy12,True,0,0,0,False,oracle_aabb,0,data30-3,0,0,deepocsort
bus,0,legacy12,True,0,1,1,False,oracle_aabb,1,data30-3,0,1,bytetrack
bus,0,legacy12,True,0,1,1,False,oracle_aabb,1,data30-3,0,1,ocsort
bus,0,legacy12,True,0,0,0,False,oracle_aabb,0,data30-3,0,0,deepocsort
tricycle,0,legacy12,True,0,1,1,False,oracle_aabb,8,data30-3,0,63,bytetrack
tricycle,0,legacy12,True,0,1,1,False,oracle_aabb,5,data30-3,0,59,ocsort
tricycle,0,legacy12,True,0,0,0,False,oracle_aabb,0,data30-3,0,0,deepocsort
awning-bike,0,legacy12,True,0,1,1,False,oracle_aabb,30,data30-3,0,1045,bytetrack
awning-bike,0,legacy12,True,0,1,1,False,oracle_aabb,11,data30-3,0,203,ocsort
awning-bike,0,legacy12,True,0,1,1,False,oracle_aabb,1,data30-3,0,4,deepocsort
car,0,legacy12,True,0,1,1,False,oracle_aabb,9,data30-4,0,507,bytetrack
car,0,legacy12,True,0,1,1,False,oracle_aabb,16,data30-4,0,1036,ocsort
car,0,legacy12,True,0,0,0,False,oracle_aabb,0,data30-4,0,15,deepocsort
bike,0,legacy12,True,0,1,1,False,oracle_aabb,1,data30-4,0,1,bytetrack
bike,0,legacy12,True,0,0,0,False,oracle_aabb,0,data30-4,0,0,ocsort
bike,0,legacy12,True,0,0,0,False,oracle_aabb,0,data30-4,0,0,deepocsort
pedestrian,0,legacy12,True,0,1,1,False,oracle_aabb,46,data30-4,0,6452,bytetrack
pedestrian,0,legacy12,True,0,1,1,False,oracle_aabb,24,data30-4,0,684,ocsort
pedestrian,0,legacy12,True,0,1,1,False,oracle_aabb,29,data30-4,0,1224,deepocsort
van,0,legacy12,True,0,1,1,False,oracle_aabb,3,data30-4,0,20,bytetrack
van,0,legacy12,True,0,1,1,False,oracle_aabb,4,data30-4,0,28,ocsort
van,0,legacy12,True,0,0,0,False,oracle_aabb,0,data30-4,0,0,deepocsort
truck,0,legacy12,True,0,1,1,False,oracle_aabb,2,data30-4,0,4,bytetrack
truck,0,legacy12,True,0,1,1,False,oracle_aabb,2,data30-4,0,14,ocsort
truck,0,legacy12,True,0,0,0,False,oracle_aabb,0,data30-4,0,0,deepocsort
bus,0,legacy12,True,0,0,0,False,oracle_aabb,0,data30-4,0,3,bytetrack
bus,0,legacy12,True,0,1,1,False,oracle_aabb,2,data30-4,0,15,ocsort
bus,0,legacy12,True,0,0,0,False,oracle_aabb,0,data30-4,0,0,deepocsort
tricycle,0,legacy12,True,0,0,0,False,oracle_aabb,0,data30-4,0,0,bytetrack
tricycle,0,legacy12,True,0,0,0,False,oracle_aabb,0,data30-4,0,0,ocsort
tricycle,0,legacy12,True,0,0,0,False,oracle_aabb,0,data30-4,0,0,deepocsort
awning-bike,0,legacy12,True,0,1,1,False,oracle_aabb,5,data30-4,0,127,bytetrack
awning-bike,0,legacy12,True,0,1,1,False,oracle_aabb,4,data30-4,0,40,ocsort
awning-bike,0,legacy12,True,0,1,1,False,oracle_aabb,2,data30-4,0,10,deepocsort
car,0,legacy12,True,0,1,1,False,oracle_aabb,4,data30-5,0,92,bytetrack
car,0,legacy12,True,0,1,1,False,oracle_aabb,7,data30-5,0,107,ocsort
car,0,legacy12,True,0,1,1,False,oracle_aabb,1,data30-5,0,28,deepocsort
bike,0,legacy12,True,0,1,1,False,oracle_aabb,2,data30-5,0,3,bytetrack
bike,0,legacy12,True,0,1,1,False,oracle_aabb,3,data30-5,0,9,ocsort
bike,0,legacy12,True,0,0,0,False,oracle_aabb,0,data30-5,0,0,deepocsort
pedestrian,0,legacy12,True,0,1,1,False,oracle_aabb,35,data30-5,0,2794,bytetrack
pedestrian,0,legacy12,True,0,1,1,False,oracle_aabb,20,data30-5,0,468,ocsort
pedestrian,0,legacy12,True,0,1,1,False,oracle_aabb,10,data30-5,0,453,deepocsort
van,0,legacy12,True,0,0,0,False,oracle_aabb,0,data30-5,0,2,bytetrack
van,0,legacy12,True,0,1,1,False,oracle_aabb,2,data30-5,0,7,ocsort
van,0,legacy12,True,0,0,0,False,oracle_aabb,0,data30-5,0,0,deepocsort
bus,0,legacy12,True,0,1,1,False,oracle_aabb,1,data30-5,0,12,bytetrack
bus,0,legacy12,True,0,1,1,False,oracle_aabb,3,data30-5,0,27,ocsort
bus,0,legacy12,True,0,0,0,False,oracle_aabb,0,data30-5,0,7,deepocsort
awning-bike,0,legacy12,True,0,0,0,False,oracle_aabb,0,data30-5,0,0,bytetrack
awning-bike,0,legacy12,True,0,0,0,False,oracle_aabb,0,data30-5,0,0,ocsort
awning-bike,0,legacy12,True,0,0,0,False,oracle_aabb,0,data30-5,0,0,deepocsort
car,0,legacy12,True,0,1,1,False,oracle_aabb,1,data30-9,0,31,bytetrack
car,0,legacy12,True,0,0,0,False,oracle_aabb,0,data30-9,0,27,ocsort
car,0,legacy12,True,0,0,0,False,oracle_aabb,0,data30-9,0,12,deepocsort
bike,0,legacy12,True,0,1,1,False,oracle_aabb,26,data30-9,0,1483,bytetrack
bike,0,legacy12,True,0,1,1,False,oracle_aabb,12,data30-9,0,659,ocsort
bike,0,legacy12,True,0,0,0,False,oracle_aabb,0,data30-9,0,42,deepocsort
pedestrian,0,legacy12,True,0,1,1,False,oracle_aabb,18,data30-9,0,2519,bytetrack
pedestrian,0,legacy12,True,0,1,1,False,oracle_aabb,67,data30-9,0,8966,ocsort
pedestrian,0,legacy12,True,0,1,1,False,oracle_aabb,14,data30-9,0,1353,deepocsort
van,0,legacy12,True,0,1,1,False,oracle_aabb,1,data30-9,0,1,bytetrack
van,0,legacy12,True,0,1,1,False,oracle_aabb,2,data30-9,0,13,ocsort
van,0,legacy12,True,0,0,0,False,oracle_aabb,0,data30-9,0,0,deepocsort
tricycle,0,legacy12,True,0,0,0,False,oracle_aabb,0,data30-9,0,0,bytetrack
tricycle,0,legacy12,True,0,1,1,False,oracle_aabb,2,data30-9,0,4,ocsort
tricycle,0,legacy12,True,0,0,0,False,oracle_aabb,0,data30-9,0,0,deepocsort
awning-bike,0,legacy12,True,0,1,1,False,oracle_aabb,40,data30-9,0,2837,bytetrack
awning-bike,0,legacy12,True,0,1,1,False,oracle_aabb,22,data30-9,0,1137,ocsort
awning-bike,0,legacy12,True,0,1,1,False,oracle_aabb,2,data30-9,0,45,deepocsort
car,0,confirmation38,True,0,0,0,False,oracle_aabb,0,data23-1,0,31,bytetrack
car,0,confirmation38,True,0,0,0,False,oracle_aabb,0,data23-1,0,51,ocsort
car,0,confirmation38,True,0,0,0,False,oracle_aabb,0,data23-1,0,35,deepocsort
pedestrian,0,confirmation38,True,0,1,1,False,oracle_aabb,18,data23-1,0,788,bytetrack
pedestrian,0,confirmation38,True,0,1,1,False,oracle_aabb,9,data23-1,0,103,ocsort
pedestrian,0,confirmation38,True,0,1,1,False,oracle_aabb,1,data23-1,0,2,deepocsort
awning-bike,0,confirmation38,True,0,0,0,False,oracle_aabb,0,data23-1,0,0,bytetrack
awning-bike,0,confirmation38,True,0,0,0,False,oracle_aabb,0,data23-1,0,0,ocsort
awning-bike,0,confirmation38,True,0,0,0,False,oracle_aabb,0,data23-1,0,0,deepocsort
car,0,confirmation38,True,0,1,1,False,oracle_aabb,2,data24-1,0,318,bytetrack
car,0,confirmation38,True,0,1,1,False,oracle_aabb,3,data24-1,0,321,ocsort
car,0,confirmation38,True,0,1,1,False,oracle_aabb,3,data24-1,0,312,deepocsort
bike,0,confirmation38,True,0,1,1,False,oracle_aabb,93,data24-1,0,2748,bytetrack
bike,0,confirmation38,True,0,1,1,False,oracle_aabb,12,data24-1,0,241,ocsort
bike,0,confirmation38,True,0,0,0,False,oracle_aabb,0,data24-1,0,17,deepocsort
pedestrian,0,confirmation38,True,0,1,1,False,oracle_aabb,209,data24-1,0,16592,bytetrack
pedestrian,0,confirmation38,True,0,1,1,False,oracle_aabb,23,data24-1,0,438,ocsort
pedestrian,0,confirmation38,True,0,1,1,False,oracle_aabb,107,data24-1,0,5648,deepocsort
van,0,confirmation38,True,0,0,0,False,oracle_aabb,0,data24-1,0,0,bytetrack
van,0,confirmation38,True,0,0,0,False,oracle_aabb,0,data24-1,0,0,ocsort
van,0,confirmation38,True,0,0,0,False,oracle_aabb,0,data24-1,0,0,deepocsort
tricycle,0,confirmation38,True,0,1,1,False,oracle_aabb,1,data24-1,0,3,bytetrack
tricycle,0,confirmation38,True,0,0,0,False,oracle_aabb,0,data24-1,0,3,ocsort
tricycle,0,confirmation38,True,0,0,0,False,oracle_aabb,0,data24-1,0,0,deepocsort
awning-bike,0,confirmation38,True,0,1,1,False,oracle_aabb,75,data24-1,0,2933,bytetrack
awning-bike,0,confirmation38,True,0,1,1,False,oracle_aabb,20,data24-1,0,891,ocsort
awning-bike,0,confirmation38,True,0,0,0,False,oracle_aabb,0,data24-1,0,66,deepocsort
car,0,confirmation38,True,0,1,1,False,oracle_aabb,2,data27-1,0,24,bytetrack
car,0,confirmation38,True,0,0,0,False,oracle_aabb,0,data27-1,0,1,ocsort
car,0,confirmation38,True,0,0,0,False,oracle_aabb,0,data27-1,0,3,deepocsort
pedestrian,0,confirmation38,True,0,1,1,False,oracle_aabb,1,data27-1,0,9,bytetrack
pedestrian,0,confirmation38,True,0,1,1,False,oracle_aabb,2,data27-1,0,5,ocsort
pedestrian,0,confirmation38,True,0,0,0,False,oracle_aabb,0,data27-1,0,5,deepocsort
van,0,confirmation38,True,0,1,1,False,oracle_aabb,1,data27-1,0,14,bytetrack
van,0,confirmation38,True,0,0,0,False,oracle_aabb,0,data27-1,0,0,ocsort
van,0,confirmation38,True,0,0,0,False,oracle_aabb,0,data27-1,0,0,deepocsort
truck,0,confirmation38,True,0,0,0,False,oracle_aabb,0,data27-1,0,1,bytetrack
truck,0,confirmation38,True,0,0,0,False,oracle_aabb,0,data27-1,0,1,ocsort
truck,0,confirmation38,True,0,0,0,False,oracle_aabb,0,data27-1,0,0,deepocsort
pedestrian,0,confirmation38,True,0,1,1,False,oracle_aabb,38,data31-1,0,1436,bytetrack
pedestrian,0,confirmation38,True,0,1,1,False,oracle_aabb,4,data31-1,0,191,ocsort
pedestrian,0,confirmation38,True,0,1,1,False,oracle_aabb,2,data31-1,0,2,deepocsort
pedestrian,0,confirmation38,True,0,1,1,False,oracle_aabb,50,data33-1,0,2014,bytetrack
pedestrian,0,confirmation38,True,0,1,1,False,oracle_aabb,10,data33-1,0,296,ocsort
pedestrian,0,confirmation38,True,0,1,1,False,oracle_aabb,10,data33-1,0,89,deepocsort
car,0,confirmation38,True,0,1,1,False,oracle_aabb,4,data34-1,0,24,bytetrack
car,0,confirmation38,True,0,1,1,False,oracle_aabb,8,data34-1,0,37,ocsort
car,0,confirmation38,True,0,0,0,False,oracle_aabb,0,data34-1,0,0,deepocsort
pedestrian,0,confirmation38,True,0,1,1,False,oracle_aabb,339,data34-1,0,108261,bytetrack
pedestrian,0,confirmation38,True,0,1,1,False,oracle_aabb,76,data34-1,0,4308,ocsort
pedestrian,0,confirmation38,True,0,1,1,False,oracle_aabb,96,data34-1,0,6024,deepocsort
van,0,confirmation38,True,0,1,1,False,oracle_aabb,2,data34-1,0,4,bytetrack
van,0,confirmation38,True,0,1,1,False,oracle_aabb,1,data34-1,0,3,ocsort
van,0,confirmation38,True,0,0,0,False,oracle_aabb,0,data34-1,0,0,deepocsort
truck,0,confirmation38,True,0,1,1,False,oracle_aabb,7,data34-1,0,38,bytetrack
truck,0,confirmation38,True,0,1,1,False,oracle_aabb,7,data34-1,0,34,ocsort
truck,0,confirmation38,True,0,0,0,False,oracle_aabb,0,data34-1,0,0,deepocsort
awning-bike,0,confirmation38,True,0,0,0,False,oracle_aabb,0,data34-1,0,0,bytetrack
awning-bike,0,confirmation38,True,0,0,0,False,oracle_aabb,0,data34-1,0,0,ocsort
awning-bike,0,confirmation38,True,0,0,0,False,oracle_aabb,0,data34-1,0,0,deepocsort
car,0,confirmation38,True,0,0,0,False,oracle_aabb,0,data34-2,0,0,bytetrack
car,0,confirmation38,True,0,0,0,False,oracle_aabb,0,data34-2,0,0,ocsort
car,0,confirmation38,True,0,0,0,False,oracle_aabb,0,data34-2,0,0,deepocsort
bike,0,confirmation38,True,0,1,1,False,oracle_aabb,1,data34-2,0,1,bytetrack
bike,0,confirmation38,True,0,1,1,False,oracle_aabb,2,data34-2,0,3,ocsort
bike,0,confirmation38,True,0,0,0,False,oracle_aabb,0,data34-2,0,0,deepocsort
pedestrian,0,confirmation38,True,0,1,1,False,oracle_aabb,69,data34-2,0,12552,bytetrack
pedestrian,0,confirmation38,True,0,1,1,False,oracle_aabb,17,data34-2,0,679,ocsort
pedestrian,0,confirmation38,True,0,1,1,False,oracle_aabb,10,data34-2,0,368,deepocsort
van,0,confirmation38,True,0,0,0,False,oracle_aabb,0,data34-2,0,0,bytetrack
van,0,confirmation38,True,0,0,0,False,oracle_aabb,0,data34-2,0,0,ocsort
van,0,confirmation38,True,0,0,0,False,oracle_aabb,0,data34-2,0,0,deepocsort
awning-bike,0,confirmation38,True,0,0,0,False,oracle_aabb,0,data34-2,0,0,bytetrack
awning-bike,0,confirmation38,True,0,1,1,False,oracle_aabb,2,data34-2,0,3,ocsort
awning-bike,0,confirmation38,True,0,0,0,False,oracle_aabb,0,data34-2,0,0,deepocsort
car,0,confirmation38,True,0,0,0,False,oracle_aabb,0,data34-3,0,1,bytetrack
car,0,confirmation38,True,0,0,0,False,oracle_aabb,0,data34-3,0,0,ocsort
car,0,confirmation38,True,0,0,0,False,oracle_aabb,0,data34-3,0,0,deepocsort
bike,0,confirmation38,True,0,1,1,False,oracle_aabb,3,data34-3,0,25,bytetrack
bike,0,confirmation38,True,0,1,1,False,oracle_aabb,3,data34-3,0,10,ocsort
bike,0,confirmation38,True,0,0,0,False,oracle_aabb,0,data34-3,0,0,deepocsort
pedestrian,0,confirmation38,True,0,1,1,False,oracle_aabb,76,data34-3,0,20162,bytetrack
pedestrian,0,confirmation38,True,0,1,1,False,oracle_aabb,73,data34-3,0,13044,ocsort
pedestrian,0,confirmation38,True,0,1,1,False,oracle_aabb,44,data34-3,0,4770,deepocsort
van,0,confirmation38,True,0,1,1,False,oracle_aabb,1,data34-3,0,4,bytetrack
van,0,confirmation38,True,0,1,1,False,oracle_aabb,1,data34-3,0,3,ocsort
van,0,confirmation38,True,0,0,0,False,oracle_aabb,0,data34-3,0,0,deepocsort
truck,0,confirmation38,True,0,1,1,False,oracle_aabb,1,data34-3,0,1,bytetrack
truck,0,confirmation38,True,0,0,0,False,oracle_aabb,0,data34-3,0,0,ocsort
truck,0,confirmation38,True,0,0,0,False,oracle_aabb,0,data34-3,0,0,deepocsort
tricycle,0,confirmation38,True,0,0,0,False,oracle_aabb,0,data34-3,0,1,bytetrack
tricycle,0,confirmation38,True,0,0,0,False,oracle_aabb,0,data34-3,0,1,ocsort
tricycle,0,confirmation38,True,0,0,0,False,oracle_aabb,0,data34-3,0,0,deepocsort
car,0,confirmation38,True,0,1,1,False,oracle_aabb,1,data36-10,0,340,bytetrack
car,0,confirmation38,True,0,1,1,False,oracle_aabb,1,data36-10,0,346,ocsort
car,0,confirmation38,True,0,1,1,False,oracle_aabb,1,data36-10,0,346,deepocsort
bike,0,confirmation38,True,0,1,1,False,oracle_aabb,7,data36-10,0,29,bytetrack
bike,0,confirmation38,True,0,1,1,False,oracle_aabb,2,data36-10,0,9,ocsort
bike,0,confirmation38,True,0,0,0,False,oracle_aabb,0,data36-10,0,6,deepocsort
pedestrian,0,confirmation38,True,0,1,1,False,oracle_aabb,458,data36-10,0,201228,bytetrack
pedestrian,0,confirmation38,True,0,1,1,False,oracle_aabb,139,data36-10,0,21229,ocsort
pedestrian,0,confirmation38,True,0,1,1,False,oracle_aabb,134,data36-10,0,27111,deepocsort
van,0,confirmation38,True,0,0,0,False,oracle_aabb,0,data36-10,0,2,bytetrack
van,0,confirmation38,True,0,0,0,False,oracle_aabb,0,data36-10,0,2,ocsort
van,0,confirmation38,True,0,0,0,False,oracle_aabb,0,data36-10,0,2,deepocsort
truck,0,confirmation38,True,0,0,0,False,oracle_aabb,0,data36-10,0,0,bytetrack
truck,0,confirmation38,True,0,0,0,False,oracle_aabb,0,data36-10,0,0,ocsort
truck,0,confirmation38,True,0,0,0,False,oracle_aabb,0,data36-10,0,0,deepocsort
tricycle,0,confirmation38,True,0,0,0,False,oracle_aabb,0,data36-10,0,0,bytetrack
tricycle,0,confirmation38,True,0,0,0,False,oracle_aabb,0,data36-10,0,0,ocsort
tricycle,0,confirmation38,True,0,0,0,False,oracle_aabb,0,data36-10,0,0,deepocsort
awning-bike,0,confirmation38,True,0,1,1,False,oracle_aabb,8,data36-10,0,60,bytetrack
awning-bike,0,confirmation38,True,0,1,1,False,oracle_aabb,6,data36-10,0,73,ocsort
awning-bike,0,confirmation38,True,0,0,0,False,oracle_aabb,0,data36-10,0,7,deepocsort
car,0,confirmation38,True,0,0,0,False,oracle_aabb,0,data36-11,0,439,bytetrack
car,0,confirmation38,True,0,0,0,False,oracle_aabb,0,data36-11,0,433,ocsort
car,0,confirmation38,True,0,1,1,False,oracle_aabb,1,data36-11,0,460,deepocsort
bike,0,confirmation38,True,0,1,1,False,oracle_aabb,3,data36-11,0,11,bytetrack
bike,0,confirmation38,True,0,1,1,False,oracle_aabb,4,data36-11,0,27,ocsort
bike,0,confirmation38,True,0,0,0,False,oracle_aabb,0,data36-11,0,2,deepocsort
pedestrian,0,confirmation38,True,0,1,1,False,oracle_aabb,171,data36-11,0,82015,bytetrack
pedestrian,0,confirmation38,True,0,1,1,False,oracle_aabb,134,data36-11,0,38161,ocsort
pedestrian,0,confirmation38,True,0,1,1,False,oracle_aabb,23,data36-11,0,7133,deepocsort
van,0,confirmation38,True,0,0,0,False,oracle_aabb,0,data36-11,0,3,bytetrack
van,0,confirmation38,True,0,0,0,False,oracle_aabb,0,data36-11,0,3,ocsort
van,0,confirmation38,True,0,0,0,False,oracle_aabb,0,data36-11,0,3,deepocsort
truck,0,confirmation38,True,0,0,0,False,oracle_aabb,0,data36-11,0,0,bytetrack
truck,0,confirmation38,True,0,0,0,False,oracle_aabb,0,data36-11,0,0,ocsort
truck,0,confirmation38,True,0,0,0,False,oracle_aabb,0,data36-11,0,0,deepocsort
tricycle,0,confirmation38,True,0,0,0,False,oracle_aabb,0,data36-11,0,0,bytetrack
tricycle,0,confirmation38,True,0,1,1,False,oracle_aabb,1,data36-11,0,1,ocsort
tricycle,0,confirmation38,True,0,0,0,False,oracle_aabb,0,data36-11,0,0,deepocsort
awning-bike,0,confirmation38,True,0,1,1,False,oracle_aabb,4,data36-11,0,24,bytetrack
awning-bike,0,confirmation38,True,0,1,1,False,oracle_aabb,3,data36-11,0,11,ocsort
awning-bike,0,confirmation38,True,0,0,0,False,oracle_aabb,0,data36-11,0,1,deepocsort
car,0,confirmation38,True,0,1,1,False,oracle_aabb,3,data36-12,0,371,bytetrack
car,0,confirmation38,True,0,1,1,False,oracle_aabb,2,data36-12,0,298,ocsort
car,0,confirmation38,True,0,0,0,False,oracle_aabb,0,data36-12,0,170,deepocsort
bike,0,confirmation38,True,0,1,1,False,oracle_aabb,8,data36-12,0,212,bytetrack
bike,0,confirmation38,True,0,1,1,False,oracle_aabb,6,data36-12,0,58,ocsort
bike,0,confirmation38,True,0,0,0,False,oracle_aabb,0,data36-12,0,0,deepocsort
pedestrian,0,confirmation38,True,0,1,1,False,oracle_aabb,40,data36-12,0,1427,bytetrack
pedestrian,0,confirmation38,True,0,1,1,False,oracle_aabb,19,data36-12,0,483,ocsort
pedestrian,0,confirmation38,True,0,1,1,False,oracle_aabb,6,data36-12,0,184,deepocsort
van,0,confirmation38,True,0,0,0,False,oracle_aabb,0,data36-12,0,10,bytetrack
van,0,confirmation38,True,0,1,1,False,oracle_aabb,2,data36-12,0,29,ocsort
van,0,confirmation38,True,0,0,0,False,oracle_aabb,0,data36-12,0,11,deepocsort
truck,0,confirmation38,True,0,0,0,False,oracle_aabb,0,data36-12,0,0,bytetrack
truck,0,confirmation38,True,0,0,0,False,oracle_aabb,0,data36-12,0,0,ocsort
truck,0,confirmation38,True,0,0,0,False,oracle_aabb,0,data36-12,0,0,deepocsort
tricycle,0,confirmation38,True,0,1,1,False,oracle_aabb,5,data36-12,0,32,bytetrack
tricycle,0,confirmation38,True,0,1,1,False,oracle_aabb,2,data36-12,0,5,ocsort
tricycle,0,confirmation38,True,0,0,0,False,oracle_aabb,0,data36-12,0,1,deepocsort
awning-bike,0,confirmation38,True,0,1,1,False,oracle_aabb,1,data36-12,0,11,bytetrack
awning-bike,0,confirmation38,True,0,1,1,False,oracle_aabb,3,data36-12,0,9,ocsort
awning-bike,0,confirmation38,True,0,0,0,False,oracle_aabb,0,data36-12,0,0,deepocsort
car,0,confirmation38,True,0,1,1,False,oracle_aabb,4,data36-13,0,104,bytetrack
car,0,confirmation38,True,0,0,0,False,oracle_aabb,0,data36-13,0,55,ocsort
car,0,confirmation38,True,0,0,0,False,oracle_aabb,0,data36-13,0,14,deepocsort
bike,0,confirmation38,True,0,0,0,False,oracle_aabb,0,data36-13,0,12,bytetrack
bike,0,confirmation38,True,0,1,1,False,oracle_aabb,2,data36-13,0,15,ocsort
bike,0,confirmation38,True,0,0,0,False,oracle_aabb,0,data36-13,0,0,deepocsort
pedestrian,0,confirmation38,True,0,1,1,False,oracle_aabb,19,data36-13,0,720,bytetrack
pedestrian,0,confirmation38,True,0,1,1,False,oracle_aabb,14,data36-13,0,238,ocsort
pedestrian,0,confirmation38,True,0,1,1,False,oracle_aabb,3,data36-13,0,52,deepocsort
van,0,confirmation38,True,0,0,0,False,oracle_aabb,0,data36-13,0,0,bytetrack
van,0,confirmation38,True,0,0,0,False,oracle_aabb,0,data36-13,0,0,ocsort
van,0,confirmation38,True,0,0,0,False,oracle_aabb,0,data36-13,0,0,deepocsort
tricycle,0,confirmation38,True,0,1,1,False,oracle_aabb,1,data36-13,0,1,bytetrack
tricycle,0,confirmation38,True,0,0,0,False,oracle_aabb,0,data36-13,0,1,ocsort
tricycle,0,confirmation38,True,0,0,0,False,oracle_aabb,0,data36-13,0,0,deepocsort
awning-bike,0,confirmation38,True,0,1,1,False,oracle_aabb,2,data36-13,0,17,bytetrack
awning-bike,0,confirmation38,True,0,1,1,False,oracle_aabb,1,data36-13,0,12,ocsort
awning-bike,0,confirmation38,True,0,1,1,False,oracle_aabb,2,data36-13,0,13,deepocsort
car,0,confirmation38,True,0,1,1,False,oracle_aabb,15,data36-4,0,1867,bytetrack
car,0,confirmation38,True,0,1,1,False,oracle_aabb,26,data36-4,0,3392,ocsort
car,0,confirmation38,True,0,1,1,False,oracle_aabb,7,data36-4,0,789,deepocsort
bike,0,confirmation38,True,0,1,1,False,oracle_aabb,29,data36-4,0,559,bytetrack
bike,0,confirmation38,True,0,1,1,False,oracle_aabb,19,data36-4,0,338,ocsort
bike,0,confirmation38,True,0,1,1,False,oracle_aabb,2,data36-4,0,7,deepocsort
pedestrian,0,confirmation38,True,0,1,1,False,oracle_aabb,360,data36-4,0,133281,bytetrack
pedestrian,0,confirmation38,True,0,1,1,False,oracle_aabb,106,data36-4,0,10465,ocsort
pedestrian,0,confirmation38,True,0,1,1,False,oracle_aabb,43,data36-4,0,3840,deepocsort
van,0,confirmation38,True,0,1,1,False,oracle_aabb,1,data36-4,0,8,bytetrack
van,0,confirmation38,True,0,1,1,False,oracle_aabb,1,data36-4,0,61,ocsort
van,0,confirmation38,True,0,0,0,False,oracle_aabb,0,data36-4,0,0,deepocsort
truck,0,confirmation38,True,0,0,0,False,oracle_aabb,0,data36-4,0,3,bytetrack
truck,0,confirmation38,True,0,0,0,False,oracle_aabb,0,data36-4,0,8,ocsort
truck,0,confirmation38,True,0,0,0,False,oracle_aabb,0,data36-4,0,3,deepocsort
bus,0,confirmation38,True,0,0,0,False,oracle_aabb,0,data36-4,0,0,bytetrack
bus,0,confirmation38,True,0,0,0,False,oracle_aabb,0,data36-4,0,0,ocsort
bus,0,confirmation38,True,0,0,0,False,oracle_aabb,0,data36-4,0,0,deepocsort
tricycle,0,confirmation38,True,0,0,0,False,oracle_aabb,0,data36-4,0,7,bytetrack
tricycle,0,confirmation38,True,0,1,1,False,oracle_aabb,1,data36-4,0,6,ocsort
tricycle,0,confirmation38,True,0,0,0,False,oracle_aabb,0,data36-4,0,1,deepocsort
awning-bike,0,confirmation38,True,0,1,1,False,oracle_aabb,9,data36-4,0,89,bytetrack
awning-bike,0,confirmation38,True,0,1,1,False,oracle_aabb,7,data36-4,0,50,ocsort
awning-bike,0,confirmation38,True,0,0,0,False,oracle_aabb,0,data36-4,0,2,deepocsort
car,0,confirmation38,True,0,1,1,False,oracle_aabb,1,data36-5,0,244,bytetrack
car,0,confirmation38,True,0,1,1,False,oracle_aabb,9,data36-5,0,565,ocsort
car,0,confirmation38,True,0,1,1,False,oracle_aabb,3,data36-5,0,274,deepocsort
bike,0,confirmation38,True,0,1,1,False,oracle_aabb,9,data36-5,0,190,bytetrack
bike,0,confirmation38,True,0,1,1,False,oracle_aabb,13,data36-5,0,196,ocsort
bike,0,confirmation38,True,0,1,1,False,oracle_aabb,1,data36-5,0,12,deepocsort
pedestrian,0,confirmation38,True,0,1,1,False,oracle_aabb,139,data36-5,0,40526,bytetrack
pedestrian,0,confirmation38,True,0,1,1,False,oracle_aabb,57,data36-5,0,6366,ocsort
pedestrian,0,confirmation38,True,0,1,1,False,oracle_aabb,18,data36-5,0,465,deepocsort
van,0,confirmation38,True,0,0,0,False,oracle_aabb,0,data36-5,0,1,bytetrack
van,0,confirmation38,True,0,0,0,False,oracle_aabb,0,data36-5,0,1,ocsort
van,0,confirmation38,True,0,1,1,False,oracle_aabb,2,data36-5,0,7,deepocsort
truck,0,confirmation38,True,0,0,0,False,oracle_aabb,0,data36-5,0,1,bytetrack
truck,0,confirmation38,True,0,0,0,False,oracle_aabb,0,data36-5,0,1,ocsort
truck,0,confirmation38,True,0,0,0,False,oracle_aabb,0,data36-5,0,1,deepocsort
bus,0,confirmation38,True,0,0,0,False,oracle_aabb,0,data36-5,0,0,bytetrack
bus,0,confirmation38,True,0,0,0,False,oracle_aabb,0,data36-5,0,0,ocsort
bus,0,confirmation38,True,0,0,0,False,oracle_aabb,0,data36-5,0,0,deepocsort
tricycle,0,confirmation38,True,0,1,1,False,oracle_aabb,1,data36-5,0,1,bytetrack
tricycle,0,confirmation38,True,0,1,1,False,oracle_aabb,1,data36-5,0,1,ocsort
tricycle,0,confirmation38,True,0,0,0,False,oracle_aabb,0,data36-5,0,0,deepocsort
awning-bike,0,confirmation38,True,0,1,1,False,oracle_aabb,7,data36-5,0,64,bytetrack
awning-bike,0,confirmation38,True,0,1,1,False,oracle_aabb,6,data36-5,0,57,ocsort
awning-bike,0,confirmation38,True,0,0,0,False,oracle_aabb,0,data36-5,0,7,deepocsort
car,0,confirmation38,True,0,1,1,False,oracle_aabb,7,data37-1,0,1007,bytetrack
car,0,confirmation38,True,0,1,1,False,oracle_aabb,8,data37-1,0,935,ocsort
car,0,confirmation38,True,0,1,1,False,oracle_aabb,1,data37-1,0,340,deepocsort
bike,0,confirmation38,True,0,1,1,False,oracle_aabb,25,data37-1,0,813,bytetrack
bike,0,confirmation38,True,0,1,1,False,oracle_aabb,21,data37-1,0,601,ocsort
bike,0,confirmation38,True,0,0,0,False,oracle_aabb,0,data37-1,0,8,deepocsort
pedestrian,0,confirmation38,True,0,1,1,False,oracle_aabb,246,data37-1,0,41373,bytetrack
pedestrian,0,confirmation38,True,0,1,1,False,oracle_aabb,114,data37-1,0,12235,ocsort
pedestrian,0,confirmation38,True,0,1,1,False,oracle_aabb,36,data37-1,0,1109,deepocsort
van,0,confirmation38,True,0,1,1,False,oracle_aabb,2,data37-1,0,10,bytetrack
van,0,confirmation38,True,0,1,1,False,oracle_aabb,2,data37-1,0,6,ocsort
van,0,confirmation38,True,0,0,0,False,oracle_aabb,0,data37-1,0,0,deepocsort
truck,0,confirmation38,True,0,0,0,False,oracle_aabb,0,data37-1,0,0,bytetrack
truck,0,confirmation38,True,0,0,0,False,oracle_aabb,0,data37-1,0,0,ocsort
truck,0,confirmation38,True,0,0,0,False,oracle_aabb,0,data37-1,0,0,deepocsort
tricycle,0,confirmation38,True,0,1,1,False,oracle_aabb,2,data37-1,0,2,bytetrack
tricycle,0,confirmation38,True,0,1,1,False,oracle_aabb,4,data37-1,0,13,ocsort
tricycle,0,confirmation38,True,0,0,0,False,oracle_aabb,0,data37-1,0,0,deepocsort
awning-bike,0,confirmation38,True,0,1,1,False,oracle_aabb,2,data37-1,0,8,bytetrack
awning-bike,0,confirmation38,True,0,1,1,False,oracle_aabb,1,data37-1,0,8,ocsort
awning-bike,0,confirmation38,True,0,0,0,False,oracle_aabb,0,data37-1,0,0,deepocsort
car,0,confirmation38,True,0,1,1,False,oracle_aabb,5,data37-10,0,375,bytetrack
car,0,confirmation38,True,0,1,1,False,oracle_aabb,5,data37-10,0,387,ocsort
car,0,confirmation38,True,0,1,1,False,oracle_aabb,1,data37-10,0,173,deepocsort
bike,0,confirmation38,True,0,1,1,False,oracle_aabb,5,data37-10,0,59,bytetrack
bike,0,confirmation38,True,0,1,1,False,oracle_aabb,2,data37-10,0,15,ocsort
bike,0,confirmation38,True,0,1,1,False,oracle_aabb,2,data37-10,0,3,deepocsort
pedestrian,0,confirmation38,True,0,1,1,False,oracle_aabb,53,data37-10,0,1433,bytetrack
pedestrian,0,confirmation38,True,0,1,1,False,oracle_aabb,11,data37-10,0,140,ocsort
pedestrian,0,confirmation38,True,0,1,1,False,oracle_aabb,9,data37-10,0,62,deepocsort
van,0,confirmation38,True,0,0,0,False,oracle_aabb,0,data37-10,0,0,bytetrack
van,0,confirmation38,True,0,0,0,False,oracle_aabb,0,data37-10,0,4,ocsort
van,0,confirmation38,True,0,0,0,False,oracle_aabb,0,data37-10,0,0,deepocsort
truck,0,confirmation38,True,0,0,0,False,oracle_aabb,0,data37-10,0,0,bytetrack
truck,0,confirmation38,True,0,0,0,False,oracle_aabb,0,data37-10,0,1,ocsort
truck,0,confirmation38,True,0,0,0,False,oracle_aabb,0,data37-10,0,0,deepocsort
car,0,confirmation38,True,0,1,1,False,oracle_aabb,10,data37-11,0,666,bytetrack
car,0,confirmation38,True,0,1,1,False,oracle_aabb,12,data37-11,0,952,ocsort
car,0,confirmation38,True,0,0,0,False,oracle_aabb,0,data37-11,0,241,deepocsort
bike,0,confirmation38,True,0,1,1,False,oracle_aabb,2,data37-11,0,39,bytetrack
bike,0,confirmation38,True,0,0,0,False,oracle_aabb,0,data37-11,0,8,ocsort
bike,0,confirmation38,True,0,0,0,False,oracle_aabb,0,data37-11,0,0,deepocsort
pedestrian,0,confirmation38,True,0,1,1,False,oracle_aabb,129,data37-11,0,8645,bytetrack
pedestrian,0,confirmation38,True,0,1,1,False,oracle_aabb,21,data37-11,0,297,ocsort
pedestrian,0,confirmation38,True,0,1,1,False,oracle_aabb,14,data37-11,0,222,deepocsort
van,0,confirmation38,True,0,1,1,False,oracle_aabb,1,data37-11,0,4,bytetrack
van,0,confirmation38,True,0,1,1,False,oracle_aabb,3,data37-11,0,25,ocsort
van,0,confirmation38,True,0,0,0,False,oracle_aabb,0,data37-11,0,0,deepocsort
truck,0,confirmation38,True,0,0,0,False,oracle_aabb,0,data37-11,0,0,bytetrack
truck,0,confirmation38,True,0,0,0,False,oracle_aabb,0,data37-11,0,0,ocsort
truck,0,confirmation38,True,0,0,0,False,oracle_aabb,0,data37-11,0,0,deepocsort
tricycle,0,confirmation38,True,0,0,0,False,oracle_aabb,0,data37-11,0,0,bytetrack
tricycle,0,confirmation38,True,0,0,0,False,oracle_aabb,0,data37-11,0,1,ocsort
tricycle,0,confirmation38,True,0,0,0,False,oracle_aabb,0,data37-11,0,0,deepocsort
awning-bike,0,confirmation38,True,0,0,0,False,oracle_aabb,0,data37-11,0,2,bytetrack
awning-bike,0,confirmation38,True,0,1,1,False,oracle_aabb,2,data37-11,0,16,ocsort
awning-bike,0,confirmation38,True,0,1,1,False,oracle_aabb,1,data37-11,0,3,deepocsort
car,0,confirmation38,True,0,0,0,False,oracle_aabb,0,data37-12,0,171,bytetrack
car,0,confirmation38,True,0,0,0,False,oracle_aabb,0,data37-12,0,158,ocsort
car,0,confirmation38,True,0,0,0,False,oracle_aabb,0,data37-12,0,160,deepocsort
pedestrian,0,confirmation38,True,0,1,1,False,oracle_aabb,5,data37-12,0,56,bytetrack
pedestrian,0,confirmation38,True,0,1,1,False,oracle_aabb,4,data37-12,0,39,ocsort
pedestrian,0,confirmation38,True,0,0,0,False,oracle_aabb,0,data37-12,0,10,deepocsort
van,0,confirmation38,True,0,0,0,False,oracle_aabb,0,data37-12,0,5,bytetrack
van,0,confirmation38,True,0,0,0,False,oracle_aabb,0,data37-12,0,5,ocsort
van,0,confirmation38,True,0,0,0,False,oracle_aabb,0,data37-12,0,5,deepocsort
tricycle,0,confirmation38,True,0,0,0,False,oracle_aabb,0,data37-12,0,0,bytetrack
tricycle,0,confirmation38,True,0,0,0,False,oracle_aabb,0,data37-12,0,0,ocsort
tricycle,0,confirmation38,True,0,0,0,False,oracle_aabb,0,data37-12,0,0,deepocsort
awning-bike,0,confirmation38,True,0,0,0,False,oracle_aabb,0,data37-12,0,0,bytetrack
awning-bike,0,confirmation38,True,0,0,0,False,oracle_aabb,0,data37-12,0,0,ocsort
awning-bike,0,confirmation38,True,0,0,0,False,oracle_aabb,0,data37-12,0,0,deepocsort
car,0,confirmation38,True,0,0,0,False,oracle_aabb,0,data37-2,0,53,bytetrack
car,0,confirmation38,True,0,0,0,False,oracle_aabb,0,data37-2,0,57,ocsort
car,0,confirmation38,True,0,0,0,False,oracle_aabb,0,data37-2,0,53,deepocsort
bike,0,confirmation38,True,0,0,0,False,oracle_aabb,0,data37-2,0,0,bytetrack
bike,0,confirmation38,True,0,1,1,False,oracle_aabb,1,data37-2,0,1,ocsort
bike,0,confirmation38,True,0,0,0,False,oracle_aabb,0,data37-2,0,2,deepocsort
pedestrian,0,confirmation38,True,0,1,1,False,oracle_aabb,97,data37-2,0,14600,bytetrack
pedestrian,0,confirmation38,True,0,1,1,False,oracle_aabb,102,data37-2,0,12389,ocsort
pedestrian,0,confirmation38,True,0,1,1,False,oracle_aabb,22,data37-2,0,926,deepocsort
van,0,confirmation38,True,0,0,0,False,oracle_aabb,0,data37-2,0,0,bytetrack
van,0,confirmation38,True,0,0,0,False,oracle_aabb,0,data37-2,0,0,ocsort
van,0,confirmation38,True,0,0,0,False,oracle_aabb,0,data37-2,0,0,deepocsort
bus,0,confirmation38,True,0,0,0,False,oracle_aabb,0,data37-2,0,0,bytetrack
bus,0,confirmation38,True,0,0,0,False,oracle_aabb,0,data37-2,0,0,ocsort
bus,0,confirmation38,True,0,0,0,False,oracle_aabb,0,data37-2,0,0,deepocsort
tricycle,0,confirmation38,True,0,0,0,False,oracle_aabb,0,data37-2,0,0,bytetrack
tricycle,0,confirmation38,True,0,0,0,False,oracle_aabb,0,data37-2,0,0,ocsort
tricycle,0,confirmation38,True,0,0,0,False,oracle_aabb,0,data37-2,0,0,deepocsort
awning-bike,0,confirmation38,True,0,1,1,False,oracle_aabb,2,data37-2,0,3,bytetrack
awning-bike,0,confirmation38,True,0,1,1,False,oracle_aabb,4,data37-2,0,6,ocsort
awning-bike,0,confirmation38,True,0,1,1,False,oracle_aabb,4,data37-2,0,9,deepocsort
car,0,confirmation38,True,0,0,0,False,oracle_aabb,0,data39-1,0,4,bytetrack
car,0,confirmation38,True,0,0,0,False,oracle_aabb,0,data39-1,0,11,ocsort
car,0,confirmation38,True,0,0,0,False,oracle_aabb,0,data39-1,0,4,deepocsort
pedestrian,0,confirmation38,True,0,1,1,False,oracle_aabb,28,data39-1,0,1600,bytetrack
pedestrian,0,confirmation38,True,0,1,1,False,oracle_aabb,8,data39-1,0,142,ocsort
pedestrian,0,confirmation38,True,0,1,1,False,oracle_aabb,4,data39-1,0,216,deepocsort
pedestrian,0,confirmation38,True,0,1,1,False,oracle_aabb,18,data39-2,0,505,bytetrack
pedestrian,0,confirmation38,True,0,1,1,False,oracle_aabb,9,data39-2,0,65,ocsort
pedestrian,0,confirmation38,True,0,1,1,False,oracle_aabb,3,data39-2,0,35,deepocsort
pedestrian,0,confirmation38,True,0,1,1,False,oracle_aabb,53,data39-3,0,5010,bytetrack
pedestrian,0,confirmation38,True,0,1,1,False,oracle_aabb,19,data39-3,0,444,ocsort
pedestrian,0,confirmation38,True,0,1,1,False,oracle_aabb,9,data39-3,0,341,deepocsort
car,0,confirmation38,True,0,0,0,False,oracle_aabb,0,data39-6,0,85,bytetrack
car,0,confirmation38,True,0,0,0,False,oracle_aabb,0,data39-6,0,78,ocsort
car,0,confirmation38,True,0,0,0,False,oracle_aabb,0,data39-6,0,18,deepocsort
pedestrian,0,confirmation38,True,0,1,1,False,oracle_aabb,55,data39-6,0,5633,bytetrack
pedestrian,0,confirmation38,True,0,1,1,False,oracle_aabb,28,data39-6,0,778,ocsort
pedestrian,0,confirmation38,True,0,1,1,False,oracle_aabb,3,data39-6,0,96,deepocsort
van,0,confirmation38,True,0,0,0,False,oracle_aabb,0,data39-6,0,3,bytetrack
van,0,confirmation38,True,0,0,0,False,oracle_aabb,0,data39-6,0,0,ocsort
van,0,confirmation38,True,0,0,0,False,oracle_aabb,0,data39-6,0,1,deepocsort
truck,0,confirmation38,True,0,0,0,False,oracle_aabb,0,data39-6,0,8,bytetrack
truck,0,confirmation38,True,0,0,0,False,oracle_aabb,0,data39-6,0,1,ocsort
truck,0,confirmation38,True,0,0,0,False,oracle_aabb,0,data39-6,0,1,deepocsort
car,0,confirmation38,True,0,0,0,False,oracle_aabb,0,data40-3,0,19,bytetrack
car,0,confirmation38,True,0,1,1,False,oracle_aabb,8,data40-3,0,61,ocsort
car,0,confirmation38,True,0,1,1,False,oracle_aabb,5,data40-3,0,93,deepocsort
bike,0,confirmation38,True,0,1,1,False,oracle_aabb,1,data40-3,0,8,bytetrack
bike,0,confirmation38,True,0,1,1,False,oracle_aabb,4,data40-3,0,24,ocsort
bike,0,confirmation38,True,0,1,1,False,oracle_aabb,4,data40-3,0,12,deepocsort
pedestrian,0,confirmation38,True,0,1,1,False,oracle_aabb,5,data40-3,0,102,bytetrack
pedestrian,0,confirmation38,True,0,1,1,False,oracle_aabb,14,data40-3,0,176,ocsort
pedestrian,0,confirmation38,True,0,1,1,False,oracle_aabb,12,data40-3,0,114,deepocsort
truck,0,confirmation38,True,0,0,0,False,oracle_aabb,0,data40-3,0,2,bytetrack
truck,0,confirmation38,True,0,0,0,False,oracle_aabb,0,data40-3,0,2,ocsort
truck,0,confirmation38,True,0,0,0,False,oracle_aabb,0,data40-3,0,2,deepocsort
bus,0,confirmation38,True,0,0,0,False,oracle_aabb,0,data40-3,0,0,bytetrack
bus,0,confirmation38,True,0,0,0,False,oracle_aabb,0,data40-3,0,2,ocsort
bus,0,confirmation38,True,0,0,0,False,oracle_aabb,0,data40-3,0,0,deepocsort
car,0,confirmation38,True,0,0,0,False,oracle_aabb,0,data40-4,0,4,bytetrack
car,0,confirmation38,True,0,0,0,False,oracle_aabb,0,data40-4,0,1,ocsort
car,0,confirmation38,True,0,0,0,False,oracle_aabb,0,data40-4,0,0,deepocsort
pedestrian,0,confirmation38,True,0,1,1,False,oracle_aabb,109,data40-4,0,40883,bytetrack
pedestrian,0,confirmation38,True,0,1,1,False,oracle_aabb,106,data40-4,0,15959,ocsort
pedestrian,0,confirmation38,True,0,1,1,False,oracle_aabb,2,data40-4,0,1572,deepocsort
car,0,confirmation38,True,0,1,1,False,oracle_aabb,8,data40-5,0,92,bytetrack
car,0,confirmation38,True,0,1,1,False,oracle_aabb,9,data40-5,0,84,ocsort
car,0,confirmation38,True,0,0,0,False,oracle_aabb,0,data40-5,0,1,deepocsort
bike,0,confirmation38,True,0,0,0,False,oracle_aabb,0,data40-5,0,0,bytetrack
bike,0,confirmation38,True,0,1,1,False,oracle_aabb,2,data40-5,0,3,ocsort
bike,0,confirmation38,True,0,1,1,False,oracle_aabb,2,data40-5,0,3,deepocsort
pedestrian,0,confirmation38,True,0,1,1,False,oracle_aabb,63,data40-5,0,1540,bytetrack
pedestrian,0,confirmation38,True,0,1,1,False,oracle_aabb,11,data40-5,0,191,ocsort
pedestrian,0,confirmation38,True,0,1,1,False,oracle_aabb,19,data40-5,0,297,deepocsort
van,0,confirmation38,True,0,0,0,False,oracle_aabb,0,data40-5,0,1,bytetrack
van,0,confirmation38,True,0,0,0,False,oracle_aabb,0,data40-5,0,1,ocsort
van,0,confirmation38,True,0,0,0,False,oracle_aabb,0,data40-5,0,0,deepocsort
truck,0,confirmation38,True,0,1,1,False,oracle_aabb,1,data40-5,0,1,bytetrack
truck,0,confirmation38,True,0,1,1,False,oracle_aabb,1,data40-5,0,1,ocsort
truck,0,confirmation38,True,0,0,0,False,oracle_aabb,0,data40-5,0,0,deepocsort
bus,0,confirmation38,True,0,0,0,False,oracle_aabb,0,data40-5,0,2,bytetrack
bus,0,confirmation38,True,0,0,0,False,oracle_aabb,0,data40-5,0,2,ocsort
bus,0,confirmation38,True,0,0,0,False,oracle_aabb,0,data40-5,0,0,deepocsort
car,0,confirmation38,True,0,0,0,False,oracle_aabb,0,data41-1,0,73,bytetrack
car,0,confirmation38,True,0,1,1,False,oracle_aabb,8,data41-1,0,91,ocsort
car,0,confirmation38,True,0,1,1,False,oracle_aabb,5,data41-1,0,33,deepocsort
bike,0,confirmation38,True,0,0,0,False,oracle_aabb,0,data41-1,0,1,bytetrack
bike,0,confirmation38,True,0,1,1,False,oracle_aabb,2,data41-1,0,3,ocsort
bike,0,confirmation38,True,0,1,1,False,oracle_aabb,2,data41-1,0,3,deepocsort
pedestrian,0,confirmation38,True,0,0,0,False,oracle_aabb,0,data41-1,0,1,bytetrack
pedestrian,0,confirmation38,True,0,1,1,False,oracle_aabb,2,data41-1,0,3,ocsort
pedestrian,0,confirmation38,True,0,1,1,False,oracle_aabb,2,data41-1,0,3,deepocsort
truck,0,confirmation38,True,0,0,0,False,oracle_aabb,0,data41-1,0,0,bytetrack
truck,0,confirmation38,True,0,0,0,False,oracle_aabb,0,data41-1,0,0,ocsort
truck,0,confirmation38,True,0,0,0,False,oracle_aabb,0,data41-1,0,0,deepocsort
bus,0,confirmation38,True,0,1,1,False,oracle_aabb,1,data41-1,0,4,bytetrack
bus,0,confirmation38,True,0,1,1,False,oracle_aabb,1,data41-1,0,5,ocsort
bus,0,confirmation38,True,0,0,0,False,oracle_aabb,0,data41-1,0,2,deepocsort
car,0,confirmation38,True,0,1,1,False,oracle_aabb,5,data42-1,0,1867,bytetrack
car,0,confirmation38,True,0,1,1,False,oracle_aabb,22,data42-1,0,2316,ocsort
car,0,confirmation38,True,0,1,1,False,oracle_aabb,7,data42-1,0,1108,deepocsort
bike,0,confirmation38,True,0,1,1,False,oracle_aabb,5,data42-1,0,104,bytetrack
bike,0,confirmation38,True,0,1,1,False,oracle_aabb,4,data42-1,0,24,ocsort
bike,0,confirmation38,True,0,1,1,False,oracle_aabb,2,data42-1,0,38,deepocsort
pedestrian,0,confirmation38,True,0,1,1,False,oracle_aabb,52,data42-1,0,2066,bytetrack
pedestrian,0,confirmation38,True,0,1,1,False,oracle_aabb,28,data42-1,0,426,ocsort
pedestrian,0,confirmation38,True,0,1,1,False,oracle_aabb,39,data42-1,0,867,deepocsort
van,0,confirmation38,True,0,1,1,False,oracle_aabb,2,data42-1,0,19,bytetrack
van,0,confirmation38,True,0,1,1,False,oracle_aabb,2,data42-1,0,19,ocsort
van,0,confirmation38,True,0,0,0,False,oracle_aabb,0,data42-1,0,9,deepocsort
truck,0,confirmation38,True,0,0,0,False,oracle_aabb,0,data42-1,0,0,bytetrack
truck,0,confirmation38,True,0,0,0,False,oracle_aabb,0,data42-1,0,0,ocsort
truck,0,confirmation38,True,0,0,0,False,oracle_aabb,0,data42-1,0,0,deepocsort
bus,0,confirmation38,True,0,0,0,False,oracle_aabb,0,data42-1,0,0,bytetrack
bus,0,confirmation38,True,0,0,0,False,oracle_aabb,0,data42-1,0,0,ocsort
bus,0,confirmation38,True,0,0,0,False,oracle_aabb,0,data42-1,0,0,deepocsort
tricycle,0,confirmation38,True,0,0,0,False,oracle_aabb,0,data42-1,0,0,bytetrack
tricycle,0,confirmation38,True,0,0,0,False,oracle_aabb,0,data42-1,0,1,ocsort
tricycle,0,confirmation38,True,0,0,0,False,oracle_aabb,0,data42-1,0,5,deepocsort
car,0,confirmation38,True,0,0,0,False,oracle_aabb,0,data42-2,0,112,bytetrack
car,0,confirmation38,True,0,1,1,False,oracle_aabb,2,data42-2,0,159,ocsort
car,0,confirmation38,True,0,1,1,False,oracle_aabb,2,data42-2,0,124,deepocsort
bike,0,confirmation38,True,0,1,1,False,oracle_aabb,6,data42-2,0,86,bytetrack
bike,0,confirmation38,True,0,1,1,False,oracle_aabb,2,data42-2,0,27,ocsort
bike,0,confirmation38,True,0,1,1,False,oracle_aabb,2,data42-2,0,22,deepocsort
pedestrian,0,confirmation38,True,0,1,1,False,oracle_aabb,33,data42-2,0,2527,bytetrack
pedestrian,0,confirmation38,True,0,1,1,False,oracle_aabb,29,data42-2,0,935,ocsort
pedestrian,0,confirmation38,True,0,1,1,False,oracle_aabb,24,data42-2,0,1395,deepocsort
van,0,confirmation38,True,0,0,0,False,oracle_aabb,0,data42-2,0,0,bytetrack
van,0,confirmation38,True,0,0,0,False,oracle_aabb,0,data42-2,0,5,ocsort
van,0,confirmation38,True,0,0,0,False,oracle_aabb,0,data42-2,0,5,deepocsort
car,0,confirmation38,True,0,0,0,False,oracle_aabb,0,data42-3,0,58,bytetrack
car,0,confirmation38,True,0,1,1,False,oracle_aabb,5,data42-3,0,112,ocsort
car,0,confirmation38,True,0,1,1,False,oracle_aabb,2,data42-3,0,18,deepocsort
bike,0,confirmation38,True,0,1,1,False,oracle_aabb,1,data42-3,0,9,bytetrack
bike,0,confirmation38,True,0,1,1,False,oracle_aabb,6,data42-3,0,25,ocsort
bike,0,confirmation38,True,0,1,1,False,oracle_aabb,2,data42-3,0,3,deepocsort
pedestrian,0,confirmation38,True,0,1,1,False,oracle_aabb,7,data42-3,0,439,bytetrack
pedestrian,0,confirmation38,True,0,1,1,False,oracle_aabb,16,data42-3,0,433,ocsort
pedestrian,0,confirmation38,True,0,1,1,False,oracle_aabb,3,data42-3,0,8,deepocsort
van,0,confirmation38,True,0,0,0,False,oracle_aabb,0,data42-3,0,0,bytetrack
van,0,confirmation38,True,0,0,0,False,oracle_aabb,0,data42-3,0,0,ocsort
van,0,confirmation38,True,0,0,0,False,oracle_aabb,0,data42-3,0,2,deepocsort
bus,0,confirmation38,True,0,0,0,False,oracle_aabb,0,data42-3,0,0,bytetrack
bus,0,confirmation38,True,0,0,0,False,oracle_aabb,0,data42-3,0,0,ocsort
bus,0,confirmation38,True,0,0,0,False,oracle_aabb,0,data42-3,0,0,deepocsort
car,0,confirmation38,True,0,1,1,False,oracle_aabb,18,data46-11,0,2107,bytetrack
car,0,confirmation38,True,0,1,1,False,oracle_aabb,25,data46-11,0,1666,ocsort
car,0,confirmation38,True,0,0,0,False,oracle_aabb,0,data46-11,0,24,deepocsort
bike,0,confirmation38,True,0,1,1,False,oracle_aabb,40,data46-11,0,3440,bytetrack
bike,0,confirmation38,True,0,1,1,False,oracle_aabb,56,data46-11,0,3898,ocsort
bike,0,confirmation38,True,0,1,1,False,oracle_aabb,2,data46-11,0,4,deepocsort
pedestrian,0,confirmation38,True,0,1,1,False,oracle_aabb,78,data46-11,0,8695,bytetrack
pedestrian,0,confirmation38,True,0,1,1,False,oracle_aabb,48,data46-11,0,2074,ocsort
pedestrian,0,confirmation38,True,0,1,1,False,oracle_aabb,5,data46-11,0,72,deepocsort
van,0,confirmation38,True,0,1,1,False,oracle_aabb,9,data46-11,0,161,bytetrack
van,0,confirmation38,True,0,1,1,False,oracle_aabb,8,data46-11,0,166,ocsort
van,0,confirmation38,True,0,0,0,False,oracle_aabb,0,data46-11,0,0,deepocsort
truck,0,confirmation38,True,0,1,1,False,oracle_aabb,2,data46-11,0,4,bytetrack
truck,0,confirmation38,True,0,0,0,False,oracle_aabb,0,data46-11,0,1,ocsort
truck,0,confirmation38,True,0,0,0,False,oracle_aabb,0,data46-11,0,0,deepocsort
tricycle,0,confirmation38,True,0,1,1,False,oracle_aabb,22,data46-11,0,1121,bytetrack
tricycle,0,confirmation38,True,0,1,1,False,oracle_aabb,18,data46-11,0,663,ocsort
tricycle,0,confirmation38,True,0,0,0,False,oracle_aabb,0,data46-11,0,0,deepocsort
awning-bike,0,confirmation38,True,0,1,1,False,oracle_aabb,3,data46-11,0,35,bytetrack
awning-bike,0,confirmation38,True,0,1,1,False,oracle_aabb,6,data46-11,0,40,ocsort
awning-bike,0,confirmation38,True,0,0,0,False,oracle_aabb,0,data46-11,0,0,deepocsort
car,0,confirmation38,True,0,0,0,False,oracle_aabb,0,data46-12,0,0,bytetrack
car,0,confirmation38,True,0,1,1,False,oracle_aabb,1,data46-12,0,1,ocsort
car,0,confirmation38,True,0,0,0,False,oracle_aabb,0,data46-12,0,0,deepocsort
bike,0,confirmation38,True,0,1,1,False,oracle_aabb,1,data46-12,0,23,bytetrack
bike,0,confirmation38,True,0,1,1,False,oracle_aabb,12,data46-12,0,165,ocsort
bike,0,confirmation38,True,0,0,0,False,oracle_aabb,0,data46-12,0,0,deepocsort
pedestrian,0,confirmation38,True,0,1,1,False,oracle_aabb,69,data46-12,0,6954,bytetrack
pedestrian,0,confirmation38,True,0,1,1,False,oracle_aabb,54,data46-12,0,3656,ocsort
pedestrian,0,confirmation38,True,0,1,1,False,oracle_aabb,3,data46-12,0,80,deepocsort
van,0,confirmation38,True,0,0,0,False,oracle_aabb,0,data46-12,0,4,bytetrack
van,0,confirmation38,True,0,0,0,False,oracle_aabb,0,data46-12,0,4,ocsort
van,0,confirmation38,True,0,0,0,False,oracle_aabb,0,data46-12,0,4,deepocsort
truck,0,confirmation38,True,0,0,0,False,oracle_aabb,0,data46-12,0,0,bytetrack
truck,0,confirmation38,True,0,0,0,False,oracle_aabb,0,data46-12,0,0,ocsort
truck,0,confirmation38,True,0,0,0,False,oracle_aabb,0,data46-12,0,0,deepocsort
tricycle,0,confirmation38,True,0,1,1,False,oracle_aabb,2,data46-12,0,12,bytetrack
tricycle,0,confirmation38,True,0,1,1,False,oracle_aabb,3,data46-12,0,8,ocsort
tricycle,0,confirmation38,True,0,0,0,False,oracle_aabb,0,data46-12,0,0,deepocsort
awning-bike,0,confirmation38,True,0,1,1,False,oracle_aabb,1,data46-12,0,19,bytetrack
awning-bike,0,confirmation38,True,0,1,1,False,oracle_aabb,4,data46-12,0,26,ocsort
awning-bike,0,confirmation38,True,0,0,0,False,oracle_aabb,0,data46-12,0,0,deepocsort
car,0,confirmation38,True,0,1,1,False,oracle_aabb,2,data47-1,0,12,bytetrack
car,0,confirmation38,True,0,1,1,False,oracle_aabb,2,data47-1,0,4,ocsort
car,0,confirmation38,True,0,0,0,False,oracle_aabb,0,data47-1,0,0,deepocsort
pedestrian,0,confirmation38,True,0,1,1,False,oracle_aabb,6,data47-1,0,261,bytetrack
pedestrian,0,confirmation38,True,0,1,1,False,oracle_aabb,6,data47-1,0,126,ocsort
pedestrian,0,confirmation38,True,0,1,1,False,oracle_aabb,3,data47-1,0,10,deepocsort
car,0,confirmation38,True,0,0,0,False,oracle_aabb,0,data47-2,0,11,bytetrack
car,0,confirmation38,True,0,0,0,False,oracle_aabb,0,data47-2,0,27,ocsort
car,0,confirmation38,True,0,0,0,False,oracle_aabb,0,data47-2,0,5,deepocsort
bike,0,confirmation38,True,0,1,1,False,oracle_aabb,13,data47-2,0,619,bytetrack
bike,0,confirmation38,True,0,1,1,False,oracle_aabb,6,data47-2,0,80,ocsort
bike,0,confirmation38,True,0,1,1,False,oracle_aabb,2,data47-2,0,6,deepocsort
pedestrian,0,confirmation38,True,0,1,1,False,oracle_aabb,19,data47-2,0,925,bytetrack
pedestrian,0,confirmation38,True,0,1,1,False,oracle_aabb,7,data47-2,0,77,ocsort
pedestrian,0,confirmation38,True,0,1,1,False,oracle_aabb,1,data47-2,0,6,deepocsort
van,0,confirmation38,True,0,0,0,False,oracle_aabb,0,data47-2,0,0,bytetrack
van,0,confirmation38,True,0,0,0,False,oracle_aabb,0,data47-2,0,0,ocsort
van,0,confirmation38,True,0,0,0,False,oracle_aabb,0,data47-2,0,0,deepocsort
awning-bike,0,confirmation38,True,0,1,1,False,oracle_aabb,4,data47-2,0,82,bytetrack
awning-bike,0,confirmation38,True,0,1,1,False,oracle_aabb,6,data47-2,0,37,ocsort
awning-bike,0,confirmation38,True,0,1,1,False,oracle_aabb,2,data47-2,0,6,deepocsort
car,0,confirmation38,True,0,1,1,False,oracle_aabb,14,data47-3,0,501,bytetrack
car,0,confirmation38,True,0,1,1,False,oracle_aabb,7,data47-3,0,203,ocsort
car,0,confirmation38,True,0,1,1,False,oracle_aabb,1,data47-3,0,48,deepocsort
bike,0,confirmation38,True,0,1,1,False,oracle_aabb,20,data47-3,0,1280,bytetrack
bike,0,confirmation38,True,0,1,1,False,oracle_aabb,14,data47-3,0,277,ocsort
bike,0,confirmation38,True,0,0,0,False,oracle_aabb,0,data47-3,0,0,deepocsort
pedestrian,0,confirmation38,True,0,1,1,False,oracle_aabb,14,data47-3,0,534,bytetrack
pedestrian,0,confirmation38,True,0,1,1,False,oracle_aabb,7,data47-3,0,76,ocsort
pedestrian,0,confirmation38,True,0,1,1,False,oracle_aabb,4,data47-3,0,12,deepocsort
van,0,confirmation38,True,0,1,1,False,oracle_aabb,2,data47-3,0,3,bytetrack
van,0,confirmation38,True,0,0,0,False,oracle_aabb,0,data47-3,0,0,ocsort
van,0,confirmation38,True,0,0,0,False,oracle_aabb,0,data47-3,0,0,deepocsort
truck,0,confirmation38,True,0,0,0,False,oracle_aabb,0,data47-3,0,3,bytetrack
truck,0,confirmation38,True,0,0,0,False,oracle_aabb,0,data47-3,0,0,ocsort
truck,0,confirmation38,True,0,0,0,False,oracle_aabb,0,data47-3,0,0,deepocsort
awning-bike,0,confirmation38,True,0,1,1,False,oracle_aabb,13,data47-3,0,104,bytetrack
awning-bike,0,confirmation38,True,0,1,1,False,oracle_aabb,6,data47-3,0,32,ocsort
awning-bike,0,confirmation38,True,0,0,0,False,oracle_aabb,0,data47-3,0,0,deepocsort
car,0,confirmation38,True,0,0,0,False,oracle_aabb,0,data47-4,0,62,bytetrack
car,0,confirmation38,True,0,1,1,False,oracle_aabb,3,data47-4,0,50,ocsort
car,0,confirmation38,True,0,1,1,False,oracle_aabb,3,data47-4,0,25,deepocsort
bike,0,confirmation38,True,0,1,1,False,oracle_aabb,7,data47-4,0,58,bytetrack
bike,0,confirmation38,True,0,1,1,False,oracle_aabb,1,data47-4,0,1,ocsort
bike,0,confirmation38,True,0,0,0,False,oracle_aabb,0,data47-4,0,0,deepocsort
pedestrian,0,confirmation38,True,0,1,1,False,oracle_aabb,6,data47-4,0,142,bytetrack
pedestrian,0,confirmation38,True,0,0,0,False,oracle_aabb,0,data47-4,0,0,ocsort
pedestrian,0,confirmation38,True,0,1,1,False,oracle_aabb,4,data47-4,0,37,deepocsort
van,0,confirmation38,True,0,0,0,False,oracle_aabb,0,data47-4,0,0,bytetrack
van,0,confirmation38,True,0,0,0,False,oracle_aabb,0,data47-4,0,0,ocsort
van,0,confirmation38,True,0,0,0,False,oracle_aabb,0,data47-4,0,0,deepocsort
awning-bike,0,confirmation38,True,0,0,0,False,oracle_aabb,0,data47-4,0,0,bytetrack
awning-bike,0,confirmation38,True,0,0,0,False,oracle_aabb,0,data47-4,0,0,ocsort
awning-bike,0,confirmation38,True,0,0,0,False,oracle_aabb,0,data47-4,0,0,deepocsort
car,0,confirmation38,True,0,0,0,False,oracle_aabb,0,data48-1,0,0,bytetrack
car,0,confirmation38,True,0,0,0,False,oracle_aabb,0,data48-1,0,0,ocsort
car,0,confirmation38,True,0,0,0,False,oracle_aabb,0,data48-1,0,0,deepocsort
pedestrian,0,confirmation38,True,0,1,1,False,oracle_aabb,12,data48-1,0,1170,bytetrack
pedestrian,0,confirmation38,True,0,1,1,False,oracle_aabb,20,data48-1,0,645,ocsort
pedestrian,0,confirmation38,True,0,0,0,False,oracle_aabb,0,data48-1,0,10,deepocsort
car,0,confirmation38,True,0,1,1,False,oracle_aabb,14,data49-2,0,652,bytetrack
car,0,confirmation38,True,0,1,1,False,oracle_aabb,14,data49-2,0,515,ocsort
car,0,confirmation38,True,0,1,1,False,oracle_aabb,1,data49-2,0,70,deepocsort
bike,0,confirmation38,True,0,1,1,False,oracle_aabb,16,data49-2,0,275,bytetrack
bike,0,confirmation38,True,0,1,1,False,oracle_aabb,8,data49-2,0,49,ocsort
bike,0,confirmation38,True,0,0,0,False,oracle_aabb,0,data49-2,0,0,deepocsort
pedestrian,0,confirmation38,True,0,1,1,False,oracle_aabb,16,data49-2,0,206,bytetrack
pedestrian,0,confirmation38,True,0,1,1,False,oracle_aabb,5,data49-2,0,20,ocsort
pedestrian,0,confirmation38,True,0,1,1,False,oracle_aabb,1,data49-2,0,10,deepocsort
van,0,confirmation38,True,0,1,1,False,oracle_aabb,5,data49-2,0,35,bytetrack
van,0,confirmation38,True,0,0,0,False,oracle_aabb,0,data49-2,0,6,ocsort
van,0,confirmation38,True,0,0,0,False,oracle_aabb,0,data49-2,0,0,deepocsort
truck,0,confirmation38,True,0,1,1,False,oracle_aabb,1,data49-2,0,3,bytetrack
truck,0,confirmation38,True,0,0,0,False,oracle_aabb,0,data49-2,0,1,ocsort
truck,0,confirmation38,True,0,0,0,False,oracle_aabb,0,data49-2,0,0,deepocsort
bus,0,confirmation38,True,0,0,0,False,oracle_aabb,0,data49-2,0,2,bytetrack
bus,0,confirmation38,True,0,0,0,False,oracle_aabb,0,data49-2,0,2,ocsort
bus,0,confirmation38,True,0,0,0,False,oracle_aabb,0,data49-2,0,1,deepocsort
awning-bike,0,confirmation38,True,0,1,1,False,oracle_aabb,19,data49-2,0,281,bytetrack
awning-bike,0,confirmation38,True,0,1,1,False,oracle_aabb,6,data49-2,0,19,ocsort
awning-bike,0,confirmation38,True,0,0,0,False,oracle_aabb,0,data49-2,0,0,deepocsort
car,0,legacy12,True,0,1,1,False,official_detector,69,data28-1,0,5118,bytetrack
car,0,legacy12,True,0,1,1,False,official_detector,68,data28-1,0,4056,ocsort
car,0,legacy12,True,0,1,1,False,official_detector,2,data28-1,0,177,deepocsort
bike,0,legacy12,True,0,0,0,False,official_detector,0,data28-1,0,2,bytetrack
bike,0,legacy12,True,0,1,1,False,official_detector,1,data28-1,0,1,ocsort
bike,0,legacy12,True,0,0,0,False,official_detector,0,data28-1,0,0,deepocsort
pedestrian,0,legacy12,True,0,0,0,False,official_detector,0,data28-1,0,7,bytetrack
pedestrian,0,legacy12,True,0,0,0,False,official_detector,0,data28-1,0,0,ocsort
pedestrian,0,legacy12,True,0,0,0,False,official_detector,0,data28-1,0,3,deepocsort
van,0,legacy12,True,0,1,1,False,official_detector,4,data28-1,0,26,bytetrack
van,0,legacy12,True,0,1,1,False,official_detector,1,data28-1,0,22,ocsort
van,0,legacy12,True,0,0,0,False,official_detector,0,data28-1,0,12,deepocsort
truck,0,legacy12,True,0,0,0,False,official_detector,0,data28-1,0,3,bytetrack
truck,0,legacy12,True,0,0,0,False,official_detector,0,data28-1,0,0,ocsort
truck,0,legacy12,True,0,0,0,False,official_detector,0,data28-1,0,2,deepocsort
bus,0,legacy12,True,0,0,0,False,official_detector,0,data28-1,0,0,bytetrack
bus,0,legacy12,True,0,0,0,False,official_detector,0,data28-1,0,0,ocsort
bus,0,legacy12,True,0,0,0,False,official_detector,0,data28-1,0,1,deepocsort
tricycle,0,legacy12,True,0,0,0,False,official_detector,0,data28-1,0,0,bytetrack
tricycle,0,legacy12,True,0,0,0,False,official_detector,0,data28-1,0,0,ocsort
tricycle,0,legacy12,True,0,0,0,False,official_detector,0,data28-1,0,0,deepocsort
awning-bike,0,legacy12,True,0,0,0,False,official_detector,0,data28-1,0,0,bytetrack
awning-bike,0,legacy12,True,0,0,0,False,official_detector,0,data28-1,0,0,ocsort
awning-bike,0,legacy12,True,0,0,0,False,official_detector,0,data28-1,0,0,deepocsort
car,0,legacy12,True,0,1,1,False,official_detector,6,data28-2,0,232,bytetrack
car,0,legacy12,True,0,1,1,False,official_detector,29,data28-2,0,1083,ocsort
car,0,legacy12,True,0,0,0,False,official_detector,0,data28-2,0,6,deepocsort
bike,0,legacy12,True,0,0,0,False,official_detector,0,data28-2,0,0,bytetrack
bike,0,legacy12,True,0,0,0,False,official_detector,0,data28-2,0,0,ocsort
bike,0,legacy12,True,0,0,0,False,official_detector,0,data28-2,0,0,deepocsort
pedestrian,0,legacy12,True,0,0,0,False,official_detector,0,data28-2,0,0,bytetrack
pedestrian,0,legacy12,True,0,1,1,False,official_detector,2,data28-2,0,3,ocsort
pedestrian,0,legacy12,True,0,0,0,False,official_detector,0,data28-2,0,0,deepocsort
van,0,legacy12,True,0,0,0,False,official_detector,0,data28-2,0,0,bytetrack
van,0,legacy12,True,0,0,0,False,official_detector,0,data28-2,0,0,ocsort
van,0,legacy12,True,0,0,0,False,official_detector,0,data28-2,0,0,deepocsort
truck,0,legacy12,True,0,0,0,False,official_detector,0,data28-2,0,1,bytetrack
truck,0,legacy12,True,0,0,0,False,official_detector,0,data28-2,0,0,ocsort
truck,0,legacy12,True,0,0,0,False,official_detector,0,data28-2,0,0,deepocsort
bus,0,legacy12,True,0,0,0,False,official_detector,0,data28-2,0,0,bytetrack
bus,0,legacy12,True,0,0,0,False,official_detector,0,data28-2,0,0,ocsort
bus,0,legacy12,True,0,0,0,False,official_detector,0,data28-2,0,0,deepocsort
tricycle,0,legacy12,True,0,1,1,False,official_detector,1,data28-2,0,3,bytetrack
tricycle,0,legacy12,True,0,1,1,False,official_detector,2,data28-2,0,7,ocsort
tricycle,0,legacy12,True,0,1,1,False,official_detector,2,data28-2,0,3,deepocsort
awning-bike,0,legacy12,True,0,0,0,False,official_detector,0,data28-2,0,1,bytetrack
awning-bike,0,legacy12,True,0,1,1,False,official_detector,1,data28-2,0,3,ocsort
awning-bike,0,legacy12,True,0,1,1,False,official_detector,1,data28-2,0,3,deepocsort
car,0,legacy12,True,0,0,0,False,official_detector,0,data28-3,0,1,bytetrack
car,0,legacy12,True,0,0,0,False,official_detector,0,data28-3,0,3,ocsort
car,0,legacy12,True,0,0,0,False,official_detector,0,data28-3,0,3,deepocsort
bike,0,legacy12,True,0,0,0,False,official_detector,0,data28-3,0,0,bytetrack
bike,0,legacy12,True,0,0,0,False,official_detector,0,data28-3,0,0,ocsort
bike,0,legacy12,True,0,0,0,False,official_detector,0,data28-3,0,0,deepocsort
pedestrian,0,legacy12,True,0,0,0,False,official_detector,0,data28-3,0,0,bytetrack
pedestrian,0,legacy12,True,0,0,0,False,official_detector,0,data28-3,0,0,ocsort
pedestrian,0,legacy12,True,0,0,0,False,official_detector,0,data28-3,0,0,deepocsort
van,0,legacy12,True,0,0,0,False,official_detector,0,data28-3,0,0,bytetrack
van,0,legacy12,True,0,0,0,False,official_detector,0,data28-3,0,0,ocsort
van,0,legacy12,True,0,0,0,False,official_detector,0,data28-3,0,0,deepocsort
truck,0,legacy12,True,0,0,0,False,official_detector,0,data28-3,0,0,bytetrack
truck,0,legacy12,True,0,0,0,False,official_detector,0,data28-3,0,3,ocsort
truck,0,legacy12,True,0,0,0,False,official_detector,0,data28-3,0,1,deepocsort
bus,0,legacy12,True,0,0,0,False,official_detector,0,data28-3,0,8,bytetrack
bus,0,legacy12,True,0,0,0,False,official_detector,0,data28-3,0,1,ocsort
bus,0,legacy12,True,0,0,0,False,official_detector,0,data28-3,0,0,deepocsort
tricycle,0,legacy12,True,0,0,0,False,official_detector,0,data28-3,0,0,bytetrack
tricycle,0,legacy12,True,0,0,0,False,official_detector,0,data28-3,0,0,ocsort
tricycle,0,legacy12,True,0,0,0,False,official_detector,0,data28-3,0,0,deepocsort
awning-bike,0,legacy12,True,0,0,0,False,official_detector,0,data28-3,0,0,bytetrack
awning-bike,0,legacy12,True,0,0,0,False,official_detector,0,data28-3,0,0,ocsort
awning-bike,0,legacy12,True,0,0,0,False,official_detector,0,data28-3,0,0,deepocsort
car,0,legacy12,True,0,0,0,False,official_detector,0,data28-4,0,13,bytetrack
car,0,legacy12,True,0,0,0,False,official_detector,0,data28-4,0,0,ocsort
car,0,legacy12,True,0,0,0,False,official_detector,0,data28-4,0,19,deepocsort
bike,0,legacy12,True,0,0,0,False,official_detector,0,data28-4,0,0,bytetrack
bike,0,legacy12,True,0,0,0,False,official_detector,0,data28-4,0,0,ocsort
bike,0,legacy12,True,0,0,0,False,official_detector,0,data28-4,0,0,deepocsort
pedestrian,0,legacy12,True,0,0,0,False,official_detector,0,data28-4,0,0,bytetrack
pedestrian,0,legacy12,True,0,0,0,False,official_detector,0,data28-4,0,0,ocsort
pedestrian,0,legacy12,True,0,0,0,False,official_detector,0,data28-4,0,0,deepocsort
van,0,legacy12,True,0,0,0,False,official_detector,0,data28-4,0,0,bytetrack
van,0,legacy12,True,0,0,0,False,official_detector,0,data28-4,0,0,ocsort
van,0,legacy12,True,0,0,0,False,official_detector,0,data28-4,0,0,deepocsort
truck,0,legacy12,True,0,0,0,False,official_detector,0,data28-4,0,0,bytetrack
truck,0,legacy12,True,0,0,0,False,official_detector,0,data28-4,0,3,ocsort
truck,0,legacy12,True,0,0,0,False,official_detector,0,data28-4,0,3,deepocsort
bus,0,legacy12,True,0,0,0,False,official_detector,0,data28-4,0,0,bytetrack
bus,0,legacy12,True,0,0,0,False,official_detector,0,data28-4,0,0,ocsort
bus,0,legacy12,True,0,0,0,False,official_detector,0,data28-4,0,0,deepocsort
tricycle,0,legacy12,True,0,0,0,False,official_detector,0,data28-4,0,0,bytetrack
tricycle,0,legacy12,True,0,0,0,False,official_detector,0,data28-4,0,0,ocsort
tricycle,0,legacy12,True,0,0,0,False,official_detector,0,data28-4,0,0,deepocsort
awning-bike,0,legacy12,True,0,0,0,False,official_detector,0,data28-4,0,0,bytetrack
awning-bike,0,legacy12,True,0,0,0,False,official_detector,0,data28-4,0,0,ocsort
awning-bike,0,legacy12,True,0,0,0,False,official_detector,0,data28-4,0,0,deepocsort
car,0,legacy12,True,0,0,0,False,official_detector,0,data28-5,0,9,bytetrack
car,0,legacy12,True,0,1,1,False,official_detector,4,data28-5,0,48,ocsort
car,0,legacy12,True,0,1,1,False,official_detector,4,data28-5,0,48,deepocsort
bike,0,legacy12,True,0,0,0,False,official_detector,0,data28-5,0,0,bytetrack
bike,0,legacy12,True,0,1,1,False,official_detector,2,data28-5,0,3,ocsort
bike,0,legacy12,True,0,1,1,False,official_detector,2,data28-5,0,3,deepocsort
pedestrian,0,legacy12,True,0,0,0,False,official_detector,0,data28-5,0,0,bytetrack
pedestrian,0,legacy12,True,0,1,1,False,official_detector,2,data28-5,0,5,ocsort
pedestrian,0,legacy12,True,0,1,1,False,official_detector,1,data28-5,0,4,deepocsort
van,0,legacy12,True,0,0,0,False,official_detector,0,data28-5,0,0,bytetrack
van,0,legacy12,True,0,0,0,False,official_detector,0,data28-5,0,0,ocsort
van,0,legacy12,True,0,0,0,False,official_detector,0,data28-5,0,0,deepocsort
truck,0,legacy12,True,0,0,0,False,official_detector,0,data28-5,0,0,bytetrack
truck,0,legacy12,True,0,0,0,False,official_detector,0,data28-5,0,1,ocsort
truck,0,legacy12,True,0,0,0,False,official_detector,0,data28-5,0,1,deepocsort
bus,0,legacy12,True,0,0,0,False,official_detector,0,data28-5,0,0,bytetrack
bus,0,legacy12,True,0,0,0,False,official_detector,0,data28-5,0,0,ocsort
bus,0,legacy12,True,0,0,0,False,official_detector,0,data28-5,0,0,deepocsort
tricycle,0,legacy12,True,0,0,0,False,official_detector,0,data28-5,0,0,bytetrack
tricycle,0,legacy12,True,0,0,0,False,official_detector,0,data28-5,0,0,ocsort
tricycle,0,legacy12,True,0,0,0,False,official_detector,0,data28-5,0,0,deepocsort
awning-bike,0,legacy12,True,0,0,0,False,official_detector,0,data28-5,0,0,bytetrack
awning-bike,0,legacy12,True,0,0,0,False,official_detector,0,data28-5,0,0,ocsort
awning-bike,0,legacy12,True,0,0,0,False,official_detector,0,data28-5,0,0,deepocsort
car,0,legacy12,True,0,0,0,False,official_detector,0,data28-6,0,0,bytetrack
car,0,legacy12,True,0,0,0,False,official_detector,0,data28-6,0,0,ocsort
car,0,legacy12,True,0,0,0,False,official_detector,0,data28-6,0,0,deepocsort
bike,0,legacy12,True,0,0,0,False,official_detector,0,data28-6,0,0,bytetrack
bike,0,legacy12,True,0,0,0,False,official_detector,0,data28-6,0,0,ocsort
bike,0,legacy12,True,0,0,0,False,official_detector,0,data28-6,0,0,deepocsort
pedestrian,0,legacy12,True,0,0,0,False,official_detector,0,data28-6,0,0,bytetrack
pedestrian,0,legacy12,True,0,0,0,False,official_detector,0,data28-6,0,0,ocsort
pedestrian,0,legacy12,True,0,0,0,False,official_detector,0,data28-6,0,0,deepocsort
van,0,legacy12,True,0,1,1,False,official_detector,1,data28-6,0,11,bytetrack
van,0,legacy12,True,0,0,0,False,official_detector,0,data28-6,0,5,ocsort
van,0,legacy12,True,0,0,0,False,official_detector,0,data28-6,0,0,deepocsort
truck,0,legacy12,True,0,0,0,False,official_detector,0,data28-6,0,1,bytetrack
truck,0,legacy12,True,0,0,0,False,official_detector,0,data28-6,0,0,ocsort
truck,0,legacy12,True,0,0,0,False,official_detector,0,data28-6,0,0,deepocsort
bus,0,legacy12,True,0,1,1,False,official_detector,1,data28-6,0,18,bytetrack
bus,0,legacy12,True,0,0,0,False,official_detector,0,data28-6,0,2,ocsort
bus,0,legacy12,True,0,0,0,False,official_detector,0,data28-6,0,3,deepocsort
tricycle,0,legacy12,True,0,0,0,False,official_detector,0,data28-6,0,0,bytetrack
tricycle,0,legacy12,True,0,0,0,False,official_detector,0,data28-6,0,0,ocsort
tricycle,0,legacy12,True,0,0,0,False,official_detector,0,data28-6,0,0,deepocsort
awning-bike,0,legacy12,True,0,0,0,False,official_detector,0,data28-6,0,0,bytetrack
awning-bike,0,legacy12,True,0,0,0,False,official_detector,0,data28-6,0,0,ocsort
awning-bike,0,legacy12,True,0,0,0,False,official_detector,0,data28-6,0,0,deepocsort
car,0,legacy12,True,0,1,1,False,official_detector,21,data30-10,0,2190,bytetrack
car,0,legacy12,True,0,1,1,False,official_detector,23,data30-10,0,1640,ocsort
car,0,legacy12,True,0,1,1,False,official_detector,4,data30-10,0,700,deepocsort
bike,0,legacy12,True,0,0,0,False,official_detector,0,data30-10,0,0,bytetrack
bike,0,legacy12,True,0,0,0,False,official_detector,0,data30-10,0,0,ocsort
bike,0,legacy12,True,0,0,0,False,official_detector,0,data30-10,0,0,deepocsort
pedestrian,0,legacy12,True,0,1,1,False,official_detector,6,data30-10,0,1354,bytetrack
pedestrian,0,legacy12,True,0,1,1,False,official_detector,45,data30-10,0,2582,ocsort
pedestrian,0,legacy12,True,0,1,1,False,official_detector,16,data30-10,0,885,deepocsort
van,0,legacy12,True,0,1,1,False,official_detector,6,data30-10,0,96,bytetrack
van,0,legacy12,True,0,0,0,False,official_detector,0,data30-10,0,31,ocsort
van,0,legacy12,True,0,0,0,False,official_detector,0,data30-10,0,20,deepocsort
truck,0,legacy12,True,0,0,0,False,official_detector,0,data30-10,0,0,bytetrack
truck,0,legacy12,True,0,0,0,False,official_detector,0,data30-10,0,0,ocsort
truck,0,legacy12,True,0,0,0,False,official_detector,0,data30-10,0,0,deepocsort
bus,0,legacy12,True,0,0,0,False,official_detector,0,data30-10,0,0,bytetrack
bus,0,legacy12,True,0,0,0,False,official_detector,0,data30-10,0,0,ocsort
bus,0,legacy12,True,0,0,0,False,official_detector,0,data30-10,0,0,deepocsort
tricycle,0,legacy12,True,0,1,1,False,official_detector,6,data30-10,0,58,bytetrack
tricycle,0,legacy12,True,0,1,1,False,official_detector,2,data30-10,0,4,ocsort
tricycle,0,legacy12,True,0,0,0,False,official_detector,0,data30-10,0,0,deepocsort
awning-bike,0,legacy12,True,0,1,1,False,official_detector,22,data30-10,0,1330,bytetrack
awning-bike,0,legacy12,True,0,1,1,False,official_detector,16,data30-10,0,393,ocsort
awning-bike,0,legacy12,True,0,1,1,False,official_detector,5,data30-10,0,43,deepocsort
car,0,legacy12,True,0,1,1,False,official_detector,36,data30-2,0,5008,bytetrack
car,0,legacy12,True,0,1,1,False,official_detector,38,data30-2,0,4399,ocsort
car,0,legacy12,True,0,1,1,False,official_detector,6,data30-2,0,482,deepocsort
bike,0,legacy12,True,0,1,1,False,official_detector,13,data30-2,0,253,bytetrack
bike,0,legacy12,True,0,1,1,False,official_detector,5,data30-2,0,144,ocsort
bike,0,legacy12,True,0,1,1,False,official_detector,1,data30-2,0,12,deepocsort
pedestrian,0,legacy12,True,0,1,1,False,official_detector,17,data30-2,0,1092,bytetrack
pedestrian,0,legacy12,True,0,1,1,False,official_detector,15,data30-2,0,972,ocsort
pedestrian,0,legacy12,True,0,1,1,False,official_detector,14,data30-2,0,684,deepocsort
van,0,legacy12,True,0,1,1,False,official_detector,5,data30-2,0,65,bytetrack
van,0,legacy12,True,0,1,1,False,official_detector,4,data30-2,0,35,ocsort
van,0,legacy12,True,0,0,0,False,official_detector,0,data30-2,0,3,deepocsort
truck,0,legacy12,True,0,0,0,False,official_detector,0,data30-2,0,0,bytetrack
truck,0,legacy12,True,0,0,0,False,official_detector,0,data30-2,0,0,ocsort
truck,0,legacy12,True,0,0,0,False,official_detector,0,data30-2,0,0,deepocsort
bus,0,legacy12,True,0,0,0,False,official_detector,0,data30-2,0,0,bytetrack
bus,0,legacy12,True,0,0,0,False,official_detector,0,data30-2,0,0,ocsort
bus,0,legacy12,True,0,0,0,False,official_detector,0,data30-2,0,0,deepocsort
tricycle,0,legacy12,True,0,1,1,False,official_detector,1,data30-2,0,2,bytetrack
tricycle,0,legacy12,True,0,1,1,False,official_detector,1,data30-2,0,5,ocsort
tricycle,0,legacy12,True,0,0,0,False,official_detector,0,data30-2,0,0,deepocsort
awning-bike,0,legacy12,True,0,1,1,False,official_detector,19,data30-2,0,509,bytetrack
awning-bike,0,legacy12,True,0,1,1,False,official_detector,8,data30-2,0,131,ocsort
awning-bike,0,legacy12,True,0,1,1,False,official_detector,2,data30-2,0,9,deepocsort
car,0,legacy12,True,0,1,1,False,official_detector,38,data30-3,0,5257,bytetrack
car,0,legacy12,True,0,1,1,False,official_detector,43,data30-3,0,6610,ocsort
car,0,legacy12,True,0,1,1,False,official_detector,5,data30-3,0,374,deepocsort
bike,0,legacy12,True,0,1,1,False,official_detector,17,data30-3,0,423,bytetrack
bike,0,legacy12,True,0,1,1,False,official_detector,15,data30-3,0,254,ocsort
bike,0,legacy12,True,0,1,1,False,official_detector,1,data30-3,0,22,deepocsort
pedestrian,0,legacy12,True,0,1,1,False,official_detector,65,data30-3,0,10261,bytetrack
pedestrian,0,legacy12,True,0,1,1,False,official_detector,47,data30-3,0,3238,ocsort
pedestrian,0,legacy12,True,0,1,1,False,official_detector,7,data30-3,0,245,deepocsort
van,0,legacy12,True,0,1,1,False,official_detector,3,data30-3,0,17,bytetrack
van,0,legacy12,True,0,1,1,False,official_detector,1,data30-3,0,1,ocsort
van,0,legacy12,True,0,0,0,False,official_detector,0,data30-3,0,0,deepocsort
truck,0,legacy12,True,0,0,0,False,official_detector,0,data30-3,0,0,bytetrack
truck,0,legacy12,True,0,0,0,False,official_detector,0,data30-3,0,0,ocsort
truck,0,legacy12,True,0,0,0,False,official_detector,0,data30-3,0,0,deepocsort
bus,0,legacy12,True,0,1,1,False,official_detector,1,data30-3,0,1,bytetrack
bus,0,legacy12,True,0,1,1,False,official_detector,1,data30-3,0,1,ocsort
bus,0,legacy12,True,0,0,0,False,official_detector,0,data30-3,0,0,deepocsort
tricycle,0,legacy12,True,0,0,0,False,official_detector,0,data30-3,0,0,bytetrack
tricycle,0,legacy12,True,0,0,0,False,official_detector,0,data30-3,0,0,ocsort
tricycle,0,legacy12,True,0,0,0,False,official_detector,0,data30-3,0,0,deepocsort
awning-bike,0,legacy12,True,0,1,1,False,official_detector,19,data30-3,0,520,bytetrack
awning-bike,0,legacy12,True,0,1,1,False,official_detector,5,data30-3,0,64,ocsort
awning-bike,0,legacy12,True,0,0,0,False,official_detector,0,data30-3,0,3,deepocsort
car,0,legacy12,True,0,1,1,False,official_detector,11,data30-4,0,684,bytetrack
car,0,legacy12,True,0,1,1,False,official_detector,14,data30-4,0,1110,ocsort
car,0,legacy12,True,0,0,0,False,official_detector,0,data30-4,0,34,deepocsort
bike,0,legacy12,True,0,0,0,False,official_detector,0,data30-4,0,0,bytetrack
bike,0,legacy12,True,0,0,0,False,official_detector,0,data30-4,0,0,ocsort
bike,0,legacy12,True,0,0,0,False,official_detector,0,data30-4,0,0,deepocsort
pedestrian,0,legacy12,True,0,1,1,False,official_detector,30,data30-4,0,3060,bytetrack
pedestrian,0,legacy12,True,0,1,1,False,official_detector,13,data30-4,0,434,ocsort
pedestrian,0,legacy12,True,0,1,1,False,official_detector,18,data30-4,0,628,deepocsort
van,0,legacy12,True,0,1,1,False,official_detector,3,data30-4,0,34,bytetrack
van,0,legacy12,True,0,0,0,False,official_detector,0,data30-4,0,26,ocsort
van,0,legacy12,True,0,0,0,False,official_detector,0,data30-4,0,2,deepocsort
truck,0,legacy12,True,0,0,0,False,official_detector,0,data30-4,0,0,bytetrack
truck,0,legacy12,True,0,0,0,False,official_detector,0,data30-4,0,0,ocsort
truck,0,legacy12,True,0,0,0,False,official_detector,0,data30-4,0,0,deepocsort
bus,0,legacy12,True,0,1,1,False,official_detector,2,data30-4,0,10,bytetrack
bus,0,legacy12,True,0,1,1,False,official_detector,2,data30-4,0,12,ocsort
bus,0,legacy12,True,0,1,1,False,official_detector,1,data30-4,0,2,deepocsort
tricycle,0,legacy12,True,0,0,0,False,official_detector,0,data30-4,0,0,bytetrack
tricycle,0,legacy12,True,0,0,0,False,official_detector,0,data30-4,0,0,ocsort
tricycle,0,legacy12,True,0,0,0,False,official_detector,0,data30-4,0,0,deepocsort
awning-bike,0,legacy12,True,0,1,1,False,official_detector,3,data30-4,0,71,bytetrack
awning-bike,0,legacy12,True,0,1,1,False,official_detector,3,data30-4,0,26,ocsort
awning-bike,0,legacy12,True,0,1,1,False,official_detector,3,data30-4,0,8,deepocsort
car,0,legacy12,True,0,1,1,False,official_detector,4,data30-5,0,116,bytetrack
car,0,legacy12,True,0,1,1,False,official_detector,8,data30-5,0,93,ocsort
car,0,legacy12,True,0,0,0,False,official_detector,0,data30-5,0,11,deepocsort
bike,0,legacy12,True,0,0,0,False,official_detector,0,data30-5,0,0,bytetrack
bike,0,legacy12,True,0,1,1,False,official_detector,1,data30-5,0,1,ocsort
bike,0,legacy12,True,0,0,0,False,official_detector,0,data30-5,0,0,deepocsort
pedestrian,0,legacy12,True,0,1,1,False,official_detector,9,data30-5,0,376,bytetrack
pedestrian,0,legacy12,True,0,1,1,False,official_detector,12,data30-5,0,253,ocsort
pedestrian,0,legacy12,True,0,1,1,False,official_detector,2,data30-5,0,246,deepocsort
van,0,legacy12,True,0,0,0,False,official_detector,0,data30-5,0,0,bytetrack
van,0,legacy12,True,0,0,0,False,official_detector,0,data30-5,0,0,ocsort
van,0,legacy12,True,0,0,0,False,official_detector,0,data30-5,0,0,deepocsort
truck,0,legacy12,True,0,0,0,False,official_detector,0,data30-5,0,0,bytetrack
truck,0,legacy12,True,0,0,0,False,official_detector,0,data30-5,0,0,ocsort
truck,0,legacy12,True,0,0,0,False,official_detector,0,data30-5,0,0,deepocsort
bus,0,legacy12,True,0,1,1,False,official_detector,3,data30-5,0,21,bytetrack
bus,0,legacy12,True,0,1,1,False,official_detector,1,data30-5,0,12,ocsort
bus,0,legacy12,True,0,0,0,False,official_detector,0,data30-5,0,3,deepocsort
tricycle,0,legacy12,True,0,0,0,False,official_detector,0,data30-5,0,0,bytetrack
tricycle,0,legacy12,True,0,0,0,False,official_detector,0,data30-5,0,0,ocsort
tricycle,0,legacy12,True,0,0,0,False,official_detector,0,data30-5,0,0,deepocsort
awning-bike,0,legacy12,True,0,0,0,False,official_detector,0,data30-5,0,0,bytetrack
awning-bike,0,legacy12,True,0,0,0,False,official_detector,0,data30-5,0,0,ocsort
awning-bike,0,legacy12,True,0,0,0,False,official_detector,0,data30-5,0,0,deepocsort
car,0,legacy12,True,0,1,1,False,official_detector,5,data30-9,0,166,bytetrack
car,0,legacy12,True,0,1,1,False,official_detector,4,data30-9,0,264,ocsort
car,0,legacy12,True,0,1,1,False,official_detector,1,data30-9,0,75,deepocsort
bike,0,legacy12,True,0,1,1,False,official_detector,2,data30-9,0,61,bytetrack
bike,0,legacy12,True,0,1,1,False,official_detector,4,data30-9,0,93,ocsort
bike,0,legacy12,True,0,0,0,False,official_detector,0,data30-9,0,17,deepocsort
pedestrian,0,legacy12,True,0,1,1,False,official_detector,4,data30-9,0,519,bytetrack
pedestrian,0,legacy12,True,0,1,1,False,official_detector,49,data30-9,0,4185,ocsort
pedestrian,0,legacy12,True,0,1,1,False,official_detector,6,data30-9,0,1085,deepocsort
van,0,legacy12,True,0,1,1,False,official_detector,2,data30-9,0,40,bytetrack
van,0,legacy12,True,0,0,0,False,official_detector,0,data30-9,0,40,ocsort
van,0,legacy12,True,0,0,0,False,official_detector,0,data30-9,0,7,deepocsort
truck,0,legacy12,True,0,0,0,False,official_detector,0,data30-9,0,0,bytetrack
truck,0,legacy12,True,0,0,0,False,official_detector,0,data30-9,0,0,ocsort
truck,0,legacy12,True,0,0,0,False,official_detector,0,data30-9,0,0,deepocsort
bus,0,legacy12,True,0,0,0,False,official_detector,0,data30-9,0,0,bytetrack
bus,0,legacy12,True,0,0,0,False,official_detector,0,data30-9,0,0,ocsort
bus,0,legacy12,True,0,0,0,False,official_detector,0,data30-9,0,0,deepocsort
tricycle,0,legacy12,True,0,1,1,False,official_detector,1,data30-9,0,6,bytetrack
tricycle,0,legacy12,True,0,0,0,False,official_detector,0,data30-9,0,3,ocsort
tricycle,0,legacy12,True,0,0,0,False,official_detector,0,data30-9,0,0,deepocsort
awning-bike,0,legacy12,True,0,1,1,False,official_detector,29,data30-9,0,1373,bytetrack
awning-bike,0,legacy12,True,0,1,1,False,official_detector,19,data30-9,0,720,ocsort
awning-bike,0,legacy12,True,0,1,1,False,official_detector,3,data30-9,0,72,deepocsort
car,0,confirmation38,True,0,1,1,False,official_detector,1,data23-1,0,62,bytetrack
car,0,confirmation38,True,0,1,1,False,official_detector,1,data23-1,0,74,ocsort
car,0,confirmation38,True,0,0,0,False,official_detector,0,data23-1,0,44,deepocsort
bike,0,confirmation38,True,0,0,0,False,official_detector,0,data23-1,0,0,bytetrack
bike,0,confirmation38,True,0,0,0,False,official_detector,0,data23-1,0,0,ocsort
bike,0,confirmation38,True,0,0,0,False,official_detector,0,data23-1,0,0,deepocsort
pedestrian,0,confirmation38,True,0,1,1,False,official_detector,5,data23-1,0,28,bytetrack
pedestrian,0,confirmation38,True,0,1,1,False,official_detector,2,data23-1,0,13,ocsort
pedestrian,0,confirmation38,True,0,0,0,False,official_detector,0,data23-1,0,1,deepocsort
van,0,confirmation38,True,0,0,0,False,official_detector,0,data23-1,0,0,bytetrack
van,0,confirmation38,True,0,0,0,False,official_detector,0,data23-1,0,0,ocsort
van,0,confirmation38,True,0,0,0,False,official_detector,0,data23-1,0,0,deepocsort
truck,0,confirmation38,True,0,0,0,False,official_detector,0,data23-1,0,0,bytetrack
truck,0,confirmation38,True,0,0,0,False,official_detector,0,data23-1,0,0,ocsort
truck,0,confirmation38,True,0,0,0,False,official_detector,0,data23-1,0,0,deepocsort
bus,0,confirmation38,True,0,0,0,False,official_detector,0,data23-1,0,0,bytetrack
bus,0,confirmation38,True,0,0,0,False,official_detector,0,data23-1,0,0,ocsort
bus,0,confirmation38,True,0,0,0,False,official_detector,0,data23-1,0,0,deepocsort
tricycle,0,confirmation38,True,0,0,0,False,official_detector,0,data23-1,0,0,bytetrack
tricycle,0,confirmation38,True,0,0,0,False,official_detector,0,data23-1,0,0,ocsort
tricycle,0,confirmation38,True,0,0,0,False,official_detector,0,data23-1,0,0,deepocsort
awning-bike,0,confirmation38,True,0,0,0,False,official_detector,0,data23-1,0,0,bytetrack
awning-bike,0,confirmation38,True,0,0,0,False,official_detector,0,data23-1,0,0,ocsort
awning-bike,0,confirmation38,True,0,0,0,False,official_detector,0,data23-1,0,0,deepocsort
car,0,confirmation38,True,0,1,1,False,official_detector,13,data24-1,0,636,bytetrack
car,0,confirmation38,True,0,1,1,False,official_detector,4,data24-1,0,444,ocsort
car,0,confirmation38,True,0,1,1,False,official_detector,6,data24-1,0,323,deepocsort
bike,0,confirmation38,True,0,1,1,False,official_detector,23,data24-1,0,360,bytetrack
bike,0,confirmation38,True,0,1,1,False,official_detector,3,data24-1,0,53,ocsort
bike,0,confirmation38,True,0,0,0,False,official_detector,0,data24-1,0,12,deepocsort
pedestrian,0,confirmation38,True,0,1,1,False,official_detector,107,data24-1,0,6091,bytetrack
pedestrian,0,confirmation38,True,0,1,1,False,official_detector,25,data24-1,0,348,ocsort
pedestrian,0,confirmation38,True,0,1,1,False,official_detector,54,data24-1,0,3525,deepocsort
van,0,confirmation38,True,0,0,0,False,official_detector,0,data24-1,0,4,bytetrack
van,0,confirmation38,True,0,0,0,False,official_detector,0,data24-1,0,3,ocsort
van,0,confirmation38,True,0,0,0,False,official_detector,0,data24-1,0,0,deepocsort
truck,0,confirmation38,True,0,0,0,False,official_detector,0,data24-1,0,0,bytetrack
truck,0,confirmation38,True,0,0,0,False,official_detector,0,data24-1,0,0,ocsort
truck,0,confirmation38,True,0,0,0,False,official_detector,0,data24-1,0,0,deepocsort
bus,0,confirmation38,True,0,0,0,False,official_detector,0,data24-1,0,0,bytetrack
bus,0,confirmation38,True,0,0,0,False,official_detector,0,data24-1,0,0,ocsort
bus,0,confirmation38,True,0,0,0,False,official_detector,0,data24-1,0,0,deepocsort
tricycle,0,confirmation38,True,0,0,0,False,official_detector,0,data24-1,0,0,bytetrack
tricycle,0,confirmation38,True,0,0,0,False,official_detector,0,data24-1,0,0,ocsort
tricycle,0,confirmation38,True,0,0,0,False,official_detector,0,data24-1,0,0,deepocsort
awning-bike,0,confirmation38,True,0,1,1,False,official_detector,43,data24-1,0,1033,bytetrack
awning-bike,0,confirmation38,True,0,1,1,False,official_detector,7,data24-1,0,189,ocsort
awning-bike,0,confirmation38,True,0,0,0,False,official_detector,0,data24-1,0,36,deepocsort
car,0,confirmation38,True,0,1,1,False,official_detector,2,data27-1,0,24,bytetrack
car,0,confirmation38,True,0,1,1,False,official_detector,1,data27-1,0,7,ocsort
car,0,confirmation38,True,0,0,0,False,official_detector,0,data27-1,0,3,deepocsort
bike,0,confirmation38,True,0,0,0,False,official_detector,0,data27-1,0,0,bytetrack
bike,0,confirmation38,True,0,0,0,False,official_detector,0,data27-1,0,0,ocsort
bike,0,confirmation38,True,0,0,0,False,official_detector,0,data27-1,0,0,deepocsort
pedestrian,0,confirmation38,True,0,0,0,False,official_detector,0,data27-1,0,0,bytetrack
pedestrian,0,confirmation38,True,0,0,0,False,official_detector,0,data27-1,0,0,ocsort
pedestrian,0,confirmation38,True,0,0,0,False,official_detector,0,data27-1,0,0,deepocsort
van,0,confirmation38,True,0,0,0,False,official_detector,0,data27-1,0,0,bytetrack
van,0,confirmation38,True,0,0,0,False,official_detector,0,data27-1,0,0,ocsort
van,0,confirmation38,True,0,0,0,False,official_detector,0,data27-1,0,0,deepocsort
truck,0,confirmation38,True,0,1,1,False,official_detector,2,data27-1,0,6,bytetrack
truck,0,confirmation38,True,0,0,0,False,official_detector,0,data27-1,0,3,ocsort
truck,0,confirmation38,True,0,0,0,False,official_detector,0,data27-1,0,1,deepocsort
bus,0,confirmation38,True,0,0,0,False,official_detector,0,data27-1,0,0,bytetrack
bus,0,confirmation38,True,0,0,0,False,official_detector,0,data27-1,0,0,ocsort
bus,0,confirmation38,True,0,0,0,False,official_detector,0,data27-1,0,0,deepocsort
tricycle,0,confirmation38,True,0,0,0,False,official_detector,0,data27-1,0,0,bytetrack
tricycle,0,confirmation38,True,0,0,0,False,official_detector,0,data27-1,0,0,ocsort
tricycle,0,confirmation38,True,0,0,0,False,official_detector,0,data27-1,0,0,deepocsort
awning-bike,0,confirmation38,True,0,0,0,False,official_detector,0,data27-1,0,0,bytetrack
awning-bike,0,confirmation38,True,0,0,0,False,official_detector,0,data27-1,0,0,ocsort
awning-bike,0,confirmation38,True,0,0,0,False,official_detector,0,data27-1,0,0,deepocsort
car,0,confirmation38,True,0,0,0,False,official_detector,0,data31-1,0,0,bytetrack
car,0,confirmation38,True,0,0,0,False,official_detector,0,data31-1,0,0,ocsort
car,0,confirmation38,True,0,0,0,False,official_detector,0,data31-1,0,0,deepocsort
bike,0,confirmation38,True,0,0,0,False,official_detector,0,data31-1,0,0,bytetrack
bike,0,confirmation38,True,0,0,0,False,official_detector,0,data31-1,0,0,ocsort
bike,0,confirmation38,True,0,0,0,False,official_detector,0,data31-1,0,0,deepocsort
pedestrian,0,confirmation38,True,0,1,1,False,official_detector,14,data31-1,0,479,bytetrack
pedestrian,0,confirmation38,True,0,1,1,False,official_detector,6,data31-1,0,169,ocsort
pedestrian,0,confirmation38,True,0,0,0,False,official_detector,0,data31-1,0,10,deepocsort
van,0,confirmation38,True,0,0,0,False,official_detector,0,data31-1,0,0,bytetrack
van,0,confirmation38,True,0,0,0,False,official_detector,0,data31-1,0,0,ocsort
van,0,confirmation38,True,0,0,0,False,official_detector,0,data31-1,0,0,deepocsort
truck,0,confirmation38,True,0,0,0,False,official_detector,0,data31-1,0,0,bytetrack
truck,0,confirmation38,True,0,0,0,False,official_detector,0,data31-1,0,0,ocsort
truck,0,confirmation38,True,0,0,0,False,official_detector,0,data31-1,0,0,deepocsort
bus,0,confirmation38,True,0,0,0,False,official_detector,0,data31-1,0,0,bytetrack
bus,0,confirmation38,True,0,0,0,False,official_detector,0,data31-1,0,0,ocsort
bus,0,confirmation38,True,0,0,0,False,official_detector,0,data31-1,0,0,deepocsort
tricycle,0,confirmation38,True,0,0,0,False,official_detector,0,data31-1,0,0,bytetrack
tricycle,0,confirmation38,True,0,0,0,False,official_detector,0,data31-1,0,0,ocsort
tricycle,0,confirmation38,True,0,0,0,False,official_detector,0,data31-1,0,0,deepocsort
awning-bike,0,confirmation38,True,0,0,0,False,official_detector,0,data31-1,0,0,bytetrack
awning-bike,0,confirmation38,True,0,0,0,False,official_detector,0,data31-1,0,0,ocsort
awning-bike,0,confirmation38,True,0,0,0,False,official_detector,0,data31-1,0,0,deepocsort
car,0,confirmation38,True,0,0,0,False,official_detector,0,data33-1,0,0,bytetrack
car,0,confirmation38,True,0,0,0,False,official_detector,0,data33-1,0,0,ocsort
car,0,confirmation38,True,0,0,0,False,official_detector,0,data33-1,0,0,deepocsort
bike,0,confirmation38,True,0,0,0,False,official_detector,0,data33-1,0,0,bytetrack
bike,0,confirmation38,True,0,0,0,False,official_detector,0,data33-1,0,0,ocsort
bike,0,confirmation38,True,0,0,0,False,official_detector,0,data33-1,0,0,deepocsort
pedestrian,0,confirmation38,True,0,1,1,False,official_detector,48,data33-1,0,1663,bytetrack
pedestrian,0,confirmation38,True,0,1,1,False,official_detector,9,data33-1,0,194,ocsort
pedestrian,0,confirmation38,True,0,1,1,False,official_detector,8,data33-1,0,99,deepocsort
van,0,confirmation38,True,0,0,0,False,official_detector,0,data33-1,0,0,bytetrack
van,0,confirmation38,True,0,0,0,False,official_detector,0,data33-1,0,0,ocsort
van,0,confirmation38,True,0,0,0,False,official_detector,0,data33-1,0,0,deepocsort
truck,0,confirmation38,True,0,0,0,False,official_detector,0,data33-1,0,1,bytetrack
truck,0,confirmation38,True,0,0,0,False,official_detector,0,data33-1,0,0,ocsort
truck,0,confirmation38,True,0,0,0,False,official_detector,0,data33-1,0,0,deepocsort
bus,0,confirmation38,True,0,0,0,False,official_detector,0,data33-1,0,0,bytetrack
bus,0,confirmation38,True,0,0,0,False,official_detector,0,data33-1,0,0,ocsort
bus,0,confirmation38,True,0,0,0,False,official_detector,0,data33-1,0,0,deepocsort
tricycle,0,confirmation38,True,0,0,0,False,official_detector,0,data33-1,0,0,bytetrack
tricycle,0,confirmation38,True,0,0,0,False,official_detector,0,data33-1,0,0,ocsort
tricycle,0,confirmation38,True,0,0,0,False,official_detector,0,data33-1,0,0,deepocsort
awning-bike,0,confirmation38,True,0,0,0,False,official_detector,0,data33-1,0,0,bytetrack
awning-bike,0,confirmation38,True,0,0,0,False,official_detector,0,data33-1,0,0,ocsort
awning-bike,0,confirmation38,True,0,0,0,False,official_detector,0,data33-1,0,0,deepocsort
car,0,confirmation38,True,0,1,1,False,official_detector,9,data34-1,0,97,bytetrack
car,0,confirmation38,True,0,1,1,False,official_detector,8,data34-1,0,56,ocsort
car,0,confirmation38,True,0,0,0,False,official_detector,0,data34-1,0,0,deepocsort
bike,0,confirmation38,True,0,0,0,False,official_detector,0,data34-1,0,0,bytetrack
bike,0,confirmation38,True,0,0,0,False,official_detector,0,data34-1,0,0,ocsort
bike,0,confirmation38,True,0,0,0,False,official_detector,0,data34-1,0,0,deepocsort
pedestrian,0,confirmation38,True,0,1,1,False,official_detector,259,data34-1,0,60114,bytetrack
pedestrian,0,confirmation38,True,0,1,1,False,official_detector,80,data34-1,0,4064,ocsort
pedestrian,0,confirmation38,True,0,1,1,False,official_detector,74,data34-1,0,4712,deepocsort
van,0,confirmation38,True,0,0,0,False,official_detector,0,data34-1,0,0,bytetrack
van,0,confirmation38,True,0,0,0,False,official_detector,0,data34-1,0,0,ocsort
van,0,confirmation38,True,0,0,0,False,official_detector,0,data34-1,0,0,deepocsort
truck,0,confirmation38,True,0,0,0,False,official_detector,0,data34-1,0,0,bytetrack
truck,0,confirmation38,True,0,0,0,False,official_detector,0,data34-1,0,1,ocsort
truck,0,confirmation38,True,0,0,0,False,official_detector,0,data34-1,0,0,deepocsort
bus,0,confirmation38,True,0,0,0,False,official_detector,0,data34-1,0,0,bytetrack
bus,0,confirmation38,True,0,0,0,False,official_detector,0,data34-1,0,0,ocsort
bus,0,confirmation38,True,0,0,0,False,official_detector,0,data34-1,0,0,deepocsort
tricycle,0,confirmation38,True,0,0,0,False,official_detector,0,data34-1,0,0,bytetrack
tricycle,0,confirmation38,True,0,0,0,False,official_detector,0,data34-1,0,0,ocsort
tricycle,0,confirmation38,True,0,0,0,False,official_detector,0,data34-1,0,0,deepocsort
awning-bike,0,confirmation38,True,0,1,1,False,official_detector,1,data34-1,0,1,bytetrack
awning-bike,0,confirmation38,True,0,0,0,False,official_detector,0,data34-1,0,0,ocsort
awning-bike,0,confirmation38,True,0,0,0,False,official_detector,0,data34-1,0,0,deepocsort
car,0,confirmation38,True,0,1,1,False,official_detector,1,data34-2,0,1,bytetrack
car,0,confirmation38,True,0,1,1,False,official_detector,1,data34-2,0,4,ocsort
car,0,confirmation38,True,0,0,0,False,official_detector,0,data34-2,0,0,deepocsort
bike,0,confirmation38,True,0,0,0,False,official_detector,0,data34-2,0,0,bytetrack
bike,0,confirmation38,True,0,0,0,False,official_detector,0,data34-2,0,0,ocsort
bike,0,confirmation38,True,0,0,0,False,official_detector,0,data34-2,0,0,deepocsort
pedestrian,0,confirmation38,True,0,1,1,False,official_detector,24,data34-2,0,2303,bytetrack
pedestrian,0,confirmation38,True,0,1,1,False,official_detector,10,data34-2,0,195,ocsort
pedestrian,0,confirmation38,True,0,1,1,False,official_detector,8,data34-2,0,395,deepocsort
van,0,confirmation38,True,0,0,0,False,official_detector,0,data34-2,0,0,bytetrack
van,0,confirmation38,True,0,0,0,False,official_detector,0,data34-2,0,0,ocsort
van,0,confirmation38,True,0,0,0,False,official_detector,0,data34-2,0,0,deepocsort
truck,0,confirmation38,True,0,0,0,False,official_detector,0,data34-2,0,0,bytetrack
truck,0,confirmation38,True,0,0,0,False,official_detector,0,data34-2,0,0,ocsort
truck,0,confirmation38,True,0,0,0,False,official_detector,0,data34-2,0,0,deepocsort
bus,0,confirmation38,True,0,0,0,False,official_detector,0,data34-2,0,0,bytetrack
bus,0,confirmation38,True,0,0,0,False,official_detector,0,data34-2,0,0,ocsort
bus,0,confirmation38,True,0,0,0,False,official_detector,0,data34-2,0,0,deepocsort
tricycle,0,confirmation38,True,0,0,0,False,official_detector,0,data34-2,0,0,bytetrack
tricycle,0,confirmation38,True,0,0,0,False,official_detector,0,data34-2,0,0,ocsort
tricycle,0,confirmation38,True,0,0,0,False,official_detector,0,data34-2,0,0,deepocsort
awning-bike,0,confirmation38,True,0,1,1,False,official_detector,1,data34-2,0,1,bytetrack
awning-bike,0,confirmation38,True,0,0,0,False,official_detector,0,data34-2,0,0,ocsort
awning-bike,0,confirmation38,True,0,0,0,False,official_detector,0,data34-2,0,0,deepocsort
car,0,confirmation38,True,0,1,1,False,official_detector,1,data34-3,0,6,bytetrack
car,0,confirmation38,True,0,0,0,False,official_detector,0,data34-3,0,1,ocsort
car,0,confirmation38,True,0,0,0,False,official_detector,0,data34-3,0,0,deepocsort
bike,0,confirmation38,True,0,1,1,False,official_detector,1,data34-3,0,6,bytetrack
bike,0,confirmation38,True,0,0,0,False,official_detector,0,data34-3,0,0,ocsort
bike,0,confirmation38,True,0,0,0,False,official_detector,0,data34-3,0,0,deepocsort
pedestrian,0,confirmation38,True,0,1,1,False,official_detector,48,data34-3,0,9358,bytetrack
pedestrian,0,confirmation38,True,0,1,1,False,official_detector,60,data34-3,0,10151,ocsort
pedestrian,0,confirmation38,True,0,1,1,False,official_detector,34,data34-3,0,3490,deepocsort
van,0,confirmation38,True,0,1,1,False,official_detector,1,data34-3,0,5,bytetrack
van,0,confirmation38,True,0,0,0,False,official_detector,0,data34-3,0,3,ocsort
van,0,confirmation38,True,0,0,0,False,official_detector,0,data34-3,0,0,deepocsort
truck,0,confirmation38,True,0,0,0,False,official_detector,0,data34-3,0,0,bytetrack
truck,0,confirmation38,True,0,1,1,False,official_detector,1,data34-3,0,1,ocsort
truck,0,confirmation38,True,0,0,0,False,official_detector,0,data34-3,0,0,deepocsort
bus,0,confirmation38,True,0,0,0,False,official_detector,0,data34-3,0,0,bytetrack
bus,0,confirmation38,True,0,0,0,False,official_detector,0,data34-3,0,0,ocsort
bus,0,confirmation38,True,0,0,0,False,official_detector,0,data34-3,0,0,deepocsort
tricycle,0,confirmation38,True,0,1,1,False,official_detector,2,data34-3,0,9,bytetrack
tricycle,0,confirmation38,True,0,0,0,False,official_detector,0,data34-3,0,1,ocsort
tricycle,0,confirmation38,True,0,0,0,False,official_detector,0,data34-3,0,0,deepocsort
awning-bike,0,confirmation38,True,0,0,0,False,official_detector,0,data34-3,0,0,bytetrack
awning-bike,0,confirmation38,True,0,0,0,False,official_detector,0,data34-3,0,0,ocsort
awning-bike,0,confirmation38,True,0,0,0,False,official_detector,0,data34-3,0,0,deepocsort
car,0,confirmation38,True,0,1,1,False,official_detector,8,data36-10,0,499,bytetrack
car,0,confirmation38,True,0,1,1,False,official_detector,3,data36-10,0,416,ocsort
car,0,confirmation38,True,0,1,1,False,official_detector,1,data36-10,0,377,deepocsort
bike,0,confirmation38,True,0,1,1,False,official_detector,3,data36-10,0,9,bytetrack
bike,0,confirmation38,True,0,1,1,False,official_detector,2,data36-10,0,11,ocsort
bike,0,confirmation38,True,0,0,0,False,official_detector,0,data36-10,0,5,deepocsort
pedestrian,0,confirmation38,True,0,1,1,False,official_detector,189,data36-10,0,35521,bytetrack
pedestrian,0,confirmation38,True,0,1,1,False,official_detector,105,data36-10,0,12413,ocsort
pedestrian,0,confirmation38,True,0,1,1,False,official_detector,106,data36-10,0,16052,deepocsort
van,0,confirmation38,True,0,0,0,False,official_detector,0,data36-10,0,2,bytetrack
van,0,confirmation38,True,0,0,0,False,official_detector,0,data36-10,0,0,ocsort
van,0,confirmation38,True,0,0,0,False,official_detector,0,data36-10,0,0,deepocsort
truck,0,confirmation38,True,0,0,0,False,official_detector,0,data36-10,0,0,bytetrack
truck,0,confirmation38,True,0,0,0,False,official_detector,0,data36-10,0,0,ocsort
truck,0,confirmation38,True,0,0,0,False,official_detector,0,data36-10,0,0,deepocsort
bus,0,confirmation38,True,0,0,0,False,official_detector,0,data36-10,0,0,bytetrack
bus,0,confirmation38,True,0,0,0,False,official_detector,0,data36-10,0,0,ocsort
bus,0,confirmation38,True,0,0,0,False,official_detector,0,data36-10,0,0,deepocsort
tricycle,0,confirmation38,True,0,1,1,False,official_detector,1,data36-10,0,1,bytetrack
tricycle,0,confirmation38,True,0,0,0,False,official_detector,0,data36-10,0,1,ocsort
tricycle,0,confirmation38,True,0,0,0,False,official_detector,0,data36-10,0,0,deepocsort
awning-bike,0,confirmation38,True,0,1,1,False,official_detector,3,data36-10,0,54,bytetrack
awning-bike,0,confirmation38,True,0,1,1,False,official_detector,6,data36-10,0,71,ocsort
awning-bike,0,confirmation38,True,0,0,0,False,official_detector,0,data36-10,0,8,deepocsort
car,0,confirmation38,True,0,1,1,False,official_detector,8,data36-11,0,777,bytetrack
car,0,confirmation38,True,0,0,0,False,official_detector,0,data36-11,0,575,ocsort
car,0,confirmation38,True,0,1,1,False,official_detector,1,data36-11,0,503,deepocsort
bike,0,confirmation38,True,0,0,0,False,official_detector,0,data36-11,0,4,bytetrack
bike,0,confirmation38,True,0,1,1,False,official_detector,1,data36-11,0,8,ocsort
bike,0,confirmation38,True,0,0,0,False,official_detector,0,data36-11,0,5,deepocsort
pedestrian,0,confirmation38,True,0,1,1,False,official_detector,30,data36-11,0,4576,bytetrack
pedestrian,0,confirmation38,True,0,1,1,False,official_detector,102,data36-11,0,22388,ocsort
pedestrian,0,confirmation38,True,0,1,1,False,official_detector,37,data36-11,0,6583,deepocsort
van,0,confirmation38,True,0,0,0,False,official_detector,0,data36-11,0,5,bytetrack
van,0,confirmation38,True,0,0,0,False,official_detector,0,data36-11,0,3,ocsort
van,0,confirmation38,True,0,0,0,False,official_detector,0,data36-11,0,2,deepocsort
truck,0,confirmation38,True,0,0,0,False,official_detector,0,data36-11,0,0,bytetrack
truck,0,confirmation38,True,0,0,0,False,official_detector,0,data36-11,0,0,ocsort
truck,0,confirmation38,True,0,0,0,False,official_detector,0,data36-11,0,0,deepocsort
bus,0,confirmation38,True,0,0,0,False,official_detector,0,data36-11,0,0,bytetrack
bus,0,confirmation38,True,0,0,0,False,official_detector,0,data36-11,0,0,ocsort
bus,0,confirmation38,True,0,0,0,False,official_detector,0,data36-11,0,0,deepocsort
tricycle,0,confirmation38,True,0,0,0,False,official_detector,0,data36-11,0,0,bytetrack
tricycle,0,confirmation38,True,0,0,0,False,official_detector,0,data36-11,0,0,ocsort
tricycle,0,confirmation38,True,0,0,0,False,official_detector,0,data36-11,0,0,deepocsort
awning-bike,0,confirmation38,True,0,0,0,False,official_detector,0,data36-11,0,8,bytetrack
awning-bike,0,confirmation38,True,0,1,1,False,official_detector,3,data36-11,0,21,ocsort
awning-bike,0,confirmation38,True,0,0,0,False,official_detector,0,data36-11,0,1,deepocsort
car,0,confirmation38,True,0,1,1,False,official_detector,16,data36-12,0,976,bytetrack
car,0,confirmation38,True,0,1,1,False,official_detector,9,data36-12,0,624,ocsort
car,0,confirmation38,True,0,0,0,False,official_detector,0,data36-12,0,314,deepocsort
bike,0,confirmation38,True,0,1,1,False,official_detector,2,data36-12,0,35,bytetrack
bike,0,confirmation38,True,0,1,1,False,official_detector,1,data36-12,0,9,ocsort
bike,0,confirmation38,True,0,0,0,False,official_detector,0,data36-12,0,0,deepocsort
pedestrian,0,confirmation38,True,0,1,1,False,official_detector,2,data36-12,0,35,bytetrack
pedestrian,0,confirmation38,True,0,1,1,False,official_detector,7,data36-12,0,94,ocsort
pedestrian,0,confirmation38,True,0,1,1,False,official_detector,1,data36-12,0,42,deepocsort
van,0,confirmation38,True,0,0,0,False,official_detector,0,data36-12,0,4,bytetrack
van,0,confirmation38,True,0,1,1,False,official_detector,1,data36-12,0,9,ocsort
van,0,confirmation38,True,0,0,0,False,official_detector,0,data36-12,0,4,deepocsort
truck,0,confirmation38,True,0,0,0,False,official_detector,0,data36-12,0,0,bytetrack
truck,0,confirmation38,True,0,0,0,False,official_detector,0,data36-12,0,0,ocsort
truck,0,confirmation38,True,0,0,0,False,official_detector,0,data36-12,0,0,deepocsort
bus,0,confirmation38,True,0,0,0,False,official_detector,0,data36-12,0,0,bytetrack
bus,0,confirmation38,True,0,0,0,False,official_detector,0,data36-12,0,0,ocsort
bus,0,confirmation38,True,0,0,0,False,official_detector,0,data36-12,0,0,deepocsort
tricycle,0,confirmation38,True,0,0,0,False,official_detector,0,data36-12,0,2,bytetrack
tricycle,0,confirmation38,True,0,0,0,False,official_detector,0,data36-12,0,1,ocsort
tricycle,0,confirmation38,True,0,0,0,False,official_detector,0,data36-12,0,0,deepocsort
awning-bike,0,confirmation38,True,0,1,1,False,official_detector,6,data36-12,0,37,bytetrack
awning-bike,0,confirmation38,True,0,1,1,False,official_detector,5,data36-12,0,24,ocsort
awning-bike,0,confirmation38,True,0,0,0,False,official_detector,0,data36-12,0,0,deepocsort
car,0,confirmation38,True,0,1,1,False,official_detector,7,data36-13,0,308,bytetrack
car,0,confirmation38,True,0,1,1,False,official_detector,5,data36-13,0,207,ocsort
car,0,confirmation38,True,0,1,1,False,official_detector,2,data36-13,0,49,deepocsort
bike,0,confirmation38,True,0,1,1,False,official_detector,1,data36-13,0,13,bytetrack
bike,0,confirmation38,True,0,1,1,False,official_detector,1,data36-13,0,11,ocsort
bike,0,confirmation38,True,0,0,0,False,official_detector,0,data36-13,0,7,deepocsort
pedestrian,0,confirmation38,True,0,1,1,False,official_detector,6,data36-13,0,133,bytetrack
pedestrian,0,confirmation38,True,0,1,1,False,official_detector,9,data36-13,0,135,ocsort
pedestrian,0,confirmation38,True,0,1,1,False,official_detector,1,data36-13,0,30,deepocsort
van,0,confirmation38,True,0,0,0,False,official_detector,0,data36-13,0,0,bytetrack
van,0,confirmation38,True,0,0,0,False,official_detector,0,data36-13,0,0,ocsort
van,0,confirmation38,True,0,0,0,False,official_detector,0,data36-13,0,0,deepocsort
truck,0,confirmation38,True,0,0,0,False,official_detector,0,data36-13,0,0,bytetrack
truck,0,confirmation38,True,0,0,0,False,official_detector,0,data36-13,0,0,ocsort
truck,0,confirmation38,True,0,0,0,False,official_detector,0,data36-13,0,0,deepocsort
bus,0,confirmation38,True,0,0,0,False,official_detector,0,data36-13,0,0,bytetrack
bus,0,confirmation38,True,0,0,0,False,official_detector,0,data36-13,0,0,ocsort
bus,0,confirmation38,True,0,0,0,False,official_detector,0,data36-13,0,0,deepocsort
tricycle,0,confirmation38,True,0,0,0,False,official_detector,0,data36-13,0,0,bytetrack
tricycle,0,confirmation38,True,0,0,0,False,official_detector,0,data36-13,0,0,ocsort
tricycle,0,confirmation38,True,0,0,0,False,official_detector,0,data36-13,0,0,deepocsort
awning-bike,0,confirmation38,True,0,1,1,False,official_detector,2,data36-13,0,28,bytetrack
awning-bike,0,confirmation38,True,0,1,1,False,official_detector,1,data36-13,0,13,ocsort
awning-bike,0,confirmation38,True,0,1,1,False,official_detector,1,data36-13,0,9,deepocsort
car,0,confirmation38,True,0,1,1,False,official_detector,30,data36-4,0,3224,bytetrack
car,0,confirmation38,True,0,1,1,False,official_detector,25,data36-4,0,4216,ocsort
car,0,confirmation38,True,0,1,1,False,official_detector,15,data36-4,0,1145,deepocsort
bike,0,confirmation38,True,0,1,1,False,official_detector,26,data36-4,0,619,bytetrack
bike,0,confirmation38,True,0,1,1,False,official_detector,15,data36-4,0,245,ocsort
bike,0,confirmation38,True,0,1,1,False,official_detector,2,data36-4,0,17,deepocsort
pedestrian,0,confirmation38,True,0,1,1,False,official_detector,258,data36-4,0,67735,bytetrack
pedestrian,0,confirmation38,True,0,1,1,False,official_detector,110,data36-4,0,10940,ocsort
pedestrian,0,confirmation38,True,0,1,1,False,official_detector,22,data36-4,0,2344,deepocsort
van,0,confirmation38,True,0,1,1,False,official_detector,8,data36-4,0,120,bytetrack
van,0,confirmation38,True,0,1,1,False,official_detector,4,data36-4,0,143,ocsort
van,0,confirmation38,True,0,1,1,False,official_detector,1,data36-4,0,18,deepocsort
truck,0,confirmation38,True,0,1,1,False,official_detector,2,data36-4,0,9,bytetrack
truck,0,confirmation38,True,0,0,0,False,official_detector,0,data36-4,0,6,ocsort
truck,0,confirmation38,True,0,0,0,False,official_detector,0,data36-4,0,0,deepocsort
bus,0,confirmation38,True,0,0,0,False,official_detector,0,data36-4,0,1,bytetrack
bus,0,confirmation38,True,0,0,0,False,official_detector,0,data36-4,0,1,ocsort
bus,0,confirmation38,True,0,0,0,False,official_detector,0,data36-4,0,0,deepocsort
tricycle,0,confirmation38,True,0,1,1,False,official_detector,1,data36-4,0,2,bytetrack
tricycle,0,confirmation38,True,0,1,1,False,official_detector,1,data36-4,0,2,ocsort
tricycle,0,confirmation38,True,0,0,0,False,official_detector,0,data36-4,0,0,deepocsort
awning-bike,0,confirmation38,True,0,1,1,False,official_detector,10,data36-4,0,100,bytetrack
awning-bike,0,confirmation38,True,0,1,1,False,official_detector,6,data36-4,0,40,ocsort
awning-bike,0,confirmation38,True,0,0,0,False,official_detector,0,data36-4,0,3,deepocsort
car,0,confirmation38,True,0,1,1,False,official_detector,17,data36-5,0,915,bytetrack
car,0,confirmation38,True,0,1,1,False,official_detector,12,data36-5,0,817,ocsort
car,0,confirmation38,True,0,1,1,False,official_detector,6,data36-5,0,415,deepocsort
bike,0,confirmation38,True,0,1,1,False,official_detector,14,data36-5,0,251,bytetrack
bike,0,confirmation38,True,0,1,1,False,official_detector,7,data36-5,0,148,ocsort
bike,0,confirmation38,True,0,0,0,False,official_detector,0,data36-5,0,6,deepocsort
pedestrian,0,confirmation38,True,0,1,1,False,official_detector,92,data36-5,0,21824,bytetrack
pedestrian,0,confirmation38,True,0,1,1,False,official_detector,54,data36-5,0,6086,ocsort
pedestrian,0,confirmation38,True,0,0,0,False,official_detector,0,data36-5,0,160,deepocsort
van,0,confirmation38,True,0,1,1,False,official_detector,2,data36-5,0,13,bytetrack
van,0,confirmation38,True,0,0,0,False,official_detector,0,data36-5,0,14,ocsort
van,0,confirmation38,True,0,0,0,False,official_detector,0,data36-5,0,5,deepocsort
truck,0,confirmation38,True,0,1,1,False,official_detector,1,data36-5,0,1,bytetrack
truck,0,confirmation38,True,0,1,1,False,official_detector,1,data36-5,0,1,ocsort
truck,0,confirmation38,True,0,0,0,False,official_detector,0,data36-5,0,0,deepocsort
bus,0,confirmation38,True,0,0,0,False,official_detector,0,data36-5,0,0,bytetrack
bus,0,confirmation38,True,0,0,0,False,official_detector,0,data36-5,0,0,ocsort
bus,0,confirmation38,True,0,0,0,False,official_detector,0,data36-5,0,0,deepocsort
tricycle,0,confirmation38,True,0,0,0,False,official_detector,0,data36-5,0,0,bytetrack
tricycle,0,confirmation38,True,0,0,0,False,official_detector,0,data36-5,0,0,ocsort
tricycle,0,confirmation38,True,0,0,0,False,official_detector,0,data36-5,0,0,deepocsort
awning-bike,0,confirmation38,True,0,1,1,False,official_detector,5,data36-5,0,56,bytetrack
awning-bike,0,confirmation38,True,0,1,1,False,official_detector,5,data36-5,0,64,ocsort
awning-bike,0,confirmation38,True,0,0,0,False,official_detector,0,data36-5,0,4,deepocsort
car,0,confirmation38,True,0,1,1,False,official_detector,31,data37-1,0,2215,bytetrack
car,0,confirmation38,True,0,1,1,False,official_detector,25,data37-1,0,1796,ocsort
car,0,confirmation38,True,0,1,1,False,official_detector,8,data37-1,0,454,deepocsort
bike,0,confirmation38,True,0,1,1,False,official_detector,2,data37-1,0,2,bytetrack
bike,0,confirmation38,True,0,0,0,False,official_detector,0,data37-1,0,3,ocsort
bike,0,confirmation38,True,0,0,0,False,official_detector,0,data37-1,0,1,deepocsort
pedestrian,0,confirmation38,True,0,1,1,False,official_detector,177,data37-1,0,23303,bytetrack
pedestrian,0,confirmation38,True,0,1,1,False,official_detector,108,data37-1,0,9023,ocsort
pedestrian,0,confirmation38,True,0,1,1,False,official_detector,25,data37-1,0,705,deepocsort
van,0,confirmation38,True,0,1,1,False,official_detector,1,data37-1,0,14,bytetrack
van,0,confirmation38,True,0,1,1,False,official_detector,2,data37-1,0,6,ocsort
van,0,confirmation38,True,0,0,0,False,official_detector,0,data37-1,0,0,deepocsort
truck,0,confirmation38,True,0,0,0,False,official_detector,0,data37-1,0,0,bytetrack
truck,0,confirmation38,True,0,0,0,False,official_detector,0,data37-1,0,0,ocsort
truck,0,confirmation38,True,0,0,0,False,official_detector,0,data37-1,0,0,deepocsort
bus,0,confirmation38,True,0,0,0,False,official_detector,0,data37-1,0,0,bytetrack
bus,0,confirmation38,True,0,0,0,False,official_detector,0,data37-1,0,0,ocsort
bus,0,confirmation38,True,0,0,0,False,official_detector,0,data37-1,0,0,deepocsort
tricycle,0,confirmation38,True,0,0,0,False,official_detector,0,data37-1,0,0,bytetrack
tricycle,0,confirmation38,True,0,0,0,False,official_detector,0,data37-1,0,0,ocsort
tricycle,0,confirmation38,True,0,0,0,False,official_detector,0,data37-1,0,0,deepocsort
awning-bike,0,confirmation38,True,0,1,1,False,official_detector,2,data37-1,0,13,bytetrack
awning-bike,0,confirmation38,True,0,1,1,False,official_detector,2,data37-1,0,12,ocsort
awning-bike,0,confirmation38,True,0,0,0,False,official_detector,0,data37-1,0,0,deepocsort
car,0,confirmation38,True,0,1,1,False,official_detector,11,data37-10,0,488,bytetrack
car,0,confirmation38,True,0,1,1,False,official_detector,8,data37-10,0,594,ocsort
car,0,confirmation38,True,0,1,1,False,official_detector,5,data37-10,0,225,deepocsort
bike,0,confirmation38,True,0,1,1,False,official_detector,5,data37-10,0,43,bytetrack
bike,0,confirmation38,True,0,0,0,False,official_detector,0,data37-10,0,11,ocsort
bike,0,confirmation38,True,0,0,0,False,official_detector,0,data37-10,0,0,deepocsort
pedestrian,0,confirmation38,True,0,1,1,False,official_detector,39,data37-10,0,890,bytetrack
pedestrian,0,confirmation38,True,0,1,1,False,official_detector,13,data37-10,0,117,ocsort
pedestrian,0,confirmation38,True,0,1,1,False,official_detector,9,data37-10,0,49,deepocsort
van,0,confirmation38,True,0,0,0,False,official_detector,0,data37-10,0,0,bytetrack
van,0,confirmation38,True,0,0,0,False,official_detector,0,data37-10,0,2,ocsort
van,0,confirmation38,True,0,0,0,False,official_detector,0,data37-10,0,0,deepocsort
truck,0,confirmation38,True,0,0,0,False,official_detector,0,data37-10,0,0,bytetrack
truck,0,confirmation38,True,0,0,0,False,official_detector,0,data37-10,0,1,ocsort
truck,0,confirmation38,True,0,0,0,False,official_detector,0,data37-10,0,0,deepocsort
bus,0,confirmation38,True,0,0,0,False,official_detector,0,data37-10,0,0,bytetrack
bus,0,confirmation38,True,0,0,0,False,official_detector,0,data37-10,0,0,ocsort
bus,0,confirmation38,True,0,0,0,False,official_detector,0,data37-10,0,0,deepocsort
tricycle,0,confirmation38,True,0,0,0,False,official_detector,0,data37-10,0,0,bytetrack
tricycle,0,confirmation38,True,0,0,0,False,official_detector,0,data37-10,0,0,ocsort
tricycle,0,confirmation38,True,0,0,0,False,official_detector,0,data37-10,0,0,deepocsort
awning-bike,0,confirmation38,True,0,0,0,False,official_detector,0,data37-10,0,0,bytetrack
awning-bike,0,confirmation38,True,0,0,0,False,official_detector,0,data37-10,0,0,ocsort
awning-bike,0,confirmation38,True,0,0,0,False,official_detector,0,data37-10,0,0,deepocsort
car,0,confirmation38,True,0,1,1,False,official_detector,38,data37-11,0,1410,bytetrack
car,0,confirmation38,True,0,1,1,False,official_detector,26,data37-11,0,1184,ocsort
car,0,confirmation38,True,0,1,1,False,official_detector,5,data37-11,0,315,deepocsort
bike,0,confirmation38,True,0,0,0,False,official_detector,0,data37-11,0,10,bytetrack
bike,0,confirmation38,True,0,0,0,False,official_detector,0,data37-11,0,3,ocsort
bike,0,confirmation38,True,0,0,0,False,official_detector,0,data37-11,0,0,deepocsort
pedestrian,0,confirmation38,True,0,1,1,False,official_detector,76,data37-11,0,4054,bytetrack
pedestrian,0,confirmation38,True,0,1,1,False,official_detector,15,data37-11,0,159,ocsort
pedestrian,0,confirmation38,True,0,1,1,False,official_detector,13,data37-11,0,188,deepocsort
van,0,confirmation38,True,0,1,1,False,official_detector,1,data37-11,0,20,bytetrack
van,0,confirmation38,True,0,1,1,False,official_detector,1,data37-11,0,39,ocsort
van,0,confirmation38,True,0,1,1,False,official_detector,2,data37-11,0,7,deepocsort
truck,0,confirmation38,True,0,0,0,False,official_detector,0,data37-11,0,0,bytetrack
truck,0,confirmation38,True,0,0,0,False,official_detector,0,data37-11,0,0,ocsort
truck,0,confirmation38,True,0,0,0,False,official_detector,0,data37-11,0,0,deepocsort
bus,0,confirmation38,True,0,0,0,False,official_detector,0,data37-11,0,0,bytetrack
bus,0,confirmation38,True,0,0,0,False,official_detector,0,data37-11,0,0,ocsort
bus,0,confirmation38,True,0,0,0,False,official_detector,0,data37-11,0,0,deepocsort
tricycle,0,confirmation38,True,0,1,1,False,official_detector,1,data37-11,0,2,bytetrack
tricycle,0,confirmation38,True,0,0,0,False,official_detector,0,data37-11,0,1,ocsort
tricycle,0,confirmation38,True,0,0,0,False,official_detector,0,data37-11,0,0,deepocsort
awning-bike,0,confirmation38,True,0,1,1,False,official_detector,1,data37-11,0,4,bytetrack
awning-bike,0,confirmation38,True,0,0,0,False,official_detector,0,data37-11,0,6,ocsort
awning-bike,0,confirmation38,True,0,1,1,False,official_detector,2,data37-11,0,7,deepocsort
car,0,confirmation38,True,0,1,1,False,official_detector,5,data37-12,0,302,bytetrack
car,0,confirmation38,True,0,0,0,False,official_detector,0,data37-12,0,198,ocsort
car,0,confirmation38,True,0,1,1,False,official_detector,1,data37-12,0,219,deepocsort
bike,0,confirmation38,True,0,0,0,False,official_detector,0,data37-12,0,0,bytetrack
bike,0,confirmation38,True,0,0,0,False,official_detector,0,data37-12,0,0,ocsort
bike,0,confirmation38,True,0,0,0,False,official_detector,0,data37-12,0,0,deepocsort
pedestrian,0,confirmation38,True,0,1,1,False,official_detector,6,data37-12,0,53,bytetrack
pedestrian,0,confirmation38,True,0,1,1,False,official_detector,10,data37-12,0,100,ocsort
pedestrian,0,confirmation38,True,0,1,1,False,official_detector,1,data37-12,0,11,deepocsort
van,0,confirmation38,True,0,0,0,False,official_detector,0,data37-12,0,6,bytetrack
van,0,confirmation38,True,0,0,0,False,official_detector,0,data37-12,0,6,ocsort
van,0,confirmation38,True,0,0,0,False,official_detector,0,data37-12,0,4,deepocsort
truck,0,confirmation38,True,0,0,0,False,official_detector,0,data37-12,0,0,bytetrack
truck,0,confirmation38,True,0,0,0,False,official_detector,0,data37-12,0,0,ocsort
truck,0,confirmation38,True,0,0,0,False,official_detector,0,data37-12,0,0,deepocsort
bus,0,confirmation38,True,0,0,0,False,official_detector,0,data37-12,0,0,bytetrack
bus,0,confirmation38,True,0,0,0,False,official_detector,0,data37-12,0,0,ocsort
bus,0,confirmation38,True,0,0,0,False,official_detector,0,data37-12,0,0,deepocsort
tricycle,0,confirmation38,True,0,0,0,False,official_detector,0,data37-12,0,0,bytetrack
tricycle,0,confirmation38,True,0,0,0,False,official_detector,0,data37-12,0,0,ocsort
tricycle,0,confirmation38,True,0,0,0,False,official_detector,0,data37-12,0,0,deepocsort
awning-bike,0,confirmation38,True,0,0,0,False,official_detector,0,data37-12,0,0,bytetrack
awning-bike,0,confirmation38,True,0,0,0,False,official_detector,0,data37-12,0,0,ocsort
awning-bike,0,confirmation38,True,0,0,0,False,official_detector,0,data37-12,0,0,deepocsort
car,0,confirmation38,True,0,1,1,False,official_detector,6,data37-2,0,111,bytetrack
car,0,confirmation38,True,0,0,0,False,official_detector,0,data37-2,0,44,ocsort
car,0,confirmation38,True,0,1,1,False,official_detector,1,data37-2,0,50,deepocsort
bike,0,confirmation38,True,0,1,1,False,official_detector,2,data37-2,0,3,bytetrack
bike,0,confirmation38,True,0,1,1,False,official_detector,1,data37-2,0,2,ocsort
bike,0,confirmation38,True,0,1,1,False,official_detector,1,data37-2,0,4,deepocsort
pedestrian,0,confirmation38,True,0,1,1,False,official_detector,88,data37-2,0,12138,bytetrack
pedestrian,0,confirmation38,True,0,1,1,False,official_detector,86,data37-2,0,9869,ocsort
pedestrian,0,confirmation38,True,0,1,1,False,official_detector,19,data37-2,0,803,deepocsort
van,0,confirmation38,True,0,0,0,False,official_detector,0,data37-2,0,0,bytetrack
van,0,confirmation38,True,0,0,0,False,official_detector,0,data37-2,0,0,ocsort
van,0,confirmation38,True,0,0,0,False,official_detector,0,data37-2,0,0,deepocsort
truck,0,confirmation38,True,0,0,0,False,official_detector,0,data37-2,0,0,bytetrack
truck,0,confirmation38,True,0,0,0,False,official_detector,0,data37-2,0,0,ocsort
truck,0,confirmation38,True,0,0,0,False,official_detector,0,data37-2,0,0,deepocsort
bus,0,confirmation38,True,0,0,0,False,official_detector,0,data37-2,0,0,bytetrack
bus,0,confirmation38,True,0,0,0,False,official_detector,0,data37-2,0,0,ocsort
bus,0,confirmation38,True,0,0,0,False,official_detector,0,data37-2,0,0,deepocsort
tricycle,0,confirmation38,True,0,0,0,False,official_detector,0,data37-2,0,0,bytetrack
tricycle,0,confirmation38,True,0,0,0,False,official_detector,0,data37-2,0,0,ocsort
tricycle,0,confirmation38,True,0,0,0,False,official_detector,0,data37-2,0,0,deepocsort
awning-bike,0,confirmation38,True,0,0,0,False,official_detector,0,data37-2,0,0,bytetrack
awning-bike,0,confirmation38,True,0,0,0,False,official_detector,0,data37-2,0,0,ocsort
awning-bike,0,confirmation38,True,0,0,0,False,official_detector,0,data37-2,0,0,deepocsort
car,0,confirmation38,True,0,0,0,False,official_detector,0,data39-1,0,7,bytetrack
car,0,confirmation38,True,0,0,0,False,official_detector,0,data39-1,0,3,ocsort
car,0,confirmation38,True,0,0,0,False,official_detector,0,data39-1,0,4,deepocsort
bike,0,confirmation38,True,0,0,0,False,official_detector,0,data39-1,0,0,bytetrack
bike,0,confirmation38,True,0,0,0,False,official_detector,0,data39-1,0,0,ocsort
bike,0,confirmation38,True,0,0,0,False,official_detector,0,data39-1,0,0,deepocsort
pedestrian,0,confirmation38,True,0,1,1,False,official_detector,10,data39-1,0,256,bytetrack
pedestrian,0,confirmation38,True,0,1,1,False,official_detector,4,data39-1,0,58,ocsort
pedestrian,0,confirmation38,True,0,1,1,False,official_detector,4,data39-1,0,53,deepocsort
van,0,confirmation38,True,0,0,0,False,official_detector,0,data39-1,0,0,bytetrack
van,0,confirmation38,True,0,0,0,False,official_detector,0,data39-1,0,0,ocsort
van,0,confirmation38,True,0,0,0,False,official_detector,0,data39-1,0,0,deepocsort
truck,0,confirmation38,True,0,0,0,False,official_detector,0,data39-1,0,0,bytetrack
truck,0,confirmation38,True,0,0,0,False,official_detector,0,data39-1,0,0,ocsort
truck,0,confirmation38,True,0,0,0,False,official_detector,0,data39-1,0,0,deepocsort
bus,0,confirmation38,True,0,0,0,False,official_detector,0,data39-1,0,0,bytetrack
bus,0,confirmation38,True,0,0,0,False,official_detector,0,data39-1,0,0,ocsort
bus,0,confirmation38,True,0,0,0,False,official_detector,0,data39-1,0,0,deepocsort
tricycle,0,confirmation38,True,0,0,0,False,official_detector,0,data39-1,0,0,bytetrack
tricycle,0,confirmation38,True,0,0,0,False,official_detector,0,data39-1,0,0,ocsort
tricycle,0,confirmation38,True,0,0,0,False,official_detector,0,data39-1,0,0,deepocsort
awning-bike,0,confirmation38,True,0,0,0,False,official_detector,0,data39-1,0,0,bytetrack
awning-bike,0,confirmation38,True,0,1,1,False,official_detector,1,data39-1,0,1,ocsort
awning-bike,0,confirmation38,True,0,0,0,False,official_detector,0,data39-1,0,0,deepocsort
car,0,confirmation38,True,0,0,0,False,official_detector,0,data39-2,0,0,bytetrack
car,0,confirmation38,True,0,0,0,False,official_detector,0,data39-2,0,0,ocsort
car,0,confirmation38,True,0,0,0,False,official_detector,0,data39-2,0,0,deepocsort
bike,0,confirmation38,True,0,0,0,False,official_detector,0,data39-2,0,0,bytetrack
bike,0,confirmation38,True,0,0,0,False,official_detector,0,data39-2,0,0,ocsort
bike,0,confirmation38,True,0,0,0,False,official_detector,0,data39-2,0,0,deepocsort
pedestrian,0,confirmation38,True,0,1,1,False,official_detector,19,data39-2,0,495,bytetrack
pedestrian,0,confirmation38,True,0,1,1,False,official_detector,10,data39-2,0,79,ocsort
pedestrian,0,confirmation38,True,0,0,0,False,official_detector,0,data39-2,0,4,deepocsort
van,0,confirmation38,True,0,0,0,False,official_detector,0,data39-2,0,0,bytetrack
van,0,confirmation38,True,0,0,0,False,official_detector,0,data39-2,0,0,ocsort
van,0,confirmation38,True,0,0,0,False,official_detector,0,data39-2,0,0,deepocsort
truck,0,confirmation38,True,0,0,0,False,official_detector,0,data39-2,0,0,bytetrack
truck,0,confirmation38,True,0,0,0,False,official_detector,0,data39-2,0,0,ocsort
truck,0,confirmation38,True,0,0,0,False,official_detector,0,data39-2,0,0,deepocsort
bus,0,confirmation38,True,0,0,0,False,official_detector,0,data39-2,0,0,bytetrack
bus,0,confirmation38,True,0,0,0,False,official_detector,0,data39-2,0,0,ocsort
bus,0,confirmation38,True,0,0,0,False,official_detector,0,data39-2,0,0,deepocsort
tricycle,0,confirmation38,True,0,0,0,False,official_detector,0,data39-2,0,0,bytetrack
tricycle,0,confirmation38,True,0,0,0,False,official_detector,0,data39-2,0,0,ocsort
tricycle,0,confirmation38,True,0,0,0,False,official_detector,0,data39-2,0,0,deepocsort
awning-bike,0,confirmation38,True,0,0,0,False,official_detector,0,data39-2,0,0,bytetrack
awning-bike,0,confirmation38,True,0,0,0,False,official_detector,0,data39-2,0,0,ocsort
awning-bike,0,confirmation38,True,0,0,0,False,official_detector,0,data39-2,0,0,deepocsort
car,0,confirmation38,True,0,0,0,False,official_detector,0,data39-3,0,0,bytetrack
car,0,confirmation38,True,0,0,0,False,official_detector,0,data39-3,0,0,ocsort
car,0,confirmation38,True,0,0,0,False,official_detector,0,data39-3,0,0,deepocsort
bike,0,confirmation38,True,0,0,0,False,official_detector,0,data39-3,0,0,bytetrack
bike,0,confirmation38,True,0,0,0,False,official_detector,0,data39-3,0,0,ocsort
bike,0,confirmation38,True,0,0,0,False,official_detector,0,data39-3,0,0,deepocsort
pedestrian,0,confirmation38,True,0,1,1,False,official_detector,34,data39-3,0,2508,bytetrack
pedestrian,0,confirmation38,True,0,1,1,False,official_detector,20,data39-3,0,517,ocsort
pedestrian,0,confirmation38,True,0,1,1,False,official_detector,11,data39-3,0,419,deepocsort
van,0,confirmation38,True,0,0,0,False,official_detector,0,data39-3,0,0,bytetrack
van,0,confirmation38,True,0,0,0,False,official_detector,0,data39-3,0,0,ocsort
van,0,confirmation38,True,0,0,0,False,official_detector,0,data39-3,0,0,deepocsort
truck,0,confirmation38,True,0,0,0,False,official_detector,0,data39-3,0,0,bytetrack
truck,0,confirmation38,True,0,0,0,False,official_detector,0,data39-3,0,0,ocsort
truck,0,confirmation38,True,0,0,0,False,official_detector,0,data39-3,0,0,deepocsort
bus,0,confirmation38,True,0,0,0,False,official_detector,0,data39-3,0,0,bytetrack
bus,0,confirmation38,True,0,0,0,False,official_detector,0,data39-3,0,0,ocsort
bus,0,confirmation38,True,0,0,0,False,official_detector,0,data39-3,0,0,deepocsort
tricycle,0,confirmation38,True,0,0,0,False,official_detector,0,data39-3,0,0,bytetrack
tricycle,0,confirmation38,True,0,0,0,False,official_detector,0,data39-3,0,0,ocsort
tricycle,0,confirmation38,True,0,0,0,False,official_detector,0,data39-3,0,0,deepocsort
awning-bike,0,confirmation38,True,0,0,0,False,official_detector,0,data39-3,0,0,bytetrack
awning-bike,0,confirmation38,True,0,0,0,False,official_detector,0,data39-3,0,0,ocsort
awning-bike,0,confirmation38,True,0,0,0,False,official_detector,0,data39-3,0,0,deepocsort
car,0,confirmation38,True,0,0,0,False,official_detector,0,data39-6,0,128,bytetrack
car,0,confirmation38,True,0,1,1,False,official_detector,1,data39-6,0,85,ocsort
car,0,confirmation38,True,0,0,0,False,official_detector,0,data39-6,0,35,deepocsort
bike,0,confirmation38,True,0,1,1,False,official_detector,1,data39-6,0,1,bytetrack
bike,0,confirmation38,True,0,0,0,False,official_detector,0,data39-6,0,0,ocsort
bike,0,confirmation38,True,0,0,0,False,official_detector,0,data39-6,0,0,deepocsort
pedestrian,0,confirmation38,True,0,1,1,False,official_detector,34,data39-6,0,2630,bytetrack
pedestrian,0,confirmation38,True,0,1,1,False,official_detector,23,data39-6,0,659,ocsort
pedestrian,0,confirmation38,True,0,1,1,False,official_detector,5,data39-6,0,75,deepocsort
van,0,confirmation38,True,0,0,0,False,official_detector,0,data39-6,0,16,bytetrack
van,0,confirmation38,True,0,0,0,False,official_detector,0,data39-6,0,3,ocsort
van,0,confirmation38,True,0,0,0,False,official_detector,0,data39-6,0,0,deepocsort
truck,0,confirmation38,True,0,0,0,False,official_detector,0,data39-6,0,0,bytetrack
truck,0,confirmation38,True,0,0,0,False,official_detector,0,data39-6,0,0,ocsort
truck,0,confirmation38,True,0,0,0,False,official_detector,0,data39-6,0,0,deepocsort
bus,0,confirmation38,True,0,0,0,False,official_detector,0,data39-6,0,0,bytetrack
bus,0,confirmation38,True,0,0,0,False,official_detector,0,data39-6,0,0,ocsort
bus,0,confirmation38,True,0,0,0,False,official_detector,0,data39-6,0,0,deepocsort
tricycle,0,confirmation38,True,0,0,0,False,official_detector,0,data39-6,0,0,bytetrack
tricycle,0,confirmation38,True,0,0,0,False,official_detector,0,data39-6,0,0,ocsort
tricycle,0,confirmation38,True,0,0,0,False,official_detector,0,data39-6,0,0,deepocsort
awning-bike,0,confirmation38,True,0,0,0,False,official_detector,0,data39-6,0,0,bytetrack
awning-bike,0,confirmation38,True,0,0,0,False,official_detector,0,data39-6,0,0,ocsort
awning-bike,0,confirmation38,True,0,0,0,False,official_detector,0,data39-6,0,0,deepocsort
car,0,confirmation38,True,0,1,1,False,official_detector,1,data40-3,0,40,bytetrack
car,0,confirmation38,True,0,1,1,False,official_detector,9,data40-3,0,88,ocsort
car,0,confirmation38,True,0,1,1,False,official_detector,4,data40-3,0,76,deepocsort
bike,0,confirmation38,True,0,0,0,False,official_detector,0,data40-3,0,4,bytetrack
bike,0,confirmation38,True,0,1,1,False,official_detector,4,data40-3,0,25,ocsort
bike,0,confirmation38,True,0,1,1,False,official_detector,4,data40-3,0,12,deepocsort
pedestrian,0,confirmation38,True,0,1,1,False,official_detector,4,data40-3,0,29,bytetrack
pedestrian,0,confirmation38,True,0,1,1,False,official_detector,8,data40-3,0,95,ocsort
pedestrian,0,confirmation38,True,0,1,1,False,official_detector,5,data40-3,0,47,deepocsort
van,0,confirmation38,True,0,0,0,False,official_detector,0,data40-3,0,1,bytetrack
van,0,confirmation38,True,0,0,0,False,official_detector,0,data40-3,0,4,ocsort
van,0,confirmation38,True,0,0,0,False,official_detector,0,data40-3,0,0,deepocsort
truck,0,confirmation38,True,0,0,0,False,official_detector,0,data40-3,0,0,bytetrack
truck,0,confirmation38,True,0,0,0,False,official_detector,0,data40-3,0,3,ocsort
truck,0,confirmation38,True,0,0,0,False,official_detector,0,data40-3,0,1,deepocsort
bus,0,confirmation38,True,0,0,0,False,official_detector,0,data40-3,0,1,bytetrack
bus,0,confirmation38,True,0,0,0,False,official_detector,0,data40-3,0,1,ocsort
bus,0,confirmation38,True,0,0,0,False,official_detector,0,data40-3,0,3,deepocsort
tricycle,0,confirmation38,True,0,0,0,False,official_detector,0,data40-3,0,0,bytetrack
tricycle,0,confirmation38,True,0,0,0,False,official_detector,0,data40-3,0,0,ocsort
tricycle,0,confirmation38,True,0,0,0,False,official_detector,0,data40-3,0,0,deepocsort
awning-bike,0,confirmation38,True,0,0,0,False,official_detector,0,data40-3,0,0,bytetrack
awning-bike,0,confirmation38,True,0,0,0,False,official_detector,0,data40-3,0,0,ocsort
awning-bike,0,confirmation38,True,0,0,0,False,official_detector,0,data40-3,0,0,deepocsort
car,0,confirmation38,True,0,0,0,False,official_detector,0,data40-4,0,4,bytetrack
car,0,confirmation38,True,0,1,1,False,official_detector,1,data40-4,0,2,ocsort
car,0,confirmation38,True,0,1,1,False,official_detector,1,data40-4,0,1,deepocsort
bike,0,confirmation38,True,0,0,0,False,official_detector,0,data40-4,0,0,bytetrack
bike,0,confirmation38,True,0,0,0,False,official_detector,0,data40-4,0,0,ocsort
bike,0,confirmation38,True,0,0,0,False,official_detector,0,data40-4,0,0,deepocsort
pedestrian,0,confirmation38,True,0,1,1,False,official_detector,9,data40-4,0,1530,bytetrack
pedestrian,0,confirmation38,True,0,1,1,False,official_detector,52,data40-4,0,5132,ocsort
pedestrian,0,confirmation38,True,0,1,1,False,official_detector,9,data40-4,0,1925,deepocsort
van,0,confirmation38,True,0,0,0,False,official_detector,0,data40-4,0,0,bytetrack
van,0,confirmation38,True,0,0,0,False,official_detector,0,data40-4,0,0,ocsort
van,0,confirmation38,True,0,0,0,False,official_detector,0,data40-4,0,0,deepocsort
truck,0,confirmation38,True,0,0,0,False,official_detector,0,data40-4,0,0,bytetrack
truck,0,confirmation38,True,0,0,0,False,official_detector,0,data40-4,0,0,ocsort
truck,0,confirmation38,True,0,0,0,False,official_detector,0,data40-4,0,0,deepocsort
bus,0,confirmation38,True,0,0,0,False,official_detector,0,data40-4,0,0,bytetrack
bus,0,confirmation38,True,0,0,0,False,official_detector,0,data40-4,0,0,ocsort
bus,0,confirmation38,True,0,0,0,False,official_detector,0,data40-4,0,0,deepocsort
tricycle,0,confirmation38,True,0,0,0,False,official_detector,0,data40-4,0,0,bytetrack
tricycle,0,confirmation38,True,0,0,0,False,official_detector,0,data40-4,0,0,ocsort
tricycle,0,confirmation38,True,0,0,0,False,official_detector,0,data40-4,0,0,deepocsort
awning-bike,0,confirmation38,True,0,0,0,False,official_detector,0,data40-4,0,0,bytetrack
awning-bike,0,confirmation38,True,0,0,0,False,official_detector,0,data40-4,0,0,ocsort
awning-bike,0,confirmation38,True,0,0,0,False,official_detector,0,data40-4,0,0,deepocsort
car,0,confirmation38,True,0,1,1,False,official_detector,17,data40-5,0,256,bytetrack
car,0,confirmation38,True,0,1,1,False,official_detector,8,data40-5,0,153,ocsort
car,0,confirmation38,True,0,1,1,False,official_detector,2,data40-5,0,7,deepocsort
bike,0,confirmation38,True,0,0,0,False,official_detector,0,data40-5,0,0,bytetrack
bike,0,confirmation38,True,0,1,1,False,official_detector,2,data40-5,0,3,ocsort
bike,0,confirmation38,True,0,1,1,False,official_detector,2,data40-5,0,3,deepocsort
pedestrian,0,confirmation38,True,0,1,1,False,official_detector,35,data40-5,0,590,bytetrack
pedestrian,0,confirmation38,True,0,1,1,False,official_detector,6,data40-5,0,111,ocsort
pedestrian,0,confirmation38,True,0,1,1,False,official_detector,13,data40-5,0,192,deepocsort
van,0,confirmation38,True,0,1,1,False,official_detector,1,data40-5,0,1,bytetrack
van,0,confirmation38,True,0,0,0,False,official_detector,0,data40-5,0,1,ocsort
van,0,confirmation38,True,0,0,0,False,official_detector,0,data40-5,0,0,deepocsort
truck,0,confirmation38,True,0,1,1,False,official_detector,2,data40-5,0,2,bytetrack
truck,0,confirmation38,True,0,1,1,False,official_detector,1,data40-5,0,1,ocsort
truck,0,confirmation38,True,0,0,0,False,official_detector,0,data40-5,0,0,deepocsort
bus,0,confirmation38,True,0,1,1,False,official_detector,1,data40-5,0,2,bytetrack
bus,0,confirmation38,True,0,1,1,False,official_detector,1,data40-5,0,5,ocsort
bus,0,confirmation38,True,0,0,0,False,official_detector,0,data40-5,0,0,deepocsort
tricycle,0,confirmation38,True,0,0,0,False,official_detector,0,data40-5,0,0,bytetrack
tricycle,0,confirmation38,True,0,0,0,False,official_detector,0,data40-5,0,0,ocsort
tricycle,0,confirmation38,True,0,0,0,False,official_detector,0,data40-5,0,0,deepocsort
awning-bike,0,confirmation38,True,0,0,0,False,official_detector,0,data40-5,0,0,bytetrack
awning-bike,0,confirmation38,True,0,0,0,False,official_detector,0,data40-5,0,0,ocsort
awning-bike,0,confirmation38,True,0,0,0,False,official_detector,0,data40-5,0,0,deepocsort
car,0,confirmation38,True,0,1,1,False,official_detector,1,data41-1,0,117,bytetrack
car,0,confirmation38,True,0,1,1,False,official_detector,8,data41-1,0,94,ocsort
car,0,confirmation38,True,0,1,1,False,official_detector,6,data41-1,0,42,deepocsort
bike,0,confirmation38,True,0,0,0,False,official_detector,0,data41-1,0,1,bytetrack
bike,0,confirmation38,True,0,1,1,False,official_detector,2,data41-1,0,3,ocsort
bike,0,confirmation38,True,0,1,1,False,official_detector,2,data41-1,0,3,deepocsort
pedestrian,0,confirmation38,True,0,1,1,False,official_detector,1,data41-1,0,6,bytetrack
pedestrian,0,confirmation38,True,0,1,1,False,official_detector,1,data41-1,0,1,ocsort
pedestrian,0,confirmation38,True,0,0,0,False,official_detector,0,data41-1,0,2,deepocsort
van,0,confirmation38,True,0,0,0,False,official_detector,0,data41-1,0,0,bytetrack
van,0,confirmation38,True,0,0,0,False,official_detector,0,data41-1,0,0,ocsort
van,0,confirmation38,True,0,0,0,False,official_detector,0,data41-1,0,0,deepocsort
truck,0,confirmation38,True,0,0,0,False,official_detector,0,data41-1,0,0,bytetrack
truck,0,confirmation38,True,0,0,0,False,official_detector,0,data41-1,0,0,ocsort
truck,0,confirmation38,True,0,0,0,False,official_detector,0,data41-1,0,0,deepocsort
bus,0,confirmation38,True,0,0,0,False,official_detector,0,data41-1,0,2,bytetrack
bus,0,confirmation38,True,0,1,1,False,official_detector,1,data41-1,0,5,ocsort
bus,0,confirmation38,True,0,0,0,False,official_detector,0,data41-1,0,2,deepocsort
tricycle,0,confirmation38,True,0,0,0,False,official_detector,0,data41-1,0,0,bytetrack
tricycle,0,confirmation38,True,0,0,0,False,official_detector,0,data41-1,0,0,ocsort
tricycle,0,confirmation38,True,0,0,0,False,official_detector,0,data41-1,0,0,deepocsort
awning-bike,0,confirmation38,True,0,0,0,False,official_detector,0,data41-1,0,0,bytetrack
awning-bike,0,confirmation38,True,0,0,0,False,official_detector,0,data41-1,0,0,ocsort
awning-bike,0,confirmation38,True,0,0,0,False,official_detector,0,data41-1,0,0,deepocsort
car,0,confirmation38,True,0,1,1,False,official_detector,26,data42-1,0,3578,bytetrack
car,0,confirmation38,True,0,1,1,False,official_detector,35,data42-1,0,3255,ocsort
car,0,confirmation38,True,0,1,1,False,official_detector,13,data42-1,0,1904,deepocsort
bike,0,confirmation38,True,0,1,1,False,official_detector,3,data42-1,0,64,bytetrack
bike,0,confirmation38,True,0,1,1,False,official_detector,4,data42-1,0,24,ocsort
bike,0,confirmation38,True,0,1,1,False,official_detector,2,data42-1,0,24,deepocsort
pedestrian,0,confirmation38,True,0,1,1,False,official_detector,32,data42-1,0,581,bytetrack
pedestrian,0,confirmation38,True,0,1,1,False,official_detector,12,data42-1,0,164,ocsort
pedestrian,0,confirmation38,True,0,1,1,False,official_detector,24,data42-1,0,363,deepocsort
van,0,confirmation38,True,0,1,1,False,official_detector,4,data42-1,0,88,bytetrack
van,0,confirmation38,True,0,1,1,False,official_detector,2,data42-1,0,54,ocsort
van,0,confirmation38,True,0,0,0,False,official_detector,0,data42-1,0,23,deepocsort
truck,0,confirmation38,True,0,0,0,False,official_detector,0,data42-1,0,0,bytetrack
truck,0,confirmation38,True,0,0,0,False,official_detector,0,data42-1,0,0,ocsort
truck,0,confirmation38,True,0,0,0,False,official_detector,0,data42-1,0,0,deepocsort
bus,0,confirmation38,True,0,0,0,False,official_detector,0,data42-1,0,1,bytetrack
bus,0,confirmation38,True,0,0,0,False,official_detector,0,data42-1,0,0,ocsort
bus,0,confirmation38,True,0,0,0,False,official_detector,0,data42-1,0,0,deepocsort
tricycle,0,confirmation38,True,0,0,0,False,official_detector,0,data42-1,0,0,bytetrack
tricycle,0,confirmation38,True,0,0,0,False,official_detector,0,data42-1,0,0,ocsort
tricycle,0,confirmation38,True,0,0,0,False,official_detector,0,data42-1,0,2,deepocsort
awning-bike,0,confirmation38,True,0,0,0,False,official_detector,0,data42-1,0,0,bytetrack
awning-bike,0,confirmation38,True,0,0,0,False,official_detector,0,data42-1,0,0,ocsort
awning-bike,0,confirmation38,True,0,0,0,False,official_detector,0,data42-1,0,0,deepocsort
car,0,confirmation38,True,0,1,1,False,official_detector,3,data42-2,0,275,bytetrack
car,0,confirmation38,True,0,1,1,False,official_detector,1,data42-2,0,209,ocsort
car,0,confirmation38,True,0,1,1,False,official_detector,3,data42-2,0,248,deepocsort
bike,0,confirmation38,True,0,1,1,False,official_detector,5,data42-2,0,56,bytetrack
bike,0,confirmation38,True,0,1,1,False,official_detector,1,data42-2,0,21,ocsort
bike,0,confirmation38,True,0,1,1,False,official_detector,3,data42-2,0,28,deepocsort
pedestrian,0,confirmation38,True,0,1,1,False,official_detector,20,data42-2,0,1302,bytetrack
pedestrian,0,confirmation38,True,0,1,1,False,official_detector,28,data42-2,0,868,ocsort
pedestrian,0,confirmation38,True,0,1,1,False,official_detector,7,data42-2,0,647,deepocsort
van,0,confirmation38,True,0,0,0,False,official_detector,0,data42-2,0,0,bytetrack
van,0,confirmation38,True,0,0,0,False,official_detector,0,data42-2,0,3,ocsort
van,0,confirmation38,True,0,0,0,False,official_detector,0,data42-2,0,3,deepocsort
truck,0,confirmation38,True,0,0,0,False,official_detector,0,data42-2,0,0,bytetrack
truck,0,confirmation38,True,0,0,0,False,official_detector,0,data42-2,0,0,ocsort
truck,0,confirmation38,True,0,0,0,False,official_detector,0,data42-2,0,0,deepocsort
bus,0,confirmation38,True,0,0,0,False,official_detector,0,data42-2,0,0,bytetrack
bus,0,confirmation38,True,0,0,0,False,official_detector,0,data42-2,0,0,ocsort
bus,0,confirmation38,True,0,0,0,False,official_detector,0,data42-2,0,0,deepocsort
tricycle,0,confirmation38,True,0,0,0,False,official_detector,0,data42-2,0,0,bytetrack
tricycle,0,confirmation38,True,0,0,0,False,official_detector,0,data42-2,0,0,ocsort
tricycle,0,confirmation38,True,0,0,0,False,official_detector,0,data42-2,0,0,deepocsort
awning-bike,0,confirmation38,True,0,0,0,False,official_detector,0,data42-2,0,0,bytetrack
awning-bike,0,confirmation38,True,0,0,0,False,official_detector,0,data42-2,0,0,ocsort
awning-bike,0,confirmation38,True,0,0,0,False,official_detector,0,data42-2,0,0,deepocsort
car,0,confirmation38,True,0,1,1,False,official_detector,4,data42-3,0,176,bytetrack
car,0,confirmation38,True,0,1,1,False,official_detector,7,data42-3,0,190,ocsort
car,0,confirmation38,True,0,1,1,False,official_detector,2,data42-3,0,27,deepocsort
bike,0,confirmation38,True,0,1,1,False,official_detector,1,data42-3,0,9,bytetrack
bike,0,confirmation38,True,0,1,1,False,official_detector,6,data42-3,0,25,ocsort
bike,0,confirmation38,True,0,1,1,False,official_detector,2,data42-3,0,3,deepocsort
pedestrian,0,confirmation38,True,0,1,1,False,official_detector,2,data42-3,0,61,bytetrack
pedestrian,0,confirmation38,True,0,1,1,False,official_detector,7,data42-3,0,223,ocsort
pedestrian,0,confirmation38,True,0,1,1,False,official_detector,2,data42-3,0,36,deepocsort
van,0,confirmation38,True,0,0,0,False,official_detector,0,data42-3,0,0,bytetrack
van,0,confirmation38,True,0,0,0,False,official_detector,0,data42-3,0,1,ocsort
van,0,confirmation38,True,0,0,0,False,official_detector,0,data42-3,0,0,deepocsort
truck,0,confirmation38,True,0,0,0,False,official_detector,0,data42-3,0,0,bytetrack
truck,0,confirmation38,True,0,0,0,False,official_detector,0,data42-3,0,0,ocsort
truck,0,confirmation38,True,0,0,0,False,official_detector,0,data42-3,0,0,deepocsort
bus,0,confirmation38,True,0,0,0,False,official_detector,0,data42-3,0,0,bytetrack
bus,0,confirmation38,True,0,0,0,False,official_detector,0,data42-3,0,0,ocsort
bus,0,confirmation38,True,0,0,0,False,official_detector,0,data42-3,0,0,deepocsort
tricycle,0,confirmation38,True,0,0,0,False,official_detector,0,data42-3,0,0,bytetrack
tricycle,0,confirmation38,True,0,0,0,False,official_detector,0,data42-3,0,0,ocsort
tricycle,0,confirmation38,True,0,0,0,False,official_detector,0,data42-3,0,0,deepocsort
awning-bike,0,confirmation38,True,0,0,0,False,official_detector,0,data42-3,0,0,bytetrack
awning-bike,0,confirmation38,True,0,0,0,False,official_detector,0,data42-3,0,0,ocsort
awning-bike,0,confirmation38,True,0,0,0,False,official_detector,0,data42-3,0,0,deepocsort
car,0,confirmation38,True,0,1,1,False,official_detector,27,data46-11,0,3082,bytetrack
car,0,confirmation38,True,0,1,1,False,official_detector,32,data46-11,0,2685,ocsort
car,0,confirmation38,True,0,0,0,False,official_detector,0,data46-11,0,85,deepocsort
bike,0,confirmation38,True,0,1,1,False,official_detector,18,data46-11,0,797,bytetrack
bike,0,confirmation38,True,0,1,1,False,official_detector,23,data46-11,0,730,ocsort
bike,0,confirmation38,True,0,1,1,False,official_detector,3,data46-11,0,15,deepocsort
pedestrian,0,confirmation38,True,0,1,1,False,official_detector,48,data46-11,0,2624,bytetrack
pedestrian,0,confirmation38,True,0,1,1,False,official_detector,37,data46-11,0,1482,ocsort
pedestrian,0,confirmation38,True,0,1,1,False,official_detector,3,data46-11,0,72,deepocsort
van,0,confirmation38,True,0,1,1,False,official_detector,15,data46-11,0,576,bytetrack
van,0,confirmation38,True,0,1,1,False,official_detector,11,data46-11,0,256,ocsort
van,0,confirmation38,True,0,0,0,False,official_detector,0,data46-11,0,2,deepocsort
truck,0,confirmation38,True,0,1,1,False,official_detector,1,data46-11,0,15,bytetrack
truck,0,confirmation38,True,0,1,1,False,official_detector,1,data46-11,0,8,ocsort
truck,0,confirmation38,True,0,0,0,False,official_detector,0,data46-11,0,0,deepocsort
bus,0,confirmation38,True,0,0,0,False,official_detector,0,data46-11,0,0,bytetrack
bus,0,confirmation38,True,0,0,0,False,official_detector,0,data46-11,0,0,ocsort
bus,0,confirmation38,True,0,0,0,False,official_detector,0,data46-11,0,0,deepocsort
tricycle,0,confirmation38,True,0,1,1,False,official_detector,9,data46-11,0,130,bytetrack
tricycle,0,confirmation38,True,0,1,1,False,official_detector,8,data46-11,0,95,ocsort
tricycle,0,confirmation38,True,0,0,0,False,official_detector,0,data46-11,0,0,deepocsort
awning-bike,0,confirmation38,True,0,1,1,False,official_detector,2,data46-11,0,18,bytetrack
awning-bike,0,confirmation38,True,0,1,1,False,official_detector,2,data46-11,0,19,ocsort
awning-bike,0,confirmation38,True,0,0,0,False,official_detector,0,data46-11,0,1,deepocsort
car,0,confirmation38,True,0,1,1,False,official_detector,2,data46-12,0,31,bytetrack
car,0,confirmation38,True,0,1,1,False,official_detector,2,data46-12,0,21,ocsort
car,0,confirmation38,True,0,1,1,False,official_detector,2,data46-12,0,29,deepocsort
bike,0,confirmation38,True,0,0,0,False,official_detector,0,data46-12,0,0,bytetrack
bike,0,confirmation38,True,0,0,0,False,official_detector,0,data46-12,0,0,ocsort
bike,0,confirmation38,True,0,0,0,False,official_detector,0,data46-12,0,0,deepocsort
pedestrian,0,confirmation38,True,0,1,1,False,official_detector,60,data46-12,0,5538,bytetrack
pedestrian,0,confirmation38,True,0,1,1,False,official_detector,50,data46-12,0,3178,ocsort
pedestrian,0,confirmation38,True,0,1,1,False,official_detector,3,data46-12,0,72,deepocsort
van,0,confirmation38,True,0,0,0,False,official_detector,0,data46-12,0,5,bytetrack
van,0,confirmation38,True,0,0,0,False,official_detector,0,data46-12,0,6,ocsort
van,0,confirmation38,True,0,0,0,False,official_detector,0,data46-12,0,6,deepocsort
truck,0,confirmation38,True,0,0,0,False,official_detector,0,data46-12,0,0,bytetrack
truck,0,confirmation38,True,0,0,0,False,official_detector,0,data46-12,0,0,ocsort
truck,0,confirmation38,True,0,0,0,False,official_detector,0,data46-12,0,0,deepocsort
bus,0,confirmation38,True,0,0,0,False,official_detector,0,data46-12,0,0,bytetrack
bus,0,confirmation38,True,0,0,0,False,official_detector,0,data46-12,0,0,ocsort
bus,0,confirmation38,True,0,0,0,False,official_detector,0,data46-12,0,0,deepocsort
tricycle,0,confirmation38,True,0,1,1,False,official_detector,1,data46-12,0,15,bytetrack
tricycle,0,confirmation38,True,0,1,1,False,official_detector,1,data46-12,0,22,ocsort
tricycle,0,confirmation38,True,0,0,0,False,official_detector,0,data46-12,0,5,deepocsort
awning-bike,0,confirmation38,True,0,0,0,False,official_detector,0,data46-12,0,0,bytetrack
awning-bike,0,confirmation38,True,0,1,1,False,official_detector,1,data46-12,0,1,ocsort
awning-bike,0,confirmation38,True,0,0,0,False,official_detector,0,data46-12,0,0,deepocsort
car,0,confirmation38,True,0,1,1,False,official_detector,2,data47-1,0,12,bytetrack
car,0,confirmation38,True,0,1,1,False,official_detector,2,data47-1,0,4,ocsort
car,0,confirmation38,True,0,0,0,False,official_detector,0,data47-1,0,0,deepocsort
bike,0,confirmation38,True,0,0,0,False,official_detector,0,data47-1,0,0,bytetrack
bike,0,confirmation38,True,0,0,0,False,official_detector,0,data47-1,0,0,ocsort
bike,0,confirmation38,True,0,0,0,False,official_detector,0,data47-1,0,0,deepocsort
pedestrian,0,confirmation38,True,0,1,1,False,official_detector,5,data47-1,0,179,bytetrack
pedestrian,0,confirmation38,True,0,1,1,False,official_detector,6,data47-1,0,144,ocsort
pedestrian,0,confirmation38,True,0,1,1,False,official_detector,3,data47-1,0,34,deepocsort
van,0,confirmation38,True,0,0,0,False,official_detector,0,data47-1,0,0,bytetrack
van,0,confirmation38,True,0,0,0,False,official_detector,0,data47-1,0,0,ocsort
van,0,confirmation38,True,0,0,0,False,official_detector,0,data47-1,0,0,deepocsort
truck,0,confirmation38,True,0,0,0,False,official_detector,0,data47-1,0,0,bytetrack
truck,0,confirmation38,True,0,0,0,False,official_detector,0,data47-1,0,0,ocsort
truck,0,confirmation38,True,0,0,0,False,official_detector,0,data47-1,0,0,deepocsort
bus,0,confirmation38,True,0,0,0,False,official_detector,0,data47-1,0,0,bytetrack
bus,0,confirmation38,True,0,0,0,False,official_detector,0,data47-1,0,0,ocsort
bus,0,confirmation38,True,0,0,0,False,official_detector,0,data47-1,0,0,deepocsort
tricycle,0,confirmation38,True,0,0,0,False,official_detector,0,data47-1,0,0,bytetrack
tricycle,0,confirmation38,True,0,0,0,False,official_detector,0,data47-1,0,0,ocsort
tricycle,0,confirmation38,True,0,0,0,False,official_detector,0,data47-1,0,0,deepocsort
awning-bike,0,confirmation38,True,0,0,0,False,official_detector,0,data47-1,0,0,bytetrack
awning-bike,0,confirmation38,True,0,0,0,False,official_detector,0,data47-1,0,0,ocsort
awning-bike,0,confirmation38,True,0,0,0,False,official_detector,0,data47-1,0,0,deepocsort
car,0,confirmation38,True,0,0,0,False,official_detector,0,data47-2,0,28,bytetrack
car,0,confirmation38,True,0,1,1,False,official_detector,1,data47-2,0,50,ocsort
car,0,confirmation38,True,0,0,0,False,official_detector,0,data47-2,0,4,deepocsort
bike,0,confirmation38,True,0,1,1,False,official_detector,7,data47-2,0,129,bytetrack
bike,0,confirmation38,True,0,1,1,False,official_detector,5,data47-2,0,36,ocsort
bike,0,confirmation38,True,0,0,0,False,official_detector,0,data47-2,0,6,deepocsort
pedestrian,0,confirmation38,True,0,1,1,False,official_detector,15,data47-2,0,370,bytetrack
pedestrian,0,confirmation38,True,0,1,1,False,official_detector,9,data47-2,0,161,ocsort
pedestrian,0,confirmation38,True,0,1,1,False,official_detector,1,data47-2,0,6,deepocsort
van,0,confirmation38,True,0,0,0,False,official_detector,0,data47-2,0,0,bytetrack
van,0,confirmation38,True,0,0,0,False,official_detector,0,data47-2,0,0,ocsort
van,0,confirmation38,True,0,0,0,False,official_detector,0,data47-2,0,0,deepocsort
truck,0,confirmation38,True,0,0,0,False,official_detector,0,data47-2,0,0,bytetrack
truck,0,confirmation38,True,0,0,0,False,official_detector,0,data47-2,0,0,ocsort
truck,0,confirmation38,True,0,0,0,False,official_detector,0,data47-2,0,0,deepocsort
bus,0,confirmation38,True,0,0,0,False,official_detector,0,data47-2,0,0,bytetrack
bus,0,confirmation38,True,0,0,0,False,official_detector,0,data47-2,0,0,ocsort
bus,0,confirmation38,True,0,0,0,False,official_detector,0,data47-2,0,0,deepocsort
tricycle,0,confirmation38,True,0,0,0,False,official_detector,0,data47-2,0,0,bytetrack
tricycle,0,confirmation38,True,0,0,0,False,official_detector,0,data47-2,0,0,ocsort
tricycle,0,confirmation38,True,0,0,0,False,official_detector,0,data47-2,0,0,deepocsort
awning-bike,0,confirmation38,True,0,1,1,False,official_detector,3,data47-2,0,67,bytetrack
awning-bike,0,confirmation38,True,0,1,1,False,official_detector,3,data47-2,0,18,ocsort
awning-bike,0,confirmation38,True,0,1,1,False,official_detector,2,data47-2,0,3,deepocsort
car,0,confirmation38,True,0,1,1,False,official_detector,19,data47-3,0,963,bytetrack
car,0,confirmation38,True,0,1,1,False,official_detector,8,data47-3,0,298,ocsort
car,0,confirmation38,True,0,1,1,False,official_detector,2,data47-3,0,74,deepocsort
bike,0,confirmation38,True,0,1,1,False,official_detector,27,data47-3,0,548,bytetrack
bike,0,confirmation38,True,0,1,1,False,official_detector,8,data47-3,0,124,ocsort
bike,0,confirmation38,True,0,1,1,False,official_detector,1,data47-3,0,4,deepocsort
pedestrian,0,confirmation38,True,0,1,1,False,official_detector,10,data47-3,0,289,bytetrack
pedestrian,0,confirmation38,True,0,1,1,False,official_detector,5,data47-3,0,68,ocsort
pedestrian,0,confirmation38,True,0,1,1,False,official_detector,2,data47-3,0,8,deepocsort
van,0,confirmation38,True,0,1,1,False,official_detector,1,data47-3,0,1,bytetrack
van,0,confirmation38,True,0,0,0,False,official_detector,0,data47-3,0,1,ocsort
van,0,confirmation38,True,0,0,0,False,official_detector,0,data47-3,0,0,deepocsort
truck,0,confirmation38,True,0,0,0,False,official_detector,0,data47-3,0,0,bytetrack
truck,0,confirmation38,True,0,0,0,False,official_detector,0,data47-3,0,0,ocsort
truck,0,confirmation38,True,0,0,0,False,official_detector,0,data47-3,0,0,deepocsort
bus,0,confirmation38,True,0,0,0,False,official_detector,0,data47-3,0,0,bytetrack
bus,0,confirmation38,True,0,0,0,False,official_detector,0,data47-3,0,0,ocsort
bus,0,confirmation38,True,0,0,0,False,official_detector,0,data47-3,0,0,deepocsort
tricycle,0,confirmation38,True,0,0,0,False,official_detector,0,data47-3,0,0,bytetrack
tricycle,0,confirmation38,True,0,0,0,False,official_detector,0,data47-3,0,0,ocsort
tricycle,0,confirmation38,True,0,0,0,False,official_detector,0,data47-3,0,0,deepocsort
awning-bike,0,confirmation38,True,0,1,1,False,official_detector,3,data47-3,0,16,bytetrack
awning-bike,0,confirmation38,True,0,0,0,False,official_detector,0,data47-3,0,1,ocsort
awning-bike,0,confirmation38,True,0,0,0,False,official_detector,0,data47-3,0,0,deepocsort
car,0,confirmation38,True,0,1,1,False,official_detector,6,data47-4,0,163,bytetrack
car,0,confirmation38,True,0,1,1,False,official_detector,4,data47-4,0,102,ocsort
car,0,confirmation38,True,0,1,1,False,official_detector,2,data47-4,0,29,deepocsort
bike,0,confirmation38,True,0,1,1,False,official_detector,8,data47-4,0,76,bytetrack
bike,0,confirmation38,True,0,1,1,False,official_detector,2,data47-4,0,19,ocsort
bike,0,confirmation38,True,0,1,1,False,official_detector,1,data47-4,0,6,deepocsort
pedestrian,0,confirmation38,True,0,1,1,False,official_detector,3,data47-4,0,43,bytetrack
pedestrian,0,confirmation38,True,0,1,1,False,official_detector,1,data47-4,0,1,ocsort
pedestrian,0,confirmation38,True,0,1,1,False,official_detector,1,data47-4,0,6,deepocsort
van,0,confirmation38,True,0,0,0,False,official_detector,0,data47-4,0,0,bytetrack
van,0,confirmation38,True,0,0,0,False,official_detector,0,data47-4,0,0,ocsort
van,0,confirmation38,True,0,0,0,False,official_detector,0,data47-4,0,0,deepocsort
truck,0,confirmation38,True,0,0,0,False,official_detector,0,data47-4,0,0,bytetrack
truck,0,confirmation38,True,0,0,0,False,official_detector,0,data47-4,0,0,ocsort
truck,0,confirmation38,True,0,0,0,False,official_detector,0,data47-4,0,0,deepocsort
bus,0,confirmation38,True,0,0,0,False,official_detector,0,data47-4,0,1,bytetrack
bus,0,confirmation38,True,0,0,0,False,official_detector,0,data47-4,0,0,ocsort
bus,0,confirmation38,True,0,0,0,False,official_detector,0,data47-4,0,0,deepocsort
tricycle,0,confirmation38,True,0,0,0,False,official_detector,0,data47-4,0,0,bytetrack
tricycle,0,confirmation38,True,0,0,0,False,official_detector,0,data47-4,0,0,ocsort
tricycle,0,confirmation38,True,0,0,0,False,official_detector,0,data47-4,0,0,deepocsort
awning-bike,0,confirmation38,True,0,0,0,False,official_detector,0,data47-4,0,1,bytetrack
awning-bike,0,confirmation38,True,0,0,0,False,official_detector,0,data47-4,0,0,ocsort
awning-bike,0,confirmation38,True,0,0,0,False,official_detector,0,data47-4,0,0,deepocsort
car,0,confirmation38,True,0,0,0,False,official_detector,0,data48-1,0,0,bytetrack
car,0,confirmation38,True,0,1,1,False,official_detector,1,data48-1,0,1,ocsort
car,0,confirmation38,True,0,0,0,False,official_detector,0,data48-1,0,0,deepocsort
bike,0,confirmation38,True,0,0,0,False,official_detector,0,data48-1,0,0,bytetrack
bike,0,confirmation38,True,0,0,0,False,official_detector,0,data48-1,0,0,ocsort
bike,0,confirmation38,True,0,0,0,False,official_detector,0,data48-1,0,0,deepocsort
pedestrian,0,confirmation38,True,0,1,1,False,official_detector,2,data48-1,0,297,bytetrack
pedestrian,0,confirmation38,True,0,1,1,False,official_detector,13,data48-1,0,381,ocsort
pedestrian,0,confirmation38,True,0,1,1,False,official_detector,1,data48-1,0,28,deepocsort
van,0,confirmation38,True,0,0,0,False,official_detector,0,data48-1,0,0,bytetrack
van,0,confirmation38,True,0,0,0,False,official_detector,0,data48-1,0,0,ocsort
van,0,confirmation38,True,0,0,0,False,official_detector,0,data48-1,0,0,deepocsort
truck,0,confirmation38,True,0,0,0,False,official_detector,0,data48-1,0,0,bytetrack
truck,0,confirmation38,True,0,0,0,False,official_detector,0,data48-1,0,0,ocsort
truck,0,confirmation38,True,0,0,0,False,official_detector,0,data48-1,0,0,deepocsort
bus,0,confirmation38,True,0,0,0,False,official_detector,0,data48-1,0,0,bytetrack
bus,0,confirmation38,True,0,0,0,False,official_detector,0,data48-1,0,0,ocsort
bus,0,confirmation38,True,0,0,0,False,official_detector,0,data48-1,0,0,deepocsort
tricycle,0,confirmation38,True,0,0,0,False,official_detector,0,data48-1,0,0,bytetrack
tricycle,0,confirmation38,True,0,0,0,False,official_detector,0,data48-1,0,0,ocsort
tricycle,0,confirmation38,True,0,0,0,False,official_detector,0,data48-1,0,0,deepocsort
awning-bike,0,confirmation38,True,0,0,0,False,official_detector,0,data48-1,0,0,bytetrack
awning-bike,0,confirmation38,True,0,0,0,False,official_detector,0,data48-1,0,0,ocsort
awning-bike,0,confirmation38,True,0,0,0,False,official_detector,0,data48-1,0,0,deepocsort
car,0,confirmation38,True,0,1,1,False,official_detector,20,data49-2,0,747,bytetrack
car,0,confirmation38,True,0,1,1,False,official_detector,15,data49-2,0,570,ocsort
car,0,confirmation38,True,0,1,1,False,official_detector,3,data49-2,0,122,deepocsort
bike,0,confirmation38,True,0,0,0,False,official_detector,0,data49-2,0,0,bytetrack
bike,0,confirmation38,True,0,0,0,False,official_detector,0,data49-2,0,0,ocsort
bike,0,confirmation38,True,0,0,0,False,official_detector,0,data49-2,0,0,deepocsort
pedestrian,0,confirmation38,True,0,1,1,False,official_detector,12,data49-2,0,107,bytetrack
pedestrian,0,confirmation38,True,0,1,1,False,official_detector,4,data49-2,0,20,ocsort
pedestrian,0,confirmation38,True,0,1,1,False,official_detector,2,data49-2,0,15,deepocsort
van,0,confirmation38,True,0,1,1,False,official_detector,5,data49-2,0,21,bytetrack
van,0,confirmation38,True,0,1,1,False,official_detector,1,data49-2,0,5,ocsort
van,0,confirmation38,True,0,0,0,False,official_detector,0,data49-2,0,0,deepocsort
truck,0,confirmation38,True,0,0,0,False,official_detector,0,data49-2,0,0,bytetrack
truck,0,confirmation38,True,0,0,0,False,official_detector,0,data49-2,0,1,ocsort
truck,0,confirmation38,True,0,0,0,False,official_detector,0,data49-2,0,0,deepocsort
bus,0,confirmation38,True,0,0,0,False,official_detector,0,data49-2,0,0,bytetrack
bus,0,confirmation38,True,0,0,0,False,official_detector,0,data49-2,0,1,ocsort
bus,0,confirmation38,True,0,0,0,False,official_detector,0,data49-2,0,0,deepocsort
tricycle,0,confirmation38,True,0,0,0,False,official_detector,0,data49-2,0,0,bytetrack
tricycle,0,confirmation38,True,0,0,0,False,official_detector,0,data49-2,0,0,ocsort
tricycle,0,confirmation38,True,0,0,0,False,official_detector,0,data49-2,0,0,deepocsort
awning-bike,0,confirmation38,True,0,0,0,False,official_detector,0,data49-2,0,0,bytetrack
awning-bike,0,confirmation38,True,0,0,0,False,official_detector,0,data49-2,0,0,ocsort
awning-bike,0,confirmation38,True,0,0,0,False,official_detector,0,data49-2,0,0,deepocsort
