AssA,DetA,FN,FP,Frag,HOTA,IDF1,IDSW,MOTA,TP,accepted_correct,accepted_false,accepted_unknown,box_preserving,class_instances,duplicate_frame_identity_count,duplicate_free,eligible_source_tracklets,family,input_rows,method,output_rows,predicted_boxes,protocol,sequence,tracker,valid_common_box_protocol,valid_gt_boxes
17.230346561988778,55.178320569014886,1176,55,304,30.754098265632067,34.73792394655704,601,53.80736258194655,2790,1,3,0,True,8,0,True,238,legacy12,2845,aflink_cached_native_dedup,2845,2845,oracle_aabb,data28-1,bytetrack,True,3966
17.22940396837527,55.18324467850091,1176,55,304,30.75486041509509,34.73792394655704,601,53.80736258194655,2790,1,3,0,False,8,0,True,238,legacy12,2845,aflink_cached_native_saved,2845,2845,oracle_aabb,data28-1,bytetrack,False,3966
17.230346561988778,55.178320569014886,1176,55,304,30.754098265632067,34.73792394655704,601,53.80736258194655,2790,1,3,0,True,8,0,True,238,legacy12,2845,aflink_cached_no_dedup,2845,2845,oracle_aabb,data28-1,bytetrack,True,3966
17.230346561988778,55.178320569014886,1176,55,304,30.754098265632067,34.73792394655704,601,53.80736258194655,2790,1,3,0,True,8,0,True,238,legacy12,2845,aflink_cached_overlap_safe,2845,2845,oracle_aabb,data28-1,bytetrack,True,3966
18.14532796265034,55.178320569014886,1176,55,304,31.568483359813747,36.734693877551024,571,54.563792233988906,2790,12,16,53,True,8,0,True,238,legacy12,2845,com3d_reciprocal_guard,2845,2845,oracle_aabb,data28-1,bytetrack,True,3966
18.83581632095986,55.178320569014886,1176,55,304,32.17015010318135,38.29099985317868,522,55.79929399899143,2790,19,28,74,True,8,0,True,238,legacy12,2845,controlled_cost_greedy,2845,2845,oracle_aabb,data28-1,bytetrack,True,3966
18.41718756807034,55.178320569014886,1176,55,304,31.804145464966606,36.99897225077081,565,54.71507816439738,2790,14,17,56,True,8,0,True,238,legacy12,2845,controlled_cost_reciprocal,2845,2845,oracle_aabb,data28-1,bytetrack,True,3966
18.05930409729111,55.178320569014886,1176,55,304,31.496287186707644,37.82117163412128,534,55.49672213817448,2790,17,33,80,True,8,0,True,238,legacy12,2845,geometry_greedy,2845,2845,oracle_aabb,data28-1,bytetrack,True,3966
18.829242587253866,55.178320569014886,1176,55,304,32.16201192134582,38.4965496990163,519,55.87493696419566,2790,19,29,73,True,8,0,True,238,legacy12,2845,geometry_reid_greedy_guard,2845,2845,oracle_aabb,data28-1,bytetrack,True,3966
18.109168044356135,55.178320569014886,1176,55,304,31.539087728837263,36.793422404933196,564,54.74029248613213,2790,15,26,66,True,8,0,True,238,legacy12,2845,geometry_reid_hungarian,2845,2845,oracle_aabb,data28-1,bytetrack,True,3966
16.829566687274657,55.178320569014886,1176,55,304,30.389773759204598,33.88636029951549,601,53.80736258194655,2790,0,0,0,True,8,0,True,238,legacy12,2845,no_refinement,2845,2845,oracle_aabb,data28-1,bytetrack,True,3966
94.63322806660976,84.11497730711042,630,0,14,89.21923464882158,90.60531361270885,13,83.78719112455875,3336,0,0,0,True,8,0,True,47,legacy12,3336,aflink_cached_native_dedup,3336,3336,oracle_aabb,data28-1,deepocsort,True,3966
94.63322806660976,84.11497730711042,630,0,14,89.21923464882158,90.60531361270885,13,83.78719112455875,3336,0,0,0,True,8,0,True,47,legacy12,3336,aflink_cached_native_saved,3336,3336,oracle_aabb,data28-1,deepocsort,True,3966
94.63322806660976,84.11497730711042,630,0,14,89.21923464882158,90.60531361270885,13,83.78719112455875,3336,0,0,0,True,8,0,True,47,legacy12,3336,aflink_cached_no_dedup,3336,3336,oracle_aabb,data28-1,deepocsort,True,3966
94.63322806660976,84.11497730711042,630,0,14,89.21923464882158,90.60531361270885,13,83.78719112455875,3336,0,0,0,True,8,0,True,47,legacy12,3336,aflink_cached_overlap_safe,3336,3336,oracle_aabb,data28-1,deepocsort,True,3966
94.61489932301119,84.11497730711042,630,0,14,89.21059415489634,90.60531361270885,13,83.78719112455875,3336,0,1,0,True,8,0,True,47,legacy12,3336,com3d_reciprocal_guard,3336,3336,oracle_aabb,data28-1,deepocsort,True,3966
94.61489932301119,84.11497730711042,630,0,14,89.21059415489634,90.60531361270885,13,83.78719112455875,3336,0,1,0,True,8,0,True,47,legacy12,3336,controlled_cost_greedy,3336,3336,oracle_aabb,data28-1,deepocsort,True,3966
94.61489932301119,84.11497730711042,630,0,14,89.21059415489634,90.60531361270885,13,83.78719112455875,3336,0,1,0,True,8,0,True,47,legacy12,3336,controlled_cost_reciprocal,3336,3336,oracle_aabb,data28-1,deepocsort,True,3966
94.61435430448056,84.11497730711042,630,0,14,89.21033721070832,90.60531361270885,13,83.78719112455875,3336,0,2,0,True,8,0,True,47,legacy12,3336,geometry_greedy,3336,3336,oracle_aabb,data28-1,deepocsort,True,3966
94.61489932301119,84.11497730711042,630,0,14,89.21059415489634,90.60531361270885,13,83.78719112455875,3336,0,1,0,True,8,0,True,47,legacy12,3336,geometry_reid_greedy_guard,3336,3336,oracle_aabb,data28-1,deepocsort,True,3966
94.61489932301119,84.11497730711042,630,0,14,89.21059415489634,90.60531361270885,13,83.78719112455875,3336,0,1,0,True,8,0,True,47,legacy12,3336,geometry_reid_hungarian,3336,3336,oracle_aabb,data28-1,deepocsort,True,3966
94.63322806660976,84.11497730711042,630,0,14,89.21923464882158,90.60531361270885,13,83.78719112455875,3336,0,0,0,True,8,0,True,47,legacy12,3336,no_refinement,3336,3336,oracle_aabb,data28-1,deepocsort,True,3966
13.656633075941835,34.26626323751892,2607,0,295,21.632424365253904,22.910798122065728,308,26.500252143217345,1359,0,2,0,True,8,0,True,197,legacy12,1359,aflink_cached_native_dedup,1359,1359,oracle_aabb,data28-1,ocsort,True,3966
13.656633075941835,34.26626323751892,2607,0,295,21.632424365253904,22.910798122065728,308,26.500252143217345,1359,0,2,0,True,8,0,True,197,legacy12,1359,aflink_cached_native_saved,1359,1359,oracle_aabb,data28-1,ocsort,True,3966
13.656633075941835,34.26626323751892,2607,0,295,21.632424365253904,22.910798122065728,308,26.500252143217345,1359,0,2,0,True,8,0,True,197,legacy12,1359,aflink_cached_no_dedup,1359,1359,oracle_aabb,data28-1,ocsort,True,3966
13.656633075941835,34.26626323751892,2607,0,295,21.632424365253904,22.910798122065728,308,26.500252143217345,1359,0,2,0,True,8,0,True,197,legacy12,1359,aflink_cached_overlap_safe,1359,1359,oracle_aabb,data28-1,ocsort,True,3966
13.71566877404598,34.26626323751892,2607,0,295,21.679130902554142,23.624413145539904,284,27.105395864851232,1359,15,60,0,True,8,0,True,197,legacy12,1359,com3d_reciprocal_guard,1359,1359,oracle_aabb,data28-1,ocsort,True,3966
14.911063701215246,34.26626323751892,2607,0,295,22.604124268311185,24.976525821596244,266,27.55925365607665,1359,29,79,0,True,8,0,True,197,legacy12,1359,controlled_cost_greedy,1359,1359,oracle_aabb,data28-1,ocsort,True,3966
15.03133431694108,34.26626323751892,2607,0,295,22.69510208206728,24.413145539906104,275,27.332324760463944,1359,22,54,0,True,8,0,True,197,legacy12,1359,controlled_cost_reciprocal,1359,1359,oracle_aabb,data28-1,ocsort,True,3966
13.060147168043839,34.26626323751892,2607,0,295,21.154726204347988,23.43661971830986,266,27.55925365607665,1359,18,105,0,True,8,0,True,197,legacy12,1359,geometry_greedy,1359,1359,oracle_aabb,data28-1,ocsort,True,3966
15.270845616738518,34.26626323751892,2607,0,295,22.875200890105294,24.826291079812208,263,27.634896621280884,1359,31,76,0,True,8,0,True,197,legacy12,1359,geometry_reid_greedy_guard,1359,1359,oracle_aabb,data28-1,ocsort,True,3966
14.6224981333318,34.26626323751892,2607,0,295,22.384333142331407,24.0,276,27.307110438729197,1359,24,71,0,True,8,0,True,197,legacy12,1359,geometry_reid_hungarian,1359,1359,oracle_aabb,data28-1,ocsort,True,3966
13.678659672826921,34.26626323751892,2607,0,295,21.649862657428603,22.910798122065728,308,26.500252143217345,1359,0,0,0,True,8,0,True,197,legacy12,1359,no_refinement,1359,1359,oracle_aabb,data28-1,ocsort,True,3966
66.33444904821778,62.32292321344336,222,0,21,64.28195365387226,80.63010501750291,36,73.34710743801654,746,0,0,0,True,6,0,True,32,legacy12,746,aflink_cached_native_dedup,746,746,oracle_aabb,data28-2,bytetrack,True,968
66.33465812196458,62.3264536789923,222,0,21,64.28380764678387,80.63010501750291,36,73.34710743801654,746,0,0,0,False,6,0,True,32,legacy12,746,aflink_cached_native_saved,746,746,oracle_aabb,data28-2,bytetrack,False,968
66.33444904821778,62.32292321344336,222,0,21,64.28195365387226,80.63010501750291,36,73.34710743801654,746,0,0,0,True,6,0,True,32,legacy12,746,aflink_cached_no_dedup,746,746,oracle_aabb,data28-2,bytetrack,True,968
66.33444904821778,62.32292321344336,222,0,21,64.28195365387226,80.63010501750291,36,73.34710743801654,746,0,0,0,True,6,0,True,32,legacy12,746,aflink_cached_overlap_safe,746,746,oracle_aabb,data28-2,bytetrack,True,968
68.77706658473382,62.32292321344336,222,0,21,65.45590535627733,83.31388564760793,31,73.86363636363636,746,2,0,3,True,6,0,True,32,legacy12,746,com3d_reciprocal_guard,746,746,oracle_aabb,data28-2,bytetrack,True,968
68.77706658473382,62.32292321344336,222,0,21,65.45590535627733,83.31388564760793,31,73.86363636363636,746,2,0,3,True,6,0,True,32,legacy12,746,controlled_cost_greedy,746,746,oracle_aabb,data28-2,bytetrack,True,968
68.77706658473382,62.32292321344336,222,0,21,65.45590535627733,83.31388564760793,31,73.86363636363636,746,2,0,3,True,6,0,True,32,legacy12,746,controlled_cost_reciprocal,746,746,oracle_aabb,data28-2,bytetrack,True,968
68.77706658473382,62.32292321344336,222,0,21,65.45590535627733,83.31388564760793,31,73.86363636363636,746,2,0,3,True,6,0,True,32,legacy12,746,geometry_greedy,746,746,oracle_aabb,data28-2,bytetrack,True,968
68.77706658473382,62.32292321344336,222,0,21,65.45590535627733,83.31388564760793,31,73.86363636363636,746,2,0,3,True,6,0,True,32,legacy12,746,geometry_reid_greedy_guard,746,746,oracle_aabb,data28-2,bytetrack,True,968
68.77706658473382,62.32292321344336,222,0,21,65.45590535627733,83.31388564760793,31,73.86363636363636,746,2,0,3,True,6,0,True,32,legacy12,746,geometry_reid_hungarian,746,746,oracle_aabb,data28-2,bytetrack,True,968
66.33444904821778,62.32292321344336,222,0,21,64.28195365387226,80.63010501750291,36,73.34710743801654,746,0,0,0,True,6,0,True,32,legacy12,746,no_refinement,746,746,oracle_aabb,data28-2,bytetrack,True,968
97.534885877917,76.34297520661158,229,0,3,86.29080700953902,86.11599297012302,4,75.92975206611571,739,0,0,0,True,6,0,True,8,legacy12,739,aflink_cached_native_dedup,739,739,oracle_aabb,data28-2,deepocsort,True,968
97.534885877917,76.34297520661158,229,0,3,86.29080700953902,86.11599297012302,4,75.92975206611571,739,0,0,0,False,6,0,True,8,legacy12,739,aflink_cached_native_saved,739,739,oracle_aabb,data28-2,deepocsort,False,968
97.534885877917,76.34297520661158,229,0,3,86.29080700953902,86.11599297012302,4,75.92975206611571,739,0,0,0,True,6,0,True,8,legacy12,739,aflink_cached_no_dedup,739,739,oracle_aabb,data28-2,deepocsort,True,968
97.534885877917,76.34297520661158,229,0,3,86.29080700953902,86.11599297012302,4,75.92975206611571,739,0,0,0,True,6,0,True,8,legacy12,739,aflink_cached_overlap_safe,739,739,oracle_aabb,data28-2,deepocsort,True,968
97.57605870084122,76.34297520661158,229,0,3,86.30901824350221,86.46748681898066,1,76.2396694214876,739,3,0,0,True,6,0,True,8,legacy12,739,com3d_reciprocal_guard,739,739,oracle_aabb,data28-2,deepocsort,True,968
97.57605870084122,76.34297520661158,229,0,3,86.30901824350221,86.46748681898066,1,76.2396694214876,739,3,0,0,True,6,0,True,8,legacy12,739,controlled_cost_greedy,739,739,oracle_aabb,data28-2,deepocsort,True,968
97.57605870084122,76.34297520661158,229,0,3,86.30901824350221,86.46748681898066,1,76.2396694214876,739,3,0,0,True,6,0,True,8,legacy12,739,controlled_cost_reciprocal,739,739,oracle_aabb,data28-2,deepocsort,True,968
97.57605870084122,76.34297520661158,229,0,3,86.30901824350221,86.46748681898066,1,76.2396694214876,739,3,0,0,True,6,0,True,8,legacy12,739,geometry_greedy,739,739,oracle_aabb,data28-2,deepocsort,True,968
97.57605870084122,76.34297520661158,229,0,3,86.30901824350221,86.46748681898066,1,76.2396694214876,739,3,0,0,True,6,0,True,8,legacy12,739,geometry_reid_greedy_guard,739,739,oracle_aabb,data28-2,deepocsort,True,968
97.57605870084122,76.34297520661158,229,0,3,86.30901824350221,86.46748681898066,1,76.2396694214876,739,3,0,0,True,6,0,True,8,legacy12,739,geometry_reid_hungarian,739,739,oracle_aabb,data28-2,deepocsort,True,968
97.534885877917,76.34297520661158,229,0,3,86.29080700953902,86.11599297012302,4,75.92975206611571,739,0,0,0,True,6,0,True,8,legacy12,739,no_refinement,739,739,oracle_aabb,data28-2,deepocsort,True,968
52.72421238221398,62.70661157024794,361,0,26,57.49918874383141,61.58730158730159,49,57.64462809917356,607,0,0,0,True,6,0,True,58,legacy12,607,aflink_cached_native_dedup,607,607,oracle_aabb,data28-2,ocsort,True,968
52.72421238221398,62.70661157024794,361,0,26,57.49918874383141,61.58730158730159,49,57.64462809917356,607,0,0,0,False,6,0,True,58,legacy12,607,aflink_cached_native_saved,607,607,oracle_aabb,data28-2,ocsort,False,968
52.72421238221398,62.70661157024794,361,0,26,57.49918874383141,61.58730158730159,49,57.64462809917356,607,0,0,0,True,6,0,True,58,legacy12,607,aflink_cached_no_dedup,607,607,oracle_aabb,data28-2,ocsort,True,968
52.72421238221398,62.70661157024794,361,0,26,57.49918874383141,61.58730158730159,49,57.64462809917356,607,0,0,0,True,6,0,True,58,legacy12,607,aflink_cached_overlap_safe,607,607,oracle_aabb,data28-2,ocsort,True,968
55.251145944440935,62.70661157024794,361,0,26,58.86095605364508,63.87301587301587,29,59.71074380165289,607,20,14,0,True,6,0,True,58,legacy12,607,com3d_reciprocal_guard,607,607,oracle_aabb,data28-2,ocsort,True,968
57.445346084165095,62.70661157024794,361,0,26,60.018355554098655,64.88888888888889,21,60.537190082644635,607,28,6,0,True,6,0,True,58,legacy12,607,controlled_cost_greedy,607,607,oracle_aabb,data28-2,ocsort,True,968
57.445346084165095,62.70661157024794,361,0,26,60.018355554098655,64.88888888888889,21,60.537190082644635,607,28,6,0,True,6,0,True,58,legacy12,607,controlled_cost_reciprocal,607,607,oracle_aabb,data28-2,ocsort,True,968
55.251145944440935,62.70661157024794,361,0,26,58.86095605364508,63.87301587301587,29,59.71074380165289,607,20,14,0,True,6,0,True,58,legacy12,607,geometry_greedy,607,607,oracle_aabb,data28-2,ocsort,True,968
59.49937948892159,62.70661157024794,361,0,26,61.081948874299876,65.77777777777779,14,61.2603305785124,607,35,1,0,True,6,0,True,58,legacy12,607,geometry_reid_greedy_guard,607,607,oracle_aabb,data28-2,ocsort,True,968
59.01574710554115,62.70661157024794,361,0,26,60.83319431260497,65.52380952380953,16,61.053719008264466,607,33,3,0,True,6,0,True,58,legacy12,607,geometry_reid_hungarian,607,607,oracle_aabb,data28-2,ocsort,True,968
52.72421238221398,62.70661157024794,361,0,26,57.49918874383141,61.58730158730159,49,57.64462809917356,607,0,0,0,True,6,0,True,58,legacy12,607,no_refinement,607,607,oracle_aabb,data28-2,ocsort,True,968
43.67110276343757,16.2829278243805,243,0,6,26.433783708123944,26.997245179063363,9,16.831683168316832,60,0,0,0,True,6,0,True,13,legacy12,60,aflink_cached_native_dedup,60,60,oracle_aabb,data28-3,bytetrack,True,303
43.67110276343757,16.2829278243805,243,0,6,26.433783708123944,26.997245179063363,9,16.831683168316832,60,0,0,0,False,6,0,True,13,legacy12,60,aflink_cached_native_saved,60,60,oracle_aabb,data28-3,bytetrack,False,303
43.67110276343757,16.2829278243805,243,0,6,26.433783708123944,26.997245179063363,9,16.831683168316832,60,0,0,0,True,6,0,True,13,legacy12,60,aflink_cached_no_dedup,60,60,oracle_aabb,data28-3,bytetrack,True,303
43.67110276343757,16.2829278243805,243,0,6,26.433783708123944,26.997245179063363,9,16.831683168316832,60,0,0,0,True,6,0,True,13,legacy12,60,aflink_cached_overlap_safe,60,60,oracle_aabb,data28-3,bytetrack,True,303
43.67110276343757,16.2829278243805,243,0,6,26.433783708123944,26.997245179063363,9,16.831683168316832,60,0,0,0,True,6,0,True,13,legacy12,60,com3d_reciprocal_guard,60,60,oracle_aabb,data28-3,bytetrack,True,303
43.67110276343757,16.2829278243805,243,0,6,26.433783708123944,26.997245179063363,9,16.831683168316832,60,0,0,0,True,6,0,True,13,legacy12,60,controlled_cost_greedy,60,60,oracle_aabb,data28-3,bytetrack,True,303
43.67110276343757,16.2829278243805,243,0,6,26.433783708123944,26.997245179063363,9,16.831683168316832,60,0,0,0,True,6,0,True,13,legacy12,60,controlled_cost_reciprocal,60,60,oracle_aabb,data28-3,bytetrack,True,303
43.47200340895386,16.2829278243805,243,0,6,26.372172836183733,26.997245179063363,9,16.831683168316832,60,0,0,1,True,6,0,True,13,legacy12,60,geometry_greedy,60,60,oracle_aabb,data28-3,bytetrack,True,303
43.67110276343757,16.2829278243805,243,0,6,26.433783708123944,26.997245179063363,9,16.831683168316832,60,0,0,0,True,6,0,True,13,legacy12,60,geometry_reid_greedy_guard,60,60,oracle_aabb,data28-3,bytetrack,True,303
43.67110276343757,16.2829278243805,243,0,6,26.433783708123944,26.997245179063363,9,16.831683168316832,60,0,0,0,True,6,0,True,13,legacy12,60,geometry_reid_hungarian,60,60,oracle_aabb,data28-3,bytetrack,True,303
43.67110276343757,16.2829278243805,243,0,6,26.433783708123944,26.997245179063363,9,16.831683168316832,60,0,0,0,True,6,0,True,13,legacy12,60,no_refinement,60,60,oracle_aabb,data28-3,bytetrack,True,303
48.539377289377285,7.9207920792079225,279,0,0,19.607914605163508,12.844036697247708,3,6.9306930693069315,24,0,0,0,True,6,0,True,5,legacy12,24,aflink_cached_native_dedup,24,24,oracle_aabb,data28-3,deepocsort,True,303
48.539377289377285,7.9207920792079225,279,0,0,19.607914605163508,12.844036697247708,3,6.9306930693069315,24,0,0,0,True,6,0,True,5,legacy12,24,aflink_cached_native_saved,24,24,oracle_aabb,data28-3,deepocsort,True,303
48.539377289377285,7.9207920792079225,279,0,0,19.607914605163508,12.844036697247708,3,6.9306930693069315,24,0,0,0,True,6,0,True,5,legacy12,24,aflink_cached_no_dedup,24,24,oracle_aabb,data28-3,deepocsort,True,303
48.539377289377285,7.9207920792079225,279,0,0,19.607914605163508,12.844036697247708,3,6.9306930693069315,24,0,0,0,True,6,0,True,5,legacy12,24,aflink_cached_overlap_safe,24,24,oracle_aabb,data28-3,deepocsort,True,303
48.539377289377285,7.9207920792079225,279,0,0,19.607914605163508,12.844036697247708,3,6.9306930693069315,24,0,0,0,True,6,0,True,5,legacy12,24,com3d_reciprocal_guard,24,24,oracle_aabb,data28-3,deepocsort,True,303
48.539377289377285,7.9207920792079225,279,0,0,19.607914605163508,12.844036697247708,3,6.9306930693069315,24,0,0,0,True,6,0,True,5,legacy12,24,controlled_cost_greedy,24,24,oracle_aabb,data28-3,deepocsort,True,303
48.539377289377285,7.9207920792079225,279,0,0,19.607914605163508,12.844036697247708,3,6.9306930693069315,24,0,0,0,True,6,0,True,5,legacy12,24,controlled_cost_reciprocal,24,24,oracle_aabb,data28-3,deepocsort,True,303
48.539377289377285,7.9207920792079225,279,0,0,19.607914605163508,12.844036697247708,3,6.9306930693069315,24,0,0,0,True,6,0,True,5,legacy12,24,geometry_greedy,24,24,oracle_aabb,data28-3,deepocsort,True,303
48.539377289377285,7.9207920792079225,279,0,0,19.607914605163508,12.844036697247708,3,6.9306930693069315,24,0,0,0,True,6,0,True,5,legacy12,24,geometry_reid_greedy_guard,24,24,oracle_aabb,data28-3,deepocsort,True,303
48.539377289377285,7.9207920792079225,279,0,0,19.607914605163508,12.844036697247708,3,6.9306930693069315,24,0,0,0,True,6,0,True,5,legacy12,24,geometry_reid_hungarian,24,24,oracle_aabb,data28-3,deepocsort,True,303
48.539377289377285,7.9207920792079225,279,0,0,19.607914605163508,12.844036697247708,3,6.9306930693069315,24,0,0,0,True,6,0,True,5,legacy12,24,no_refinement,24,24,oracle_aabb,data28-3,deepocsort,True,303
60.53542202478375,15.51155115511551,256,0,0,30.643079078870965,25.142857142857146,3,14.521452145214523,47,0,0,0,True,6,0,True,7,legacy12,47,aflink_cached_native_dedup,47,47,oracle_aabb,data28-3,ocsort,True,303
60.53542202478375,15.51155115511551,256,0,0,30.643079078870965,25.142857142857146,3,14.521452145214523,47,0,0,0,True,6,0,True,7,legacy12,47,aflink_cached_native_saved,47,47,oracle_aabb,data28-3,ocsort,True,303
60.53542202478375,15.51155115511551,256,0,0,30.643079078870965,25.142857142857146,3,14.521452145214523,47,0,0,0,True,6,0,True,7,legacy12,47,aflink_cached_no_dedup,47,47,oracle_aabb,data28-3,ocsort,True,303
60.53542202478375,15.51155115511551,256,0,0,30.643079078870965,25.142857142857146,3,14.521452145214523,47,0,0,0,True,6,0,True,7,legacy12,47,aflink_cached_overlap_safe,47,47,oracle_aabb,data28-3,ocsort,True,303
60.53542202478375,15.51155115511551,256,0,0,30.643079078870965,25.142857142857146,3,14.521452145214523,47,0,0,0,True,6,0,True,7,legacy12,47,com3d_reciprocal_guard,47,47,oracle_aabb,data28-3,ocsort,True,303
60.53542202478375,15.51155115511551,256,0,0,30.643079078870965,25.142857142857146,3,14.521452145214523,47,0,0,0,True,6,0,True,7,legacy12,47,controlled_cost_greedy,47,47,oracle_aabb,data28-3,ocsort,True,303
60.53542202478375,15.51155115511551,256,0,0,30.643079078870965,25.142857142857146,3,14.521452145214523,47,0,0,0,True,6,0,True,7,legacy12,47,controlled_cost_reciprocal,47,47,oracle_aabb,data28-3,ocsort,True,303
60.53542202478375,15.51155115511551,256,0,0,30.643079078870965,25.142857142857146,3,14.521452145214523,47,0,0,0,True,6,0,True,7,legacy12,47,geometry_greedy,47,47,oracle_aabb,data28-3,ocsort,True,303
60.53542202478375,15.51155115511551,256,0,0,30.643079078870965,25.142857142857146,3,14.521452145214523,47,0,0,0,True,6,0,True,7,legacy12,47,geometry_reid_greedy_guard,47,47,oracle_aabb,data28-3,ocsort,True,303
60.53542202478375,15.51155115511551,256,0,0,30.643079078870965,25.142857142857146,3,14.521452145214523,47,0,0,0,True,6,0,True,7,legacy12,47,geometry_reid_hungarian,47,47,oracle_aabb,data28-3,ocsort,True,303
60.53542202478375,15.51155115511551,256,0,0,30.643079078870965,25.142857142857146,3,14.521452145214523,47,0,0,0,True,6,0,True,7,legacy12,47,no_refinement,47,47,oracle_aabb,data28-3,ocsort,True,303
23.99741792598935,4.519783994290178,218,0,0,10.273126410163782,6.557377049180328,4,3.896103896103896,13,0,0,0,True,5,0,True,6,legacy12,13,aflink_cached_native_dedup,13,13,oracle_aabb,data28-4,bytetrack,True,231
23.99741792598935,4.519783994290178,218,0,0,10.273126410163782,6.557377049180328,4,3.896103896103896,13,0,0,0,False,5,0,True,6,legacy12,13,aflink_cached_native_saved,13,13,oracle_aabb,data28-4,bytetrack,False,231
23.99741792598935,4.519783994290178,218,0,0,10.273126410163782,6.557377049180328,4,3.896103896103896,13,0,0,0,True,5,0,True,6,legacy12,13,aflink_cached_no_dedup,13,13,oracle_aabb,data28-4,bytetrack,True,231
23.99741792598935,4.519783994290178,218,0,0,10.273126410163782,6.557377049180328,4,3.896103896103896,13,0,0,0,True,5,0,True,6,legacy12,13,aflink_cached_overlap_safe,13,13,oracle_aabb,data28-4,bytetrack,True,231
23.784580777061972,4.519783994290178,218,0,0,10.22552835256771,6.557377049180328,4,3.896103896103896,13,0,0,1,True,5,0,True,6,legacy12,13,com3d_reciprocal_guard,13,13,oracle_aabb,data28-4,bytetrack,True,231
23.784580777061972,4.519783994290178,218,0,0,10.22552835256771,6.557377049180328,4,3.896103896103896,13,0,0,1,True,5,0,True,6,legacy12,13,controlled_cost_greedy,13,13,oracle_aabb,data28-4,bytetrack,True,231
23.784580777061972,4.519783994290178,218,0,0,10.22552835256771,6.557377049180328,4,3.896103896103896,13,0,0,1,True,5,0,True,6,legacy12,13,controlled_cost_reciprocal,13,13,oracle_aabb,data28-4,bytetrack,True,231
23.784580777061972,4.519783994290178,218,0,0,10.22552835256771,6.557377049180328,4,3.896103896103896,13,0,0,1,True,5,0,True,6,legacy12,13,geometry_greedy,13,13,oracle_aabb,data28-4,bytetrack,True,231
23.784580777061972,4.519783994290178,218,0,0,10.22552835256771,6.557377049180328,4,3.896103896103896,13,0,0,1,True,5,0,True,6,legacy12,13,geometry_reid_greedy_guard,13,13,oracle_aabb,data28-4,bytetrack,True,231
23.784580777061972,4.519783994290178,218,0,0,10.22552835256771,6.557377049180328,4,3.896103896103896,13,0,0,1,True,5,0,True,6,legacy12,13,geometry_reid_hungarian,13,13,oracle_aabb,data28-4,bytetrack,True,231
23.99741792598935,4.519783994290178,218,0,0,10.273126410163782,6.557377049180328,4,3.896103896103896,13,0,0,0,True,5,0,True,6,legacy12,13,no_refinement,13,13,oracle_aabb,data28-4,bytetrack,True,231
14.611351611351612,6.493506493506492,216,0,0,9.740580401968781,5.691056910569105,8,3.0303030303030303,15,0,0,0,True,5,0,True,8,legacy12,15,aflink_cached_native_dedup,15,15,oracle_aabb,data28-4,deepocsort,True,231
14.611351611351612,6.493506493506492,216,0,0,9.740580401968781,5.691056910569105,8,3.0303030303030303,15,0,0,0,True,5,0,True,8,legacy12,15,aflink_cached_native_saved,15,15,oracle_aabb,data28-4,deepocsort,True,231
14.611351611351612,6.493506493506492,216,0,0,9.740580401968781,5.691056910569105,8,3.0303030303030303,15,0,0,0,True,5,0,True,8,legacy12,15,aflink_cached_no_dedup,15,15,oracle_aabb,data28-4,deepocsort,True,231
14.611351611351612,6.493506493506492,216,0,0,9.740580401968781,5.691056910569105,8,3.0303030303030303,15,0,0,0,True,5,0,True,8,legacy12,15,aflink_cached_overlap_safe,15,15,oracle_aabb,data28-4,deepocsort,True,231
14.029341029341024,6.493506493506492,216,0,0,9.544611939395073,5.691056910569105,8,3.0303030303030303,15,0,1,0,True,5,0,True,8,legacy12,15,com3d_reciprocal_guard,15,15,oracle_aabb,data28-4,deepocsort,True,231
14.029341029341024,6.493506493506492,216,0,0,9.544611939395073,5.691056910569105,8,3.0303030303030303,15,0,1,0,True,5,0,True,8,legacy12,15,controlled_cost_greedy,15,15,oracle_aabb,data28-4,deepocsort,True,231
14.029341029341024,6.493506493506492,216,0,0,9.544611939395073,5.691056910569105,8,3.0303030303030303,15,0,1,0,True,5,0,True,8,legacy12,15,controlled_cost_reciprocal,15,15,oracle_aabb,data28-4,deepocsort,True,231
14.029341029341024,6.493506493506492,216,0,0,9.544611939395073,5.691056910569105,8,3.0303030303030303,15,0,1,0,True,5,0,True,8,legacy12,15,geometry_greedy,15,15,oracle_aabb,data28-4,deepocsort,True,231
14.029341029341024,6.493506493506492,216,0,0,9.544611939395073,5.691056910569105,8,3.0303030303030303,15,0,1,0,True,5,0,True,8,legacy12,15,geometry_reid_greedy_guard,15,15,oracle_aabb,data28-4,deepocsort,True,231
14.029341029341024,6.493506493506492,216,0,0,9.544611939395073,5.691056910569105,8,3.0303030303030303,15,0,1,0,True,5,0,True,8,legacy12,15,geometry_reid_hungarian,15,15,oracle_aabb,data28-4,deepocsort,True,231
14.611351611351612,6.493506493506492,216,0,0,9.740580401968781,5.691056910569105,8,3.0303030303030303,15,0,0,0,True,5,0,True,8,legacy12,15,no_refinement,15,15,oracle_aabb,data28-4,deepocsort,True,231
23.492578849721706,3.03030303030303,224,0,0,8.437394910631157,4.201680672268908,2,2.1645021645021645,7,0,0,0,True,5,0,True,3,legacy12,7,aflink_cached_native_dedup,7,7,oracle_aabb,data28-4,ocsort,True,231
23.492578849721706,3.03030303030303,224,0,0,8.437394910631157,4.201680672268908,2,2.1645021645021645,7,0,0,0,True,5,0,True,3,legacy12,7,aflink_cached_native_saved,7,7,oracle_aabb,data28-4,ocsort,True,231
23.492578849721706,3.03030303030303,224,0,0,8.437394910631157,4.201680672268908,2,2.1645021645021645,7,0,0,0,True,5,0,True,3,legacy12,7,aflink_cached_no_dedup,7,7,oracle_aabb,data28-4,ocsort,True,231
23.492578849721706,3.03030303030303,224,0,0,8.437394910631157,4.201680672268908,2,2.1645021645021645,7,0,0,0,True,5,0,True,3,legacy12,7,aflink_cached_overlap_safe,7,7,oracle_aabb,data28-4,ocsort,True,231
23.492578849721706,3.03030303030303,224,0,0,8.437394910631157,4.201680672268908,2,2.1645021645021645,7,0,0,0,True,5,0,True,3,legacy12,7,com3d_reciprocal_guard,7,7,oracle_aabb,data28-4,ocsort,True,231
23.492578849721706,3.03030303030303,224,0,0,8.437394910631157,4.201680672268908,2,2.1645021645021645,7,0,0,0,True,5,0,True,3,legacy12,7,controlled_cost_greedy,7,7,oracle_aabb,data28-4,ocsort,True,231
23.492578849721706,3.03030303030303,224,0,0,8.437394910631157,4.201680672268908,2,2.1645021645021645,7,0,0,0,True,5,0,True,3,legacy12,7,controlled_cost_reciprocal,7,7,oracle_aabb,data28-4,ocsort,True,231
23.492578849721706,3.03030303030303,224,0,0,8.437394910631157,4.201680672268908,2,2.1645021645021645,7,0,0,0,True,5,0,True,3,legacy12,7,geometry_greedy,7,7,oracle_aabb,data28-4,ocsort,True,231
23.492578849721706,3.03030303030303,224,0,0,8.437394910631157,4.201680672268908,2,2.1645021645021645,7,0,0,0,True,5,0,True,3,legacy12,7,geometry_reid_greedy_guard,7,7,oracle_aabb,data28-4,ocsort,True,231
23.492578849721706,3.03030303030303,224,0,0,8.437394910631157,4.201680672268908,2,2.1645021645021645,7,0,0,0,True,5,0,True,3,legacy12,7,geometry_reid_hungarian,7,7,oracle_aabb,data28-4,ocsort,True,231
23.492578849721706,3.03030303030303,224,0,0,8.437394910631157,4.201680672268908,2,2.1645021645021645,7,0,0,0,True,5,0,True,3,legacy12,7,no_refinement,7,7,oracle_aabb,data28-4,ocsort,True,231
9.947650539136815,10.186872459794568,162,0,4,9.929400740296508,13.725490196078432,8,7.103825136612022,21,0,0,0,True,4,0,True,10,legacy12,21,aflink_cached_native_dedup,21,21,oracle_aabb,data28-5,bytetrack,True,183
9.947650539136815,10.186872459794568,162,0,4,9.929400740296508,13.725490196078432,8,7.103825136612022,21,0,0,0,False,4,0,True,10,legacy12,21,aflink_cached_native_saved,21,21,oracle_aabb,data28-5,bytetrack,False,183
9.947650539136815,10.186872459794568,162,0,4,9.929400740296508,13.725490196078432,8,7.103825136612022,21,0,0,0,True,4,0,True,10,legacy12,21,aflink_cached_no_dedup,21,21,oracle_aabb,data28-5,bytetrack,True,183
9.947650539136815,10.186872459794568,162,0,4,9.929400740296508,13.725490196078432,8,7.103825136612022,21,0,0,0,True,4,0,True,10,legacy12,21,aflink_cached_overlap_safe,21,21,oracle_aabb,data28-5,bytetrack,True,183
9.947650539136815,10.186872459794568,162,0,4,9.929400740296508,13.725490196078432,8,7.103825136612022,21,0,0,0,True,4,0,True,10,legacy12,21,com3d_reciprocal_guard,21,21,oracle_aabb,data28-5,bytetrack,True,183
9.947650539136815,10.186872459794568,162,0,4,9.929400740296508,13.725490196078432,8,7.103825136612022,21,0,0,0,True,4,0,True,10,legacy12,21,controlled_cost_greedy,21,21,oracle_aabb,data28-5,bytetrack,True,183
9.947650539136815,10.186872459794568,162,0,4,9.929400740296508,13.725490196078432,8,7.103825136612022,21,0,0,0,True,4,0,True,10,legacy12,21,controlled_cost_reciprocal,21,21,oracle_aabb,data28-5,bytetrack,True,183
10.441996087647743,10.186872459794568,162,0,4,10.193613122036869,14.705882352941178,7,7.650273224043716,21,0,0,1,True,4,0,True,10,legacy12,21,geometry_greedy,21,21,oracle_aabb,data28-5,bytetrack,True,183
9.947650539136815,10.186872459794568,162,0,4,9.929400740296508,13.725490196078432,8,7.103825136612022,21,0,0,0,True,4,0,True,10,legacy12,21,geometry_reid_greedy_guard,21,21,oracle_aabb,data28-5,bytetrack,True,183
9.947650539136815,10.186872459794568,162,0,4,9.929400740296508,13.725490196078432,8,7.103825136612022,21,0,0,0,True,4,0,True,10,legacy12,21,geometry_reid_hungarian,21,21,oracle_aabb,data28-5,bytetrack,True,183
9.947650539136815,10.186872459794568,162,0,4,9.929400740296508,13.725490196078432,8,7.103825136612022,21,0,0,0,True,4,0,True,10,legacy12,21,no_refinement,21,21,oracle_aabb,data28-5,bytetrack,True,183
39.55673163082437,52.45901639344264,87,0,5,45.553344916618656,45.16129032258064,20,41.53005464480874,96,0,0,0,True,4,0,True,25,legacy12,96,aflink_cached_native_dedup,96,96,oracle_aabb,data28-5,deepocsort,True,183
39.55673163082437,52.45901639344264,87,0,5,45.553344916618656,45.16129032258064,20,41.53005464480874,96,0,0,0,True,4,0,True,25,legacy12,96,aflink_cached_native_saved,96,96,oracle_aabb,data28-5,deepocsort,True,183
39.55673163082437,52.45901639344264,87,0,5,45.553344916618656,45.16129032258064,20,41.53005464480874,96,0,0,0,True,4,0,True,25,legacy12,96,aflink_cached_no_dedup,96,96,oracle_aabb,data28-5,deepocsort,True,183
39.55673163082437,52.45901639344264,87,0,5,45.553344916618656,45.16129032258064,20,41.53005464480874,96,0,0,0,True,4,0,True,25,legacy12,96,aflink_cached_overlap_safe,96,96,oracle_aabb,data28-5,deepocsort,True,183
61.31751098736985,52.45901639344264,87,0,5,56.715573823170786,59.49820788530465,10,46.994535519125684,96,10,1,0,True,4,0,True,25,legacy12,96,com3d_reciprocal_guard,96,96,oracle_aabb,data28-5,deepocsort,True,183
61.5556062254651,52.45901639344264,87,0,5,56.82558012101568,60.215053763440864,9,47.540983606557376,96,10,2,0,True,4,0,True,25,legacy12,96,controlled_cost_greedy,96,96,oracle_aabb,data28-5,deepocsort,True,183
61.31751098736985,52.45901639344264,87,0,5,56.715573823170786,59.49820788530465,10,46.994535519125684,96,10,1,0,True,4,0,True,25,legacy12,96,controlled_cost_reciprocal,96,96,oracle_aabb,data28-5,deepocsort,True,183
62.69807934374466,52.45901639344264,87,0,5,57.35049757526841,60.93189964157706,8,48.08743169398907,96,11,2,0,True,4,0,True,25,legacy12,96,geometry_greedy,96,96,oracle_aabb,data28-5,deepocsort,True,183
61.5556062254651,52.45901639344264,87,0,5,56.82558012101568,60.215053763440864,9,47.540983606557376,96,11,1,0,True,4,0,True,25,legacy12,96,geometry_reid_greedy_guard,96,96,oracle_aabb,data28-5,deepocsort,True,183
61.5556062254651,52.45901639344264,87,0,5,56.82558012101568,60.215053763440864,9,47.540983606557376,96,11,1,0,True,4,0,True,25,legacy12,96,geometry_reid_hungarian,96,96,oracle_aabb,data28-5,deepocsort,True,183
39.55673163082437,52.45901639344264,87,0,5,45.553344916618656,45.16129032258064,20,41.53005464480874,96,0,0,0,True,4,0,True,25,legacy12,96,no_refinement,96,96,oracle_aabb,data28-5,deepocsort,True,183
12.811379928315414,16.393442622950822,153,0,0,14.492157250584278,9.389671361502346,20,5.46448087431694,30,0,0,0,True,4,0,True,19,legacy12,30,aflink_cached_native_dedup,30,30,oracle_aabb,data28-5,ocsort,True,183
12.811379928315414,16.393442622950822,153,0,0,14.492157250584278,9.389671361502346,20,5.46448087431694,30,0,0,0,True,4,0,True,19,legacy12,30,aflink_cached_native_saved,30,30,oracle_aabb,data28-5,ocsort,True,183
12.811379928315414,16.393442622950822,153,0,0,14.492157250584278,9.389671361502346,20,5.46448087431694,30,0,0,0,True,4,0,True,19,legacy12,30,aflink_cached_no_dedup,30,30,oracle_aabb,data28-5,ocsort,True,183
12.811379928315414,16.393442622950822,153,0,0,14.492157250584278,9.389671361502346,20,5.46448087431694,30,0,0,0,True,4,0,True,19,legacy12,30,aflink_cached_overlap_safe,30,30,oracle_aabb,data28-5,ocsort,True,183
24.583174292851705,16.393442622950822,153,0,0,20.074931064884485,18.779342723004692,10,10.92896174863388,30,10,1,0,True,4,0,True,19,legacy12,30,com3d_reciprocal_guard,30,30,oracle_aabb,data28-5,ocsort,True,183
25.3251214138311,16.393442622950822,153,0,0,20.375620844943672,19.718309859154928,9,11.475409836065573,30,10,3,0,True,4,0,True,19,legacy12,30,controlled_cost_greedy,30,30,oracle_aabb,data28-5,ocsort,True,183
24.583174292851705,16.393442622950822,153,0,0,20.074931064884485,18.779342723004692,10,10.92896174863388,30,10,1,0,True,4,0,True,19,legacy12,30,controlled_cost_reciprocal,30,30,oracle_aabb,data28-5,ocsort,True,183
25.75522894071281,16.393442622950822,153,0,0,20.547916387812606,20.657276995305164,8,12.021857923497267,30,11,3,0,True,4,0,True,19,legacy12,30,geometry_greedy,30,30,oracle_aabb,data28-5,ocsort,True,183
25.35831626557432,16.393442622950822,153,0,0,20.388970123925663,19.718309859154928,10,10.92896174863388,30,11,1,0,True,4,0,True,19,legacy12,30,geometry_reid_greedy_guard,30,30,oracle_aabb,data28-5,ocsort,True,183
25.3251214138311,16.393442622950822,153,0,0,20.375620844943672,19.718309859154928,9,11.475409836065573,30,11,2,0,True,4,0,True,19,legacy12,30,geometry_reid_hungarian,30,30,oracle_aabb,data28-5,ocsort,True,183
12.811379928315414,16.393442622950822,153,0,0,14.492157250584278,9.389671361502346,20,5.46448087431694,30,0,0,0,True,4,0,True,19,legacy12,30,no_refinement,30,30,oracle_aabb,data28-5,ocsort,True,183
78.54437245481178,55.10841800120577,91,0,1,65.7879661250357,74.55919395465995,1,62.295081967213115,153,0,0,0,True,4,0,True,7,legacy12,153,aflink_cached_native_dedup,153,153,oracle_aabb,data28-6,bytetrack,True,244
78.54437245481178,55.10841800120577,91,0,1,65.7879661250357,74.55919395465995,1,62.295081967213115,153,0,0,0,False,4,0,True,7,legacy12,153,aflink_cached_native_saved,153,153,oracle_aabb,data28-6,bytetrack,False,244
78.54437245481178,55.10841800120577,91,0,1,65.7879661250357,74.55919395465995,1,62.295081967213115,153,0,0,0,True,4,0,True,7,legacy12,153,aflink_cached_no_dedup,153,153,oracle_aabb,data28-6,bytetrack,True,244
78.54437245481178,55.10841800120577,91,0,1,65.7879661250357,74.55919395465995,1,62.295081967213115,153,0,0,0,True,4,0,True,7,legacy12,153,aflink_cached_overlap_safe,153,153,oracle_aabb,data28-6,bytetrack,True,244
76.6355653609871,55.10841800120577,91,0,1,64.98323310260425,74.55919395465995,1,62.295081967213115,153,0,1,0,True,4,0,True,7,legacy12,153,com3d_reciprocal_guard,153,153,oracle_aabb,data28-6,bytetrack,True,244
76.62564683021132,55.10841800120577,91,0,1,64.97938200282557,74.55919395465995,1,62.295081967213115,153,0,1,0,True,4,0,True,7,legacy12,153,controlled_cost_greedy,153,153,oracle_aabb,data28-6,bytetrack,True,244
76.62564683021132,55.10841800120577,91,0,1,64.97938200282557,74.55919395465995,1,62.295081967213115,153,0,1,0,True,4,0,True,7,legacy12,153,controlled_cost_reciprocal,153,153,oracle_aabb,data28-6,bytetrack,True,244
76.6355653609871,55.10841800120577,91,0,1,64.98323310260425,74.55919395465995,1,62.295081967213115,153,0,1,0,True,4,0,True,7,legacy12,153,geometry_greedy,153,153,oracle_aabb,data28-6,bytetrack,True,244
76.6355653609871,55.10841800120577,91,0,1,64.98323310260425,74.55919395465995,1,62.295081967213115,153,0,1,0,True,4,0,True,7,legacy12,153,geometry_reid_greedy_guard,153,153,oracle_aabb,data28-6,bytetrack,True,244
76.62564683021132,55.10841800120577,91,0,1,64.97938200282557,74.55919395465995,1,62.295081967213115,153,0,1,0,True,4,0,True,7,legacy12,153,geometry_reid_hungarian,153,153,oracle_aabb,data28-6,bytetrack,True,244
78.54437245481178,55.10841800120577,91,0,1,65.7879661250357,74.55919395465995,1,62.295081967213115,153,0,0,0,True,4,0,True,7,legacy12,153,no_refinement,153,153,oracle_aabb,data28-6,bytetrack,True,244
86.62462843154397,35.24590163934426,158,0,2,55.255435327603244,50.90909090909091,2,34.42622950819672,86,0,0,0,True,4,0,True,6,legacy12,86,aflink_cached_native_dedup,86,86,oracle_aabb,data28-6,deepocsort,True,244
86.62462843154397,35.24590163934426,158,0,2,55.255435327603244,50.90909090909091,2,34.42622950819672,86,0,0,0,True,4,0,True,6,legacy12,86,aflink_cached_native_saved,86,86,oracle_aabb,data28-6,deepocsort,True,244
86.62462843154397,35.24590163934426,158,0,2,55.255435327603244,50.90909090909091,2,34.42622950819672,86,0,0,0,True,4,0,True,6,legacy12,86,aflink_cached_no_dedup,86,86,oracle_aabb,data28-6,deepocsort,True,244
86.62462843154397,35.24590163934426,158,0,2,55.255435327603244,50.90909090909091,2,34.42622950819672,86,0,0,0,True,4,0,True,6,legacy12,86,aflink_cached_overlap_safe,86,86,oracle_aabb,data28-6,deepocsort,True,244
86.62462843154397,35.24590163934426,158,0,2,55.255435327603244,50.90909090909091,2,34.42622950819672,86,0,0,0,True,4,0,True,6,legacy12,86,com3d_reciprocal_guard,86,86,oracle_aabb,data28-6,deepocsort,True,244
86.62462843154397,35.24590163934426,158,0,2,55.255435327603244,50.90909090909091,2,34.42622950819672,86,0,0,0,True,4,0,True,6,legacy12,86,controlled_cost_greedy,86,86,oracle_aabb,data28-6,deepocsort,True,244
86.62462843154397,35.24590163934426,158,0,2,55.255435327603244,50.90909090909091,2,34.42622950819672,86,0,0,0,True,4,0,True,6,legacy12,86,controlled_cost_reciprocal,86,86,oracle_aabb,data28-6,deepocsort,True,244
86.62462843154397,35.24590163934426,158,0,2,55.255435327603244,50.90909090909091,2,34.42622950819672,86,0,0,0,True,4,0,True,6,legacy12,86,geometry_greedy,86,86,oracle_aabb,data28-6,deepocsort,True,244
86.62462843154397,35.24590163934426,158,0,2,55.255435327603244,50.90909090909091,2,34.42622950819672,86,0,0,0,True,4,0,True,6,legacy12,86,geometry_reid_greedy_guard,86,86,oracle_aabb,data28-6,deepocsort,True,244
86.62462843154397,35.24590163934426,158,0,2,55.255435327603244,50.90909090909091,2,34.42622950819672,86,0,0,0,True,4,0,True,6,legacy12,86,geometry_reid_hungarian,86,86,oracle_aabb,data28-6,deepocsort,True,244
86.62462843154397,35.24590163934426,158,0,2,55.255435327603244,50.90909090909091,2,34.42622950819672,86,0,0,0,True,4,0,True,6,legacy12,86,no_refinement,86,86,oracle_aabb,data28-6,deepocsort,True,244
85.03132832080202,59.42622950819671,99,0,1,71.08509852408457,73.52185089974293,1,59.01639344262295,145,0,0,0,True,4,0,True,4,legacy12,145,aflink_cached_native_dedup,145,145,oracle_aabb,data28-6,ocsort,True,244
85.03132832080202,59.42622950819671,99,0,1,71.08509852408457,73.52185089974293,1,59.01639344262295,145,0,0,0,True,4,0,True,4,legacy12,145,aflink_cached_native_saved,145,145,oracle_aabb,data28-6,ocsort,True,244
85.03132832080202,59.42622950819671,99,0,1,71.08509852408457,73.52185089974293,1,59.01639344262295,145,0,0,0,True,4,0,True,4,legacy12,145,aflink_cached_no_dedup,145,145,oracle_aabb,data28-6,ocsort,True,244
85.03132832080202,59.42622950819671,99,0,1,71.08509852408457,73.52185089974293,1,59.01639344262295,145,0,0,0,True,4,0,True,4,legacy12,145,aflink_cached_overlap_safe,145,145,oracle_aabb,data28-6,ocsort,True,244
83.98856184033401,59.42622950819671,99,0,1,70.64788427113061,73.52185089974293,1,59.01639344262295,145,0,1,0,True,4,0,True,4,legacy12,145,com3d_reciprocal_guard,145,145,oracle_aabb,data28-6,ocsort,True,244
83.98856184033401,59.42622950819671,99,0,1,70.64788427113061,73.52185089974293,1,59.01639344262295,145,0,1,0,True,4,0,True,4,legacy12,145,controlled_cost_greedy,145,145,oracle_aabb,data28-6,ocsort,True,244
83.98856184033401,59.42622950819671,99,0,1,70.64788427113061,73.52185089974293,1,59.01639344262295,145,0,1,0,True,4,0,True,4,legacy12,145,controlled_cost_reciprocal,145,145,oracle_aabb,data28-6,ocsort,True,244
83.98856184033401,59.42622950819671,99,0,1,70.64788427113061,73.52185089974293,1,59.01639344262295,145,0,1,0,True,4,0,True,4,legacy12,145,geometry_greedy,145,145,oracle_aabb,data28-6,ocsort,True,244
83.98856184033401,59.42622950819671,99,0,1,70.64788427113061,73.52185089974293,1,59.01639344262295,145,0,1,0,True,4,0,True,4,legacy12,145,geometry_reid_greedy_guard,145,145,oracle_aabb,data28-6,ocsort,True,244
83.98856184033401,59.42622950819671,99,0,1,70.64788427113061,73.52185089974293,1,59.01639344262295,145,0,1,0,True,4,0,True,4,legacy12,145,geometry_reid_hungarian,145,145,oracle_aabb,data28-6,ocsort,True,244
85.03132832080202,59.42622950819671,99,0,1,71.08509852408457,73.52185089974293,1,59.01639344262295,145,0,0,0,True,4,0,True,4,legacy12,145,no_refinement,145,145,oracle_aabb,data28-6,ocsort,True,244
67.75947618353689,51.75067371173982,2735,3,257,59.208507406560315,66.69538249483115,328,57.23849372384937,4435,0,0,0,True,7,0,True,391,legacy12,4438,aflink_cached_native_dedup,4438,4438,oracle_aabb,data30-10,bytetrack,True,7170
67.77346808721418,51.75369576825,2735,3,257,59.21613929374203,66.69538249483115,328,57.23849372384937,4435,0,0,0,False,7,0,True,391,legacy12,4438,aflink_cached_native_saved,4438,4438,oracle_aabb,data30-10,bytetrack,False,7170
67.75947618353689,51.75067371173982,2735,3,257,59.208507406560315,66.69538249483115,328,57.23849372384937,4435,0,0,0,True,7,0,True,391,legacy12,4438,aflink_cached_no_dedup,4438,4438,oracle_aabb,data30-10,bytetrack,True,7170
67.75947618353689,51.75067371173982,2735,3,257,59.208507406560315,66.69538249483115,328,57.23849372384937,4435,0,0,0,True,7,0,True,391,legacy12,4438,aflink_cached_overlap_safe,4438,4438,oracle_aabb,data30-10,bytetrack,True,7170
68.2540025410085,51.707675376262486,2735,3,257,59.400745679108816,67.64300482425914,282,57.88005578800558,4435,2,3,91,True,7,0,True,391,legacy12,4438,com3d_reciprocal_guard,4438,4438,oracle_aabb,data30-10,bytetrack,True,7170
68.4546745008489,51.707675376262486,2735,3,257,59.48828887866826,67.91867677463817,262,58.15899581589959,4435,2,3,117,True,7,0,True,391,legacy12,4438,controlled_cost_greedy,4438,4438,oracle_aabb,data30-10,bytetrack,True,7170
68.38340533118367,51.707675376262486,2735,3,257,59.45717675035714,67.81529979324604,270,58.047419804741985,4435,2,3,95,True,7,0,True,391,legacy12,4438,controlled_cost_reciprocal,4438,4438,oracle_aabb,data30-10,bytetrack,True,7170
68.27727813333547,51.707675376262486,2735,3,257,59.41094335928953,67.67746381805651,277,57.94979079497908,4435,2,3,119,True,7,0,True,391,legacy12,4438,geometry_greedy,4438,4438,oracle_aabb,data30-10,bytetrack,True,7170
68.4589392837794,51.75067371173982,2735,3,257,59.51474982069672,67.95313576843556,260,58.18688981868898,4435,2,5,115,True,7,0,True,391,legacy12,4438,geometry_reid_greedy_guard,4438,4438,oracle_aabb,data30-10,bytetrack,True,7170
68.44330394159762,51.707675376262486,2735,3,257,59.4833146518255,67.8842177808408,267,58.08926080892608,4435,2,2,107,True,7,0,True,391,legacy12,4438,geometry_reid_hungarian,4438,4438,oracle_aabb,data30-10,bytetrack,True,7170
67.75947618353689,51.75067371173982,2735,3,257,59.208507406560315,66.69538249483115,328,57.23849372384937,4435,0,0,0,True,7,0,True,391,legacy12,4438,no_refinement,4438,4438,oracle_aabb,data30-10,bytetrack,True,7170
92.99072403220248,93.3179674636436,479,0,41,93.15420200945503,94.59634946973523,32,92.87308228730822,6691,1,0,0,True,7,0,True,141,legacy12,6691,aflink_cached_native_dedup,6691,6691,oracle_aabb,data30-10,deepocsort,True,7170
92.99072403220248,93.3179674636436,479,0,41,93.15420200945503,94.59634946973523,32,92.87308228730822,6691,1,0,0,False,7,0,True,141,legacy12,6691,aflink_cached_native_saved,6691,6691,oracle_aabb,data30-10,deepocsort,False,7170
92.99072403220248,93.3179674636436,479,0,41,93.15420200945503,94.59634946973523,32,92.87308228730822,6691,1,0,0,True,7,0,True,141,legacy12,6691,aflink_cached_no_dedup,6691,6691,oracle_aabb,data30-10,deepocsort,True,7170
92.99072403220248,93.3179674636436,479,0,41,93.15420200945503,94.59634946973523,32,92.87308228730822,6691,1,0,0,True,7,0,True,141,legacy12,6691,aflink_cached_overlap_safe,6691,6691,oracle_aabb,data30-10,deepocsort,True,7170
93.18092781502881,93.3179674636436,479,0,41,93.24942242394675,94.82721304379194,22,93.01255230125523,6691,11,6,0,True,7,0,True,141,legacy12,6691,com3d_reciprocal_guard,6691,6691,oracle_aabb,data30-10,deepocsort,True,7170
93.09719464736122,93.3179674636436,479,0,41,93.20751564868284,94.63963638987086,18,93.06834030683403,6691,15,5,0,True,7,0,True,141,legacy12,6691,controlled_cost_greedy,6691,6691,oracle_aabb,data30-10,deepocsort,True,7170
93.13322416949693,93.3179674636436,479,0,41,93.22555001268181,94.63963638987086,18,93.06834030683403,6691,15,4,0,True,7,0,True,141,legacy12,6691,controlled_cost_reciprocal,6691,6691,oracle_aabb,data30-10,deepocsort,True,7170
93.1585476487916,93.3179674636436,479,0,41,93.23822344285169,94.82721304379194,20,93.04044630404464,6691,12,8,0,True,7,0,True,141,legacy12,6691,geometry_greedy,6691,6691,oracle_aabb,data30-10,deepocsort,True,7170
93.09719464736122,93.3179674636436,479,0,41,93.20751564868284,94.63963638987086,18,93.06834030683403,6691,15,5,0,True,7,0,True,141,legacy12,6691,geometry_reid_greedy_guard,6691,6691,oracle_aabb,data30-10,deepocsort,True,7170
93.09719464736122,93.3179674636436,479,0,41,93.20751564868284,94.63963638987086,18,93.06834030683403,6691,15,5,0,True,7,0,True,141,legacy12,6691,geometry_reid_hungarian,6691,6691,oracle_aabb,data30-10,deepocsort,True,7170
92.72917661513436,93.3179674636436,479,0,41,93.02310615493103,94.35105692229997,33,92.85913528591352,6691,0,0,0,True,7,0,True,141,legacy12,6691,no_refinement,6691,6691,oracle_aabb,data30-10,deepocsort,True,7170
78.84795762151269,52.168373400435506,3422,0,85,64.13555271792058,62.19087745008244,221,49.19107391910739,3748,0,0,0,True,7,0,True,301,legacy12,3748,aflink_cached_native_dedup,3748,3748,oracle_aabb,data30-10,ocsort,True,7170
78.84795762151269,52.168373400435506,3422,0,85,64.13555271792058,62.19087745008244,221,49.19107391910739,3748,0,0,0,False,7,0,True,301,legacy12,3748,aflink_cached_native_saved,3748,3748,oracle_aabb,data30-10,ocsort,False,7170
78.84795762151269,52.168373400435506,3422,0,85,64.13555271792058,62.19087745008244,221,49.19107391910739,3748,0,0,0,True,7,0,True,301,legacy12,3748,aflink_cached_no_dedup,3748,3748,oracle_aabb,data30-10,ocsort,True,7170
78.84795762151269,52.168373400435506,3422,0,85,64.13555271792058,62.19087745008244,221,49.19107391910739,3748,0,0,0,True,7,0,True,301,legacy12,3748,aflink_cached_overlap_safe,3748,3748,oracle_aabb,data30-10,ocsort,True,7170
79.40342232775951,52.168373400435506,3422,0,85,64.36106589706884,64.31580875618245,98,50.906555090655516,3748,123,21,0,True,7,0,True,301,legacy12,3748,com3d_reciprocal_guard,3748,3748,oracle_aabb,data30-10,ocsort,True,7170
79.54408702582325,52.168373400435506,3422,0,85,64.41804909773326,64.71881296940832,74,51.24128312412831,3748,148,14,0,True,7,0,True,301,legacy12,3748,controlled_cost_greedy,3748,3748,oracle_aabb,data30-10,ocsort,True,7170
79.68992543126608,52.168373400435506,3422,0,85,64.47707499196783,64.81040483605057,76,51.21338912133891,3748,145,8,0,True,7,0,True,301,legacy12,3748,controlled_cost_reciprocal,3748,3748,oracle_aabb,data30-10,ocsort,True,7170
79.37401695740587,52.168373400435506,3422,0,85,64.34914741902635,64.3341271295109,102,50.85076708507671,3748,119,42,0,True,7,0,True,301,legacy12,3748,geometry_greedy,3748,3748,oracle_aabb,data30-10,ocsort,True,7170
79.6584377840308,52.168373400435506,3422,0,85,64.46433541661646,64.81040483605057,76,51.21338912133891,3748,146,15,0,True,7,0,True,301,legacy12,3748,geometry_reid_greedy_guard,3748,3748,oracle_aabb,data30-10,ocsort,True,7170
79.6529467371853,52.168373400435506,3422,0,85,64.46211353822741,64.84704158270745,71,51.28312412831241,3748,150,11,0,True,7,0,True,301,legacy12,3748,geometry_reid_hungarian,3748,3748,oracle_aabb,data30-10,ocsort,True,7170
78.84795762151269,52.168373400435506,3422,0,85,64.13555271792058,62.19087745008244,221,49.19107391910739,3748,0,0,0,True,7,0,True,301,legacy12,3748,no_refinement,3748,3748,oracle_aabb,data30-10,ocsort,True,7170
38.65806153091121,42.95884847323204,2104,6,374,40.74407870133334,46.61435629177565,597,39.71046770601336,2386,0,0,0,True,7,0,True,359,legacy12,2392,aflink_cached_native_dedup,2392,2392,oracle_aabb,data30-2,bytetrack,True,4490
38.65430107775404,42.9534584802013,2104,6,374,40.739512379048556,46.61435629177565,597,39.71046770601336,2386,0,0,0,False,7,0,True,359,legacy12,2392,aflink_cached_native_saved,2392,2392,oracle_aabb,data30-2,bytetrack,False,4490
38.65806153091121,42.95884847323204,2104,6,374,40.74407870133334,46.61435629177565,597,39.71046770601336,2386,0,0,0,True,7,0,True,359,legacy12,2392,aflink_cached_no_dedup,2392,2392,oracle_aabb,data30-2,bytetrack,True,4490
38.65806153091121,42.95884847323204,2104,6,374,40.74407870133334,46.61435629177565,597,39.71046770601336,2386,0,0,0,True,7,0,True,359,legacy12,2392,aflink_cached_overlap_safe,2392,2392,oracle_aabb,data30-2,bytetrack,True,4490
40.76781283225102,42.94108643295302,2104,6,374,41.83540185311971,49.52048823016565,520,41.42538975501114,2386,17,6,108,True,7,0,True,359,legacy12,2392,com3d_reciprocal_guard,2392,2392,oracle_aabb,data30-2,bytetrack,True,4490
42.89664445509659,42.95884847323204,2104,6,374,42.92101701987453,52.86253995931415,410,43.87527839643652,2386,26,7,159,True,7,0,True,359,legacy12,2392,controlled_cost_greedy,2392,2392,oracle_aabb,data30-2,bytetrack,True,4490
41.102507448855,42.94108643295302,2104,6,374,42.00563302295826,49.95640802092415,506,41.73719376391982,2386,16,5,117,True,7,0,True,359,legacy12,2392,controlled_cost_reciprocal,2392,2392,oracle_aabb,data30-2,bytetrack,True,4490
42.71792793382097,42.94108643295302,2104,6,374,42.82478229297009,52.45568148793956,413,43.808463251670375,2386,23,13,169,True,7,0,True,359,legacy12,2392,geometry_greedy,2392,2392,oracle_aabb,data30-2,bytetrack,True,4490
42.968510078787446,42.93767592566295,2104,6,374,42.94639708790939,52.94972391746585,408,43.919821826280625,2386,28,8,157,True,7,0,True,359,legacy12,2392,geometry_reid_greedy_guard,2392,2392,oracle_aabb,data30-2,bytetrack,True,4490
41.33423048844835,42.95884847323204,2104,6,374,42.134291716422354,50.363266492298756,497,41.937639198218264,2386,19,6,141,True,7,0,True,359,legacy12,2392,geometry_reid_hungarian,2392,2392,oracle_aabb,data30-2,bytetrack,True,4490
38.65806153091121,42.95884847323204,2104,6,374,40.74407870133334,46.61435629177565,597,39.71046770601336,2386,0,0,0,True,7,0,True,359,legacy12,2392,no_refinement,2392,2392,oracle_aabb,data30-2,bytetrack,True,4490
89.14415690180564,89.2317624738791,482,0,69,89.18794864418113,90.75076488585549,55,88.04008908685968,4008,0,0,0,True,7,0,True,94,legacy12,4008,aflink_cached_native_dedup,4008,4008,oracle_aabb,data30-2,deepocsort,True,4490
89.14415690180564,89.2317624738791,482,0,69,89.18794864418113,90.75076488585549,55,88.04008908685968,4008,0,0,0,False,7,0,True,94,legacy12,4008,aflink_cached_native_saved,4008,4008,oracle_aabb,data30-2,deepocsort,False,4490
89.14415690180564,89.2317624738791,482,0,69,89.18794864418113,90.75076488585549,55,88.04008908685968,4008,0,0,0,True,7,0,True,94,legacy12,4008,aflink_cached_no_dedup,4008,4008,oracle_aabb,data30-2,deepocsort,True,4490
89.14415690180564,89.2317624738791,482,0,69,89.18794864418113,90.75076488585549,55,88.04008908685968,4008,0,0,0,True,7,0,True,94,legacy12,4008,aflink_cached_overlap_safe,4008,4008,oracle_aabb,data30-2,deepocsort,True,4490
91.36749579751925,89.2317624738791,482,0,69,90.2933144408603,92.77477053424336,28,88.64142538975501,4008,29,7,0,True,7,0,True,94,legacy12,4008,com3d_reciprocal_guard,4008,4008,oracle_aabb,data30-2,deepocsort,True,4490
92.24131252281671,89.2317624738791,482,0,69,90.72405896375109,93.41021416803954,16,88.9086859688196,4008,38,6,0,True,7,0,True,94,legacy12,4008,controlled_cost_greedy,4008,4008,oracle_aabb,data30-2,deepocsort,True,4490
92.05027345755418,89.2317624738791,482,0,69,90.6300617816453,93.22193457284067,22,88.7750556792873,4008,34,3,0,True,7,0,True,94,legacy12,4008,controlled_cost_reciprocal,4008,4008,oracle_aabb,data30-2,deepocsort,True,4490
90.92259808795987,89.2317624738791,482,0,69,90.07321266260065,92.28053659684632,25,88.70824053452115,4008,30,11,0,True,7,0,True,94,legacy12,4008,geometry_greedy,4008,4008,oracle_aabb,data30-2,deepocsort,True,4490
92.10765083402039,89.2317624738791,482,0,69,90.65830357401133,93.36314426923981,17,88.88641425389756,4008,38,6,0,True,7,0,True,94,legacy12,4008,geometry_reid_greedy_guard,4008,4008,oracle_aabb,data30-2,deepocsort,True,4490
92.2080391687372,89.2317624738791,482,0,69,90.7076944633786,93.36314426923981,18,88.8641425389755,4008,38,5,0,True,7,0,True,94,legacy12,4008,geometry_reid_hungarian,4008,4008,oracle_aabb,data30-2,deepocsort,True,4490
89.14415690180564,89.2317624738791,482,0,69,89.18794864418113,90.75076488585549,55,88.04008908685968,4008,0,0,0,True,7,0,True,94,legacy12,4008,no_refinement,4008,4008,oracle_aabb,data30-2,deepocsort,True,4490
41.91293691316078,30.218418751036623,3131,0,160,35.58851844027653,36.34809369122927,187,26.102449888641427,1359,0,2,0,True,7,0,True,205,legacy12,1359,aflink_cached_native_dedup,1359,1359,oracle_aabb,data30-2,ocsort,True,4490
41.91293691316078,30.218418751036623,3131,0,160,35.58851844027653,36.34809369122927,187,26.102449888641427,1359,0,2,0,False,7,0,True,205,legacy12,1359,aflink_cached_native_saved,1359,1359,oracle_aabb,data30-2,ocsort,False,4490
41.91293691316078,30.218418751036623,3131,0,160,35.58851844027653,36.34809369122927,187,26.102449888641427,1359,0,2,0,True,7,0,True,205,legacy12,1359,aflink_cached_no_dedup,1359,1359,oracle_aabb,data30-2,ocsort,True,4490
41.91293691316078,30.218418751036623,3131,0,160,35.58851844027653,36.34809369122927,187,26.102449888641427,1359,0,2,0,True,7,0,True,205,legacy12,1359,aflink_cached_overlap_safe,1359,1359,oracle_aabb,data30-2,ocsort,True,4490
44.40452500728562,30.218418751036623,3131,0,160,36.6310592079945,38.50230808685245,134,27.28285077951002,1359,59,20,0,True,7,0,True,205,legacy12,1359,com3d_reciprocal_guard,1359,1359,oracle_aabb,data30-2,ocsort,True,4490
45.59732777816279,30.218418751036623,3131,0,160,37.11979417433922,39.870063258676694,96,28.129175946547885,1359,91,13,0,True,7,0,True,205,legacy12,1359,controlled_cost_greedy,1359,1359,oracle_aabb,data30-2,ocsort,True,4490
45.751855222955115,30.218418751036623,3131,0,160,37.1826397050683,39.42554282783382,113,27.75055679287305,1359,80,10,0,True,7,0,True,205,legacy12,1359,controlled_cost_reciprocal,1359,1359,oracle_aabb,data30-2,ocsort,True,4490
43.571806492244306,30.218418751036623,3131,0,160,36.28596244674275,38.844246879808516,119,27.616926503340757,1359,68,40,0,True,7,0,True,205,legacy12,1359,geometry_greedy,1359,1359,oracle_aabb,data30-2,ocsort,True,4490
45.874086510058156,30.218418751036623,3131,0,160,37.23227541152793,40.10942041374594,93,28.19599109131403,1359,94,11,0,True,7,0,True,205,legacy12,1359,geometry_reid_greedy_guard,1359,1359,oracle_aabb,data30-2,ocsort,True,4490
45.94512945797152,30.218418751036623,3131,0,160,37.26109416335673,40.04103265515473,95,28.15144766146993,1359,93,9,0,True,7,0,True,205,legacy12,1359,geometry_reid_hungarian,1359,1359,oracle_aabb,data30-2,ocsort,True,4490
42.04795596011574,30.218418751036623,3131,0,160,35.64579509284124,36.313899811933666,188,26.080178173719375,1359,0,0,0,True,7,0,True,205,legacy12,1359,no_refinement,1359,1359,oracle_aabb,data30-2,ocsort,True,4490
22.587887957789572,44.259997777808444,1702,5,390,31.577719802651146,33.441171462625576,551,40.3434610303831,2083,0,5,0,True,8,0,True,375,legacy12,2088,aflink_cached_native_dedup,2088,2088,oracle_aabb,data30-3,bytetrack,True,3785
22.592947142955193,44.260945550138835,1702,5,390,31.581109854520435,33.441171462625576,551,40.3434610303831,2083,0,5,0,False,8,0,True,375,legacy12,2088,aflink_cached_native_saved,2088,2088,oracle_aabb,data30-3,bytetrack,False,3785
22.587887957789572,44.259997777808444,1702,5,390,31.577719802651146,33.441171462625576,551,40.3434610303831,2083,0,5,0,True,8,0,True,375,legacy12,2088,aflink_cached_no_dedup,2088,2088,oracle_aabb,data30-3,bytetrack,True,3785
22.587887957789572,44.259997777808444,1702,5,390,31.577719802651146,33.441171462625576,551,40.3434610303831,2083,0,5,0,True,8,0,True,375,legacy12,2088,aflink_cached_overlap_safe,2088,2088,oracle_aabb,data30-3,bytetrack,True,3785
28.97354768774088,44.23866937077038,1702,5,390,35.77984411070171,41.64822067086668,418,43.85733157199472,2083,14,11,154,True,8,0,True,375,legacy12,2088,com3d_reciprocal_guard,2088,2088,oracle_aabb,data30-3,bytetrack,True,3785
29.45177704587617,44.259997777808444,1702,5,390,36.08377017488392,42.84011578409672,376,44.966974900924704,2083,15,18,191,True,8,0,True,375,legacy12,2088,controlled_cost_greedy,2088,2088,oracle_aabb,data30-3,bytetrack,True,3785
29.357737587452327,44.259997777808444,1702,5,390,36.02642901937166,42.15903286225098,400,44.332892998679,2083,14,10,158,True,8,0,True,375,legacy12,2088,controlled_cost_reciprocal,2088,2088,oracle_aabb,data30-3,bytetrack,True,3785
28.942232537297517,44.23866937077038,1702,5,390,35.76275893290371,42.15903286225098,388,44.64993394980185,2083,14,22,200,True,8,0,True,375,legacy12,2088,geometry_greedy,2088,2088,oracle_aabb,data30-3,bytetrack,True,3785
29.90745681416125,44.259997777808444,1702,5,390,36.363997165229854,43.41903626766559,378,44.91413474240423,2083,19,14,191,True,8,0,True,375,legacy12,2088,geometry_reid_greedy_guard,2088,2088,oracle_aabb,data30-3,bytetrack,True,3785
29.390647750891585,44.259997777808444,1702,5,390,36.04714990863035,42.874169930189,385,44.72919418758256,2083,17,12,189,True,8,0,True,375,legacy12,2088,geometry_reid_hungarian,2088,2088,oracle_aabb,data30-3,bytetrack,True,3785
23.472151483832697,44.259997777808444,1702,5,390,32.190402097337575,33.74765877745616,551,40.3434610303831,2083,0,0,0,True,8,0,True,375,legacy12,2088,no_refinement,2088,2088,oracle_aabb,data30-3,bytetrack,True,3785
88.03602420091504,90.03963011889034,377,0,48,89.03219112314417,89.61490337828444,41,88.9564068692206,3408,0,1,0,False,8,0,True,66,legacy12,3409,aflink_cached_native_dedup,3408,3408,oracle_aabb,data30-3,deepocsort,False,3785
88.03602420091504,90.03963011889034,377,0,48,89.03219112314417,89.61490337828444,41,88.9564068692206,3408,0,1,0,False,8,0,True,66,legacy12,3409,aflink_cached_native_saved,3408,3408,oracle_aabb,data30-3,deepocsort,False,3785
88.02800961056985,90.06605019815058,376,0,48,89.04119907340011,89.61490337828444,41,88.98282694848085,3409,0,1,0,True,8,1,False,66,legacy12,3409,aflink_cached_no_dedup,3409,3409,oracle_aabb,data30-3,deepocsort,False,3785
88.39007640854163,90.06605019815058,376,0,48,89.22412823239056,89.8804559355018,41,88.98282694848085,3409,0,0,0,True,8,0,True,66,legacy12,3409,aflink_cached_overlap_safe,3409,3409,oracle_aabb,data30-3,deepocsort,True,3785
91.0779820690647,90.06605019815058,376,0,48,90.57060287410393,92.32693911592995,19,89.56406869220608,3409,22,1,0,True,8,0,True,66,legacy12,3409,com3d_reciprocal_guard,3409,3409,oracle_aabb,data30-3,deepocsort,True,3785
91.58318072621408,90.06605019815058,376,0,48,90.8214476464315,92.68835140394773,17,89.61690885072655,3409,24,1,0,True,8,0,True,66,legacy12,3409,controlled_cost_greedy,3409,3409,oracle_aabb,data30-3,deepocsort,True,3785
91.53103118741154,90.06605019815058,376,0,48,90.7955860690039,92.66055045871559,19,89.56406869220608,3409,23,1,0,True,8,0,True,66,legacy12,3409,controlled_cost_reciprocal,3409,3409,oracle_aabb,data30-3,deepocsort,True,3785
91.70050064242889,90.06605019815058,376,0,48,90.87960108878417,92.71615234917986,16,89.6433289299868,3409,25,1,0,True,8,0,True,66,legacy12,3409,geometry_greedy,3409,3409,oracle_aabb,data30-3,deepocsort,True,3785
91.58318072621408,90.06605019815058,376,0,48,90.8214476464315,92.68835140394773,17,89.61690885072655,3409,24,1,0,True,8,0,True,66,legacy12,3409,geometry_reid_greedy_guard,3409,3409,oracle_aabb,data30-3,deepocsort,True,3785
91.58318072621408,90.06605019815058,376,0,48,90.8214476464315,92.68835140394773,17,89.61690885072655,3409,24,1,0,True,8,0,True,66,legacy12,3409,geometry_reid_hungarian,3409,3409,oracle_aabb,data30-3,deepocsort,True,3785
88.39007640854163,90.06605019815058,376,0,48,89.22412823239056,89.8804559355018,41,88.98282694848085,3409,0,0,0,True,8,0,True,66,legacy12,3409,no_refinement,3409,3409,oracle_aabb,data30-3,deepocsort,True,3785
21.084415338821696,32.07397622192866,2571,0,159,26.00501944299668,23.604720944188838,323,23.54029062087186,1214,0,0,0,True,8,0,True,304,legacy12,1214,aflink_cached_native_dedup,1214,1214,oracle_aabb,data30-3,ocsort,True,3785
21.084415338821696,32.07397622192866,2571,0,159,26.00501944299668,23.604720944188838,323,23.54029062087186,1214,0,0,0,False,8,0,True,304,legacy12,1214,aflink_cached_native_saved,1214,1214,oracle_aabb,data30-3,ocsort,False,3785
21.084415338821696,32.07397622192866,2571,0,159,26.00501944299668,23.604720944188838,323,23.54029062087186,1214,0,0,0,True,8,0,True,304,legacy12,1214,aflink_cached_no_dedup,1214,1214,oracle_aabb,data30-3,ocsort,True,3785
21.084415338821696,32.07397622192866,2571,0,159,26.00501944299668,23.604720944188838,323,23.54029062087186,1214,0,0,0,True,8,0,True,304,legacy12,1214,aflink_cached_overlap_safe,1214,1214,oracle_aabb,data30-3,ocsort,True,3785
24.261335550163672,32.07397622192866,2571,0,159,27.89547453527511,28.605721144228845,203,26.710700132100396,1214,116,30,0,True,8,0,True,304,legacy12,1214,com3d_reciprocal_guard,1214,1214,oracle_aabb,data30-3,ocsort,True,3785
24.409125436991925,32.07397622192866,2571,0,159,27.980309306084393,29.325865173034604,173,27.503302509907527,1214,140,31,0,True,8,0,True,304,legacy12,1214,controlled_cost_greedy,1214,1214,oracle_aabb,data30-3,ocsort,True,3785
24.667563152428336,32.07397622192866,2571,0,159,28.128043550945918,29.045809161832363,194,26.948480845442536,1214,128,20,0,True,8,0,True,304,legacy12,1214,controlled_cost_reciprocal,1214,1214,oracle_aabb,data30-3,ocsort,True,3785
23.929430714558304,32.07397622192866,2571,0,159,27.70400678138511,28.525705141028208,190,27.054161162483485,1214,119,65,0,True,8,0,True,304,legacy12,1214,geometry_greedy,1214,1214,oracle_aabb,data30-3,ocsort,True,3785
24.390875853196526,32.07397622192866,2571,0,159,27.969847553167675,29.12582516503301,185,27.186261558784675,1214,132,39,0,True,8,0,True,304,legacy12,1214,geometry_reid_greedy_guard,1214,1214,oracle_aabb,data30-3,ocsort,True,3785
24.499605662846093,32.07397622192866,2571,0,159,28.032120317178205,29.60592118423685,179,27.344782034346103,1214,141,25,0,True,8,0,True,304,legacy12,1214,geometry_reid_hungarian,1214,1214,oracle_aabb,data30-3,ocsort,True,3785
21.084415338821696,32.07397622192866,2571,0,159,26.00501944299668,23.604720944188838,323,23.54029062087186,1214,0,0,0,True,8,0,True,304,legacy12,1214,no_refinement,1214,1214,oracle_aabb,data30-3,ocsort,True,3785
30.013732838525257,53.31528199525065,1097,3,174,39.9271095610061,41.750301083902045,324,53.12705727452271,1941,1,0,0,True,8,0,True,206,legacy12,1944,aflink_cached_native_dedup,1944,1944,oracle_aabb,data30-4,bytetrack,True,3038
30.01313093043796,53.31487463115066,1097,3,174,39.9263236880373,41.750301083902045,324,53.12705727452271,1941,1,0,0,False,8,0,True,206,legacy12,1944,aflink_cached_native_saved,1944,1944,oracle_aabb,data30-4,bytetrack,False,3038
30.013732838525257,53.31528199525065,1097,3,174,39.9271095610061,41.750301083902045,324,53.12705727452271,1941,1,0,0,True,8,0,True,206,legacy12,1944,aflink_cached_no_dedup,1944,1944,oracle_aabb,data30-4,bytetrack,True,3038
30.013732838525257,53.31528199525065,1097,3,174,39.9271095610061,41.750301083902045,324,53.12705727452271,1941,1,0,0,True,8,0,True,206,legacy12,1944,aflink_cached_overlap_safe,1944,1944,oracle_aabb,data30-4,bytetrack,True,3038
31.288027812899717,53.31528199525065,1097,3,174,40.771918494890286,43.275792854275394,279,54.60829493087558,1941,6,7,53,True,8,0,True,206,legacy12,1944,com3d_reciprocal_guard,1944,1944,oracle_aabb,data30-4,bytetrack,True,3038
31.574722789523772,53.31528199525065,1097,3,174,40.96120949710576,43.83781613809715,254,55.431204739960506,1941,7,8,73,True,8,0,True,206,legacy12,1944,controlled_cost_greedy,1944,1944,oracle_aabb,data30-4,bytetrack,True,3038
31.49050870331204,53.31528199525065,1097,3,174,40.90539120307996,43.516659975913285,273,54.80579328505596,1941,7,7,54,True,8,0,True,206,legacy12,1944,controlled_cost_reciprocal,1944,1944,oracle_aabb,data30-4,bytetrack,True,3038
31.50624935440927,53.31528199525065,1097,3,174,40.9165624762528,43.67723805700522,259,55.266622778143514,1941,6,9,76,True,8,0,True,206,legacy12,1944,geometry_greedy,1944,1944,oracle_aabb,data30-4,bytetrack,True,3038
32.14797947393836,53.31528199525065,1097,3,174,41.334733584544416,45.28301886792453,253,55.464121132323896,1941,8,8,77,True,8,0,True,206,legacy12,1944,geometry_reid_greedy_guard,1944,1944,oracle_aabb,data30-4,bytetrack,True,3038
31.901320423168766,53.31528199525065,1097,3,174,41.17398835963493,44.56041750301084,266,55.036208031599735,1941,7,9,73,True,8,0,True,206,legacy12,1944,geometry_reid_hungarian,1944,1944,oracle_aabb,data30-4,bytetrack,True,3038
29.2145185432089,53.31528199525065,1097,3,174,39.38625951953944,41.188277800080286,325,53.094140882159316,1941,0,0,0,True,8,0,True,206,legacy12,1944,no_refinement,1944,1944,oracle_aabb,data30-4,bytetrack,True,3038
85.16575567215551,88.87425938117183,338,0,56,87.00024976976017,86.7898222377135,57,86.99802501645819,2700,0,2,0,True,8,0,True,85,legacy12,2700,aflink_cached_native_dedup,2700,2700,oracle_aabb,data30-4,deepocsort,True,3038
85.16575567215551,88.87425938117183,338,0,56,87.00024976976017,86.7898222377135,57,86.99802501645819,2700,0,2,0,False,8,0,True,85,legacy12,2700,aflink_cached_native_saved,2700,2700,oracle_aabb,data30-4,deepocsort,False,3038
85.16575567215551,88.87425938117183,338,0,56,87.00024976976017,86.7898222377135,57,86.99802501645819,2700,0,2,0,True,8,0,True,85,legacy12,2700,aflink_cached_no_dedup,2700,2700,oracle_aabb,data30-4,deepocsort,True,3038
85.16575567215551,88.87425938117183,338,0,56,87.00024976976017,86.7898222377135,57,86.99802501645819,2700,0,2,0,True,8,0,True,85,legacy12,2700,aflink_cached_overlap_safe,2700,2700,oracle_aabb,data30-4,deepocsort,True,3038
87.21725037453864,88.87425938117183,338,0,56,88.041856706338,88.60230045311955,31,87.85385121790652,2700,26,5,0,True,8,0,True,85,legacy12,2700,com3d_reciprocal_guard,2700,2700,oracle_aabb,data30-4,deepocsort,True,3038
88.02458381194377,88.87425938117183,338,0,56,88.44840130619879,89.54339491111885,27,87.98551678736011,2700,30,3,0,True,8,0,True,85,legacy12,2700,controlled_cost_greedy,2700,2700,oracle_aabb,data30-4,deepocsort,True,3038
87.89077258135833,88.87425938117183,338,0,56,88.38114798760664,89.43882886023005,29,87.91968400263332,2700,28,3,0,True,8,0,True,85,legacy12,2700,controlled_cost_reciprocal,2700,2700,oracle_aabb,data30-4,deepocsort,True,3038
87.19605152018438,88.87425938117183,338,0,56,88.03115641532202,88.60230045311955,30,87.88676761026991,2700,27,8,0,True,8,0,True,85,legacy12,2700,geometry_greedy,2700,2700,oracle_aabb,data30-4,deepocsort,True,3038
88.2789271935095,88.87425938117183,338,0,56,88.57609312499365,89.85709306378529,28,87.95260039499671,2700,29,4,0,True,8,0,True,85,legacy12,2700,geometry_reid_greedy_guard,2700,2700,oracle_aabb,data30-4,deepocsort,True,3038
88.02458381194377,88.87425938117183,338,0,56,88.44840130619879,89.54339491111885,27,87.98551678736011,2700,30,3,0,True,8,0,True,85,legacy12,2700,geometry_reid_hungarian,2700,2700,oracle_aabb,data30-4,deepocsort,True,3038
85.31083049320432,88.87425938117183,338,0,56,87.07431812696683,86.7898222377135,57,86.99802501645819,2700,0,0,0,True,8,0,True,85,legacy12,2700,no_refinement,2700,2700,oracle_aabb,data30-4,deepocsort,True,3038
30.04258974973868,47.685274891980626,1588,0,123,37.84955942554388,35.249554367201426,189,41.50757077024358,1450,1,1,0,True,8,0,True,143,legacy12,1450,aflink_cached_native_dedup,1450,1450,oracle_aabb,data30-4,ocsort,True,3038
30.04258974973868,47.685274891980626,1588,0,123,37.84955942554388,35.249554367201426,189,41.50757077024358,1450,1,1,0,False,8,0,True,143,legacy12,1450,aflink_cached_native_saved,1450,1450,oracle_aabb,data30-4,ocsort,False,3038
30.04258974973868,47.685274891980626,1588,0,123,37.84955942554388,35.249554367201426,189,41.50757077024358,1450,1,1,0,True,8,0,True,143,legacy12,1450,aflink_cached_no_dedup,1450,1450,oracle_aabb,data30-4,ocsort,True,3038
30.04258974973868,47.685274891980626,1588,0,123,37.84955942554388,35.249554367201426,189,41.50757077024358,1450,1,1,0,True,8,0,True,143,legacy12,1450,aflink_cached_overlap_safe,1450,1450,oracle_aabb,data30-4,ocsort,True,3038
32.941616308136936,47.685274891980626,1588,0,123,39.633698048120145,38.012477718360074,148,42.857142857142854,1450,39,13,0,True,8,0,True,143,legacy12,1450,com3d_reciprocal_guard,1450,1450,oracle_aabb,data30-4,ocsort,True,3038
33.67283260477339,47.685274891980626,1588,0,123,40.07116506817905,38.948306595365416,141,43.08755760368664,1450,45,13,0,True,8,0,True,143,legacy12,1450,controlled_cost_greedy,1450,1450,oracle_aabb,data30-4,ocsort,True,3038
33.0855245896945,47.685274891980626,1588,0,123,39.720175310679465,37.967914438502675,145,42.95589203423305,1450,42,9,0,True,8,0,True,143,legacy12,1450,controlled_cost_reciprocal,1450,1450,oracle_aabb,data30-4,ocsort,True,3038
33.379115289437664,47.685274891980626,1588,0,123,39.89601834106971,38.814616755793224,145,42.95589203423305,1450,41,20,0,True,8,0,True,143,legacy12,1450,geometry_greedy,1450,1450,oracle_aabb,data30-4,ocsort,True,3038
34.09365691955515,47.7287689269256,1588,0,123,40.339165496912884,39.48306595365419,148,42.857142857142854,1450,45,15,0,True,8,0,True,143,legacy12,1450,geometry_reid_greedy_guard,1450,1450,oracle_aabb,data30-4,ocsort,True,3038
33.280169594186,47.685274891980626,1588,0,123,39.83684258259661,38.50267379679144,144,42.98880842659645,1450,45,13,0,True,8,0,True,143,legacy12,1450,geometry_reid_hungarian,1450,1450,oracle_aabb,data30-4,ocsort,True,3038
28.703361513569543,47.685274891980626,1588,0,123,36.996319824069424,34.180035650623886,190,41.474654377880185,1450,0,0,0,True,8,0,True,143,legacy12,1450,no_refinement,1450,1450,oracle_aabb,data30-4,ocsort,True,3038
61.31575497245674,44.44337163050574,1243,1,84,52.19579595730176,58.632562715199214,103,49.24642049736247,1411,0,0,0,True,6,0,True,127,legacy12,1412,aflink_cached_native_dedup,1412,1412,oracle_aabb,data30-5,bytetrack,True,2654
61.30593813492078,44.43819347020191,1243,1,84,52.18875127630954,58.632562715199214,103,49.24642049736247,1411,0,0,0,False,6,0,True,127,legacy12,1412,aflink_cached_native_saved,1412,1412,oracle_aabb,data30-5,bytetrack,False,2654
61.31575497245674,44.44337163050574,1243,1,84,52.19579595730176,58.632562715199214,103,49.24642049736247,1411,0,0,0,True,6,0,True,127,legacy12,1412,aflink_cached_no_dedup,1412,1412,oracle_aabb,data30-5,bytetrack,True,2654
61.31575497245674,44.44337163050574,1243,1,84,52.19579595730176,58.632562715199214,103,49.24642049736247,1411,0,0,0,True,6,0,True,127,legacy12,1412,aflink_cached_overlap_safe,1412,1412,oracle_aabb,data30-5,bytetrack,True,2654
65.55012059645077,44.44337163050574,1243,1,84,53.97202931875117,61.33792424987703,85,49.92464204973624,1411,4,1,37,True,6,0,True,127,legacy12,1412,com3d_reciprocal_guard,1412,1412,oracle_aabb,data30-5,bytetrack,True,2654
65.58656289136,44.44337163050574,1243,1,84,53.98707194293748,61.43630103295622,72,50.41446872645064,1411,4,1,50,True,6,0,True,127,legacy12,1412,controlled_cost_greedy,1412,1412,oracle_aabb,data30-5,bytetrack,True,2654
65.5439628394693,44.44337163050574,1243,1,84,53.96950798410751,61.38711264141663,80,50.113036925395626,1411,4,1,38,True,6,0,True,127,legacy12,1412,controlled_cost_reciprocal,1412,1412,oracle_aabb,data30-5,bytetrack,True,2654
65.5900389048957,44.44337163050574,1243,1,84,53.988494644147934,61.28873585833743,76,50.263752825923135,1411,4,1,52,True,6,0,True,127,legacy12,1412,geometry_greedy,1412,1412,oracle_aabb,data30-5,bytetrack,True,2654
65.65970345700221,44.44337163050574,1243,1,84,54.01726750421989,61.633054599114615,70,50.48982667671439,1411,4,2,49,True,6,0,True,127,legacy12,1412,geometry_reid_greedy_guard,1412,1412,oracle_aabb,data30-5,bytetrack,True,2654
65.64979798751335,44.44337163050574,1243,1,84,54.01316047386749,61.6822429906542,77,50.22607385079125,1411,4,1,49,True,6,0,True,127,legacy12,1412,geometry_reid_hungarian,1412,1412,oracle_aabb,data30-5,bytetrack,True,2654
61.31575497245674,44.44337163050574,1243,1,84,52.19579595730176,58.632562715199214,103,49.24642049736247,1411,0,0,0,True,6,0,True,127,legacy12,1412,no_refinement,1412,1412,oracle_aabb,data30-5,bytetrack,True,2654
87.84506682232305,90.73678854105815,231,0,15,89.27920271443061,91.70770139846366,18,90.61793519216278,2423,0,0,0,True,6,0,True,42,legacy12,2423,aflink_cached_native_dedup,2423,2423,oracle_aabb,data30-5,deepocsort,True,2654
87.84506682232305,90.73678854105815,231,0,15,89.27920271443061,91.70770139846366,18,90.61793519216278,2423,0,0,0,True,6,0,True,42,legacy12,2423,aflink_cached_native_saved,2423,2423,oracle_aabb,data30-5,deepocsort,True,2654
87.84506682232305,90.73678854105815,231,0,15,89.27920271443061,91.70770139846366,18,90.61793519216278,2423,0,0,0,True,6,0,True,42,legacy12,2423,aflink_cached_no_dedup,2423,2423,oracle_aabb,data30-5,deepocsort,True,2654
87.84506682232305,90.73678854105815,231,0,15,89.27920271443061,91.70770139846366,18,90.61793519216278,2423,0,0,0,True,6,0,True,42,legacy12,2423,aflink_cached_overlap_safe,2423,2423,oracle_aabb,data30-5,deepocsort,True,2654
88.5950558459373,90.73678854105815,231,0,15,89.65950840842251,92.33799487886547,11,90.88168801808591,2423,7,4,0,True,6,0,True,42,legacy12,2423,com3d_reciprocal_guard,2423,2423,oracle_aabb,data30-5,deepocsort,True,2654
88.6970175290371,90.73678854105815,231,0,15,89.7110868194082,92.41678156391569,9,90.95704596834966,2423,8,5,0,True,6,0,True,42,legacy12,2423,controlled_cost_greedy,2423,2423,oracle_aabb,data30-5,deepocsort,True,2654
88.62354526447625,90.73678854105815,231,0,15,89.67392307296214,92.33799487886547,11,90.88168801808591,2423,7,4,0,True,6,0,True,42,legacy12,2423,controlled_cost_reciprocal,2423,2423,oracle_aabb,data30-5,deepocsort,True,2654
88.48792866146682,90.73678854105815,231,0,15,89.60528498904911,92.33799487886547,11,90.88168801808591,2423,6,7,0,True,6,0,True,42,legacy12,2423,geometry_greedy,2423,2423,oracle_aabb,data30-5,deepocsort,True,2654
88.87866654915678,90.73678854105815,231,0,15,89.80290252341231,92.49556824896592,11,90.88168801808591,2423,9,4,0,True,6,0,True,42,legacy12,2423,geometry_reid_greedy_guard,2423,2423,oracle_aabb,data30-5,deepocsort,True,2654
88.6970175290371,90.73678854105815,231,0,15,89.7110868194082,92.41678156391569,9,90.95704596834966,2423,9,4,0,True,6,0,True,42,legacy12,2423,geometry_reid_hungarian,2423,2423,oracle_aabb,data30-5,deepocsort,True,2654
87.84506682232305,90.73678854105815,231,0,15,89.27920271443061,91.70770139846366,18,90.61793519216278,2423,0,0,0,True,6,0,True,42,legacy12,2423,no_refinement,2423,2423,oracle_aabb,data30-5,deepocsort,True,2654
69.54224986861647,46.11906556141673,1430,0,18,56.632354542073806,52.965446106240336,53,44.122079879427275,1224,0,0,0,True,6,0,True,75,legacy12,1224,aflink_cached_native_dedup,1224,1224,oracle_aabb,data30-5,ocsort,True,2654
69.54224986861647,46.11906556141673,1430,0,18,56.632354542073806,52.965446106240336,53,44.122079879427275,1224,0,0,0,True,6,0,True,75,legacy12,1224,aflink_cached_native_saved,1224,1224,oracle_aabb,data30-5,ocsort,True,2654
69.54224986861647,46.11906556141673,1430,0,18,56.632354542073806,52.965446106240336,53,44.122079879427275,1224,0,0,0,True,6,0,True,75,legacy12,1224,aflink_cached_no_dedup,1224,1224,oracle_aabb,data30-5,ocsort,True,2654
69.54224986861647,46.11906556141673,1430,0,18,56.632354542073806,52.965446106240336,53,44.122079879427275,1224,0,0,0,True,6,0,True,75,legacy12,1224,aflink_cached_overlap_safe,1224,1224,oracle_aabb,data30-5,ocsort,True,2654
75.83167982393154,46.11906556141673,1430,0,18,59.13785770073399,57.34914904589995,22,45.29012810851545,1224,31,4,0,True,6,0,True,75,legacy12,1224,com3d_reciprocal_guard,1224,1224,oracle_aabb,data30-5,ocsort,True,2654
75.83935719508867,46.11906556141673,1430,0,18,59.14085125034973,57.400722021660656,21,45.32780708364733,1224,31,8,0,True,6,0,True,75,legacy12,1224,controlled_cost_greedy,1224,1224,oracle_aabb,data30-5,ocsort,True,2654
75.84450767293698,46.11906556141673,1430,0,18,59.14285943240787,57.34914904589995,22,45.29012810851545,1224,31,4,0,True,6,0,True,75,legacy12,1224,controlled_cost_reciprocal,1224,1224,oracle_aabb,data30-5,ocsort,True,2654
75.83935719508867,46.11906556141673,1430,0,18,59.14085125034973,57.400722021660656,21,45.32780708364733,1224,32,7,0,True,6,0,True,75,legacy12,1224,geometry_greedy,1224,1224,oracle_aabb,data30-5,ocsort,True,2654
76.01845421865153,46.11906556141673,1430,0,18,59.210641560344094,57.503867973182054,19,45.40316503391108,1224,33,6,0,True,6,0,True,75,legacy12,1224,geometry_reid_greedy_guard,1224,1224,oracle_aabb,data30-5,ocsort,True,2654
75.87104940644839,46.11906556141673,1430,0,18,59.15320702877808,57.503867973182054,19,45.40316503391108,1224,34,5,0,True,6,0,True,75,legacy12,1224,geometry_reid_hungarian,1224,1224,oracle_aabb,data30-5,ocsort,True,2654
69.54224986861647,46.11906556141673,1430,0,18,56.632354542073806,52.965446106240336,53,44.122079879427275,1224,0,0,0,True,6,0,True,75,legacy12,1224,no_refinement,1224,1224,oracle_aabb,data30-5,ocsort,True,2654
64.70676461488992,32.49558696259048,2258,23,130,45.829964775725855,46.05603020067554,197,31.810676940011007,1376,0,0,0,True,6,0,True,236,legacy12,1399,aflink_cached_native_dedup,1399,1399,oracle_aabb,data30-9,bytetrack,True,3634
64.70882560948193,32.49807228992503,2258,23,130,45.83266816316938,46.05603020067554,197,31.810676940011007,1376,0,0,0,False,6,0,True,236,legacy12,1399,aflink_cached_native_saved,1399,1399,oracle_aabb,data30-9,bytetrack,False,3634
64.70676461488992,32.49558696259048,2258,23,130,45.829964775725855,46.05603020067554,197,31.810676940011007,1376,0,0,0,True,6,0,True,236,legacy12,1399,aflink_cached_no_dedup,1399,1399,oracle_aabb,data30-9,bytetrack,True,3634
64.70676461488992,32.49558696259048,2258,23,130,45.829964775725855,46.05603020067554,197,31.810676940011007,1376,0,0,0,True,6,0,True,236,legacy12,1399,aflink_cached_overlap_safe,1399,1399,oracle_aabb,data30-9,bytetrack,True,3634
66.03026971799785,32.49558696259048,2258,23,130,46.30230163255436,47.3276375918935,154,32.993946064942214,1376,0,1,85,True,6,0,True,236,legacy12,1399,com3d_reciprocal_guard,1399,1399,oracle_aabb,data30-9,bytetrack,True,3634
66.49118639815204,32.49558696259048,2258,23,130,46.464906996521876,48.04291674945361,128,33.709411117226196,1376,0,1,108,True,6,0,True,236,legacy12,1399,controlled_cost_greedy,1399,1399,oracle_aabb,data30-9,bytetrack,True,3634
66.43130014135961,32.49558696259048,2258,23,130,46.44341628191878,47.80449036360024,136,33.48926802421574,1376,0,1,92,True,6,0,True,236,legacy12,1399,controlled_cost_reciprocal,1399,1399,oracle_aabb,data30-9,bytetrack,True,3634
66.13945364612161,32.49558696259048,2258,23,130,46.3419784789408,47.56606397774687,150,33.10401761144744,1376,0,2,108,True,6,0,True,236,legacy12,1399,geometry_greedy,1399,1399,oracle_aabb,data30-9,bytetrack,True,3634
66.77747163299776,32.49558696259048,2258,23,130,46.56566393427926,48.281343135306976,133,33.57182168409466,1376,0,2,106,True,6,0,True,236,legacy12,1399,geometry_reid_greedy_guard,1399,1399,oracle_aabb,data30-9,bytetrack,True,3634
66.47883336682538,32.49558696259048,2258,23,130,46.46093183910781,48.00317901847804,133,33.57182168409466,1376,0,2,108,True,6,0,True,236,legacy12,1399,geometry_reid_hungarian,1399,1399,oracle_aabb,data30-9,bytetrack,True,3634
64.70676461488992,32.49558696259048,2258,23,130,45.829964775725855,46.05603020067554,197,31.810676940011007,1376,0,0,0,True,6,0,True,236,legacy12,1399,no_refinement,1399,1399,oracle_aabb,data30-9,bytetrack,True,3634
90.95975780888864,90.47881122729775,346,0,30,90.71896580137559,93.26784166425888,32,89.59823885525591,3288,0,0,0,True,6,0,True,93,legacy12,3288,aflink_cached_native_dedup,3288,3288,oracle_aabb,data30-9,deepocsort,True,3634
90.95975780888864,90.47881122729775,346,0,30,90.71896580137559,93.26784166425888,32,89.59823885525591,3288,0,0,0,False,6,0,True,93,legacy12,3288,aflink_cached_native_saved,3288,3288,oracle_aabb,data30-9,deepocsort,False,3634
90.95975780888864,90.47881122729775,346,0,30,90.71896580137559,93.26784166425888,32,89.59823885525591,3288,0,0,0,True,6,0,True,93,legacy12,3288,aflink_cached_no_dedup,3288,3288,oracle_aabb,data30-9,deepocsort,True,3634
90.95975780888864,90.47881122729775,346,0,30,90.71896580137559,93.26784166425888,32,89.59823885525591,3288,0,0,0,True,6,0,True,93,legacy12,3288,aflink_cached_overlap_safe,3288,3288,oracle_aabb,data30-9,deepocsort,True,3634
90.99704410920818,90.47881122729775,346,0,30,90.73755769359859,93.32562843108929,19,89.9559713813979,3288,13,3,0,True,6,0,True,93,legacy12,3288,com3d_reciprocal_guard,3288,3288,oracle_aabb,data30-9,deepocsort,True,3634
91.05434595053751,90.47881122729775,346,0,30,90.76612241736308,93.35452181450448,18,89.98348926802421,3288,14,2,0,True,6,0,True,93,legacy12,3288,controlled_cost_greedy,3288,3288,oracle_aabb,data30-9,deepocsort,True,3634
91.05434595053751,90.47881122729775,346,0,30,90.76612241736308,93.35452181450448,18,89.98348926802421,3288,14,2,0,True,6,0,True,93,legacy12,3288,controlled_cost_reciprocal,3288,3288,oracle_aabb,data30-9,deepocsort,True,3634
91.10191867922242,90.47881122729775,346,0,30,90.78983039207638,93.38341519791967,18,89.98348926802421,3288,14,3,0,True,6,0,True,93,legacy12,3288,geometry_greedy,3288,3288,oracle_aabb,data30-9,deepocsort,True,3634
91.25076859723387,90.47881122729775,346,0,30,90.86397012157764,93.44120196475008,17,90.01100715465053,3288,15,1,0,True,6,0,True,93,legacy12,3288,geometry_reid_greedy_guard,3288,3288,oracle_aabb,data30-9,deepocsort,True,3634
91.05434595053751,90.47881122729775,346,0,30,90.76612241736308,93.35452181450448,18,89.98348926802421,3288,14,2,0,True,6,0,True,93,legacy12,3288,geometry_reid_hungarian,3288,3288,oracle_aabb,data30-9,deepocsort,True,3634
90.95975780888864,90.47881122729775,346,0,30,90.71896580137559,93.26784166425888,32,89.59823885525591,3288,0,0,0,True,6,0,True,93,legacy12,3288,no_refinement,3288,3288,oracle_aabb,data30-9,deepocsort,True,3634
67.81286515989107,35.663181067694,2338,0,29,49.17745915474197,43.40770791075051,198,30.214639515685192,1296,0,0,0,True,6,0,True,261,legacy12,1296,aflink_cached_native_dedup,1296,1296,oracle_aabb,data30-9,ocsort,True,3634
67.81286515989107,35.663181067694,2338,0,29,49.17745915474197,43.40770791075051,198,30.214639515685192,1296,0,0,0,False,6,0,True,261,legacy12,1296,aflink_cached_native_saved,1296,1296,oracle_aabb,data30-9,ocsort,False,3634
67.81286515989107,35.663181067694,2338,0,29,49.17745915474197,43.40770791075051,198,30.214639515685192,1296,0,0,0,True,6,0,True,261,legacy12,1296,aflink_cached_no_dedup,1296,1296,oracle_aabb,data30-9,ocsort,True,3634
67.81286515989107,35.663181067694,2338,0,29,49.17745915474197,43.40770791075051,198,30.214639515685192,1296,0,0,0,True,6,0,True,261,legacy12,1296,aflink_cached_overlap_safe,1296,1296,oracle_aabb,data30-9,ocsort,True,3634
69.52043823650392,35.663181067694,2338,0,29,49.79277032596075,46.36916835699797,129,32.11337369290039,1296,65,40,0,True,6,0,True,261,legacy12,1296,com3d_reciprocal_guard,1296,1296,oracle_aabb,data30-9,ocsort,True,3634
70.49371405155065,35.663181067694,2338,0,29,50.140104590583924,49.08722109533469,58,34.06714364336819,1296,133,24,0,True,6,0,True,261,legacy12,1296,controlled_cost_greedy,1296,1296,oracle_aabb,data30-9,ocsort,True,3634
70.34409182286862,35.663181067694,2338,0,29,50.08686538126992,48.60040567951319,69,33.76444689047881,1296,123,14,0,True,6,0,True,261,legacy12,1296,controlled_cost_reciprocal,1296,1296,oracle_aabb,data30-9,ocsort,True,3634
69.51344273447148,35.663181067694,2338,0,29,49.790265061337394,47.099391480730226,118,32.416070445789764,1296,71,86,0,True,6,0,True,261,legacy12,1296,geometry_greedy,1296,1296,oracle_aabb,data30-9,ocsort,True,3634
70.2971898698966,35.663181067694,2338,0,29,50.07016487770123,49.046653144016226,62,33.95707209686296,1296,133,21,0,True,6,0,True,261,legacy12,1296,geometry_reid_greedy_guard,1296,1296,oracle_aabb,data30-9,ocsort,True,3634
70.46850109172918,35.663181067694,2338,0,29,50.13113717045853,49.33062880324543,51,34.259768849752334,1296,140,17,0,True,6,0,True,261,legacy12,1296,geometry_reid_hungarian,1296,1296,oracle_aabb,data30-9,ocsort,True,3634
67.81286515989107,35.663181067694,2338,0,29,49.17745915474197,43.40770791075051,198,30.214639515685192,1296,0,0,0,True,6,0,True,261,legacy12,1296,no_refinement,1296,1296,oracle_aabb,data30-9,ocsort,True,3634
74.56894942662198,73.45408625203422,176,2,42,73.92986936703585,81.70320404721754,89,79.02592301649646,1097,0,0,0,True,3,0,True,55,confirmation38,1099,aflink_cached_native_dedup,1099,1099,oracle_aabb,data23-1,bytetrack,True,1273
74.57478486090284,73.46104086469299,176,2,42,73.93629347002256,81.70320404721754,89,79.02592301649646,1097,0,0,0,False,3,0,True,55,confirmation38,1099,aflink_cached_native_saved,1099,1099,oracle_aabb,data23-1,bytetrack,False,1273
74.56894942662198,73.45408625203422,176,2,42,73.92986936703585,81.70320404721754,89,79.02592301649646,1097,0,0,0,True,3,0,True,55,confirmation38,1099,aflink_cached_no_dedup,1099,1099,oracle_aabb,data23-1,bytetrack,True,1273
74.56894942662198,73.45408625203422,176,2,42,73.92986936703585,81.70320404721754,89,79.02592301649646,1097,0,0,0,True,3,0,True,55,confirmation38,1099,aflink_cached_overlap_safe,1099,1099,oracle_aabb,data23-1,bytetrack,True,1273
74.76238228086059,73.45408625203422,176,2,42,74.02737930803299,82.46205733558179,77,79.96857816182246,1097,0,2,16,True,3,0,True,55,confirmation38,1099,com3d_reciprocal_guard,1099,1099,oracle_aabb,data23-1,bytetrack,True,1273
74.94310625575818,73.27896888613189,176,2,42,74.03205444367426,82.63069139966274,69,80.59701492537313,1097,0,3,27,True,3,0,True,55,confirmation38,1099,controlled_cost_greedy,1099,1099,oracle_aabb,data23-1,bytetrack,True,1273
74.76530050153065,73.45408625203422,176,2,42,74.02888488014766,82.46205733558179,74,80.20424194815396,1097,0,2,19,True,3,0,True,55,confirmation38,1099,controlled_cost_reciprocal,1099,1099,oracle_aabb,data23-1,bytetrack,True,1273
75.00092565066933,73.27896888613189,176,2,42,74.06111781139208,82.96795952782462,71,80.43990573448548,1097,0,3,26,True,3,0,True,55,confirmation38,1099,geometry_greedy,1099,1099,oracle_aabb,data23-1,bytetrack,True,1273
75.1758433119087,73.19498325255908,176,2,42,74.10732597462379,82.96795952782462,65,80.91123330714846,1097,1,1,31,True,3,0,True,55,confirmation38,1099,geometry_reid_greedy_guard,1099,1099,oracle_aabb,data23-1,bytetrack,True,1273
74.98050963357471,73.45408625203422,176,2,42,74.13733443988501,82.63069139966274,71,80.43990573448548,1097,0,1,30,True,3,0,True,55,confirmation38,1099,geometry_reid_hungarian,1099,1099,oracle_aabb,data23-1,bytetrack,True,1273
74.56894942662198,73.45408625203422,176,2,42,73.92986936703585,81.70320404721754,89,79.02592301649646,1097,0,0,0,True,3,0,True,55,confirmation38,1099,no_refinement,1099,1099,oracle_aabb,data23-1,bytetrack,True,1273
94.4556344365594,94.10840534171247,75,0,4,94.28186003873891,95.10319708619991,3,93.87274155538098,1198,0,0,0,True,3,0,True,11,confirmation38,1198,aflink_cached_native_dedup,1198,1198,oracle_aabb,data23-1,deepocsort,True,1273
94.4556344365594,94.10840534171247,75,0,4,94.28186003873891,95.10319708619991,3,93.87274155538098,1198,0,0,0,False,3,0,True,11,confirmation38,1198,aflink_cached_native_saved,1198,1198,oracle_aabb,data23-1,deepocsort,False,1273
94.4556344365594,94.10840534171247,75,0,4,94.28186003873891,95.10319708619991,3,93.87274155538098,1198,0,0,0,True,3,0,True,11,confirmation38,1198,aflink_cached_no_dedup,1198,1198,oracle_aabb,data23-1,deepocsort,True,1273
94.4556344365594,94.10840534171247,75,0,4,94.28186003873891,95.10319708619991,3,93.87274155538098,1198,0,0,0,True,3,0,True,11,confirmation38,1198,aflink_cached_overlap_safe,1198,1198,oracle_aabb,data23-1,deepocsort,True,1273
96.15847249999845,94.10840534171247,75,0,4,95.12791654961109,96.2363415621206,2,93.95129615082483,1198,1,0,0,True,3,0,True,11,confirmation38,1198,com3d_reciprocal_guard,1198,1198,oracle_aabb,data23-1,deepocsort,True,1273
96.15847249999845,94.10840534171247,75,0,4,95.12791654961109,96.2363415621206,2,93.95129615082483,1198,1,0,0,True,3,0,True,11,confirmation38,1198,controlled_cost_greedy,1198,1198,oracle_aabb,data23-1,deepocsort,True,1273
96.15847249999845,94.10840534171247,75,0,4,95.12791654961109,96.2363415621206,2,93.95129615082483,1198,1,0,0,True,3,0,True,11,confirmation38,1198,controlled_cost_reciprocal,1198,1198,oracle_aabb,data23-1,deepocsort,True,1273
96.15847249999845,94.10840534171247,75,0,4,95.12791654961109,96.2363415621206,2,93.95129615082483,1198,1,0,0,True,3,0,True,11,confirmation38,1198,geometry_greedy,1198,1198,oracle_aabb,data23-1,deepocsort,True,1273
96.15847249999845,94.10840534171247,75,0,4,95.12791654961109,96.2363415621206,2,93.95129615082483,1198,1,0,0,True,3,0,True,11,confirmation38,1198,geometry_reid_greedy_guard,1198,1198,oracle_aabb,data23-1,deepocsort,True,1273
96.15847249999845,94.10840534171247,75,0,4,95.12791654961109,96.2363415621206,2,93.95129615082483,1198,1,0,0,True,3,0,True,11,confirmation38,1198,geometry_reid_hungarian,1198,1198,oracle_aabb,data23-1,deepocsort,True,1273
94.4556344365594,94.10840534171247,75,0,4,94.28186003873891,95.10319708619991,3,93.87274155538098,1198,0,0,0,True,3,0,True,11,confirmation38,1198,no_refinement,1198,1198,oracle_aabb,data23-1,deepocsort,True,1273
77.32972948804931,73.36999214454046,339,0,25,75.32384512939852,75.0339827820571,44,69.91358994501178,934,0,0,0,True,3,0,True,32,confirmation38,934,aflink_cached_native_dedup,934,934,oracle_aabb,data23-1,ocsort,True,1273
77.32972948804931,73.36999214454046,339,0,25,75.32384512939852,75.0339827820571,44,69.91358994501178,934,0,0,0,True,3,0,True,32,confirmation38,934,aflink_cached_native_saved,934,934,oracle_aabb,data23-1,ocsort,True,1273
77.32972948804931,73.36999214454046,339,0,25,75.32384512939852,75.0339827820571,44,69.91358994501178,934,0,0,0,True,3,0,True,32,confirmation38,934,aflink_cached_no_dedup,934,934,oracle_aabb,data23-1,ocsort,True,1273
77.32972948804931,73.36999214454046,339,0,25,75.32384512939852,75.0339827820571,44,69.91358994501178,934,0,0,0,True,3,0,True,32,confirmation38,934,aflink_cached_overlap_safe,934,934,oracle_aabb,data23-1,ocsort,True,1273
77.36498927855459,73.36999214454046,339,0,25,75.34101575921316,75.30584503851382,39,70.30636292223095,934,5,4,0,True,3,0,True,32,confirmation38,934,com3d_reciprocal_guard,934,934,oracle_aabb,data23-1,ocsort,True,1273
77.38450473751308,73.36999214454046,339,0,25,75.35051761401836,75.4870865428183,36,70.54202670856246,934,7,4,0,True,3,0,True,32,confirmation38,934,controlled_cost_greedy,934,934,oracle_aabb,data23-1,ocsort,True,1273
77.37433340074176,73.36999214454046,339,0,25,75.34556545544984,75.39646579066607,38,70.38491751767478,934,6,3,0,True,3,0,True,32,confirmation38,934,controlled_cost_reciprocal,934,934,oracle_aabb,data23-1,ocsort,True,1273
77.38450473751308,73.36999214454046,339,0,25,75.35051761401836,75.4870865428183,36,70.54202670856246,934,7,4,0,True,3,0,True,32,confirmation38,934,geometry_greedy,934,934,oracle_aabb,data23-1,ocsort,True,1273
77.3997579741191,73.36999214454046,339,0,25,75.35794340711833,75.4870865428183,34,70.69913589945011,934,9,3,0,True,3,0,True,32,confirmation38,934,geometry_reid_greedy_guard,934,934,oracle_aabb,data23-1,ocsort,True,1273
77.38958663734778,73.36999214454046,339,0,25,75.35299173656902,75.39646579066607,36,70.54202670856246,934,8,2,0,True,3,0,True,32,confirmation38,934,geometry_reid_hungarian,934,934,oracle_aabb,data23-1,ocsort,True,1273
77.32972948804931,73.36999214454046,339,0,25,75.32384512939852,75.0339827820571,44,69.91358994501178,934,0,0,0,True,3,0,True,32,confirmation38,934,no_refinement,934,934,oracle_aabb,data23-1,ocsort,True,1273
49.83669263472669,48.80584916618158,4535,35,814,48.933630249045876,50.634793549125014,1045,48.92204129900846,6458,0,1,0,True,6,0,True,895,confirmation38,6493,aflink_cached_native_dedup,6493,6493,oracle_aabb,data24-1,bytetrack,True,10993
49.846781162111185,48.80859213441377,4535,35,814,48.93900120045848,50.634793549125014,1045,48.92204129900846,6458,0,1,0,False,6,0,True,895,confirmation38,6493,aflink_cached_native_saved,6493,6493,oracle_aabb,data24-1,bytetrack,False,10993
49.83669263472669,48.80584916618158,4535,35,814,48.933630249045876,50.634793549125014,1045,48.92204129900846,6458,0,1,0,True,6,0,True,895,confirmation38,6493,aflink_cached_no_dedup,6493,6493,oracle_aabb,data24-1,bytetrack,True,10993
49.83669263472669,48.80584916618158,4535,35,814,48.933630249045876,50.634793549125014,1045,48.92204129900846,6458,0,1,0,True,6,0,True,895,confirmation38,6493,aflink_cached_overlap_safe,6493,6493,oracle_aabb,data24-1,bytetrack,True,10993
52.62357036533301,48.80584916618158,4535,35,814,50.34707633845499,54.6265583895688,742,51.678340762303286,6458,21,9,350,True,6,0,True,895,confirmation38,6493,com3d_reciprocal_guard,6493,6493,oracle_aabb,data24-1,bytetrack,True,10993
53.42051567159572,48.80584916618158,4535,35,814,50.74308694487263,55.8503946013954,642,52.588010552169564,6458,24,10,441,True,6,0,True,895,confirmation38,6493,controlled_cost_greedy,6493,6493,oracle_aabb,data24-1,bytetrack,True,10993
52.81570235399329,48.80584916618158,4535,35,814,50.442246007940085,54.82099965686835,718,51.89666151187119,6458,23,7,356,True,6,0,True,895,confirmation38,6493,controlled_cost_reciprocal,6493,6493,oracle_aabb,data24-1,bytetrack,True,10993
52.54990663460932,48.81567232465837,4535,35,814,50.32063133187415,54.958252316138626,642,52.588010552169564,6458,23,10,461,True,6,0,True,895,confirmation38,6493,geometry_greedy,6493,6493,oracle_aabb,data24-1,bytetrack,True,10993
53.49880746336798,48.80584916618158,4535,35,814,50.78189187898663,56.22783941438866,638,52.624397343764215,6458,25,10,442,True,6,0,True,895,confirmation38,6493,geometry_reid_greedy_guard,6493,6493,oracle_aabb,data24-1,bytetrack,True,10993
52.892539107874825,48.79833641178051,4535,35,814,50.476673720924495,55.061191810591325,701,52.05130537614846,6458,25,9,408,True,6,0,True,895,confirmation38,6493,geometry_reid_hungarian,6493,6493,oracle_aabb,data24-1,bytetrack,True,10993
50.40660245714715,48.80584916618158,4535,35,814,49.219328860254116,51.023676083724126,1045,48.92204129900846,6458,0,0,0,True,6,0,True,895,confirmation38,6493,no_refinement,6493,6493,oracle_aabb,data24-1,bytetrack,True,10993
76.43761638553151,77.4510893114479,2476,0,247,76.94268374395187,75.64325986673501,242,75.27517511143455,8517,1,2,0,True,6,0,True,365,confirmation38,8517,aflink_cached_native_dedup,8517,8517,oracle_aabb,data24-1,deepocsort,True,10993
76.43761638553151,77.4510893114479,2476,0,247,76.94268374395187,75.64325986673501,242,75.27517511143455,8517,1,2,0,False,6,0,True,365,confirmation38,8517,aflink_cached_native_saved,8517,8517,oracle_aabb,data24-1,deepocsort,False,10993
76.43761638553151,77.4510893114479,2476,0,247,76.94268374395187,75.64325986673501,242,75.27517511143455,8517,1,2,0,True,6,0,True,365,confirmation38,8517,aflink_cached_no_dedup,8517,8517,oracle_aabb,data24-1,deepocsort,True,10993
76.43761638553151,77.4510893114479,2476,0,247,76.94268374395187,75.64325986673501,242,75.27517511143455,8517,1,2,0,True,6,0,True,365,confirmation38,8517,aflink_cached_overlap_safe,8517,8517,oracle_aabb,data24-1,deepocsort,True,10993
76.8909014986041,77.42051455210834,2476,0,247,77.15525336308397,76.50435674013326,176,75.87555717274628,8517,61,49,0,True,6,0,True,365,confirmation38,8517,com3d_reciprocal_guard,8517,8517,oracle_aabb,data24-1,deepocsort,True,10993
77.82925812291387,77.42051455210834,2476,0,247,77.6246170551969,77.88826242952332,139,76.21213499499682,8517,89,55,0,True,6,0,True,365,confirmation38,8517,controlled_cost_greedy,8517,8517,oracle_aabb,data24-1,deepocsort,True,10993
77.42805394922034,77.42051455210834,2476,0,247,77.42428391617736,77.22193746796515,157,76.04839443282088,8517,78,37,0,True,6,0,True,365,confirmation38,8517,controlled_cost_reciprocal,8517,8517,oracle_aabb,data24-1,deepocsort,True,10993
76.75788905560249,77.42051455210834,2476,0,247,77.0884896071831,77.35520246027679,158,76.03929773492223,8517,72,77,0,True,6,0,True,365,confirmation38,8517,geometry_greedy,8517,8517,oracle_aabb,data24-1,deepocsort,True,10993
77.96627314255599,77.43665017512527,2476,0,247,77.70100988113835,77.76524859046643,135,76.24852178659147,8517,98,49,0,True,6,0,True,365,confirmation38,8517,geometry_reid_greedy_guard,8517,8517,oracle_aabb,data24-1,deepocsort,True,10993
78.22504851723737,77.40438170895193,2476,0,247,77.81363296997509,78.40082009226037,142,76.18484490130083,8517,92,46,0,True,6,0,True,365,confirmation38,8517,geometry_reid_hungarian,8517,8517,oracle_aabb,data24-1,deepocsort,True,10993
76.04929938496322,77.4510893114479,2476,0,247,76.74699347560527,75.1922091235264,243,75.26607841353588,8517,0,0,0,True,6,0,True,365,confirmation38,8517,no_refinement,8517,8517,oracle_aabb,data24-1,deepocsort,True,10993
61.110810628924824,40.62827898916796,6518,0,207,49.8279743089775,48.202741143004914,254,38.39716183025562,4475,0,0,0,True,6,0,True,286,confirmation38,4475,aflink_cached_native_dedup,4475,4475,oracle_aabb,data24-1,ocsort,True,10993
61.110810628924824,40.62827898916796,6518,0,207,49.8279743089775,48.202741143004914,254,38.39716183025562,4475,0,0,0,False,6,0,True,286,confirmation38,4475,aflink_cached_native_saved,4475,4475,oracle_aabb,data24-1,ocsort,False,10993
61.110810628924824,40.62827898916796,6518,0,207,49.8279743089775,48.202741143004914,254,38.39716183025562,4475,0,0,0,True,6,0,True,286,confirmation38,4475,aflink_cached_no_dedup,4475,4475,oracle_aabb,data24-1,ocsort,True,10993
61.110810628924824,40.62827898916796,6518,0,207,49.8279743089775,48.202741143004914,254,38.39716183025562,4475,0,0,0,True,6,0,True,286,confirmation38,4475,aflink_cached_overlap_safe,4475,4475,oracle_aabb,data24-1,ocsort,True,10993
61.693631528217075,40.62827898916796,6518,0,207,50.06501805674735,48.79751745539178,214,38.761029746202134,4475,32,26,0,True,6,0,True,286,confirmation38,4475,com3d_reciprocal_guard,4475,4475,oracle_aabb,data24-1,ocsort,True,10993
61.86180132295459,40.62827898916796,6518,0,207,50.13320737901788,49.01732609257823,207,38.82470663149277,4475,39,24,0,True,6,0,True,286,confirmation38,4475,controlled_cost_greedy,4475,4475,oracle_aabb,data24-1,ocsort,True,10993
61.858622028275725,40.62827898916796,6518,0,207,50.13191910191822,49.00439617274373,209,38.80651323569545,4475,38,22,0,True,6,0,True,286,confirmation38,4475,controlled_cost_reciprocal,4475,4475,oracle_aabb,data24-1,ocsort,True,10993
61.5305899948639,40.62827898916796,6518,0,207,49.99881934961793,48.78458753555728,212,38.77922314199945,4475,33,39,0,True,6,0,True,286,confirmation38,4475,geometry_greedy,4475,4475,oracle_aabb,data24-1,ocsort,True,10993
61.86279995332006,40.62827898916796,6518,0,207,50.133612025657825,49.00439617274373,206,38.83380332939143,4475,39,23,0,True,6,0,True,286,confirmation38,4475,geometry_reid_greedy_guard,4475,4475,oracle_aabb,data24-1,ocsort,True,10993
61.859322607306865,40.62827898916796,6518,0,207,50.132202985312055,49.01732609257823,208,38.815609933594104,4475,38,24,0,True,6,0,True,286,confirmation38,4475,geometry_reid_hungarian,4475,4475,oracle_aabb,data24-1,ocsort,True,10993
61.110810628924824,40.62827898916796,6518,0,207,49.8279743089775,48.202741143004914,254,38.39716183025562,4475,0,0,0,True,6,0,True,286,confirmation38,4475,no_refinement,4475,4475,oracle_aabb,data24-1,ocsort,True,10993
29.221354800918657,28.742828885263354,132,0,4,28.961808012705532,35.294117647058826,20,24.752475247524753,70,0,0,0,True,4,0,True,18,confirmation38,70,aflink_cached_native_dedup,70,70,oracle_aabb,data27-1,bytetrack,True,202
29.221354800918657,28.742828885263354,132,0,4,28.961808012705532,35.294117647058826,20,24.752475247524753,70,0,0,0,False,4,0,True,18,confirmation38,70,aflink_cached_native_saved,70,70,oracle_aabb,data27-1,bytetrack,False,202
29.221354800918657,28.742828885263354,132,0,4,28.961808012705532,35.294117647058826,20,24.752475247524753,70,0,0,0,True,4,0,True,18,confirmation38,70,aflink_cached_no_dedup,70,70,oracle_aabb,data27-1,bytetrack,True,202
29.221354800918657,28.742828885263354,132,0,4,28.961808012705532,35.294117647058826,20,24.752475247524753,70,0,0,0,True,4,0,True,18,confirmation38,70,aflink_cached_overlap_safe,70,70,oracle_aabb,data27-1,bytetrack,True,202
32.398531027449714,28.742828885263354,132,0,4,30.501846274238975,38.23529411764706,18,25.742574257425744,70,1,0,3,True,4,0,True,18,confirmation38,70,com3d_reciprocal_guard,70,70,oracle_aabb,data27-1,bytetrack,True,202
33.43222418514879,28.742828885263354,132,0,4,30.986173672844288,41.17647058823529,14,27.722772277227726,70,1,0,5,True,4,0,True,18,confirmation38,70,controlled_cost_greedy,70,70,oracle_aabb,data27-1,bytetrack,True,202
32.398531027449714,28.742828885263354,132,0,4,30.501846274238975,38.23529411764706,18,25.742574257425744,70,1,0,3,True,4,0,True,18,confirmation38,70,controlled_cost_reciprocal,70,70,oracle_aabb,data27-1,bytetrack,True,202
33.43222418514879,28.742828885263354,132,0,4,30.986173672844288,41.17647058823529,14,27.722772277227726,70,1,0,5,True,4,0,True,18,confirmation38,70,geometry_greedy,70,70,oracle_aabb,data27-1,bytetrack,True,202
33.43222418514879,28.742828885263354,132,0,4,30.986173672844288,41.17647058823529,14,27.722772277227726,70,1,0,5,True,4,0,True,18,confirmation38,70,geometry_reid_greedy_guard,70,70,oracle_aabb,data27-1,bytetrack,True,202
32.398531027449714,28.742828885263354,132,0,4,30.501846274238975,38.23529411764706,18,25.742574257425744,70,1,0,3,True,4,0,True,18,confirmation38,70,geometry_reid_hungarian,70,70,oracle_aabb,data27-1,bytetrack,True,202
29.221354800918657,28.742828885263354,132,0,4,28.961808012705532,35.294117647058826,20,24.752475247524753,70,0,0,0,True,4,0,True,18,confirmation38,70,no_refinement,70,70,oracle_aabb,data27-1,bytetrack,True,202
77.61188764723649,61.88118811881188,77,0,3,69.30162927200726,72.78287461773701,5,59.4059405940594,125,0,0,0,True,4,0,True,5,confirmation38,125,aflink_cached_native_dedup,125,125,oracle_aabb,data27-1,deepocsort,True,202
77.61188764723649,61.88118811881188,77,0,3,69.30162927200726,72.78287461773701,5,59.4059405940594,125,0,0,0,True,4,0,True,5,confirmation38,125,aflink_cached_native_saved,125,125,oracle_aabb,data27-1,deepocsort,True,202
77.61188764723649,61.88118811881188,77,0,3,69.30162927200726,72.78287461773701,5,59.4059405940594,125,0,0,0,True,4,0,True,5,confirmation38,125,aflink_cached_no_dedup,125,125,oracle_aabb,data27-1,deepocsort,True,202
77.61188764723649,61.88118811881188,77,0,3,69.30162927200726,72.78287461773701,5,59.4059405940594,125,0,0,0,True,4,0,True,5,confirmation38,125,aflink_cached_overlap_safe,125,125,oracle_aabb,data27-1,deepocsort,True,202
77.61188764723649,61.88118811881188,77,0,3,69.30162927200726,72.78287461773701,5,59.4059405940594,125,0,0,0,True,4,0,True,5,confirmation38,125,com3d_reciprocal_guard,125,125,oracle_aabb,data27-1,deepocsort,True,202
77.61188764723649,61.88118811881188,77,0,3,69.30162927200726,72.78287461773701,5,59.4059405940594,125,0,0,0,True,4,0,True,5,confirmation38,125,controlled_cost_greedy,125,125,oracle_aabb,data27-1,deepocsort,True,202
77.61188764723649,61.88118811881188,77,0,3,69.30162927200726,72.78287461773701,5,59.4059405940594,125,0,0,0,True,4,0,True,5,confirmation38,125,controlled_cost_reciprocal,125,125,oracle_aabb,data27-1,deepocsort,True,202
77.61188764723649,61.88118811881188,77,0,3,69.30162927200726,72.78287461773701,5,59.4059405940594,125,0,0,0,True,4,0,True,5,confirmation38,125,geometry_greedy,125,125,oracle_aabb,data27-1,deepocsort,True,202
77.61188764723649,61.88118811881188,77,0,3,69.30162927200726,72.78287461773701,5,59.4059405940594,125,0,0,0,True,4,0,True,5,confirmation38,125,geometry_reid_greedy_guard,125,125,oracle_aabb,data27-1,deepocsort,True,202
77.61188764723649,61.88118811881188,77,0,3,69.30162927200726,72.78287461773701,5,59.4059405940594,125,0,0,0,True,4,0,True,5,confirmation38,125,geometry_reid_hungarian,125,125,oracle_aabb,data27-1,deepocsort,True,202
77.61188764723649,61.88118811881188,77,0,3,69.30162927200726,72.78287461773701,5,59.4059405940594,125,0,0,0,True,4,0,True,5,confirmation38,125,no_refinement,125,125,oracle_aabb,data27-1,deepocsort,True,202
18.36037993014737,11.881188118811883,178,0,0,14.76966918664528,16.8141592920354,4,9.900990099009901,24,0,0,0,True,4,0,True,4,confirmation38,24,aflink_cached_native_dedup,24,24,oracle_aabb,data27-1,ocsort,True,202
18.36037993014737,11.881188118811883,178,0,0,14.76966918664528,16.8141592920354,4,9.900990099009901,24,0,0,0,True,4,0,True,4,confirmation38,24,aflink_cached_native_saved,24,24,oracle_aabb,data27-1,ocsort,True,202
18.36037993014737,11.881188118811883,178,0,0,14.76966918664528,16.8141592920354,4,9.900990099009901,24,0,0,0,True,4,0,True,4,confirmation38,24,aflink_cached_no_dedup,24,24,oracle_aabb,data27-1,ocsort,True,202
18.36037993014737,11.881188118811883,178,0,0,14.76966918664528,16.8141592920354,4,9.900990099009901,24,0,0,0,True,4,0,True,4,confirmation38,24,aflink_cached_overlap_safe,24,24,oracle_aabb,data27-1,ocsort,True,202
18.941775278984583,11.881188118811883,178,0,0,15.001693084244735,18.58407079646018,2,10.891089108910892,24,2,0,0,True,4,0,True,4,confirmation38,24,com3d_reciprocal_guard,24,24,oracle_aabb,data27-1,ocsort,True,202
18.941775278984583,11.881188118811883,178,0,0,15.001693084244735,18.58407079646018,2,10.891089108910892,24,2,0,0,True,4,0,True,4,confirmation38,24,controlled_cost_greedy,24,24,oracle_aabb,data27-1,ocsort,True,202
18.554178379759776,11.881188118811883,178,0,0,14.847413367988318,17.699115044247787,3,10.396039603960396,24,1,0,0,True,4,0,True,4,confirmation38,24,controlled_cost_reciprocal,24,24,oracle_aabb,data27-1,ocsort,True,202
18.941775278984583,11.881188118811883,178,0,0,15.001693084244735,18.58407079646018,2,10.891089108910892,24,2,0,0,True,4,0,True,4,confirmation38,24,geometry_greedy,24,24,oracle_aabb,data27-1,ocsort,True,202
18.941775278984583,11.881188118811883,178,0,0,15.001693084244735,18.58407079646018,2,10.891089108910892,24,2,0,0,True,4,0,True,4,confirmation38,24,geometry_reid_greedy_guard,24,24,oracle_aabb,data27-1,ocsort,True,202
18.941775278984583,11.881188118811883,178,0,0,15.001693084244735,18.58407079646018,2,10.891089108910892,24,2,0,0,True,4,0,True,4,confirmation38,24,geometry_reid_hungarian,24,24,oracle_aabb,data27-1,ocsort,True,202
18.36037993014737,11.881188118811883,178,0,0,14.76966918664528,16.8141592920354,4,9.900990099009901,24,0,0,0,True,4,0,True,4,confirmation38,24,no_refinement,24,24,oracle_aabb,data27-1,ocsort,True,202
1.7624977203052439,12.232581034964044,790,1,70,4.541106642484377,5.013927576601671,77,6.966773847802786,143,0,0,0,True,1,0,True,75,confirmation38,144,aflink_cached_native_dedup,144,144,oracle_aabb,data31-1,bytetrack,True,933
1.764547485176815,12.233319889741818,790,1,70,4.54301954383613,5.013927576601671,77,6.966773847802786,143,0,0,0,False,1,0,True,75,confirmation38,144,aflink_cached_native_saved,144,144,oracle_aabb,data31-1,bytetrack,False,933
1.7624977203052439,12.232581034964044,790,1,70,4.541106642484377,5.013927576601671,77,6.966773847802786,143,0,0,0,True,1,0,True,75,confirmation38,144,aflink_cached_no_dedup,144,144,oracle_aabb,data31-1,bytetrack,True,933
1.7624977203052439,12.232581034964044,790,1,70,4.541106642484377,5.013927576601671,77,6.966773847802786,143,0,0,0,True,1,0,True,75,confirmation38,144,aflink_cached_overlap_safe,144,144,oracle_aabb,data31-1,bytetrack,True,933
3.1825067838452425,12.232581034964044,790,1,70,6.190012589119269,9.656453110492109,44,10.503751339764202,143,0,0,38,True,1,0,True,75,confirmation38,144,com3d_reciprocal_guard,144,144,oracle_aabb,data31-1,bytetrack,True,933
3.7389119594664364,12.232581034964044,790,1,70,6.722044099187223,10.95636025998143,35,11.468381564844588,143,0,0,43,True,1,0,True,75,confirmation38,144,controlled_cost_greedy,144,144,oracle_aabb,data31-1,bytetrack,True,933
3.617599645775247,12.232581034964044,790,1,70,6.608701632578836,10.584958217270195,38,11.14683815648446,143,0,0,40,True,1,0,True,75,confirmation38,144,controlled_cost_reciprocal,144,144,oracle_aabb,data31-1,bytetrack,True,933
3.321029943625802,12.232581034964044,790,1,70,6.327500889791998,10.21355617455896,45,10.39657020364416,143,0,0,44,True,1,0,True,75,confirmation38,144,geometry_greedy,144,144,oracle_aabb,data31-1,bytetrack,True,933
3.8299294613451655,12.232581034964044,790,1,70,6.80557050320582,11.142061281337048,35,11.468381564844588,143,0,0,44,True,1,0,True,75,confirmation38,144,geometry_reid_greedy_guard,144,144,oracle_aabb,data31-1,bytetrack,True,933
3.699172153410609,12.232581034964044,790,1,70,6.684967994283224,10.584958217270195,38,11.14683815648446,143,0,0,42,True,1,0,True,75,confirmation38,144,geometry_reid_hungarian,144,144,oracle_aabb,data31-1,bytetrack,True,933
1.7624977203052439,12.232581034964044,790,1,70,4.541106642484377,5.013927576601671,77,6.966773847802786,143,0,0,0,True,1,0,True,75,confirmation38,144,no_refinement,144,144,oracle_aabb,data31-1,bytetrack,True,933
94.43062118850204,96.9989281886388,28,0,5,95.70615990348827,96.84439608269858,1,96.89174705251877,905,1,0,0,True,1,0,True,2,confirmation38,905,aflink_cached_native_dedup,905,905,oracle_aabb,data31-1,deepocsort,True,933
94.43062118850204,96.9989281886388,28,0,5,95.70615990348827,96.84439608269858,1,96.89174705251877,905,1,0,0,True,1,0,True,2,confirmation38,905,aflink_cached_native_saved,905,905,oracle_aabb,data31-1,deepocsort,True,933
94.43062118850204,96.9989281886388,28,0,5,95.70615990348827,96.84439608269858,1,96.89174705251877,905,1,0,0,True,1,0,True,2,confirmation38,905,aflink_cached_no_dedup,905,905,oracle_aabb,data31-1,deepocsort,True,933
94.43062118850204,96.9989281886388,28,0,5,95.70615990348827,96.84439608269858,1,96.89174705251877,905,1,0,0,True,1,0,True,2,confirmation38,905,aflink_cached_overlap_safe,905,905,oracle_aabb,data31-1,deepocsort,True,933
97.07618004953056,96.9989281886388,28,0,5,97.03754643153232,98.4766050054407,0,96.9989281886388,905,2,0,0,True,1,0,True,2,confirmation38,905,com3d_reciprocal_guard,905,905,oracle_aabb,data31-1,deepocsort,True,933
97.07618004953056,96.9989281886388,28,0,5,97.03754643153232,98.4766050054407,0,96.9989281886388,905,2,0,0,True,1,0,True,2,confirmation38,905,controlled_cost_greedy,905,905,oracle_aabb,data31-1,deepocsort,True,933
97.07618004953056,96.9989281886388,28,0,5,97.03754643153232,98.4766050054407,0,96.9989281886388,905,2,0,0,True,1,0,True,2,confirmation38,905,controlled_cost_reciprocal,905,905,oracle_aabb,data31-1,deepocsort,True,933
97.07618004953056,96.9989281886388,28,0,5,97.03754643153232,98.4766050054407,0,96.9989281886388,905,2,0,0,True,1,0,True,2,confirmation38,905,geometry_greedy,905,905,oracle_aabb,data31-1,deepocsort,True,933
97.07618004953056,96.9989281886388,28,0,5,97.03754643153232,98.4766050054407,0,96.9989281886388,905,2,0,0,True,1,0,True,2,confirmation38,905,geometry_reid_greedy_guard,905,905,oracle_aabb,data31-1,deepocsort,True,933
97.07618004953056,96.9989281886388,28,0,5,97.03754643153232,98.4766050054407,0,96.9989281886388,905,2,0,0,True,1,0,True,2,confirmation38,905,geometry_reid_hungarian,905,905,oracle_aabb,data31-1,deepocsort,True,933
89.50471629874113,96.9989281886388,28,0,5,93.17650749414298,91.94776931447225,2,96.78456591639872,905,0,0,0,True,1,0,True,2,confirmation38,905,no_refinement,905,905,oracle_aabb,data31-1,deepocsort,True,933
1.0124889681443623,3.215434083601286,903,0,10,1.8043257847300413,2.0768431983385254,21,0.964630225080386,30,0,0,0,True,1,0,True,23,confirmation38,30,aflink_cached_native_dedup,30,30,oracle_aabb,data31-1,ocsort,True,933
1.0124889681443623,3.215434083601286,903,0,10,1.8043257847300413,2.0768431983385254,21,0.964630225080386,30,0,0,0,True,1,0,True,23,confirmation38,30,aflink_cached_native_saved,30,30,oracle_aabb,data31-1,ocsort,True,933
1.0124889681443623,3.215434083601286,903,0,10,1.8043257847300413,2.0768431983385254,21,0.964630225080386,30,0,0,0,True,1,0,True,23,confirmation38,30,aflink_cached_no_dedup,30,30,oracle_aabb,data31-1,ocsort,True,933
1.0124889681443623,3.215434083601286,903,0,10,1.8043257847300413,2.0768431983385254,21,0.964630225080386,30,0,0,0,True,1,0,True,23,confirmation38,30,aflink_cached_overlap_safe,30,30,oracle_aabb,data31-1,ocsort,True,933
1.2622979377558357,3.215434083601286,903,0,10,2.014655259025655,2.907580477673936,19,1.1789924973204717,30,4,0,0,True,1,0,True,23,confirmation38,30,com3d_reciprocal_guard,30,30,oracle_aabb,data31-1,ocsort,True,933
1.7619158769787824,3.215434083601286,903,0,10,2.380194186043615,3.7383177570093453,13,1.822079314040729,30,8,0,0,True,1,0,True,23,confirmation38,30,controlled_cost_greedy,30,30,oracle_aabb,data31-1,ocsort,True,933
1.3869085296561472,3.215434083601286,903,0,10,2.111755894295958,3.115264797507788,16,1.5005359056806002,30,5,0,0,True,1,0,True,23,confirmation38,30,controlled_cost_reciprocal,30,30,oracle_aabb,data31-1,ocsort,True,933
1.7613221762293185,3.215434083601286,903,0,10,2.3797931333732647,3.7383177570093453,13,1.822079314040729,30,8,1,0,True,1,0,True,23,confirmation38,30,geometry_greedy,30,30,oracle_aabb,data31-1,ocsort,True,933
1.7619158769787824,3.215434083601286,903,0,10,2.380194186043615,3.7383177570093453,13,1.822079314040729,30,8,0,0,True,1,0,True,23,confirmation38,30,geometry_reid_greedy_guard,30,30,oracle_aabb,data31-1,ocsort,True,933
1.7619158769787824,3.215434083601286,903,0,10,2.380194186043615,3.7383177570093453,13,1.822079314040729,30,8,0,0,True,1,0,True,23,confirmation38,30,geometry_reid_hungarian,30,30,oracle_aabb,data31-1,ocsort,True,933
1.0124889681443623,3.215434083601286,903,0,10,1.8043257847300413,2.0768431983385254,21,0.964630225080386,30,0,0,0,True,1,0,True,23,confirmation38,30,no_refinement,30,30,oracle_aabb,data31-1,ocsort,True,933
9.040869882912931,33.49101302730729,384,0,75,14.57628141280666,10.75268817204301,117,23.74429223744292,273,0,0,0,True,1,0,True,104,confirmation38,273,aflink_cached_native_dedup,273,273,oracle_aabb,data33-1,bytetrack,True,657
9.037988524082959,33.49996838878046,384,0,75,14.576052087455892,10.75268817204301,117,23.74429223744292,273,0,0,0,False,1,0,True,104,confirmation38,273,aflink_cached_native_saved,273,273,oracle_aabb,data33-1,bytetrack,False,657
9.040869882912931,33.49101302730729,384,0,75,14.57628141280666,10.75268817204301,117,23.74429223744292,273,0,0,0,True,1,0,True,104,confirmation38,273,aflink_cached_no_dedup,273,273,oracle_aabb,data33-1,bytetrack,True,657
9.040869882912931,33.49101302730729,384,0,75,14.57628141280666,10.75268817204301,117,23.74429223744292,273,0,0,0,True,1,0,True,104,confirmation38,273,aflink_cached_overlap_safe,273,273,oracle_aabb,data33-1,bytetrack,True,657
11.711268102215671,33.49101302730729,384,0,75,17.56185341039502,16.7741935483871,76,29.98477929984779,273,1,0,49,True,1,0,True,104,confirmation38,273,com3d_reciprocal_guard,273,273,oracle_aabb,data33-1,bytetrack,True,657
17.563112122380193,33.49101302730729,384,0,75,22.669743694465623,29.03225806451613,32,36.68188736681887,273,3,0,70,True,1,0,True,104,confirmation38,273,controlled_cost_greedy,273,273,oracle_aabb,data33-1,bytetrack,True,657
12.484609198925325,33.49101302730729,384,0,75,18.33196380415404,19.13978494623656,69,31.05022831050228,273,2,0,54,True,1,0,True,104,confirmation38,273,controlled_cost_reciprocal,273,273,oracle_aabb,data33-1,bytetrack,True,657
17.434428797473107,33.49101302730729,384,0,75,22.57030417380852,28.602150537634408,34,36.37747336377473,273,4,0,69,True,1,0,True,104,confirmation38,273,geometry_greedy,273,273,oracle_aabb,data33-1,bytetrack,True,657
17.071050511425284,33.49101302730729,384,0,75,22.297347245990938,26.451612903225808,45,34.70319634703196,273,5,0,69,True,1,0,True,104,confirmation38,273,geometry_reid_greedy_guard,273,273,oracle_aabb,data33-1,bytetrack,True,657
13.611261746413058,33.49101302730729,384,0,75,19.39034051233858,20.43010752688172,71,30.74581430745814,273,2,0,66,True,1,0,True,104,confirmation38,273,geometry_reid_hungarian,273,273,oracle_aabb,data33-1,bytetrack,True,657
9.040869882912931,33.49101302730729,384,0,75,14.57628141280666,10.75268817204301,117,23.74429223744292,273,0,0,0,True,1,0,True,104,confirmation38,273,no_refinement,273,273,oracle_aabb,data33-1,bytetrack,True,657
58.73579997921243,89.49771689497717,69,0,19,72.50324129402465,71.16465863453814,16,87.06240487062405,588,2,0,0,True,1,0,True,26,confirmation38,588,aflink_cached_native_dedup,588,588,oracle_aabb,data33-1,deepocsort,True,657
58.73579997921243,89.49771689497717,69,0,19,72.50324129402465,71.16465863453814,16,87.06240487062405,588,2,0,0,False,1,0,True,26,confirmation38,588,aflink_cached_native_saved,588,588,oracle_aabb,data33-1,deepocsort,False,657
58.73579997921243,89.49771689497717,69,0,19,72.50324129402465,71.16465863453814,16,87.06240487062405,588,2,0,0,True,1,0,True,26,confirmation38,588,aflink_cached_no_dedup,588,588,oracle_aabb,data33-1,deepocsort,True,657
58.73579997921243,89.49771689497717,69,0,19,72.50324129402465,71.16465863453814,16,87.06240487062405,588,2,0,0,True,1,0,True,26,confirmation38,588,aflink_cached_overlap_safe,588,588,oracle_aabb,data33-1,deepocsort,True,657
82.0559288453294,89.49771689497717,69,0,19,85.69608094512657,88.35341365461848,8,88.2800608828006,588,10,0,0,True,1,0,True,26,confirmation38,588,com3d_reciprocal_guard,588,588,oracle_aabb,data33-1,deepocsort,True,657
82.0559288453294,89.49771689497717,69,0,19,85.69608094512657,88.35341365461848,8,88.2800608828006,588,10,0,0,True,1,0,True,26,confirmation38,588,controlled_cost_greedy,588,588,oracle_aabb,data33-1,deepocsort,True,657
82.0559288453294,89.49771689497717,69,0,19,85.69608094512657,88.35341365461848,8,88.2800608828006,588,10,0,0,True,1,0,True,26,confirmation38,588,controlled_cost_reciprocal,588,588,oracle_aabb,data33-1,deepocsort,True,657
82.0559288453294,89.49771689497717,69,0,19,85.69608094512657,88.35341365461848,8,88.2800608828006,588,10,0,0,True,1,0,True,26,confirmation38,588,geometry_greedy,588,588,oracle_aabb,data33-1,deepocsort,True,657
82.0559288453294,89.49771689497717,69,0,19,85.69608094512657,88.35341365461848,8,88.2800608828006,588,10,0,0,True,1,0,True,26,confirmation38,588,geometry_reid_greedy_guard,588,588,oracle_aabb,data33-1,deepocsort,True,657
82.0559288453294,89.49771689497717,69,0,19,85.69608094512657,88.35341365461848,8,88.2800608828006,588,10,0,0,True,1,0,True,26,confirmation38,588,geometry_reid_hungarian,588,588,oracle_aabb,data33-1,deepocsort,True,657
55.22187642417893,89.49771689497717,69,0,19,70.30100897299111,68.11244979919678,18,86.7579908675799,588,0,0,0,True,1,0,True,26,confirmation38,588,no_refinement,588,588,oracle_aabb,data33-1,deepocsort,True,657
11.274770633902165,14.45966514459665,562,0,15,12.768296987004844,10.372340425531915,29,10.045662100456621,95,0,0,0,True,1,0,True,41,confirmation38,95,aflink_cached_native_dedup,95,95,oracle_aabb,data33-1,ocsort,True,657
11.274770633902165,14.45966514459665,562,0,15,12.768296987004844,10.372340425531915,29,10.045662100456621,95,0,0,0,False,1,0,True,41,confirmation38,95,aflink_cached_native_saved,95,95,oracle_aabb,data33-1,ocsort,False,657
11.274770633902165,14.45966514459665,562,0,15,12.768296987004844,10.372340425531915,29,10.045662100456621,95,0,0,0,True,1,0,True,41,confirmation38,95,aflink_cached_no_dedup,95,95,oracle_aabb,data33-1,ocsort,True,657
11.274770633902165,14.45966514459665,562,0,15,12.768296987004844,10.372340425531915,29,10.045662100456621,95,0,0,0,True,1,0,True,41,confirmation38,95,aflink_cached_overlap_safe,95,95,oracle_aabb,data33-1,ocsort,True,657
13.069565857368328,14.45966514459665,562,0,15,13.747055898729704,14.893617021276595,20,11.415525114155251,95,9,1,0,True,1,0,True,41,confirmation38,95,com3d_reciprocal_guard,95,95,oracle_aabb,data33-1,ocsort,True,657
13.029447103528948,14.45966514459665,562,0,15,13.72594048275976,14.893617021276595,20,11.415525114155251,95,9,2,0,True,1,0,True,41,confirmation38,95,controlled_cost_greedy,95,95,oracle_aabb,data33-1,ocsort,True,657
13.029447103528948,14.45966514459665,562,0,15,13.72594048275976,14.893617021276595,20,11.415525114155251,95,9,2,0,True,1,0,True,41,confirmation38,95,controlled_cost_reciprocal,95,95,oracle_aabb,data33-1,ocsort,True,657
13.022760883320245,14.45966514459665,562,0,15,13.722418213673654,14.893617021276595,20,11.415525114155251,95,9,2,0,True,1,0,True,41,confirmation38,95,geometry_greedy,95,95,oracle_aabb,data33-1,ocsort,True,657
13.113154621581963,14.45966514459665,562,0,15,13.769960959181956,15.159574468085108,19,11.56773211567732,95,10,1,0,True,1,0,True,41,confirmation38,95,geometry_reid_greedy_guard,95,95,oracle_aabb,data33-1,ocsort,True,657
13.029447103528948,14.45966514459665,562,0,15,13.72594048275976,14.893617021276595,20,11.415525114155251,95,9,2,0,True,1,0,True,41,confirmation38,95,geometry_reid_hungarian,95,95,oracle_aabb,data33-1,ocsort,True,657
11.274770633902165,14.45966514459665,562,0,15,12.768296987004844,10.372340425531915,29,10.045662100456621,95,0,0,0,True,1,0,True,41,confirmation38,95,no_refinement,95,95,oracle_aabb,data33-1,ocsort,True,657
10.775189045609887,38.75848032657399,6110,18,2177,20.371705185784794,15.62287270251872,3506,18.768971332209105,5750,5,28,9,False,5,0,True,904,confirmation38,5770,aflink_cached_native_dedup,5768,5768,oracle_aabb,data34-1,bytetrack,False,11860
10.774903571489054,38.75534215684371,6110,18,2177,20.3705852104188,15.62287270251872,3506,18.768971332209105,5750,5,28,9,False,5,0,True,904,confirmation38,5770,aflink_cached_native_saved,5768,5768,oracle_aabb,data34-1,bytetrack,False,11860
10.77433213887776,38.77169509402664,6108,18,2176,20.374331447303696,15.634218289085547,3506,18.7858347386172,5752,5,28,9,True,5,2,False,904,confirmation38,5770,aflink_cached_no_dedup,5770,5770,oracle_aabb,data34-1,bytetrack,False,11860
10.77446297881235,38.77169509402664,6108,18,2176,20.374422803390193,15.643788996029496,3506,18.7858347386172,5752,5,27,8,True,5,0,True,904,confirmation38,5770,aflink_cached_overlap_safe,5770,5770,oracle_aabb,data34-1,bytetrack,True,11860
14.242516957327144,38.80797560780074,6108,18,2176,23.453476312057457,18.33238797504254,3391,19.75548060708263,5752,33,53,266,True,5,0,True,904,confirmation38,5770,com3d_reciprocal_guard,5770,5770,oracle_aabb,data34-1,bytetrack,True,11860
17.557130157988382,38.83363878796995,6108,18,2176,26.066622400663285,23.732274532047644,3018,22.900505902192243,5752,63,145,558,True,5,0,True,904,confirmation38,5770,controlled_cost_greedy,5770,5770,oracle_aabb,data34-1,bytetrack,True,11860
14.702227988938754,38.81023647943159,6108,18,2176,23.832115127562446,19.376063528077143,3313,20.413153456998316,5752,41,67,290,True,5,0,True,904,confirmation38,5770,controlled_cost_reciprocal,5770,5770,oracle_aabb,data34-1,bytetrack,True,11860
17.07163943178346,38.81934357733881,6108,18,2176,25.69849634193147,22.461712989222914,3074,22.4283305227656,5752,56,130,582,True,5,0,True,904,confirmation38,5770,geometry_greedy,5770,5770,oracle_aabb,data34-1,bytetrack,True,11860
17.61477457185388,38.761629863524746,6108,18,2176,26.085776346167254,23.97050482132728,3098,22.225969645868464,5752,69,161,547,True,5,0,True,904,confirmation38,5770,geometry_reid_greedy_guard,5770,5770,oracle_aabb,data34-1,bytetrack,True,11860
15.08753041621549,38.79338078414835,6108,18,2176,24.141184788987538,20.81678956324447,3302,20.505902192242832,5752,58,129,515,True,5,0,True,904,confirmation38,5770,geometry_reid_hungarian,5770,5770,oracle_aabb,data34-1,bytetrack,True,11860
9.955766654889475,38.77866118985773,6108,18,2176,19.577601237346663,14.770277935337491,3508,18.768971332209105,5752,0,0,0,True,5,0,True,904,confirmation38,5770,no_refinement,5770,5770,oracle_aabb,data34-1,bytetrack,True,11860
68.64302978311143,85.97834735622129,1634,0,248,76.8232590868382,76.16589694829304,190,84.62057335581787,10226,10,17,0,True,5,0,True,204,confirmation38,10226,aflink_cached_native_dedup,10226,10226,oracle_aabb,data34-1,deepocsort,True,11860
68.64302978311143,85.97834735622129,1634,0,248,76.8232590868382,76.16589694829304,190,84.62057335581787,10226,10,17,0,False,5,0,True,204,confirmation38,10226,aflink_cached_native_saved,10226,10226,oracle_aabb,data34-1,deepocsort,False,11860
68.64302978311143,85.97834735622129,1634,0,248,76.8232590868382,76.16589694829304,190,84.62057335581787,10226,10,17,0,True,5,0,True,204,confirmation38,10226,aflink_cached_no_dedup,10226,10226,oracle_aabb,data34-1,deepocsort,True,11860
68.64302978311143,85.97834735622129,1634,0,248,76.8232590868382,76.16589694829304,190,84.62057335581787,10226,10,17,0,True,5,0,True,204,confirmation38,10226,aflink_cached_overlap_safe,10226,10226,oracle_aabb,data34-1,deepocsort,True,11860
70.41358398146747,85.9445581648387,1634,0,248,77.79243787297999,77.42461287693561,153,84.93254637436762,10226,52,44,0,True,5,0,True,204,confirmation38,10226,com3d_reciprocal_guard,10226,10226,oracle_aabb,data34-1,deepocsort,True,11860
72.62753715218523,85.91902911725734,1634,0,248,78.994219321918,79.24477044281446,110,85.29510961214164,10226,87,52,0,True,5,0,True,204,confirmation38,10226,controlled_cost_greedy,10226,10226,oracle_aabb,data34-1,deepocsort,True,11860
73.4272351015927,85.94290799497803,1634,0,248,79.43896723312771,80.16843249117088,119,85.21922428330522,10226,80,30,0,True,5,0,True,204,confirmation38,10226,controlled_cost_reciprocal,10226,10226,oracle_aabb,data34-1,deepocsort,True,11860
69.64027353007808,85.92726497932163,1634,0,248,77.35629826543007,76.60056144163724,137,85.06745362563238,10226,60,80,0,True,5,0,True,204,confirmation38,10226,geometry_greedy,10226,10226,oracle_aabb,data34-1,deepocsort,True,11860
71.28046245059222,85.90255740000364,1634,0,248,78.25070468101171,78.49316308974011,117,85.23608768971333,10226,85,51,0,True,5,0,True,204,confirmation38,10226,geometry_reid_greedy_guard,10226,10226,oracle_aabb,data34-1,deepocsort,True,11860
70.91573589589444,85.93055559918614,1634,0,248,78.06297169802873,78.08566512722992,110,85.29510961214164,10226,87,51,0,True,5,0,True,204,confirmation38,10226,geometry_reid_hungarian,10226,10226,oracle_aabb,data34-1,deepocsort,True,11860
67.85865958592174,85.9791721630995,1634,0,248,76.38344310479809,74.94340306076246,202,84.5193929173693,10226,0,0,0,True,5,0,True,204,confirmation38,10226,no_refinement,10226,10226,oracle_aabb,data34-1,deepocsort,True,11860
34.489223908774164,9.418212478920742,10743,0,187,18.022953115566505,10.757494027895508,207,7.672849915682968,1117,3,0,0,True,5,0,True,221,confirmation38,1117,aflink_cached_native_dedup,1117,1117,oracle_aabb,data34-1,ocsort,True,11860
34.489223908774164,9.418212478920742,10743,0,187,18.022953115566505,10.757494027895508,207,7.672849915682968,1117,3,0,0,False,5,0,True,221,confirmation38,1117,aflink_cached_native_saved,1117,1117,oracle_aabb,data34-1,ocsort,False,11860
34.489223908774164,9.418212478920742,10743,0,187,18.022953115566505,10.757494027895508,207,7.672849915682968,1117,3,0,0,True,5,0,True,221,confirmation38,1117,aflink_cached_no_dedup,1117,1117,oracle_aabb,data34-1,ocsort,True,11860
34.489223908774164,9.418212478920742,10743,0,187,18.022953115566505,10.757494027895508,207,7.672849915682968,1117,3,0,0,True,5,0,True,221,confirmation38,1117,aflink_cached_overlap_safe,1117,1117,oracle_aabb,data34-1,ocsort,True,11860
39.766207350017936,9.410444023258165,10743,0,187,19.34470581159309,12.190799106110811,158,8.086003372681281,1117,47,45,0,True,5,0,True,221,confirmation38,1117,com3d_reciprocal_guard,1117,1117,oracle_aabb,data34-1,ocsort,True,11860
47.07518306800932,9.410444023258165,10743,0,187,21.047525839458746,13.485397241273024,93,8.63406408094435,1117,81,64,0,True,5,0,True,221,confirmation38,1117,controlled_cost_greedy,1117,1117,oracle_aabb,data34-1,ocsort,True,11860
44.16853392554253,9.410444023258165,10743,0,187,20.387385265093727,13.03845264699083,143,8.21247892074199,1117,64,33,0,True,5,0,True,221,confirmation38,1117,controlled_cost_reciprocal,1117,1117,oracle_aabb,data34-1,ocsort,True,11860
47.01747678934285,9.410444023258165,10743,0,187,21.034621472680566,13.300454650535562,98,8.591905564924113,1117,65,88,0,True,5,0,True,221,confirmation38,1117,geometry_greedy,1117,1117,oracle_aabb,data34-1,ocsort,True,11860
47.07916336361397,9.410444023258165,10743,0,187,21.04841561972038,13.562456654080297,98,8.591905564924113,1117,80,66,0,True,5,0,True,221,confirmation38,1117,geometry_reid_greedy_guard,1117,1117,oracle_aabb,data34-1,ocsort,True,11860
44.32848132091854,9.410444023258165,10743,0,187,20.424266338660836,13.115512059798103,126,8.355817875210793,1117,73,58,0,True,5,0,True,221,confirmation38,1117,geometry_reid_hungarian,1117,1117,oracle_aabb,data34-1,ocsort,True,11860
30.049811617447613,9.418212478920742,10743,0,187,16.82306484457165,9.601602835786391,210,7.6475548060708265,1117,0,0,0,True,5,0,True,221,confirmation38,1117,no_refinement,1117,1117,oracle_aabb,data34-1,ocsort,True,11860
68.48173083856074,45.2920239860318,1084,2,158,55.375995694704606,55.49231644849175,218,43.2550043516101,1214,0,0,0,True,5,0,True,161,confirmation38,1216,aflink_cached_native_dedup,1216,1216,oracle_aabb,data34-2,bytetrack,True,2298
68.48837198436522,45.29331130024713,1084,2,158,55.37942139051179,55.49231644849175,218,43.2550043516101,1214,0,0,0,False,5,0,True,161,confirmation38,1216,aflink_cached_native_saved,1216,1216,oracle_aabb,data34-2,bytetrack,False,2298
68.48173083856074,45.2920239860318,1084,2,158,55.375995694704606,55.49231644849175,218,43.2550043516101,1214,0,0,0,True,5,0,True,161,confirmation38,1216,aflink_cached_no_dedup,1216,1216,oracle_aabb,data34-2,bytetrack,True,2298
68.48173083856074,45.2920239860318,1084,2,158,55.375995694704606,55.49231644849175,218,43.2550043516101,1214,0,0,0,True,5,0,True,161,confirmation38,1216,aflink_cached_overlap_safe,1216,1216,oracle_aabb,data34-2,bytetrack,True,2298
68.6553563953801,45.2920239860318,1084,2,158,55.45016765551017,56.80136596471258,187,44.60400348128808,1214,0,3,67,True,5,0,True,161,confirmation38,1216,com3d_reciprocal_guard,1216,1216,oracle_aabb,data34-2,bytetrack,True,2298
68.94343040051119,45.26157675280717,1084,2,158,55.55550624608252,57.48434832100171,152,46.12706701479547,1214,0,3,113,True,5,0,True,161,confirmation38,1216,controlled_cost_greedy,1216,1216,oracle_aabb,data34-2,bytetrack,True,2298
69.01860136904023,45.26157675280717,1084,2,158,55.585486607435385,57.48434832100171,171,45.300261096605745,1214,0,2,72,True,5,0,True,161,confirmation38,1216,controlled_cost_reciprocal,1216,1216,oracle_aabb,data34-2,bytetrack,True,2298
68.46762286221853,45.2920239860318,1084,2,158,55.37297231141157,56.45987478656801,172,45.25674499564839,1214,0,3,114,True,5,0,True,161,confirmation38,1216,geometry_greedy,1216,1216,oracle_aabb,data34-2,bytetrack,True,2298
69.46860986742095,45.219872201037546,1084,2,158,55.751897978046614,58.56573705179283,148,46.30113141862489,1214,0,1,113,True,5,0,True,161,confirmation38,1216,geometry_reid_greedy_guard,1216,1216,oracle_aabb,data34-2,bytetrack,True,2298
69.0559835316006,45.26157675280717,1084,2,158,55.60178228720568,57.99658508821855,159,45.822454308093995,1214,1,2,107,True,5,0,True,161,confirmation38,1216,geometry_reid_hungarian,1216,1216,oracle_aabb,data34-2,bytetrack,True,2298
68.48173083856074,45.2920239860318,1084,2,158,55.375995694704606,55.49231644849175,218,43.2550043516101,1214,0,0,0,True,5,0,True,161,confirmation38,1216,no_refinement,1216,1216,oracle_aabb,data34-2,bytetrack,True,2298
88.54957879442877,87.42384682332464,289,0,20,87.98491241567531,91.29324355700024,16,86.72758920800696,2009,0,0,0,True,5,0,True,20,confirmation38,2009,aflink_cached_native_dedup,2009,2009,oracle_aabb,data34-2,deepocsort,True,2298
88.54957879442877,87.42384682332464,289,0,20,87.98491241567531,91.29324355700024,16,86.72758920800696,2009,0,0,0,False,5,0,True,20,confirmation38,2009,aflink_cached_native_saved,2009,2009,oracle_aabb,data34-2,deepocsort,False,2298
88.54957879442877,87.42384682332464,289,0,20,87.98491241567531,91.29324355700024,16,86.72758920800696,2009,0,0,0,True,5,0,True,20,confirmation38,2009,aflink_cached_no_dedup,2009,2009,oracle_aabb,data34-2,deepocsort,True,2298
88.54957879442877,87.42384682332464,289,0,20,87.98491241567531,91.29324355700024,16,86.72758920800696,2009,0,0,0,True,5,0,True,20,confirmation38,2009,aflink_cached_overlap_safe,2009,2009,oracle_aabb,data34-2,deepocsort,True,2298
88.96762992161435,87.42384682332464,289,0,20,88.19236049965691,91.89691200371487,12,86.90165361183638,2009,4,6,0,True,5,0,True,20,confirmation38,2009,com3d_reciprocal_guard,2009,2009,oracle_aabb,data34-2,deepocsort,True,2298
89.11377501041822,87.42384682332464,289,0,20,88.26476656264954,92.03622010680289,10,86.98868581375109,2009,5,8,0,True,5,0,True,20,confirmation38,2009,controlled_cost_greedy,2009,2009,oracle_aabb,data34-2,deepocsort,True,2298
89.04444468684437,87.42384682332464,289,0,20,88.23042498350941,91.94334803807754,12,86.90165361183638,2009,4,5,0,True,5,0,True,20,confirmation38,2009,controlled_cost_reciprocal,2009,2009,oracle_aabb,data34-2,deepocsort,True,2298
88.95016362081356,87.42384682332464,289,0,20,88.18370302553453,91.94334803807754,10,86.98868581375109,2009,6,9,0,True,5,0,True,20,confirmation38,2009,geometry_greedy,2009,2009,oracle_aabb,data34-2,deepocsort,True,2298
89.02774952852027,87.42384682332464,289,0,20,88.22215332787262,91.89691200371487,11,86.94516971279373,2009,5,9,0,True,5,0,True,20,confirmation38,2009,geometry_reid_greedy_guard,2009,2009,oracle_aabb,data34-2,deepocsort,True,2298
89.66421534396403,87.42384682332464,289,0,20,88.53694498775248,92.5470164847922,7,87.11923411662315,2009,9,5,0,True,5,0,True,20,confirmation38,2009,geometry_reid_hungarian,2009,2009,oracle_aabb,data34-2,deepocsort,True,2298
88.54957879442877,87.42384682332464,289,0,20,87.98491241567531,91.29324355700024,16,86.72758920800696,2009,0,0,0,True,5,0,True,20,confirmation38,2009,no_refinement,2009,2009,oracle_aabb,data34-2,deepocsort,True,2298
90.87485561044024,38.207136640556996,1420,0,16,58.924256681768824,53.589420654911834,24,37.1627502175805,878,0,0,0,True,5,0,True,44,confirmation38,878,aflink_cached_native_dedup,878,878,oracle_aabb,data34-2,ocsort,True,2298
90.87485561044024,38.207136640556996,1420,0,16,58.924256681768824,53.589420654911834,24,37.1627502175805,878,0,0,0,False,5,0,True,44,confirmation38,878,aflink_cached_native_saved,878,878,oracle_aabb,data34-2,ocsort,False,2298
90.87485561044024,38.207136640556996,1420,0,16,58.924256681768824,53.589420654911834,24,37.1627502175805,878,0,0,0,True,5,0,True,44,confirmation38,878,aflink_cached_no_dedup,878,878,oracle_aabb,data34-2,ocsort,True,2298
90.87485561044024,38.207136640556996,1420,0,16,58.924256681768824,53.589420654911834,24,37.1627502175805,878,0,0,0,True,5,0,True,44,confirmation38,878,aflink_cached_overlap_safe,878,878,oracle_aabb,data34-2,ocsort,True,2298
91.65685026237036,38.207136640556996,1420,0,16,59.177240574544,54.40806045340051,8,37.85900783289817,878,16,5,0,True,5,0,True,44,confirmation38,878,com3d_reciprocal_guard,878,878,oracle_aabb,data34-2,ocsort,True,2298
91.66896971665082,38.207136640556996,1420,0,16,59.18115284161978,54.47103274559194,7,37.90252393385553,878,17,4,0,True,5,0,True,44,confirmation38,878,controlled_cost_greedy,878,878,oracle_aabb,data34-2,ocsort,True,2298
91.6404959125506,38.207136640556996,1420,0,16,59.17196083567984,54.40806045340051,8,37.85900783289817,878,16,4,0,True,5,0,True,44,confirmation38,878,controlled_cost_reciprocal,878,878,oracle_aabb,data34-2,ocsort,True,2298
91.65943245790154,38.207136640556996,1420,0,16,59.17807415179163,54.030226700251895,6,37.94604003481288,878,16,11,0,True,5,0,True,44,confirmation38,878,geometry_greedy,878,878,oracle_aabb,data34-2,ocsort,True,2298
91.67721458510171,38.207136640556996,1420,0,16,59.18381421029441,54.47103274559194,6,37.94604003481288,878,17,4,0,True,5,0,True,44,confirmation38,878,geometry_reid_greedy_guard,878,878,oracle_aabb,data34-2,ocsort,True,2298
91.66896971665082,38.207136640556996,1420,0,16,59.18115284161978,54.47103274559194,7,37.90252393385553,878,17,4,0,True,5,0,True,44,confirmation38,878,geometry_reid_hungarian,878,878,oracle_aabb,data34-2,ocsort,True,2298
90.87485561044024,38.207136640556996,1420,0,16,58.924256681768824,53.589420654911834,24,37.1627502175805,878,0,0,0,True,5,0,True,44,confirmation38,878,no_refinement,878,878,oracle_aabb,data34-2,ocsort,True,2298
10.988044028023571,22.905437491308987,1865,5,353,15.810948032572064,13.145258103241297,491,9.052388289676424,731,0,0,0,True,6,0,True,266,confirmation38,736,aflink_cached_native_dedup,736,736,oracle_aabb,data34-3,bytetrack,True,2596
10.987817326608136,22.906993448088855,1865,5,353,15.811453859096464,13.145258103241297,491,9.052388289676424,731,0,0,0,False,6,0,True,266,confirmation38,736,aflink_cached_native_saved,736,736,oracle_aabb,data34-3,bytetrack,False,2596
10.988044028023571,22.905437491308987,1865,5,353,15.810948032572064,13.145258103241297,491,9.052388289676424,731,0,0,0,True,6,0,True,266,confirmation38,736,aflink_cached_no_dedup,736,736,oracle_aabb,data34-3,bytetrack,True,2596
10.988044028023571,22.905437491308987,1865,5,353,15.810948032572064,13.145258103241297,491,9.052388289676424,731,0,0,0,True,6,0,True,266,confirmation38,736,aflink_cached_overlap_safe,736,736,oracle_aabb,data34-3,bytetrack,True,2596
11.199348128456188,22.905437491308987,1865,5,353,15.969034713739488,13.565426170468186,470,9.861325115562405,731,0,5,76,True,6,0,True,266,confirmation38,736,com3d_reciprocal_guard,736,736,oracle_aabb,data34-3,bytetrack,True,2596
11.34911378939036,22.921028733203688,1865,5,353,16.08901995088267,14.165666266506602,442,10.939907550077042,731,0,17,131,True,6,0,True,266,confirmation38,736,controlled_cost_greedy,736,736,oracle_aabb,data34-3,bytetrack,True,2596
11.30319796235653,22.905437491308987,1865,5,353,16.04310528546958,13.925570228091235,462,10.16949152542373,731,0,7,72,True,6,0,True,266,confirmation38,736,controlled_cost_reciprocal,736,736,oracle_aabb,data34-3,bytetrack,True,2596
11.219147577622431,22.905437491308987,1865,5,353,15.989171942721212,13.62545018007203,445,10.824345146379045,731,0,13,136,True,6,0,True,266,confirmation38,736,geometry_greedy,736,736,oracle_aabb,data34-3,bytetrack,True,2596
11.53020151226252,22.905437491308987,1865,5,353,16.212808438490377,14.645858343337334,443,10.901386748844375,731,0,12,141,True,6,0,True,266,confirmation38,736,geometry_reid_greedy_guard,736,736,oracle_aabb,data34-3,bytetrack,True,2596
11.332541742583897,22.905437491308987,1865,5,353,16.06719740953837,14.105642256902762,453,10.51617873651772,731,0,11,117,True,6,0,True,266,confirmation38,736,geometry_reid_hungarian,736,736,oracle_aabb,data34-3,bytetrack,True,2596
10.988044028023571,22.905437491308987,1865,5,353,15.810948032572064,13.145258103241297,491,9.052388289676424,731,0,0,0,True,6,0,True,266,confirmation38,736,no_refinement,736,736,oracle_aabb,data34-3,bytetrack,True,2596
67.29901154607907,77.34728850296986,582,0,92,72.14841155983294,73.36225596529285,91,74.07550077041603,2014,1,4,0,True,6,0,True,143,confirmation38,2014,aflink_cached_native_dedup,2014,2014,oracle_aabb,data34-3,deepocsort,True,2596
67.29901154607907,77.34728850296986,582,0,92,72.14841155983294,73.36225596529285,91,74.07550077041603,2014,1,4,0,True,6,0,True,143,confirmation38,2014,aflink_cached_native_saved,2014,2014,oracle_aabb,data34-3,deepocsort,True,2596
67.29901154607907,77.34728850296986,582,0,92,72.14841155983294,73.36225596529285,91,74.07550077041603,2014,1,4,0,True,6,0,True,143,confirmation38,2014,aflink_cached_no_dedup,2014,2014,oracle_aabb,data34-3,deepocsort,True,2596
67.29901154607907,77.34728850296986,582,0,92,72.14841155983294,73.36225596529285,91,74.07550077041603,2014,1,4,0,True,6,0,True,143,confirmation38,2014,aflink_cached_overlap_safe,2014,2014,oracle_aabb,data34-3,deepocsort,True,2596
67.0473396258175,77.36166198485608,582,0,92,72.02007272869552,73.66594360086768,71,74.84591679506933,2014,21,23,0,True,6,0,True,143,confirmation38,2014,com3d_reciprocal_guard,2014,2014,oracle_aabb,data34-3,deepocsort,True,2596
68.87278116561562,77.31851386275373,582,0,92,72.97355650009845,75.09761388286334,58,75.346687211094,2014,35,34,0,True,6,0,True,143,confirmation38,2014,controlled_cost_greedy,2014,2014,oracle_aabb,data34-3,deepocsort,True,2596
69.57577899170911,77.44781996179293,582,0,92,73.40634663059232,75.96529284164859,58,75.346687211094,2014,33,19,0,True,6,0,True,143,confirmation38,2014,controlled_cost_reciprocal,2014,2014,oracle_aabb,data34-3,deepocsort,True,2596
66.3188586378296,77.36166198485608,582,0,92,71.62774925906676,73.44902386117137,66,75.03852080123266,2014,26,42,0,True,6,0,True,143,confirmation38,2014,geometry_greedy,2014,2014,oracle_aabb,data34-3,deepocsort,True,2596
70.56877226677398,77.44781996179293,582,0,92,73.92832091868486,76.1822125813449,53,75.53929121725731,2014,38,32,0,True,6,0,True,143,confirmation38,2014,geometry_reid_greedy_guard,2014,2014,oracle_aabb,data34-3,deepocsort,True,2596
69.38046621934977,77.44781996179293,582,0,92,73.30324114987064,75.22776572668113,53,75.53929121725731,2014,38,30,0,True,6,0,True,143,confirmation38,2014,geometry_reid_hungarian,2014,2014,oracle_aabb,data34-3,deepocsort,True,2596
67.50960364956215,77.34728850296986,582,0,92,72.26120670613466,73.27548806941432,92,74.03697996918336,2014,0,0,0,True,6,0,True,143,confirmation38,2014,no_refinement,2014,2014,oracle_aabb,data34-3,deepocsort,True,2596
16.99409475405755,11.248073959938369,2304,0,12,13.825730891198482,9.349030470914126,156,5.238828967642527,292,0,0,0,True,6,0,True,211,confirmation38,292,aflink_cached_native_dedup,292,292,oracle_aabb,data34-3,ocsort,True,2596
16.99409475405755,11.248073959938369,2304,0,12,13.825730891198482,9.349030470914126,156,5.238828967642527,292,0,0,0,True,6,0,True,211,confirmation38,292,aflink_cached_native_saved,292,292,oracle_aabb,data34-3,ocsort,True,2596
16.99409475405755,11.248073959938369,2304,0,12,13.825730891198482,9.349030470914126,156,5.238828967642527,292,0,0,0,True,6,0,True,211,confirmation38,292,aflink_cached_no_dedup,292,292,oracle_aabb,data34-3,ocsort,True,2596
16.99409475405755,11.248073959938369,2304,0,12,13.825730891198482,9.349030470914126,156,5.238828967642527,292,0,0,0,True,6,0,True,211,confirmation38,292,aflink_cached_overlap_safe,292,292,oracle_aabb,data34-3,ocsort,True,2596
18.411950610009686,11.248073959938369,2304,0,12,14.390934028343025,11.218836565096952,126,6.3944530046224966,292,29,48,0,True,6,0,True,211,confirmation38,292,com3d_reciprocal_guard,292,292,oracle_aabb,data34-3,ocsort,True,2596
21.386446472010327,11.248073959938369,2304,0,12,15.509878518461553,16.274238227146814,51,9.28351309707242,292,97,35,0,True,6,0,True,211,confirmation38,292,controlled_cost_greedy,292,292,oracle_aabb,data34-3,ocsort,True,2596
20.830721105868115,11.248073959938369,2304,0,12,15.307040590449011,15.166204986149584,68,8.628659476117104,292,82,20,0,True,6,0,True,211,confirmation38,292,controlled_cost_reciprocal,292,292,oracle_aabb,data34-3,ocsort,True,2596
18.274713504102674,11.248073959938369,2304,0,12,14.337200880605364,11.911357340720222,120,6.6255778120184905,292,32,97,0,True,6,0,True,211,confirmation38,292,geometry_greedy,292,292,oracle_aabb,data34-3,ocsort,True,2596
21.3750978664014,11.248073959938369,2304,0,12,15.50576285457132,15.997229916897506,61,8.898305084745763,292,94,37,0,True,6,0,True,211,confirmation38,292,geometry_reid_greedy_guard,292,292,oracle_aabb,data34-3,ocsort,True,2596
21.804614800419966,11.248073959938369,2304,0,12,15.660776479571197,17.03601108033241,41,9.668721109399076,292,108,25,0,True,6,0,True,211,confirmation38,292,geometry_reid_hungarian,292,292,oracle_aabb,data34-3,ocsort,True,2596
16.99409475405755,11.248073959938369,2304,0,12,13.825730891198482,9.349030470914126,156,5.238828967642527,292,0,0,0,True,6,0,True,211,confirmation38,292,no_refinement,292,292,oracle_aabb,data34-3,ocsort,True,2596
53.3366000204863,39.19645687651914,10340,12,1758,45.58795479102263,42.15574818814836,2471,33.34546210624805,8898,0,2,1,False,7,0,True,1208,confirmation38,8911,aflink_cached_native_dedup,8910,8910,oracle_aabb,data36-10,bytetrack,False,19238
53.34300028779681,39.195539433798686,10340,12,1758,45.58962565034205,42.15574818814836,2471,33.34546210624805,8898,0,2,1,False,7,0,True,1208,confirmation38,8911,aflink_cached_native_saved,8910,8910,oracle_aabb,data36-10,bytetrack,False,19238
53.331631393266655,39.20037314523675,10339,12,1758,45.587985442634185,42.15574818814836,2471,33.35066015178293,8899,0,2,1,True,7,1,False,1208,confirmation38,8911,aflink_cached_no_dedup,8911,8911,oracle_aabb,data36-10,bytetrack,False,19238
53.33229024003147,39.20037314523675,10339,12,1758,45.58826619209063,42.154250595047785,2471,33.35066015178293,8899,0,1,1,True,7,0,True,1208,confirmation38,8911,aflink_cached_overlap_safe,8911,8911,oracle_aabb,data36-10,bytetrack,True,19238
54.37093271711505,39.19566223126123,10339,12,1758,46.039660525942374,43.34079363387687,2279,34.348684894479675,8899,11,40,423,True,7,0,True,1208,confirmation38,8911,com3d_reciprocal_guard,8911,8911,oracle_aabb,data36-10,bytetrack,True,19238
54.46594607440668,39.1908674392725,10339,12,1758,46.080378408984785,43.39052897083378,2032,35.63260214159476,8899,16,148,756,True,7,0,True,1208,confirmation38,8911,controlled_cost_greedy,8911,8911,oracle_aabb,data36-10,bytetrack,True,19238
54.64445174151322,39.19214748944026,10339,12,1758,46.15613728699153,43.987353014316675,2176,34.8840835845722,8899,14,54,449,True,7,0,True,1208,confirmation38,8911,controlled_cost_reciprocal,8911,8911,oracle_aabb,data36-10,bytetrack,True,19238
54.28853838004342,39.19015219310629,10339,12,1758,46.00259711005541,43.14895733418594,2072,35.424680320199606,8899,12,128,769,True,7,0,True,1208,confirmation38,8911,geometry_greedy,8911,8911,oracle_aabb,data36-10,bytetrack,True,19238
54.578841320368596,39.1739345062737,10339,12,1758,46.11877931241951,43.511314789157694,2047,35.55463145857158,8899,18,159,767,True,7,0,True,1208,confirmation38,8911,geometry_reid_greedy_guard,8911,8911,oracle_aabb,data36-10,bytetrack,True,19238
54.59230094511975,39.181670595801734,10339,12,1758,46.1287866661945,44.03708835127358,2168,34.92566794885123,8899,14,109,713,True,7,0,True,1208,confirmation38,8911,geometry_reid_hungarian,8911,8911,oracle_aabb,data36-10,bytetrack,True,19238
54.22331667441509,39.20037314523675,10339,12,1758,45.9671542161213,42.62318377207006,2471,33.35066015178293,8899,0,0,0,True,7,0,True,1208,confirmation38,8911,no_refinement,8911,8911,oracle_aabb,data36-10,bytetrack,True,19238
76.79117150655902,88.013157816004,2290,0,315,82.21090742347947,82.65074890841761,274,86.67221124857053,16948,0,26,0,False,7,0,True,490,confirmation38,16949,aflink_cached_native_dedup,16948,16948,oracle_aabb,data36-10,deepocsort,False,19238
76.79117150655902,88.013157816004,2290,0,315,82.21090742347947,82.65074890841761,274,86.67221124857053,16948,0,26,0,False,7,0,True,490,confirmation38,16949,aflink_cached_native_saved,16948,16948,oracle_aabb,data36-10,deepocsort,False,19238
76.78731954508335,88.0183535590487,2289,0,315,82.21127199666455,82.65074890841761,274,86.67740929410542,16949,0,26,0,True,7,1,False,490,confirmation38,16949,aflink_cached_no_dedup,16949,16949,oracle_aabb,data36-10,deepocsort,False,19238
76.81400597334658,88.0183535590487,2289,0,315,82.22555648067346,82.64846491834084,274,86.67740929410542,16949,0,25,0,True,7,0,True,490,confirmation38,16949,aflink_cached_overlap_safe,16949,16949,oracle_aabb,data36-10,deepocsort,True,19238
76.64282583348607,88.00036133307071,2289,0,315,82.12549039237845,83.0629784176638,244,86.83335066015178,16949,27,108,0,True,7,0,True,490,confirmation38,16949,com3d_reciprocal_guard,16949,16949,oracle_aabb,data36-10,deepocsort,True,19238
75.09850019087774,88.00961428422963,2289,0,315,81.29815356611445,81.63152513333517,223,86.94250961638424,16949,49,161,0,True,7,0,True,490,confirmation38,16949,controlled_cost_greedy,16949,16949,oracle_aabb,data36-10,deepocsort,True,19238
77.35236441302477,88.00961428422963,2289,0,315,82.5090995940395,83.52170669024788,228,86.91651938870984,16949,44,93,0,True,7,0,True,490,confirmation38,16949,controlled_cost_reciprocal,16949,16949,oracle_aabb,data36-10,deepocsort,True,19238
74.84661752708293,87.99162387410793,2289,0,315,81.15340513776019,81.53204189349766,237,86.86973697889594,16949,32,180,0,True,7,0,True,490,confirmation38,16949,geometry_greedy,16949,16949,oracle_aabb,data36-10,deepocsort,True,19238
76.80350407342222,88.0183535590487,2289,0,315,82.21993526543491,82.59872329842209,197,87.07765880029109,16949,72,141,0,True,7,0,True,490,confirmation38,16949,geometry_reid_greedy_guard,16949,16949,oracle_aabb,data36-10,deepocsort,True,19238
75.68875720306568,88.00961428422963,2289,0,315,81.6170206698855,82.09578025257689,217,86.97369788959351,16949,56,155,0,True,7,0,True,490,confirmation38,16949,geometry_reid_hungarian,16949,16949,oracle_aabb,data36-10,deepocsort,True,19238
78.52456504766604,88.0183535590487,2289,0,315,83.13604951982377,83.77041478984165,275,86.67221124857053,16949,0,0,0,True,7,0,True,490,confirmation38,16949,no_refinement,16949,16949,oracle_aabb,data36-10,deepocsort,True,19238
83.37119551557541,29.337768998856433,13594,0,123,49.45629257429681,42.03842134876618,246,28.059049797276224,5644,0,1,0,True,7,0,True,394,confirmation38,5644,aflink_cached_native_dedup,5644,5644,oracle_aabb,data36-10,ocsort,True,19238
83.37119551557541,29.337768998856433,13594,0,123,49.45629257429681,42.03842134876618,246,28.059049797276224,5644,0,1,0,False,7,0,True,394,confirmation38,5644,aflink_cached_native_saved,5644,5644,oracle_aabb,data36-10,ocsort,False,19238
83.37119551557541,29.337768998856433,13594,0,123,49.45629257429681,42.03842134876618,246,28.059049797276224,5644,0,1,0,True,7,0,True,394,confirmation38,5644,aflink_cached_no_dedup,5644,5644,oracle_aabb,data36-10,ocsort,True,19238
83.37119551557541,29.337768998856433,13594,0,123,49.45629257429681,42.03842134876618,246,28.059049797276224,5644,0,1,0,True,7,0,True,394,confirmation38,5644,aflink_cached_overlap_safe,5644,5644,oracle_aabb,data36-10,ocsort,True,19238
84.2221647458929,29.337768998856433,13594,0,123,49.70805180148016,42.94670846394985,162,28.49568562220605,5644,83,65,0,True,7,0,True,394,confirmation38,5644,com3d_reciprocal_guard,5644,5644,oracle_aabb,data36-10,ocsort,True,19238
84.3496542557325,29.337768998856433,13594,0,123,49.74565982764816,43.12354312354312,119,28.719201580205844,5644,125,85,0,True,7,0,True,394,confirmation38,5644,controlled_cost_greedy,5644,5644,oracle_aabb,data36-10,ocsort,True,19238
84.32943665994344,29.337768998856433,13594,0,123,49.73969775273182,43.195884575194924,132,28.651626988252417,5644,112,45,0,True,7,0,True,394,confirmation38,5644,controlled_cost_reciprocal,5644,5644,oracle_aabb,data36-10,ocsort,True,19238
84.2425785848872,29.337768998856433,13594,0,123,49.71407557615278,42.90651876858773,147,28.573656305229235,5644,94,115,0,True,7,0,True,394,confirmation38,5644,geometry_greedy,5644,5644,oracle_aabb,data36-10,ocsort,True,19238
84.34401941082126,29.337768998856433,13594,0,123,49.7439982099322,43.07531548910859,126,28.68281526146169,5644,120,91,0,True,7,0,True,394,confirmation38,5644,geometry_reid_greedy_guard,5644,5644,oracle_aabb,data36-10,ocsort,True,19238
84.35374119629515,29.337768998856433,13594,0,123,49.74686496058045,43.131581062615545,120,28.71400353467096,5644,123,87,0,True,7,0,True,394,confirmation38,5644,geometry_reid_hungarian,5644,5644,oracle_aabb,data36-10,ocsort,True,19238
85.03111296929931,29.337768998856433,13594,0,123,49.9462025584425,42.65734265734265,246,28.059049797276224,5644,0,0,0,True,7,0,True,394,confirmation38,5644,no_refinement,5644,5644,oracle_aabb,data36-10,ocsort,True,19238
64.10577878222983,41.59309813122636,4689,2,561,51.54290532200331,48.742835307604125,982,36.158001350438894,4197,0,0,0,True,7,0,True,598,confirmation38,4199,aflink_cached_native_dedup,4199,4199,oracle_aabb,data36-11,bytetrack,True,8886
64.09464542834314,41.586638637189736,4689,2,561,51.534581738785775,48.742835307604125,982,36.158001350438894,4197,0,0,0,False,7,0,True,598,confirmation38,4199,aflink_cached_native_saved,4199,4199,oracle_aabb,data36-11,bytetrack,False,8886
64.10577878222983,41.59309813122636,4689,2,561,51.54290532200331,48.742835307604125,982,36.158001350438894,4197,0,0,0,True,7,0,True,598,confirmation38,4199,aflink_cached_no_dedup,4199,4199,oracle_aabb,data36-11,bytetrack,True,8886
64.10577878222983,41.59309813122636,4689,2,561,51.54290532200331,48.742835307604125,982,36.158001350438894,4197,0,0,0,True,7,0,True,598,confirmation38,4199,aflink_cached_overlap_safe,4199,4199,oracle_aabb,data36-11,bytetrack,True,8886
64.34705097595082,41.58419724271086,4689,2,561,51.637059074953065,49.461215131830336,893,37.15957686248031,4197,0,14,164,True,7,0,True,598,confirmation38,4199,com3d_reciprocal_guard,4199,4199,oracle_aabb,data36-11,bytetrack,True,8886
64.38311359970828,41.57208363409542,4689,2,561,51.644907077514254,49.828047382499044,830,37.86855728111636,4197,1,31,266,True,7,0,True,598,confirmation38,4199,controlled_cost_greedy,4199,4199,oracle_aabb,data36-11,bytetrack,True,8886
64.38636562899781,41.59271702372768,4689,2,561,51.658473781197415,49.70576996560948,874,37.37339635381499,4197,1,11,178,True,7,0,True,598,confirmation38,4199,controlled_cost_reciprocal,4199,4199,oracle_aabb,data36-11,bytetrack,True,8886
64.31954404243044,41.58419724271086,4689,2,561,51.626263539536424,49.5987772258311,843,37.72225973441368,4197,0,28,275,True,7,0,True,598,confirmation38,4199,geometry_greedy,4199,4199,oracle_aabb,data36-11,bytetrack,True,8886
64.45974823577598,41.582647759894584,4689,2,561,51.682653136426936,49.9961788307222,815,38.037362142696374,4197,1,32,276,True,7,0,True,598,confirmation38,4199,geometry_reid_greedy_guard,4199,4199,oracle_aabb,data36-11,bytetrack,True,8886
64.41331832851594,41.58419724271086,4689,2,561,51.66445905721084,49.828047382499044,865,37.474679270763,4197,1,26,244,True,7,0,True,598,confirmation38,4199,geometry_reid_hungarian,4199,4199,oracle_aabb,data36-11,bytetrack,True,8886
64.10577878222983,41.59309813122636,4689,2,561,51.54290532200331,48.742835307604125,982,36.158001350438894,4197,0,0,0,True,7,0,True,598,confirmation38,4199,no_refinement,4199,4199,oracle_aabb,data36-11,bytetrack,True,8886
90.68630618521061,93.2178642425006,599,0,55,91.94337258138674,93.72852733942817,50,92.69637632230476,8287,0,2,0,True,7,0,True,221,confirmation38,8287,aflink_cached_native_dedup,8287,8287,oracle_aabb,data36-11,deepocsort,True,8886
90.68630618521061,93.2178642425006,599,0,55,91.94337258138674,93.72852733942817,50,92.69637632230476,8287,0,2,0,False,7,0,True,221,confirmation38,8287,aflink_cached_native_saved,8287,8287,oracle_aabb,data36-11,deepocsort,False,8886
90.68630618521061,93.2178642425006,599,0,55,91.94337258138674,93.72852733942817,50,92.69637632230476,8287,0,2,0,True,7,0,True,221,confirmation38,8287,aflink_cached_no_dedup,8287,8287,oracle_aabb,data36-11,deepocsort,True,8886
90.68630618521061,93.2178642425006,599,0,55,91.94337258138674,93.72852733942817,50,92.69637632230476,8287,0,2,0,True,7,0,True,221,confirmation38,8287,aflink_cached_overlap_safe,8287,8287,oracle_aabb,data36-11,deepocsort,True,8886
90.98766196336197,93.2178642425006,599,0,55,92.0960124110822,93.99638968147673,43,92.77515192437542,8287,6,18,0,True,7,0,True,221,confirmation38,8287,com3d_reciprocal_guard,8287,8287,oracle_aabb,data36-11,deepocsort,True,8886
90.91109041710986,93.19841632664694,599,0,55,92.0476487172707,93.90322017119898,42,92.7864055818141,8287,7,20,0,True,7,0,True,221,confirmation38,8287,controlled_cost_greedy,8287,8287,oracle_aabb,data36-11,deepocsort,True,8886
90.99949298751906,93.19841632664694,599,0,55,92.09239172568724,93.9730973039073,42,92.7864055818141,8287,7,18,0,True,7,0,True,221,confirmation38,8287,controlled_cost_reciprocal,8287,8287,oracle_aabb,data36-11,deepocsort,True,8886
90.88978097789784,93.2178642425006,599,0,55,92.04646242948013,93.91486635998369,44,92.76389826693675,8287,5,23,0,True,7,0,True,221,confirmation38,8287,geometry_greedy,8287,8287,oracle_aabb,data36-11,deepocsort,True,8886
90.48359347807559,93.2178642425006,599,0,55,91.84055376775639,93.67029639550456,41,92.79765923925277,8287,8,20,0,True,7,0,True,221,confirmation38,8287,geometry_reid_greedy_guard,8287,8287,oracle_aabb,data36-11,deepocsort,True,8886
90.7535530359131,93.19841632664694,599,0,55,91.96786069198649,93.8566354160601,43,92.77515192437542,8287,6,22,0,True,7,0,True,221,confirmation38,8287,geometry_reid_hungarian,8287,8287,oracle_aabb,data36-11,deepocsort,True,8886
91.0861042547879,93.2178642425006,599,0,55,92.14581967256808,93.98474349269202,50,92.69637632230476,8287,0,0,0,True,7,0,True,221,confirmation38,8287,no_refinement,8287,8287,oracle_aabb,data36-11,deepocsort,True,8886
82.1228152318072,36.84447445419761,5612,0,37,55.0070174424601,49.29276315789474,268,33.828494260634706,3274,0,0,0,True,7,0,True,414,confirmation38,3274,aflink_cached_native_dedup,3274,3274,oracle_aabb,data36-11,ocsort,True,8886
82.1228152318072,36.84447445419761,5612,0,37,55.0070174424601,49.29276315789474,268,33.828494260634706,3274,0,0,0,False,7,0,True,414,confirmation38,3274,aflink_cached_native_saved,3274,3274,oracle_aabb,data36-11,ocsort,False,8886
82.1228152318072,36.84447445419761,5612,0,37,55.0070174424601,49.29276315789474,268,33.828494260634706,3274,0,0,0,True,7,0,True,414,confirmation38,3274,aflink_cached_no_dedup,3274,3274,oracle_aabb,data36-11,ocsort,True,8886
82.1228152318072,36.84447445419761,5612,0,37,55.0070174424601,49.29276315789474,268,33.828494260634706,3274,0,0,0,True,7,0,True,414,confirmation38,3274,aflink_cached_overlap_safe,3274,3274,oracle_aabb,data36-11,ocsort,True,8886
82.68948424529529,36.84447445419761,5612,0,37,55.196472621958,50.36184210526316,194,34.661264911096104,3274,73,69,0,True,7,0,True,414,confirmation38,3274,com3d_reciprocal_guard,3274,3274,oracle_aabb,data36-11,ocsort,True,8886
83.20014578812439,36.84447445419761,5612,0,37,55.36664741589531,52.02302631578948,93,35.79788431240153,3274,169,62,0,True,7,0,True,414,confirmation38,3274,controlled_cost_greedy,3274,3274,oracle_aabb,data36-11,ocsort,True,8886
83.06574038548658,36.84447445419761,5612,0,37,55.32190840573084,51.64473684210527,113,35.57281116362818,3274,151,34,0,True,7,0,True,414,confirmation38,3274,controlled_cost_reciprocal,3274,3274,oracle_aabb,data36-11,ocsort,True,8886
82.76337052964094,36.82340550057707,5612,0,37,55.205334319044994,50.70723684210526,178,34.84132343011479,3274,85,133,0,True,7,0,True,414,confirmation38,3274,geometry_greedy,3274,3274,oracle_aabb,data36-11,ocsort,True,8886
83.24954993808667,36.84447445419761,5612,0,37,55.38308330182856,52.13815789473685,85,35.88791357191087,3274,185,45,0,True,7,0,True,414,confirmation38,3274,geometry_reid_greedy_guard,3274,3274,oracle_aabb,data36-11,ocsort,True,8886
83.28273212271854,36.84447445419761,5612,0,37,55.394119689469626,52.30263157894737,67,36.09047940580689,3274,193,39,0,True,7,0,True,414,confirmation38,3274,geometry_reid_hungarian,3274,3274,oracle_aabb,data36-11,ocsort,True,8886
82.1228152318072,36.84447445419761,5612,0,37,55.0070174424601,49.29276315789474,268,33.828494260634706,3274,0,0,0,True,7,0,True,414,confirmation38,3274,no_refinement,3274,3274,oracle_aabb,data36-11,ocsort,True,8886
64.71339620625854,64.67410296719775,978,22,82,64.62011324423142,70.27588252743993,146,70.22603273577552,2871,0,0,0,True,7,0,True,154,confirmation38,2893,aflink_cached_native_dedup,2893,2893,oracle_aabb,data36-12,bytetrack,True,3849
64.7125959607321,64.67174556373786,978,22,82,64.61856477803161,70.27588252743993,146,70.22603273577552,2871,0,0,0,False,7,0,True,154,confirmation38,2893,aflink_cached_native_saved,2893,2893,oracle_aabb,data36-12,bytetrack,False,3849
64.71339620625854,64.67410296719775,978,22,82,64.62011324423142,70.27588252743993,146,70.22603273577552,2871,0,0,0,True,7,0,True,154,confirmation38,2893,aflink_cached_no_dedup,2893,2893,oracle_aabb,data36-12,bytetrack,True,3849
64.71339620625854,64.67410296719775,978,22,82,64.62011324423142,70.27588252743993,146,70.22603273577552,2871,0,0,0,True,7,0,True,154,confirmation38,2893,aflink_cached_overlap_safe,2893,2893,oracle_aabb,data36-12,bytetrack,True,3849
64.91363706420773,64.67410296719775,978,22,82,64.72234876175239,71.1954909522397,107,71.23928293063133,2871,1,2,54,True,7,0,True,154,confirmation38,2893,com3d_reciprocal_guard,2893,2893,oracle_aabb,data36-12,bytetrack,True,3849
64.96764776892996,64.67410296719775,978,22,82,64.74970038101843,71.1954909522397,89,71.70693686671864,2871,1,2,66,True,7,0,True,154,confirmation38,2893,controlled_cost_greedy,2893,2893,oracle_aabb,data36-12,bytetrack,True,3849
64.95033226944717,64.67410296719775,978,22,82,64.7408657710162,71.25482052803322,105,71.29124447908548,2871,1,2,52,True,7,0,True,154,confirmation38,2893,controlled_cost_reciprocal,2893,2893,oracle_aabb,data36-12,bytetrack,True,3849
64.92086407732349,64.67410296719775,978,22,82,64.72596889276247,71.22515574013646,96,71.52507144712914,2871,1,2,66,True,7,0,True,154,confirmation38,2893,geometry_greedy,2893,2893,oracle_aabb,data36-12,bytetrack,True,3849
65.1123745881732,64.67410296719775,978,22,82,64.82327447319554,71.52180361910412,94,71.57703299558327,2871,2,3,63,True,7,0,True,154,confirmation38,2893,geometry_reid_greedy_guard,2893,2893,oracle_aabb,data36-12,bytetrack,True,3849
64.96578633046306,64.67410296719775,978,22,82,64.74878559338416,71.31415010382676,104,71.31722525331254,2871,1,3,60,True,7,0,True,154,confirmation38,2893,geometry_reid_hungarian,2893,2893,oracle_aabb,data36-12,bytetrack,True,3849
64.71339620625854,64.67410296719775,978,22,82,64.62011324423142,70.27588252743993,146,70.22603273577552,2871,0,0,0,True,7,0,True,154,confirmation38,2893,no_refinement,2893,2893,oracle_aabb,data36-12,bytetrack,True,3849
91.6354961481663,91.7381137957911,318,0,23,91.6867906155203,93.82113821138212,15,91.34840218238503,3531,0,0,0,True,7,0,True,59,confirmation38,3531,aflink_cached_native_dedup,3531,3531,oracle_aabb,data36-12,deepocsort,True,3849
91.6354961481663,91.7381137957911,318,0,23,91.6867906155203,93.82113821138212,15,91.34840218238503,3531,0,0,0,False,7,0,True,59,confirmation38,3531,aflink_cached_native_saved,3531,3531,oracle_aabb,data36-12,deepocsort,False,3849
91.6354961481663,91.7381137957911,318,0,23,91.6867906155203,93.82113821138212,15,91.34840218238503,3531,0,0,0,True,7,0,True,59,confirmation38,3531,aflink_cached_no_dedup,3531,3531,oracle_aabb,data36-12,deepocsort,True,3849
91.6354961481663,91.7381137957911,318,0,23,91.6867906155203,93.82113821138212,15,91.34840218238503,3531,0,0,0,True,7,0,True,59,confirmation38,3531,aflink_cached_overlap_safe,3531,3531,oracle_aabb,data36-12,deepocsort,True,3849
92.4603303976432,91.69617517896634,318,0,23,92.07746002080317,94.74254742547426,10,91.4783060535204,3531,5,1,0,True,7,0,True,59,confirmation38,3531,com3d_reciprocal_guard,3531,3531,oracle_aabb,data36-12,deepocsort,True,3849
92.5366910671387,91.69617517896634,318,0,23,92.11547440656747,94.8780487804878,8,91.53026760197453,3531,7,1,0,True,7,0,True,59,confirmation38,3531,controlled_cost_greedy,3531,3531,oracle_aabb,data36-12,deepocsort,True,3849
92.5366910671387,91.69617517896634,318,0,23,92.11547440656747,94.8780487804878,8,91.53026760197453,3531,7,1,0,True,7,0,True,59,confirmation38,3531,controlled_cost_reciprocal,3531,3531,oracle_aabb,data36-12,deepocsort,True,3849
92.33219730212981,91.69617517896634,318,0,23,92.01363664813292,94.74254742547426,9,91.50428682774748,3531,5,3,0,True,7,0,True,59,confirmation38,3531,geometry_greedy,3531,3531,oracle_aabb,data36-12,deepocsort,True,3849
92.53534328929615,91.69617517896634,318,0,23,92.11480358267575,94.8780487804878,8,91.53026760197453,3531,7,1,0,True,7,0,True,59,confirmation38,3531,geometry_reid_greedy_guard,3531,3531,oracle_aabb,data36-12,deepocsort,True,3849
92.5366910671387,91.69617517896634,318,0,23,92.11547440656747,94.8780487804878,8,91.53026760197453,3531,7,1,0,True,7,0,True,59,confirmation38,3531,geometry_reid_hungarian,3531,3531,oracle_aabb,data36-12,deepocsort,True,3849
91.6354961481663,91.7381137957911,318,0,23,91.6867906155203,93.82113821138212,15,91.34840218238503,3531,0,0,0,True,7,0,True,59,confirmation38,3531,no_refinement,3531,3531,oracle_aabb,data36-12,deepocsort,True,3849
73.95279522154323,68.35541699142634,1218,0,33,71.09904468451141,71.48148148148148,77,66.3548973759418,2631,0,0,0,True,7,0,True,104,confirmation38,2631,aflink_cached_native_dedup,2631,2631,oracle_aabb,data36-12,ocsort,True,3849
73.95279522154323,68.35541699142634,1218,0,33,71.09904468451141,71.48148148148148,77,66.3548973759418,2631,0,0,0,False,7,0,True,104,confirmation38,2631,aflink_cached_native_saved,2631,2631,oracle_aabb,data36-12,ocsort,False,3849
73.95279522154323,68.35541699142634,1218,0,33,71.09904468451141,71.48148148148148,77,66.3548973759418,2631,0,0,0,True,7,0,True,104,confirmation38,2631,aflink_cached_no_dedup,2631,2631,oracle_aabb,data36-12,ocsort,True,3849
73.95279522154323,68.35541699142634,1218,0,33,71.09904468451141,71.48148148148148,77,66.3548973759418,2631,0,0,0,True,7,0,True,104,confirmation38,2631,aflink_cached_overlap_safe,2631,2631,oracle_aabb,data36-12,ocsort,True,3849
74.51118991039448,68.35541699142634,1218,0,33,71.36696334335917,72.12962962962963,52,67.0044167316186,2631,25,9,0,True,7,0,True,104,confirmation38,2631,com3d_reciprocal_guard,2631,2631,oracle_aabb,data36-12,ocsort,True,3849
74.53518658880587,68.35541699142634,1218,0,33,71.37845445098675,72.34567901234567,43,67.23824369966225,2631,34,5,0,True,7,0,True,104,confirmation38,2631,controlled_cost_greedy,2631,2631,oracle_aabb,data36-12,ocsort,True,3849
74.53655099153856,68.35541699142634,1218,0,33,71.37910775660711,72.34567901234567,43,67.23824369966225,2631,34,4,0,True,7,0,True,104,confirmation38,2631,controlled_cost_reciprocal,2631,2631,oracle_aabb,data36-12,ocsort,True,3849
74.5019380825886,68.35541699142634,1218,0,33,71.36253249643522,72.12962962962963,55,66.92647440893738,2631,22,16,0,True,7,0,True,104,confirmation38,2631,geometry_greedy,2631,2631,oracle_aabb,data36-12,ocsort,True,3849
74.53738634015042,68.35541699142634,1218,0,33,71.37950773668888,72.34567901234567,44,67.21226292543517,2631,34,4,0,True,7,0,True,104,confirmation38,2631,geometry_reid_greedy_guard,2631,2631,oracle_aabb,data36-12,ocsort,True,3849
74.53518658880587,68.35541699142634,1218,0,33,71.37845445098675,72.34567901234567,43,67.23824369966225,2631,34,5,0,True,7,0,True,104,confirmation38,2631,geometry_reid_hungarian,2631,2631,oracle_aabb,data36-12,ocsort,True,3849
73.95279522154323,68.35541699142634,1218,0,33,71.09904468451141,71.48148148148148,77,66.3548973759418,2631,0,0,0,True,7,0,True,104,confirmation38,2631,no_refinement,2631,2631,oracle_aabb,data36-12,ocsort,True,3849
63.23891569919052,69.08184538433294,304,3,57,66.06050992984173,75.60601411475912,94,77.47191011235955,1476,0,0,0,True,6,0,True,72,confirmation38,1479,aflink_cached_native_dedup,1479,1479,oracle_aabb,data36-13,bytetrack,True,1780
63.24710050680351,69.08623167899121,304,3,57,66.0667851791143,75.60601411475912,94,77.47191011235955,1476,0,0,0,False,6,0,True,72,confirmation38,1479,aflink_cached_native_saved,1479,1479,oracle_aabb,data36-13,bytetrack,False,1780
63.23891569919052,69.08184538433294,304,3,57,66.06050992984173,75.60601411475912,94,77.47191011235955,1476,0,0,0,True,6,0,True,72,confirmation38,1479,aflink_cached_no_dedup,1479,1479,oracle_aabb,data36-13,bytetrack,True,1780
63.23891569919052,69.08184538433294,304,3,57,66.06050992984173,75.60601411475912,94,77.47191011235955,1476,0,0,0,True,6,0,True,72,confirmation38,1479,aflink_cached_overlap_safe,1479,1479,oracle_aabb,data36-13,bytetrack,True,1780
65.03335365262075,68.96844909832137,304,3,57,66.94603967564517,78.49033445842282,76,78.48314606741573,1476,3,3,20,True,6,0,True,72,confirmation38,1479,com3d_reciprocal_guard,1479,1479,oracle_aabb,data36-13,bytetrack,True,1780
67.13111451457382,68.96844909832137,304,3,57,68.01919227640859,80.76096962258362,55,79.66292134831461,1476,5,2,29,True,6,0,True,72,confirmation38,1479,controlled_cost_greedy,1479,1479,oracle_aabb,data36-13,bytetrack,True,1780
66.42572350978536,68.96844909832137,304,3,57,67.65802548405362,79.28812519177661,71,78.76404494382022,1476,5,1,21,True,6,0,True,72,confirmation38,1479,controlled_cost_reciprocal,1479,1479,oracle_aabb,data36-13,bytetrack,True,1780
65.78381924032075,68.96844909832137,304,3,57,67.33437438484845,80.02454740718011,59,79.43820224719101,1476,3,4,29,True,6,0,True,72,confirmation38,1479,geometry_greedy,1479,1479,oracle_aabb,data36-13,bytetrack,True,1780
67.17139963188217,68.96844909832137,304,3,57,68.03971451567269,80.8837066584842,54,79.71910112359551,1476,5,2,28,True,6,0,True,72,confirmation38,1479,geometry_reid_greedy_guard,1479,1479,oracle_aabb,data36-13,bytetrack,True,1780
66.64864241343129,68.96844909832137,304,3,57,67.77272918404765,79.77907333537895,72,78.70786516853933,1476,5,1,22,True,6,0,True,72,confirmation38,1479,geometry_reid_hungarian,1479,1479,oracle_aabb,data36-13,bytetrack,True,1780
63.23891569919052,69.08184538433294,304,3,57,66.06050992984173,75.60601411475912,94,77.47191011235955,1476,0,0,0,True,6,0,True,72,confirmation38,1479,no_refinement,1479,1479,oracle_aabb,data36-13,bytetrack,True,1780
84.26350696323267,91.57303370786518,150,0,21,87.84227321447823,88.32844574780059,20,90.4494382022472,1630,0,1,0,True,6,0,True,19,confirmation38,1630,aflink_cached_native_dedup,1630,1630,oracle_aabb,data36-13,deepocsort,True,1780
84.26350696323267,91.57303370786518,150,0,21,87.84227321447823,88.32844574780059,20,90.4494382022472,1630,0,1,0,False,6,0,True,19,confirmation38,1630,aflink_cached_native_saved,1630,1630,oracle_aabb,data36-13,deepocsort,False,1780
84.26350696323267,91.57303370786518,150,0,21,87.84227321447823,88.32844574780059,20,90.4494382022472,1630,0,1,0,True,6,0,True,19,confirmation38,1630,aflink_cached_no_dedup,1630,1630,oracle_aabb,data36-13,deepocsort,True,1780
84.26350696323267,91.57303370786518,150,0,21,87.84227321447823,88.32844574780059,20,90.4494382022472,1630,0,1,0,True,6,0,True,19,confirmation38,1630,aflink_cached_overlap_safe,1630,1630,oracle_aabb,data36-13,deepocsort,True,1780
86.45394302970789,91.57303370786518,150,0,21,88.97668143529124,90.14662756598241,16,90.67415730337078,1630,4,1,0,True,6,0,True,19,confirmation38,1630,com3d_reciprocal_guard,1630,1630,oracle_aabb,data36-13,deepocsort,True,1780
86.7867138355449,91.57303370786518,150,0,21,89.14775752343522,90.6158357771261,15,90.73033707865169,1630,5,2,0,True,6,0,True,19,confirmation38,1630,controlled_cost_greedy,1630,1630,oracle_aabb,data36-13,deepocsort,True,1780
87.08660772183237,91.57303370786518,150,0,21,89.30165096130634,90.55718475073313,16,90.67415730337078,1630,4,1,0,True,6,0,True,19,confirmation38,1630,controlled_cost_reciprocal,1630,1630,oracle_aabb,data36-13,deepocsort,True,1780
86.15453840634156,91.57303370786518,150,0,21,88.82247716411356,90.14662756598241,16,90.67415730337078,1630,4,3,0,True,6,0,True,19,confirmation38,1630,geometry_greedy,1630,1630,oracle_aabb,data36-13,deepocsort,True,1780
87.49381182616271,91.57303370786518,150,0,21,89.51018813289808,90.85043988269794,14,90.78651685393258,1630,6,1,0,True,6,0,True,19,confirmation38,1630,geometry_reid_greedy_guard,1630,1630,oracle_aabb,data36-13,deepocsort,True,1780
86.7867138355449,91.57303370786518,150,0,21,89.14775752343522,90.6158357771261,15,90.73033707865169,1630,5,2,0,True,6,0,True,19,confirmation38,1630,geometry_reid_hungarian,1630,1630,oracle_aabb,data36-13,deepocsort,True,1780
84.668368298351,91.57303370786518,150,0,21,88.05304846610842,88.32844574780059,20,90.4494382022472,1630,0,0,0,True,6,0,True,19,confirmation38,1630,no_refinement,1630,1630,oracle_aabb,data36-13,deepocsort,True,1780
79.2029197446619,73.25842696629212,476,0,22,76.17270713077889,75.74578469520104,43,70.84269662921349,1304,0,0,0,True,6,0,True,48,confirmation38,1304,aflink_cached_native_dedup,1304,1304,oracle_aabb,data36-13,ocsort,True,1780
79.2029197446619,73.25842696629212,476,0,22,76.17270713077889,75.74578469520104,43,70.84269662921349,1304,0,0,0,False,6,0,True,48,confirmation38,1304,aflink_cached_native_saved,1304,1304,oracle_aabb,data36-13,ocsort,False,1780
79.2029197446619,73.25842696629212,476,0,22,76.17270713077889,75.74578469520104,43,70.84269662921349,1304,0,0,0,True,6,0,True,48,confirmation38,1304,aflink_cached_no_dedup,1304,1304,oracle_aabb,data36-13,ocsort,True,1780
79.2029197446619,73.25842696629212,476,0,22,76.17270713077889,75.74578469520104,43,70.84269662921349,1304,0,0,0,True,6,0,True,48,confirmation38,1304,aflink_cached_overlap_safe,1304,1304,oracle_aabb,data36-13,ocsort,True,1780
79.34811813627734,73.25842696629212,476,0,22,76.24249679410553,76.32944228274967,30,71.57303370786516,1304,12,5,0,True,6,0,True,48,confirmation38,1304,com3d_reciprocal_guard,1304,1304,oracle_aabb,data36-13,ocsort,True,1780
79.37597274344834,73.25842696629212,476,0,22,76.2558778200363,76.58884565499352,25,71.85393258426967,1304,17,3,0,True,6,0,True,48,confirmation38,1304,controlled_cost_greedy,1304,1304,oracle_aabb,data36-13,ocsort,True,1780
79.37017147167896,73.25842696629212,476,0,22,76.25309115085159,76.52399481193255,26,71.79775280898878,1304,16,2,0,True,6,0,True,48,confirmation38,1304,controlled_cost_reciprocal,1304,1304,oracle_aabb,data36-13,ocsort,True,1780
79.35075610918754,73.25842696629212,476,0,22,76.24376414596131,76.39429312581063,30,71.57303370786516,1304,12,8,0,True,6,0,True,48,confirmation38,1304,geometry_greedy,1304,1304,oracle_aabb,data36-13,ocsort,True,1780
79.37597274344834,73.25842696629212,476,0,22,76.2558778200363,76.58884565499352,25,71.85393258426967,1304,17,3,0,True,6,0,True,48,confirmation38,1304,geometry_reid_greedy_guard,1304,1304,oracle_aabb,data36-13,ocsort,True,1780
79.37597274344834,73.25842696629212,476,0,22,76.2558778200363,76.58884565499352,25,71.85393258426967,1304,17,3,0,True,6,0,True,48,confirmation38,1304,geometry_reid_hungarian,1304,1304,oracle_aabb,data36-13,ocsort,True,1780
79.2029197446619,73.25842696629212,476,0,22,76.17270713077889,75.74578469520104,43,70.84269662921349,1304,0,0,0,True,6,0,True,48,confirmation38,1304,no_refinement,1304,1304,oracle_aabb,data36-13,ocsort,True,1780
48.68347617223731,47.997802136427694,5514,14,1059,48.10674794756664,48.320388349514566,1227,48.23754789272031,7536,3,3,0,True,8,0,True,1019,confirmation38,7550,aflink_cached_native_dedup,7550,7550,oracle_aabb,data36-4,bytetrack,True,13050
48.68473100409195,47.99497146265117,5514,14,1059,48.10561887696066,48.320388349514566,1227,48.23754789272031,7536,3,3,0,False,8,0,True,1019,confirmation38,7550,aflink_cached_native_saved,7550,7550,oracle_aabb,data36-4,bytetrack,False,13050
48.68347617223731,47.997802136427694,5514,14,1059,48.10674794756664,48.320388349514566,1227,48.23754789272031,7536,3,3,0,True,8,0,True,1019,confirmation38,7550,aflink_cached_no_dedup,7550,7550,oracle_aabb,data36-4,bytetrack,True,13050
48.68347617223731,47.997802136427694,5514,14,1059,48.10674794756664,48.320388349514566,1227,48.23754789272031,7536,3,3,0,True,8,0,True,1019,confirmation38,7550,aflink_cached_overlap_safe,7550,7550,oracle_aabb,data36-4,bytetrack,True,13050
51.584934448712914,47.982967183836884,5514,14,1059,49.54521352661141,51.932038834951456,964,50.252873563218394,7536,19,8,387,True,8,0,True,1019,confirmation38,7550,com3d_reciprocal_guard,7550,7550,oracle_aabb,data36-4,bytetrack,True,13050
52.636656930474714,47.965836092840064,5514,14,1059,50.055376772262626,54.95145631067962,699,52.28352490421456,7536,23,12,643,True,8,0,True,1019,confirmation38,7550,controlled_cost_greedy,7550,7550,oracle_aabb,data36-4,bytetrack,True,13050
52.29173549064875,47.97112865222834,5514,14,1059,49.88808117680962,53.699029126213595,844,51.172413793103445,7536,22,6,457,True,8,0,True,1019,confirmation38,7550,controlled_cost_reciprocal,7550,7550,oracle_aabb,data36-4,bytetrack,True,13050
52.09171445338616,47.96494106012716,5514,14,1059,49.786615357346996,53.85436893203883,780,51.662835249042146,7536,20,13,646,True,8,0,True,1019,confirmation38,7550,geometry_greedy,7550,7550,oracle_aabb,data36-4,bytetrack,True,13050
52.89552709775327,47.93980627524467,5514,14,1059,50.16664843009636,55.49514563106796,719,52.13026819923372,7536,27,9,650,True,8,0,True,1019,confirmation38,7550,geometry_reid_greedy_guard,7550,7550,oracle_aabb,data36-4,bytetrack,True,13050
52.39243765337167,47.97545847949401,5514,14,1059,49.93957355854892,54.15533980582524,821,51.34865900383142,7536,24,9,606,True,8,0,True,1019,confirmation38,7550,geometry_reid_hungarian,7550,7550,oracle_aabb,data36-4,bytetrack,True,13050
48.32730489255678,47.997802136427694,5514,14,1059,47.929441053642044,47.80582524271845,1231,48.206896551724135,7536,0,0,0,True,8,0,True,1019,confirmation38,7550,no_refinement,7550,7550,oracle_aabb,data36-4,bytetrack,True,13050
84.100276935227,89.61999507960533,1350,0,146,86.81627953458585,88.20202020202021,95,88.9272030651341,11700,5,6,0,True,8,0,True,185,confirmation38,11700,aflink_cached_native_dedup,11700,11700,oracle_aabb,data36-4,deepocsort,True,13050
84.100276935227,89.61999507960533,1350,0,146,86.81627953458585,88.20202020202021,95,88.9272030651341,11700,5,6,0,False,8,0,True,185,confirmation38,11700,aflink_cached_native_saved,11700,11700,oracle_aabb,data36-4,deepocsort,False,13050
84.100276935227,89.61999507960533,1350,0,146,86.81627953458585,88.20202020202021,95,88.9272030651341,11700,5,6,0,True,8,0,True,185,confirmation38,11700,aflink_cached_no_dedup,11700,11700,oracle_aabb,data36-4,deepocsort,True,13050
84.100276935227,89.61999507960533,1350,0,146,86.81627953458585,88.20202020202021,95,88.9272030651341,11700,5,6,0,True,8,0,True,185,confirmation38,11700,aflink_cached_overlap_safe,11700,11700,oracle_aabb,data36-4,deepocsort,True,13050
84.99452265910769,89.61999507960533,1350,0,146,87.27662170712416,89.24444444444445,66,89.14942528735632,11700,33,19,0,True,8,0,True,185,confirmation38,11700,com3d_reciprocal_guard,11700,11700,oracle_aabb,data36-4,deepocsort,True,13050
85.92517556120099,89.63299386268639,1350,0,146,87.75950508853076,89.89090909090909,54,89.24137931034483,11700,44,22,0,True,8,0,True,185,confirmation38,11700,controlled_cost_greedy,11700,11700,oracle_aabb,data36-4,deepocsort,True,13050
85.97602332307869,89.63299386268639,1350,0,146,87.78546787769905,89.87474747474748,57,89.2183908045977,11700,41,15,0,True,8,0,True,185,confirmation38,11700,controlled_cost_reciprocal,11700,11700,oracle_aabb,data36-4,deepocsort,True,13050
85.55440701913271,89.61999507960533,1350,0,146,87.5636084740407,89.63232323232323,58,89.21072796934865,11700,41,25,0,True,8,0,True,185,confirmation38,11700,geometry_greedy,11700,11700,oracle_aabb,data36-4,deepocsort,True,13050
85.96821920182973,89.63299386268639,1350,0,146,87.78148360420546,89.9070707070707,52,89.25670498084291,11700,46,21,0,True,8,0,True,185,confirmation38,11700,geometry_reid_greedy_guard,11700,11700,oracle_aabb,data36-4,deepocsort,True,13050
85.84371779024892,89.63299386268639,1350,0,146,87.71789685981408,89.78585858585859,54,89.24137931034483,11700,42,24,0,True,8,0,True,185,confirmation38,11700,geometry_reid_hungarian,11700,11700,oracle_aabb,data36-4,deepocsort,True,13050
82.84436327124067,89.61999507960533,1350,0,146,86.16560460391342,86.88484848484849,99,88.89655172413794,11700,0,0,0,True,8,0,True,185,confirmation38,11700,no_refinement,11700,11700,oracle_aabb,data36-4,deepocsort,True,13050
53.6450939582612,40.73138481679127,7723,0,255,46.744398885619674,42.25934592153235,335,38.252873563218394,5327,5,3,0,True,8,0,True,431,confirmation38,5327,aflink_cached_native_dedup,5327,5327,oracle_aabb,data36-4,ocsort,True,13050
53.6450939582612,40.73138481679127,7723,0,255,46.744398885619674,42.25934592153235,335,38.252873563218394,5327,5,3,0,False,8,0,True,431,confirmation38,5327,aflink_cached_native_saved,5327,5327,oracle_aabb,data36-4,ocsort,False,13050
53.6450939582612,40.73138481679127,7723,0,255,46.744398885619674,42.25934592153235,335,38.252873563218394,5327,5,3,0,True,8,0,True,431,confirmation38,5327,aflink_cached_no_dedup,5327,5327,oracle_aabb,data36-4,ocsort,True,13050
53.6450939582612,40.73138481679127,7723,0,255,46.744398885619674,42.25934592153235,335,38.252873563218394,5327,5,3,0,True,8,0,True,431,confirmation38,5327,aflink_cached_overlap_safe,5327,5327,oracle_aabb,data36-4,ocsort,True,13050
53.52406279458531,40.763155185284745,7723,0,255,46.70984263099747,43.260597485987915,237,39.003831417624525,5327,97,63,0,True,8,0,True,431,confirmation38,5327,com3d_reciprocal_guard,5327,5327,oracle_aabb,data36-4,ocsort,True,13050
53.99707538311004,40.763155185284745,7723,0,255,46.9157851052469,44.08771834358165,189,39.371647509578544,5327,143,62,0,True,8,0,True,431,confirmation38,5327,controlled_cost_greedy,5327,5327,oracle_aabb,data36-4,ocsort,True,13050
53.733851496756266,40.763155185284745,7723,0,255,46.80129326795711,43.81563911411003,199,39.29501915708812,5327,135,44,0,True,8,0,True,431,confirmation38,5327,controlled_cost_reciprocal,5327,5327,oracle_aabb,data36-4,ocsort,True,13050
53.49965826228017,40.763155185284745,7723,0,255,46.69919263181356,43.510910377101816,220,39.13409961685824,5327,111,100,0,True,8,0,True,431,confirmation38,5327,geometry_greedy,5327,5327,oracle_aabb,data36-4,ocsort,True,13050
54.00484458495159,40.763155185284745,7723,0,255,46.91916015179558,43.848288621646624,182,39.42528735632184,5327,150,57,0,True,8,0,True,431,confirmation38,5327,geometry_reid_greedy_guard,5327,5327,oracle_aabb,data36-4,ocsort,True,13050
53.88882762296047,40.763155185284745,7723,0,255,46.868735528177666,43.978886651793005,185,39.40229885057471,5327,146,57,0,True,8,0,True,431,confirmation38,5327,geometry_reid_hungarian,5327,5327,oracle_aabb,data36-4,ocsort,True,13050
52.728972359560856,40.772234519007796,7723,0,255,46.36677514175057,41.33427654132883,339,38.22222222222222,5327,0,0,0,True,8,0,True,431,confirmation38,5327,no_refinement,5327,5327,oracle_aabb,data36-4,ocsort,True,13050
70.66453645485487,61.492007400470946,2195,3,412,65.8671575041288,71.29547471162378,503,65.62738610333419,5663,1,0,0,True,8,0,True,427,confirmation38,5666,aflink_cached_native_dedup,5666,5666,oracle_aabb,data36-5,bytetrack,True,7858
70.64569335434349,61.508895457042776,2195,3,412,65.8675433384036,71.29547471162378,503,65.62738610333419,5663,1,0,0,False,8,0,True,427,confirmation38,5666,aflink_cached_native_saved,5666,5666,oracle_aabb,data36-5,bytetrack,False,7858
70.66453645485487,61.492007400470946,2195,3,412,65.8671575041288,71.29547471162378,503,65.62738610333419,5663,1,0,0,True,8,0,True,427,confirmation38,5666,aflink_cached_no_dedup,5666,5666,oracle_aabb,data36-5,bytetrack,True,7858
70.66453645485487,61.492007400470946,2195,3,412,65.8671575041288,71.29547471162378,503,65.62738610333419,5663,1,0,0,True,8,0,True,427,confirmation38,5666,aflink_cached_overlap_safe,5666,5666,oracle_aabb,data36-5,bytetrack,True,7858
71.87516648944423,61.492007400470946,2195,3,412,66.4365228615115,73.39544513457557,411,66.79816747263935,5663,8,7,142,True,8,0,True,427,confirmation38,5666,com3d_reciprocal_guard,5666,5666,oracle_aabb,data36-5,bytetrack,True,7858
72.49564622920882,61.492007400470946,2195,3,412,66.72611489212412,75.49541555752735,291,68.32527360651565,5663,12,10,239,True,8,0,True,427,confirmation38,5666,controlled_cost_greedy,5666,5666,oracle_aabb,data36-5,bytetrack,True,7858
72.10738385111452,61.492007400470946,2195,3,412,66.54498416911584,73.86867790594499,386,67.11631458386358,5663,8,6,150,True,8,0,True,427,confirmation38,5666,controlled_cost_reciprocal,5666,5666,oracle_aabb,data36-5,bytetrack,True,7858
72.04150044708524,61.492007400470946,2195,3,412,66.51421450974418,74.26796805678794,335,67.76533469076101,5663,12,11,239,True,8,0,True,427,confirmation38,5666,geometry_greedy,5666,5666,oracle_aabb,data36-5,bytetrack,True,7858
72.4804642073571,61.492007400470946,2195,3,412,66.718994670548,75.33274179236912,294,68.28709595316874,5663,15,13,235,True,8,0,True,427,confirmation38,5666,geometry_reid_greedy_guard,5666,5666,oracle_aabb,data36-5,bytetrack,True,7858
72.22427069218816,61.492007400470946,2195,3,412,66.59965327867785,74.41585329784087,363,67.40900992618987,5663,10,10,232,True,8,0,True,427,confirmation38,5666,geometry_reid_hungarian,5666,5666,oracle_aabb,data36-5,bytetrack,True,7858
70.58181143406523,61.492007400470946,2195,3,412,65.82814108598419,71.26589766341318,504,65.6146602188852,5663,0,0,0,True,8,0,True,427,confirmation38,5666,no_refinement,5666,5666,oracle_aabb,data36-5,bytetrack,True,7858
94.49185810040947,95.80045813184016,330,0,41,95.1439083480811,95.63239308462238,28,95.44413336726902,7528,2,0,0,True,8,0,True,109,confirmation38,7528,aflink_cached_native_dedup,7528,7528,oracle_aabb,data36-5,deepocsort,True,7858
94.49185810040947,95.80045813184016,330,0,41,95.1439083480811,95.63239308462238,28,95.44413336726902,7528,2,0,0,False,8,0,True,109,confirmation38,7528,aflink_cached_native_saved,7528,7528,oracle_aabb,data36-5,deepocsort,False,7858
94.49185810040947,95.80045813184016,330,0,41,95.1439083480811,95.63239308462238,28,95.44413336726902,7528,2,0,0,True,8,0,True,109,confirmation38,7528,aflink_cached_no_dedup,7528,7528,oracle_aabb,data36-5,deepocsort,True,7858
94.49185810040947,95.80045813184016,330,0,41,95.1439083480811,95.63239308462238,28,95.44413336726902,7528,2,0,0,True,8,0,True,109,confirmation38,7528,aflink_cached_overlap_safe,7528,7528,oracle_aabb,data36-5,deepocsort,True,7858
95.4456570720445,95.80045813184016,330,0,41,95.62289304448163,96.41232289093982,9,95.68592517179944,7528,21,3,0,True,8,0,True,109,confirmation38,7528,com3d_reciprocal_guard,7528,7528,oracle_aabb,data36-5,deepocsort,True,7858
95.53296300419632,95.80045813184016,330,0,41,95.66661707457908,96.46431821136098,7,95.71137694069738,7528,23,3,0,True,8,0,True,109,confirmation38,7528,controlled_cost_greedy,7528,7528,oracle_aabb,data36-5,deepocsort,True,7858
95.53296300419632,95.80045813184016,330,0,41,95.66661707457908,96.46431821136098,7,95.71137694069738,7528,23,3,0,True,8,0,True,109,confirmation38,7528,controlled_cost_reciprocal,7528,7528,oracle_aabb,data36-5,deepocsort,True,7858
95.53296300419632,95.80045813184016,330,0,41,95.66661707457908,96.46431821136098,7,95.71137694069738,7528,23,3,0,True,8,0,True,109,confirmation38,7528,geometry_greedy,7528,7528,oracle_aabb,data36-5,deepocsort,True,7858
95.53296300419632,95.80045813184016,330,0,41,95.66661707457908,96.46431821136098,7,95.71137694069738,7528,23,3,0,True,8,0,True,109,confirmation38,7528,geometry_reid_greedy_guard,7528,7528,oracle_aabb,data36-5,deepocsort,True,7858
95.53296300419632,95.80045813184016,330,0,41,95.66661707457908,96.46431821136098,7,95.71137694069738,7528,23,3,0,True,8,0,True,109,confirmation38,7528,geometry_reid_hungarian,7528,7528,oracle_aabb,data36-5,deepocsort,True,7858
93.85757225474609,95.80045813184016,330,0,41,94.82403925770598,95.08644222020018,30,95.4186815983711,7528,0,0,0,True,8,0,True,109,confirmation38,7528,no_refinement,7528,7528,oracle_aabb,data36-5,deepocsort,True,7858
82.48733162011125,62.028293393919,2936,0,92,71.5300334240293,70.9076682316119,185,60.28251463476712,4922,0,0,0,True,8,0,True,250,confirmation38,4922,aflink_cached_native_dedup,4922,4922,oracle_aabb,data36-5,ocsort,True,7858
82.48733162011125,62.028293393919,2936,0,92,71.5300334240293,70.9076682316119,185,60.28251463476712,4922,0,0,0,False,8,0,True,250,confirmation38,4922,aflink_cached_native_saved,4922,4922,oracle_aabb,data36-5,ocsort,False,7858
82.48733162011125,62.028293393919,2936,0,92,71.5300334240293,70.9076682316119,185,60.28251463476712,4922,0,0,0,True,8,0,True,250,confirmation38,4922,aflink_cached_no_dedup,4922,4922,oracle_aabb,data36-5,ocsort,True,7858
82.48733162011125,62.028293393919,2936,0,92,71.5300334240293,70.9076682316119,185,60.28251463476712,4922,0,0,0,True,8,0,True,250,confirmation38,4922,aflink_cached_overlap_safe,4922,4922,oracle_aabb,data36-5,ocsort,True,7858
83.34433480912053,61.75015155875825,2936,0,92,71.73925951177242,71.84663536776212,133,60.94426062611351,4922,51,35,0,True,8,0,True,250,confirmation38,4922,com3d_reciprocal_guard,4922,4922,oracle_aabb,data36-5,ocsort,True,7858
83.46268120299507,61.75015155875825,2936,0,92,71.79017566180612,72.30046948356808,98,61.38966658182744,4922,83,35,0,True,8,0,True,250,confirmation38,4922,controlled_cost_greedy,4922,4922,oracle_aabb,data36-5,ocsort,True,7858
83.45854486515262,61.75015155875825,2936,0,92,71.78839669492955,72.25352112676056,104,61.31331127513362,4922,78,23,0,True,8,0,True,250,confirmation38,4922,controlled_cost_reciprocal,4922,4922,oracle_aabb,data36-5,ocsort,True,7858
83.520570011091,61.61691608176507,2936,0,92,71.73753853854691,72.08137715179969,119,61.12242300839908,4922,63,55,0,True,8,0,True,250,confirmation38,4922,geometry_greedy,4922,4922,oracle_aabb,data36-5,ocsort,True,7858
83.46172888911758,61.75015155875825,2936,0,92,71.78976609209755,72.2848200312989,101,61.35148892848052,4922,81,36,0,True,8,0,True,250,confirmation38,4922,geometry_reid_greedy_guard,4922,4922,oracle_aabb,data36-5,ocsort,True,7858
83.47005720972001,61.75015155875825,2936,0,92,71.79334784445378,72.34741784037558,95,61.42784423517435,4922,86,30,0,True,8,0,True,250,confirmation38,4922,geometry_reid_hungarian,4922,4922,oracle_aabb,data36-5,ocsort,True,7858
82.48733162011125,62.028293393919,2936,0,92,71.5300334240293,70.9076682316119,185,60.28251463476712,4922,0,0,0,True,8,0,True,250,confirmation38,4922,no_refinement,4922,4922,oracle_aabb,data36-5,ocsort,True,7858
51.29714536675644,65.64529844739712,3118,18,860,57.87615659925752,61.6523101018011,1127,70.2304469273743,11202,8,8,11,True,7,0,True,780,confirmation38,11220,aflink_cached_native_dedup,11220,11220,oracle_aabb,data37-1,bytetrack,True,14320
51.297911290884116,65.64358577955576,3118,18,860,57.87580364246034,61.6523101018011,1127,70.2304469273743,11202,8,8,11,False,7,0,True,780,confirmation38,11220,aflink_cached_native_saved,11220,11220,oracle_aabb,data37-1,bytetrack,False,14320
51.29714536675644,65.64529844739712,3118,18,860,57.87615659925752,61.6523101018011,1127,70.2304469273743,11202,8,8,11,True,7,0,True,780,confirmation38,11220,aflink_cached_no_dedup,11220,11220,oracle_aabb,data37-1,bytetrack,True,14320
51.29714536675644,65.64529844739712,3118,18,860,57.87615659925752,61.6523101018011,1127,70.2304469273743,11202,8,8,11,True,7,0,True,780,confirmation38,11220,aflink_cached_overlap_safe,11220,11220,oracle_aabb,data37-1,bytetrack,True,14320
51.12482034922272,65.63200404275167,3118,18,860,57.78163019463768,62.20830070477682,981,71.25,11202,27,13,244,True,7,0,True,780,confirmation38,11220,com3d_reciprocal_guard,11220,11220,oracle_aabb,data37-1,bytetrack,True,14320
51.662697091489015,65.6808570946833,3118,18,860,58.111472681483924,63.32811276429131,750,72.86312849162012,11202,44,31,404,True,7,0,True,780,confirmation38,11220,controlled_cost_greedy,11220,11220,oracle_aabb,data37-1,bytetrack,True,14320
51.33246302782075,65.64910422611435,3118,18,860,57.90872489834483,62.646828504306974,909,71.7527932960894,11202,35,19,272,True,7,0,True,780,confirmation38,11220,controlled_cost_reciprocal,11220,11220,oracle_aabb,data37-1,bytetrack,True,14320
51.68436805339049,65.64910422611435,3118,18,860,58.11029609256949,63.578700078308536,785,72.61871508379888,11202,44,29,402,True,7,0,True,780,confirmation38,11220,geometry_greedy,11220,11220,oracle_aabb,data37-1,bytetrack,True,14320
51.97759046618815,65.62256424490333,3118,18,860,58.266988196397676,64.10336726703211,755,72.82821229050279,11202,46,31,404,True,7,0,True,780,confirmation38,11220,geometry_reid_greedy_guard,11220,11220,oracle_aabb,data37-1,bytetrack,True,14320
51.456657793740256,65.64424273897626,3118,18,860,57.978366600691146,63.030540328895846,887,71.9064245810056,11202,41,24,353,True,7,0,True,780,confirmation38,11220,geometry_reid_hungarian,11220,11220,oracle_aabb,data37-1,bytetrack,True,14320
49.28057650503994,65.64203206758667,3118,18,860,56.71511668231266,59.608457321848086,1134,70.18156424581005,11202,0,0,0,True,7,0,True,780,confirmation38,11220,no_refinement,11220,11220,oracle_aabb,data37-1,bytetrack,True,14320
92.24534698226068,95.12819017708415,696,0,83,93.6756793488945,94.21700543945033,54,94.76256983240224,13624,4,2,0,False,7,0,True,182,confirmation38,13625,aflink_cached_native_dedup,13624,13624,oracle_aabb,data37-1,deepocsort,False,14320
92.24534698226068,95.12819017708415,696,0,83,93.6756793488945,94.21700543945033,54,94.76256983240224,13624,4,2,0,False,7,0,True,182,confirmation38,13625,aflink_cached_native_saved,13624,13624,oracle_aabb,data37-1,deepocsort,False,14320
92.239534819896,95.1351730066782,695,0,83,93.67616609332705,94.21700543945033,54,94.7695530726257,13625,4,2,0,True,7,1,False,182,confirmation38,13625,aflink_cached_no_dedup,13625,13625,oracle_aabb,data37-1,deepocsort,False,14320
92.3374179963392,95.1351730066782,695,0,83,93.72585676778797,94.21363392377884,54,94.7695530726257,13625,4,1,0,True,7,0,True,182,confirmation38,13625,aflink_cached_overlap_safe,13625,13625,oracle_aabb,data37-1,deepocsort,True,14320
93.5678205141417,95.1351730066782,695,0,83,94.34824212707233,95.16550366791913,26,94.96508379888267,13625,28,9,0,True,7,0,True,182,confirmation38,13625,com3d_reciprocal_guard,13625,13625,oracle_aabb,data37-1,deepocsort,True,14320
93.59999356440026,95.1351730066782,695,0,83,94.36446143104557,95.22275899087494,23,94.98603351955308,13625,31,10,0,True,7,0,True,182,confirmation38,13625,controlled_cost_greedy,13625,13625,oracle_aabb,data37-1,deepocsort,True,14320
93.6718634527017,95.1351730066782,695,0,83,94.40068291823451,95.22275899087494,25,94.97206703910615,13625,29,8,0,True,7,0,True,182,confirmation38,13625,controlled_cost_reciprocal,13625,13625,oracle_aabb,data37-1,deepocsort,True,14320
93.67988243238649,95.1351730066782,695,0,83,94.40472351767536,95.25138665235283,22,94.99301675977654,13625,31,10,0,True,7,0,True,182,confirmation38,13625,geometry_greedy,13625,13625,oracle_aabb,data37-1,deepocsort,True,14320
93.74365193661008,95.1351730066782,695,0,83,94.43684950942499,95.26570048309179,21,95.0,13625,32,9,0,True,7,0,True,182,confirmation38,13625,geometry_reid_greedy_guard,13625,13625,oracle_aabb,data37-1,deepocsort,True,14320
93.90361521421653,95.1351730066782,695,0,83,94.51738823812282,95.45178028269817,22,94.99301675977654,13625,32,9,0,True,7,0,True,182,confirmation38,13625,geometry_reid_hungarian,13625,13625,oracle_aabb,data37-1,deepocsort,True,14320
91.62168568812307,95.1351730066782,695,0,83,93.36190288329628,93.47647164072285,55,94.76256983240224,13625,0,0,0,True,7,0,True,182,confirmation38,13625,no_refinement,13625,13625,oracle_aabb,data37-1,deepocsort,True,14320
63.13373238427455,61.53626653141024,5495,0,415,62.32988186143168,61.11039101317779,464,58.38687150837989,8825,6,3,0,True,7,0,True,471,confirmation38,8825,aflink_cached_native_dedup,8825,8825,oracle_aabb,data37-1,ocsort,True,14320
63.13373238427455,61.53626653141024,5495,0,415,62.32988186143168,61.11039101317779,464,58.38687150837989,8825,6,3,0,False,7,0,True,471,confirmation38,8825,aflink_cached_native_saved,8825,8825,oracle_aabb,data37-1,ocsort,False,14320
63.13373238427455,61.53626653141024,5495,0,415,62.32988186143168,61.11039101317779,464,58.38687150837989,8825,6,3,0,True,7,0,True,471,confirmation38,8825,aflink_cached_no_dedup,8825,8825,oracle_aabb,data37-1,ocsort,True,14320
63.13373238427455,61.53626653141024,5495,0,415,62.32988186143168,61.11039101317779,464,58.38687150837989,8825,6,3,0,True,7,0,True,471,confirmation38,8825,aflink_cached_overlap_safe,8825,8825,oracle_aabb,data37-1,ocsort,True,14320
64.79850325950672,61.51609684817804,5495,0,415,63.135971879118024,62.64852019874703,382,58.959497206703915,8825,105,45,0,True,7,0,True,471,confirmation38,8825,com3d_reciprocal_guard,8825,8825,oracle_aabb,data37-1,ocsort,True,14320
65.30195618128478,61.51609684817804,5495,0,415,63.38076536988279,63.58176712032837,312,59.44832402234637,8825,152,71,0,True,7,0,True,471,confirmation38,8825,controlled_cost_greedy,8825,8825,oracle_aabb,data37-1,ocsort,True,14320
64.91277765803747,61.51609684817804,5495,0,415,63.19161859816581,62.78677900194426,347,59.203910614525135,8825,126,46,0,True,7,0,True,471,confirmation38,8825,controlled_cost_reciprocal,8825,8825,oracle_aabb,data37-1,ocsort,True,14320
65.20390645588714,61.51609684817804,5495,0,415,63.333165021888384,63.434867141931306,318,59.40642458100559,8825,146,79,0,True,7,0,True,471,confirmation38,8825,geometry_greedy,8825,8825,oracle_aabb,data37-1,ocsort,True,14320
65.47703566928969,61.51609684817804,5495,0,415,63.4656728227374,63.720025923525604,297,59.55307262569832,8825,164,62,0,True,7,0,True,471,confirmation38,8825,geometry_reid_greedy_guard,8825,8825,oracle_aabb,data37-1,ocsort,True,14320
64.99171697330975,61.51609684817804,5495,0,415,63.2300300512463,63.080578958738386,333,59.30167597765363,8825,138,80,0,True,7,0,True,471,confirmation38,8825,geometry_reid_hungarian,8825,8825,oracle_aabb,data37-1,ocsort,True,14320
61.840652478200795,61.557629682162904,5495,0,415,61.69897867427486,59.89198531000216,470,58.3449720670391,8825,0,0,0,True,7,0,True,471,confirmation38,8825,no_refinement,8825,8825,oracle_aabb,data37-1,ocsort,True,14320
62.4726642466888,73.16572613796899,678,2,138,67.55175753610145,73.78780604896782,181,80.88365896980461,3826,1,3,0,True,5,0,True,155,confirmation38,3828,aflink_cached_native_dedup,3828,3828,oracle_aabb,data37-10,bytetrack,True,4504
62.47496616455215,73.16262542914801,678,2,138,67.55125989173692,73.78780604896782,181,80.88365896980461,3826,1,3,0,False,5,0,True,155,confirmation38,3828,aflink_cached_native_saved,3828,3828,oracle_aabb,data37-10,bytetrack,False,4504
62.4726642466888,73.16572613796899,678,2,138,67.55175753610145,73.78780604896782,181,80.88365896980461,3826,1,3,0,True,5,0,True,155,confirmation38,3828,aflink_cached_no_dedup,3828,3828,oracle_aabb,data37-10,bytetrack,True,4504
62.4726642466888,73.16572613796899,678,2,138,67.55175753610145,73.78780604896782,181,80.88365896980461,3826,1,3,0,True,5,0,True,155,confirmation38,3828,aflink_cached_overlap_safe,3828,3828,oracle_aabb,data37-10,bytetrack,True,4504
61.58826288166542,73.16572613796899,678,2,138,67.0733793091636,74.00384061449832,135,81.90497335701599,3826,1,6,56,True,5,0,True,155,confirmation38,3828,com3d_reciprocal_guard,3828,3828,oracle_aabb,data37-10,bytetrack,True,4504
63.942441092573,73.16572613796899,678,2,138,68.35195082556072,77.19635141622659,99,82.70426287744228,3826,4,6,69,True,5,0,True,155,confirmation38,3828,controlled_cost_greedy,3828,3828,oracle_aabb,data37-10,bytetrack,True,4504
63.08780597414278,73.16572613796899,678,2,138,67.88772974585831,75.6841094575132,122,82.1936056838366,3826,3,5,62,True,5,0,True,155,confirmation38,3828,controlled_cost_reciprocal,3828,3828,oracle_aabb,data37-10,bytetrack,True,4504
62.259366908154625,73.16572613796899,678,2,138,67.44274172548934,75.37205952952473,112,82.41563055062167,3826,2,7,68,True,5,0,True,155,confirmation38,3828,geometry_greedy,3828,3828,oracle_aabb,data37-10,bytetrack,True,4504
63.45736682192371,73.16572613796899,678,2,138,68.09131629910343,76.52424387902064,100,82.68206039076377,3826,4,6,69,True,5,0,True,155,confirmation38,3828,geometry_reid_greedy_guard,3828,3828,oracle_aabb,data37-10,bytetrack,True,4504
63.3377312493256,73.16572613796899,678,2,138,68.02355910190036,76.06817090734518,120,82.2380106571936,3826,4,5,65,True,5,0,True,155,confirmation38,3828,geometry_reid_hungarian,3828,3828,oracle_aabb,data37-10,bytetrack,True,4504
63.47811450596475,73.16572613796899,678,2,138,68.09494595440995,73.71579452712434,183,80.8392539964476,3826,0,0,0,True,5,0,True,155,confirmation38,3828,no_refinement,3828,3828,oracle_aabb,data37-10,bytetrack,True,4504
83.21056001761808,92.71758436944936,328,0,42,87.83554018085523,87.71889400921658,40,91.82948490230906,4176,1,0,0,True,5,0,True,48,confirmation38,4176,aflink_cached_native_dedup,4176,4176,oracle_aabb,data37-10,deepocsort,True,4504
83.21056001761808,92.71758436944936,328,0,42,87.83554018085523,87.71889400921658,40,91.82948490230906,4176,1,0,0,False,5,0,True,48,confirmation38,4176,aflink_cached_native_saved,4176,4176,oracle_aabb,data37-10,deepocsort,False,4504
83.21056001761808,92.71758436944936,328,0,42,87.83554018085523,87.71889400921658,40,91.82948490230906,4176,1,0,0,True,5,0,True,48,confirmation38,4176,aflink_cached_no_dedup,4176,4176,oracle_aabb,data37-10,deepocsort,True,4504
83.21056001761808,92.71758436944936,328,0,42,87.83554018085523,87.71889400921658,40,91.82948490230906,4176,1,0,0,True,5,0,True,48,confirmation38,4176,aflink_cached_overlap_safe,4176,4176,oracle_aabb,data37-10,deepocsort,True,4504
84.50325778718832,92.71758436944936,328,0,42,88.5151847615818,89.28571428571429,30,92.05150976909414,4176,10,2,0,True,5,0,True,48,confirmation38,4176,com3d_reciprocal_guard,4176,4176,oracle_aabb,data37-10,deepocsort,True,4504
85.44971450233778,92.71758436944936,328,0,42,89.00950013181662,89.86175115207374,29,92.07371225577265,4176,11,1,0,True,5,0,True,48,confirmation38,4176,controlled_cost_greedy,4176,4176,oracle_aabb,data37-10,deepocsort,True,4504
85.44971450233778,92.71758436944936,328,0,42,89.00950013181662,89.86175115207374,29,92.07371225577265,4176,11,1,0,True,5,0,True,48,confirmation38,4176,controlled_cost_reciprocal,4176,4176,oracle_aabb,data37-10,deepocsort,True,4504
84.50325778718832,92.71758436944936,328,0,42,88.5151847615818,89.28571428571429,30,92.05150976909414,4176,10,2,0,True,5,0,True,48,confirmation38,4176,geometry_greedy,4176,4176,oracle_aabb,data37-10,deepocsort,True,4504
85.44971450233778,92.71758436944936,328,0,42,89.00950013181662,89.86175115207374,29,92.07371225577265,4176,11,1,0,True,5,0,True,48,confirmation38,4176,geometry_reid_greedy_guard,4176,4176,oracle_aabb,data37-10,deepocsort,True,4504
85.44971450233778,92.71758436944936,328,0,42,89.00950013181662,89.86175115207374,29,92.07371225577265,4176,11,1,0,True,5,0,True,48,confirmation38,4176,geometry_reid_hungarian,4176,4176,oracle_aabb,data37-10,deepocsort,True,4504
82.94394074993232,92.71758436944936,328,0,42,87.69470807532494,87.53456221198157,41,91.80728241563055,4176,0,0,0,True,5,0,True,48,confirmation38,4176,no_refinement,4176,4176,oracle_aabb,data37-10,deepocsort,True,4504
66.86319288979612,75.38257238766872,1106,0,57,70.99520570376488,68.74209060997217,78,73.71225577264654,3398,0,2,0,False,5,0,True,79,confirmation38,3399,aflink_cached_native_dedup,3398,3398,oracle_aabb,data37-10,ocsort,False,4504
66.86319288979612,75.38257238766872,1106,0,57,70.99520570376488,68.74209060997217,78,73.71225577264654,3398,0,2,0,False,5,0,True,79,confirmation38,3399,aflink_cached_native_saved,3398,3398,oracle_aabb,data37-10,ocsort,False,4504
66.8589407013525,75.4047670943743,1105,0,57,71.00339855697267,68.74209060997217,78,73.73445825932504,3399,0,2,0,True,5,1,False,79,confirmation38,3399,aflink_cached_no_dedup,3399,3399,oracle_aabb,data37-10,ocsort,False,4504
67.84578530013084,75.4047670943743,1105,0,57,71.52548767068919,68.73339238263951,78,73.73445825932504,3399,0,1,0,True,5,0,True,79,confirmation38,3399,aflink_cached_overlap_safe,3399,3399,oracle_aabb,data37-10,ocsort,True,4504
68.03855927052777,75.15937143027318,1105,0,57,71.5103707611119,69.0117676831583,64,74.04529307282417,3399,14,4,0,True,5,0,True,79,confirmation38,3399,com3d_reciprocal_guard,3399,3399,oracle_aabb,data37-10,ocsort,True,4504
68.04202855913547,75.15937143027318,1105,0,57,71.51219389368373,69.03707452866,63,74.06749555950266,3399,15,4,0,True,5,0,True,79,confirmation38,3399,controlled_cost_greedy,3399,3399,oracle_aabb,data37-10,ocsort,True,4504
68.03855927052777,75.15937143027318,1105,0,57,71.5103707611119,69.0117676831583,64,74.04529307282417,3399,14,4,0,True,5,0,True,79,confirmation38,3399,controlled_cost_reciprocal,3399,3399,oracle_aabb,data37-10,ocsort,True,4504
67.04517220480241,75.15937143027318,1105,0,57,70.98641354591776,68.4044033911173,63,74.06749555950266,3399,15,6,0,True,5,0,True,79,confirmation38,3399,geometry_greedy,3399,3399,oracle_aabb,data37-10,ocsort,True,4504
68.04202855913547,75.15937143027318,1105,0,57,71.51219389368373,69.03707452866,63,74.06749555950266,3399,15,4,0,True,5,0,True,79,confirmation38,3399,geometry_reid_greedy_guard,3399,3399,oracle_aabb,data37-10,ocsort,True,4504
68.04202855913547,75.15937143027318,1105,0,57,71.51219389368373,69.03707452866,63,74.06749555950266,3399,15,4,0,True,5,0,True,79,confirmation38,3399,geometry_reid_hungarian,3399,3399,oracle_aabb,data37-10,ocsort,True,4504
68.27735792636716,75.4047670943743,1105,0,57,71.75261679354583,68.73339238263951,78,73.73445825932504,3399,0,0,0,True,5,0,True,79,confirmation38,3399,no_refinement,3399,3399,oracle_aabb,data37-10,ocsort,True,4504
69.86380503460417,71.48651468929626,1696,0,348,70.63842161154793,78.94415624046384,520,79.2489933514374,8983,5,4,1,True,7,0,True,388,confirmation38,8983,aflink_cached_native_dedup,8983,8983,oracle_aabb,data37-11,bytetrack,True,10679
69.86317202383269,71.48855984325141,1696,0,348,70.63901902252972,78.94415624046384,520,79.2489933514374,8983,5,4,1,False,7,0,True,388,confirmation38,8983,aflink_cached_native_saved,8983,8983,oracle_aabb,data37-11,bytetrack,False,10679
69.86380503460417,71.48651468929626,1696,0,348,70.63842161154793,78.94415624046384,520,79.2489933514374,8983,5,4,1,True,7,0,True,388,confirmation38,8983,aflink_cached_no_dedup,8983,8983,oracle_aabb,data37-11,bytetrack,True,10679
69.86380503460417,71.48651468929626,1696,0,348,70.63842161154793,78.94415624046384,520,79.2489933514374,8983,5,4,1,True,7,0,True,388,confirmation38,8983,aflink_cached_overlap_safe,8983,8983,oracle_aabb,data37-11,bytetrack,True,10679
70.73889092511621,71.48651468929626,1696,0,348,71.07951448921689,79.43240768996033,448,79.92321378406217,8983,12,2,128,True,7,0,True,388,confirmation38,8983,com3d_reciprocal_guard,8983,8983,oracle_aabb,data37-11,bytetrack,True,10679
71.96334898111719,71.48651468929626,1696,0,348,71.69611239605955,81.74143016987082,329,81.03755033242813,8983,14,4,198,True,7,0,True,388,confirmation38,8983,controlled_cost_greedy,8983,8983,oracle_aabb,data37-11,bytetrack,True,10679
71.43389440296035,71.48651468929626,1696,0,348,71.42943527191171,80.56148916692096,418,80.2041389643225,8983,11,3,141,True,7,0,True,388,confirmation38,8983,controlled_cost_reciprocal,8983,8983,oracle_aabb,data37-11,bytetrack,True,10679
71.95165955905928,71.48651468929626,1696,0,348,71.69023360801968,81.71091445427729,341,80.925180260324,8983,14,6,194,True,7,0,True,388,confirmation38,8983,geometry_greedy,8983,8983,oracle_aabb,data37-11,bytetrack,True,10679
71.99589363572707,71.48651468929626,1696,0,348,71.71242947507487,81.87366493744278,332,81.0094578144021,8983,12,8,198,True,7,0,True,388,confirmation38,8983,geometry_reid_greedy_guard,8983,8983,oracle_aabb,data37-11,bytetrack,True,10679
71.48837600649422,71.48651468929626,1696,0,348,71.45693021268653,80.65303631370155,413,80.25095982769922,8983,10,5,184,True,7,0,True,388,confirmation38,8983,geometry_reid_hungarian,8983,8983,oracle_aabb,data37-11,bytetrack,True,10679
67.66692445436567,71.48651468929626,1696,0,348,69.51432999210819,76.50289899298139,525,79.20217248806068,8983,0,0,0,True,7,0,True,388,confirmation38,8983,no_refinement,8983,8983,oracle_aabb,data37-11,bytetrack,True,10679
91.46508982056667,93.3795299185317,707,0,47,92.41735276126877,93.39983535906251,22,93.17351811967413,9972,6,3,0,False,7,0,True,101,confirmation38,9973,aflink_cached_native_dedup,9972,9972,oracle_aabb,data37-11,deepocsort,False,10679
91.46508982056667,93.3795299185317,707,0,47,92.41735276126877,93.39983535906251,22,93.17351811967413,9972,6,3,0,False,7,0,True,101,confirmation38,9973,aflink_cached_native_saved,9972,9972,oracle_aabb,data37-11,deepocsort,False,10679
91.45643731898272,93.38889409120704,706,0,47,92.41761487260746,93.39983535906251,22,93.18288229234946,9973,6,3,0,True,7,1,False,101,confirmation38,9973,aflink_cached_no_dedup,9973,9973,oracle_aabb,data37-11,deepocsort,False,10679
91.76272588497099,93.38889409120704,706,0,47,92.57223930094823,93.55994576796436,22,93.18288229234946,9973,6,2,0,True,7,0,True,101,confirmation38,9973,aflink_cached_overlap_safe,9973,9973,oracle_aabb,data37-11,deepocsort,True,10679
92.45388378897464,93.37078651685393,706,0,47,92.91120409247947,93.86984311446834,16,93.23906732840153,9973,11,4,0,True,7,0,True,101,confirmation38,9973,com3d_reciprocal_guard,9973,9973,oracle_aabb,data37-11,deepocsort,True,10679
92.79956900360904,93.37078651685393,706,0,47,93.0847395994211,94.08289754018982,15,93.24843150107688,9973,12,4,0,True,7,0,True,101,confirmation38,9973,controlled_cost_greedy,9973,9973,oracle_aabb,data37-11,deepocsort,True,10679
92.79956900360904,93.37078651685393,706,0,47,93.0847395994211,94.08289754018982,15,93.24843150107688,9973,12,4,0,True,7,0,True,101,confirmation38,9973,controlled_cost_reciprocal,9973,9973,oracle_aabb,data37-11,deepocsort,True,10679
92.80073733183582,93.37078651685393,706,0,47,93.08532555681094,94.08289754018982,15,93.24843150107688,9973,12,4,0,True,7,0,True,101,confirmation38,9973,geometry_greedy,9973,9973,oracle_aabb,data37-11,deepocsort,True,10679
92.51908506171797,93.37078651685393,706,0,47,92.94396021276648,93.90858028278133,16,93.23906732840153,9973,11,5,0,True,7,0,True,101,confirmation38,9973,geometry_reid_greedy_guard,9973,9973,oracle_aabb,data37-11,deepocsort,True,10679
92.79956900360904,93.37078651685393,706,0,47,93.0847395994211,94.08289754018982,15,93.24843150107688,9973,12,4,0,True,7,0,True,101,confirmation38,9973,geometry_reid_hungarian,9973,9973,oracle_aabb,data37-11,deepocsort,True,10679
89.76266035744868,93.38889409120704,706,0,47,91.55782643480984,91.5552973077668,27,93.13606142897275,9973,0,0,0,True,7,0,True,101,confirmation38,9973,no_refinement,9973,9973,oracle_aabb,data37-11,deepocsort,True,10679
72.83552350022356,71.36932235329972,3048,0,189,72.09869585602252,71.64391043145822,172,69.84736398539188,7631,2,3,0,False,7,0,True,171,confirmation38,7632,aflink_cached_native_dedup,7631,7631,oracle_aabb,data37-11,ocsort,False,10679
72.83552350022356,71.36932235329972,3048,0,189,72.09869585602252,71.64391043145822,172,69.84736398539188,7631,2,3,0,False,7,0,True,171,confirmation38,7632,aflink_cached_native_saved,7631,7631,oracle_aabb,data37-11,ocsort,False,10679
72.83100170442462,71.37868168275648,3047,0,189,72.10118498314968,71.64391043145822,172,69.85672815806724,7632,2,3,0,True,7,1,False,171,confirmation38,7632,aflink_cached_no_dedup,7632,7632,oracle_aabb,data37-11,ocsort,False,10679
73.665685434487,71.37868168275648,3047,0,189,72.51316778126359,72.08781606684506,172,69.85672815806724,7632,2,2,0,True,7,0,True,171,confirmation38,7632,aflink_cached_overlap_safe,7632,7632,oracle_aabb,data37-11,ocsort,True,10679
73.76701776262354,71.37868168275648,3047,0,189,72.56302412959472,72.04412648135002,150,70.0627399569248,7632,28,10,0,True,7,0,True,171,confirmation38,7632,com3d_reciprocal_guard,7632,7632,oracle_aabb,data37-11,ocsort,True,10679
73.81278129349099,71.37868168275648,3047,0,189,72.58552893934377,72.18611763420894,134,70.2125667197303,7632,38,11,0,True,7,0,True,171,confirmation38,7632,controlled_cost_greedy,7632,7632,oracle_aabb,data37-11,ocsort,True,10679
73.78966252418553,71.37868168275648,3047,0,189,72.57416085697436,72.1096608595926,143,70.12828916565222,7632,32,9,0,True,7,0,True,171,confirmation38,7632,controlled_cost_reciprocal,7632,7632,oracle_aabb,data37-11,ocsort,True,10679
73.7217205047022,71.37868168275648,3047,0,189,72.54074174013205,72.18611763420894,134,70.2125667197303,7632,38,13,0,True,7,0,True,171,confirmation38,7632,geometry_greedy,7632,7632,oracle_aabb,data37-11,ocsort,True,10679
73.67221697715698,71.37868168275648,3047,0,189,72.51638239458393,72.16427284146143,134,70.2125667197303,7632,38,11,0,True,7,0,True,171,confirmation38,7632,geometry_reid_greedy_guard,7632,7632,oracle_aabb,data37-11,ocsort,True,10679
73.78931539907352,71.37868168275648,3047,0,189,72.57399015322633,72.06597127409754,141,70.1470175110029,7632,36,10,0,True,7,0,True,171,confirmation38,7632,geometry_reid_hungarian,7632,7632,oracle_aabb,data37-11,ocsort,True,10679
72.48624672202367,71.37868168275648,3047,0,189,71.93033240018816,71.01742122221616,175,69.8286356400412,7632,0,0,0,True,7,0,True,171,confirmation38,7632,no_refinement,7632,7632,oracle_aabb,data37-11,ocsort,True,10679
88.97642917734989,80.59287984291015,246,0,5,84.64859440886849,91.67974882260597,12,87.31563421828909,1788,0,0,0,True,5,0,True,40,confirmation38,1788,aflink_cached_native_dedup,1788,1788,oracle_aabb,data37-12,bytetrack,True,2034
88.97601974032948,80.59287984291015,246,0,5,84.64842741843145,91.67974882260597,12,87.31563421828909,1788,0,0,0,False,5,0,True,40,confirmation38,1788,aflink_cached_native_saved,1788,1788,oracle_aabb,data37-12,bytetrack,False,2034
88.97642917734989,80.59287984291015,246,0,5,84.64859440886849,91.67974882260597,12,87.31563421828909,1788,0,0,0,True,5,0,True,40,confirmation38,1788,aflink_cached_no_dedup,1788,1788,oracle_aabb,data37-12,bytetrack,True,2034
88.97642917734989,80.59287984291015,246,0,5,84.64859440886849,91.67974882260597,12,87.31563421828909,1788,0,0,0,True,5,0,True,40,confirmation38,1788,aflink_cached_overlap_safe,1788,1788,oracle_aabb,data37-12,bytetrack,True,2034
89.69969392133119,80.59287984291015,246,0,5,84.99574522237629,92.67399267399267,7,87.56145526057031,1788,1,0,4,True,5,0,True,40,confirmation38,1788,com3d_reciprocal_guard,1788,1788,oracle_aabb,data37-12,bytetrack,True,2034
89.69969392133119,80.59287984291015,246,0,5,84.99574522237629,92.67399267399267,7,87.56145526057031,1788,1,0,4,True,5,0,True,40,confirmation38,1788,controlled_cost_greedy,1788,1788,oracle_aabb,data37-12,bytetrack,True,2034
89.69969392133119,80.59287984291015,246,0,5,84.99574522237629,92.67399267399267,7,87.56145526057031,1788,1,0,4,True,5,0,True,40,confirmation38,1788,controlled_cost_reciprocal,1788,1788,oracle_aabb,data37-12,bytetrack,True,2034
89.69969392133119,80.59287984291015,246,0,5,84.99574522237629,92.67399267399267,7,87.56145526057031,1788,1,0,4,True,5,0,True,40,confirmation38,1788,geometry_greedy,1788,1788,oracle_aabb,data37-12,bytetrack,True,2034
89.69969392133119,80.59287984291015,246,0,5,84.99574522237629,92.67399267399267,7,87.56145526057031,1788,1,0,4,True,5,0,True,40,confirmation38,1788,geometry_reid_greedy_guard,1788,1788,oracle_aabb,data37-12,bytetrack,True,2034
89.69969392133119,80.59287984291015,246,0,5,84.99574522237629,92.67399267399267,7,87.56145526057031,1788,1,0,4,True,5,0,True,40,confirmation38,1788,geometry_reid_hungarian,1788,1788,oracle_aabb,data37-12,bytetrack,True,2034
88.97642917734989,80.59287984291015,246,0,5,84.64859440886849,91.67974882260597,12,87.31563421828909,1788,0,0,0,True,5,0,True,40,confirmation38,1788,no_refinement,1788,1788,oracle_aabb,data37-12,bytetrack,True,2034
94.04892588032418,91.93706981317602,164,0,2,92.9870026644239,95.23565573770492,2,91.83874139626353,1870,0,0,0,True,5,0,True,30,confirmation38,1870,aflink_cached_native_dedup,1870,1870,oracle_aabb,data37-12,deepocsort,True,2034
94.04892588032418,91.93706981317602,164,0,2,92.9870026644239,95.23565573770492,2,91.83874139626353,1870,0,0,0,True,5,0,True,30,confirmation38,1870,aflink_cached_native_saved,1870,1870,oracle_aabb,data37-12,deepocsort,True,2034
94.04892588032418,91.93706981317602,164,0,2,92.9870026644239,95.23565573770492,2,91.83874139626353,1870,0,0,0,True,5,0,True,30,confirmation38,1870,aflink_cached_no_dedup,1870,1870,oracle_aabb,data37-12,deepocsort,True,2034
94.04892588032418,91.93706981317602,164,0,2,92.9870026644239,95.23565573770492,2,91.83874139626353,1870,0,0,0,True,5,0,True,30,confirmation38,1870,aflink_cached_overlap_safe,1870,1870,oracle_aabb,data37-12,deepocsort,True,2034
94.04892588032418,91.93706981317602,164,0,2,92.9870026644239,95.23565573770492,2,91.83874139626353,1870,0,0,0,True,5,0,True,30,confirmation38,1870,com3d_reciprocal_guard,1870,1870,oracle_aabb,data37-12,deepocsort,True,2034
94.04892588032418,91.93706981317602,164,0,2,92.9870026644239,95.23565573770492,2,91.83874139626353,1870,0,0,0,True,5,0,True,30,confirmation38,1870,controlled_cost_greedy,1870,1870,oracle_aabb,data37-12,deepocsort,True,2034
94.04892588032418,91.93706981317602,164,0,2,92.9870026644239,95.23565573770492,2,91.83874139626353,1870,0,0,0,True,5,0,True,30,confirmation38,1870,controlled_cost_reciprocal,1870,1870,oracle_aabb,data37-12,deepocsort,True,2034
94.04892588032418,91.93706981317602,164,0,2,92.9870026644239,95.23565573770492,2,91.83874139626353,1870,0,0,0,True,5,0,True,30,confirmation38,1870,geometry_greedy,1870,1870,oracle_aabb,data37-12,deepocsort,True,2034
94.04892588032418,91.93706981317602,164,0,2,92.9870026644239,95.23565573770492,2,91.83874139626353,1870,0,0,0,True,5,0,True,30,confirmation38,1870,geometry_reid_greedy_guard,1870,1870,oracle_aabb,data37-12,deepocsort,True,2034
94.04892588032418,91.93706981317602,164,0,2,92.9870026644239,95.23565573770492,2,91.83874139626353,1870,0,0,0,True,5,0,True,30,confirmation38,1870,geometry_reid_hungarian,1870,1870,oracle_aabb,data37-12,deepocsort,True,2034
94.04892588032418,91.93706981317602,164,0,2,92.9870026644239,95.23565573770492,2,91.83874139626353,1870,0,0,0,True,5,0,True,30,confirmation38,1870,no_refinement,1870,1870,oracle_aabb,data37-12,deepocsort,True,2034
92.1175362069504,83.5299901671583,335,0,3,87.71873741447386,89.52585052236806,8,83.13667649950835,1699,0,0,0,True,5,0,True,35,confirmation38,1699,aflink_cached_native_dedup,1699,1699,oracle_aabb,data37-12,ocsort,True,2034
92.1175362069504,83.5299901671583,335,0,3,87.71873741447386,89.52585052236806,8,83.13667649950835,1699,0,0,0,True,5,0,True,35,confirmation38,1699,aflink_cached_native_saved,1699,1699,oracle_aabb,data37-12,ocsort,True,2034
92.1175362069504,83.5299901671583,335,0,3,87.71873741447386,89.52585052236806,8,83.13667649950835,1699,0,0,0,True,5,0,True,35,confirmation38,1699,aflink_cached_no_dedup,1699,1699,oracle_aabb,data37-12,ocsort,True,2034
92.1175362069504,83.5299901671583,335,0,3,87.71873741447386,89.52585052236806,8,83.13667649950835,1699,0,0,0,True,5,0,True,35,confirmation38,1699,aflink_cached_overlap_safe,1699,1699,oracle_aabb,data37-12,ocsort,True,2034
92.16156222213591,83.5299901671583,335,0,3,87.73969675241055,89.68657915885348,5,83.2841691248771,1699,3,1,0,True,5,0,True,35,confirmation38,1699,com3d_reciprocal_guard,1699,1699,oracle_aabb,data37-12,ocsort,True,2034
92.24193813292779,83.5299901671583,335,0,3,87.77794817175372,89.68657915885348,3,83.38249754178958,1699,4,2,0,True,5,0,True,35,confirmation38,1699,controlled_cost_greedy,1699,1699,oracle_aabb,data37-12,ocsort,True,2034
92.15896879537556,83.5299901671583,335,0,3,87.7384622460023,89.57942673452986,4,83.33333333333334,1699,4,1,0,True,5,0,True,35,confirmation38,1699,controlled_cost_reciprocal,1699,1699,oracle_aabb,data37-12,ocsort,True,2034
92.24193813292779,83.5299901671583,335,0,3,87.77794817175372,89.68657915885348,3,83.38249754178958,1699,4,2,0,True,5,0,True,35,confirmation38,1699,geometry_greedy,1699,1699,oracle_aabb,data37-12,ocsort,True,2034
92.24193813292779,83.5299901671583,335,0,3,87.77794817175372,89.68657915885348,3,83.38249754178958,1699,4,2,0,True,5,0,True,35,confirmation38,1699,geometry_reid_greedy_guard,1699,1699,oracle_aabb,data37-12,ocsort,True,2034
92.15896879537556,83.5299901671583,335,0,3,87.7384622460023,89.57942673452986,4,83.33333333333334,1699,4,1,0,True,5,0,True,35,confirmation38,1699,geometry_reid_hungarian,1699,1699,oracle_aabb,data37-12,ocsort,True,2034
92.1175362069504,83.5299901671583,335,0,3,87.71873741447386,89.52585052236806,8,83.13667649950835,1699,0,0,0,True,5,0,True,35,confirmation38,1699,no_refinement,1699,1699,oracle_aabb,data37-12,ocsort,True,2034
45.489681687382934,66.66876999251062,911,9,318,53.49671471474914,53.26594090202177,746,70.22341376228776,4684,0,3,5,True,7,0,True,292,confirmation38,4693,aflink_cached_native_dedup,4693,4693,oracle_aabb,data37-2,bytetrack,True,5595
45.48686220513922,66.67309861811513,911,9,318,53.49906204869321,53.26594090202177,746,70.22341376228776,4684,0,3,5,False,7,0,True,292,confirmation38,4693,aflink_cached_native_saved,4693,4693,oracle_aabb,data37-2,bytetrack,False,5595
45.489681687382934,66.66876999251062,911,9,318,53.49671471474914,53.26594090202177,746,70.22341376228776,4684,0,3,5,True,7,0,True,292,confirmation38,4693,aflink_cached_no_dedup,4693,4693,oracle_aabb,data37-2,bytetrack,True,5595
45.489681687382934,66.66876999251062,911,9,318,53.49671471474914,53.26594090202177,746,70.22341376228776,4684,0,3,5,True,7,0,True,292,confirmation38,4693,aflink_cached_overlap_safe,4693,4693,oracle_aabb,data37-2,bytetrack,True,5595
46.90746356798649,66.64412725051028,911,9,318,54.40527772238502,54.99611197511665,707,70.92046470062556,4684,3,7,89,True,7,0,True,292,confirmation38,4693,com3d_reciprocal_guard,4693,4693,oracle_aabb,data37-2,bytetrack,True,5595
47.02485274762154,66.5761983079015,911,9,318,54.45144420860464,55.15163297045101,670,71.58176943699732,4684,6,21,143,True,7,0,True,292,confirmation38,4693,controlled_cost_greedy,4693,4693,oracle_aabb,data37-2,bytetrack,True,5595
47.393447842699494,66.64487954724856,911,9,318,54.717847780422424,55.11275272161742,683,71.34941912421804,4684,5,12,93,True,7,0,True,292,confirmation38,4693,controlled_cost_reciprocal,4693,4693,oracle_aabb,data37-2,bytetrack,True,5595
46.92405809731303,66.62813689685677,911,9,318,54.406964984189884,54.801710730948685,677,71.45665773011618,4684,5,13,152,True,7,0,True,292,confirmation38,4693,geometry_greedy,4693,4693,oracle_aabb,data37-2,bytetrack,True,5595
47.78188668178249,66.6334713946007,911,9,318,54.966638282241185,55.94867807153966,670,71.58176943699732,4684,9,18,148,True,7,0,True,292,confirmation38,4693,geometry_reid_greedy_guard,4693,4693,oracle_aabb,data37-2,bytetrack,True,5595
47.24064847291752,66.62886108051335,911,9,318,54.61484717979833,55.346034214618975,686,71.29579982126899,4684,6,20,138,True,7,0,True,292,confirmation38,4693,geometry_reid_hungarian,4693,4693,oracle_aabb,data37-2,bytetrack,True,5595
45.72853131613559,66.64412725051028,911,9,318,53.64480308277129,53.28538102643857,746,70.22341376228776,4684,0,0,0,True,7,0,True,292,confirmation38,4693,no_refinement,4693,4693,oracle_aabb,data37-2,bytetrack,True,5595
76.1670334419495,93.12858167809918,381,0,53,84.22189562225059,83.96706448330096,64,92.04647006255585,5214,3,2,0,True,7,0,True,81,confirmation38,5214,aflink_cached_native_dedup,5214,5214,oracle_aabb,data37-2,deepocsort,True,5595
76.1670334419495,93.12858167809918,381,0,53,84.22189562225059,83.96706448330096,64,92.04647006255585,5214,3,2,0,False,7,0,True,81,confirmation38,5214,aflink_cached_native_saved,5214,5214,oracle_aabb,data37-2,deepocsort,False,5595
76.1670334419495,93.12858167809918,381,0,53,84.22189562225059,83.96706448330096,64,92.04647006255585,5214,3,2,0,True,7,0,True,81,confirmation38,5214,aflink_cached_no_dedup,5214,5214,oracle_aabb,data37-2,deepocsort,True,5595
76.1670334419495,93.12858167809918,381,0,53,84.22189562225059,83.96706448330096,64,92.04647006255585,5214,3,2,0,True,7,0,True,81,confirmation38,5214,aflink_cached_overlap_safe,5214,5214,oracle_aabb,data37-2,deepocsort,True,5595
75.5098504979585,93.19034852546916,381,0,53,83.88557256769977,84.39263576649088,51,92.27882037533513,5214,16,10,0,True,7,0,True,81,confirmation38,5214,com3d_reciprocal_guard,5214,5214,oracle_aabb,data37-2,deepocsort,True,5595
77.47574986476519,93.19034852546916,381,0,53,84.97053684760111,85.59533721898418,50,92.29669347631814,5214,18,9,0,True,7,0,True,81,confirmation38,5214,controlled_cost_greedy,5214,5214,oracle_aabb,data37-2,deepocsort,True,5595
77.68936311563387,93.19034852546916,381,0,53,85.08759501518213,85.59533721898418,50,92.29669347631814,5214,18,7,0,True,7,0,True,81,confirmation38,5214,controlled_cost_reciprocal,5214,5214,oracle_aabb,data37-2,deepocsort,True,5595
75.86433251883363,93.19034852546916,381,0,53,84.08224300101772,84.7441946526043,51,92.27882037533513,5214,17,10,0,True,7,0,True,81,confirmation38,5214,geometry_greedy,5214,5214,oracle_aabb,data37-2,deepocsort,True,5595
77.35509518594695,93.19034852546916,381,0,53,84.90434783095175,85.55833102044592,48,92.33243967828419,5214,20,8,0,True,7,0,True,81,confirmation38,5214,geometry_reid_greedy_guard,5214,5214,oracle_aabb,data37-2,deepocsort,True,5595
77.47574986476519,93.19034852546916,381,0,53,84.97053684760111,85.59533721898418,50,92.29669347631814,5214,18,9,0,True,7,0,True,81,confirmation38,5214,geometry_reid_hungarian,5214,5214,oracle_aabb,data37-2,deepocsort,True,5595
74.41671996318057,93.19034852546916,381,0,53,83.27616747600143,82.11675455638819,67,91.9928507596068,5214,0,0,0,True,7,0,True,81,confirmation38,5214,no_refinement,5214,5214,oracle_aabb,data37-2,deepocsort,True,5595
54.243662503219724,59.267202859696155,2279,0,326,56.69982495062236,52.698911457748856,340,53.19034852546917,3316,0,3,0,False,7,0,True,277,confirmation38,3317,aflink_cached_native_dedup,3316,3316,oracle_aabb,data37-2,ocsort,False,5595
54.243662503219724,59.267202859696155,2279,0,326,56.69982495062236,52.698911457748856,340,53.19034852546917,3316,0,3,0,False,7,0,True,277,confirmation38,3317,aflink_cached_native_saved,3316,3316,oracle_aabb,data37-2,ocsort,False,5595
54.23418855935523,59.28507596067918,2278,0,326,56.70342131130337,52.698911457748856,340,53.20822162645219,3317,0,3,0,True,7,1,False,277,confirmation38,3317,aflink_cached_no_dedup,3317,3317,oracle_aabb,data37-2,ocsort,False,5595
54.23681555368813,59.28507596067918,2278,0,326,56.704794594158855,52.69299820466786,340,53.20822162645219,3317,0,2,0,True,7,0,True,277,confirmation38,3317,aflink_cached_overlap_safe,3317,3317,oracle_aabb,data37-2,ocsort,True,5595
57.711182834269856,59.28507596067918,2278,0,326,58.492835955442715,55.2064631956912,303,53.86952636282395,3317,35,72,0,True,7,0,True,277,confirmation38,3317,com3d_reciprocal_guard,3317,3317,oracle_aabb,data37-2,ocsort,True,5595
57.2964571854908,59.28507596067918,2278,0,326,58.282285615095994,54.95960502692998,280,54.280607685433424,3317,44,130,0,True,7,0,True,277,confirmation38,3317,controlled_cost_greedy,3317,3317,oracle_aabb,data37-2,ocsort,True,5595
57.86239640205611,59.28507596067918,2278,0,326,58.56941664352502,55.40843806104129,291,54.0840035746202,3317,41,73,0,True,7,0,True,277,confirmation38,3317,controlled_cost_reciprocal,3317,3317,oracle_aabb,data37-2,ocsort,True,5595
57.1650111029411,59.28507596067918,2278,0,326,58.21539337263755,54.7576301615799,299,53.94101876675603,3317,32,140,0,True,7,0,True,277,confirmation38,3317,geometry_greedy,3317,3317,oracle_aabb,data37-2,ocsort,True,5595
58.09740275542404,59.28507596067918,2278,0,326,58.688235068653114,56.395870736086174,260,54.63806970509384,3317,68,110,0,True,7,0,True,277,confirmation38,3317,geometry_reid_greedy_guard,3317,3317,oracle_aabb,data37-2,ocsort,True,5595
57.41605420520647,59.28507596067918,2278,0,326,58.343081294341495,54.95960502692998,282,54.244861483467375,3317,48,121,0,True,7,0,True,277,confirmation38,3317,geometry_reid_hungarian,3317,3317,oracle_aabb,data37-2,ocsort,True,5595
55.45858546937165,59.28507596067918,2278,0,326,57.33992023209936,53.343806104129264,340,53.20822162645219,3317,0,0,0,True,7,0,True,277,confirmation38,3317,no_refinement,3317,3317,oracle_aabb,data37-2,ocsort,True,5595
57.41314533570846,50.915650131660364,250,1,55,53.57330118006489,54.92822966507177,87,47.75888717156105,397,0,0,0,True,2,0,True,67,confirmation38,398,aflink_cached_native_dedup,398,398,oracle_aabb,data39-1,bytetrack,True,647
57.4228506760182,50.90514296003812,250,1,55,53.57111054562157,54.92822966507177,87,47.75888717156105,397,0,0,0,False,2,0,True,67,confirmation38,398,aflink_cached_native_saved,398,398,oracle_aabb,data39-1,bytetrack,False,647
57.41314533570846,50.915650131660364,250,1,55,53.57330118006489,54.92822966507177,87,47.75888717156105,397,0,0,0,True,2,0,True,67,confirmation38,398,aflink_cached_no_dedup,398,398,oracle_aabb,data39-1,bytetrack,True,647
57.41314533570846,50.915650131660364,250,1,55,53.57330118006489,54.92822966507177,87,47.75888717156105,397,0,0,0,True,2,0,True,67,confirmation38,398,aflink_cached_overlap_safe,398,398,oracle_aabb,data39-1,bytetrack,True,647
57.57813945740347,50.915650131660364,250,1,55,53.65819532555229,55.311004784689,76,49.45904173106646,397,0,0,28,True,2,0,True,67,confirmation38,398,com3d_reciprocal_guard,398,398,oracle_aabb,data39-1,bytetrack,True,647
58.57485785795223,50.915650131660364,250,1,55,54.14910086899257,57.41626794258373,68,50.695517774343124,397,1,0,40,True,2,0,True,67,confirmation38,398,controlled_cost_greedy,398,398,oracle_aabb,data39-1,bytetrack,True,647
58.09315043228184,50.915650131660364,250,1,55,53.91289998590367,56.26794258373206,73,49.92272024729521,397,0,0,30,True,2,0,True,67,confirmation38,398,controlled_cost_reciprocal,398,398,oracle_aabb,data39-1,bytetrack,True,647
58.159818628327166,50.915650131660364,250,1,55,53.9458958982983,57.0334928229665,69,50.540958268933544,397,0,0,42,True,2,0,True,67,confirmation38,398,geometry_greedy,398,398,oracle_aabb,data39-1,bytetrack,True,647
58.34349781469521,50.915650131660364,250,1,55,54.03724327499035,57.0334928229665,73,49.92272024729521,397,2,1,38,True,2,0,True,67,confirmation38,398,geometry_reid_greedy_guard,398,398,oracle_aabb,data39-1,bytetrack,True,647
58.515573050276046,50.915650131660364,250,1,55,54.12145464929146,57.224880382775126,68,50.695517774343124,397,0,0,41,True,2,0,True,67,confirmation38,398,geometry_reid_hungarian,398,398,oracle_aabb,data39-1,bytetrack,True,647
57.41314533570846,50.915650131660364,250,1,55,53.57330118006489,54.92822966507177,87,47.75888717156105,397,0,0,0,True,2,0,True,67,confirmation38,398,no_refinement,398,398,oracle_aabb,data39-1,bytetrack,True,647
75.04994449095986,73.10664605873262,174,0,13,74.0719226740344,78.39285714285714,11,71.4064914992272,473,0,0,0,True,2,0,True,26,confirmation38,473,aflink_cached_native_dedup,473,473,oracle_aabb,data39-1,deepocsort,True,647
75.04994449095986,73.10664605873262,174,0,13,74.0719226740344,78.39285714285714,11,71.4064914992272,473,0,0,0,False,2,0,True,26,confirmation38,473,aflink_cached_native_saved,473,473,oracle_aabb,data39-1,deepocsort,False,647
75.04994449095986,73.10664605873262,174,0,13,74.0719226740344,78.39285714285714,11,71.4064914992272,473,0,0,0,True,2,0,True,26,confirmation38,473,aflink_cached_no_dedup,473,473,oracle_aabb,data39-1,deepocsort,True,647
75.04994449095986,73.10664605873262,174,0,13,74.0719226740344,78.39285714285714,11,71.4064914992272,473,0,0,0,True,2,0,True,26,confirmation38,473,aflink_cached_overlap_safe,473,473,oracle_aabb,data39-1,deepocsort,True,647
74.86128980951307,73.10664605873262,174,0,13,73.97876599135917,78.03571428571429,10,71.5610510046368,473,0,4,0,True,2,0,True,26,confirmation38,473,com3d_reciprocal_guard,473,473,oracle_aabb,data39-1,deepocsort,True,647
74.26130975047606,73.10664605873262,174,0,13,73.68171610234089,76.60714285714286,8,71.87017001545595,473,2,8,0,True,2,0,True,26,confirmation38,473,controlled_cost_greedy,473,473,oracle_aabb,data39-1,deepocsort,True,647
76.12506167035266,73.10664605873262,174,0,13,74.60058940607418,79.10714285714285,8,71.87017001545595,473,2,3,0,True,2,0,True,26,confirmation38,473,controlled_cost_reciprocal,473,473,oracle_aabb,data39-1,deepocsort,True,647
73.33757246637511,73.10664605873262,174,0,13,73.22201822611788,76.78571428571429,9,71.71561051004637,473,0,10,0,True,2,0,True,26,confirmation38,473,geometry_greedy,473,473,oracle_aabb,data39-1,deepocsort,True,647
74.3440229228678,73.10664605873262,174,0,13,73.7227384895895,76.78571428571429,6,72.17928902627511,473,4,6,0,True,2,0,True,26,confirmation38,473,geometry_reid_greedy_guard,473,473,oracle_aabb,data39-1,deepocsort,True,647
75.25602236765923,73.10664605873262,174,0,13,74.17354913323567,78.39285714285714,6,72.17928902627511,473,4,5,0,True,2,0,True,26,confirmation38,473,geometry_reid_hungarian,473,473,oracle_aabb,data39-1,deepocsort,True,647
75.04994449095986,73.10664605873262,174,0,13,74.0719226740344,78.39285714285714,11,71.4064914992272,473,0,0,0,True,2,0,True,26,confirmation38,473,no_refinement,473,473,oracle_aabb,data39-1,deepocsort,True,647
81.79174276719974,38.33075734157651,399,0,10,55.9923159420485,52.513966480446925,12,36.476043276661514,248,0,0,0,True,2,0,True,20,confirmation38,248,aflink_cached_native_dedup,248,248,oracle_aabb,data39-1,ocsort,True,647
81.79174276719974,38.33075734157651,399,0,10,55.9923159420485,52.513966480446925,12,36.476043276661514,248,0,0,0,False,2,0,True,20,confirmation38,248,aflink_cached_native_saved,248,248,oracle_aabb,data39-1,ocsort,False,647
81.79174276719974,38.33075734157651,399,0,10,55.9923159420485,52.513966480446925,12,36.476043276661514,248,0,0,0,True,2,0,True,20,confirmation38,248,aflink_cached_no_dedup,248,248,oracle_aabb,data39-1,ocsort,True,647
81.79174276719974,38.33075734157651,399,0,10,55.9923159420485,52.513966480446925,12,36.476043276661514,248,0,0,0,True,2,0,True,20,confirmation38,248,aflink_cached_overlap_safe,248,248,oracle_aabb,data39-1,ocsort,True,647
81.73458182287241,38.33075734157651,399,0,10,55.972747138833135,52.06703910614525,10,36.78516228748068,248,2,6,0,True,2,0,True,20,confirmation38,248,com3d_reciprocal_guard,248,248,oracle_aabb,data39-1,ocsort,True,647
81.75410094071293,38.33075734157651,399,0,10,55.979430193931236,51.84357541899441,9,36.93972179289026,248,2,8,0,True,2,0,True,20,confirmation38,248,controlled_cost_greedy,248,248,oracle_aabb,data39-1,ocsort,True,647
81.84151244102115,38.33075734157651,399,0,10,56.00934880753744,52.513966480446925,9,36.93972179289026,248,2,6,0,True,2,0,True,20,confirmation38,248,controlled_cost_reciprocal,248,248,oracle_aabb,data39-1,ocsort,True,647
81.6801009820814,38.33075734157651,399,0,10,55.954089487539925,51.62011173184358,9,36.93972179289026,248,2,8,0,True,2,0,True,20,confirmation38,248,geometry_greedy,248,248,oracle_aabb,data39-1,ocsort,True,647
81.8579170024419,38.33075734157651,399,0,10,56.01496186830364,52.06703910614525,7,37.24884080370943,248,3,8,0,True,2,0,True,20,confirmation38,248,geometry_reid_greedy_guard,248,248,oracle_aabb,data39-1,ocsort,True,647
81.83552847200251,38.33075734157651,399,0,10,56.00730116493743,51.84357541899441,8,37.09428129829985,248,3,8,0,True,2,0,True,20,confirmation38,248,geometry_reid_hungarian,248,248,oracle_aabb,data39-1,ocsort,True,647
81.79174276719974,38.33075734157651,399,0,10,55.9923159420485,52.513966480446925,12,36.476043276661514,248,0,0,0,True,2,0,True,20,confirmation38,248,no_refinement,248,248,oracle_aabb,data39-1,ocsort,True,647
5.092752015652289,11.809821024288757,395,0,25,7.6993173504116825,8.695652173913043,40,5.844155844155844,67,0,0,0,True,1,0,True,39,confirmation38,67,aflink_cached_native_dedup,67,67,oracle_aabb,data39-2,bytetrack,True,462
5.092752015652289,11.809821024288757,395,0,25,7.6993173504116825,8.695652173913043,40,5.844155844155844,67,0,0,0,False,1,0,True,39,confirmation38,67,aflink_cached_native_saved,67,67,oracle_aabb,data39-2,bytetrack,False,462
5.092752015652289,11.809821024288757,395,0,25,7.6993173504116825,8.695652173913043,40,5.844155844155844,67,0,0,0,True,1,0,True,39,confirmation38,67,aflink_cached_no_dedup,67,67,oracle_aabb,data39-2,bytetrack,True,462
5.092752015652289,11.809821024288757,395,0,25,7.6993173504116825,8.695652173913043,40,5.844155844155844,67,0,0,0,True,1,0,True,39,confirmation38,67,aflink_cached_overlap_safe,67,67,oracle_aabb,data39-2,bytetrack,True,462
7.455893916597607,11.809821024288757,395,0,25,9.358162695427062,10.964083175803403,24,9.307359307359308,67,0,1,17,True,1,0,True,39,confirmation38,67,com3d_reciprocal_guard,67,67,oracle_aabb,data39-2,bytetrack,True,462
9.197077939716545,11.809821024288757,395,0,25,10.404032231814442,14.744801512287333,20,10.173160173160174,67,0,1,20,True,1,0,True,39,confirmation38,67,controlled_cost_greedy,67,67,oracle_aabb,data39-2,bytetrack,True,462
7.720341103671699,11.809821024288757,395,0,25,9.525271043596986,12.476370510396976,20,10.173160173160174,67,0,1,19,True,1,0,True,39,confirmation38,67,controlled_cost_reciprocal,67,67,oracle_aabb,data39-2,bytetrack,True,462
8.497053962361152,11.809821024288757,395,0,25,9.996100624560448,13.610586011342155,24,9.307359307359308,67,0,1,22,True,1,0,True,39,confirmation38,67,geometry_greedy,67,67,oracle_aabb,data39-2,bytetrack,True,462
7.818004020687348,11.809821024288757,395,0,25,9.587143047932052,13.23251417769376,21,9.956709956709958,67,0,1,20,True,1,0,True,39,confirmation38,67,geometry_reid_greedy_guard,67,67,oracle_aabb,data39-2,bytetrack,True,462
8.190647345295595,11.809821024288757,395,0,25,9.814759130291069,13.23251417769376,20,10.173160173160174,67,0,1,20,True,1,0,True,39,confirmation38,67,geometry_reid_hungarian,67,67,oracle_aabb,data39-2,bytetrack,True,462
5.092752015652289,11.809821024288757,395,0,25,7.6993173504116825,8.695652173913043,40,5.844155844155844,67,0,0,0,True,1,0,True,39,confirmation38,67,no_refinement,67,67,oracle_aabb,data39-2,bytetrack,True,462
82.81982641871348,94.5887445887446,25,0,6,88.50888886436124,87.65294771968854,7,93.07359307359307,437,0,0,0,True,1,0,True,10,confirmation38,437,aflink_cached_native_dedup,437,437,oracle_aabb,data39-2,deepocsort,True,462
82.81982641871348,94.5887445887446,25,0,6,88.50888886436124,87.65294771968854,7,93.07359307359307,437,0,0,0,True,1,0,True,10,confirmation38,437,aflink_cached_native_saved,437,437,oracle_aabb,data39-2,deepocsort,True,462
82.81982641871348,94.5887445887446,25,0,6,88.50888886436124,87.65294771968854,7,93.07359307359307,437,0,0,0,True,1,0,True,10,confirmation38,437,aflink_cached_no_dedup,437,437,oracle_aabb,data39-2,deepocsort,True,462
82.81982641871348,94.5887445887446,25,0,6,88.50888886436124,87.65294771968854,7,93.07359307359307,437,0,0,0,True,1,0,True,10,confirmation38,437,aflink_cached_overlap_safe,437,437,oracle_aabb,data39-2,deepocsort,True,462
86.43504732865811,94.5887445887446,25,0,6,90.42003436897431,90.98998887652948,4,93.72294372294373,437,3,0,0,True,1,0,True,10,confirmation38,437,com3d_reciprocal_guard,437,437,oracle_aabb,data39-2,deepocsort,True,462
86.43504732865811,94.5887445887446,25,0,6,90.42003436897431,90.98998887652948,4,93.72294372294373,437,3,0,0,True,1,0,True,10,confirmation38,437,controlled_cost_greedy,437,437,oracle_aabb,data39-2,deepocsort,True,462
86.43504732865811,94.5887445887446,25,0,6,90.42003436897431,90.98998887652948,4,93.72294372294373,437,3,0,0,True,1,0,True,10,confirmation38,437,controlled_cost_reciprocal,437,437,oracle_aabb,data39-2,deepocsort,True,462
86.43504732865811,94.5887445887446,25,0,6,90.42003436897431,90.98998887652948,4,93.72294372294373,437,3,0,0,True,1,0,True,10,confirmation38,437,geometry_greedy,437,437,oracle_aabb,data39-2,deepocsort,True,462
86.43504732865811,94.5887445887446,25,0,6,90.42003436897431,90.98998887652948,4,93.72294372294373,437,3,0,0,True,1,0,True,10,confirmation38,437,geometry_reid_greedy_guard,437,437,oracle_aabb,data39-2,deepocsort,True,462
86.43504732865811,94.5887445887446,25,0,6,90.42003436897431,90.98998887652948,4,93.72294372294373,437,3,0,0,True,1,0,True,10,confirmation38,437,geometry_reid_hungarian,437,437,oracle_aabb,data39-2,deepocsort,True,462
82.81982641871348,94.5887445887446,25,0,6,88.50888886436124,87.65294771968854,7,93.07359307359307,437,0,0,0,True,1,0,True,10,confirmation38,437,no_refinement,437,437,oracle_aabb,data39-2,deepocsort,True,462
5.883434781560239,9.956709956709958,416,0,6,7.653734622340555,11.023622047244094,16,6.493506493506493,46,0,0,0,True,1,0,True,10,confirmation38,46,aflink_cached_native_dedup,46,46,oracle_aabb,data39-2,ocsort,True,462
5.883434781560239,9.956709956709958,416,0,6,7.653734622340555,11.023622047244094,16,6.493506493506493,46,0,0,0,True,1,0,True,10,confirmation38,46,aflink_cached_native_saved,46,46,oracle_aabb,data39-2,ocsort,True,462
5.883434781560239,9.956709956709958,416,0,6,7.653734622340555,11.023622047244094,16,6.493506493506493,46,0,0,0,True,1,0,True,10,confirmation38,46,aflink_cached_no_dedup,46,46,oracle_aabb,data39-2,ocsort,True,462
5.883434781560239,9.956709956709958,416,0,6,7.653734622340555,11.023622047244094,16,6.493506493506493,46,0,0,0,True,1,0,True,10,confirmation38,46,aflink_cached_overlap_safe,46,46,oracle_aabb,data39-2,ocsort,True,462
6.882704239563106,9.956709956709958,416,0,6,8.27822987305546,12.598425196850393,10,7.792207792207792,46,7,2,0,True,1,0,True,10,confirmation38,46,com3d_reciprocal_guard,46,46,oracle_aabb,data39-2,ocsort,True,462
7.310592426611508,9.956709956709958,416,0,6,8.531673247581109,13.385826771653544,9,8.008658008658008,46,8,1,0,True,1,0,True,10,confirmation38,46,controlled_cost_greedy,46,46,oracle_aabb,data39-2,ocsort,True,462
7.310592426611508,9.956709956709958,416,0,6,8.531673247581109,13.385826771653544,9,8.008658008658008,46,8,1,0,True,1,0,True,10,confirmation38,46,controlled_cost_reciprocal,46,46,oracle_aabb,data39-2,ocsort,True,462
6.704121766930291,9.956709956709958,416,0,6,8.1701282699717,12.598425196850393,11,7.575757575757576,46,6,3,0,True,1,0,True,10,confirmation38,46,geometry_greedy,46,46,oracle_aabb,data39-2,ocsort,True,462
7.310592426611508,9.956709956709958,416,0,6,8.531673247581109,13.385826771653544,9,8.008658008658008,46,8,1,0,True,1,0,True,10,confirmation38,46,geometry_reid_greedy_guard,46,46,oracle_aabb,data39-2,ocsort,True,462
7.310592426611508,9.956709956709958,416,0,6,8.531673247581109,13.385826771653544,9,8.008658008658008,46,8,1,0,True,1,0,True,10,confirmation38,46,geometry_reid_hungarian,46,46,oracle_aabb,data39-2,ocsort,True,462
5.883434781560239,9.956709956709958,416,0,6,7.653734622340555,11.023622047244094,16,6.493506493506493,46,0,0,0,True,1,0,True,10,confirmation38,46,no_refinement,46,46,oracle_aabb,data39-2,ocsort,True,462
5.251174290570663,19.613011293427864,951,1,141,9.989224519466095,10.175879396984925,192,9.99213217938631,320,0,0,0,True,1,0,True,161,confirmation38,321,aflink_cached_native_dedup,321,321,oracle_aabb,data39-3,bytetrack,True,1271
5.251174290570663,19.613011293427864,951,1,141,9.989224519466095,10.175879396984925,192,9.99213217938631,320,0,0,0,False,1,0,True,161,confirmation38,321,aflink_cached_native_saved,321,321,oracle_aabb,data39-3,bytetrack,False,1271
5.251174290570663,19.613011293427864,951,1,141,9.989224519466095,10.175879396984925,192,9.99213217938631,320,0,0,0,True,1,0,True,161,confirmation38,321,aflink_cached_no_dedup,321,321,oracle_aabb,data39-3,bytetrack,True,1271
5.251174290570663,19.613011293427864,951,1,141,9.989224519466095,10.175879396984925,192,9.99213217938631,320,0,0,0,True,1,0,True,161,confirmation38,321,aflink_cached_overlap_safe,321,321,oracle_aabb,data39-3,bytetrack,True,1271
7.262382259827815,19.613011293427864,951,1,141,11.79335743365816,14.321608040201006,155,12.903225806451612,320,4,0,49,True,1,0,True,161,confirmation38,321,com3d_reciprocal_guard,321,321,oracle_aabb,data39-3,bytetrack,True,1271
12.535564669356544,19.613011293427864,951,1,141,15.585584033026132,20.728643216080403,130,14.870180959874116,320,5,1,71,True,1,0,True,161,confirmation38,321,controlled_cost_greedy,321,321,oracle_aabb,data39-3,bytetrack,True,1271
8.770661366191662,19.613011293427864,951,1,141,12.997204290138633,15.954773869346733,150,13.296616837136114,320,5,1,52,True,1,0,True,161,confirmation38,321,controlled_cost_reciprocal,321,321,oracle_aabb,data39-3,bytetrack,True,1271
8.724800122166817,19.613011293427864,951,1,141,12.973976962910072,16.70854271356784,134,14.555468135326516,320,4,0,83,True,1,0,True,161,confirmation38,321,geometry_greedy,321,321,oracle_aabb,data39-3,bytetrack,True,1271
12.795204529618484,19.613011293427864,951,1,141,15.751631111550568,21.105527638190953,128,15.027537372147915,320,6,1,71,True,1,0,True,161,confirmation38,321,geometry_reid_greedy_guard,321,321,oracle_aabb,data39-3,bytetrack,True,1271
10.685721337832028,19.613011293427864,951,1,141,14.358445608405953,17.713567839195978,145,13.690007867820613,320,5,0,68,True,1,0,True,161,confirmation38,321,geometry_reid_hungarian,321,321,oracle_aabb,data39-3,bytetrack,True,1271
5.251174290570663,19.613011293427864,951,1,141,9.989224519466095,10.175879396984925,192,9.99213217938631,320,0,0,0,True,1,0,True,161,confirmation38,321,no_refinement,321,321,oracle_aabb,data39-3,bytetrack,True,1271
79.35591806664395,89.3784421715185,135,0,17,84.2182185390269,83.17407561279602,16,88.1195908733281,1136,1,0,0,True,1,0,True,38,confirmation38,1136,aflink_cached_native_dedup,1136,1136,oracle_aabb,data39-3,deepocsort,True,1271
79.35591806664395,89.3784421715185,135,0,17,84.2182185390269,83.17407561279602,16,88.1195908733281,1136,1,0,0,False,1,0,True,38,confirmation38,1136,aflink_cached_native_saved,1136,1136,oracle_aabb,data39-3,deepocsort,False,1271
79.35591806664395,89.3784421715185,135,0,17,84.2182185390269,83.17407561279602,16,88.1195908733281,1136,1,0,0,True,1,0,True,38,confirmation38,1136,aflink_cached_no_dedup,1136,1136,oracle_aabb,data39-3,deepocsort,True,1271
79.35591806664395,89.3784421715185,135,0,17,84.2182185390269,83.17407561279602,16,88.1195908733281,1136,1,0,0,True,1,0,True,38,confirmation38,1136,aflink_cached_overlap_safe,1136,1136,oracle_aabb,data39-3,deepocsort,True,1271
80.50437749656307,89.3784421715185,135,0,17,84.82544340367845,84.58662235147486,9,88.67033831628639,1136,8,1,0,True,1,0,True,38,confirmation38,1136,com3d_reciprocal_guard,1136,1136,oracle_aabb,data39-3,deepocsort,True,1271
80.83342281855417,89.3784421715185,135,0,17,84.998620029469,84.58662235147486,9,88.67033831628639,1136,8,1,0,True,1,0,True,38,confirmation38,1136,controlled_cost_greedy,1136,1136,oracle_aabb,data39-3,deepocsort,True,1271
80.83342281855417,89.3784421715185,135,0,17,84.998620029469,84.58662235147486,9,88.67033831628639,1136,8,1,0,True,1,0,True,38,confirmation38,1136,controlled_cost_reciprocal,1136,1136,oracle_aabb,data39-3,deepocsort,True,1271
80.04450399824579,89.3784421715185,135,0,17,84.58281782818004,84.00498545907769,10,88.59166011014949,1136,7,2,0,True,1,0,True,38,confirmation38,1136,geometry_greedy,1136,1136,oracle_aabb,data39-3,deepocsort,True,1271
80.83342281855417,89.3784421715185,135,0,17,84.998620029469,84.58662235147486,9,88.67033831628639,1136,8,1,0,True,1,0,True,38,confirmation38,1136,geometry_reid_greedy_guard,1136,1136,oracle_aabb,data39-3,deepocsort,True,1271
80.83342281855417,89.3784421715185,135,0,17,84.998620029469,84.58662235147486,9,88.67033831628639,1136,8,1,0,True,1,0,True,38,confirmation38,1136,geometry_reid_hungarian,1136,1136,oracle_aabb,data39-3,deepocsort,True,1271
77.83802693607673,89.3784421715185,135,0,17,83.40888195660719,81.34607395097632,17,88.04091266719118,1136,0,0,0,True,1,0,True,38,confirmation38,1136,no_refinement,1136,1136,oracle_aabb,data39-3,deepocsort,True,1271
6.685965585472335,5.428796223446105,1202,0,8,6.024677976498234,4.626865671641791,32,2.911093627065303,69,0,0,0,True,1,0,True,44,confirmation38,69,aflink_cached_native_dedup,69,69,oracle_aabb,data39-3,ocsort,True,1271
6.685965585472335,5.428796223446105,1202,0,8,6.024677976498234,4.626865671641791,32,2.911093627065303,69,0,0,0,False,1,0,True,44,confirmation38,69,aflink_cached_native_saved,69,69,oracle_aabb,data39-3,ocsort,False,1271
6.685965585472335,5.428796223446105,1202,0,8,6.024677976498234,4.626865671641791,32,2.911093627065303,69,0,0,0,True,1,0,True,44,confirmation38,69,aflink_cached_no_dedup,69,69,oracle_aabb,data39-3,ocsort,True,1271
6.685965585472335,5.428796223446105,1202,0,8,6.024677976498234,4.626865671641791,32,2.911093627065303,69,0,0,0,True,1,0,True,44,confirmation38,69,aflink_cached_overlap_safe,69,69,oracle_aabb,data39-3,ocsort,True,1271
7.9539302587546015,5.428796223446105,1202,0,8,6.571169344209651,6.567164179104477,19,3.9339103068450036,69,13,6,0,True,1,0,True,44,confirmation38,69,com3d_reciprocal_guard,69,69,oracle_aabb,data39-3,ocsort,True,1271
12.995201980154702,5.428796223446105,1202,0,8,8.399303746905646,8.358208955223882,13,4.405979543666405,69,19,6,0,True,1,0,True,44,confirmation38,69,controlled_cost_greedy,69,69,oracle_aabb,data39-3,ocsort,True,1271
8.2490072728616,5.428796223446105,1202,0,8,6.691948858896827,7.164179104477612,15,4.248623131392605,69,17,4,0,True,1,0,True,44,confirmation38,69,controlled_cost_reciprocal,69,69,oracle_aabb,data39-3,ocsort,True,1271
7.698982090221103,5.428796223446105,1202,0,8,6.464998445148424,6.567164179104477,18,4.012588512981904,69,12,13,0,True,1,0,True,44,confirmation38,69,geometry_greedy,69,69,oracle_aabb,data39-3,ocsort,True,1271
13.1575977855711,5.428796223446105,1202,0,8,8.451622161924375,8.656716417910449,12,4.484657749803304,69,21,3,0,True,1,0,True,44,confirmation38,69,geometry_reid_greedy_guard,69,69,oracle_aabb,data39-3,ocsort,True,1271
13.155000222332811,5.428796223446105,1202,0,8,8.45078786424278,8.656716417910449,11,4.563335955940205,69,21,4,0,True,1,0,True,44,confirmation38,69,geometry_reid_hungarian,69,69,oracle_aabb,data39-3,ocsort,True,1271
6.685965585472335,5.428796223446105,1202,0,8,6.024677976498234,4.626865671641791,32,2.911093627065303,69,0,0,0,True,1,0,True,44,confirmation38,69,no_refinement,69,69,oracle_aabb,data39-3,ocsort,True,1271
51.92193696785892,56.388094953922696,701,4,132,53.90975383476038,53.3014639976098,203,55.093966369930754,1321,0,0,0,True,4,0,True,163,confirmation38,1325,aflink_cached_native_dedup,1325,1325,oracle_aabb,data39-6,bytetrack,True,2022
51.9231127251196,56.37360157082797,701,4,132,53.90199549541261,53.3014639976098,203,55.093966369930754,1321,0,0,0,False,4,0,True,163,confirmation38,1325,aflink_cached_native_saved,1325,1325,oracle_aabb,data39-6,bytetrack,False,2022
51.92193696785892,56.388094953922696,701,4,132,53.90975383476038,53.3014639976098,203,55.093966369930754,1321,0,0,0,True,4,0,True,163,confirmation38,1325,aflink_cached_no_dedup,1325,1325,oracle_aabb,data39-6,bytetrack,True,2022
51.92193696785892,56.388094953922696,701,4,132,53.90975383476038,53.3014639976098,203,55.093966369930754,1321,0,0,0,True,4,0,True,163,confirmation38,1325,aflink_cached_overlap_safe,1325,1325,oracle_aabb,data39-6,bytetrack,True,2022
52.19692558571032,56.388094953922696,701,4,132,54.057210884944574,54.31729907379743,170,56.726013847675574,1321,1,2,52,True,4,0,True,163,confirmation38,1325,com3d_reciprocal_guard,1325,1325,oracle_aabb,data39-6,bytetrack,True,2022
53.30190538548638,56.388094953922696,701,4,132,54.643201440154,57.842844338213325,125,58.95153313550939,1321,2,2,86,True,4,0,True,163,confirmation38,1325,controlled_cost_greedy,1325,1325,oracle_aabb,data39-6,bytetrack,True,2022
52.49091445850078,56.388094953922696,701,4,132,54.214038718857374,55.39288915446669,154,57.51730959446093,1321,2,2,58,True,4,0,True,163,confirmation38,1325,controlled_cost_reciprocal,1325,1325,oracle_aabb,data39-6,bytetrack,True,2022
52.98883618328919,56.388094953922696,701,4,132,54.47802530865115,56.8270092620257,144,58.01186943620178,1321,3,3,82,True,4,0,True,163,confirmation38,1325,geometry_greedy,1325,1325,oracle_aabb,data39-6,bytetrack,True,2022
53.9184944105706,56.335658662630586,701,4,132,54.94200896816485,59.87451449058858,123,59.05044510385756,1321,4,2,87,True,4,0,True,163,confirmation38,1325,geometry_reid_greedy_guard,1325,1325,oracle_aabb,data39-6,bytetrack,True,2022
53.11104854445089,56.335658662630586,701,4,132,54.51817442371373,57.5440693158052,144,58.01186943620178,1321,2,1,85,True,4,0,True,163,confirmation38,1325,geometry_reid_hungarian,1325,1325,oracle_aabb,data39-6,bytetrack,True,2022
51.92193696785892,56.388094953922696,701,4,132,53.90975383476038,53.3014639976098,203,55.093966369930754,1321,0,0,0,True,4,0,True,163,confirmation38,1325,no_refinement,1325,1325,oracle_aabb,data39-6,bytetrack,True,2022
85.69913667602454,92.53214638971315,151,0,13,89.05012667244183,90.47007449267916,12,91.93867457962413,1871,0,0,0,True,4,0,True,36,confirmation38,1871,aflink_cached_native_dedup,1871,1871,oracle_aabb,data39-6,deepocsort,True,2022
85.69913667602454,92.53214638971315,151,0,13,89.05012667244183,90.47007449267916,12,91.93867457962413,1871,0,0,0,True,4,0,True,36,confirmation38,1871,aflink_cached_native_saved,1871,1871,oracle_aabb,data39-6,deepocsort,True,2022
85.69913667602454,92.53214638971315,151,0,13,89.05012667244183,90.47007449267916,12,91.93867457962413,1871,0,0,0,True,4,0,True,36,confirmation38,1871,aflink_cached_no_dedup,1871,1871,oracle_aabb,data39-6,deepocsort,True,2022
85.69913667602454,92.53214638971315,151,0,13,89.05012667244183,90.47007449267916,12,91.93867457962413,1871,0,0,0,True,4,0,True,36,confirmation38,1871,aflink_cached_overlap_safe,1871,1871,oracle_aabb,data39-6,deepocsort,True,2022
87.18748581477428,92.53214638971315,151,0,13,89.82007125784153,91.65168250706395,9,92.08704253214638,1871,3,0,0,True,4,0,True,36,confirmation38,1871,com3d_reciprocal_guard,1871,1871,oracle_aabb,data39-6,deepocsort,True,2022
86.93958876176315,92.53214638971315,151,0,13,89.69228926928405,91.65168250706395,9,92.08704253214638,1871,3,1,0,True,4,0,True,36,confirmation38,1871,controlled_cost_greedy,1871,1871,oracle_aabb,data39-6,deepocsort,True,2022
87.18748581477428,92.53214638971315,151,0,13,89.82007125784153,91.65168250706395,9,92.08704253214638,1871,3,0,0,True,4,0,True,36,confirmation38,1871,controlled_cost_reciprocal,1871,1871,oracle_aabb,data39-6,deepocsort,True,2022
86.72008004028858,92.53214638971315,151,0,13,89.57898827970553,91.65168250706395,9,92.08704253214638,1871,3,2,0,True,4,0,True,36,confirmation38,1871,geometry_greedy,1871,1871,oracle_aabb,data39-6,deepocsort,True,2022
86.93958876176315,92.53214638971315,151,0,13,89.69228926928405,91.65168250706395,9,92.08704253214638,1871,3,1,0,True,4,0,True,36,confirmation38,1871,geometry_reid_greedy_guard,1871,1871,oracle_aabb,data39-6,deepocsort,True,2022
86.93958876176315,92.53214638971315,151,0,13,89.69228926928405,91.65168250706395,9,92.08704253214638,1871,3,1,0,True,4,0,True,36,confirmation38,1871,geometry_reid_hungarian,1871,1871,oracle_aabb,data39-6,deepocsort,True,2022
85.69913667602454,92.53214638971315,151,0,13,89.05012667244183,90.47007449267916,12,91.93867457962413,1871,0,0,0,True,4,0,True,36,confirmation38,1871,no_refinement,1871,1871,oracle_aabb,data39-6,deepocsort,True,2022
63.93955097027996,52.37388724035609,963,0,24,57.86849602950161,54.26809477442389,56,49.604352126607324,1059,0,0,0,True,4,0,True,71,confirmation38,1059,aflink_cached_native_dedup,1059,1059,oracle_aabb,data39-6,ocsort,True,2022
63.93955097027996,52.37388724035609,963,0,24,57.86849602950161,54.26809477442389,56,49.604352126607324,1059,0,0,0,True,4,0,True,71,confirmation38,1059,aflink_cached_native_saved,1059,1059,oracle_aabb,data39-6,ocsort,True,2022
63.93955097027996,52.37388724035609,963,0,24,57.86849602950161,54.26809477442389,56,49.604352126607324,1059,0,0,0,True,4,0,True,71,confirmation38,1059,aflink_cached_no_dedup,1059,1059,oracle_aabb,data39-6,ocsort,True,2022
63.93955097027996,52.37388724035609,963,0,24,57.86849602950161,54.26809477442389,56,49.604352126607324,1059,0,0,0,True,4,0,True,71,confirmation38,1059,aflink_cached_overlap_safe,1059,1059,oracle_aabb,data39-6,ocsort,True,2022
64.33241145532446,52.37388724035609,963,0,24,58.04600299298268,55.371632586822464,38,50.49455984174085,1059,16,12,0,True,4,0,True,71,confirmation38,1059,com3d_reciprocal_guard,1059,1059,oracle_aabb,data39-6,ocsort,True,2022
64.75019364296847,52.37388724035609,963,0,24,58.23417674053658,55.95585848750406,30,50.89020771513353,1059,24,10,0,True,4,0,True,71,confirmation38,1059,controlled_cost_greedy,1059,1059,oracle_aabb,data39-6,ocsort,True,2022
64.72786804009087,52.37388724035609,963,0,24,58.22413642159382,55.82603050957481,32,50.79129574678536,1059,22,7,0,True,4,0,True,71,confirmation38,1059,controlled_cost_reciprocal,1059,1059,oracle_aabb,data39-6,ocsort,True,2022
64.13942397150278,52.37388724035609,963,0,24,57.95887299408846,55.24180460889322,41,50.346191889218595,1059,13,22,0,True,4,0,True,71,confirmation38,1059,geometry_greedy,1059,1059,oracle_aabb,data39-6,ocsort,True,2022
64.80977984850075,52.37388724035609,963,0,24,58.260965507427706,55.95585848750406,29,50.939663699307616,1059,26,8,0,True,4,0,True,71,confirmation38,1059,geometry_reid_greedy_guard,1059,1059,oracle_aabb,data39-6,ocsort,True,2022
64.73915499459095,52.37388724035609,963,0,24,58.22921263182804,55.89094449853943,31,50.84075173095945,1059,23,11,0,True,4,0,True,71,confirmation38,1059,geometry_reid_hungarian,1059,1059,oracle_aabb,data39-6,ocsort,True,2022
63.93955097027996,52.37388724035609,963,0,24,57.86849602950161,54.26809477442389,56,49.604352126607324,1059,0,0,0,True,4,0,True,71,confirmation38,1059,no_refinement,1059,1059,oracle_aabb,data39-6,ocsort,True,2022
64.36335587695643,36.962614257150065,352,0,12,48.735875493393046,55.45657015590201,20,40.48,273,0,0,0,True,5,0,True,26,confirmation38,273,aflink_cached_native_dedup,273,273,oracle_aabb,data40-3,bytetrack,True,625
64.37064462805111,36.952132576047156,352,0,12,48.731408904371484,55.45657015590201,20,40.48,273,0,0,0,False,5,0,True,26,confirmation38,273,aflink_cached_native_saved,273,273,oracle_aabb,data40-3,bytetrack,False,625
64.36335587695643,36.962614257150065,352,0,12,48.735875493393046,55.45657015590201,20,40.48,273,0,0,0,True,5,0,True,26,confirmation38,273,aflink_cached_no_dedup,273,273,oracle_aabb,data40-3,bytetrack,True,625
64.36335587695643,36.962614257150065,352,0,12,48.735875493393046,55.45657015590201,20,40.48,273,0,0,0,True,5,0,True,26,confirmation38,273,aflink_cached_overlap_safe,273,273,oracle_aabb,data40-3,bytetrack,True,625
65.31872784887479,36.962614257150065,352,0,12,49.10141247766,56.57015590200446,16,41.120000000000005,273,0,0,6,True,5,0,True,26,confirmation38,273,com3d_reciprocal_guard,273,273,oracle_aabb,data40-3,bytetrack,True,625
65.72740497354904,36.962614257150065,352,0,12,49.25608062790694,57.23830734966593,12,41.760000000000005,273,0,0,9,True,5,0,True,26,confirmation38,273,controlled_cost_greedy,273,273,oracle_aabb,data40-3,bytetrack,True,625
64.51062253173102,36.962614257150065,352,0,12,48.79233203359938,56.347438752783965,15,41.28,273,0,0,8,True,5,0,True,26,confirmation38,273,controlled_cost_reciprocal,273,273,oracle_aabb,data40-3,bytetrack,True,625
65.72740497354904,36.962614257150065,352,0,12,49.25608062790694,57.23830734966593,12,41.760000000000005,273,0,0,9,True,5,0,True,26,confirmation38,273,geometry_greedy,273,273,oracle_aabb,data40-3,bytetrack,True,625
65.72740497354904,36.962614257150065,352,0,12,49.25608062790694,57.23830734966593,12,41.760000000000005,273,0,0,9,True,5,0,True,26,confirmation38,273,geometry_reid_greedy_guard,273,273,oracle_aabb,data40-3,bytetrack,True,625
64.51062253173102,36.962614257150065,352,0,12,48.79233203359938,56.347438752783965,15,41.28,273,0,0,8,True,5,0,True,26,confirmation38,273,geometry_reid_hungarian,273,273,oracle_aabb,data40-3,bytetrack,True,625
64.36335587695643,36.962614257150065,352,0,12,48.735875493393046,55.45657015590201,20,40.48,273,0,0,0,True,5,0,True,26,confirmation38,273,no_refinement,273,273,oracle_aabb,data40-3,bytetrack,True,625
66.29142807887331,55.84000000000001,276,0,15,60.84170727325363,59.13757700205339,26,51.68000000000001,349,0,0,0,True,5,0,True,39,confirmation38,349,aflink_cached_native_dedup,349,349,oracle_aabb,data40-3,deepocsort,True,625
66.29142807887331,55.84000000000001,276,0,15,60.84170727325363,59.13757700205339,26,51.68000000000001,349,0,0,0,True,5,0,True,39,confirmation38,349,aflink_cached_native_saved,349,349,oracle_aabb,data40-3,deepocsort,True,625
66.29142807887331,55.84000000000001,276,0,15,60.84170727325363,59.13757700205339,26,51.68000000000001,349,0,0,0,True,5,0,True,39,confirmation38,349,aflink_cached_no_dedup,349,349,oracle_aabb,data40-3,deepocsort,True,625
66.29142807887331,55.84000000000001,276,0,15,60.84170727325363,59.13757700205339,26,51.68000000000001,349,0,0,0,True,5,0,True,39,confirmation38,349,aflink_cached_overlap_safe,349,349,oracle_aabb,data40-3,deepocsort,True,625
74.66612302220702,55.84000000000001,276,0,15,64.57055295999903,65.70841889117042,6,54.879999999999995,349,20,1,0,True,5,0,True,39,confirmation38,349,com3d_reciprocal_guard,349,349,oracle_aabb,data40-3,deepocsort,True,625
74.66612302220702,55.84000000000001,276,0,15,64.57055295999903,65.70841889117042,6,54.879999999999995,349,20,1,0,True,5,0,True,39,confirmation38,349,controlled_cost_greedy,349,349,oracle_aabb,data40-3,deepocsort,True,625
74.66612302220702,55.84000000000001,276,0,15,64.57055295999903,65.70841889117042,6,54.879999999999995,349,20,1,0,True,5,0,True,39,confirmation38,349,controlled_cost_reciprocal,349,349,oracle_aabb,data40-3,deepocsort,True,625
74.56265492689263,55.84000000000001,276,0,15,64.52579833770122,65.70841889117042,6,54.879999999999995,349,20,2,0,True,5,0,True,39,confirmation38,349,geometry_greedy,349,349,oracle_aabb,data40-3,deepocsort,True,625
74.66612302220702,55.84000000000001,276,0,15,64.57055295999903,65.70841889117042,6,54.879999999999995,349,20,1,0,True,5,0,True,39,confirmation38,349,geometry_reid_greedy_guard,349,349,oracle_aabb,data40-3,deepocsort,True,625
74.66612302220702,55.84000000000001,276,0,15,64.57055295999903,65.70841889117042,6,54.879999999999995,349,20,1,0,True,5,0,True,39,confirmation38,349,geometry_reid_hungarian,349,349,oracle_aabb,data40-3,deepocsort,True,625
66.29142807887331,55.84000000000001,276,0,15,60.84170727325363,59.13757700205339,26,51.68000000000001,349,0,0,0,True,5,0,True,39,confirmation38,349,no_refinement,349,349,oracle_aabb,data40-3,deepocsort,True,625
64.92206503111065,34.72,408,0,1,47.47730086978578,42.75534441805225,32,29.599999999999998,217,0,0,0,True,5,0,True,45,confirmation38,217,aflink_cached_native_dedup,217,217,oracle_aabb,data40-3,ocsort,True,625
64.92206503111065,34.72,408,0,1,47.47730086978578,42.75534441805225,32,29.599999999999998,217,0,0,0,True,5,0,True,45,confirmation38,217,aflink_cached_native_saved,217,217,oracle_aabb,data40-3,ocsort,True,625
64.92206503111065,34.72,408,0,1,47.47730086978578,42.75534441805225,32,29.599999999999998,217,0,0,0,True,5,0,True,45,confirmation38,217,aflink_cached_no_dedup,217,217,oracle_aabb,data40-3,ocsort,True,625
64.92206503111065,34.72,408,0,1,47.47730086978578,42.75534441805225,32,29.599999999999998,217,0,0,0,True,5,0,True,45,confirmation38,217,aflink_cached_overlap_safe,217,217,oracle_aabb,data40-3,ocsort,True,625
68.15927380396654,34.72,408,0,1,48.64658247476094,48.9311163895487,8,33.44,217,24,2,0,True,5,0,True,45,confirmation38,217,com3d_reciprocal_guard,217,217,oracle_aabb,data40-3,ocsort,True,625
68.29864662626619,34.72,408,0,1,48.69629360499589,49.8812351543943,4,34.08,217,28,0,0,True,5,0,True,45,confirmation38,217,controlled_cost_greedy,217,217,oracle_aabb,data40-3,ocsort,True,625
68.29864662626619,34.72,408,0,1,48.69629360499589,49.8812351543943,4,34.08,217,28,0,0,True,5,0,True,45,confirmation38,217,controlled_cost_reciprocal,217,217,oracle_aabb,data40-3,ocsort,True,625
68.20313556582313,34.72,408,0,1,48.66223244822804,49.4061757719715,8,33.44,217,24,4,0,True,5,0,True,45,confirmation38,217,geometry_greedy,217,217,oracle_aabb,data40-3,ocsort,True,625
68.29864662626619,34.72,408,0,1,48.69629360499589,49.8812351543943,4,34.08,217,28,0,0,True,5,0,True,45,confirmation38,217,geometry_reid_greedy_guard,217,217,oracle_aabb,data40-3,ocsort,True,625
68.29864662626619,34.72,408,0,1,48.69629360499589,49.8812351543943,4,34.08,217,28,0,0,True,5,0,True,45,confirmation38,217,geometry_reid_hungarian,217,217,oracle_aabb,data40-3,ocsort,True,625
64.92206503111065,34.72,408,0,1,47.47730086978578,42.75534441805225,32,29.599999999999998,217,0,0,0,True,5,0,True,45,confirmation38,217,no_refinement,217,217,oracle_aabb,data40-3,ocsort,True,625
7.461988565625754,15.805474945317421,2248,0,257,10.583760173721798,8.71165644171779,360,5.3013798111837325,506,0,0,0,True,2,0,True,330,confirmation38,506,aflink_cached_native_dedup,506,506,oracle_aabb,data40-4,bytetrack,True,2754
7.461988565625754,15.805474945317421,2248,0,257,10.583760173721798,8.71165644171779,360,5.3013798111837325,506,0,0,0,False,2,0,True,330,confirmation38,506,aflink_cached_native_saved,506,506,oracle_aabb,data40-4,bytetrack,False,2754
7.461988565625754,15.805474945317421,2248,0,257,10.583760173721798,8.71165644171779,360,5.3013798111837325,506,0,0,0,True,2,0,True,330,confirmation38,506,aflink_cached_no_dedup,506,506,oracle_aabb,data40-4,bytetrack,True,2754
7.461988565625754,15.805474945317421,2248,0,257,10.583760173721798,8.71165644171779,360,5.3013798111837325,506,0,0,0,True,2,0,True,330,confirmation38,506,aflink_cached_overlap_safe,506,506,oracle_aabb,data40-4,bytetrack,True,2754
8.266916579992214,15.805474945317421,2248,0,257,11.23904789887985,10.797546012269938,299,7.516339869281046,506,1,2,106,True,2,0,True,330,confirmation38,506,com3d_reciprocal_guard,506,506,oracle_aabb,data40-4,bytetrack,True,2754
8.875066204736063,15.805474945317421,2248,0,257,11.714818823648802,12.024539877300613,271,8.533042846768337,506,2,8,158,True,2,0,True,330,confirmation38,506,controlled_cost_greedy,506,506,oracle_aabb,data40-4,bytetrack,True,2754
9.225812911422693,15.805474945317421,2248,0,257,11.896911611708234,11.96319018404908,286,7.988380537400146,506,1,5,109,True,2,0,True,330,confirmation38,506,controlled_cost_reciprocal,506,506,oracle_aabb,data40-4,bytetrack,True,2754
7.946963280608391,15.805474945317421,2248,0,257,11.059649761114139,10.858895705521473,289,7.879448075526508,506,1,9,166,True,2,0,True,330,confirmation38,506,geometry_greedy,506,506,oracle_aabb,data40-4,bytetrack,True,2754
9.2082290307459,15.805474945317421,2248,0,257,11.945041360096225,12.699386503067483,276,8.351488743645605,506,4,8,159,True,2,0,True,330,confirmation38,506,geometry_reid_greedy_guard,506,506,oracle_aabb,data40-4,bytetrack,True,2754
9.220220715975385,15.805474945317421,2248,0,257,11.942644162258471,12.392638036809817,282,8.133623819898329,506,2,10,145,True,2,0,True,330,confirmation38,506,geometry_reid_hungarian,506,506,oracle_aabb,data40-4,bytetrack,True,2754
7.461988565625754,15.805474945317421,2248,0,257,10.583760173721798,8.71165644171779,360,5.3013798111837325,506,0,0,0,True,2,0,True,330,confirmation38,506,no_refinement,506,506,oracle_aabb,data40-4,bytetrack,True,2754
92.38331693439366,93.89978213507626,168,0,17,93.1384632311231,94.7940074906367,6,93.68191721132898,2586,0,0,0,True,2,0,True,70,confirmation38,2586,aflink_cached_native_dedup,2586,2586,oracle_aabb,data40-4,deepocsort,True,2754
92.38331693439366,93.89978213507626,168,0,17,93.1384632311231,94.7940074906367,6,93.68191721132898,2586,0,0,0,False,2,0,True,70,confirmation38,2586,aflink_cached_native_saved,2586,2586,oracle_aabb,data40-4,deepocsort,False,2754
92.38331693439366,93.89978213507626,168,0,17,93.1384632311231,94.7940074906367,6,93.68191721132898,2586,0,0,0,True,2,0,True,70,confirmation38,2586,aflink_cached_no_dedup,2586,2586,oracle_aabb,data40-4,deepocsort,True,2754
92.38331693439366,93.89978213507626,168,0,17,93.1384632311231,94.7940074906367,6,93.68191721132898,2586,0,0,0,True,2,0,True,70,confirmation38,2586,aflink_cached_overlap_safe,2586,2586,oracle_aabb,data40-4,deepocsort,True,2754
92.25628421123032,93.89978213507626,168,0,17,93.07440565497156,94.7940074906367,6,93.68191721132898,2586,0,2,0,True,2,0,True,70,confirmation38,2586,com3d_reciprocal_guard,2586,2586,oracle_aabb,data40-4,deepocsort,True,2754
93.4057576805705,93.89978213507626,168,0,17,93.65244415586436,95.6179775280899,3,93.79084967320262,2586,3,0,0,True,2,0,True,70,confirmation38,2586,controlled_cost_greedy,2586,2586,oracle_aabb,data40-4,deepocsort,True,2754
93.4057576805705,93.89978213507626,168,0,17,93.65244415586436,95.6179775280899,3,93.79084967320262,2586,3,0,0,True,2,0,True,70,confirmation38,2586,controlled_cost_reciprocal,2586,2586,oracle_aabb,data40-4,deepocsort,True,2754
92.25628421123032,93.89978213507626,168,0,17,93.07440565497156,94.7940074906367,6,93.68191721132898,2586,0,2,0,True,2,0,True,70,confirmation38,2586,geometry_greedy,2586,2586,oracle_aabb,data40-4,deepocsort,True,2754
93.4057576805705,93.89978213507626,168,0,17,93.65244415586436,95.6179775280899,3,93.79084967320262,2586,3,0,0,True,2,0,True,70,confirmation38,2586,geometry_reid_greedy_guard,2586,2586,oracle_aabb,data40-4,deepocsort,True,2754
93.4057576805705,93.89978213507626,168,0,17,93.65244415586436,95.6179775280899,3,93.79084967320262,2586,3,0,0,True,2,0,True,70,confirmation38,2586,geometry_reid_hungarian,2586,2586,oracle_aabb,data40-4,deepocsort,True,2754
92.38331693439366,93.89978213507626,168,0,17,93.1384632311231,94.7940074906367,6,93.68191721132898,2586,0,0,0,True,2,0,True,70,confirmation38,2586,no_refinement,2586,2586,oracle_aabb,data40-4,deepocsort,True,2754
10.713981590307684,9.077705156136528,2504,0,4,9.861965621775811,6.125166444740346,156,3.413217138707335,250,0,0,0,True,2,0,True,221,confirmation38,250,aflink_cached_native_dedup,250,250,oracle_aabb,data40-4,ocsort,True,2754
10.713981590307684,9.077705156136528,2504,0,4,9.861965621775811,6.125166444740346,156,3.413217138707335,250,0,0,0,False,2,0,True,221,confirmation38,250,aflink_cached_native_saved,250,250,oracle_aabb,data40-4,ocsort,False,2754
10.713981590307684,9.077705156136528,2504,0,4,9.861965621775811,6.125166444740346,156,3.413217138707335,250,0,0,0,True,2,0,True,221,confirmation38,250,aflink_cached_no_dedup,250,250,oracle_aabb,data40-4,ocsort,True,2754
10.713981590307684,9.077705156136528,2504,0,4,9.861965621775811,6.125166444740346,156,3.413217138707335,250,0,0,0,True,2,0,True,221,confirmation38,250,aflink_cached_overlap_safe,250,250,oracle_aabb,data40-4,ocsort,True,2754
16.992348241924564,9.077705156136528,2504,0,4,12.419803833015482,11.717709720372836,71,6.499636891793754,250,84,22,0,True,2,0,True,221,confirmation38,250,com3d_reciprocal_guard,250,250,oracle_aabb,data40-4,ocsort,True,2754
20.696645872154345,9.077705156136528,2504,0,4,13.706861382110318,13.581890812250332,48,7.334785766158316,250,111,17,0,True,2,0,True,221,confirmation38,250,controlled_cost_greedy,250,250,oracle_aabb,data40-4,ocsort,True,2754
19.945836421207407,9.077705156136528,2504,0,4,13.455943747067698,13.182423435419441,55,7.080610021786492,250,105,7,0,True,2,0,True,221,confirmation38,250,controlled_cost_reciprocal,250,250,oracle_aabb,data40-4,ocsort,True,2754
17.03264012359785,9.077705156136528,2504,0,4,12.43451989714931,11.51797603195739,85,5.991285403050109,250,72,62,0,True,2,0,True,221,confirmation38,250,geometry_greedy,250,250,oracle_aabb,data40-4,ocsort,True,2754
21.239262071510044,9.077705156136528,2504,0,4,13.885379318516353,13.515312916111851,55,7.080610021786492,250,112,13,0,True,2,0,True,221,confirmation38,250,geometry_reid_greedy_guard,250,250,oracle_aabb,data40-4,ocsort,True,2754
20.94096823435182,9.077705156136528,2504,0,4,13.787528252571848,13.648468708388814,46,7.4074074074074066,250,111,19,0,True,2,0,True,221,confirmation38,250,geometry_reid_hungarian,250,250,oracle_aabb,data40-4,ocsort,True,2754
10.713981590307684,9.077705156136528,2504,0,4,9.861965621775811,6.125166444740346,156,3.413217138707335,250,0,0,0,True,2,0,True,221,confirmation38,250,no_refinement,250,250,oracle_aabb,data40-4,ocsort,True,2754
66.56360684440537,57.518140831289735,1129,2,111,61.85556035461737,70.08773381890416,181,63.39285714285714,2455,3,0,0,True,6,0,True,154,confirmation38,2457,aflink_cached_native_dedup,2457,2457,oracle_aabb,data40-5,bytetrack,True,3584
66.57476408833026,57.51755790281684,1129,2,111,61.86004329598885,70.08773381890416,181,63.39285714285714,2455,3,0,0,False,6,0,True,154,confirmation38,2457,aflink_cached_native_saved,2457,2457,oracle_aabb,data40-5,bytetrack,False,3584
66.56360684440537,57.518140831289735,1129,2,111,61.85556035461737,70.08773381890416,181,63.39285714285714,2455,3,0,0,True,6,0,True,154,confirmation38,2457,aflink_cached_no_dedup,2457,2457,oracle_aabb,data40-5,bytetrack,True,3584
66.56360684440537,57.518140831289735,1129,2,111,61.85556035461737,70.08773381890416,181,63.39285714285714,2455,3,0,0,True,6,0,True,154,confirmation38,2457,aflink_cached_overlap_safe,2457,2457,oracle_aabb,data40-5,bytetrack,True,3584
70.65633777063202,57.518140831289735,1129,2,111,63.73388337755122,74.09369309716935,125,64.95535714285714,2455,9,0,63,True,6,0,True,154,confirmation38,2457,com3d_reciprocal_guard,2457,2457,oracle_aabb,data40-5,bytetrack,True,3584
71.52065234514616,57.481389576173825,1129,2,111,64.10279316019543,74.75583512663466,98,65.70870535714286,2455,10,0,80,True,6,0,True,154,confirmation38,2457,controlled_cost_greedy,2457,2457,oracle_aabb,data40-5,bytetrack,True,3584
71.3121403755353,57.518140831289735,1129,2,111,64.02961780603896,74.35854990895547,123,65.01116071428571,2455,10,0,60,True,6,0,True,154,confirmation38,2457,controlled_cost_reciprocal,2457,2457,oracle_aabb,data40-5,bytetrack,True,3584
71.40677994956292,57.481389576173825,1129,2,111,64.05155566142906,74.45787121337527,101,65.625,2455,10,0,83,True,6,0,True,154,confirmation38,2457,geometry_greedy,2457,2457,oracle_aabb,data40-5,bytetrack,True,3584
71.52517691678786,57.481389576173825,1129,2,111,64.10482137647492,74.75583512663466,94,65.8203125,2455,11,1,79,True,6,0,True,154,confirmation38,2457,geometry_reid_greedy_guard,2457,2457,oracle_aabb,data40-5,bytetrack,True,3584
71.36088250295319,57.518140831289735,1129,2,111,64.05159351837317,74.45787121337527,116,65.20647321428571,2455,10,1,68,True,6,0,True,154,confirmation38,2457,geometry_reid_hungarian,2457,2457,oracle_aabb,data40-5,bytetrack,True,3584
61.48779482852657,57.55137698219039,1129,2,111,59.467805881946234,65.71759642443304,183,63.33705357142857,2455,0,0,0,True,6,0,True,154,confirmation38,2457,no_refinement,2457,2457,oracle_aabb,data40-5,bytetrack,True,3584
86.49868863448023,85.21205357142858,530,0,50,85.85296086786785,86.53208797830672,41,84.06808035714286,3054,2,0,0,True,6,0,True,46,confirmation38,3054,aflink_cached_native_dedup,3054,3054,oracle_aabb,data40-5,deepocsort,True,3584
86.49868863448023,85.21205357142858,530,0,50,85.85296086786785,86.53208797830672,41,84.06808035714286,3054,2,0,0,True,6,0,True,46,confirmation38,3054,aflink_cached_native_saved,3054,3054,oracle_aabb,data40-5,deepocsort,True,3584
86.49868863448023,85.21205357142858,530,0,50,85.85296086786785,86.53208797830672,41,84.06808035714286,3054,2,0,0,True,6,0,True,46,confirmation38,3054,aflink_cached_no_dedup,3054,3054,oracle_aabb,data40-5,deepocsort,True,3584
86.49868863448023,85.21205357142858,530,0,50,85.85296086786785,86.53208797830672,41,84.06808035714286,3054,2,0,0,True,6,0,True,46,confirmation38,3054,aflink_cached_overlap_safe,3054,3054,oracle_aabb,data40-5,deepocsort,True,3584
88.78818441859003,85.21205357142858,530,0,50,86.98174249339209,88.64115697499247,28,84.43080357142857,3054,16,5,0,True,6,0,True,46,confirmation38,3054,com3d_reciprocal_guard,3054,3054,oracle_aabb,data40-5,deepocsort,True,3584
89.09980504376355,85.21205357142858,530,0,50,87.13424906770598,88.82193431756554,26,84.48660714285714,3054,18,4,0,True,6,0,True,46,confirmation38,3054,controlled_cost_greedy,3054,3054,oracle_aabb,data40-5,deepocsort,True,3584
89.2199645586237,85.21205357142858,530,0,50,87.19298366044367,88.82193431756554,26,84.48660714285714,3054,18,2,0,True,6,0,True,46,confirmation38,3054,controlled_cost_reciprocal,3054,3054,oracle_aabb,data40-5,deepocsort,True,3584
88.91506848063338,85.21205357142858,530,0,50,87.04387157450529,88.79180476047001,26,84.48660714285714,3054,17,7,0,True,6,0,True,46,confirmation38,3054,geometry_greedy,3054,3054,oracle_aabb,data40-5,deepocsort,True,3584
89.1805347298345,85.21205357142858,530,0,50,87.173714518353,88.85206387466104,25,84.51450892857143,3054,19,3,0,True,6,0,True,46,confirmation38,3054,geometry_reid_greedy_guard,3054,3054,oracle_aabb,data40-5,deepocsort,True,3584
89.1805347298345,85.21205357142858,530,0,50,87.173714518353,88.85206387466104,25,84.51450892857143,3054,19,3,0,True,6,0,True,46,confirmation38,3054,geometry_reid_hungarian,3054,3054,oracle_aabb,data40-5,deepocsort,True,3584
84.31495659549567,85.21205357142858,530,0,50,84.76231826872157,84.48327809581198,43,84.01227678571429,3054,0,0,0,True,6,0,True,46,confirmation38,3054,no_refinement,3054,3054,oracle_aabb,data40-5,deepocsort,True,3584
76.17565140018702,58.31476161138631,1488,0,47,66.64956827307769,66.86619718309859,55,56.94754464285714,2096,6,0,0,True,6,0,True,65,confirmation38,2096,aflink_cached_native_dedup,2096,2096,oracle_aabb,data40-5,ocsort,True,3584
76.17565140018702,58.31476161138631,1488,0,47,66.64956827307769,66.86619718309859,55,56.94754464285714,2096,6,0,0,True,6,0,True,65,confirmation38,2096,aflink_cached_native_saved,2096,2096,oracle_aabb,data40-5,ocsort,True,3584
76.17565140018702,58.31476161138631,1488,0,47,66.64956827307769,66.86619718309859,55,56.94754464285714,2096,6,0,0,True,6,0,True,65,confirmation38,2096,aflink_cached_no_dedup,2096,2096,oracle_aabb,data40-5,ocsort,True,3584
76.17565140018702,58.31476161138631,1488,0,47,66.64956827307769,66.86619718309859,55,56.94754464285714,2096,6,0,0,True,6,0,True,65,confirmation38,2096,aflink_cached_overlap_safe,2096,2096,oracle_aabb,data40-5,ocsort,True,3584
77.49447172724366,58.31476161138631,1488,0,47,67.22404048267458,68.16901408450704,41,57.33816964285714,2096,19,4,0,True,6,0,True,65,confirmation38,2096,com3d_reciprocal_guard,2096,2096,oracle_aabb,data40-5,ocsort,True,3584
77.24260028511783,58.31476161138631,1488,0,47,67.11470624518877,68.16901408450704,35,57.50558035714286,2096,25,3,0,True,6,0,True,65,confirmation38,2096,controlled_cost_greedy,2096,2096,oracle_aabb,data40-5,ocsort,True,3584
77.2287666159699,58.31476161138631,1488,0,47,67.10869606232151,68.09859154929578,38,57.421875,2096,22,3,0,True,6,0,True,65,confirmation38,2096,controlled_cost_reciprocal,2096,2096,oracle_aabb,data40-5,ocsort,True,3584
77.50215513296335,58.31476161138631,1488,0,47,67.22737295796469,68.16901408450704,39,57.39397321428571,2096,21,7,0,True,6,0,True,65,confirmation38,2096,geometry_greedy,2096,2096,oracle_aabb,data40-5,ocsort,True,3584
77.24260028511783,58.31476161138631,1488,0,47,67.11470624518877,68.16901408450704,35,57.50558035714286,2096,25,3,0,True,6,0,True,65,confirmation38,2096,geometry_reid_greedy_guard,2096,2096,oracle_aabb,data40-5,ocsort,True,3584
77.24260028511783,58.31476161138631,1488,0,47,67.11470624518877,68.16901408450704,35,57.50558035714286,2096,25,3,0,True,6,0,True,65,confirmation38,2096,geometry_reid_hungarian,2096,2096,oracle_aabb,data40-5,ocsort,True,3584
62.9176786861296,58.398405557955115,1488,0,47,60.61593945782761,58.20422535211267,61,56.78013392857143,2096,0,0,0,True,6,0,True,65,confirmation38,2096,no_refinement,2096,2096,oracle_aabb,data40-5,ocsort,True,3584
47.70763201000664,30.41157648437702,218,0,13,38.05396135251702,49.21259842519685,15,35.81267217630854,145,0,0,0,True,5,0,True,18,confirmation38,145,aflink_cached_native_dedup,145,145,oracle_aabb,data41-1,bytetrack,True,363
47.70221619229013,30.41022932857021,218,0,13,38.0502516839194,49.21259842519685,15,35.81267217630854,145,0,0,0,False,5,0,True,18,confirmation38,145,aflink_cached_native_saved,145,145,oracle_aabb,data41-1,bytetrack,False,363
47.70763201000664,30.41157648437702,218,0,13,38.05396135251702,49.21259842519685,15,35.81267217630854,145,0,0,0,True,5,0,True,18,confirmation38,145,aflink_cached_no_dedup,145,145,oracle_aabb,data41-1,bytetrack,True,363
47.70763201000664,30.41157648437702,218,0,13,38.05396135251702,49.21259842519685,15,35.81267217630854,145,0,0,0,True,5,0,True,18,confirmation38,145,aflink_cached_overlap_safe,145,145,oracle_aabb,data41-1,bytetrack,True,363
49.9259943603308,30.41157648437702,218,0,13,38.93918631538861,50.39370078740157,14,36.08815426997245,145,1,0,0,True,5,0,True,18,confirmation38,145,com3d_reciprocal_guard,145,145,oracle_aabb,data41-1,bytetrack,True,363
49.9259943603308,30.41157648437702,218,0,13,38.93918631538861,50.39370078740157,14,36.08815426997245,145,1,0,0,True,5,0,True,18,confirmation38,145,controlled_cost_greedy,145,145,oracle_aabb,data41-1,bytetrack,True,363
49.9259943603308,30.41157648437702,218,0,13,38.93918631538861,50.39370078740157,14,36.08815426997245,145,1,0,0,True,5,0,True,18,confirmation38,145,controlled_cost_reciprocal,145,145,oracle_aabb,data41-1,bytetrack,True,363
49.913827532978964,30.41157648437702,218,0,13,38.9349054222893,50.39370078740157,14,36.08815426997245,145,1,0,1,True,5,0,True,18,confirmation38,145,geometry_greedy,145,145,oracle_aabb,data41-1,bytetrack,True,363
49.9259943603308,30.41157648437702,218,0,13,38.93918631538861,50.39370078740157,14,36.08815426997245,145,1,0,0,True,5,0,True,18,confirmation38,145,geometry_reid_greedy_guard,145,145,oracle_aabb,data41-1,bytetrack,True,363
49.9259943603308,30.41157648437702,218,0,13,38.93918631538861,50.39370078740157,14,36.08815426997245,145,1,0,0,True,5,0,True,18,confirmation38,145,geometry_reid_hungarian,145,145,oracle_aabb,data41-1,bytetrack,True,363
47.70763201000664,30.41157648437702,218,0,13,38.05396135251702,49.21259842519685,15,35.81267217630854,145,0,0,0,True,5,0,True,18,confirmation38,145,no_refinement,145,145,oracle_aabb,data41-1,bytetrack,True,363
78.93686729281407,37.74104683195592,226,0,1,54.581681957099725,50.8,10,34.9862258953168,137,0,0,0,True,5,0,True,14,confirmation38,137,aflink_cached_native_dedup,137,137,oracle_aabb,data41-1,deepocsort,True,363
78.93686729281407,37.74104683195592,226,0,1,54.581681957099725,50.8,10,34.9862258953168,137,0,0,0,True,5,0,True,14,confirmation38,137,aflink_cached_native_saved,137,137,oracle_aabb,data41-1,deepocsort,True,363
78.93686729281407,37.74104683195592,226,0,1,54.581681957099725,50.8,10,34.9862258953168,137,0,0,0,True,5,0,True,14,confirmation38,137,aflink_cached_no_dedup,137,137,oracle_aabb,data41-1,deepocsort,True,363
78.93686729281407,37.74104683195592,226,0,1,54.581681957099725,50.8,10,34.9862258953168,137,0,0,0,True,5,0,True,14,confirmation38,137,aflink_cached_overlap_safe,137,137,oracle_aabb,data41-1,deepocsort,True,363
81.99194360336483,37.74104683195592,226,0,1,55.627886741972134,54.400000000000006,1,37.46556473829201,137,9,0,0,True,5,0,True,14,confirmation38,137,com3d_reciprocal_guard,137,137,oracle_aabb,data41-1,deepocsort,True,363
81.99194360336483,37.74104683195592,226,0,1,55.627886741972134,54.400000000000006,1,37.46556473829201,137,9,0,0,True,5,0,True,14,confirmation38,137,controlled_cost_greedy,137,137,oracle_aabb,data41-1,deepocsort,True,363
81.99194360336483,37.74104683195592,226,0,1,55.627886741972134,54.400000000000006,1,37.46556473829201,137,9,0,0,True,5,0,True,14,confirmation38,137,controlled_cost_reciprocal,137,137,oracle_aabb,data41-1,deepocsort,True,363
81.99194360336483,37.74104683195592,226,0,1,55.627886741972134,54.400000000000006,1,37.46556473829201,137,9,0,0,True,5,0,True,14,confirmation38,137,geometry_greedy,137,137,oracle_aabb,data41-1,deepocsort,True,363
81.99194360336483,37.74104683195592,226,0,1,55.627886741972134,54.400000000000006,1,37.46556473829201,137,9,0,0,True,5,0,True,14,confirmation38,137,geometry_reid_greedy_guard,137,137,oracle_aabb,data41-1,deepocsort,True,363
81.99194360336483,37.74104683195592,226,0,1,55.627886741972134,54.400000000000006,1,37.46556473829201,137,9,0,0,True,5,0,True,14,confirmation38,137,geometry_reid_hungarian,137,137,oracle_aabb,data41-1,deepocsort,True,363
78.93686729281407,37.74104683195592,226,0,1,54.581681957099725,50.8,10,34.9862258953168,137,0,0,0,True,5,0,True,14,confirmation38,137,no_refinement,137,137,oracle_aabb,data41-1,deepocsort,True,363
49.27250799309622,29.75206611570248,255,0,8,38.287842920398084,36.09341825902335,16,25.344352617079892,108,0,0,0,True,5,0,True,22,confirmation38,108,aflink_cached_native_dedup,108,108,oracle_aabb,data41-1,ocsort,True,363
49.27250799309622,29.75206611570248,255,0,8,38.287842920398084,36.09341825902335,16,25.344352617079892,108,0,0,0,True,5,0,True,22,confirmation38,108,aflink_cached_native_saved,108,108,oracle_aabb,data41-1,ocsort,True,363
49.27250799309622,29.75206611570248,255,0,8,38.287842920398084,36.09341825902335,16,25.344352617079892,108,0,0,0,True,5,0,True,22,confirmation38,108,aflink_cached_no_dedup,108,108,oracle_aabb,data41-1,ocsort,True,363
49.27250799309622,29.75206611570248,255,0,8,38.287842920398084,36.09341825902335,16,25.344352617079892,108,0,0,0,True,5,0,True,22,confirmation38,108,aflink_cached_overlap_safe,108,108,oracle_aabb,data41-1,ocsort,True,363
51.916600622324836,29.75206611570248,255,0,8,39.30173194934199,39.490445859872615,6,28.09917355371901,108,10,3,0,True,5,0,True,22,confirmation38,108,com3d_reciprocal_guard,108,108,oracle_aabb,data41-1,ocsort,True,363
51.067069261893714,29.75206611570248,255,0,8,38.97885094528852,38.21656050955414,6,28.09917355371901,108,10,4,0,True,5,0,True,22,confirmation38,108,controlled_cost_greedy,108,108,oracle_aabb,data41-1,ocsort,True,363
52.97130278993023,29.75206611570248,255,0,8,39.69893830873693,39.490445859872615,6,28.09917355371901,108,10,3,0,True,5,0,True,22,confirmation38,108,controlled_cost_reciprocal,108,108,oracle_aabb,data41-1,ocsort,True,363
51.067069261893714,29.75206611570248,255,0,8,38.97885094528852,38.21656050955414,6,28.09917355371901,108,10,4,0,True,5,0,True,22,confirmation38,108,geometry_greedy,108,108,oracle_aabb,data41-1,ocsort,True,363
51.067069261893714,29.75206611570248,255,0,8,38.97885094528852,38.21656050955414,6,28.09917355371901,108,10,4,0,True,5,0,True,22,confirmation38,108,geometry_reid_greedy_guard,108,108,oracle_aabb,data41-1,ocsort,True,363
52.97130278993023,29.75206611570248,255,0,8,39.69893830873693,39.490445859872615,6,28.09917355371901,108,10,3,0,True,5,0,True,22,confirmation38,108,geometry_reid_hungarian,108,108,oracle_aabb,data41-1,ocsort,True,363
49.27250799309622,29.75206611570248,255,0,8,38.287842920398084,36.09341825902335,16,25.344352617079892,108,0,0,0,True,5,0,True,22,confirmation38,108,no_refinement,108,108,oracle_aabb,data41-1,ocsort,True,363
59.804027909718904,61.86001640743643,1737,17,201,60.749784225922966,68.04650343491281,325,68.19642037631941,4800,1,0,0,True,7,0,True,291,confirmation38,4817,aflink_cached_native_dedup,4817,4817,oracle_aabb,data42-1,bytetrack,True,6537
59.81024661902907,61.857907840735784,1737,17,201,60.75106241135062,68.04650343491281,325,68.19642037631941,4800,1,0,0,False,7,0,True,291,confirmation38,4817,aflink_cached_native_saved,4817,4817,oracle_aabb,data42-1,bytetrack,False,6537
59.804027909718904,61.86001640743643,1737,17,201,60.749784225922966,68.04650343491281,325,68.19642037631941,4800,1,0,0,True,7,0,True,291,confirmation38,4817,aflink_cached_no_dedup,4817,4817,oracle_aabb,data42-1,bytetrack,True,6537
59.804027909718904,61.86001640743643,1737,17,201,60.749784225922966,68.04650343491281,325,68.19642037631941,4800,1,0,0,True,7,0,True,291,confirmation38,4817,aflink_cached_overlap_safe,4817,4817,oracle_aabb,data42-1,bytetrack,True,6537
60.27236975189116,61.83002017254387,1737,17,201,60.978522675156235,68.62779637132289,280,68.88480954566315,4800,5,2,57,True,7,0,True,291,confirmation38,4817,com3d_reciprocal_guard,4817,4817,oracle_aabb,data42-1,bytetrack,True,6537
60.483019958436955,61.83002017254387,1737,17,201,61.086066333627684,69.27954905760085,259,69.20605782469022,4800,8,1,72,True,7,0,True,291,confirmation38,4817,controlled_cost_greedy,4817,4817,oracle_aabb,data42-1,bytetrack,True,6537
60.40902123329636,61.83002017254387,1737,17,201,61.04815795963544,69.03293993306325,271,69.0224873795319,4800,7,1,59,True,7,0,True,291,confirmation38,4817,controlled_cost_reciprocal,4817,4817,oracle_aabb,data42-1,bytetrack,True,6537
60.29105176109276,61.83002017254387,1737,17,201,60.98839934083716,69.03293993306325,262,69.16016521340063,4800,6,6,78,True,7,0,True,291,confirmation38,4817,geometry_greedy,4817,4817,oracle_aabb,data42-1,bytetrack,True,6537
60.47812547406487,61.83002017254387,1737,17,201,61.08313760121905,69.2971639950678,259,69.20605782469022,4800,9,1,71,True,7,0,True,291,confirmation38,4817,geometry_reid_greedy_guard,4817,4817,oracle_aabb,data42-1,bytetrack,True,6537
60.42393333486415,61.83002017254387,1737,17,201,61.055806167151594,69.06816980799718,269,69.05308245372494,4800,7,1,72,True,7,0,True,291,confirmation38,4817,geometry_reid_hungarian,4817,4817,oracle_aabb,data42-1,bytetrack,True,6537
58.979639556753185,61.86001640743643,1737,17,201,60.32685180496743,67.27144618636603,326,68.18112283922288,4800,0,0,0,True,7,0,True,291,confirmation38,4817,no_refinement,4817,4817,oracle_aabb,data42-1,bytetrack,True,6537
67.15818160975023,70.71382047813272,1913,0,131,68.91307276552263,67.86130275064959,143,68.54826372953954,4624,1,2,0,True,7,0,True,200,confirmation38,4624,aflink_cached_native_dedup,4624,4624,oracle_aabb,data42-1,deepocsort,True,6537
67.15818160975023,70.71382047813272,1913,0,131,68.91307276552263,67.86130275064959,143,68.54826372953954,4624,1,2,0,True,7,0,True,200,confirmation38,4624,aflink_cached_native_saved,4624,4624,oracle_aabb,data42-1,deepocsort,True,6537
67.15818160975023,70.71382047813272,1913,0,131,68.91307276552263,67.86130275064959,143,68.54826372953954,4624,1,2,0,True,7,0,True,200,confirmation38,4624,aflink_cached_no_dedup,4624,4624,oracle_aabb,data42-1,deepocsort,True,6537
67.15818160975023,70.71382047813272,1913,0,131,68.91307276552263,67.86130275064959,143,68.54826372953954,4624,1,2,0,True,7,0,True,200,confirmation38,4624,aflink_cached_overlap_safe,4624,4624,oracle_aabb,data42-1,deepocsort,True,6537
67.4610830061286,70.71382047813272,1913,0,131,69.06830613926553,67.55667054923394,115,68.97659476824232,4624,28,20,0,True,7,0,True,200,confirmation38,4624,com3d_reciprocal_guard,4624,4624,oracle_aabb,data42-1,deepocsort,True,6537
69.43231454593841,70.68771282500515,1913,0,131,70.05720170908383,69.49198100528626,103,69.16016521340063,4624,39,17,0,True,7,0,True,200,confirmation38,4624,controlled_cost_greedy,4624,4624,oracle_aabb,data42-1,deepocsort,True,6537
69.798834152921,70.68771282500515,1913,0,131,70.24186745813033,69.93996953677986,105,69.12957013920759,4624,38,12,0,True,7,0,True,200,confirmation38,4624,controlled_cost_reciprocal,4624,4624,oracle_aabb,data42-1,deepocsort,True,6537
67.59192268419527,70.71382047813272,1913,0,131,69.13525212545849,68.00465908072754,111,69.03778491662842,4624,28,26,0,True,7,0,True,200,confirmation38,4624,geometry_greedy,4624,4624,oracle_aabb,data42-1,deepocsort,True,6537
69.47601998147806,70.68771282500515,1913,0,131,70.07924763138345,69.47406146402653,102,69.17546275049718,4624,39,17,0,True,7,0,True,200,confirmation38,4624,geometry_reid_greedy_guard,4624,4624,oracle_aabb,data42-1,deepocsort,True,6537
69.80117536779052,70.68771282500515,1913,0,131,70.24304548586812,69.93996953677986,103,69.16016521340063,4624,39,15,0,True,7,0,True,200,confirmation38,4624,geometry_reid_hungarian,4624,4624,oracle_aabb,data42-1,deepocsort,True,6537
67.2884385347192,70.71382047813272,1913,0,131,68.97987070727682,67.61042917301317,144,68.53296619244301,4624,0,0,0,True,7,0,True,200,confirmation38,4624,no_refinement,4624,4624,oracle_aabb,data42-1,deepocsort,True,6537
60.32583076861119,59.79139655939346,2617,0,147,60.05801916768094,60.01721334990915,178,57.24338381520575,3920,2,2,0,True,7,0,True,211,confirmation38,3920,aflink_cached_native_dedup,3920,3920,oracle_aabb,data42-1,ocsort,True,6537
60.32583076861119,59.79139655939346,2617,0,147,60.05801916768094,60.01721334990915,178,57.24338381520575,3920,2,2,0,True,7,0,True,211,confirmation38,3920,aflink_cached_native_saved,3920,3920,oracle_aabb,data42-1,ocsort,True,6537
60.32583076861119,59.79139655939346,2617,0,147,60.05801916768094,60.01721334990915,178,57.24338381520575,3920,2,2,0,True,7,0,True,211,confirmation38,3920,aflink_cached_no_dedup,3920,3920,oracle_aabb,data42-1,ocsort,True,6537
60.32583076861119,59.79139655939346,2617,0,147,60.05801916768094,60.01721334990915,178,57.24338381520575,3920,2,2,0,True,7,0,True,211,confirmation38,3920,aflink_cached_overlap_safe,3920,3920,oracle_aabb,data42-1,ocsort,True,6537
60.708619687345134,59.79139655939346,2617,0,147,60.24826263474519,60.38060629243569,138,57.85528529906685,3920,38,18,0,True,7,0,True,211,confirmation38,3920,com3d_reciprocal_guard,3920,3920,oracle_aabb,data42-1,ocsort,True,6537
61.73339234442557,59.79139655939346,2617,0,147,60.75463552817143,61.22214784354978,128,58.00826067003213,3920,45,19,0,True,7,0,True,211,confirmation38,3920,controlled_cost_greedy,3920,3920,oracle_aabb,data42-1,ocsort,True,6537
62.10238151591376,59.79139655939346,2617,0,147,60.93593451746438,61.16477001051926,134,57.91647544745297,3920,42,13,0,True,7,0,True,211,confirmation38,3920,controlled_cost_reciprocal,3920,3920,oracle_aabb,data42-1,ocsort,True,6537
59.846413130576146,59.79139655939346,2617,0,147,59.81889848523397,60.05546523859615,130,57.97766559583907,3920,41,30,0,True,7,0,True,211,confirmation38,3920,geometry_greedy,3920,3920,oracle_aabb,data42-1,ocsort,True,6537
61.729386079082616,59.79139655939346,2617,0,147,60.752664122373886,61.16477001051926,128,58.00826067003213,3920,45,19,0,True,7,0,True,211,confirmation38,3920,geometry_reid_greedy_guard,3920,3920,oracle_aabb,data42-1,ocsort,True,6537
62.15751046428978,59.79139655939346,2617,0,147,60.96297525744865,61.24127378789328,131,57.96236805874254,3920,44,15,0,True,7,0,True,211,confirmation38,3920,geometry_reid_hungarian,3920,3920,oracle_aabb,data42-1,ocsort,True,6537
59.02664714467226,59.79139655939346,2617,0,147,59.407791262897106,58.75490102323803,180,57.2127887410127,3920,0,0,0,True,7,0,True,211,confirmation38,3920,no_refinement,3920,3920,oracle_aabb,data42-1,ocsort,True,6537
60.640796369196806,41.20775453736596,1050,0,90,49.951635023153315,54.779169413315756,100,43.68266405484819,992,0,0,0,True,4,0,True,119,confirmation38,992,aflink_cached_native_dedup,992,992,oracle_aabb,data42-2,bytetrack,True,2042
60.640796369196806,41.20775453736596,1050,0,90,49.951635023153315,54.779169413315756,100,43.68266405484819,992,0,0,0,False,4,0,True,119,confirmation38,992,aflink_cached_native_saved,992,992,oracle_aabb,data42-2,bytetrack,False,2042
60.640796369196806,41.20775453736596,1050,0,90,49.951635023153315,54.779169413315756,100,43.68266405484819,992,0,0,0,True,4,0,True,119,confirmation38,992,aflink_cached_no_dedup,992,992,oracle_aabb,data42-2,bytetrack,True,2042
60.640796369196806,41.20775453736596,1050,0,90,49.951635023153315,54.779169413315756,100,43.68266405484819,992,0,0,0,True,4,0,True,119,confirmation38,992,aflink_cached_overlap_safe,992,992,oracle_aabb,data42-2,bytetrack,True,2042
61.42899866981267,41.20775453736596,1050,0,90,50.27819491901171,56.03164139749506,73,45.004897159647406,992,0,0,39,True,4,0,True,119,confirmation38,992,com3d_reciprocal_guard,992,992,oracle_aabb,data42-2,bytetrack,True,2042
61.615918906903225,41.20775453736596,1050,0,90,50.35587335702041,56.36123928806855,65,45.39666993143977,992,0,0,44,True,4,0,True,119,confirmation38,992,controlled_cost_greedy,992,992,oracle_aabb,data42-2,bytetrack,True,2042
61.42304269138674,41.20775453736596,1050,0,90,50.276298688229915,56.09756097560976,71,45.1028403525955,992,0,0,39,True,4,0,True,119,confirmation38,992,controlled_cost_reciprocal,992,992,oracle_aabb,data42-2,bytetrack,True,2042
61.48687232305229,41.20775453736596,1050,0,90,50.3020770023241,56.09756097560976,66,45.34769833496572,992,0,0,44,True,4,0,True,119,confirmation38,992,geometry_greedy,992,992,oracle_aabb,data42-2,bytetrack,True,2042
61.60906603284031,41.20775453736596,1050,0,90,50.35306690111302,56.36123928806855,67,45.29872673849167,992,0,0,44,True,4,0,True,119,confirmation38,992,geometry_reid_greedy_guard,992,992,oracle_aabb,data42-2,bytetrack,True,2042
61.438475506143156,41.20775453736596,1050,0,90,50.28263100266147,56.163480553724455,69,45.20078354554358,992,0,0,43,True,4,0,True,119,confirmation38,992,geometry_reid_hungarian,992,992,oracle_aabb,data42-2,bytetrack,True,2042
60.640796369196806,41.20775453736596,1050,0,90,49.951635023153315,54.779169413315756,100,43.68266405484819,992,0,0,0,True,4,0,True,119,confirmation38,992,no_refinement,992,992,oracle_aabb,data42-2,bytetrack,True,2042
72.95902694810252,75.56317335945153,499,0,50,74.24968418395035,76.59693165969317,53,72.96767874632712,1543,3,0,0,True,4,0,True,85,confirmation38,1543,aflink_cached_native_dedup,1543,1543,oracle_aabb,data42-2,deepocsort,True,2042
72.95902694810252,75.56317335945153,499,0,50,74.24968418395035,76.59693165969317,53,72.96767874632712,1543,3,0,0,False,4,0,True,85,confirmation38,1543,aflink_cached_native_saved,1543,1543,oracle_aabb,data42-2,deepocsort,False,2042
72.95902694810252,75.56317335945153,499,0,50,74.24968418395035,76.59693165969317,53,72.96767874632712,1543,3,0,0,True,4,0,True,85,confirmation38,1543,aflink_cached_no_dedup,1543,1543,oracle_aabb,data42-2,deepocsort,True,2042
72.95902694810252,75.56317335945153,499,0,50,74.24968418395035,76.59693165969317,53,72.96767874632712,1543,3,0,0,True,4,0,True,85,confirmation38,1543,aflink_cached_overlap_safe,1543,1543,oracle_aabb,data42-2,deepocsort,True,2042
73.62871679443046,75.56317335945153,499,0,50,74.58967416051307,78.04741980474198,34,73.89813907933399,1543,22,6,0,True,4,0,True,85,confirmation38,1543,com3d_reciprocal_guard,1543,1543,oracle_aabb,data42-2,deepocsort,True,2042
74.95775191153115,75.56317335945153,499,0,50,75.25985385533104,78.99581589958159,30,74.09402546523016,1543,27,4,0,True,4,0,True,85,confirmation38,1543,controlled_cost_greedy,1543,1543,oracle_aabb,data42-2,deepocsort,True,2042
75.50605894810592,75.56317335945153,499,0,50,75.53461075549865,79.442119944212,30,74.09402546523016,1543,27,2,0,True,4,0,True,85,confirmation38,1543,controlled_cost_reciprocal,1543,1543,oracle_aabb,data42-2,deepocsort,True,2042
72.84945261805723,75.56317335945153,499,0,50,74.19390687461748,77.54532775453278,34,73.89813907933399,1543,21,12,0,True,4,0,True,85,confirmation38,1543,geometry_greedy,1543,1543,oracle_aabb,data42-2,deepocsort,True,2042
74.95775191153115,75.56317335945153,499,0,50,75.25985385533104,78.99581589958159,30,74.09402546523016,1543,27,4,0,True,4,0,True,85,confirmation38,1543,geometry_reid_greedy_guard,1543,1543,oracle_aabb,data42-2,deepocsort,True,2042
75.50605894810592,75.56317335945153,499,0,50,75.53461075549865,79.442119944212,30,74.09402546523016,1543,27,2,0,True,4,0,True,85,confirmation38,1543,geometry_reid_hungarian,1543,1543,oracle_aabb,data42-2,deepocsort,True,2042
69.71248578867933,75.56317335945153,499,0,50,72.57889947476663,74.14225941422595,56,72.820763956905,1543,0,0,0,True,4,0,True,85,confirmation38,1543,no_refinement,1543,1543,oracle_aabb,data42-2,deepocsort,True,2042
68.37057900143752,38.348105055701325,1255,0,17,51.204317645811,48.21491693177801,57,35.74926542605289,787,0,0,0,True,4,0,True,80,confirmation38,787,aflink_cached_native_dedup,787,787,oracle_aabb,data42-2,ocsort,True,2042
68.37057900143752,38.348105055701325,1255,0,17,51.204317645811,48.21491693177801,57,35.74926542605289,787,0,0,0,False,4,0,True,80,confirmation38,787,aflink_cached_native_saved,787,787,oracle_aabb,data42-2,ocsort,False,2042
68.37057900143752,38.348105055701325,1255,0,17,51.204317645811,48.21491693177801,57,35.74926542605289,787,0,0,0,True,4,0,True,80,confirmation38,787,aflink_cached_no_dedup,787,787,oracle_aabb,data42-2,ocsort,True,2042
68.37057900143752,38.348105055701325,1255,0,17,51.204317645811,48.21491693177801,57,35.74926542605289,787,0,0,0,True,4,0,True,80,confirmation38,787,aflink_cached_overlap_safe,787,787,oracle_aabb,data42-2,ocsort,True,2042
68.69713506315149,38.348105055701325,1255,0,17,51.32645469143222,50.47720042417816,27,37.21841332027424,787,30,3,0,True,4,0,True,80,confirmation38,787,com3d_reciprocal_guard,787,787,oracle_aabb,data42-2,ocsort,True,2042
69.13922322055716,38.348105055701325,1255,0,17,51.49134095604067,50.75998586072817,23,37.414299706170425,787,34,1,0,True,4,0,True,80,confirmation38,787,controlled_cost_greedy,787,787,oracle_aabb,data42-2,ocsort,True,2042
69.13922322055716,38.348105055701325,1255,0,17,51.49134095604067,50.75998586072817,23,37.414299706170425,787,34,1,0,True,4,0,True,80,confirmation38,787,controlled_cost_reciprocal,787,787,oracle_aabb,data42-2,ocsort,True,2042
68.57360198926183,38.348105055701325,1255,0,17,51.28028560854481,50.33580770590314,29,37.12047012732615,787,28,9,0,True,4,0,True,80,confirmation38,787,geometry_greedy,787,787,oracle_aabb,data42-2,ocsort,True,2042
69.13922322055716,38.348105055701325,1255,0,17,51.49134095604067,50.75998586072817,23,37.414299706170425,787,34,1,0,True,4,0,True,80,confirmation38,787,geometry_reid_greedy_guard,787,787,oracle_aabb,data42-2,ocsort,True,2042
69.13922322055716,38.348105055701325,1255,0,17,51.49134095604067,50.75998586072817,23,37.414299706170425,787,34,1,0,True,4,0,True,80,confirmation38,787,geometry_reid_hungarian,787,787,oracle_aabb,data42-2,ocsort,True,2042
68.37057900143752,38.348105055701325,1255,0,17,51.204317645811,48.21491693177801,57,35.74926542605289,787,0,0,0,True,4,0,True,80,confirmation38,787,no_refinement,787,787,oracle_aabb,data42-2,ocsort,True,2042
59.032126035626185,78.8384911582783,115,0,56,68.16675013547977,75.50615323541088,115,82.53606681852695,1202,0,0,0,True,5,0,True,46,confirmation38,1202,aflink_cached_native_dedup,1202,1202,oracle_aabb,data42-3,bytetrack,True,1317
59.03299888706122,78.84700152171766,115,0,56,68.17098396962103,75.50615323541088,115,82.53606681852695,1202,0,0,0,False,5,0,True,46,confirmation38,1202,aflink_cached_native_saved,1202,1202,oracle_aabb,data42-3,bytetrack,False,1317
59.032126035626185,78.8384911582783,115,0,56,68.16675013547977,75.50615323541088,115,82.53606681852695,1202,0,0,0,True,5,0,True,46,confirmation38,1202,aflink_cached_no_dedup,1202,1202,oracle_aabb,data42-3,bytetrack,True,1317
59.032126035626185,78.8384911582783,115,0,56,68.16675013547977,75.50615323541088,115,82.53606681852695,1202,0,0,0,True,5,0,True,46,confirmation38,1202,aflink_cached_overlap_safe,1202,1202,oracle_aabb,data42-3,bytetrack,True,1317
59.62559851894401,78.8384911582783,115,0,56,68.51227453539292,76.45891226677253,113,82.6879271070615,1202,2,0,6,True,5,0,True,46,confirmation38,1202,com3d_reciprocal_guard,1202,1202,oracle_aabb,data42-3,bytetrack,True,1317
59.875642842415346,78.8384911582783,115,0,56,68.657755126907,77.09408495434697,107,83.14350797266515,1202,2,1,17,True,5,0,True,46,confirmation38,1202,controlled_cost_greedy,1202,1202,oracle_aabb,data42-3,bytetrack,True,1317
59.667024751378925,78.8384911582783,115,0,56,68.53638642420758,76.53830885271933,109,82.9916476841306,1202,2,1,7,True,5,0,True,46,confirmation38,1202,controlled_cost_reciprocal,1202,1202,oracle_aabb,data42-3,bytetrack,True,1317
59.81612946604747,78.8384911582783,115,0,56,68.62321548282694,76.93529178245335,109,82.9916476841306,1202,2,0,19,True,5,0,True,46,confirmation38,1202,geometry_greedy,1202,1202,oracle_aabb,data42-3,bytetrack,True,1317
59.95061721894089,78.8384911582783,115,0,56,68.70123501122445,77.41167129813418,105,83.2953682611997,1202,2,1,17,True,5,0,True,46,confirmation38,1202,geometry_reid_greedy_guard,1202,1202,oracle_aabb,data42-3,bytetrack,True,1317
59.722778252752754,78.8384911582783,115,0,56,68.56885625547523,76.77649861055976,108,83.06757782839787,1202,2,1,13,True,5,0,True,46,confirmation38,1202,geometry_reid_hungarian,1202,1202,oracle_aabb,data42-3,bytetrack,True,1317
59.032126035626185,78.8384911582783,115,0,56,68.16675013547977,75.50615323541088,115,82.53606681852695,1202,0,0,0,True,5,0,True,46,confirmation38,1202,no_refinement,1202,1202,oracle_aabb,data42-3,bytetrack,True,1317
97.07587985658247,94.38116932422173,74,0,5,95.71904227499311,96.171875,8,93.77372817008353,1243,0,0,0,True,5,0,True,16,confirmation38,1243,aflink_cached_native_dedup,1243,1243,oracle_aabb,data42-3,deepocsort,True,1317
97.07587985658247,94.38116932422173,74,0,5,95.71904227499311,96.171875,8,93.77372817008353,1243,0,0,0,True,5,0,True,16,confirmation38,1243,aflink_cached_native_saved,1243,1243,oracle_aabb,data42-3,deepocsort,True,1317
97.07587985658247,94.38116932422173,74,0,5,95.71904227499311,96.171875,8,93.77372817008353,1243,0,0,0,True,5,0,True,16,confirmation38,1243,aflink_cached_no_dedup,1243,1243,oracle_aabb,data42-3,deepocsort,True,1317
97.07587985658247,94.38116932422173,74,0,5,95.71904227499311,96.171875,8,93.77372817008353,1243,0,0,0,True,5,0,True,16,confirmation38,1243,aflink_cached_overlap_safe,1243,1243,oracle_aabb,data42-3,deepocsort,True,1317
97.83964078877048,94.38116932422173,74,0,5,96.09484743682137,96.953125,1,94.30523917995444,1243,7,0,0,True,5,0,True,16,confirmation38,1243,com3d_reciprocal_guard,1243,1243,oracle_aabb,data42-3,deepocsort,True,1317
97.83964078877048,94.38116932422173,74,0,5,96.09484743682137,96.953125,1,94.30523917995444,1243,7,0,0,True,5,0,True,16,confirmation38,1243,controlled_cost_greedy,1243,1243,oracle_aabb,data42-3,deepocsort,True,1317
97.83964078877048,94.38116932422173,74,0,5,96.09484743682137,96.953125,1,94.30523917995444,1243,7,0,0,True,5,0,True,16,confirmation38,1243,controlled_cost_reciprocal,1243,1243,oracle_aabb,data42-3,deepocsort,True,1317
97.83964078877048,94.38116932422173,74,0,5,96.09484743682137,96.953125,1,94.30523917995444,1243,7,0,0,True,5,0,True,16,confirmation38,1243,geometry_greedy,1243,1243,oracle_aabb,data42-3,deepocsort,True,1317
97.83964078877048,94.38116932422173,74,0,5,96.09484743682137,96.953125,1,94.30523917995444,1243,7,0,0,True,5,0,True,16,confirmation38,1243,geometry_reid_greedy_guard,1243,1243,oracle_aabb,data42-3,deepocsort,True,1317
97.83964078877048,94.38116932422173,74,0,5,96.09484743682137,96.953125,1,94.30523917995444,1243,7,0,0,True,5,0,True,16,confirmation38,1243,geometry_reid_hungarian,1243,1243,oracle_aabb,data42-3,deepocsort,True,1317
97.07587985658247,94.38116932422173,74,0,5,95.71904227499311,96.171875,8,93.77372817008353,1243,0,0,0,True,5,0,True,16,confirmation38,1243,no_refinement,1243,1243,oracle_aabb,data42-3,deepocsort,True,1317
67.53843746839166,80.67416216837715,253,0,27,73.81467904671145,74.9265014699706,72,75.32270311313592,1064,0,0,0,True,5,0,True,55,confirmation38,1064,aflink_cached_native_dedup,1064,1064,oracle_aabb,data42-3,ocsort,True,1317
67.53843746839166,80.67416216837715,253,0,27,73.81467904671145,74.9265014699706,72,75.32270311313592,1064,0,0,0,True,5,0,True,55,confirmation38,1064,aflink_cached_native_saved,1064,1064,oracle_aabb,data42-3,ocsort,True,1317
67.53843746839166,80.67416216837715,253,0,27,73.81467904671145,74.9265014699706,72,75.32270311313592,1064,0,0,0,True,5,0,True,55,confirmation38,1064,aflink_cached_no_dedup,1064,1064,oracle_aabb,data42-3,ocsort,True,1317
67.53843746839166,80.67416216837715,253,0,27,73.81467904671145,74.9265014699706,72,75.32270311313592,1064,0,0,0,True,5,0,True,55,confirmation38,1064,aflink_cached_overlap_safe,1064,1064,oracle_aabb,data42-3,ocsort,True,1317
69.47375762385334,80.78967350037965,253,0,27,74.91837021235594,77.36245275094498,49,77.06909643128323,1064,21,6,0,True,5,0,True,55,confirmation38,1064,com3d_reciprocal_guard,1064,1064,oracle_aabb,data42-3,ocsort,True,1317
69.5770152758165,80.78967350037965,253,0,27,74.97402448357794,77.95044099118019,40,77.75246772968869,1064,31,5,0,True,5,0,True,55,confirmation38,1064,controlled_cost_greedy,1064,1064,oracle_aabb,data42-3,ocsort,True,1317
69.59399903804254,80.78967350037965,253,0,27,74.98317451181428,77.95044099118019,41,77.67653758542141,1064,29,4,0,True,5,0,True,55,confirmation38,1064,controlled_cost_reciprocal,1064,1064,oracle_aabb,data42-3,ocsort,True,1317
69.47251677150462,80.78967350037965,253,0,27,74.91770116080384,77.44645107097858,49,77.06909643128323,1064,18,17,0,True,5,0,True,55,confirmation38,1064,geometry_greedy,1064,1064,oracle_aabb,data42-3,ocsort,True,1317
69.6517866413864,80.78967350037965,253,0,27,75.01429931336898,78.28643427131458,38,77.90432801822324,1064,33,3,0,True,5,0,True,55,confirmation38,1064,geometry_reid_greedy_guard,1064,1064,oracle_aabb,data42-3,ocsort,True,1317
69.68647179624182,80.78967350037965,253,0,27,75.03297477650605,78.37043259134818,39,77.82839787395595,1064,31,4,0,True,5,0,True,55,confirmation38,1064,geometry_reid_hungarian,1064,1064,oracle_aabb,data42-3,ocsort,True,1317
67.53843746839166,80.67416216837715,253,0,27,73.81467904671145,74.9265014699706,72,75.32270311313592,1064,0,0,0,True,5,0,True,55,confirmation38,1064,no_refinement,1064,1064,oracle_aabb,data42-3,ocsort,True,1317
37.71951904125644,67.10806620173578,1531,36,493,50.15106208884732,55.690142888228046,749,69.68983117393012,6110,3,1,1,True,7,0,True,466,confirmation38,6146,aflink_cached_native_dedup,6146,6146,oracle_aabb,data46-11,bytetrack,True,7641
37.718736609750366,67.10560068073485,1531,36,493,50.14940180687787,55.690142888228046,749,69.68983117393012,6110,3,1,1,False,7,0,True,466,confirmation38,6146,aflink_cached_native_saved,6146,6146,oracle_aabb,data46-11,bytetrack,False,7641
37.71951904125644,67.10806620173578,1531,36,493,50.15106208884732,55.690142888228046,749,69.68983117393012,6110,3,1,1,True,7,0,True,466,confirmation38,6146,aflink_cached_no_dedup,6146,6146,oracle_aabb,data46-11,bytetrack,True,7641
37.71951904125644,67.10806620173578,1531,36,493,50.15106208884732,55.690142888228046,749,69.68983117393012,6110,3,1,1,True,7,0,True,466,confirmation38,6146,aflink_cached_overlap_safe,6146,6146,oracle_aabb,data46-11,bytetrack,True,7641
41.87806366192832,67.1422075175091,1531,36,493,52.876948460985886,60.83992166533692,636,71.16869519696375,6110,46,16,110,True,7,0,True,466,confirmation38,6146,com3d_reciprocal_guard,6146,6146,oracle_aabb,data46-11,bytetrack,True,7641
44.36843649085713,67.13239554477302,1531,36,493,54.44851975612251,64.42300718067744,532,72.52977358984425,6110,58,22,191,True,7,0,True,466,confirmation38,6146,controlled_cost_greedy,6146,6146,oracle_aabb,data46-11,bytetrack,True,7641
42.29537683285135,67.11783292337756,1531,36,493,53.133271830049765,61.33313991441213,611,71.49587750294464,6110,49,12,125,True,7,0,True,466,confirmation38,6146,controlled_cost_reciprocal,6146,6146,oracle_aabb,data46-11,bytetrack,True,7641
43.14626643594464,67.18076065752628,1531,36,493,53.705460750418666,63.05940378617538,560,72.16332940714565,6110,51,31,190,True,7,0,True,466,confirmation38,6146,geometry_greedy,6146,6146,oracle_aabb,data46-11,bytetrack,True,7641
45.094943527418486,67.14818219361395,1531,36,493,54.91063543890547,65.20635381156161,538,72.45124983640885,6110,65,14,196,True,7,0,True,466,confirmation38,6146,geometry_reid_greedy_guard,6146,6146,oracle_aabb,data46-11,bytetrack,True,7641
43.23539793673083,67.14283900316197,1531,36,493,53.74630431666713,63.08841662435628,603,71.60057584085853,6110,50,19,175,True,7,0,True,466,confirmation38,6146,geometry_reid_hungarian,6146,6146,oracle_aabb,data46-11,bytetrack,True,7641
37.58549515628597,67.10806620173578,1531,36,493,50.06106071623934,55.6466236309567,751,69.66365658945163,6110,0,0,0,True,7,0,True,466,confirmation38,6146,no_refinement,6146,6146,oracle_aabb,data46-11,bytetrack,True,7641
94.4686306258257,94.67731108938807,381,0,32,94.57290905222415,95.4969465136568,26,94.67347205863106,7260,1,0,0,True,7,0,True,21,confirmation38,7260,aflink_cached_native_dedup,7260,7260,oracle_aabb,data46-11,deepocsort,True,7641
94.4686306258257,94.67731108938807,381,0,32,94.57290905222415,95.4969465136568,26,94.67347205863106,7260,1,0,0,False,7,0,True,21,confirmation38,7260,aflink_cached_native_saved,7260,7260,oracle_aabb,data46-11,deepocsort,False,7641
94.4686306258257,94.67731108938807,381,0,32,94.57290905222415,95.4969465136568,26,94.67347205863106,7260,1,0,0,True,7,0,True,21,confirmation38,7260,aflink_cached_no_dedup,7260,7260,oracle_aabb,data46-11,deepocsort,True,7641
94.4686306258257,94.67731108938807,381,0,32,94.57290905222415,95.4969465136568,26,94.67347205863106,7260,1,0,0,True,7,0,True,21,confirmation38,7260,aflink_cached_overlap_safe,7260,7260,oracle_aabb,data46-11,deepocsort,True,7641
94.27766613597171,94.67731108938807,381,0,32,94.47727295769106,95.38957116972016,22,94.72582122758801,7260,5,2,0,True,7,0,True,21,confirmation38,7260,com3d_reciprocal_guard,7260,7260,oracle_aabb,data46-11,deepocsort,True,7641
94.41622677458746,94.67731108938807,381,0,32,94.5466745814979,95.44325884168848,21,94.73890851982725,7260,6,1,0,True,7,0,True,21,confirmation38,7260,controlled_cost_greedy,7260,7260,oracle_aabb,data46-11,deepocsort,True,7641
94.41622677458746,94.67731108938807,381,0,32,94.5466745814979,95.44325884168848,21,94.73890851982725,7260,6,1,0,True,7,0,True,21,confirmation38,7260,controlled_cost_reciprocal,7260,7260,oracle_aabb,data46-11,deepocsort,True,7641
94.27766613597171,94.67731108938807,381,0,32,94.47727295769106,95.38957116972016,22,94.72582122758801,7260,5,2,0,True,7,0,True,21,confirmation38,7260,geometry_greedy,7260,7260,oracle_aabb,data46-11,deepocsort,True,7641
94.41622677458746,94.67731108938807,381,0,32,94.5466745814979,95.44325884168848,21,94.73890851982725,7260,6,1,0,True,7,0,True,21,confirmation38,7260,geometry_reid_greedy_guard,7260,7260,oracle_aabb,data46-11,deepocsort,True,7641
94.41622677458746,94.67731108938807,381,0,32,94.5466745814979,95.44325884168848,21,94.73890851982725,7260,6,1,0,True,7,0,True,21,confirmation38,7260,geometry_reid_hungarian,7260,7260,oracle_aabb,data46-11,deepocsort,True,7641
93.94391506586915,94.67731108938807,381,0,32,94.3098961059697,94.97349171196564,27,94.66038476639184,7260,0,0,0,True,7,0,True,21,confirmation38,7260,no_refinement,7260,7260,oracle_aabb,data46-11,deepocsort,True,7641
41.73738701994174,64.40780018191936,2701,0,305,51.847981572578185,53.84309673316906,414,59.23308467478079,4940,11,6,0,True,7,0,True,339,confirmation38,4940,aflink_cached_native_dedup,4940,4940,oracle_aabb,data46-11,ocsort,True,7641
41.73738701994174,64.40780018191936,2701,0,305,51.847981572578185,53.84309673316906,414,59.23308467478079,4940,11,6,0,False,7,0,True,339,confirmation38,4940,aflink_cached_native_saved,4940,4940,oracle_aabb,data46-11,ocsort,False,7641
41.73738701994174,64.40780018191936,2701,0,305,51.847981572578185,53.84309673316906,414,59.23308467478079,4940,11,6,0,True,7,0,True,339,confirmation38,4940,aflink_cached_no_dedup,4940,4940,oracle_aabb,data46-11,ocsort,True,7641
41.73738701994174,64.40780018191936,2701,0,305,51.847981572578185,53.84309673316906,414,59.23308467478079,4940,11,6,0,True,7,0,True,339,confirmation38,4940,aflink_cached_overlap_safe,4940,4940,oracle_aabb,data46-11,ocsort,True,7641
46.773456848350186,64.40780018191936,2701,0,305,54.88693094697813,58.08759240123996,311,60.581075775422065,4940,122,39,0,True,7,0,True,339,confirmation38,4940,com3d_reciprocal_guard,4940,4940,oracle_aabb,data46-11,ocsort,True,7641
50.248308569584275,64.44624644106095,2701,0,305,56.906192881980054,61.15571099276686,238,61.536448108886276,4940,177,37,0,True,7,0,True,339,confirmation38,4940,controlled_cost_greedy,4940,4940,oracle_aabb,data46-11,ocsort,True,7641
49.18559350573998,64.42475447625733,2701,0,305,56.29182629579622,60.027024878785475,264,61.196178510666144,4940,160,20,0,True,7,0,True,339,confirmation38,4940,controlled_cost_reciprocal,4940,4940,oracle_aabb,data46-11,ocsort,True,7641
48.10398295692556,64.40780018191936,2701,0,305,55.662117902642215,59.677291153326436,287,60.89517078916372,4940,129,82,0,True,7,0,True,339,confirmation38,4940,geometry_greedy,4940,4940,oracle_aabb,data46-11,ocsort,True,7641
51.598797291251316,64.44624644106095,2701,0,305,57.66583651404503,62.26850011922741,239,61.523360816647035,4940,188,28,0,True,7,0,True,339,confirmation38,4940,geometry_reid_greedy_guard,4940,4940,oracle_aabb,data46-11,ocsort,True,7641
49.91932690804548,64.43041932223935,2701,0,305,56.71263581026014,60.853668229870436,252,61.353226017536976,4940,174,32,0,True,7,0,True,339,confirmation38,4940,geometry_reid_hungarian,4940,4940,oracle_aabb,data46-11,ocsort,True,7641
40.63041321832863,64.40780018191936,2701,0,305,51.155795978984166,52.82568953183372,422,59.1283863368669,4940,0,0,0,True,7,0,True,339,confirmation38,4940,no_refinement,4940,4940,oracle_aabb,data46-11,ocsort,True,7641
74.58176380063013,75.12344843474142,575,3,191,74.70810553555923,80.98360655737706,219,82.5065847234416,3981,0,1,0,True,7,0,True,145,confirmation38,3984,aflink_cached_native_dedup,3984,3984,oracle_aabb,data46-12,bytetrack,True,4556
74.59056969221164,75.11812154591013,575,3,191,74.70934273805433,80.98360655737706,219,82.5065847234416,3981,0,1,0,False,7,0,True,145,confirmation38,3984,aflink_cached_native_saved,3984,3984,oracle_aabb,data46-12,bytetrack,False,4556
74.58176380063013,75.12344843474142,575,3,191,74.70810553555923,80.98360655737706,219,82.5065847234416,3981,0,1,0,True,7,0,True,145,confirmation38,3984,aflink_cached_no_dedup,3984,3984,oracle_aabb,data46-12,bytetrack,True,4556
74.58176380063013,75.12344843474142,575,3,191,74.70810553555923,80.98360655737706,219,82.5065847234416,3981,0,1,0,True,7,0,True,145,confirmation38,3984,aflink_cached_overlap_safe,3984,3984,oracle_aabb,data46-12,bytetrack,True,4556
75.8187139196994,75.12344843474142,575,3,191,75.34015191751608,83.86416861826697,166,83.66988586479368,3981,4,0,69,True,7,0,True,145,confirmation38,3984,com3d_reciprocal_guard,3984,3984,oracle_aabb,data46-12,bytetrack,True,4556
77.53783166591278,75.12344843474142,575,3,191,76.20855459781433,87.096018735363,115,84.7892888498683,3981,5,0,108,True,7,0,True,145,confirmation38,3984,controlled_cost_greedy,3984,3984,oracle_aabb,data46-12,bytetrack,True,4556
76.73238494503559,75.12344843474142,575,3,191,75.80354544182296,85.99531615925059,151,83.99912203687445,3981,5,0,81,True,7,0,True,145,confirmation38,3984,controlled_cost_reciprocal,3984,3984,oracle_aabb,data46-12,bytetrack,True,4556
77.05187383488487,75.12344843474142,575,3,191,75.96366516685298,86.3231850117096,122,84.63564530289727,3981,5,1,109,True,7,0,True,145,confirmation38,3984,geometry_greedy,3984,3984,oracle_aabb,data46-12,bytetrack,True,4556
78.01132674198382,75.12344843474142,575,3,191,76.44528620820131,88.00936768149883,118,84.72344161545216,3981,5,0,108,True,7,0,True,145,confirmation38,3984,geometry_reid_greedy_guard,3984,3984,oracle_aabb,data46-12,bytetrack,True,4556
76.72968538439513,75.12344843474142,575,3,191,75.80237312230793,86.04215456674473,149,84.04302019315189,3981,6,0,98,True,7,0,True,145,confirmation38,3984,geometry_reid_hungarian,3984,3984,oracle_aabb,data46-12,bytetrack,True,4556
74.58033510185098,75.12344843474142,575,3,191,74.70732473714371,80.91334894613583,219,82.5065847234416,3981,0,0,0,True,7,0,True,145,confirmation38,3984,no_refinement,3984,3984,oracle_aabb,data46-12,bytetrack,True,4556
97.7716081357378,97.87093942054432,97,0,13,97.8212611700646,98.56905158069883,3,97.80509218612818,4459,0,0,0,True,7,0,True,14,confirmation38,4459,aflink_cached_native_dedup,4459,4459,oracle_aabb,data46-12,deepocsort,True,4556
97.7716081357378,97.87093942054432,97,0,13,97.8212611700646,98.56905158069883,3,97.80509218612818,4459,0,0,0,False,7,0,True,14,confirmation38,4459,aflink_cached_native_saved,4459,4459,oracle_aabb,data46-12,deepocsort,False,4556
97.7716081357378,97.87093942054432,97,0,13,97.8212611700646,98.56905158069883,3,97.80509218612818,4459,0,0,0,True,7,0,True,14,confirmation38,4459,aflink_cached_no_dedup,4459,4459,oracle_aabb,data46-12,deepocsort,True,4556
97.7716081357378,97.87093942054432,97,0,13,97.8212611700646,98.56905158069883,3,97.80509218612818,4459,0,0,0,True,7,0,True,14,confirmation38,4459,aflink_cached_overlap_safe,4459,4459,oracle_aabb,data46-12,deepocsort,True,4556
98.22719157168318,97.87093942054432,97,0,13,98.04890369485223,98.92401552967277,0,97.87093942054433,4459,3,0,0,True,7,0,True,14,confirmation38,4459,com3d_reciprocal_guard,4459,4459,oracle_aabb,data46-12,deepocsort,True,4556
98.22719157168318,97.87093942054432,97,0,13,98.04890369485223,98.92401552967277,0,97.87093942054433,4459,3,0,0,True,7,0,True,14,confirmation38,4459,controlled_cost_greedy,4459,4459,oracle_aabb,data46-12,deepocsort,True,4556
98.22719157168318,97.87093942054432,97,0,13,98.04890369485223,98.92401552967277,0,97.87093942054433,4459,3,0,0,True,7,0,True,14,confirmation38,4459,controlled_cost_reciprocal,4459,4459,oracle_aabb,data46-12,deepocsort,True,4556
97.69893646728993,97.87093942054432,97,0,13,97.78490012492597,98.41375485302274,0,97.87093942054433,4459,3,1,0,True,7,0,True,14,confirmation38,4459,geometry_greedy,4459,4459,oracle_aabb,data46-12,deepocsort,True,4556
98.22719157168318,97.87093942054432,97,0,13,98.04890369485223,98.92401552967277,0,97.87093942054433,4459,3,0,0,True,7,0,True,14,confirmation38,4459,geometry_reid_greedy_guard,4459,4459,oracle_aabb,data46-12,deepocsort,True,4556
98.22719157168318,97.87093942054432,97,0,13,98.04890369485223,98.92401552967277,0,97.87093942054433,4459,3,0,0,True,7,0,True,14,confirmation38,4459,geometry_reid_hungarian,4459,4459,oracle_aabb,data46-12,deepocsort,True,4556
97.7716081357378,97.87093942054432,97,0,13,97.8212611700646,98.56905158069883,3,97.80509218612818,4459,0,0,0,True,7,0,True,14,confirmation38,4459,no_refinement,4459,4459,oracle_aabb,data46-12,deepocsort,True,4556
86.39872424813582,76.93151887620718,1051,0,88,81.52781786222224,80.33742711822354,137,73.9244951712028,3505,1,0,0,True,7,0,True,152,confirmation38,3505,aflink_cached_native_dedup,3505,3505,oracle_aabb,data46-12,ocsort,True,4556
86.39872424813582,76.93151887620718,1051,0,88,81.52781786222224,80.33742711822354,137,73.9244951712028,3505,1,0,0,False,7,0,True,152,confirmation38,3505,aflink_cached_native_saved,3505,3505,oracle_aabb,data46-12,ocsort,False,4556
86.39872424813582,76.93151887620718,1051,0,88,81.52781786222224,80.33742711822354,137,73.9244951712028,3505,1,0,0,True,7,0,True,152,confirmation38,3505,aflink_cached_no_dedup,3505,3505,oracle_aabb,data46-12,ocsort,True,4556
86.39872424813582,76.93151887620718,1051,0,88,81.52781786222224,80.33742711822354,137,73.9244951712028,3505,1,0,0,True,7,0,True,152,confirmation38,3505,aflink_cached_overlap_safe,3505,3505,oracle_aabb,data46-12,ocsort,True,4556
88.96052708552158,76.89677954145448,1051,0,88,82.70899600377412,83.38915767274531,82,75.13169446883231,3505,57,17,0,True,7,0,True,152,confirmation38,3505,com3d_reciprocal_guard,3505,3505,oracle_aabb,data46-12,ocsort,True,4556
89.41779699653812,76.89882303173404,1051,0,88,82.92239334517012,84.82818508869867,55,75.7243195785777,3505,85,14,0,True,7,0,True,152,confirmation38,3505,controlled_cost_greedy,3505,3505,oracle_aabb,data46-12,ocsort,True,4556
89.27153745456839,76.89677954145448,1051,0,88,82.85344721552241,84.25753628582062,65,75.50482879719051,3505,77,5,0,True,7,0,True,152,confirmation38,3505,controlled_cost_reciprocal,3505,3505,oracle_aabb,data46-12,ocsort,True,4556
89.1389404779045,76.89882303173404,1051,0,88,82.7929923382648,84.15829301575486,76,75.26338893766462,3505,66,38,0,True,7,0,True,152,confirmation38,3505,geometry_greedy,3505,3505,oracle_aabb,data46-12,ocsort,True,4556
89.43774407469247,76.89882303173404,1051,0,88,82.93164187993544,84.90261754124798,55,75.7243195785777,3505,86,13,0,True,7,0,True,152,confirmation38,3505,geometry_reid_greedy_guard,3505,3505,oracle_aabb,data46-12,ocsort,True,4556
89.38331157560235,76.89677954145448,1051,0,88,82.90530010410836,84.72894181863292,56,75.70237050043899,3505,82,15,0,True,7,0,True,152,confirmation38,3505,geometry_reid_hungarian,3505,3505,oracle_aabb,data46-12,ocsort,True,4556
86.27431181624698,76.93151887620718,1051,0,88,81.46909750343005,80.16375139560849,138,73.90254609306409,3505,0,0,0,True,7,0,True,152,confirmation38,3505,no_refinement,3505,3505,oracle_aabb,data46-12,ocsort,True,4556
8.701329827659327,25.560825053202237,169,0,23,14.888225669703017,14.860681114551083,44,13.414634146341465,77,0,0,0,True,2,0,True,28,confirmation38,77,aflink_cached_native_dedup,77,77,oracle_aabb,data47-1,bytetrack,True,246
8.701329827659327,25.560825053202237,169,0,23,14.888225669703017,14.860681114551083,44,13.414634146341465,77,0,0,0,False,2,0,True,28,confirmation38,77,aflink_cached_native_saved,77,77,oracle_aabb,data47-1,bytetrack,False,246
8.701329827659327,25.560825053202237,169,0,23,14.888225669703017,14.860681114551083,44,13.414634146341465,77,0,0,0,True,2,0,True,28,confirmation38,77,aflink_cached_no_dedup,77,77,oracle_aabb,data47-1,bytetrack,True,246
8.701329827659327,25.560825053202237,169,0,23,14.888225669703017,14.860681114551083,44,13.414634146341465,77,0,0,0,True,2,0,True,28,confirmation38,77,aflink_cached_overlap_safe,77,77,oracle_aabb,data47-1,bytetrack,True,246
10.900151442620123,25.560825053202237,169,0,23,16.674100941205978,15.479876160990713,41,14.634146341463413,77,0,0,8,True,2,0,True,28,confirmation38,77,com3d_reciprocal_guard,77,77,oracle_aabb,data47-1,bytetrack,True,246
11.327362535766946,25.560825053202237,169,0,23,17.000798691936893,16.09907120743034,39,15.447154471544716,77,0,0,13,True,2,0,True,28,confirmation38,77,controlled_cost_greedy,77,77,oracle_aabb,data47-1,bytetrack,True,246
11.000500917763874,25.560825053202237,169,0,23,16.751705156559694,15.479876160990713,40,15.040650406504067,77,0,0,8,True,2,0,True,28,confirmation38,77,controlled_cost_reciprocal,77,77,oracle_aabb,data47-1,bytetrack,True,246
11.353200312479474,25.560825053202237,169,0,23,17.019940856848443,17.3374613003096,40,15.040650406504067,77,0,0,13,True,2,0,True,28,confirmation38,77,geometry_greedy,77,77,oracle_aabb,data47-1,bytetrack,True,246
11.648797937768629,25.560825053202237,169,0,23,17.24286848744127,17.956656346749224,39,15.447154471544716,77,0,0,13,True,2,0,True,28,confirmation38,77,geometry_reid_greedy_guard,77,77,oracle_aabb,data47-1,bytetrack,True,246
11.42771463300715,25.560825053202237,169,0,23,17.073445539370862,16.718266253869967,37,16.260162601626014,77,0,0,14,True,2,0,True,28,confirmation38,77,geometry_reid_hungarian,77,77,oracle_aabb,data47-1,bytetrack,True,246
8.701329827659327,25.560825053202237,169,0,23,14.888225669703017,14.860681114551083,44,13.414634146341465,77,0,0,0,True,2,0,True,28,confirmation38,77,no_refinement,77,77,oracle_aabb,data47-1,bytetrack,True,246
87.59090873354629,95.24479964663826,8,0,2,91.33771700048766,91.73553719008265,8,93.4959349593496,238,0,0,0,True,2,0,True,4,confirmation38,238,aflink_cached_native_dedup,238,238,oracle_aabb,data47-1,deepocsort,True,246
87.59090873354629,95.24479964663826,8,0,2,91.33771700048766,91.73553719008265,8,93.4959349593496,238,0,0,0,True,2,0,True,4,confirmation38,238,aflink_cached_native_saved,238,238,oracle_aabb,data47-1,deepocsort,True,246
87.59090873354629,95.24479964663826,8,0,2,91.33771700048766,91.73553719008265,8,93.4959349593496,238,0,0,0,True,2,0,True,4,confirmation38,238,aflink_cached_no_dedup,238,238,oracle_aabb,data47-1,deepocsort,True,246
87.59090873354629,95.24479964663826,8,0,2,91.33771700048766,91.73553719008265,8,93.4959349593496,238,0,0,0,True,2,0,True,4,confirmation38,238,aflink_cached_overlap_safe,238,238,oracle_aabb,data47-1,deepocsort,True,246
93.56180952831951,95.24479964663826,8,0,2,94.39955209273228,96.28099173553719,5,94.71544715447155,238,3,0,0,True,2,0,True,4,confirmation38,238,com3d_reciprocal_guard,238,238,oracle_aabb,data47-1,deepocsort,True,246
95.56218562358039,95.24479964663826,8,0,2,95.40335988088302,97.52066115702479,4,95.1219512195122,238,4,0,0,True,2,0,True,4,confirmation38,238,controlled_cost_greedy,238,238,oracle_aabb,data47-1,deepocsort,True,246
93.56180952831951,95.24479964663826,8,0,2,94.39955209273228,96.28099173553719,5,94.71544715447155,238,3,0,0,True,2,0,True,4,confirmation38,238,controlled_cost_reciprocal,238,238,oracle_aabb,data47-1,deepocsort,True,246
95.56218562358039,95.24479964663826,8,0,2,95.40335988088302,97.52066115702479,4,95.1219512195122,238,4,0,0,True,2,0,True,4,confirmation38,238,geometry_greedy,238,238,oracle_aabb,data47-1,deepocsort,True,246
95.56218562358039,95.24479964663826,8,0,2,95.40335988088302,97.52066115702479,4,95.1219512195122,238,4,0,0,True,2,0,True,4,confirmation38,238,geometry_reid_greedy_guard,238,238,oracle_aabb,data47-1,deepocsort,True,246
93.56180952831951,95.24479964663826,8,0,2,94.39955209273228,96.28099173553719,5,94.71544715447155,238,3,0,0,True,2,0,True,4,confirmation38,238,geometry_reid_hungarian,238,238,oracle_aabb,data47-1,deepocsort,True,246
87.59090873354629,95.24479964663826,8,0,2,91.33771700048766,91.73553719008265,8,93.4959349593496,238,0,0,0,True,2,0,True,4,confirmation38,238,no_refinement,238,238,oracle_aabb,data47-1,deepocsort,True,246
8.056171470805618,13.414634146341466,213,0,2,10.395700693125546,10.75268817204301,17,6.504065040650407,33,0,0,0,True,2,0,True,21,confirmation38,33,aflink_cached_native_dedup,33,33,oracle_aabb,data47-1,ocsort,True,246
8.056171470805618,13.414634146341466,213,0,2,10.395700693125546,10.75268817204301,17,6.504065040650407,33,0,0,0,True,2,0,True,21,confirmation38,33,aflink_cached_native_saved,33,33,oracle_aabb,data47-1,ocsort,True,246
8.056171470805618,13.414634146341466,213,0,2,10.395700693125546,10.75268817204301,17,6.504065040650407,33,0,0,0,True,2,0,True,21,confirmation38,33,aflink_cached_no_dedup,33,33,oracle_aabb,data47-1,ocsort,True,246
8.056171470805618,13.414634146341466,213,0,2,10.395700693125546,10.75268817204301,17,6.504065040650407,33,0,0,0,True,2,0,True,21,confirmation38,33,aflink_cached_overlap_safe,33,33,oracle_aabb,data47-1,ocsort,True,246
9.654113454453785,13.414634146341466,213,0,2,11.380087873068916,11.469534050179211,15,7.317073170731707,33,2,6,0,True,2,0,True,21,confirmation38,33,com3d_reciprocal_guard,33,33,oracle_aabb,data47-1,ocsort,True,246
11.263421316017611,13.414634146341466,213,0,2,12.292057443344467,16.48745519713262,9,9.75609756097561,33,8,6,0,True,2,0,True,21,confirmation38,33,controlled_cost_greedy,33,33,oracle_aabb,data47-1,ocsort,True,246
10.995048941730735,13.414634146341466,213,0,2,12.1447337959478,15.053763440860216,9,9.75609756097561,33,8,3,0,True,2,0,True,21,confirmation38,33,controlled_cost_reciprocal,33,33,oracle_aabb,data47-1,ocsort,True,246
9.90210537727683,13.414634146341466,213,0,2,11.525325197784623,12.186379928315413,15,7.317073170731707,33,2,12,0,True,2,0,True,21,confirmation38,33,geometry_greedy,33,33,oracle_aabb,data47-1,ocsort,True,246
11.263421316017611,13.414634146341466,213,0,2,12.292057443344467,16.48745519713262,7,10.569105691056912,33,10,4,0,True,2,0,True,21,confirmation38,33,geometry_reid_greedy_guard,33,33,oracle_aabb,data47-1,ocsort,True,246
11.8890059332487,13.414634146341466,213,0,2,12.628802989920073,17.921146953405017,5,11.38211382113821,33,12,1,0,True,2,0,True,21,confirmation38,33,geometry_reid_hungarian,33,33,oracle_aabb,data47-1,ocsort,True,246
8.056171470805618,13.414634146341466,213,0,2,10.395700693125546,10.75268817204301,17,6.504065040650407,33,0,0,0,True,2,0,True,21,confirmation38,33,no_refinement,33,33,oracle_aabb,data47-1,ocsort,True,246
30.71100290046796,51.542403738938205,513,0,129,39.73317336746009,42.21149627029399,190,49.64183381088825,883,0,0,0,True,5,0,True,110,confirmation38,883,aflink_cached_native_dedup,883,883,oracle_aabb,data47-2,bytetrack,True,1396
30.71073163223021,51.525670018242955,513,0,129,39.72633731740699,42.21149627029399,190,49.64183381088825,883,0,0,0,False,5,0,True,110,confirmation38,883,aflink_cached_native_saved,883,883,oracle_aabb,data47-2,bytetrack,False,1396
30.71100290046796,51.542403738938205,513,0,129,39.73317336746009,42.21149627029399,190,49.64183381088825,883,0,0,0,True,5,0,True,110,confirmation38,883,aflink_cached_no_dedup,883,883,oracle_aabb,data47-2,bytetrack,True,1396
30.71100290046796,51.542403738938205,513,0,129,39.73317336746009,42.21149627029399,190,49.64183381088825,883,0,0,0,True,5,0,True,110,confirmation38,883,aflink_cached_overlap_safe,883,883,oracle_aabb,data47-2,bytetrack,True,1396
31.331713177470473,51.542403738938205,513,0,129,40.1373988741663,44.142167617376046,172,50.931232091690546,883,2,3,31,True,5,0,True,110,confirmation38,883,com3d_reciprocal_guard,883,883,oracle_aabb,data47-2,bytetrack,True,1396
33.09134646681773,51.542403738938205,513,0,129,41.25792134526121,48.00351031154015,132,53.796561604584525,883,3,2,61,True,5,0,True,110,confirmation38,883,controlled_cost_greedy,883,883,oracle_aabb,data47-2,bytetrack,True,1396
31.88771144449774,51.542403738938205,513,0,129,40.49346772998247,44.75647213690215,158,51.93409742120344,883,3,1,41,True,5,0,True,110,confirmation38,883,controlled_cost_reciprocal,883,883,oracle_aabb,data47-2,bytetrack,True,1396
32.411187068470525,51.542403738938205,513,0,129,40.82961453943927,46.95041684949539,144,52.93696275071633,883,5,6,57,True,5,0,True,110,confirmation38,883,geometry_greedy,883,883,oracle_aabb,data47-2,bytetrack,True,1396
33.84399073580806,51.47479228288854,513,0,129,41.70151205744877,49.49539271610355,138,53.36676217765043,883,8,2,59,True,5,0,True,110,confirmation38,883,geometry_reid_greedy_guard,883,883,oracle_aabb,data47-2,bytetrack,True,1396
32.6971701217971,51.542403738938205,513,0,129,41.00996757799757,47.03817463799913,150,52.50716332378224,883,4,1,59,True,5,0,True,110,confirmation38,883,geometry_reid_hungarian,883,883,oracle_aabb,data47-2,bytetrack,True,1396
30.71100290046796,51.542403738938205,513,0,129,39.73317336746009,42.21149627029399,190,49.64183381088825,883,0,0,0,True,5,0,True,110,confirmation38,883,no_refinement,883,883,oracle_aabb,data47-2,bytetrack,True,1396
88.59546718272779,79.08309455587391,292,0,10,83.70426338265864,84.88,9,78.43839541547278,1104,0,0,0,True,5,0,True,11,confirmation38,1104,aflink_cached_native_dedup,1104,1104,oracle_aabb,data47-2,deepocsort,True,1396
88.59546718272779,79.08309455587391,292,0,10,83.70426338265864,84.88,9,78.43839541547278,1104,0,0,0,True,5,0,True,11,confirmation38,1104,aflink_cached_native_saved,1104,1104,oracle_aabb,data47-2,deepocsort,True,1396
88.59546718272779,79.08309455587391,292,0,10,83.70426338265864,84.88,9,78.43839541547278,1104,0,0,0,True,5,0,True,11,confirmation38,1104,aflink_cached_no_dedup,1104,1104,oracle_aabb,data47-2,deepocsort,True,1396
88.59546718272779,79.08309455587391,292,0,10,83.70426338265864,84.88,9,78.43839541547278,1104,0,0,0,True,5,0,True,11,confirmation38,1104,aflink_cached_overlap_safe,1104,1104,oracle_aabb,data47-2,deepocsort,True,1396
89.94820298613811,79.08309455587391,292,0,10,84.34086934507908,86.0,5,78.72492836676219,1104,4,1,0,True,5,0,True,11,confirmation38,1104,com3d_reciprocal_guard,1104,1104,oracle_aabb,data47-2,deepocsort,True,1396
92.00629279369335,79.08309455587391,292,0,10,85.30030687365124,87.68,4,78.79656160458453,1104,5,1,0,True,5,0,True,11,confirmation38,1104,controlled_cost_greedy,1104,1104,oracle_aabb,data47-2,deepocsort,True,1396
92.00629279369335,79.08309455587391,292,0,10,85.30030687365124,87.68,4,78.79656160458453,1104,5,1,0,True,5,0,True,11,confirmation38,1104,controlled_cost_reciprocal,1104,1104,oracle_aabb,data47-2,deepocsort,True,1396
92.00629279369335,79.08309455587391,292,0,10,85.30030687365124,87.68,4,78.79656160458453,1104,5,1,0,True,5,0,True,11,confirmation38,1104,geometry_greedy,1104,1104,oracle_aabb,data47-2,deepocsort,True,1396
92.00629279369335,79.08309455587391,292,0,10,85.30030687365124,87.68,4,78.79656160458453,1104,5,1,0,True,5,0,True,11,confirmation38,1104,geometry_reid_greedy_guard,1104,1104,oracle_aabb,data47-2,deepocsort,True,1396
92.00629279369335,79.08309455587391,292,0,10,85.30030687365124,87.68,4,78.79656160458453,1104,5,1,0,True,5,0,True,11,confirmation38,1104,geometry_reid_hungarian,1104,1104,oracle_aabb,data47-2,deepocsort,True,1396
88.59546718272779,79.08309455587391,292,0,10,83.70426338265864,84.88,9,78.43839541547278,1104,0,0,0,True,5,0,True,11,confirmation38,1104,no_refinement,1104,1104,oracle_aabb,data47-2,deepocsort,True,1396
35.10395749384599,35.315186246418335,903,0,56,35.209413469717504,33.66860772895712,66,30.587392550143267,493,0,0,0,True,5,0,True,53,confirmation38,493,aflink_cached_native_dedup,493,493,oracle_aabb,data47-2,ocsort,True,1396
35.10395749384599,35.315186246418335,903,0,56,35.209413469717504,33.66860772895712,66,30.587392550143267,493,0,0,0,True,5,0,True,53,confirmation38,493,aflink_cached_native_saved,493,493,oracle_aabb,data47-2,ocsort,True,1396
35.10395749384599,35.315186246418335,903,0,56,35.209413469717504,33.66860772895712,66,30.587392550143267,493,0,0,0,True,5,0,True,53,confirmation38,493,aflink_cached_no_dedup,493,493,oracle_aabb,data47-2,ocsort,True,1396
35.10395749384599,35.315186246418335,903,0,56,35.209413469717504,33.66860772895712,66,30.587392550143267,493,0,0,0,True,5,0,True,53,confirmation38,493,aflink_cached_overlap_safe,493,493,oracle_aabb,data47-2,ocsort,True,1396
35.53430498723678,35.315186246418335,903,0,56,35.42457619734215,35.044997353096875,50,31.733524355300858,493,13,6,0,True,5,0,True,53,confirmation38,493,com3d_reciprocal_guard,493,493,oracle_aabb,data47-2,ocsort,True,1396
35.685475301395336,35.315186246418335,903,0,56,35.49984797940321,35.25674960296453,46,32.02005730659026,493,16,9,0,True,5,0,True,53,confirmation38,493,controlled_cost_greedy,493,493,oracle_aabb,data47-2,ocsort,True,1396
35.65161013655481,35.315186246418335,903,0,56,35.48299947801946,35.150873478030704,50,31.733524355300858,493,15,6,0,True,5,0,True,53,confirmation38,493,controlled_cost_reciprocal,493,493,oracle_aabb,data47-2,ocsort,True,1396
35.59254862523307,35.315186246418335,903,0,56,35.45359620242785,35.25674960296453,47,31.94842406876791,493,14,11,0,True,5,0,True,53,confirmation38,493,geometry_greedy,493,493,oracle_aabb,data47-2,ocsort,True,1396
35.81680760276909,35.315186246418335,903,0,56,35.56511255772886,35.68025410269984,45,32.09169054441261,493,20,4,0,True,5,0,True,53,confirmation38,493,geometry_reid_greedy_guard,493,493,oracle_aabb,data47-2,ocsort,True,1396
35.73866865971592,35.315186246418335,903,0,56,35.52629645652502,35.46850185283218,46,32.02005730659026,493,19,5,0,True,5,0,True,53,confirmation38,493,geometry_reid_hungarian,493,493,oracle_aabb,data47-2,ocsort,True,1396
35.10395749384599,35.315186246418335,903,0,56,35.209413469717504,33.66860772895712,66,30.587392550143267,493,0,0,0,True,5,0,True,53,confirmation38,493,no_refinement,493,493,oracle_aabb,data47-2,ocsort,True,1396
51.003836224172346,63.49929246821636,647,1,167,56.81721589454294,60.72961373390557,297,64.37994722955145,2006,0,0,0,True,6,0,True,175,confirmation38,2007,aflink_cached_native_dedup,2007,2007,oracle_aabb,data47-3,bytetrack,True,2653
51.0056923494934,63.491890395817165,647,1,167,56.81453351224427,60.72961373390557,297,64.37994722955145,2006,0,0,0,False,6,0,True,175,confirmation38,2007,aflink_cached_native_saved,2007,2007,oracle_aabb,data47-3,bytetrack,False,2653
51.003836224172346,63.49929246821636,647,1,167,56.81721589454294,60.72961373390557,297,64.37994722955145,2006,0,0,0,True,6,0,True,175,confirmation38,2007,aflink_cached_no_dedup,2007,2007,oracle_aabb,data47-3,bytetrack,True,2653
51.003836224172346,63.49929246821636,647,1,167,56.81721589454294,60.72961373390557,297,64.37994722955145,2006,0,0,0,True,6,0,True,175,confirmation38,2007,aflink_cached_overlap_safe,2007,2007,oracle_aabb,data47-3,bytetrack,True,2653
56.60380979459521,63.49929246821636,647,1,167,59.87988092664146,65.36480686695279,259,65.81228797587637,2006,24,6,33,True,6,0,True,175,confirmation38,2007,com3d_reciprocal_guard,2007,2007,oracle_aabb,data47-3,bytetrack,True,2653
58.15466638395744,63.457759558818225,647,1,167,60.682426440063644,68.19742489270386,223,67.16924236713156,2006,34,10,59,True,6,0,True,175,confirmation38,2007,controlled_cost_greedy,2007,2007,oracle_aabb,data47-3,bytetrack,True,2653
57.80891397518418,63.457759558818225,647,1,167,60.499763153190734,67.29613733905579,240,66.52845834903883,2006,31,5,41,True,6,0,True,175,confirmation38,2007,controlled_cost_reciprocal,2007,2007,oracle_aabb,data47-3,bytetrack,True,2653
57.28953642431313,63.49929246821636,647,1,167,60.24449429887036,66.52360515021459,232,66.83000376931776,2006,29,10,57,True,6,0,True,175,confirmation38,2007,geometry_greedy,2007,2007,oracle_aabb,data47-3,bytetrack,True,2653
58.09930132093466,63.457759558818225,647,1,167,60.65348467162558,68.75536480686695,218,67.35770825480589,2006,36,9,58,True,6,0,True,175,confirmation38,2007,geometry_reid_greedy_guard,2007,2007,oracle_aabb,data47-3,bytetrack,True,2653
58.2679708561608,63.41115812987111,647,1,167,60.71926330774829,68.36909871244636,231,66.86769694685262,2006,33,7,55,True,6,0,True,175,confirmation38,2007,geometry_reid_hungarian,2007,2007,oracle_aabb,data47-3,bytetrack,True,2653
51.003836224172346,63.49929246821636,647,1,167,56.81721589454294,60.72961373390557,297,64.37994722955145,2006,0,0,0,True,6,0,True,175,confirmation38,2007,no_refinement,2007,2007,oracle_aabb,data47-3,bytetrack,True,2653
93.91738414809815,84.16886543535618,420,0,6,88.90961516282661,89.52108063855914,8,83.86732001507727,2233,0,0,0,True,6,0,True,19,confirmation38,2233,aflink_cached_native_dedup,2233,2233,oracle_aabb,data47-3,deepocsort,True,2653
93.91738414809815,84.16886543535618,420,0,6,88.90961516282661,89.52108063855914,8,83.86732001507727,2233,0,0,0,False,6,0,True,19,confirmation38,2233,aflink_cached_native_saved,2233,2233,oracle_aabb,data47-3,deepocsort,False,2653
93.91738414809815,84.16886543535618,420,0,6,88.90961516282661,89.52108063855914,8,83.86732001507727,2233,0,0,0,True,6,0,True,19,confirmation38,2233,aflink_cached_no_dedup,2233,2233,oracle_aabb,data47-3,deepocsort,True,2653
93.91738414809815,84.16886543535618,420,0,6,88.90961516282661,89.52108063855914,8,83.86732001507727,2233,0,0,0,True,6,0,True,19,confirmation38,2233,aflink_cached_overlap_safe,2233,2233,oracle_aabb,data47-3,deepocsort,True,2653
96.12198786084384,84.16886543535618,420,0,6,89.94708812206376,91.19934506753991,4,84.01809272521673,2233,4,1,0,True,6,0,True,19,confirmation38,2233,com3d_reciprocal_guard,2233,2233,oracle_aabb,data47-3,deepocsort,True,2653
96.12198786084384,84.16886543535618,420,0,6,89.94708812206376,91.19934506753991,4,84.01809272521673,2233,4,1,0,True,6,0,True,19,confirmation38,2233,controlled_cost_greedy,2233,2233,oracle_aabb,data47-3,deepocsort,True,2653
96.12198786084384,84.16886543535618,420,0,6,89.94708812206376,91.19934506753991,4,84.01809272521673,2233,4,1,0,True,6,0,True,19,confirmation38,2233,controlled_cost_reciprocal,2233,2233,oracle_aabb,data47-3,deepocsort,True,2653
96.18169826538183,84.16886543535618,420,0,6,89.97502108164775,91.24027834629554,3,84.0557859027516,2233,5,1,0,True,6,0,True,19,confirmation38,2233,geometry_greedy,2233,2233,oracle_aabb,data47-3,deepocsort,True,2653
96.24820618301734,84.16886543535618,420,0,6,90.0061237617353,91.24027834629554,3,84.0557859027516,2233,5,0,0,True,6,0,True,19,confirmation38,2233,geometry_reid_greedy_guard,2233,2233,oracle_aabb,data47-3,deepocsort,True,2653
96.12198786084384,84.16886543535618,420,0,6,89.94708812206376,91.19934506753991,4,84.01809272521673,2233,4,1,0,True,6,0,True,19,confirmation38,2233,geometry_reid_hungarian,2233,2233,oracle_aabb,data47-3,deepocsort,True,2653
93.91738414809815,84.16886543535618,420,0,6,88.90961516282661,89.52108063855914,8,83.86732001507727,2233,0,0,0,True,6,0,True,19,confirmation38,2233,no_refinement,2233,2233,oracle_aabb,data47-3,deepocsort,True,2653
66.551805029987,56.61515265736903,1151,0,83,61.38273862737124,60.89049338146811,102,52.770448548812666,1502,0,0,0,True,6,0,True,89,confirmation38,1502,aflink_cached_native_dedup,1502,1502,oracle_aabb,data47-3,ocsort,True,2653
66.551805029987,56.61515265736903,1151,0,83,61.38273862737124,60.89049338146811,102,52.770448548812666,1502,0,0,0,True,6,0,True,89,confirmation38,1502,aflink_cached_native_saved,1502,1502,oracle_aabb,data47-3,ocsort,True,2653
66.551805029987,56.61515265736903,1151,0,83,61.38273862737124,60.89049338146811,102,52.770448548812666,1502,0,0,0,True,6,0,True,89,confirmation38,1502,aflink_cached_no_dedup,1502,1502,oracle_aabb,data47-3,ocsort,True,2653
66.551805029987,56.61515265736903,1151,0,83,61.38273862737124,60.89049338146811,102,52.770448548812666,1502,0,0,0,True,6,0,True,89,confirmation38,1502,aflink_cached_overlap_safe,1502,1502,oracle_aabb,data47-3,ocsort,True,2653
69.18525711586624,56.61515265736903,1151,0,83,62.585412783284355,62.62334536702768,83,53.48661892197513,1502,20,14,0,True,6,0,True,89,confirmation38,1502,com3d_reciprocal_guard,1502,1502,oracle_aabb,data47-3,ocsort,True,2653
69.57013895049134,56.61515265736903,1151,0,83,62.759254593059346,63.682310469314075,64,54.20278929513758,1502,34,13,0,True,6,0,True,89,confirmation38,1502,controlled_cost_greedy,1502,1502,oracle_aabb,data47-3,ocsort,True,2653
69.36863614107261,56.61515265736903,1151,0,83,62.66830079681681,63.39350180505415,71,53.93893705239352,1502,31,11,0,True,6,0,True,89,confirmation38,1502,controlled_cost_reciprocal,1502,1502,oracle_aabb,data47-3,ocsort,True,2653
67.64151460594843,56.61515265736903,1151,0,83,61.88323420274207,62.33453670276775,78,53.675084809649455,1502,22,22,0,True,6,0,True,89,confirmation38,1502,geometry_greedy,1502,1502,oracle_aabb,data47-3,ocsort,True,2653
69.56543658107199,56.61515265736903,1151,0,83,62.75713355240114,63.730445246690735,63,54.24048247267245,1502,34,13,0,True,6,0,True,89,confirmation38,1502,geometry_reid_greedy_guard,1502,1502,oracle_aabb,data47-3,ocsort,True,2653
69.3743033245973,56.61515265736903,1151,0,83,62.670860638902184,63.4416365824308,69,54.01432340746325,1502,32,12,0,True,6,0,True,89,confirmation38,1502,geometry_reid_hungarian,1502,1502,oracle_aabb,data47-3,ocsort,True,2653
66.551805029987,56.61515265736903,1151,0,83,61.38273862737124,60.89049338146811,102,52.770448548812666,1502,0,0,0,True,6,0,True,89,confirmation38,1502,no_refinement,1502,1502,oracle_aabb,data47-3,ocsort,True,2653
47.68899228575389,38.29383182476162,428,0,32,42.70306874234911,46.308724832214764,49,41.11111111111111,382,0,0,0,True,5,0,True,48,confirmation38,382,aflink_cached_native_dedup,382,382,oracle_aabb,data47-4,bytetrack,True,810
47.711996159033724,38.3016203256673,428,0,32,42.71795211519642,46.308724832214764,49,41.11111111111111,382,0,0,0,False,5,0,True,48,confirmation38,382,aflink_cached_native_saved,382,382,oracle_aabb,data47-4,bytetrack,False,810
47.68899228575389,38.29383182476162,428,0,32,42.70306874234911,46.308724832214764,49,41.11111111111111,382,0,0,0,True,5,0,True,48,confirmation38,382,aflink_cached_no_dedup,382,382,oracle_aabb,data47-4,bytetrack,True,810
47.68899228575389,38.29383182476162,428,0,32,42.70306874234911,46.308724832214764,49,41.11111111111111,382,0,0,0,True,5,0,True,48,confirmation38,382,aflink_cached_overlap_safe,382,382,oracle_aabb,data47-4,bytetrack,True,810
48.473413883053475,38.29383182476162,428,0,32,43.054965407681536,47.98657718120805,40,42.22222222222222,382,2,0,11,True,5,0,True,48,confirmation38,382,com3d_reciprocal_guard,382,382,oracle_aabb,data47-4,bytetrack,True,810
50.235220007203985,38.29383182476162,428,0,32,43.83377756227754,50.83892617449665,33,43.08641975308642,382,2,0,17,True,5,0,True,48,confirmation38,382,controlled_cost_greedy,382,382,oracle_aabb,data47-4,bytetrack,True,810
48.588743741693094,38.29383182476162,428,0,32,43.10611456558618,48.322147651006716,36,42.71604938271605,382,2,0,13,True,5,0,True,48,confirmation38,382,controlled_cost_reciprocal,382,382,oracle_aabb,data47-4,bytetrack,True,810
50.13020668640272,38.29383182476162,428,0,32,43.78807743271211,50.671140939597315,36,42.71604938271605,382,2,0,18,True,5,0,True,48,confirmation38,382,geometry_greedy,382,382,oracle_aabb,data47-4,bytetrack,True,810
50.29735033229451,38.29383182476162,428,0,32,43.86102630706091,51.006711409395976,31,43.333333333333336,382,2,0,18,True,5,0,True,48,confirmation38,382,geometry_reid_greedy_guard,382,382,oracle_aabb,data47-4,bytetrack,True,810
49.38649384922367,38.29383182476162,428,0,32,43.460496127877605,49.664429530201346,32,43.20987654320987,382,2,0,17,True,5,0,True,48,confirmation38,382,geometry_reid_hungarian,382,382,oracle_aabb,data47-4,bytetrack,True,810
47.68899228575389,38.29383182476162,428,0,32,42.70306874234911,46.308724832214764,49,41.11111111111111,382,0,0,0,True,5,0,True,48,confirmation38,382,no_refinement,382,382,oracle_aabb,data47-4,bytetrack,True,810
81.61148927204108,80.61728395061728,157,0,11,81.11286337121192,81.3397129186603,11,79.25925925925927,653,0,0,0,True,5,0,True,14,confirmation38,653,aflink_cached_native_dedup,653,653,oracle_aabb,data47-4,deepocsort,True,810
81.61148927204108,80.61728395061728,157,0,11,81.11286337121192,81.3397129186603,11,79.25925925925927,653,0,0,0,True,5,0,True,14,confirmation38,653,aflink_cached_native_saved,653,653,oracle_aabb,data47-4,deepocsort,True,810
81.61148927204108,80.61728395061728,157,0,11,81.11286337121192,81.3397129186603,11,79.25925925925927,653,0,0,0,True,5,0,True,14,confirmation38,653,aflink_cached_no_dedup,653,653,oracle_aabb,data47-4,deepocsort,True,810
81.61148927204108,80.61728395061728,157,0,11,81.11286337121192,81.3397129186603,11,79.25925925925927,653,0,0,0,True,5,0,True,14,confirmation38,653,aflink_cached_overlap_safe,653,653,oracle_aabb,data47-4,deepocsort,True,810
86.3468094923342,80.61728395061728,157,0,11,83.43287876534863,87.35475051264525,5,80.0,653,5,2,0,True,5,0,True,14,confirmation38,653,com3d_reciprocal_guard,653,653,oracle_aabb,data47-4,deepocsort,True,810
86.3468094923342,80.61728395061728,157,0,11,83.43287876534863,87.35475051264525,5,80.0,653,6,1,0,True,5,0,True,14,confirmation38,653,controlled_cost_greedy,653,653,oracle_aabb,data47-4,deepocsort,True,810
85.24942872624563,80.61728395061728,157,0,11,82.90100965761306,86.26110731373889,6,79.87654320987654,653,5,1,0,True,5,0,True,14,confirmation38,653,controlled_cost_reciprocal,653,653,oracle_aabb,data47-4,deepocsort,True,810
86.12600305608488,80.61728395061728,157,0,11,83.32613301902427,87.08133971291866,6,79.87654320987654,653,4,3,0,True,5,0,True,14,confirmation38,653,geometry_greedy,653,653,oracle_aabb,data47-4,deepocsort,True,810
86.3468094923342,80.61728395061728,157,0,11,83.43287876534863,87.35475051264525,5,80.0,653,6,1,0,True,5,0,True,14,confirmation38,653,geometry_reid_greedy_guard,653,653,oracle_aabb,data47-4,deepocsort,True,810
86.3468094923342,80.61728395061728,157,0,11,83.43287876534863,87.35475051264525,5,80.0,653,5,2,0,True,5,0,True,14,confirmation38,653,geometry_reid_hungarian,653,653,oracle_aabb,data47-4,deepocsort,True,810
81.61148927204108,80.61728395061728,157,0,11,81.11286337121192,81.3397129186603,11,79.25925925925927,653,0,0,0,True,5,0,True,14,confirmation38,653,no_refinement,653,653,oracle_aabb,data47-4,deepocsort,True,810
64.77613101942697,30.37037037037037,564,0,8,44.35397490890341,41.09848484848485,12,28.888888888888886,246,0,0,0,True,5,0,True,15,confirmation38,246,aflink_cached_native_dedup,246,246,oracle_aabb,data47-4,ocsort,True,810
64.77613101942697,30.37037037037037,564,0,8,44.35397490890341,41.09848484848485,12,28.888888888888886,246,0,0,0,True,5,0,True,15,confirmation38,246,aflink_cached_native_saved,246,246,oracle_aabb,data47-4,ocsort,True,810
64.77613101942697,30.37037037037037,564,0,8,44.35397490890341,41.09848484848485,12,28.888888888888886,246,0,0,0,True,5,0,True,15,confirmation38,246,aflink_cached_no_dedup,246,246,oracle_aabb,data47-4,ocsort,True,810
64.77613101942697,30.37037037037037,564,0,8,44.35397490890341,41.09848484848485,12,28.888888888888886,246,0,0,0,True,5,0,True,15,confirmation38,246,aflink_cached_overlap_safe,246,246,oracle_aabb,data47-4,ocsort,True,810
66.27507784908893,30.37037037037037,564,0,8,44.864224729755016,41.66666666666667,8,29.38271604938272,246,4,0,0,True,5,0,True,15,confirmation38,246,com3d_reciprocal_guard,246,246,oracle_aabb,data47-4,ocsort,True,810
66.27507784908893,30.37037037037037,564,0,8,44.864224729755016,41.66666666666667,8,29.38271604938272,246,4,0,0,True,5,0,True,15,confirmation38,246,controlled_cost_greedy,246,246,oracle_aabb,data47-4,ocsort,True,810
66.27507784908893,30.37037037037037,564,0,8,44.864224729755016,41.66666666666667,8,29.38271604938272,246,4,0,0,True,5,0,True,15,confirmation38,246,controlled_cost_reciprocal,246,246,oracle_aabb,data47-4,ocsort,True,810
66.27507784908893,30.37037037037037,564,0,8,44.864224729755016,41.66666666666667,8,29.38271604938272,246,4,0,0,True,5,0,True,15,confirmation38,246,geometry_greedy,246,246,oracle_aabb,data47-4,ocsort,True,810
66.27507784908893,30.37037037037037,564,0,8,44.864224729755016,41.66666666666667,8,29.38271604938272,246,4,0,0,True,5,0,True,15,confirmation38,246,geometry_reid_greedy_guard,246,246,oracle_aabb,data47-4,ocsort,True,810
66.27507784908893,30.37037037037037,564,0,8,44.864224729755016,41.66666666666667,8,29.38271604938272,246,4,0,0,True,5,0,True,15,confirmation38,246,geometry_reid_hungarian,246,246,oracle_aabb,data47-4,ocsort,True,810
64.77613101942697,30.37037037037037,564,0,8,44.35397490890341,41.09848484848485,12,28.888888888888886,246,0,0,0,True,5,0,True,15,confirmation38,246,no_refinement,246,246,oracle_aabb,data47-4,ocsort,True,810
8.064293741612698,12.165488293544144,512,0,43,9.811664136682785,6.744868035190615,61,4.0201005025125625,85,0,0,0,True,2,0,True,54,confirmation38,85,aflink_cached_native_dedup,85,85,oracle_aabb,data48-1,bytetrack,True,597
8.068870069738097,12.155632842092212,512,0,43,9.810382969874142,6.744868035190615,61,4.0201005025125625,85,0,0,0,False,2,0,True,54,confirmation38,85,aflink_cached_native_saved,85,85,oracle_aabb,data48-1,bytetrack,False,597
8.064293741612698,12.165488293544144,512,0,43,9.811664136682785,6.744868035190615,61,4.0201005025125625,85,0,0,0,True,2,0,True,54,confirmation38,85,aflink_cached_no_dedup,85,85,oracle_aabb,data48-1,bytetrack,True,597
8.064293741612698,12.165488293544144,512,0,43,9.811664136682785,6.744868035190615,61,4.0201005025125625,85,0,0,0,True,2,0,True,54,confirmation38,85,aflink_cached_overlap_safe,85,85,oracle_aabb,data48-1,bytetrack,True,597
8.591567097684466,12.095275156501959,512,0,43,10.116135755362706,8.504398826979472,53,5.360134003350084,85,0,0,12,True,2,0,True,54,confirmation38,85,com3d_reciprocal_guard,85,85,oracle_aabb,data48-1,bytetrack,True,597
8.777833229069474,12.095275156501959,512,0,43,10.229197849259284,8.797653958944283,52,5.527638190954774,85,0,0,13,True,2,0,True,54,confirmation38,85,controlled_cost_greedy,85,85,oracle_aabb,data48-1,bytetrack,True,597
8.777833229069474,12.095275156501959,512,0,43,10.229197849259284,8.797653958944283,52,5.527638190954774,85,0,0,13,True,2,0,True,54,confirmation38,85,controlled_cost_reciprocal,85,85,oracle_aabb,data48-1,bytetrack,True,597
8.509069426065825,12.095275156501959,512,0,43,10.064414172306256,8.211143695014663,52,5.527638190954774,85,0,0,14,True,2,0,True,54,confirmation38,85,geometry_greedy,85,85,oracle_aabb,data48-1,bytetrack,True,597
8.778426199408813,12.095275156501959,512,0,43,10.229577007968919,8.797653958944283,53,5.360134003350084,85,0,0,13,True,2,0,True,54,confirmation38,85,geometry_reid_greedy_guard,85,85,oracle_aabb,data48-1,bytetrack,True,597
8.777833229069474,12.095275156501959,512,0,43,10.229197849259284,8.797653958944283,52,5.527638190954774,85,0,0,13,True,2,0,True,54,confirmation38,85,geometry_reid_hungarian,85,85,oracle_aabb,data48-1,bytetrack,True,597
8.064293741612698,12.165488293544144,512,0,43,9.811664136682785,6.744868035190615,61,4.0201005025125625,85,0,0,0,True,2,0,True,54,confirmation38,85,no_refinement,85,85,oracle_aabb,data48-1,bytetrack,True,597
99.63302015578576,99.32998324958122,4,0,1,99.48138631512624,99.66386554621849,0,99.32998324958125,593,0,0,0,True,2,0,True,10,confirmation38,593,aflink_cached_native_dedup,593,593,oracle_aabb,data48-1,deepocsort,True,597
99.63302015578576,99.32998324958122,4,0,1,99.48138631512624,99.66386554621849,0,99.32998324958125,593,0,0,0,True,2,0,True,10,confirmation38,593,aflink_cached_native_saved,593,593,oracle_aabb,data48-1,deepocsort,True,597
99.63302015578576,99.32998324958122,4,0,1,99.48138631512624,99.66386554621849,0,99.32998324958125,593,0,0,0,True,2,0,True,10,confirmation38,593,aflink_cached_no_dedup,593,593,oracle_aabb,data48-1,deepocsort,True,597
99.63302015578576,99.32998324958122,4,0,1,99.48138631512624,99.66386554621849,0,99.32998324958125,593,0,0,0,True,2,0,True,10,confirmation38,593,aflink_cached_overlap_safe,593,593,oracle_aabb,data48-1,deepocsort,True,597
99.63302015578576,99.32998324958122,4,0,1,99.48138631512624,99.66386554621849,0,99.32998324958125,593,0,0,0,True,2,0,True,10,confirmation38,593,com3d_reciprocal_guard,593,593,oracle_aabb,data48-1,deepocsort,True,597
99.63302015578576,99.32998324958122,4,0,1,99.48138631512624,99.66386554621849,0,99.32998324958125,593,0,0,0,True,2,0,True,10,confirmation38,593,controlled_cost_greedy,593,593,oracle_aabb,data48-1,deepocsort,True,597
99.63302015578576,99.32998324958122,4,0,1,99.48138631512624,99.66386554621849,0,99.32998324958125,593,0,0,0,True,2,0,True,10,confirmation38,593,controlled_cost_reciprocal,593,593,oracle_aabb,data48-1,deepocsort,True,597
99.63302015578576,99.32998324958122,4,0,1,99.48138631512624,99.66386554621849,0,99.32998324958125,593,0,0,0,True,2,0,True,10,confirmation38,593,geometry_greedy,593,593,oracle_aabb,data48-1,deepocsort,True,597
99.63302015578576,99.32998324958122,4,0,1,99.48138631512624,99.66386554621849,0,99.32998324958125,593,0,0,0,True,2,0,True,10,confirmation38,593,geometry_reid_greedy_guard,593,593,oracle_aabb,data48-1,deepocsort,True,597
99.63302015578576,99.32998324958122,4,0,1,99.48138631512624,99.66386554621849,0,99.32998324958125,593,0,0,0,True,2,0,True,10,confirmation38,593,geometry_reid_hungarian,593,593,oracle_aabb,data48-1,deepocsort,True,597
99.63302015578576,99.32998324958122,4,0,1,99.48138631512624,99.66386554621849,0,99.32998324958125,593,0,0,0,True,2,0,True,10,confirmation38,593,no_refinement,593,593,oracle_aabb,data48-1,deepocsort,True,597
12.088537101148198,9.045226130653266,543,0,0,10.456746705772172,6.7588325652841785,31,3.8525963149078724,54,0,0,0,True,2,0,True,29,confirmation38,54,aflink_cached_native_dedup,54,54,oracle_aabb,data48-1,ocsort,True,597
12.088537101148198,9.045226130653266,543,0,0,10.456746705772172,6.7588325652841785,31,3.8525963149078724,54,0,0,0,True,2,0,True,29,confirmation38,54,aflink_cached_native_saved,54,54,oracle_aabb,data48-1,ocsort,True,597
12.088537101148198,9.045226130653266,543,0,0,10.456746705772172,6.7588325652841785,31,3.8525963149078724,54,0,0,0,True,2,0,True,29,confirmation38,54,aflink_cached_no_dedup,54,54,oracle_aabb,data48-1,ocsort,True,597
12.088537101148198,9.045226130653266,543,0,0,10.456746705772172,6.7588325652841785,31,3.8525963149078724,54,0,0,0,True,2,0,True,29,confirmation38,54,aflink_cached_overlap_safe,54,54,oracle_aabb,data48-1,ocsort,True,597
14.691788234263244,9.045226130653266,543,0,0,11.52781622175606,10.75268817204301,18,6.030150753768844,54,13,7,0,True,2,0,True,29,confirmation38,54,com3d_reciprocal_guard,54,54,oracle_aabb,data48-1,ocsort,True,597
16.931396135896097,9.045226130653266,543,0,0,12.375310370121998,15.668202764976957,2,8.710217755443885,54,29,0,0,True,2,0,True,29,confirmation38,54,controlled_cost_greedy,54,54,oracle_aabb,data48-1,ocsort,True,597
16.648280940500193,9.045226130653266,543,0,0,12.27140846820238,15.053763440860216,4,8.375209380234507,54,27,0,0,True,2,0,True,29,confirmation38,54,controlled_cost_reciprocal,54,54,oracle_aabb,data48-1,ocsort,True,597
14.584069460704796,9.045226130653266,543,0,0,11.485478056103252,10.75268817204301,21,5.527638190954774,54,8,18,0,True,2,0,True,29,confirmation38,54,geometry_greedy,54,54,oracle_aabb,data48-1,ocsort,True,597
16.931396135896097,9.045226130653266,543,0,0,12.375310370121998,15.668202764976957,2,8.710217755443885,54,29,0,0,True,2,0,True,29,confirmation38,54,geometry_reid_greedy_guard,54,54,oracle_aabb,data48-1,ocsort,True,597
16.931396135896097,9.045226130653266,543,0,0,12.375310370121998,15.668202764976957,2,8.710217755443885,54,29,0,0,True,2,0,True,29,confirmation38,54,geometry_reid_hungarian,54,54,oracle_aabb,data48-1,ocsort,True,597
12.088537101148198,9.045226130653266,543,0,0,10.456746705772172,6.7588325652841785,31,3.8525963149078724,54,0,0,0,True,2,0,True,29,confirmation38,54,no_refinement,54,54,oracle_aabb,data48-1,ocsort,True,597
37.96574143345501,59.87074468837533,858,1,249,47.62504733355005,54.6861854282349,447,61.588235294117645,2542,3,2,1,True,7,0,True,191,confirmation38,2543,aflink_cached_native_dedup,2543,2543,oracle_aabb,data49-2,bytetrack,True,3400
37.96318127957834,59.867214244912006,858,1,249,47.62198124037888,54.6861854282349,447,61.588235294117645,2542,3,2,1,False,7,0,True,191,confirmation38,2543,aflink_cached_native_saved,2543,2543,oracle_aabb,data49-2,bytetrack,False,3400
37.96574143345501,59.87074468837533,858,1,249,47.62504733355005,54.6861854282349,447,61.588235294117645,2542,3,2,1,True,7,0,True,191,confirmation38,2543,aflink_cached_no_dedup,2543,2543,oracle_aabb,data49-2,bytetrack,True,3400
37.96574143345501,59.87074468837533,858,1,249,47.62504733355005,54.6861854282349,447,61.588235294117645,2542,3,2,1,True,7,0,True,191,confirmation38,2543,aflink_cached_overlap_safe,2543,2543,oracle_aabb,data49-2,bytetrack,True,3400
40.45656212141074,59.91473902383353,858,1,249,49.18456523317117,57.54669358909642,424,62.26470588235294,2542,17,3,51,True,7,0,True,191,confirmation38,2543,com3d_reciprocal_guard,2543,2543,oracle_aabb,data49-2,bytetrack,True,3400
45.08471294070808,59.91473902383353,858,1,249,51.9327230951082,64.6138313982837,302,65.8529411764706,2542,24,6,92,True,7,0,True,191,confirmation38,2543,controlled_cost_greedy,2543,2543,oracle_aabb,data49-2,bytetrack,True,3400
41.30477509592668,59.91473902383353,858,1,249,49.69697088046658,58.89281507656066,395,63.117647058823536,2542,19,3,64,True,7,0,True,191,confirmation38,2543,controlled_cost_reciprocal,2543,2543,oracle_aabb,data49-2,bytetrack,True,3400
44.641905246183384,59.91473902383353,858,1,249,51.67544507416889,63.133097762073035,321,65.29411764705883,2542,24,8,90,True,7,0,True,191,confirmation38,2543,geometry_greedy,2543,2543,oracle_aabb,data49-2,bytetrack,True,3400
45.437754081104146,59.91473902383353,858,1,249,52.136594213315234,65.185933030456,310,65.61764705882352,2542,26,7,89,True,7,0,True,191,confirmation38,2543,geometry_reid_greedy_guard,2543,2543,oracle_aabb,data49-2,bytetrack,True,3400
41.97489147878805,59.91473902383353,858,1,249,50.101030534103565,59.6668349318526,397,63.05882352941177,2542,23,3,81,True,7,0,True,191,confirmation38,2543,geometry_reid_hungarian,2543,2543,oracle_aabb,data49-2,bytetrack,True,3400
37.60717395832723,59.91473902383353,858,1,249,47.41411055853791,53.10449268046441,451,61.47058823529412,2542,0,0,0,True,7,0,True,191,confirmation38,2543,no_refinement,2543,2543,oracle_aabb,data49-2,bytetrack,True,3400
94.61297217746167,93.85294117647057,209,0,13,94.23219042504721,96.10074343802154,8,93.61764705882352,3191,0,0,0,True,7,0,True,25,confirmation38,3191,aflink_cached_native_dedup,3191,3191,oracle_aabb,data49-2,deepocsort,True,3400
94.61297217746167,93.85294117647057,209,0,13,94.23219042504721,96.10074343802154,8,93.61764705882352,3191,0,0,0,True,7,0,True,25,confirmation38,3191,aflink_cached_native_saved,3191,3191,oracle_aabb,data49-2,deepocsort,True,3400
94.61297217746167,93.85294117647057,209,0,13,94.23219042504721,96.10074343802154,8,93.61764705882352,3191,0,0,0,True,7,0,True,25,confirmation38,3191,aflink_cached_no_dedup,3191,3191,oracle_aabb,data49-2,deepocsort,True,3400
94.61297217746167,93.85294117647057,209,0,13,94.23219042504721,96.10074343802154,8,93.61764705882352,3191,0,0,0,True,7,0,True,25,confirmation38,3191,aflink_cached_overlap_safe,3191,3191,oracle_aabb,data49-2,deepocsort,True,3400
94.73385885428691,93.85294117647057,209,0,13,94.29237128459255,96.22212107419207,6,93.67647058823529,3191,2,0,0,True,7,0,True,25,confirmation38,3191,com3d_reciprocal_guard,3191,3191,oracle_aabb,data49-2,deepocsort,True,3400
94.73385885428691,93.85294117647057,209,0,13,94.29237128459255,96.22212107419207,6,93.67647058823529,3191,2,0,0,True,7,0,True,25,confirmation38,3191,controlled_cost_greedy,3191,3191,oracle_aabb,data49-2,deepocsort,True,3400
94.73385885428691,93.85294117647057,209,0,13,94.29237128459255,96.22212107419207,6,93.67647058823529,3191,2,0,0,True,7,0,True,25,confirmation38,3191,controlled_cost_reciprocal,3191,3191,oracle_aabb,data49-2,deepocsort,True,3400
94.73385885428691,93.85294117647057,209,0,13,94.29237128459255,96.22212107419207,6,93.67647058823529,3191,2,0,0,True,7,0,True,25,confirmation38,3191,geometry_greedy,3191,3191,oracle_aabb,data49-2,deepocsort,True,3400
94.73385885428691,93.85294117647057,209,0,13,94.29237128459255,96.22212107419207,6,93.67647058823529,3191,2,0,0,True,7,0,True,25,confirmation38,3191,geometry_reid_greedy_guard,3191,3191,oracle_aabb,data49-2,deepocsort,True,3400
94.73385885428691,93.85294117647057,209,0,13,94.29237128459255,96.22212107419207,6,93.67647058823529,3191,2,0,0,True,7,0,True,25,confirmation38,3191,geometry_reid_hungarian,3191,3191,oracle_aabb,data49-2,deepocsort,True,3400
94.61297217746167,93.85294117647057,209,0,13,94.23219042504721,96.10074343802154,8,93.61764705882352,3191,0,0,0,True,7,0,True,25,confirmation38,3191,no_refinement,3191,3191,oracle_aabb,data49-2,deepocsort,True,3400
50.91224714419524,44.4607699089039,1884,0,114,47.57728140429333,49.10496338486575,112,41.294117647058826,1516,2,0,0,True,7,0,True,96,confirmation38,1516,aflink_cached_native_dedup,1516,1516,oracle_aabb,data49-2,ocsort,True,3400
50.91224714419524,44.4607699089039,1884,0,114,47.57728140429333,49.10496338486575,112,41.294117647058826,1516,2,0,0,False,7,0,True,96,confirmation38,1516,aflink_cached_native_saved,1516,1516,oracle_aabb,data49-2,ocsort,False,3400
50.91224714419524,44.4607699089039,1884,0,114,47.57728140429333,49.10496338486575,112,41.294117647058826,1516,2,0,0,True,7,0,True,96,confirmation38,1516,aflink_cached_no_dedup,1516,1516,oracle_aabb,data49-2,ocsort,True,3400
50.91224714419524,44.4607699089039,1884,0,114,47.57728140429333,49.10496338486575,112,41.294117647058826,1516,2,0,0,True,7,0,True,96,confirmation38,1516,aflink_cached_overlap_safe,1516,1516,oracle_aabb,data49-2,ocsort,True,3400
52.30764534172968,44.4607699089039,1884,0,114,48.22487101087149,50.44751830756713,96,41.76470588235294,1516,18,15,0,True,7,0,True,96,confirmation38,1516,com3d_reciprocal_guard,1516,1516,oracle_aabb,data49-2,ocsort,True,3400
52.32709306223546,44.4607699089039,1884,0,114,48.23383506048272,51.139137510170876,81,42.205882352941174,1516,28,15,0,True,7,0,True,96,confirmation38,1516,controlled_cost_greedy,1516,1516,oracle_aabb,data49-2,ocsort,True,3400
52.4948569331547,44.4607699089039,1884,0,114,48.31109350351965,50.569568755085434,89,41.970588235294116,1516,25,12,0,True,7,0,True,96,confirmation38,1516,controlled_cost_reciprocal,1516,1516,oracle_aabb,data49-2,ocsort,True,3400
50.38163669106941,44.4607699089039,1884,0,114,47.32870541812472,50.36615134255492,88,42.0,1516,17,26,0,True,7,0,True,96,confirmation38,1516,geometry_greedy,1516,1516,oracle_aabb,data49-2,ocsort,True,3400
52.87478029910169,44.4607699089039,1884,0,114,48.48560034548615,51.464605370219694,81,42.205882352941174,1516,30,13,0,True,7,0,True,96,confirmation38,1516,geometry_reid_greedy_guard,1516,1516,oracle_aabb,data49-2,ocsort,True,3400
52.4947366732313,44.4607699089039,1884,0,114,48.3110381657964,50.569568755085434,89,41.970588235294116,1516,25,13,0,True,7,0,True,96,confirmation38,1516,geometry_reid_hungarian,1516,1516,oracle_aabb,data49-2,ocsort,True,3400
47.96037096129867,44.4607699089039,1884,0,114,46.17742974718252,46.13506916192026,114,41.23529411764706,1516,0,0,0,True,7,0,True,96,confirmation38,1516,no_refinement,1516,1516,oracle_aabb,data49-2,ocsort,True,3400
15.108021822382089,48.90462710669946,1409,202,284,27.076409984247444,30.840148698884757,518,46.31870902672718,2557,0,3,3,True,8,0,True,200,legacy12,2759,aflink_cached_native_dedup,2759,2759,official_detector,data28-1,bytetrack,True,3966
15.105375588030636,48.898223936985005,1409,202,284,27.07193475429248,30.840148698884757,518,46.31870902672718,2557,0,3,3,False,8,0,True,200,legacy12,2759,aflink_cached_native_saved,2759,2759,official_detector,data28-1,bytetrack,False,3966
15.108021822382089,48.90462710669946,1409,202,284,27.076409984247444,30.840148698884757,518,46.31870902672718,2557,0,3,3,True,8,0,True,200,legacy12,2759,aflink_cached_no_dedup,2759,2759,official_detector,data28-1,bytetrack,True,3966
15.108021822382089,48.90462710669946,1409,202,284,27.076409984247444,30.840148698884757,518,46.31870902672718,2557,0,3,3,True,8,0,True,200,legacy12,2759,aflink_cached_overlap_safe,2759,2759,official_detector,data28-1,bytetrack,True,3966
15.811455360385478,48.90462710669946,1409,202,284,27.705066872713235,32.80297397769517,503,46.69692385274836,2557,4,14,55,True,8,0,True,200,legacy12,2759,com3d_reciprocal_guard,2759,2759,official_detector,data28-1,bytetrack,True,3966
16.096205447028492,48.90462710669946,1409,202,284,27.96820391406124,34.23048327137547,474,47.428139183055976,2557,7,16,87,True,8,0,True,200,legacy12,2759,controlled_cost_greedy,2759,2759,official_detector,data28-1,bytetrack,True,3966
16.39470026613755,48.90462710669946,1409,202,284,28.21550623513579,33.78438661710037,499,46.797781139687345,2557,6,10,59,True,8,0,True,200,legacy12,2759,controlled_cost_reciprocal,2759,2759,official_detector,data28-1,bytetrack,True,3966
15.869528228713966,48.90462710669946,1409,202,284,27.77180389392488,33.39776951672862,481,47.25163893091276,2557,4,23,87,True,8,0,True,200,legacy12,2759,geometry_greedy,2759,2759,official_detector,data28-1,bytetrack,True,3966
15.939410413763166,48.889420457463615,1409,202,284,27.817332936068766,33.69516728624535,477,47.352496217851744,2557,5,14,91,True,8,0,True,200,legacy12,2759,geometry_reid_greedy_guard,2759,2759,official_detector,data28-1,bytetrack,True,3966
15.786212704120626,48.90462710669946,1409,202,284,27.691443829003653,33.01115241635688,500,46.7725668179526,2557,6,16,78,True,8,0,True,200,legacy12,2759,geometry_reid_hungarian,2759,2759,official_detector,data28-1,bytetrack,True,3966
15.232054378652165,48.90462710669946,1409,202,284,27.18798067736337,30.691449814126393,518,46.31870902672718,2557,0,0,0,True,8,0,True,200,legacy12,2759,no_refinement,2759,2759,official_detector,data28-1,bytetrack,True,3966
81.6014044831045,64.37387562275049,974,80,36,72.44663515881318,84.68314862176754,9,73.19717599596571,2992,0,0,0,True,8,0,True,46,legacy12,3072,aflink_cached_native_dedup,3072,3072,official_detector,data28-1,deepocsort,True,3966
81.59043699792213,64.36740055310244,974,80,36,72.43831177691379,84.68314862176754,9,73.19717599596571,2992,0,0,0,False,8,0,True,46,legacy12,3072,aflink_cached_native_saved,3072,3072,official_detector,data28-1,deepocsort,False,3966
81.6014044831045,64.37387562275049,974,80,36,72.44663515881318,84.68314862176754,9,73.19717599596571,2992,0,0,0,True,8,0,True,46,legacy12,3072,aflink_cached_no_dedup,3072,3072,official_detector,data28-1,deepocsort,True,3966
81.6014044831045,64.37387562275049,974,80,36,72.44663515881318,84.68314862176754,9,73.19717599596571,2992,0,0,0,True,8,0,True,46,legacy12,3072,aflink_cached_overlap_safe,3072,3072,official_detector,data28-1,deepocsort,True,3966
81.47165392493557,64.37387562275049,974,80,36,72.38883118322967,84.68314862176754,9,73.19717599596571,2992,0,0,2,True,8,0,True,46,legacy12,3072,com3d_reciprocal_guard,3072,3072,official_detector,data28-1,deepocsort,True,3966
81.45639407826081,64.37387562275049,974,80,36,72.38223864903833,84.68314862176754,9,73.19717599596571,2992,0,0,2,True,8,0,True,46,legacy12,3072,controlled_cost_greedy,3072,3072,official_detector,data28-1,deepocsort,True,3966
81.45639407826081,64.37387562275049,974,80,36,72.38223864903833,84.68314862176754,9,73.19717599596571,2992,0,0,2,True,8,0,True,46,legacy12,3072,controlled_cost_reciprocal,3072,3072,official_detector,data28-1,deepocsort,True,3966
81.35745929371548,64.37387562275049,974,80,36,72.3382298599702,84.68314862176754,9,73.19717599596571,2992,0,0,4,True,8,0,True,46,legacy12,3072,geometry_greedy,3072,3072,official_detector,data28-1,deepocsort,True,3966
81.47728564877784,64.37387562275049,974,80,36,72.39122842742036,84.68314862176754,9,73.19717599596571,2992,0,0,2,True,8,0,True,46,legacy12,3072,geometry_reid_greedy_guard,3072,3072,official_detector,data28-1,deepocsort,True,3966
81.45639407826081,64.37387562275049,974,80,36,72.38223864903833,84.68314862176754,9,73.19717599596571,2992,0,0,2,True,8,0,True,46,legacy12,3072,geometry_reid_hungarian,3072,3072,official_detector,data28-1,deepocsort,True,3966
81.6014044831045,64.37387562275049,974,80,36,72.44663515881318,84.68314862176754,9,73.19717599596571,2992,0,0,0,True,8,0,True,46,legacy12,3072,no_refinement,3072,3072,official_detector,data28-1,deepocsort,True,3966
14.647243906991408,31.189822425808515,2544,51,286,21.33608918524231,25.07813936385365,287,27.332324760463944,1422,0,0,0,True,8,0,True,176,legacy12,1473,aflink_cached_native_dedup,1473,1473,official_detector,data28-1,ocsort,True,3966
14.646076267573491,31.187016771414577,2544,51,286,21.334363590764777,25.07813936385365,287,27.332324760463944,1422,0,0,0,False,8,0,True,176,legacy12,1473,aflink_cached_native_saved,1473,1473,official_detector,data28-1,ocsort,False,3966
14.647243906991408,31.189822425808515,2544,51,286,21.33608918524231,25.07813936385365,287,27.332324760463944,1422,0,0,0,True,8,0,True,176,legacy12,1473,aflink_cached_no_dedup,1473,1473,official_detector,data28-1,ocsort,True,3966
14.647243906991408,31.189822425808515,2544,51,286,21.33608918524231,25.07813936385365,287,27.332324760463944,1422,0,0,0,True,8,0,True,176,legacy12,1473,aflink_cached_overlap_safe,1473,1473,official_detector,data28-1,ocsort,True,3966
15.153540748225037,31.189822425808515,2544,51,286,21.70516861070939,26.622540908255193,264,27.912254160363087,1422,12,24,34,True,8,0,True,176,legacy12,1473,com3d_reciprocal_guard,1473,1473,official_detector,data28-1,ocsort,True,3966
15.35889222752416,31.189822425808515,2544,51,286,21.854320124493153,27.100569957712818,241,28.49218356026223,1422,17,36,51,True,8,0,True,176,legacy12,1473,controlled_cost_greedy,1473,1473,official_detector,data28-1,ocsort,True,3966
15.527797443026609,31.189822425808515,2544,51,286,21.973402746587876,27.027027027027028,257,28.088754412506304,1422,16,23,33,True,8,0,True,176,legacy12,1473,controlled_cost_reciprocal,1473,1473,official_detector,data28-1,ocsort,True,3966
14.501151663640297,31.189822425808515,2544,51,286,21.231564640921764,26.218054789483357,253,28.189611699445283,1422,13,43,59,True,8,0,True,176,legacy12,1473,geometry_greedy,1473,1473,official_detector,data28-1,ocsort,True,3966
15.405364932085707,31.189822425808515,2544,51,286,21.886221597773172,27.321198749770176,237,28.593040847201213,1422,19,36,50,True,8,0,True,176,legacy12,1473,geometry_reid_greedy_guard,1473,1473,official_detector,data28-1,ocsort,True,3966
15.38358871163982,31.189822425808515,2544,51,286,21.869926076175254,27.43151314579886,254,28.164397377710536,1422,18,31,42,True,8,0,True,176,legacy12,1473,geometry_reid_hungarian,1473,1473,official_detector,data28-1,ocsort,True,3966
14.647243906991408,31.189822425808515,2544,51,286,21.33608918524231,25.07813936385365,287,27.332324760463944,1422,0,0,0,True,8,0,True,176,legacy12,1473,no_refinement,1473,1473,official_detector,data28-1,ocsort,True,3966
60.1625779545474,53.820538392225394,260,15,27,56.88533886313384,76.40449438202246,34,68.07851239669421,708,0,0,0,True,8,0,True,34,legacy12,723,aflink_cached_native_dedup,723,723,official_detector,data28-2,bytetrack,True,968
60.16778452762207,53.825865959813676,260,15,27,56.89061350372191,76.40449438202246,34,68.07851239669421,708,0,0,0,False,8,0,True,34,legacy12,723,aflink_cached_native_saved,723,723,official_detector,data28-2,bytetrack,False,968
60.1625779545474,53.820538392225394,260,15,27,56.88533886313384,76.40449438202246,34,68.07851239669421,708,0,0,0,True,8,0,True,34,legacy12,723,aflink_cached_no_dedup,723,723,official_detector,data28-2,bytetrack,True,968
60.1625779545474,53.820538392225394,260,15,27,56.88533886313384,76.40449438202246,34,68.07851239669421,708,0,0,0,True,8,0,True,34,legacy12,723,aflink_cached_overlap_safe,723,723,official_detector,data28-2,bytetrack,True,968
63.90940980861536,53.820538392225394,260,15,27,58.631960042208306,80.30751034890598,29,68.59504132231406,708,1,0,6,True,8,0,True,34,legacy12,723,com3d_reciprocal_guard,723,723,official_detector,data28-2,bytetrack,True,968
63.90940980861536,53.820538392225394,260,15,27,58.631960042208306,80.30751034890598,29,68.59504132231406,708,1,0,6,True,8,0,True,34,legacy12,723,controlled_cost_greedy,723,723,official_detector,data28-2,bytetrack,True,968
63.90940980861536,53.820538392225394,260,15,27,58.631960042208306,80.30751034890598,29,68.59504132231406,708,1,0,6,True,8,0,True,34,legacy12,723,controlled_cost_reciprocal,723,723,official_detector,data28-2,bytetrack,True,968
63.82927060299569,53.820538392225394,260,15,27,58.59515671003114,80.30751034890598,29,68.59504132231406,708,1,0,7,True,8,0,True,34,legacy12,723,geometry_greedy,723,723,official_detector,data28-2,bytetrack,True,968
63.90940980861536,53.820538392225394,260,15,27,58.631960042208306,80.30751034890598,29,68.59504132231406,708,1,0,6,True,8,0,True,34,legacy12,723,geometry_reid_greedy_guard,723,723,official_detector,data28-2,bytetrack,True,968
63.90940980861536,53.820538392225394,260,15,27,58.631960042208306,80.30751034890598,29,68.59504132231406,708,1,0,6,True,8,0,True,34,legacy12,723,geometry_reid_hungarian,723,723,official_detector,data28-2,bytetrack,True,968
60.1625779545474,53.820538392225394,260,15,27,56.88533886313384,76.40449438202246,34,68.07851239669421,708,0,0,0,True,8,0,True,34,legacy12,723,no_refinement,723,723,official_detector,data28-2,bytetrack,True,968
84.08763180550143,62.55422596603171,230,17,3,72.45748894637534,85.20023215322112,4,74.07024793388429,738,0,0,0,True,8,0,True,6,legacy12,755,aflink_cached_native_dedup,755,755,official_detector,data28-2,deepocsort,True,968
84.0779310418189,62.56255439369816,230,17,3,72.4606791625585,85.20023215322112,4,74.07024793388429,738,0,0,0,False,8,0,True,6,legacy12,755,aflink_cached_native_saved,755,755,official_detector,data28-2,deepocsort,False,968
84.08763180550143,62.55422596603171,230,17,3,72.45748894637534,85.20023215322112,4,74.07024793388429,738,0,0,0,True,8,0,True,6,legacy12,755,aflink_cached_no_dedup,755,755,official_detector,data28-2,deepocsort,True,968
84.08763180550143,62.55422596603171,230,17,3,72.45748894637534,85.20023215322112,4,74.07024793388429,738,0,0,0,True,8,0,True,6,legacy12,755,aflink_cached_overlap_safe,755,755,official_detector,data28-2,deepocsort,True,968
84.11463974927838,62.55422596603171,230,17,3,72.46929895916364,85.54846198491003,1,74.3801652892562,738,0,0,3,True,8,0,True,6,legacy12,755,com3d_reciprocal_guard,755,755,official_detector,data28-2,deepocsort,True,968
84.11463974927838,62.55422596603171,230,17,3,72.46929895916364,85.54846198491003,1,74.3801652892562,738,0,0,3,True,8,0,True,6,legacy12,755,controlled_cost_greedy,755,755,official_detector,data28-2,deepocsort,True,968
84.11463974927838,62.55422596603171,230,17,3,72.46929895916364,85.54846198491003,1,74.3801652892562,738,0,0,3,True,8,0,True,6,legacy12,755,controlled_cost_reciprocal,755,755,official_detector,data28-2,deepocsort,True,968
84.11463974927838,62.55422596603171,230,17,3,72.46929895916364,85.54846198491003,1,74.3801652892562,738,0,0,3,True,8,0,True,6,legacy12,755,geometry_greedy,755,755,official_detector,data28-2,deepocsort,True,968
84.11463974927838,62.55422596603171,230,17,3,72.46929895916364,85.54846198491003,1,74.3801652892562,738,0,0,3,True,8,0,True,6,legacy12,755,geometry_reid_greedy_guard,755,755,official_detector,data28-2,deepocsort,True,968
84.11463974927838,62.55422596603171,230,17,3,72.46929895916364,85.54846198491003,1,74.3801652892562,738,0,0,3,True,8,0,True,6,legacy12,755,geometry_reid_hungarian,755,755,official_detector,data28-2,deepocsort,True,968
84.08763180550143,62.55422596603171,230,17,3,72.45748894637534,85.20023215322112,4,74.07024793388429,738,0,0,0,True,8,0,True,6,legacy12,755,no_refinement,755,755,official_detector,data28-2,deepocsort,True,968
42.86336202085554,51.06861931365986,373,6,26,46.71182432773319,59.145952836201396,49,55.78512396694215,595,0,0,0,True,8,0,True,59,legacy12,601,aflink_cached_native_dedup,601,601,official_detector,data28-2,ocsort,True,968
42.86566033704691,51.07722278172881,373,6,26,46.71908629874804,59.145952836201396,49,55.78512396694215,595,0,0,0,False,8,0,True,59,legacy12,601,aflink_cached_native_saved,601,601,official_detector,data28-2,ocsort,False,968
42.86336202085554,51.06861931365986,373,6,26,46.71182432773319,59.145952836201396,49,55.78512396694215,595,0,0,0,True,8,0,True,59,legacy12,601,aflink_cached_no_dedup,601,601,official_detector,data28-2,ocsort,True,968
42.86336202085554,51.06861931365986,373,6,26,46.71182432773319,59.145952836201396,49,55.78512396694215,595,0,0,0,True,8,0,True,59,legacy12,601,aflink_cached_overlap_safe,601,601,official_detector,data28-2,ocsort,True,968
45.24127668458841,51.06861931365986,373,6,26,47.982654266881866,61.44040790312301,29,57.85123966942148,595,2,0,32,True,8,0,True,59,legacy12,601,com3d_reciprocal_guard,601,601,official_detector,data28-2,ocsort,True,968
47.13286394200355,51.06861931365986,373,6,26,48.980469161686116,62.46016571064372,21,58.67768595041323,595,2,0,32,True,8,0,True,59,legacy12,601,controlled_cost_greedy,601,601,official_detector,data28-2,ocsort,True,968
47.13286394200355,51.06861931365986,373,6,26,48.980469161686116,62.46016571064372,21,58.67768595041323,595,2,0,32,True,8,0,True,59,legacy12,601,controlled_cost_reciprocal,601,601,official_detector,data28-2,ocsort,True,968
45.24127668458841,51.06861931365986,373,6,26,47.982654266881866,61.44040790312301,29,57.85123966942148,595,2,0,32,True,8,0,True,59,legacy12,601,geometry_greedy,601,601,official_detector,data28-2,ocsort,True,968
48.72901214779423,51.06861931365986,373,6,26,49.80553347857642,63.224984066284264,15,59.29752066115702,595,2,0,34,True,8,0,True,59,legacy12,601,geometry_reid_greedy_guard,601,601,official_detector,data28-2,ocsort,True,968
48.51925685568451,51.06861931365986,373,6,26,49.69733293378866,63.09751434034416,16,59.19421487603306,595,2,0,34,True,8,0,True,59,legacy12,601,geometry_reid_hungarian,601,601,official_detector,data28-2,ocsort,True,968
42.86336202085554,51.06861931365986,373,6,26,46.71182432773319,59.145952836201396,49,55.78512396694215,595,0,0,0,True,8,0,True,59,legacy12,601,no_refinement,601,601,official_detector,data28-2,ocsort,True,968
22.807017543859647,0.454766549684357,301,44,0,3.0916880190087963,1.146131805157593,0,-13.861386138613863,2,0,0,0,True,8,0,True,4,legacy12,46,aflink_cached_native_dedup,46,46,official_detector,data28-3,bytetrack,True,303
22.807017543859647,0.454766549684357,301,44,0,3.0916880190087963,1.146131805157593,0,-13.861386138613863,2,0,0,0,False,8,0,True,4,legacy12,46,aflink_cached_native_saved,46,46,official_detector,data28-3,bytetrack,False,303
22.807017543859647,0.454766549684357,301,44,0,3.0916880190087963,1.146131805157593,0,-13.861386138613863,2,0,0,0,True,8,0,True,4,legacy12,46,aflink_cached_no_dedup,46,46,official_detector,data28-3,bytetrack,True,303
22.807017543859647,0.454766549684357,301,44,0,3.0916880190087963,1.146131805157593,0,-13.861386138613863,2,0,0,0,True,8,0,True,4,legacy12,46,aflink_cached_overlap_safe,46,46,official_detector,data28-3,bytetrack,True,303
22.807017543859647,0.454766549684357,301,44,0,3.0916880190087963,1.146131805157593,0,-13.861386138613863,2,0,0,0,True,8,0,True,4,legacy12,46,com3d_reciprocal_guard,46,46,official_detector,data28-3,bytetrack,True,303
22.807017543859647,0.454766549684357,301,44,0,3.0916880190087963,1.146131805157593,0,-13.861386138613863,2,0,0,0,True,8,0,True,4,legacy12,46,controlled_cost_greedy,46,46,official_detector,data28-3,bytetrack,True,303
22.807017543859647,0.454766549684357,301,44,0,3.0916880190087963,1.146131805157593,0,-13.861386138613863,2,0,0,0,True,8,0,True,4,legacy12,46,controlled_cost_reciprocal,46,46,official_detector,data28-3,bytetrack,True,303
22.807017543859647,0.454766549684357,301,44,0,3.0916880190087963,1.146131805157593,0,-13.861386138613863,2,0,0,0,True,8,0,True,4,legacy12,46,geometry_greedy,46,46,official_detector,data28-3,bytetrack,True,303
22.807017543859647,0.454766549684357,301,44,0,3.0916880190087963,1.146131805157593,0,-13.861386138613863,2,0,0,0,True,8,0,True,4,legacy12,46,geometry_reid_greedy_guard,46,46,official_detector,data28-3,bytetrack,True,303
22.807017543859647,0.454766549684357,301,44,0,3.0916880190087963,1.146131805157593,0,-13.861386138613863,2,0,0,0,True,8,0,True,4,legacy12,46,geometry_reid_hungarian,46,46,official_detector,data28-3,bytetrack,True,303
22.807017543859647,0.454766549684357,301,44,0,3.0916880190087963,1.146131805157593,0,-13.861386138613863,2,0,0,0,True,8,0,True,4,legacy12,46,no_refinement,46,46,official_detector,data28-3,bytetrack,True,303
25.657894736842103,1.1992005329780149,299,13,0,5.546977649451533,1.25,2,-3.6303630363036308,4,0,0,0,True,8,0,True,3,legacy12,17,aflink_cached_native_dedup,17,17,official_detector,data28-3,deepocsort,True,303
25.657894736842103,1.1992005329780149,299,13,0,5.546977649451533,1.25,2,-3.6303630363036308,4,0,0,0,False,8,0,True,3,legacy12,17,aflink_cached_native_saved,17,17,official_detector,data28-3,deepocsort,False,303
25.657894736842103,1.1992005329780149,299,13,0,5.546977649451533,1.25,2,-3.6303630363036308,4,0,0,0,True,8,0,True,3,legacy12,17,aflink_cached_no_dedup,17,17,official_detector,data28-3,deepocsort,True,303
25.657894736842103,1.1992005329780149,299,13,0,5.546977649451533,1.25,2,-3.6303630363036308,4,0,0,0,True,8,0,True,3,legacy12,17,aflink_cached_overlap_safe,17,17,official_detector,data28-3,deepocsort,True,303
25.657894736842103,1.1992005329780149,299,13,0,5.546977649451533,1.25,2,-3.6303630363036308,4,0,0,0,True,8,0,True,3,legacy12,17,com3d_reciprocal_guard,17,17,official_detector,data28-3,deepocsort,True,303
25.657894736842103,1.1992005329780149,299,13,0,5.546977649451533,1.25,2,-3.6303630363036308,4,0,0,0,True,8,0,True,3,legacy12,17,controlled_cost_greedy,17,17,official_detector,data28-3,deepocsort,True,303
25.657894736842103,1.1992005329780149,299,13,0,5.546977649451533,1.25,2,-3.6303630363036308,4,0,0,0,True,8,0,True,3,legacy12,17,controlled_cost_reciprocal,17,17,official_detector,data28-3,deepocsort,True,303
25.657894736842103,1.1992005329780149,299,13,0,5.546977649451533,1.25,2,-3.6303630363036308,4,0,0,0,True,8,0,True,3,legacy12,17,geometry_greedy,17,17,official_detector,data28-3,deepocsort,True,303
25.657894736842103,1.1992005329780149,299,13,0,5.546977649451533,1.25,2,-3.6303630363036308,4,0,0,0,True,8,0,True,3,legacy12,17,geometry_reid_greedy_guard,17,17,official_detector,data28-3,deepocsort,True,303
25.657894736842103,1.1992005329780149,299,13,0,5.546977649451533,1.25,2,-3.6303630363036308,4,0,0,0,True,8,0,True,3,legacy12,17,geometry_reid_hungarian,17,17,official_detector,data28-3,deepocsort,True,303
25.657894736842103,1.1992005329780149,299,13,0,5.546977649451533,1.25,2,-3.6303630363036308,4,0,0,0,True,8,0,True,3,legacy12,17,no_refinement,17,17,official_detector,data28-3,deepocsort,True,303
22.697368421052634,1.3744914154621057,298,30,0,5.572166052997259,1.183431952662722,3,-9.24092409240924,5,0,0,0,True,8,0,True,5,legacy12,35,aflink_cached_native_dedup,35,35,official_detector,data28-3,ocsort,True,303
22.697368421052634,1.3744914154621057,298,30,0,5.572166052997259,1.183431952662722,3,-9.24092409240924,5,0,0,0,False,8,0,True,5,legacy12,35,aflink_cached_native_saved,35,35,official_detector,data28-3,ocsort,False,303
22.697368421052634,1.3744914154621057,298,30,0,5.572166052997259,1.183431952662722,3,-9.24092409240924,5,0,0,0,True,8,0,True,5,legacy12,35,aflink_cached_no_dedup,35,35,official_detector,data28-3,ocsort,True,303
22.697368421052634,1.3744914154621057,298,30,0,5.572166052997259,1.183431952662722,3,-9.24092409240924,5,0,0,0,True,8,0,True,5,legacy12,35,aflink_cached_overlap_safe,35,35,official_detector,data28-3,ocsort,True,303
22.697368421052634,1.3744914154621057,298,30,0,5.572166052997259,1.183431952662722,3,-9.24092409240924,5,0,0,0,True,8,0,True,5,legacy12,35,com3d_reciprocal_guard,35,35,official_detector,data28-3,ocsort,True,303
22.697368421052634,1.3744914154621057,298,30,0,5.572166052997259,1.183431952662722,3,-9.24092409240924,5,0,0,0,True,8,0,True,5,legacy12,35,controlled_cost_greedy,35,35,official_detector,data28-3,ocsort,True,303
22.697368421052634,1.3744914154621057,298,30,0,5.572166052997259,1.183431952662722,3,-9.24092409240924,5,0,0,0,True,8,0,True,5,legacy12,35,controlled_cost_reciprocal,35,35,official_detector,data28-3,ocsort,True,303
22.697368421052634,1.3744914154621057,298,30,0,5.572166052997259,1.183431952662722,3,-9.24092409240924,5,0,0,0,True,8,0,True,5,legacy12,35,geometry_greedy,35,35,official_detector,data28-3,ocsort,True,303
22.697368421052634,1.3744914154621057,298,30,0,5.572166052997259,1.183431952662722,3,-9.24092409240924,5,0,0,0,True,8,0,True,5,legacy12,35,geometry_reid_greedy_guard,35,35,official_detector,data28-3,ocsort,True,303
22.697368421052634,1.3744914154621057,298,30,0,5.572166052997259,1.183431952662722,3,-9.24092409240924,5,0,0,0,True,8,0,True,5,legacy12,35,geometry_reid_hungarian,35,35,official_detector,data28-3,ocsort,True,303
22.697368421052634,1.3744914154621057,298,30,0,5.572166052997259,1.183431952662722,3,-9.24092409240924,5,0,0,0,True,8,0,True,5,legacy12,35,no_refinement,35,35,official_detector,data28-3,ocsort,True,303
26.879699248120303,2.4566300308713167,224,0,0,7.872077779297257,4.201680672268908,2,2.1645021645021645,7,0,0,0,True,8,0,True,4,legacy12,7,aflink_cached_native_dedup,7,7,official_detector,data28-4,bytetrack,True,231
26.879699248120303,2.4566300308713167,224,0,0,7.872077779297257,4.201680672268908,2,2.1645021645021645,7,0,0,0,False,8,0,True,4,legacy12,7,aflink_cached_native_saved,7,7,official_detector,data28-4,bytetrack,False,231
26.879699248120303,2.4566300308713167,224,0,0,7.872077779297257,4.201680672268908,2,2.1645021645021645,7,0,0,0,True,8,0,True,4,legacy12,7,aflink_cached_no_dedup,7,7,official_detector,data28-4,bytetrack,True,231
26.879699248120303,2.4566300308713167,224,0,0,7.872077779297257,4.201680672268908,2,2.1645021645021645,7,0,0,0,True,8,0,True,4,legacy12,7,aflink_cached_overlap_safe,7,7,official_detector,data28-4,bytetrack,True,231
26.879699248120303,2.4566300308713167,224,0,0,7.872077779297257,4.201680672268908,2,2.1645021645021645,7,0,0,0,True,8,0,True,4,legacy12,7,com3d_reciprocal_guard,7,7,official_detector,data28-4,bytetrack,True,231
26.879699248120303,2.4566300308713167,224,0,0,7.872077779297257,4.201680672268908,2,2.1645021645021645,7,0,0,0,True,8,0,True,4,legacy12,7,controlled_cost_greedy,7,7,official_detector,data28-4,bytetrack,True,231
26.879699248120303,2.4566300308713167,224,0,0,7.872077779297257,4.201680672268908,2,2.1645021645021645,7,0,0,0,True,8,0,True,4,legacy12,7,controlled_cost_reciprocal,7,7,official_detector,data28-4,bytetrack,True,231
26.879699248120303,2.4566300308713167,224,0,0,7.872077779297257,4.201680672268908,2,2.1645021645021645,7,0,0,0,True,8,0,True,4,legacy12,7,geometry_greedy,7,7,official_detector,data28-4,bytetrack,True,231
26.879699248120303,2.4566300308713167,224,0,0,7.872077779297257,4.201680672268908,2,2.1645021645021645,7,0,0,0,True,8,0,True,4,legacy12,7,geometry_reid_greedy_guard,7,7,official_detector,data28-4,bytetrack,True,231
26.879699248120303,2.4566300308713167,224,0,0,7.872077779297257,4.201680672268908,2,2.1645021645021645,7,0,0,0,True,8,0,True,4,legacy12,7,geometry_reid_hungarian,7,7,official_detector,data28-4,bytetrack,True,231
26.879699248120303,2.4566300308713167,224,0,0,7.872077779297257,4.201680672268908,2,2.1645021645021645,7,0,0,0,True,8,0,True,4,legacy12,7,no_refinement,7,7,official_detector,data28-4,bytetrack,True,231
14.369512872043233,5.4854086597775495,216,0,1,8.736787364802243,4.878048780487805,9,2.5974025974025974,15,0,0,0,True,8,0,True,8,legacy12,15,aflink_cached_native_dedup,15,15,official_detector,data28-4,deepocsort,True,231
14.369512872043233,5.4854086597775495,216,0,1,8.736787364802243,4.878048780487805,9,2.5974025974025974,15,0,0,0,False,8,0,True,8,legacy12,15,aflink_cached_native_saved,15,15,official_detector,data28-4,deepocsort,False,231
14.369512872043233,5.4854086597775495,216,0,1,8.736787364802243,4.878048780487805,9,2.5974025974025974,15,0,0,0,True,8,0,True,8,legacy12,15,aflink_cached_no_dedup,15,15,official_detector,data28-4,deepocsort,True,231
14.369512872043233,5.4854086597775495,216,0,1,8.736787364802243,4.878048780487805,9,2.5974025974025974,15,0,0,0,True,8,0,True,8,legacy12,15,aflink_cached_overlap_safe,15,15,official_detector,data28-4,deepocsort,True,231
14.369512872043233,5.4854086597775495,216,0,1,8.736787364802243,4.878048780487805,9,2.5974025974025974,15,0,0,0,True,8,0,True,8,legacy12,15,com3d_reciprocal_guard,15,15,official_detector,data28-4,deepocsort,True,231
14.369512872043233,5.4854086597775495,216,0,1,8.736787364802243,4.878048780487805,9,2.5974025974025974,15,0,0,0,True,8,0,True,8,legacy12,15,controlled_cost_greedy,15,15,official_detector,data28-4,deepocsort,True,231
14.369512872043233,5.4854086597775495,216,0,1,8.736787364802243,4.878048780487805,9,2.5974025974025974,15,0,0,0,True,8,0,True,8,legacy12,15,controlled_cost_reciprocal,15,15,official_detector,data28-4,deepocsort,True,231
14.369512872043233,5.4854086597775495,216,0,1,8.736787364802243,4.878048780487805,9,2.5974025974025974,15,0,0,0,True,8,0,True,8,legacy12,15,geometry_greedy,15,15,official_detector,data28-4,deepocsort,True,231
14.369512872043233,5.4854086597775495,216,0,1,8.736787364802243,4.878048780487805,9,2.5974025974025974,15,0,0,0,True,8,0,True,8,legacy12,15,geometry_reid_greedy_guard,15,15,official_detector,data28-4,deepocsort,True,231
14.369512872043233,5.4854086597775495,216,0,1,8.736787364802243,4.878048780487805,9,2.5974025974025974,15,0,0,0,True,8,0,True,8,legacy12,15,geometry_reid_hungarian,15,15,official_detector,data28-4,deepocsort,True,231
14.369512872043233,5.4854086597775495,216,0,1,8.736787364802243,4.878048780487805,9,2.5974025974025974,15,0,0,0,True,8,0,True,8,legacy12,15,no_refinement,15,15,official_detector,data28-4,deepocsort,True,231
13.123718386876279,1.6553999647555648,227,1,0,4.643489632279759,1.694915254237288,2,0.4329004329004329,4,0,0,0,True,8,0,True,2,legacy12,5,aflink_cached_native_dedup,5,5,official_detector,data28-4,ocsort,True,231
13.123718386876279,1.6553999647555648,227,1,0,4.643489632279759,1.694915254237288,2,0.4329004329004329,4,0,0,0,False,8,0,True,2,legacy12,5,aflink_cached_native_saved,5,5,official_detector,data28-4,ocsort,False,231
13.123718386876279,1.6553999647555648,227,1,0,4.643489632279759,1.694915254237288,2,0.4329004329004329,4,0,0,0,True,8,0,True,2,legacy12,5,aflink_cached_no_dedup,5,5,official_detector,data28-4,ocsort,True,231
13.123718386876279,1.6553999647555648,227,1,0,4.643489632279759,1.694915254237288,2,0.4329004329004329,4,0,0,0,True,8,0,True,2,legacy12,5,aflink_cached_overlap_safe,5,5,official_detector,data28-4,ocsort,True,231
13.123718386876279,1.6553999647555648,227,1,0,4.643489632279759,1.694915254237288,2,0.4329004329004329,4,0,0,0,True,8,0,True,2,legacy12,5,com3d_reciprocal_guard,5,5,official_detector,data28-4,ocsort,True,231
13.123718386876279,1.6553999647555648,227,1,0,4.643489632279759,1.694915254237288,2,0.4329004329004329,4,0,0,0,True,8,0,True,2,legacy12,5,controlled_cost_greedy,5,5,official_detector,data28-4,ocsort,True,231
13.123718386876279,1.6553999647555648,227,1,0,4.643489632279759,1.694915254237288,2,0.4329004329004329,4,0,0,0,True,8,0,True,2,legacy12,5,controlled_cost_reciprocal,5,5,official_detector,data28-4,ocsort,True,231
13.123718386876279,1.6553999647555648,227,1,0,4.643489632279759,1.694915254237288,2,0.4329004329004329,4,0,0,0,True,8,0,True,2,legacy12,5,geometry_greedy,5,5,official_detector,data28-4,ocsort,True,231
13.123718386876279,1.6553999647555648,227,1,0,4.643489632279759,1.694915254237288,2,0.4329004329004329,4,0,0,0,True,8,0,True,2,legacy12,5,geometry_reid_greedy_guard,5,5,official_detector,data28-4,ocsort,True,231
13.123718386876279,1.6553999647555648,227,1,0,4.643489632279759,1.694915254237288,2,0.4329004329004329,4,0,0,0,True,8,0,True,2,legacy12,5,geometry_reid_hungarian,5,5,official_detector,data28-4,ocsort,True,231
13.123718386876279,1.6553999647555648,227,1,0,4.643489632279759,1.694915254237288,2,0.4329004329004329,4,0,0,0,True,8,0,True,2,legacy12,5,no_refinement,5,5,official_detector,data28-4,ocsort,True,231
11.173032734913745,4.256406348411699,174,1,0,6.758545504181974,7.253886010362693,2,3.278688524590164,9,0,0,0,True,8,0,True,5,legacy12,10,aflink_cached_native_dedup,10,10,official_detector,data28-5,bytetrack,True,183
11.173032734913745,4.256406348411699,174,1,0,6.758545504181974,7.253886010362693,2,3.278688524590164,9,0,0,0,False,8,0,True,5,legacy12,10,aflink_cached_native_saved,10,10,official_detector,data28-5,bytetrack,False,183
11.173032734913745,4.256406348411699,174,1,0,6.758545504181974,7.253886010362693,2,3.278688524590164,9,0,0,0,True,8,0,True,5,legacy12,10,aflink_cached_no_dedup,10,10,official_detector,data28-5,bytetrack,True,183
11.173032734913745,4.256406348411699,174,1,0,6.758545504181974,7.253886010362693,2,3.278688524590164,9,0,0,0,True,8,0,True,5,legacy12,10,aflink_cached_overlap_safe,10,10,official_detector,data28-5,bytetrack,True,183
11.173032734913745,4.256406348411699,174,1,0,6.758545504181974,7.253886010362693,2,3.278688524590164,9,0,0,0,True,8,0,True,5,legacy12,10,com3d_reciprocal_guard,10,10,official_detector,data28-5,bytetrack,True,183
11.173032734913745,4.256406348411699,174,1,0,6.758545504181974,7.253886010362693,2,3.278688524590164,9,0,0,0,True,8,0,True,5,legacy12,10,controlled_cost_greedy,10,10,official_detector,data28-5,bytetrack,True,183
11.173032734913745,4.256406348411699,174,1,0,6.758545504181974,7.253886010362693,2,3.278688524590164,9,0,0,0,True,8,0,True,5,legacy12,10,controlled_cost_reciprocal,10,10,official_detector,data28-5,bytetrack,True,183
11.173032734913745,4.256406348411699,174,1,0,6.758545504181974,7.253886010362693,2,3.278688524590164,9,0,0,0,True,8,0,True,5,legacy12,10,geometry_greedy,10,10,official_detector,data28-5,bytetrack,True,183
11.173032734913745,4.256406348411699,174,1,0,6.758545504181974,7.253886010362693,2,3.278688524590164,9,0,0,0,True,8,0,True,5,legacy12,10,geometry_reid_greedy_guard,10,10,official_detector,data28-5,bytetrack,True,183
11.173032734913745,4.256406348411699,174,1,0,6.758545504181974,7.253886010362693,2,3.278688524590164,9,0,0,0,True,8,0,True,5,legacy12,10,geometry_reid_hungarian,10,10,official_detector,data28-5,bytetrack,True,183
11.173032734913745,4.256406348411699,174,1,0,6.758545504181974,7.253886010362693,2,3.278688524590164,9,0,0,0,True,8,0,True,5,legacy12,10,no_refinement,10,10,official_detector,data28-5,bytetrack,True,183
19.897638723856513,14.840838169495049,151,7,4,17.10961703929363,17.117117117117118,12,7.103825136612022,32,0,0,0,True,8,0,True,14,legacy12,39,aflink_cached_native_dedup,39,39,official_detector,data28-5,deepocsort,True,183
19.897638723856513,14.840838169495049,151,7,4,17.10961703929363,17.117117117117118,12,7.103825136612022,32,0,0,0,False,8,0,True,14,legacy12,39,aflink_cached_native_saved,39,39,official_detector,data28-5,deepocsort,False,183
19.897638723856513,14.840838169495049,151,7,4,17.10961703929363,17.117117117117118,12,7.103825136612022,32,0,0,0,True,8,0,True,14,legacy12,39,aflink_cached_no_dedup,39,39,official_detector,data28-5,deepocsort,True,183
19.897638723856513,14.840838169495049,151,7,4,17.10961703929363,17.117117117117118,12,7.103825136612022,32,0,0,0,True,8,0,True,14,legacy12,39,aflink_cached_overlap_safe,39,39,official_detector,data28-5,deepocsort,True,183
23.6125734059664,14.840838169495049,151,7,4,18.636144136819905,21.62162162162162,7,9.836065573770492,32,1,0,6,True,8,0,True,14,legacy12,39,com3d_reciprocal_guard,39,39,official_detector,data28-5,deepocsort,True,183
24.321125648348133,14.840838169495049,151,7,4,18.9137249412811,22.52252252252252,6,10.382513661202186,32,1,0,7,True,8,0,True,14,legacy12,39,controlled_cost_greedy,39,39,official_detector,data28-5,deepocsort,True,183
23.6125734059664,14.840838169495049,151,7,4,18.636144136819905,21.62162162162162,7,9.836065573770492,32,1,0,6,True,8,0,True,14,legacy12,39,controlled_cost_reciprocal,39,39,official_detector,data28-5,deepocsort,True,183
24.321125648348136,14.840838169495049,151,7,4,18.9137249412811,22.52252252252252,6,10.382513661202186,32,1,1,6,True,8,0,True,14,legacy12,39,geometry_greedy,39,39,official_detector,data28-5,deepocsort,True,183
24.321125648348136,14.840838169495049,151,7,4,18.9137249412811,22.52252252252252,6,10.382513661202186,32,1,0,7,True,8,0,True,14,legacy12,39,geometry_reid_greedy_guard,39,39,official_detector,data28-5,deepocsort,True,183
24.321125648348136,14.840838169495049,151,7,4,18.9137249412811,22.52252252252252,6,10.382513661202186,32,1,1,6,True,8,0,True,14,legacy12,39,geometry_reid_hungarian,39,39,official_detector,data28-5,deepocsort,True,183
19.897638723856513,14.840838169495049,151,7,4,17.10961703929363,17.117117117117118,12,7.103825136612022,32,0,0,0,True,8,0,True,14,legacy12,39,no_refinement,39,39,official_detector,data28-5,deepocsort,True,183
13.419483192403392,9.070715083786919,163,1,0,10.938953468167652,7.8431372549019605,12,3.825136612021858,20,0,0,0,True,8,0,True,14,legacy12,21,aflink_cached_native_dedup,21,21,official_detector,data28-5,ocsort,True,183
13.419483192403392,9.070715083786919,163,1,0,10.938953468167652,7.8431372549019605,12,3.825136612021858,20,0,0,0,False,8,0,True,14,legacy12,21,aflink_cached_native_saved,21,21,official_detector,data28-5,ocsort,False,183
13.419483192403392,9.070715083786919,163,1,0,10.938953468167652,7.8431372549019605,12,3.825136612021858,20,0,0,0,True,8,0,True,14,legacy12,21,aflink_cached_no_dedup,21,21,official_detector,data28-5,ocsort,True,183
13.419483192403392,9.070715083786919,163,1,0,10.938953468167652,7.8431372549019605,12,3.825136612021858,20,0,0,0,True,8,0,True,14,legacy12,21,aflink_cached_overlap_safe,21,21,official_detector,data28-5,ocsort,True,183
20.006238565686576,9.070715083786919,163,1,0,13.438173109594178,13.725490196078432,6,7.103825136612022,20,1,0,7,True,8,0,True,14,legacy12,21,com3d_reciprocal_guard,21,21,official_detector,data28-5,ocsort,True,183
21.133105641801777,9.070715083786919,163,1,0,13.814232477913018,14.705882352941178,5,7.650273224043716,20,1,0,8,True,8,0,True,14,legacy12,21,controlled_cost_greedy,21,21,official_detector,data28-5,ocsort,True,183
20.006238565686576,9.070715083786919,163,1,0,13.438173109594178,13.725490196078432,6,7.103825136612022,20,1,0,7,True,8,0,True,14,legacy12,21,controlled_cost_reciprocal,21,21,official_detector,data28-5,ocsort,True,183
21.133105641801777,9.070715083786919,163,1,0,13.814232477913018,14.705882352941178,5,7.650273224043716,20,1,1,7,True,8,0,True,14,legacy12,21,geometry_greedy,21,21,official_detector,data28-5,ocsort,True,183
21.133105641801777,9.070715083786919,163,1,0,13.814232477913018,14.705882352941178,5,7.650273224043716,20,1,0,8,True,8,0,True,14,legacy12,21,geometry_reid_greedy_guard,21,21,official_detector,data28-5,ocsort,True,183
21.133105641801777,9.070715083786919,163,1,0,13.814232477913018,14.705882352941178,5,7.650273224043716,20,1,1,7,True,8,0,True,14,legacy12,21,geometry_reid_hungarian,21,21,official_detector,data28-5,ocsort,True,183
13.419483192403392,9.070715083786919,163,1,0,10.938953468167652,7.8431372549019605,12,3.825136612021858,20,0,0,0,True,8,0,True,14,legacy12,21,no_refinement,21,21,official_detector,data28-5,ocsort,True,183
7.879013074143169,1.6587791510340886,237,108,0,3.5800621230816447,2.785515320334262,1,-41.80327868852459,7,0,0,0,True,8,0,True,9,legacy12,115,aflink_cached_native_dedup,115,115,official_detector,data28-6,bytetrack,True,244
7.879013074143169,1.6587791510340886,237,108,0,3.5800621230816447,2.785515320334262,1,-41.80327868852459,7,0,0,0,False,8,0,True,9,legacy12,115,aflink_cached_native_saved,115,115,official_detector,data28-6,bytetrack,False,244
7.879013074143169,1.6587791510340886,237,108,0,3.5800621230816447,2.785515320334262,1,-41.80327868852459,7,0,0,0,True,8,0,True,9,legacy12,115,aflink_cached_no_dedup,115,115,official_detector,data28-6,bytetrack,True,244
7.879013074143169,1.6587791510340886,237,108,0,3.5800621230816447,2.785515320334262,1,-41.80327868852459,7,0,0,0,True,8,0,True,9,legacy12,115,aflink_cached_overlap_safe,115,115,official_detector,data28-6,bytetrack,True,244
7.781144354404755,1.6587791510340886,237,108,0,3.5541381917311052,2.785515320334262,1,-41.80327868852459,7,0,0,2,True,8,0,True,9,legacy12,115,com3d_reciprocal_guard,115,115,official_detector,data28-6,bytetrack,True,244
7.781144354404755,1.6587791510340886,237,108,0,3.5541381917311052,2.785515320334262,1,-41.80327868852459,7,0,0,2,True,8,0,True,9,legacy12,115,controlled_cost_greedy,115,115,official_detector,data28-6,bytetrack,True,244
7.781144354404755,1.6587791510340886,237,108,0,3.5541381917311052,2.785515320334262,1,-41.80327868852459,7,0,0,2,True,8,0,True,9,legacy12,115,controlled_cost_reciprocal,115,115,official_detector,data28-6,bytetrack,True,244
7.781144354404755,1.6587791510340886,237,108,0,3.5541381917311052,2.785515320334262,1,-41.80327868852459,7,0,0,2,True,8,0,True,9,legacy12,115,geometry_greedy,115,115,official_detector,data28-6,bytetrack,True,244
7.781144354404755,1.6587791510340886,237,108,0,3.5541381917311052,2.785515320334262,1,-41.80327868852459,7,0,0,2,True,8,0,True,9,legacy12,115,geometry_reid_greedy_guard,115,115,official_detector,data28-6,bytetrack,True,244
7.781144354404755,1.6587791510340886,237,108,0,3.5541381917311052,2.785515320334262,1,-41.80327868852459,7,0,0,2,True,8,0,True,9,legacy12,115,geometry_reid_hungarian,115,115,official_detector,data28-6,bytetrack,True,244
7.879013074143169,1.6587791510340886,237,108,0,3.5800621230816447,2.785515320334262,1,-41.80327868852459,7,0,0,0,True,8,0,True,9,legacy12,115,no_refinement,115,115,official_detector,data28-6,bytetrack,True,244
0.0,0.0,244,34,0,0.0,0.0,0,-13.934426229508196,0,0,0,0,True,8,0,True,2,legacy12,34,aflink_cached_native_dedup,34,34,official_detector,data28-6,deepocsort,True,244
0.0,0.0,244,34,0,0.0,0.0,0,-13.934426229508196,0,0,0,0,False,8,0,True,2,legacy12,34,aflink_cached_native_saved,34,34,official_detector,data28-6,deepocsort,False,244
0.0,0.0,244,34,0,0.0,0.0,0,-13.934426229508196,0,0,0,0,True,8,0,True,2,legacy12,34,aflink_cached_no_dedup,34,34,official_detector,data28-6,deepocsort,True,244
0.0,0.0,244,34,0,0.0,0.0,0,-13.934426229508196,0,0,0,0,True,8,0,True,2,legacy12,34,aflink_cached_overlap_safe,34,34,official_detector,data28-6,deepocsort,True,244
0.0,0.0,244,34,0,0.0,0.0,0,-13.934426229508196,0,0,0,0,True,8,0,True,2,legacy12,34,com3d_reciprocal_guard,34,34,official_detector,data28-6,deepocsort,True,244
0.0,0.0,244,34,0,0.0,0.0,0,-13.934426229508196,0,0,0,0,True,8,0,True,2,legacy12,34,controlled_cost_greedy,34,34,official_detector,data28-6,deepocsort,True,244
0.0,0.0,244,34,0,0.0,0.0,0,-13.934426229508196,0,0,0,0,True,8,0,True,2,legacy12,34,controlled_cost_reciprocal,34,34,official_detector,data28-6,deepocsort,True,244
0.0,0.0,244,34,0,0.0,0.0,0,-13.934426229508196,0,0,0,0,True,8,0,True,2,legacy12,34,geometry_greedy,34,34,official_detector,data28-6,deepocsort,True,244
0.0,0.0,244,34,0,0.0,0.0,0,-13.934426229508196,0,0,0,0,True,8,0,True,2,legacy12,34,geometry_reid_greedy_guard,34,34,official_detector,data28-6,deepocsort,True,244
0.0,0.0,244,34,0,0.0,0.0,0,-13.934426229508196,0,0,0,0,True,8,0,True,2,legacy12,34,geometry_reid_hungarian,34,34,official_detector,data28-6,deepocsort,True,244
0.0,0.0,244,34,0,0.0,0.0,0,-13.934426229508196,0,0,0,0,True,8,0,True,2,legacy12,34,no_refinement,34,34,official_detector,data28-6,deepocsort,True,244
61.9047619047619,2.2370672189455676,236,90,0,11.766755035738349,4.678362573099415,0,-33.60655737704918,8,0,0,0,True,8,0,True,4,legacy12,98,aflink_cached_native_dedup,98,98,official_detector,data28-6,ocsort,True,244
61.9047619047619,2.2370672189455676,236,90,0,11.766755035738349,4.678362573099415,0,-33.60655737704918,8,0,0,0,False,8,0,True,4,legacy12,98,aflink_cached_native_saved,98,98,official_detector,data28-6,ocsort,False,244
61.9047619047619,2.2370672189455676,236,90,0,11.766755035738349,4.678362573099415,0,-33.60655737704918,8,0,0,0,True,8,0,True,4,legacy12,98,aflink_cached_no_dedup,98,98,official_detector,data28-6,ocsort,True,244
61.9047619047619,2.2370672189455676,236,90,0,11.766755035738349,4.678362573099415,0,-33.60655737704918,8,0,0,0,True,8,0,True,4,legacy12,98,aflink_cached_overlap_safe,98,98,official_detector,data28-6,ocsort,True,244
61.9047619047619,2.2370672189455676,236,90,0,11.766755035738349,4.678362573099415,0,-33.60655737704918,8,0,0,0,True,8,0,True,4,legacy12,98,com3d_reciprocal_guard,98,98,official_detector,data28-6,ocsort,True,244
61.9047619047619,2.2370672189455676,236,90,0,11.766755035738349,4.678362573099415,0,-33.60655737704918,8,0,0,0,True,8,0,True,4,legacy12,98,controlled_cost_greedy,98,98,official_detector,data28-6,ocsort,True,244
61.9047619047619,2.2370672189455676,236,90,0,11.766755035738349,4.678362573099415,0,-33.60655737704918,8,0,0,0,True,8,0,True,4,legacy12,98,controlled_cost_reciprocal,98,98,official_detector,data28-6,ocsort,True,244
61.9047619047619,2.2370672189455676,236,90,0,11.766755035738349,4.678362573099415,0,-33.60655737704918,8,0,0,0,True,8,0,True,4,legacy12,98,geometry_greedy,98,98,official_detector,data28-6,ocsort,True,244
61.9047619047619,2.2370672189455676,236,90,0,11.766755035738349,4.678362573099415,0,-33.60655737704918,8,0,0,0,True,8,0,True,4,legacy12,98,geometry_reid_greedy_guard,98,98,official_detector,data28-6,ocsort,True,244
61.9047619047619,2.2370672189455676,236,90,0,11.766755035738349,4.678362573099415,0,-33.60655737704918,8,0,0,0,True,8,0,True,4,legacy12,98,geometry_reid_hungarian,98,98,official_detector,data28-6,ocsort,True,244
61.9047619047619,2.2370672189455676,236,90,0,11.766755035738349,4.678362573099415,0,-33.60655737704918,8,0,0,0,True,8,0,True,4,legacy12,98,no_refinement,98,98,official_detector,data28-6,ocsort,True,244
69.23114193015621,38.83900473232031,3626,242,139,51.82253596745041,59.36473165388828,160,43.82147838214784,3544,0,0,0,True,8,0,True,256,legacy12,3786,aflink_cached_native_dedup,3786,3786,official_detector,data30-10,bytetrack,True,7170
69.23080600941698,38.83902223343163,3626,242,139,51.82241803304336,59.36473165388828,160,43.82147838214784,3544,0,0,0,False,8,0,True,256,legacy12,3786,aflink_cached_native_saved,3786,3786,official_detector,data30-10,bytetrack,False,7170
69.23114193015621,38.83900473232031,3626,242,139,51.82253596745041,59.36473165388828,160,43.82147838214784,3544,0,0,0,True,8,0,True,256,legacy12,3786,aflink_cached_no_dedup,3786,3786,official_detector,data30-10,bytetrack,True,7170
69.23114193015621,38.83900473232031,3626,242,139,51.82253596745041,59.36473165388828,160,43.82147838214784,3544,0,0,0,True,8,0,True,256,legacy12,3786,aflink_cached_overlap_safe,3786,3786,official_detector,data30-10,bytetrack,True,7170
69.01379139391706,38.833414489890785,3626,242,139,51.738068301173534,59.63855421686747,132,44.21199442119944,3544,0,1,60,True,8,0,True,256,legacy12,3786,com3d_reciprocal_guard,3786,3786,official_detector,data30-10,bytetrack,True,7170
69.44934759186617,38.853351101705584,3626,242,139,51.916188964508436,60.149689667761955,119,44.39330543933055,3544,1,2,67,True,8,0,True,256,legacy12,3786,controlled_cost_greedy,3786,3786,official_detector,data30-10,bytetrack,True,7170
69.31669476447783,38.853351101705584,3626,242,139,51.8658000008681,59.85761226725083,123,44.33751743375174,3544,1,1,63,True,8,0,True,256,legacy12,3786,controlled_cost_reciprocal,3786,3786,official_detector,data30-10,bytetrack,True,7170
69.42240247133007,38.81907349873535,3626,242,139,51.88304815929822,59.98539612997445,129,44.25383542538354,3544,1,1,71,True,8,0,True,256,legacy12,3786,geometry_greedy,3786,3786,official_detector,data30-10,bytetrack,True,7170
69.42442760653265,38.853351101705584,3626,242,139,51.906735789040845,60.1679445052939,119,44.39330543933055,3544,1,2,67,True,8,0,True,256,legacy12,3786,geometry_reid_greedy_guard,3786,3786,official_detector,data30-10,bytetrack,True,7170
69.08771855205478,38.853351101705584,3626,242,139,51.7790288510453,59.784592917123035,123,44.33751743375174,3544,1,1,67,True,8,0,True,256,legacy12,3786,geometry_reid_hungarian,3786,3786,official_detector,data30-10,bytetrack,True,7170
69.23114193015621,38.83900473232031,3626,242,139,51.82253596745041,59.36473165388828,160,43.82147838214784,3544,0,0,0,True,8,0,True,256,legacy12,3786,no_refinement,3786,3786,official_detector,data30-10,bytetrack,True,7170
80.73705336117548,49.7484625360987,2854,246,119,63.01979712615303,72.45141493351517,22,56.457461645746164,4316,0,0,0,True,8,0,True,144,legacy12,4562,aflink_cached_native_dedup,4562,4562,official_detector,data30-10,deepocsort,True,7170
80.71999646041616,49.744743382358756,2854,246,119,63.01261260707527,72.45141493351517,22,56.457461645746164,4316,0,0,0,False,8,0,True,144,legacy12,4562,aflink_cached_native_saved,4562,4562,official_detector,data30-10,deepocsort,False,7170
80.73705336117548,49.7484625360987,2854,246,119,63.01979712615303,72.45141493351517,22,56.457461645746164,4316,0,0,0,True,8,0,True,144,legacy12,4562,aflink_cached_no_dedup,4562,4562,official_detector,data30-10,deepocsort,True,7170
80.73705336117548,49.7484625360987,2854,246,119,63.01979712615303,72.45141493351517,22,56.457461645746164,4316,0,0,0,True,8,0,True,144,legacy12,4562,aflink_cached_overlap_safe,4562,4562,official_detector,data30-10,deepocsort,True,7170
80.70528530079277,49.7484625360987,2854,246,119,63.00847668472574,72.2979884077736,13,56.582984658298464,4316,0,0,25,True,8,0,True,144,legacy12,4562,com3d_reciprocal_guard,4562,4562,official_detector,data30-10,deepocsort,True,7170
80.73132679347864,49.7484625360987,2854,246,119,63.01918724844725,72.33208319127174,11,56.610878661087874,4316,0,0,26,True,8,0,True,144,legacy12,4562,controlled_cost_greedy,4562,4562,official_detector,data30-10,deepocsort,True,7170
80.7226742881604,49.7484625360987,2854,246,119,63.01561572761637,72.31503579952268,12,56.59693165969316,4316,0,0,25,True,8,0,True,144,legacy12,4562,controlled_cost_reciprocal,4562,4562,official_detector,data30-10,deepocsort,True,7170
80.67691620407001,49.7484625360987,2854,246,119,62.99743510090025,72.28094101602454,12,56.59693165969316,4316,0,0,29,True,8,0,True,144,legacy12,4562,geometry_greedy,4562,4562,official_detector,data30-10,deepocsort,True,7170
80.75559166534563,49.7484625360987,2854,246,119,63.029364289191584,72.3491305830208,11,56.610878661087874,4316,0,0,26,True,8,0,True,144,legacy12,4562,geometry_reid_greedy_guard,4562,4562,official_detector,data30-10,deepocsort,True,7170
80.73132679347864,49.7484625360987,2854,246,119,63.01918724844725,72.33208319127174,11,56.610878661087874,4316,0,0,26,True,8,0,True,144,legacy12,4562,geometry_reid_hungarian,4562,4562,official_detector,data30-10,deepocsort,True,7170
80.73705336117548,49.7484625360987,2854,246,119,63.01979712615303,72.45141493351517,22,56.457461645746164,4316,0,0,0,True,8,0,True,144,legacy12,4562,no_refinement,4562,4562,official_detector,data30-10,deepocsort,True,7170
77.8775592286542,38.74103590356848,3962,209,81,54.79544119701424,57.08888259185794,127,40.055788005578805,3208,0,0,0,True,8,0,True,221,legacy12,3417,aflink_cached_native_dedup,3417,3417,official_detector,data30-10,ocsort,True,7170
77.8608407723584,38.73763173800122,3962,209,81,54.78852211095827,57.08888259185794,127,40.055788005578805,3208,0,0,0,False,8,0,True,221,legacy12,3417,aflink_cached_native_saved,3417,3417,official_detector,data30-10,ocsort,False,7170
77.8775592286542,38.74103590356848,3962,209,81,54.79544119701424,57.08888259185794,127,40.055788005578805,3208,0,0,0,True,8,0,True,221,legacy12,3417,aflink_cached_no_dedup,3417,3417,official_detector,data30-10,ocsort,True,7170
77.8775592286542,38.74103590356848,3962,209,81,54.79544119701424,57.08888259185794,127,40.055788005578805,3208,0,0,0,True,8,0,True,221,legacy12,3417,aflink_cached_overlap_safe,3417,3417,official_detector,data30-10,ocsort,True,7170
78.12136346989413,38.74103590356848,3962,209,81,54.88323201806162,58.18456597714178,64,40.93444909344491,3208,4,1,81,True,8,0,True,221,legacy12,3417,com3d_reciprocal_guard,3417,3417,official_detector,data30-10,ocsort,True,7170
78.22288260806953,38.73398311432559,3962,209,81,54.91500156887131,58.41125909133843,54,41.07391910739191,3208,5,1,88,True,8,0,True,221,legacy12,3417,controlled_cost_greedy,3417,3417,official_detector,data30-10,ocsort,True,7170
78.22250188912581,38.73398311432559,3962,209,81,54.91483626267989,58.41125909133843,54,41.07391910739191,3208,5,1,84,True,8,0,True,221,legacy12,3417,controlled_cost_reciprocal,3417,3417,official_detector,data30-10,ocsort,True,7170
78.08503026701695,38.74103590356848,3962,209,81,54.87107016628432,58.27902144139039,63,40.94839609483961,3208,4,1,90,True,8,0,True,221,legacy12,3417,geometry_greedy,3417,3417,official_detector,data30-10,ocsort,True,7170
78.22548055287412,38.73398311432559,3962,209,81,54.91580760956178,58.41125909133843,55,41.05997210599721,3208,5,1,87,True,8,0,True,221,legacy12,3417,geometry_reid_greedy_guard,3417,3417,official_detector,data30-10,ocsort,True,7170
78.22405068172084,38.73398311432559,3962,209,81,54.915426481379285,58.41125909133843,54,41.07391910739191,3208,5,1,89,True,8,0,True,221,legacy12,3417,geometry_reid_hungarian,3417,3417,official_detector,data30-10,ocsort,True,7170
77.8775592286542,38.74103590356848,3962,209,81,54.79544119701424,57.08888259185794,127,40.055788005578805,3208,0,0,0,True,8,0,True,221,legacy12,3417,no_refinement,3417,3417,official_detector,data30-10,ocsort,True,7170
39.787727814965315,33.5835480283104,2516,199,245,36.507515902050834,42.41332733003152,404,30.534521158129174,1974,0,0,0,True,8,0,True,265,legacy12,2173,aflink_cached_native_dedup,2173,2173,official_detector,data30-2,bytetrack,True,4490
39.78661844683635,33.583225684175645,2516,199,245,36.506937823569984,42.41332733003152,404,30.534521158129174,1974,0,0,0,False,8,0,True,265,legacy12,2173,aflink_cached_native_saved,2173,2173,official_detector,data30-2,bytetrack,False,4490
39.787727814965315,33.5835480283104,2516,199,245,36.507515902050834,42.41332733003152,404,30.534521158129174,1974,0,0,0,True,8,0,True,265,legacy12,2173,aflink_cached_no_dedup,2173,2173,official_detector,data30-2,bytetrack,True,4490
39.787727814965315,33.5835480283104,2516,199,245,36.507515902050834,42.41332733003152,404,30.534521158129174,1974,0,0,0,True,8,0,True,265,legacy12,2173,aflink_cached_overlap_safe,2173,2173,official_detector,data30-2,bytetrack,True,4490
42.494089735074205,33.4840467833336,2516,199,245,37.67716528875916,45.41497823803092,358,31.55902004454343,1974,8,0,83,True,8,0,True,265,legacy12,2173,com3d_reciprocal_guard,2173,2173,official_detector,data30-2,bytetrack,True,4490
43.847028300863265,33.49184453080649,2516,199,245,38.27996889247044,47.125919255590574,291,33.05122494432071,1974,7,0,116,True,8,0,True,265,legacy12,2173,controlled_cost_greedy,2173,2173,official_detector,data30-2,bytetrack,True,4490
42.63622208747204,33.4840467833336,2516,199,245,37.740802876383675,45.59507729251088,350,31.737193763919823,1974,6,0,88,True,8,0,True,265,legacy12,2173,controlled_cost_reciprocal,2173,2173,official_detector,data30-2,bytetrack,True,4490
43.21934008733662,33.4840467833336,2516,199,245,38.000562285438306,46.85577067387063,297,32.91759465478842,1974,8,1,120,True,8,0,True,265,legacy12,2173,geometry_greedy,2173,2173,official_detector,data30-2,bytetrack,True,4490
43.6951347293655,33.49184453080649,2516,199,245,38.21369731975732,47.06588623743059,294,32.98440979955456,1974,7,0,116,True,8,0,True,265,legacy12,2173,geometry_reid_greedy_guard,2173,2173,official_detector,data30-2,bytetrack,True,4490
42.83027406049684,33.49184453080649,2516,199,245,37.831646067121056,45.77517634699084,349,31.759465478841868,1974,6,0,102,True,8,0,True,265,legacy12,2173,geometry_reid_hungarian,2173,2173,official_detector,data30-2,bytetrack,True,4490
39.787727814965315,33.5835480283104,2516,199,245,36.507515902050834,42.41332733003152,404,30.534521158129174,1974,0,0,0,True,8,0,True,265,legacy12,2173,no_refinement,2173,2173,official_detector,data30-2,bytetrack,True,4490
77.24801245011284,51.686644726745776,1589,235,113,62.786613013502816,74.08864411224756,32,58.66369710467706,2901,0,0,0,True,8,0,True,86,legacy12,3136,aflink_cached_native_dedup,3136,3136,official_detector,data30-2,deepocsort,True,4490
77.2282770364148,51.68014549603272,1589,235,113,62.77712528397959,74.08864411224756,32,58.66369710467706,2901,0,0,0,False,8,0,True,86,legacy12,3136,aflink_cached_native_saved,3136,3136,official_detector,data30-2,deepocsort,False,4490
77.24801245011284,51.686644726745776,1589,235,113,62.786613013502816,74.08864411224756,32,58.66369710467706,2901,0,0,0,True,8,0,True,86,legacy12,3136,aflink_cached_no_dedup,3136,3136,official_detector,data30-2,deepocsort,True,4490
77.24801245011284,51.686644726745776,1589,235,113,62.786613013502816,74.08864411224756,32,58.66369710467706,2901,0,0,0,True,8,0,True,86,legacy12,3136,aflink_cached_overlap_safe,3136,3136,official_detector,data30-2,deepocsort,True,4490
77.41746980116103,51.686644726745776,1589,235,113,62.86181788578955,74.45580907421977,20,58.930957683741646,2901,0,0,23,True,8,0,True,86,legacy12,3136,com3d_reciprocal_guard,3136,3136,official_detector,data30-2,deepocsort,True,4490
77.67517457500739,51.686644726745776,1589,235,113,62.97344498420189,74.77052189876737,16,59.02004454342984,2901,0,0,25,True,8,0,True,86,legacy12,3136,controlled_cost_greedy,3136,3136,official_detector,data30-2,deepocsort,True,4490
77.69185024558254,51.686644726745776,1589,235,113,62.980222195069814,74.77052189876737,16,59.02004454342984,2901,0,0,24,True,8,0,True,86,legacy12,3136,controlled_cost_reciprocal,3136,3136,official_detector,data30-2,deepocsort,True,4490
77.30790438643865,51.686644726745776,1589,235,113,62.815001398134484,74.19354838709677,21,58.9086859688196,2901,0,0,26,True,8,0,True,86,legacy12,3136,geometry_greedy,3136,3136,official_detector,data30-2,deepocsort,True,4490
77.67394311920191,51.686644726745776,1589,235,113,62.97297998377036,74.77052189876737,16,59.02004454342984,2901,0,0,25,True,8,0,True,86,legacy12,3136,geometry_reid_greedy_guard,3136,3136,official_detector,data30-2,deepocsort,True,4490
77.69185024558254,51.686644726745776,1589,235,113,62.980222195069814,74.77052189876737,16,59.02004454342984,2901,0,0,24,True,8,0,True,86,legacy12,3136,geometry_reid_hungarian,3136,3136,official_detector,data30-2,deepocsort,True,4490
77.24801245011284,51.686644726745776,1589,235,113,62.786613013502816,74.08864411224756,32,58.66369710467706,2901,0,0,0,True,8,0,True,86,legacy12,3136,no_refinement,3136,3136,official_detector,data30-2,deepocsort,True,4490
40.43260229956417,23.707040306420318,3273,138,154,30.894961309637086,33.293413173652695,148,20.734966592427618,1217,1,0,0,True,8,0,True,203,legacy12,1355,aflink_cached_native_dedup,1355,1355,official_detector,data30-2,ocsort,True,4490
40.41838473159749,23.706914367364785,3273,138,154,30.891306977907497,33.293413173652695,148,20.734966592427618,1217,1,0,0,False,8,0,True,203,legacy12,1355,aflink_cached_native_saved,1355,1355,official_detector,data30-2,ocsort,False,4490
40.43260229956417,23.707040306420318,3273,138,154,30.894961309637086,33.293413173652695,148,20.734966592427618,1217,1,0,0,True,8,0,True,203,legacy12,1355,aflink_cached_no_dedup,1355,1355,official_detector,data30-2,ocsort,True,4490
40.43260229956417,23.707040306420318,3273,138,154,30.894961309637086,33.293413173652695,148,20.734966592427618,1217,1,0,0,True,8,0,True,203,legacy12,1355,aflink_cached_overlap_safe,1355,1355,official_detector,data30-2,ocsort,True,4490
43.419256437697015,23.707040306420318,3273,138,154,32.022662613074885,35.20958083832335,107,21.648106904231625,1217,19,8,44,True,8,0,True,203,legacy12,1355,com3d_reciprocal_guard,1355,1355,official_detector,data30-2,ocsort,True,4490
44.30556479061576,23.707040306420318,3273,138,154,32.34864097650229,36.201881950384944,78,22.29398663697105,1217,28,6,57,True,8,0,True,203,legacy12,1355,controlled_cost_greedy,1355,1355,official_detector,data30-2,ocsort,True,4490
44.566427231286866,23.707040306420318,3273,138,154,32.43786021008111,35.89392643284859,91,22.00445434298441,1217,28,4,46,True,8,0,True,203,legacy12,1355,controlled_cost_reciprocal,1355,1355,official_detector,data30-2,ocsort,True,4490
42.805401973204276,23.707040306420318,3273,138,154,31.795959467169467,35.55175363558597,91,22.00445434298441,1217,20,16,64,True,8,0,True,203,legacy12,1355,geometry_greedy,1355,1355,official_detector,data30-2,ocsort,True,4490
44.90024452646812,23.707040306420318,3273,138,154,32.56116348881113,36.47562018819504,76,22.338530066815146,1217,29,5,57,True,8,0,True,203,legacy12,1355,geometry_reid_greedy_guard,1355,1355,official_detector,data30-2,ocsort,True,4490
44.743092318003704,23.707040306420318,3273,138,154,32.503355131958635,36.372968349016254,79,22.271714922049,1217,29,4,57,True,8,0,True,203,legacy12,1355,geometry_reid_hungarian,1355,1355,official_detector,data30-2,ocsort,True,4490
40.33858175760556,23.707040306420318,3273,138,154,30.858664954479124,33.19076133447391,149,20.71269487750557,1217,0,0,0,True,8,0,True,203,legacy12,1355,no_refinement,1355,1355,official_detector,data30-2,ocsort,True,4490
21.875386685516858,29.15640290174995,2248,265,259,25.030955414121713,26.52586361195633,375,23.69881109643329,1537,0,0,1,True,8,0,True,320,legacy12,1802,aflink_cached_native_dedup,1802,1802,official_detector,data30-3,bytetrack,True,3785
21.876427103006893,29.15534699839896,2248,265,259,25.030772026661158,26.52586361195633,375,23.69881109643329,1537,0,0,1,False,8,0,True,320,legacy12,1802,aflink_cached_native_saved,1802,1802,official_detector,data30-3,bytetrack,False,3785
21.875386685516858,29.15640290174995,2248,265,259,25.030955414121713,26.52586361195633,375,23.69881109643329,1537,0,0,1,True,8,0,True,320,legacy12,1802,aflink_cached_no_dedup,1802,1802,official_detector,data30-3,bytetrack,True,3785
21.875386685516858,29.15640290174995,2248,265,259,25.030955414121713,26.52586361195633,375,23.69881109643329,1537,0,0,1,True,8,0,True,320,legacy12,1802,aflink_cached_overlap_safe,1802,1802,official_detector,data30-3,bytetrack,True,3785
26.2908255504271,29.13829095496803,2248,265,259,27.503281693172752,31.322713441918744,285,26.07661822985469,1537,2,1,140,True,8,0,True,320,legacy12,1802,com3d_reciprocal_guard,1802,1802,official_detector,data30-3,bytetrack,True,3785
26.83127668320208,29.13829095496803,2248,265,259,27.802931189967573,32.64721675317702,252,26.948480845442536,1537,2,1,187,True,8,0,True,320,legacy12,1802,controlled_cost_greedy,1802,1802,official_detector,data30-3,bytetrack,True,3785
26.946827176484867,29.119876840501117,2248,265,259,27.846740321636155,32.4682298192232,267,26.55217965653897,1537,2,1,150,True,8,0,True,320,legacy12,1802,controlled_cost_reciprocal,1802,1802,official_detector,data30-3,bytetrack,True,3785
26.09872266862793,29.13829095496803,2248,265,259,27.404959393632254,31.57329514945409,265,26.605019815059443,1537,2,1,188,True,8,0,True,320,legacy12,1802,geometry_greedy,1802,1802,official_detector,data30-3,bytetrack,True,3785
26.883456476358305,29.119876840501117,2248,265,259,27.823262038134732,32.790406300340074,252,26.948480845442536,1537,2,1,190,True,8,0,True,320,legacy12,1802,geometry_reid_greedy_guard,1802,1802,official_detector,data30-3,bytetrack,True,3785
27.002378687228795,29.13829095496803,2248,265,259,27.885360489180634,32.68301413996778,256,26.842800528401582,1537,2,1,178,True,8,0,True,320,legacy12,1802,geometry_reid_hungarian,1802,1802,official_detector,data30-3,bytetrack,True,3785
22.113407377116285,29.15640290174995,2248,265,259,25.170404115593907,26.52586361195633,375,23.69881109643329,1537,0,0,0,True,8,0,True,320,legacy12,1802,no_refinement,1802,1802,official_detector,data30-3,bytetrack,True,3785
72.19359667899025,48.639653472027135,1290,267,110,58.741796172002566,73.49931266228808,25,58.20343461030383,2495,0,0,1,True,8,0,True,62,legacy12,2762,aflink_cached_native_dedup,2762,2762,official_detector,data30-3,deepocsort,True,3785
72.19105841291476,48.64260772076645,1290,267,110,58.74287246179355,73.49931266228808,25,58.20343461030383,2495,0,0,1,False,8,0,True,62,legacy12,2762,aflink_cached_native_saved,2762,2762,official_detector,data30-3,deepocsort,False,3785
72.19359667899025,48.639653472027135,1290,267,110,58.741796172002566,73.49931266228808,25,58.20343461030383,2495,0,0,1,True,8,0,True,62,legacy12,2762,aflink_cached_no_dedup,2762,2762,official_detector,data30-3,deepocsort,True,3785
72.19359667899025,48.639653472027135,1290,267,110,58.741796172002566,73.49931266228808,25,58.20343461030383,2495,0,0,1,True,8,0,True,62,legacy12,2762,aflink_cached_overlap_safe,2762,2762,official_detector,data30-3,deepocsort,True,3785
72.32147981897201,48.639653472027135,1290,267,110,58.80206617543685,73.71315106155491,21,58.30911492734479,2495,0,1,12,True,8,0,True,62,legacy12,2762,com3d_reciprocal_guard,2762,2762,official_detector,data30-3,deepocsort,True,3785
72.51739146724707,48.639653472027135,1290,267,110,58.8870916693151,73.86589277531695,17,58.41479524438573,2495,0,1,14,True,8,0,True,62,legacy12,2762,controlled_cost_greedy,2762,2762,official_detector,data30-3,deepocsort,True,3785
72.48263671593264,48.639653472027135,1290,267,110,58.87191886505298,73.83534443256453,19,58.36195508586526,2495,0,1,13,True,8,0,True,62,legacy12,2762,controlled_cost_reciprocal,2762,2762,official_detector,data30-3,deepocsort,True,3785
72.31176153441068,48.639653472027135,1290,267,110,58.79802070679438,73.71315106155491,20,58.33553500660502,2495,0,1,14,True,8,0,True,62,legacy12,2762,geometry_greedy,2762,2762,official_detector,data30-3,deepocsort,True,3785
72.46386051651508,48.639653472027135,1290,267,110,58.86312821865417,73.83534443256453,18,58.388375165125495,2495,0,1,14,True,8,0,True,62,legacy12,2762,geometry_reid_greedy_guard,2762,2762,official_detector,data30-3,deepocsort,True,3785
72.51739146724707,48.639653472027135,1290,267,110,58.8870916693151,73.86589277531695,17,58.41479524438573,2495,0,1,14,True,8,0,True,62,legacy12,2762,geometry_reid_hungarian,2762,2762,official_detector,data30-3,deepocsort,True,3785
71.82589217210193,48.639653472027135,1290,267,110,58.5825811995513,73.04108752100198,26,58.17701453104359,2495,0,0,0,True,8,0,True,62,legacy12,2762,no_refinement,2762,2762,official_detector,data30-3,deepocsort,True,3785
23.270918498529237,23.085007841567617,2733,122,128,23.013158904560164,21.939907239362775,238,18.282694848084542,1052,1,0,0,True,8,0,True,251,legacy12,1174,aflink_cached_native_dedup,1174,1174,official_detector,data30-3,ocsort,True,3785
23.2711367265204,23.08464289640678,2733,122,128,23.01348533688757,21.939907239362775,238,18.282694848084542,1052,1,0,0,False,8,0,True,251,legacy12,1174,aflink_cached_native_saved,1174,1174,official_detector,data30-3,ocsort,False,3785
23.270918498529237,23.085007841567617,2733,122,128,23.013158904560164,21.939907239362775,238,18.282694848084542,1052,1,0,0,True,8,0,True,251,legacy12,1174,aflink_cached_no_dedup,1174,1174,official_detector,data30-3,ocsort,True,3785
23.270918498529237,23.085007841567617,2733,122,128,23.013158904560164,21.939907239362775,238,18.282694848084542,1052,1,0,0,True,8,0,True,251,legacy12,1174,aflink_cached_overlap_safe,1174,1174,official_detector,data30-3,ocsort,True,3785
24.652899548078203,23.085007841567617,2733,122,128,23.711221145713772,24.601734220608996,172,20.026420079260237,1052,10,8,94,True,8,0,True,251,legacy12,1174,com3d_reciprocal_guard,1174,1174,official_detector,data30-3,ocsort,True,3785
25.353163967292396,23.085007841567617,2733,122,128,24.054778723976213,25.529340592861466,151,20.581241743725233,1052,13,9,108,True,8,0,True,251,legacy12,1174,controlled_cost_greedy,1174,1174,official_detector,data30-3,ocsort,True,3785
25.344068580678584,23.085007841567617,2733,122,128,24.047662455588505,25.247025610002016,160,20.343461030383093,1052,11,7,99,True,8,0,True,251,legacy12,1174,controlled_cost_reciprocal,1174,1174,official_detector,data30-3,ocsort,True,3785
24.488971255587362,23.085007841567617,2733,122,128,23.63834170386253,24.722726356120187,161,20.317040951122852,1052,11,15,116,True,8,0,True,251,legacy12,1174,geometry_greedy,1174,1174,official_detector,data30-3,ocsort,True,3785
25.446533214152765,23.085007841567617,2733,122,128,24.101741820806254,25.529340592861466,152,20.554821664464992,1052,12,10,108,True,8,0,True,251,legacy12,1174,geometry_reid_greedy_guard,1174,1174,official_detector,data30-3,ocsort,True,3785
25.28737249651265,23.085007841567617,2733,122,128,24.02239400879923,25.569671304698527,154,20.501981505944517,1052,12,8,109,True,8,0,True,251,legacy12,1174,geometry_reid_hungarian,1174,1174,official_detector,data30-3,ocsort,True,3785
22.79756644181847,23.085007841567617,2733,122,128,22.771731208631785,21.697922968340393,239,18.25627476882431,1052,0,0,0,True,8,0,True,251,legacy12,1174,no_refinement,1174,1174,official_detector,data30-3,ocsort,True,3785
29.2622025525957,39.774300108072254,1448,210,127,34.011313077993336,37.4948325754444,249,37.22843976300197,1590,0,0,0,True,8,0,True,168,legacy12,1800,aflink_cached_native_dedup,1800,1800,official_detector,data30-4,bytetrack,True,3038
29.26427249839383,39.772399767464286,1448,210,127,34.01155733897245,37.4948325754444,249,37.22843976300197,1590,0,0,0,False,8,0,True,168,legacy12,1800,aflink_cached_native_saved,1800,1800,official_detector,data30-4,bytetrack,False,3038
29.2622025525957,39.774300108072254,1448,210,127,34.011313077993336,37.4948325754444,249,37.22843976300197,1590,0,0,0,True,8,0,True,168,legacy12,1800,aflink_cached_no_dedup,1800,1800,official_detector,data30-4,bytetrack,True,3038
29.2622025525957,39.774300108072254,1448,210,127,34.011313077993336,37.4948325754444,249,37.22843976300197,1590,0,0,0,True,8,0,True,168,legacy12,1800,aflink_cached_overlap_safe,1800,1800,official_detector,data30-4,bytetrack,True,3038
29.594249038862124,39.774300108072254,1448,210,127,34.2065492205501,38.23894171145101,223,38.084265964450296,1590,2,4,43,True,8,0,True,168,legacy12,1800,com3d_reciprocal_guard,1800,1800,official_detector,data30-4,bytetrack,True,3038
29.659734766164192,39.774300108072254,1448,210,127,34.2449984189124,38.61099627945432,212,38.44634628044766,1590,2,4,54,True,8,0,True,168,legacy12,1800,controlled_cost_greedy,1800,1800,official_detector,data30-4,bytetrack,True,3038
29.70915634603569,39.774300108072254,1448,210,127,34.27366795925254,38.56965688300951,218,38.24884792626728,1590,2,3,46,True,8,0,True,168,legacy12,1800,controlled_cost_reciprocal,1800,1800,official_detector,data30-4,bytetrack,True,3038
30.146792555410613,39.774300108072254,1448,210,127,34.53294552213076,38.77635386523357,217,38.28176431863068,1590,2,4,61,True,8,0,True,168,legacy12,1800,geometry_greedy,1800,1800,official_detector,data30-4,bytetrack,True,3038
29.767750748310966,39.752440845009225,1448,210,127,34.29901302489124,38.81769326167838,216,38.314680710994075,1590,2,3,56,True,8,0,True,168,legacy12,1800,geometry_reid_greedy_guard,1800,1800,official_detector,data30-4,bytetrack,True,3038
29.723757560612047,39.774300108072254,1448,210,127,34.2821876340529,38.735014468788755,216,38.314680710994075,1590,2,3,53,True,8,0,True,168,legacy12,1800,geometry_reid_hungarian,1800,1800,official_detector,data30-4,bytetrack,True,3038
29.2622025525957,39.774300108072254,1448,210,127,34.011313077993336,37.4948325754444,249,37.22843976300197,1590,0,0,0,True,8,0,True,168,legacy12,1800,no_refinement,1800,1800,official_detector,data30-4,bytetrack,True,3038
76.33916937885971,58.10840225388173,789,138,73,66.16817522244514,78.11981566820276,34,68.36734693877551,2249,0,0,1,True,8,0,True,73,legacy12,2387,aflink_cached_native_dedup,2387,2387,official_detector,data30-4,deepocsort,True,3038
76.32476927508843,58.097530702742176,789,138,73,66.15699554537692,78.11981566820276,34,68.36734693877551,2249,0,0,1,False,8,0,True,73,legacy12,2387,aflink_cached_native_saved,2387,2387,official_detector,data30-4,deepocsort,False,3038
76.33916937885971,58.10840225388173,789,138,73,66.16817522244514,78.11981566820276,34,68.36734693877551,2249,0,0,1,True,8,0,True,73,legacy12,2387,aflink_cached_no_dedup,2387,2387,official_detector,data30-4,deepocsort,True,3038
76.33916937885971,58.10840225388173,789,138,73,66.16817522244514,78.11981566820276,34,68.36734693877551,2249,0,0,1,True,8,0,True,73,legacy12,2387,aflink_cached_overlap_safe,2387,2387,official_detector,data30-4,deepocsort,True,3038
78.94349380688156,58.10840225388173,789,138,73,67.33437730981797,80.51612903225806,15,68.99275839368005,2249,1,0,21,True,8,0,True,73,legacy12,2387,com3d_reciprocal_guard,2387,2387,official_detector,data30-4,deepocsort,True,3038
78.74711644549181,58.10840225388173,789,138,73,67.24684134951288,80.25806451612904,15,68.99275839368005,2249,1,0,23,True,8,0,True,73,legacy12,2387,controlled_cost_greedy,2387,2387,official_detector,data30-4,deepocsort,True,3038
78.84152842148772,58.10840225388173,789,138,73,67.28857089448722,80.51612903225806,15,68.99275839368005,2249,1,0,22,True,8,0,True,73,legacy12,2387,controlled_cost_reciprocal,2387,2387,official_detector,data30-4,deepocsort,True,3038
78.86952935481996,58.10840225388173,789,138,73,67.30179043724841,80.33179723502303,14,69.02567478604344,2249,1,0,23,True,8,0,True,73,legacy12,2387,geometry_greedy,2387,2387,official_detector,data30-4,deepocsort,True,3038
78.86952935481996,58.10840225388173,789,138,73,67.30179043724841,80.33179723502303,14,69.02567478604344,2249,1,0,23,True,8,0,True,73,legacy12,2387,geometry_reid_greedy_guard,2387,2387,official_detector,data30-4,deepocsort,True,3038
78.84152842148772,58.10840225388173,789,138,73,67.28857089448722,80.51612903225806,15,68.99275839368005,2249,1,0,22,True,8,0,True,73,legacy12,2387,geometry_reid_hungarian,2387,2387,official_detector,data30-4,deepocsort,True,3038
76.40709688832268,58.10840225388173,789,138,73,66.19927191479177,78.11981566820276,34,68.36734693877551,2249,0,0,0,True,8,0,True,73,legacy12,2387,no_refinement,2387,2387,official_detector,data30-4,deepocsort,True,3038
25.78397662581726,35.51933341772164,1753,126,121,30.207221638290445,30.47875927174646,162,32.81764318630678,1285,0,0,0,True,8,0,True,126,legacy12,1411,aflink_cached_native_dedup,1411,1411,official_detector,data30-4,ocsort,True,3038
25.778416961247448,35.51338105009342,1753,126,121,30.20151946773666,30.47875927174646,162,32.81764318630678,1285,0,0,0,False,8,0,True,126,legacy12,1411,aflink_cached_native_saved,1411,1411,official_detector,data30-4,ocsort,False,3038
25.78397662581726,35.51933341772164,1753,126,121,30.207221638290445,30.47875927174646,162,32.81764318630678,1285,0,0,0,True,8,0,True,126,legacy12,1411,aflink_cached_no_dedup,1411,1411,official_detector,data30-4,ocsort,True,3038
25.78397662581726,35.51933341772164,1753,126,121,30.207221638290445,30.47875927174646,162,32.81764318630678,1285,0,0,0,True,8,0,True,126,legacy12,1411,aflink_cached_overlap_safe,1411,1411,official_detector,data30-4,ocsort,True,3038
28.341255346253263,35.51933341772164,1753,126,121,31.670366652942484,32.72645538323219,139,33.57472021066491,1285,5,7,20,True,8,0,True,126,legacy12,1411,com3d_reciprocal_guard,1411,1411,official_detector,data30-4,ocsort,True,3038
28.448779275608587,35.51933341772164,1753,126,121,31.728357573907655,32.7714093054619,137,33.6405529953917,1285,6,7,22,True,8,0,True,126,legacy12,1411,controlled_cost_greedy,1411,1411,official_detector,data30-4,ocsort,True,3038
28.510150706129846,35.51933341772164,1753,126,121,31.76190247387828,32.7714093054619,137,33.6405529953917,1285,6,6,22,True,8,0,True,126,legacy12,1411,controlled_cost_reciprocal,1411,1411,official_detector,data30-4,ocsort,True,3038
27.939097923805395,35.51933341772164,1753,126,121,31.446367052758404,32.50168577208362,141,33.50888742593811,1285,2,12,27,True,8,0,True,126,legacy12,1411,geometry_greedy,1411,1411,official_detector,data30-4,ocsort,True,3038
28.53177265439122,35.51933341772164,1753,126,121,31.773915065712146,32.7714093054619,138,33.607636603028304,1285,7,5,23,True,8,0,True,126,legacy12,1411,geometry_reid_greedy_guard,1411,1411,official_detector,data30-4,ocsort,True,3038
28.44976610765027,35.51933341772164,1753,126,121,31.728820372504718,32.7714093054619,137,33.6405529953917,1285,6,7,23,True,8,0,True,126,legacy12,1411,geometry_reid_hungarian,1411,1411,official_detector,data30-4,ocsort,True,3038
25.78397662581726,35.51933341772164,1753,126,121,30.207221638290445,30.47875927174646,162,32.81764318630678,1285,0,0,0,True,8,0,True,126,legacy12,1411,no_refinement,1411,1411,official_detector,data30-4,ocsort,True,3038
61.71809653852648,24.603776133846928,1821,88,28,38.95316763686926,42.57342657342657,29,26.978146194423513,833,0,0,1,True,8,0,True,70,legacy12,921,aflink_cached_native_dedup,921,921,official_detector,data30-5,bytetrack,True,2654
61.70350007256729,24.599848019202568,1821,88,28,38.9454885375013,42.57342657342657,29,26.978146194423513,833,0,0,1,False,8,0,True,70,legacy12,921,aflink_cached_native_saved,921,921,official_detector,data30-5,bytetrack,False,2654
61.71809653852648,24.603776133846928,1821,88,28,38.95316763686926,42.57342657342657,29,26.978146194423513,833,0,0,1,True,8,0,True,70,legacy12,921,aflink_cached_no_dedup,921,921,official_detector,data30-5,bytetrack,True,2654
61.71809653852648,24.603776133846928,1821,88,28,38.95316763686926,42.57342657342657,29,26.978146194423513,833,0,0,1,True,8,0,True,70,legacy12,921,aflink_cached_overlap_safe,921,921,official_detector,data30-5,bytetrack,True,2654
66.78198227283599,24.603776133846928,1821,88,28,40.52052326679607,44.36363636363637,21,27.279577995478522,833,2,0,14,True,8,0,True,70,legacy12,921,com3d_reciprocal_guard,921,921,official_detector,data30-5,bytetrack,True,2654
66.80629151106992,24.603776133846928,1821,88,28,40.52795751311305,44.47552447552447,19,27.354935945742277,833,2,0,17,True,8,0,True,70,legacy12,921,controlled_cost_greedy,921,921,official_detector,data30-5,bytetrack,True,2654
66.81567301067005,24.603776133846928,1821,88,28,40.5308174757705,44.53146853146853,19,27.354935945742277,833,2,0,15,True,8,0,True,70,legacy12,921,controlled_cost_reciprocal,921,921,official_detector,data30-5,bytetrack,True,2654
66.80917313820277,24.603776133846928,1821,88,28,40.52883462011065,44.47552447552447,19,27.354935945742277,833,2,0,18,True,8,0,True,70,legacy12,921,geometry_greedy,921,921,official_detector,data30-5,bytetrack,True,2654
66.80518655711649,24.603776133846928,1821,88,28,40.527624918722395,44.47552447552447,19,27.354935945742277,833,2,0,17,True,8,0,True,70,legacy12,921,geometry_reid_greedy_guard,921,921,official_detector,data30-5,bytetrack,True,2654
66.80863643219223,24.603776133846928,1821,88,28,40.528670367090704,44.47552447552447,19,27.354935945742277,833,2,0,16,True,8,0,True,70,legacy12,921,geometry_reid_hungarian,921,921,official_detector,data30-5,bytetrack,True,2654
62.03510526913569,24.603776133846928,1821,88,28,39.0528206720099,42.57342657342657,29,26.978146194423513,833,0,0,0,True,8,0,True,70,legacy12,921,no_refinement,921,921,official_detector,data30-5,bytetrack,True,2654
73.37853819957401,38.76732668116199,1349,104,41,52.990325047399324,63.844449913856764,3,45.139412207987945,1305,0,0,0,True,8,0,True,36,legacy12,1409,aflink_cached_native_dedup,1409,1409,official_detector,data30-5,deepocsort,True,2654
73.39256789368598,38.7612710344566,1349,104,41,52.989733264520275,63.844449913856764,3,45.139412207987945,1305,0,0,0,False,8,0,True,36,legacy12,1409,aflink_cached_native_saved,1409,1409,official_detector,data30-5,deepocsort,False,2654
73.37853819957401,38.76732668116199,1349,104,41,52.990325047399324,63.844449913856764,3,45.139412207987945,1305,0,0,0,True,8,0,True,36,legacy12,1409,aflink_cached_no_dedup,1409,1409,official_detector,data30-5,deepocsort,True,2654
73.37853819957401,38.76732668116199,1349,104,41,52.990325047399324,63.844449913856764,3,45.139412207987945,1305,0,0,0,True,8,0,True,36,legacy12,1409,aflink_cached_overlap_safe,1409,1409,official_detector,data30-5,deepocsort,True,2654
73.30973222240267,38.76732668116199,1349,104,41,52.96408340546562,63.696775781442284,3,45.139412207987945,1305,0,0,2,True,8,0,True,36,legacy12,1409,com3d_reciprocal_guard,1409,1409,official_detector,data30-5,deepocsort,True,2654
73.30973222240267,38.76732668116199,1349,104,41,52.96408340546562,63.696775781442284,3,45.139412207987945,1305,0,0,2,True,8,0,True,36,legacy12,1409,controlled_cost_greedy,1409,1409,official_detector,data30-5,deepocsort,True,2654
73.30973222240267,38.76732668116199,1349,104,41,52.96408340546562,63.696775781442284,3,45.139412207987945,1305,0,0,2,True,8,0,True,36,legacy12,1409,controlled_cost_reciprocal,1409,1409,official_detector,data30-5,deepocsort,True,2654
73.12601592867645,38.76732668116199,1349,104,41,52.894545102855005,63.59832635983263,3,45.139412207987945,1305,0,0,5,True,8,0,True,36,legacy12,1409,geometry_greedy,1409,1409,official_detector,data30-5,deepocsort,True,2654
73.30973222240267,38.76732668116199,1349,104,41,52.96408340546562,63.696775781442284,3,45.139412207987945,1305,0,0,2,True,8,0,True,36,legacy12,1409,geometry_reid_greedy_guard,1409,1409,official_detector,data30-5,deepocsort,True,2654
73.30973222240267,38.76732668116199,1349,104,41,52.96408340546562,63.696775781442284,3,45.139412207987945,1305,0,0,2,True,8,0,True,36,legacy12,1409,geometry_reid_hungarian,1409,1409,official_detector,data30-5,deepocsort,True,2654
73.37853819957401,38.76732668116199,1349,104,41,52.990325047399324,63.844449913856764,3,45.139412207987945,1305,0,0,0,True,8,0,True,36,legacy12,1409,no_refinement,1409,1409,official_detector,data30-5,deepocsort,True,2654
67.86818849640565,26.095755322619148,1845,50,10,42.015023071780625,40.70594933105608,29,27.505651846269778,809,0,0,0,True,8,0,True,51,legacy12,859,aflink_cached_native_dedup,859,859,official_detector,data30-5,ocsort,True,2654
67.86818849640565,26.095755322619148,1845,50,10,42.015023071780625,40.70594933105608,29,27.505651846269778,809,0,0,0,False,8,0,True,51,legacy12,859,aflink_cached_native_saved,859,859,official_detector,data30-5,ocsort,False,2654
67.86818849640565,26.095755322619148,1845,50,10,42.015023071780625,40.70594933105608,29,27.505651846269778,809,0,0,0,True,8,0,True,51,legacy12,859,aflink_cached_no_dedup,859,859,official_detector,data30-5,ocsort,True,2654
67.86818849640565,26.095755322619148,1845,50,10,42.015023071780625,40.70594933105608,29,27.505651846269778,809,0,0,0,True,8,0,True,51,legacy12,859,aflink_cached_overlap_safe,859,859,official_detector,data30-5,ocsort,True,2654
75.23822102402382,26.095755322619148,1845,50,10,44.25687689154451,44.349558781668094,14,28.07083647324793,809,4,0,18,True,8,0,True,51,legacy12,859,com3d_reciprocal_guard,859,859,official_detector,data30-5,ocsort,True,2654
75.27316010862754,26.095755322619148,1845,50,10,44.267364787775506,44.46342157699972,12,28.146194423511677,809,4,0,21,True,8,0,True,51,legacy12,859,controlled_cost_greedy,859,859,official_detector,data30-5,ocsort,True,2654
75.28566246166226,26.095755322619148,1845,50,10,44.271107479144064,44.46342157699972,12,28.146194423511677,809,4,0,19,True,8,0,True,51,legacy12,859,controlled_cost_reciprocal,859,859,official_detector,data30-5,ocsort,True,2654
75.28194344219857,26.095755322619148,1845,50,10,44.26996916527342,44.46342157699972,14,28.07083647324793,809,4,0,21,True,8,0,True,51,legacy12,859,geometry_greedy,859,859,official_detector,data30-5,ocsort,True,2654
75.43809139933816,26.095755322619148,1845,50,10,44.31674297402376,44.69114716766296,8,28.29691032403919,809,4,0,21,True,8,0,True,51,legacy12,859,geometry_reid_greedy_guard,859,859,official_detector,data30-5,ocsort,True,2654
75.43809139933816,26.095755322619148,1845,50,10,44.31674297402376,44.69114716766296,8,28.29691032403919,809,4,0,21,True,8,0,True,51,legacy12,859,geometry_reid_hungarian,859,859,official_detector,data30-5,ocsort,True,2654
67.86818849640565,26.095755322619148,1845,50,10,42.015023071780625,40.70594933105608,29,27.505651846269778,809,0,0,0,True,8,0,True,51,legacy12,859,no_refinement,859,859,official_detector,data30-5,ocsort,True,2654
70.05500345874796,24.72862098546648,2503,141,56,41.5137507158427,41.826335099877696,85,24.903687396807925,1131,0,0,0,True,8,0,True,139,legacy12,1272,aflink_cached_native_dedup,1272,1272,official_detector,data30-9,bytetrack,True,3634
70.0750012384183,24.728027802881126,2503,141,56,41.51865322317016,41.826335099877696,85,24.903687396807925,1131,0,0,0,False,8,0,True,139,legacy12,1272,aflink_cached_native_saved,1272,1272,official_detector,data30-9,bytetrack,False,3634
70.05500345874796,24.72862098546648,2503,141,56,41.5137507158427,41.826335099877696,85,24.903687396807925,1131,0,0,0,True,8,0,True,139,legacy12,1272,aflink_cached_no_dedup,1272,1272,official_detector,data30-9,bytetrack,True,3634
70.05500345874796,24.72862098546648,2503,141,56,41.5137507158427,41.826335099877696,85,24.903687396807925,1131,0,0,0,True,8,0,True,139,legacy12,1272,aflink_cached_overlap_safe,1272,1272,official_detector,data30-9,bytetrack,True,3634
71.02447872633778,24.737512545535253,2503,141,56,41.81772578452837,42.80472890338361,56,25.70170610897083,1131,1,0,42,True,8,0,True,139,legacy12,1272,com3d_reciprocal_guard,1272,1272,official_detector,data30-9,bytetrack,True,3634
71.2448767286086,24.737512545535253,2503,141,56,41.884378849815405,43.00856094578068,52,25.81177765547606,1131,1,0,48,True,8,0,True,139,legacy12,1272,controlled_cost_greedy,1272,1272,official_detector,data30-9,bytetrack,True,3634
71.23647655153654,24.737512545535253,2503,141,56,41.881710982997014,42.96779453730126,55,25.72922399559714,1131,1,0,40,True,8,0,True,139,legacy12,1272,controlled_cost_reciprocal,1272,1272,official_detector,data30-9,bytetrack,True,3634
71.0600542561841,24.735669015011823,2503,141,56,41.82716874394246,42.80472890338361,56,25.70170610897083,1131,1,0,47,True,8,0,True,139,legacy12,1272,geometry_greedy,1272,1272,official_detector,data30-9,bytetrack,True,3634
71.4275284663004,24.737512545535253,2503,141,56,41.93945722484489,43.25315939665715,54,25.756741882223444,1131,1,0,49,True,8,0,True,139,legacy12,1272,geometry_reid_greedy_guard,1272,1272,official_detector,data30-9,bytetrack,True,3634
71.2900589931481,24.737512545535253,2503,141,56,41.89807960062535,43.04932735426009,56,25.70170610897083,1131,1,0,50,True,8,0,True,139,legacy12,1272,geometry_reid_hungarian,1272,1272,official_detector,data30-9,bytetrack,True,3634
70.05500345874796,24.72862098546648,2503,141,56,41.5137507158427,41.826335099877696,85,24.903687396807925,1131,0,0,0,True,8,0,True,139,legacy12,1272,no_refinement,1272,1272,official_detector,data30-9,bytetrack,True,3634
74.63380869512628,40.16742711177114,1781,185,86,54.08131299594031,64.70380818053597,10,45.62465602641717,1853,0,0,0,True,8,0,True,86,legacy12,2038,aflink_cached_native_dedup,2038,2038,official_detector,data30-9,deepocsort,True,3634
74.62771245832553,40.16760199593911,1781,185,86,54.078528767754385,64.70380818053597,10,45.62465602641717,1853,0,0,0,False,8,0,True,86,legacy12,2038,aflink_cached_native_saved,2038,2038,official_detector,data30-9,deepocsort,False,3634
74.63380869512628,40.16742711177114,1781,185,86,54.08131299594031,64.70380818053597,10,45.62465602641717,1853,0,0,0,True,8,0,True,86,legacy12,2038,aflink_cached_no_dedup,2038,2038,official_detector,data30-9,deepocsort,True,3634
74.63380869512628,40.16742711177114,1781,185,86,54.08131299594031,64.70380818053597,10,45.62465602641717,1853,0,0,0,True,8,0,True,86,legacy12,2038,aflink_cached_overlap_safe,2038,2038,official_detector,data30-9,deepocsort,True,3634
74.66899008012584,40.16742711177114,1781,185,86,54.096848849244026,64.63328631875882,7,45.70720968629609,1853,0,0,10,True,8,0,True,86,legacy12,2038,com3d_reciprocal_guard,2038,2038,official_detector,data30-9,deepocsort,True,3634
74.61727406957101,40.16742711177114,1781,185,86,54.077009451093815,64.66854724964739,7,45.70720968629609,1853,0,0,10,True,8,0,True,86,legacy12,2038,controlled_cost_greedy,2038,2038,official_detector,data30-9,deepocsort,True,3634
74.61727406957101,40.16742711177114,1781,185,86,54.077009451093815,64.66854724964739,7,45.70720968629609,1853,0,0,10,True,8,0,True,86,legacy12,2038,controlled_cost_reciprocal,2038,2038,official_detector,data30-9,deepocsort,True,3634
74.6248482976609,40.16742711177114,1781,185,86,54.079584443010944,64.56276445698167,7,45.70720968629609,1853,0,0,12,True,8,0,True,86,legacy12,2038,geometry_greedy,2038,2038,official_detector,data30-9,deepocsort,True,3634
74.74544671816803,40.16742711177114,1781,185,86,54.12733623990981,64.77433004231312,6,45.7347275729224,1853,0,0,10,True,8,0,True,86,legacy12,2038,geometry_reid_greedy_guard,2038,2038,official_detector,data30-9,deepocsort,True,3634
74.61727406957101,40.16742711177114,1781,185,86,54.077009451093815,64.66854724964739,7,45.70720968629609,1853,0,0,10,True,8,0,True,86,legacy12,2038,geometry_reid_hungarian,2038,2038,official_detector,data30-9,deepocsort,True,3634
74.63380869512628,40.16742711177114,1781,185,86,54.08131299594031,64.70380818053597,10,45.62465602641717,1853,0,0,0,True,8,0,True,86,legacy12,2038,no_refinement,2038,2038,official_detector,data30-9,deepocsort,True,3634
72.6332864112761,26.253457198097724,2531,122,26,43.478030659029685,40.37867874048158,100,24.243258117776556,1103,0,0,0,True,8,0,True,165,legacy12,1225,aflink_cached_native_dedup,1225,1225,official_detector,data30-9,ocsort,True,3634
72.63319853778131,26.25343572502341,2531,122,26,43.478031606846095,40.37867874048158,100,24.243258117776556,1103,0,0,0,False,8,0,True,165,legacy12,1225,aflink_cached_native_saved,1225,1225,official_detector,data30-9,ocsort,False,3634
72.6332864112761,26.253457198097724,2531,122,26,43.478030659029685,40.37867874048158,100,24.243258117776556,1103,0,0,0,True,8,0,True,165,legacy12,1225,aflink_cached_no_dedup,1225,1225,official_detector,data30-9,ocsort,True,3634
72.6332864112761,26.253457198097724,2531,122,26,43.478030659029685,40.37867874048158,100,24.243258117776556,1103,0,0,0,True,8,0,True,165,legacy12,1225,aflink_cached_overlap_safe,1225,1225,official_detector,data30-9,ocsort,True,3634
73.4081963629709,26.253457198097724,2531,122,26,43.72081554010805,42.395554640872604,59,25.371491469455147,1103,0,0,76,True,8,0,True,165,legacy12,1225,com3d_reciprocal_guard,1225,1225,official_detector,data30-9,ocsort,True,3634
73.8291059631544,26.253457198097724,2531,122,26,43.852216420497534,43.63037662070385,26,26.27958172812328,1103,0,0,98,True,8,0,True,165,legacy12,1225,controlled_cost_greedy,1225,1225,official_detector,data30-9,ocsort,True,3634
73.76511935120634,26.253457198097724,2531,122,26,43.83215029245516,43.424572957398645,31,26.141992294991745,1103,0,0,87,True,8,0,True,165,legacy12,1225,controlled_cost_reciprocal,1225,1225,official_detector,data30-9,ocsort,True,3634
73.41695580998385,26.24798642169913,2531,122,26,43.71937884298719,42.601358304177815,51,25.591634562465604,1103,0,0,100,True,8,0,True,165,legacy12,1225,geometry_greedy,1225,1225,official_detector,data30-9,ocsort,True,3634
73.71993503927948,26.253457198097724,2531,122,26,43.8193688012454,43.58921588804281,28,26.224545954870663,1103,0,0,97,True,8,0,True,165,legacy12,1225,geometry_reid_greedy_guard,1225,1225,official_detector,data30-9,ocsort,True,3634
73.76570337476865,26.253457198097724,2531,122,26,43.83390694228903,43.71269808602593,24,26.334617501375895,1103,0,0,98,True,8,0,True,165,legacy12,1225,geometry_reid_hungarian,1225,1225,official_detector,data30-9,ocsort,True,3634
72.6332864112761,26.253457198097724,2531,122,26,43.478030659029685,40.37867874048158,100,24.243258117776556,1103,0,0,0,True,8,0,True,165,legacy12,1225,no_refinement,1225,1225,official_detector,data30-9,ocsort,True,3634
64.23653677547047,52.822814269190545,402,25,8,58.11990214953317,72.84462886122637,21,64.8075412411626,871,0,0,0,True,8,0,True,21,confirmation38,896,aflink_cached_native_dedup,896,896,official_detector,data23-1,bytetrack,True,1273
64.23779470763094,52.81981362797469,402,25,8,58.118140003597176,72.84462886122637,21,64.8075412411626,871,0,0,0,False,8,0,True,21,confirmation38,896,aflink_cached_native_saved,896,896,official_detector,data23-1,bytetrack,False,1273
64.23653677547047,52.822814269190545,402,25,8,58.11990214953317,72.84462886122637,21,64.8075412411626,871,0,0,0,True,8,0,True,21,confirmation38,896,aflink_cached_no_dedup,896,896,official_detector,data23-1,bytetrack,True,1273
64.23653677547047,52.822814269190545,402,25,8,58.11990214953317,72.84462886122637,21,64.8075412411626,871,0,0,0,True,8,0,True,21,confirmation38,896,aflink_cached_overlap_safe,896,896,official_detector,data23-1,bytetrack,True,1273
64.31558036897933,52.80901941169592,402,25,8,58.14906342088243,73.21346242508068,19,64.96465043205028,871,0,0,6,True,8,0,True,21,confirmation38,896,com3d_reciprocal_guard,896,896,official_detector,data23-1,bytetrack,True,1273
63.52817869939839,52.80901941169592,402,25,8,57.79093954615798,72.19917012448133,19,64.96465043205028,871,0,0,7,True,8,0,True,21,confirmation38,896,controlled_cost_greedy,896,896,official_detector,data23-1,bytetrack,True,1273
64.31558036897933,52.80901941169592,402,25,8,58.14906342088243,73.21346242508068,19,64.96465043205028,871,0,0,6,True,8,0,True,21,confirmation38,896,controlled_cost_reciprocal,896,896,official_detector,data23-1,bytetrack,True,1273
63.52817869939839,52.80901941169592,402,25,8,57.79093954615798,72.19917012448133,19,64.96465043205028,871,0,0,7,True,8,0,True,21,confirmation38,896,geometry_greedy,896,896,official_detector,data23-1,bytetrack,True,1273
63.52817869939839,52.80901941169592,402,25,8,57.79093954615798,72.19917012448133,19,64.96465043205028,871,0,0,7,True,8,0,True,21,confirmation38,896,geometry_reid_greedy_guard,896,896,official_detector,data23-1,bytetrack,True,1273
64.31558036897933,52.80901941169592,402,25,8,58.14906342088243,73.21346242508068,19,64.96465043205028,871,0,0,6,True,8,0,True,21,confirmation38,896,geometry_reid_hungarian,896,896,official_detector,data23-1,bytetrack,True,1273
64.23653677547047,52.822814269190545,402,25,8,58.11990214953317,72.84462886122637,21,64.8075412411626,871,0,0,0,True,8,0,True,21,confirmation38,896,no_refinement,896,896,official_detector,data23-1,bytetrack,True,1273
81.10885122683683,53.55822242112514,430,21,6,65.41039173293237,78.8020589611605,1,64.49332285938726,843,0,0,0,True,8,0,True,12,confirmation38,864,aflink_cached_native_dedup,864,864,official_detector,data23-1,deepocsort,True,1273
81.11999343235695,53.55167464922419,430,21,6,65.40603216499109,78.8020589611605,1,64.49332285938726,843,0,0,0,False,8,0,True,12,confirmation38,864,aflink_cached_native_saved,864,864,official_detector,data23-1,deepocsort,False,1273
81.10885122683683,53.55822242112514,430,21,6,65.41039173293237,78.8020589611605,1,64.49332285938726,843,0,0,0,True,8,0,True,12,confirmation38,864,aflink_cached_no_dedup,864,864,official_detector,data23-1,deepocsort,True,1273
81.10885122683683,53.55822242112514,430,21,6,65.41039173293237,78.8020589611605,1,64.49332285938726,843,0,0,0,True,8,0,True,12,confirmation38,864,aflink_cached_overlap_safe,864,864,official_detector,data23-1,deepocsort,True,1273
81.10885122683683,53.55822242112514,430,21,6,65.41039173293237,78.8020589611605,1,64.49332285938726,843,0,0,0,True,8,0,True,12,confirmation38,864,com3d_reciprocal_guard,864,864,official_detector,data23-1,deepocsort,True,1273
81.10885122683683,53.55822242112514,430,21,6,65.41039173293237,78.8020589611605,1,64.49332285938726,843,0,0,0,True,8,0,True,12,confirmation38,864,controlled_cost_greedy,864,864,official_detector,data23-1,deepocsort,True,1273
81.10885122683683,53.55822242112514,430,21,6,65.41039173293237,78.8020589611605,1,64.49332285938726,843,0,0,0,True,8,0,True,12,confirmation38,864,controlled_cost_reciprocal,864,864,official_detector,data23-1,deepocsort,True,1273
81.10885122683683,53.55822242112514,430,21,6,65.41039173293237,78.8020589611605,1,64.49332285938726,843,0,0,0,True,8,0,True,12,confirmation38,864,geometry_greedy,864,864,official_detector,data23-1,deepocsort,True,1273
81.10885122683683,53.55822242112514,430,21,6,65.41039173293237,78.8020589611605,1,64.49332285938726,843,0,0,0,True,8,0,True,12,confirmation38,864,geometry_reid_greedy_guard,864,864,official_detector,data23-1,deepocsort,True,1273
81.10885122683683,53.55822242112514,430,21,6,65.41039173293237,78.8020589611605,1,64.49332285938726,843,0,0,0,True,8,0,True,12,confirmation38,864,geometry_reid_hungarian,864,864,official_detector,data23-1,deepocsort,True,1273
81.10885122683683,53.55822242112514,430,21,6,65.41039173293237,78.8020589611605,1,64.49332285938726,843,0,0,0,True,8,0,True,12,confirmation38,864,no_refinement,864,864,official_detector,data23-1,deepocsort,True,1273
67.35116333788825,52.11687407161468,444,20,23,58.94864380414552,71.253534401508,27,61.42969363707776,829,0,0,0,True,8,0,True,22,confirmation38,849,aflink_cached_native_dedup,849,849,official_detector,data23-1,ocsort,True,1273
67.35348600849052,52.11320934662326,444,20,23,58.94625543330868,71.253534401508,27,61.42969363707776,829,0,0,0,False,8,0,True,22,confirmation38,849,aflink_cached_native_saved,849,849,official_detector,data23-1,ocsort,False,1273
67.35116333788825,52.11687407161468,444,20,23,58.94864380414552,71.253534401508,27,61.42969363707776,829,0,0,0,True,8,0,True,22,confirmation38,849,aflink_cached_no_dedup,849,849,official_detector,data23-1,ocsort,True,1273
67.35116333788825,52.11687407161468,444,20,23,58.94864380414552,71.253534401508,27,61.42969363707776,829,0,0,0,True,8,0,True,22,confirmation38,849,aflink_cached_overlap_safe,849,849,official_detector,data23-1,ocsort,True,1273
67.26647145605271,52.11687407161468,444,20,23,58.91105822130075,71.44203581526861,25,61.586802827965435,829,0,0,3,True,8,0,True,22,confirmation38,849,com3d_reciprocal_guard,849,849,official_detector,data23-1,ocsort,True,1273
67.26647145605271,52.11687407161468,444,20,23,58.91105822130075,71.44203581526861,25,61.586802827965435,829,0,0,3,True,8,0,True,22,confirmation38,849,controlled_cost_greedy,849,849,official_detector,data23-1,ocsort,True,1273
67.26647145605271,52.11687407161468,444,20,23,58.91105822130075,71.44203581526861,25,61.586802827965435,829,0,0,3,True,8,0,True,22,confirmation38,849,controlled_cost_reciprocal,849,849,official_detector,data23-1,ocsort,True,1273
67.26647145605271,52.11687407161468,444,20,23,58.91105822130075,71.44203581526861,25,61.586802827965435,829,0,0,3,True,8,0,True,22,confirmation38,849,geometry_greedy,849,849,official_detector,data23-1,ocsort,True,1273
67.26647145605271,52.11687407161468,444,20,23,58.91105822130075,71.44203581526861,25,61.586802827965435,829,0,0,3,True,8,0,True,22,confirmation38,849,geometry_reid_greedy_guard,849,849,official_detector,data23-1,ocsort,True,1273
67.26647145605271,52.11687407161468,444,20,23,58.91105822130075,71.44203581526861,25,61.586802827965435,829,0,0,3,True,8,0,True,22,confirmation38,849,geometry_reid_hungarian,849,849,official_detector,data23-1,ocsort,True,1273
67.35116333788825,52.11687407161468,444,20,23,58.94864380414552,71.253534401508,27,61.42969363707776,829,0,0,0,True,8,0,True,22,confirmation38,849,no_refinement,849,849,official_detector,data23-1,ocsort,True,1273
54.51059311048463,31.407575811814926,6605,357,380,41.09915212191573,43.016901766425214,516,31.97489311379969,4388,0,1,0,True,8,0,True,558,confirmation38,4745,aflink_cached_native_dedup,4745,4745,official_detector,data24-1,bytetrack,True,10993
54.51489933944812,31.408713034775896,6605,357,380,41.101569825835696,43.016901766425214,516,31.97489311379969,4388,0,1,0,False,8,0,True,558,confirmation38,4745,aflink_cached_native_saved,4745,4745,official_detector,data24-1,bytetrack,False,10993
54.51059311048463,31.407575811814926,6605,357,380,41.09915212191573,43.016901766425214,516,31.97489311379969,4388,0,1,0,True,8,0,True,558,confirmation38,4745,aflink_cached_no_dedup,4745,4745,official_detector,data24-1,bytetrack,True,10993
54.51059311048463,31.407575811814926,6605,357,380,41.09915212191573,43.016901766425214,516,31.97489311379969,4388,0,1,0,True,8,0,True,558,confirmation38,4745,aflink_cached_overlap_safe,4745,4745,official_detector,data24-1,bytetrack,True,10993
56.59642862135289,31.407575811814926,6605,357,380,41.90572582347489,45.520396492565766,384,33.17565723642318,4388,3,1,182,True,8,0,True,558,confirmation38,4745,com3d_reciprocal_guard,4745,4745,official_detector,data24-1,bytetrack,True,10993
56.981098555828126,31.402989192669335,6605,357,380,42.052790213545705,46.308298386071925,318,33.776039297734926,4388,2,1,230,True,8,0,True,558,confirmation38,4745,controlled_cost_greedy,4745,4745,official_detector,data24-1,bytetrack,True,10993
56.69114432657951,31.402989192669335,6605,357,380,41.94067484142916,45.774558393696786,361,33.38488128809242,4388,2,1,194,True,8,0,True,558,confirmation38,4745,controlled_cost_reciprocal,4745,4745,official_detector,data24-1,bytetrack,True,10993
56.10128275799337,31.42536863423166,6605,357,380,41.73571021151232,46.15580124539331,336,33.612298735558994,4388,3,3,243,True,8,0,True,558,confirmation38,4745,geometry_greedy,4745,4745,official_detector,data24-1,bytetrack,True,10993
56.945618646646956,31.407575811814926,6605,357,380,42.04158051232255,46.32100648112848,317,33.78513599563359,4388,3,1,231,True,8,0,True,558,confirmation38,4745,geometry_reid_greedy_guard,4745,4745,official_detector,data24-1,bytetrack,True,10993
56.83892872468539,31.402989192669335,6605,357,380,41.9977483798002,46.09226077011056,353,33.457654871281726,4388,2,1,215,True,8,0,True,558,confirmation38,4745,geometry_reid_hungarian,4745,4745,official_detector,data24-1,bytetrack,True,10993
55.5782485072582,31.407575811814926,6605,357,380,41.50577349365982,43.563349853856906,516,31.97489311379969,4388,0,0,0,True,8,0,True,558,confirmation38,4745,no_refinement,4745,4745,official_detector,data24-1,bytetrack,True,10993
64.00564160911665,40.107171061041235,5389,866,262,50.12388483676179,54.14877168871328,155,41.690166469571544,5604,0,2,1,True,8,0,True,306,confirmation38,6470,aflink_cached_native_dedup,6470,6470,official_detector,data24-1,deepocsort,True,10993
64.00315567530994,40.10804543568183,5389,866,262,50.12365647719277,54.14877168871328,155,41.690166469571544,5604,0,2,1,False,8,0,True,306,confirmation38,6470,aflink_cached_native_saved,6470,6470,official_detector,data24-1,deepocsort,False,10993
64.00564160911665,40.107171061041235,5389,866,262,50.12388483676179,54.14877168871328,155,41.690166469571544,5604,0,2,1,True,8,0,True,306,confirmation38,6470,aflink_cached_no_dedup,6470,6470,official_detector,data24-1,deepocsort,True,10993
64.00564160911665,40.107171061041235,5389,866,262,50.12388483676179,54.14877168871328,155,41.690166469571544,5604,0,2,1,True,8,0,True,306,confirmation38,6470,aflink_cached_overlap_safe,6470,6470,official_detector,data24-1,deepocsort,True,10993
66.41320641572062,40.08509089478799,5389,866,262,51.045168565588206,56.244631506613985,124,41.97216410443009,5604,3,1,56,True,8,0,True,306,confirmation38,6470,com3d_reciprocal_guard,6470,6470,official_detector,data24-1,deepocsort,True,10993
66.69894957121197,40.09882379784763,5389,866,262,51.17237036045215,56.8058180152322,113,42.07222778131538,5604,3,1,71,True,8,0,True,306,confirmation38,6470,controlled_cost_greedy,6470,6470,official_detector,data24-1,deepocsort,True,10993
66.6344341650856,40.09882379784763,5389,866,262,51.145812102547886,56.66838458455019,117,42.03584098972073,5604,3,1,58,True,8,0,True,306,confirmation38,6470,controlled_cost_reciprocal,6470,6470,official_detector,data24-1,deepocsort,True,10993
64.94742336567141,40.08575103782162,5389,866,262,50.485550019602776,55.397125350741575,118,42.02674429182207,5604,3,3,73,True,8,0,True,306,confirmation38,6470,geometry_greedy,6470,6470,official_detector,data24-1,deepocsort,True,10993
66.81557655070752,40.10651058219936,5389,866,262,51.22585284770879,56.908893088243715,107,42.12680796870736,5604,3,1,71,True,8,0,True,306,confirmation38,6470,geometry_reid_greedy_guard,6470,6470,official_detector,data24-1,deepocsort,True,10993
66.52718226784661,40.09882379784763,5389,866,262,51.1011462763188,56.542403939758344,116,42.044937687619395,5604,3,1,68,True,8,0,True,306,confirmation38,6470,geometry_reid_hungarian,6470,6470,official_detector,data24-1,deepocsort,True,10993
65.60226345908536,40.107171061041235,5389,866,262,50.73613616817406,55.00773063047586,155,41.690166469571544,5604,0,0,0,True,8,0,True,306,confirmation38,6470,no_refinement,6470,6470,official_detector,data24-1,deepocsort,True,10993
61.59387253099009,28.90734704544033,7414,150,130,42.08474923528711,41.38024724901508,145,29.873555899208586,3579,0,2,0,True,8,0,True,208,confirmation38,3729,aflink_cached_native_dedup,3729,3729,official_detector,data24-1,ocsort,True,10993
61.59185605153997,28.908107945966925,7414,150,130,42.08465913982393,41.38024724901508,145,29.873555899208586,3579,0,2,0,False,8,0,True,208,confirmation38,3729,aflink_cached_native_saved,3729,3729,official_detector,data24-1,ocsort,False,10993
61.59387253099009,28.90734704544033,7414,150,130,42.08474923528711,41.38024724901508,145,29.873555899208586,3579,0,2,0,True,8,0,True,208,confirmation38,3729,aflink_cached_no_dedup,3729,3729,official_detector,data24-1,ocsort,True,10993
61.59387253099009,28.90734704544033,7414,150,130,42.08474923528711,41.38024724901508,145,29.873555899208586,3579,0,2,0,True,8,0,True,208,confirmation38,3729,aflink_cached_overlap_safe,3729,3729,official_detector,data24-1,ocsort,True,10993
63.1958817468527,28.90734704544033,7414,150,130,42.63233141619415,42.6844178780057,121,30.091876648776495,3579,1,1,37,True,8,0,True,208,confirmation38,3729,com3d_reciprocal_guard,3729,3729,official_detector,data24-1,ocsort,True,10993
63.19486089757367,28.90734704544033,7414,150,130,42.632013979592195,42.71158809944301,117,30.128263440371146,3579,2,1,40,True,8,0,True,208,confirmation38,3729,controlled_cost_greedy,3729,3729,official_detector,data24-1,ocsort,True,10993
63.196071002872365,28.90734704544033,7414,150,130,42.632396902452626,42.6844178780057,120,30.100973346675158,3579,1,1,37,True,8,0,True,208,confirmation38,3729,controlled_cost_reciprocal,3729,3729,official_detector,data24-1,ocsort,True,10993
61.411786308632955,28.90734704544033,7414,150,130,42.02508992849549,41.814970792011955,118,30.11916674247248,3579,2,4,41,True,8,0,True,208,confirmation38,3729,geometry_greedy,3729,3729,official_detector,data24-1,ocsort,True,10993
63.202405858180676,28.90734704544033,7414,150,130,42.63464835410771,42.738758320880315,116,30.13736013826981,3579,2,1,40,True,8,0,True,208,confirmation38,3729,geometry_reid_greedy_guard,3729,3729,official_detector,data24-1,ocsort,True,10993
63.20315034856904,28.90734704544033,7414,150,130,42.63483154207176,42.69800298872436,119,30.110070044573824,3579,2,1,38,True,8,0,True,208,confirmation38,3729,geometry_reid_hungarian,3729,3729,official_detector,data24-1,ocsort,True,10993
62.855762232154355,28.90734704544033,7414,150,130,42.51361970065607,42.11384322782231,145,29.873555899208586,3579,0,0,0,True,8,0,True,208,confirmation38,3729,no_refinement,3729,3729,official_detector,data24-1,ocsort,True,10993
17.404495855504447,17.51646749083074,157,25,1,17.434120156310236,12.5,12,3.9603960396039604,45,0,0,0,True,8,0,True,11,confirmation38,70,aflink_cached_native_dedup,70,70,official_detector,data27-1,bytetrack,True,202
17.404495855504447,17.51646749083074,157,25,1,17.434120156310236,12.5,12,3.9603960396039604,45,0,0,0,False,8,0,True,11,confirmation38,70,aflink_cached_native_saved,70,70,official_detector,data27-1,bytetrack,False,202
17.404495855504447,17.51646749083074,157,25,1,17.434120156310236,12.5,12,3.9603960396039604,45,0,0,0,True,8,0,True,11,confirmation38,70,aflink_cached_no_dedup,70,70,official_detector,data27-1,bytetrack,True,202
17.404495855504447,17.51646749083074,157,25,1,17.434120156310236,12.5,12,3.9603960396039604,45,0,0,0,True,8,0,True,11,confirmation38,70,aflink_cached_overlap_safe,70,70,official_detector,data27-1,bytetrack,True,202
20.458321809137697,17.51646749083074,157,25,1,18.910867887515124,15.441176470588236,11,4.455445544554455,45,0,0,4,True,8,0,True,11,confirmation38,70,com3d_reciprocal_guard,70,70,official_detector,data27-1,bytetrack,True,202
27.423566494858083,17.51646749083074,157,25,1,21.903598008492338,22.058823529411764,8,5.9405940594059405,45,0,0,5,True,8,0,True,11,confirmation38,70,controlled_cost_greedy,70,70,official_detector,data27-1,bytetrack,True,202
22.73984345764597,17.51646749083074,157,25,1,19.9397665832553,19.11764705882353,10,4.9504950495049505,45,0,0,4,True,8,0,True,11,confirmation38,70,controlled_cost_reciprocal,70,70,official_detector,data27-1,bytetrack,True,202
27.423566494858083,17.51646749083074,157,25,1,21.903598008492338,22.058823529411764,8,5.9405940594059405,45,0,0,5,True,8,0,True,11,confirmation38,70,geometry_greedy,70,70,official_detector,data27-1,bytetrack,True,202
27.423566494858083,17.51646749083074,157,25,1,21.903598008492338,22.058823529411764,8,5.9405940594059405,45,0,0,5,True,8,0,True,11,confirmation38,70,geometry_reid_greedy_guard,70,70,official_detector,data27-1,bytetrack,True,202
22.73984345764597,17.51646749083074,157,25,1,19.9397665832553,19.11764705882353,10,4.9504950495049505,45,0,0,4,True,8,0,True,11,confirmation38,70,geometry_reid_hungarian,70,70,official_detector,data27-1,bytetrack,True,202
17.404495855504447,17.51646749083074,157,25,1,17.434120156310236,12.5,12,3.9603960396039604,45,0,0,0,True,8,0,True,11,confirmation38,70,no_refinement,70,70,official_detector,data27-1,bytetrack,True,202
81.45771700554143,26.601974536258073,138,24,0,46.5449685000184,43.44827586206896,1,19.306930693069308,64,0,0,0,True,8,0,True,3,confirmation38,88,aflink_cached_native_dedup,88,88,official_detector,data27-1,deepocsort,True,202
81.45771700554143,26.601974536258073,138,24,0,46.5449685000184,43.44827586206896,1,19.306930693069308,64,0,0,0,False,8,0,True,3,confirmation38,88,aflink_cached_native_saved,88,88,official_detector,data27-1,deepocsort,False,202
81.45771700554143,26.601974536258073,138,24,0,46.5449685000184,43.44827586206896,1,19.306930693069308,64,0,0,0,True,8,0,True,3,confirmation38,88,aflink_cached_no_dedup,88,88,official_detector,data27-1,deepocsort,True,202
81.45771700554143,26.601974536258073,138,24,0,46.5449685000184,43.44827586206896,1,19.306930693069308,64,0,0,0,True,8,0,True,3,confirmation38,88,aflink_cached_overlap_safe,88,88,official_detector,data27-1,deepocsort,True,202
81.45771700554143,26.601974536258073,138,24,0,46.5449685000184,43.44827586206896,1,19.306930693069308,64,0,0,0,True,8,0,True,3,confirmation38,88,com3d_reciprocal_guard,88,88,official_detector,data27-1,deepocsort,True,202
81.45771700554143,26.601974536258073,138,24,0,46.5449685000184,43.44827586206896,1,19.306930693069308,64,0,0,0,True,8,0,True,3,confirmation38,88,controlled_cost_greedy,88,88,official_detector,data27-1,deepocsort,True,202
81.45771700554143,26.601974536258073,138,24,0,46.5449685000184,43.44827586206896,1,19.306930693069308,64,0,0,0,True,8,0,True,3,confirmation38,88,controlled_cost_reciprocal,88,88,official_detector,data27-1,deepocsort,True,202
81.45771700554143,26.601974536258073,138,24,0,46.5449685000184,43.44827586206896,1,19.306930693069308,64,0,0,0,True,8,0,True,3,confirmation38,88,geometry_greedy,88,88,official_detector,data27-1,deepocsort,True,202
81.45771700554143,26.601974536258073,138,24,0,46.5449685000184,43.44827586206896,1,19.306930693069308,64,0,0,0,True,8,0,True,3,confirmation38,88,geometry_reid_greedy_guard,88,88,official_detector,data27-1,deepocsort,True,202
81.45771700554143,26.601974536258073,138,24,0,46.5449685000184,43.44827586206896,1,19.306930693069308,64,0,0,0,True,8,0,True,3,confirmation38,88,geometry_reid_hungarian,88,88,official_detector,data27-1,deepocsort,True,202
81.45771700554143,26.601974536258073,138,24,0,46.5449685000184,43.44827586206896,1,19.306930693069308,64,0,0,0,True,8,0,True,3,confirmation38,88,no_refinement,88,88,official_detector,data27-1,deepocsort,True,202
15.094392000590256,9.228918144815882,180,24,1,11.798219379822457,9.67741935483871,3,-2.4752475247524752,22,0,0,0,True,8,0,True,6,confirmation38,46,aflink_cached_native_dedup,46,46,official_detector,data27-1,ocsort,True,202
15.094392000590256,9.228918144815882,180,24,1,11.798219379822457,9.67741935483871,3,-2.4752475247524752,22,0,0,0,False,8,0,True,6,confirmation38,46,aflink_cached_native_saved,46,46,official_detector,data27-1,ocsort,False,202
15.094392000590256,9.228918144815882,180,24,1,11.798219379822457,9.67741935483871,3,-2.4752475247524752,22,0,0,0,True,8,0,True,6,confirmation38,46,aflink_cached_no_dedup,46,46,official_detector,data27-1,ocsort,True,202
15.094392000590256,9.228918144815882,180,24,1,11.798219379822457,9.67741935483871,3,-2.4752475247524752,22,0,0,0,True,8,0,True,6,confirmation38,46,aflink_cached_overlap_safe,46,46,official_detector,data27-1,ocsort,True,202
18.414697985855533,9.228918144815882,180,24,1,13.029517938978488,12.903225806451612,2,-1.9801980198019802,22,1,0,0,True,8,0,True,6,confirmation38,46,com3d_reciprocal_guard,46,46,official_detector,data27-1,ocsort,True,202
18.414697985855533,9.228918144815882,180,24,1,13.029517938978488,12.903225806451612,2,-1.9801980198019802,22,1,0,0,True,8,0,True,6,confirmation38,46,controlled_cost_greedy,46,46,official_detector,data27-1,ocsort,True,202
18.414697985855533,9.228918144815882,180,24,1,13.029517938978488,12.903225806451612,2,-1.9801980198019802,22,1,0,0,True,8,0,True,6,confirmation38,46,controlled_cost_reciprocal,46,46,official_detector,data27-1,ocsort,True,202
18.414697985855533,9.228918144815882,180,24,1,13.029517938978488,12.903225806451612,2,-1.9801980198019802,22,1,0,0,True,8,0,True,6,confirmation38,46,geometry_greedy,46,46,official_detector,data27-1,ocsort,True,202
18.414697985855533,9.228918144815882,180,24,1,13.029517938978488,12.903225806451612,2,-1.9801980198019802,22,1,0,0,True,8,0,True,6,confirmation38,46,geometry_reid_greedy_guard,46,46,official_detector,data27-1,ocsort,True,202
18.414697985855533,9.228918144815882,180,24,1,13.029517938978488,12.903225806451612,2,-1.9801980198019802,22,1,0,0,True,8,0,True,6,confirmation38,46,geometry_reid_hungarian,46,46,official_detector,data27-1,ocsort,True,202
15.094392000590256,9.228918144815882,180,24,1,11.798219379822457,9.67741935483871,3,-2.4752475247524752,22,0,0,0,True,8,0,True,6,confirmation38,46,no_refinement,46,46,official_detector,data27-1,ocsort,True,202
1.496381223012066,4.63627858389297,874,19,33,2.553197985111254,3.5608308605341246,33,0.7502679528403001,59,0,0,0,True,8,0,True,44,confirmation38,78,aflink_cached_native_dedup,78,78,official_detector,data31-1,bytetrack,True,933
1.496381223012066,4.63627858389297,874,19,33,2.553197985111254,3.5608308605341246,33,0.7502679528403001,59,0,0,0,False,8,0,True,44,confirmation38,78,aflink_cached_native_saved,78,78,official_detector,data31-1,bytetrack,False,933
1.496381223012066,4.63627858389297,874,19,33,2.553197985111254,3.5608308605341246,33,0.7502679528403001,59,0,0,0,True,8,0,True,44,confirmation38,78,aflink_cached_no_dedup,78,78,official_detector,data31-1,bytetrack,True,933
1.496381223012066,4.63627858389297,874,19,33,2.553197985111254,3.5608308605341246,33,0.7502679528403001,59,0,0,0,True,8,0,True,44,confirmation38,78,aflink_cached_overlap_safe,78,78,official_detector,data31-1,bytetrack,True,933
2.296705108763709,4.63627858389297,874,19,33,3.1953116055422814,4.945598417408506,22,1.929260450160772,59,0,0,14,True,8,0,True,44,confirmation38,78,com3d_reciprocal_guard,78,78,official_detector,data31-1,bytetrack,True,933
2.785364857446579,4.63627858389297,874,19,33,3.5369453600333207,5.539070227497527,19,2.2508038585209005,59,0,0,17,True,8,0,True,44,confirmation38,78,controlled_cost_greedy,78,78,official_detector,data31-1,bytetrack,True,933
2.592731306268618,4.63627858389297,874,19,33,3.408586676353048,5.341246290801187,20,2.1436227224008575,59,0,0,15,True,8,0,True,44,confirmation38,78,controlled_cost_reciprocal,78,78,official_detector,data31-1,bytetrack,True,933
2.7424387913764474,4.63627858389297,874,19,33,3.5070581165504713,5.539070227497527,20,2.1436227224008575,59,0,0,19,True,8,0,True,44,confirmation38,78,geometry_greedy,78,78,official_detector,data31-1,bytetrack,True,933
2.9393214920163437,4.63627858389297,874,19,33,3.6397607416401803,5.934718100890208,18,2.3579849946409435,59,0,0,17,True,8,0,True,44,confirmation38,78,geometry_reid_greedy_guard,78,78,official_detector,data31-1,bytetrack,True,933
2.5894740660780124,4.63627858389297,874,19,33,3.406313197090549,5.341246290801187,20,2.1436227224008575,59,0,0,16,True,8,0,True,44,confirmation38,78,geometry_reid_hungarian,78,78,official_detector,data31-1,bytetrack,True,933
1.496381223012066,4.63627858389297,874,19,33,2.553197985111254,3.5608308605341246,33,0.7502679528403001,59,0,0,0,True,8,0,True,44,confirmation38,78,no_refinement,78,78,official_detector,data31-1,bytetrack,True,933
42.30999864503476,28.594711585661525,539,94,41,34.77645286067232,51.51301900070373,2,31.939978563772776,394,0,0,0,True,8,0,True,6,confirmation38,488,aflink_cached_native_dedup,488,488,official_detector,data31-1,deepocsort,True,933
42.353657798044665,28.604369348472837,539,94,41,34.79902637883468,51.51301900070373,2,31.939978563772776,394,0,0,0,False,8,0,True,6,confirmation38,488,aflink_cached_native_saved,488,488,official_detector,data31-1,deepocsort,False,933
42.30999864503476,28.594711585661525,539,94,41,34.77645286067232,51.51301900070373,2,31.939978563772776,394,0,0,0,True,8,0,True,6,confirmation38,488,aflink_cached_no_dedup,488,488,official_detector,data31-1,deepocsort,True,933
42.30999864503476,28.594711585661525,539,94,41,34.77645286067232,51.51301900070373,2,31.939978563772776,394,0,0,0,True,8,0,True,6,confirmation38,488,aflink_cached_overlap_safe,488,488,official_detector,data31-1,deepocsort,True,933
42.30999864503476,28.594711585661525,539,94,41,34.77645286067232,51.51301900070373,2,31.939978563772776,394,0,0,0,True,8,0,True,6,confirmation38,488,com3d_reciprocal_guard,488,488,official_detector,data31-1,deepocsort,True,933
42.30999864503476,28.594711585661525,539,94,41,34.77645286067232,51.51301900070373,2,31.939978563772776,394,0,0,0,True,8,0,True,6,confirmation38,488,controlled_cost_greedy,488,488,official_detector,data31-1,deepocsort,True,933
42.30999864503476,28.594711585661525,539,94,41,34.77645286067232,51.51301900070373,2,31.939978563772776,394,0,0,0,True,8,0,True,6,confirmation38,488,controlled_cost_reciprocal,488,488,official_detector,data31-1,deepocsort,True,933
42.24148846065163,28.594711585661525,539,94,41,34.7484917898244,51.51301900070373,2,31.939978563772776,394,0,0,1,True,8,0,True,6,confirmation38,488,geometry_greedy,488,488,official_detector,data31-1,deepocsort,True,933
42.30999864503476,28.594711585661525,539,94,41,34.77645286067232,51.51301900070373,2,31.939978563772776,394,0,0,0,True,8,0,True,6,confirmation38,488,geometry_reid_greedy_guard,488,488,official_detector,data31-1,deepocsort,True,933
42.30999864503476,28.594711585661525,539,94,41,34.77645286067232,51.51301900070373,2,31.939978563772776,394,0,0,0,True,8,0,True,6,confirmation38,488,geometry_reid_hungarian,488,488,official_detector,data31-1,deepocsort,True,933
42.30999864503476,28.594711585661525,539,94,41,34.77645286067232,51.51301900070373,2,31.939978563772776,394,0,0,0,True,8,0,True,6,confirmation38,488,no_refinement,488,488,official_detector,data31-1,deepocsort,True,933
1.2205583483537041,1.8354242282023936,909,7,3,1.4779163126384716,2.2821576763485476,14,0.3215434083601286,24,0,0,0,True,8,0,True,18,confirmation38,31,aflink_cached_native_dedup,31,31,official_detector,data31-1,ocsort,True,933
1.2205583483537041,1.8354242282023936,909,7,3,1.4779163126384716,2.2821576763485476,14,0.3215434083601286,24,0,0,0,False,8,0,True,18,confirmation38,31,aflink_cached_native_saved,31,31,official_detector,data31-1,ocsort,False,933
1.2205583483537041,1.8354242282023936,909,7,3,1.4779163126384716,2.2821576763485476,14,0.3215434083601286,24,0,0,0,True,8,0,True,18,confirmation38,31,aflink_cached_no_dedup,31,31,official_detector,data31-1,ocsort,True,933
1.2205583483537041,1.8354242282023936,909,7,3,1.4779163126384716,2.2821576763485476,14,0.3215434083601286,24,0,0,0,True,8,0,True,18,confirmation38,31,aflink_cached_overlap_safe,31,31,official_detector,data31-1,ocsort,True,933
1.5986210429358876,1.8354242282023936,909,7,3,1.6946801219949097,2.6970954356846475,10,0.7502679528403001,24,0,0,6,True,8,0,True,18,confirmation38,31,com3d_reciprocal_guard,31,31,official_detector,data31-1,ocsort,True,933
1.59842132144989,1.8354242282023936,909,7,3,1.6945667462314877,2.6970954356846475,10,0.7502679528403001,24,0,0,7,True,8,0,True,18,confirmation38,31,controlled_cost_greedy,31,31,official_detector,data31-1,ocsort,True,933
1.5986210429358876,1.8354242282023936,909,7,3,1.6946801219949097,2.6970954356846475,10,0.7502679528403001,24,0,0,6,True,8,0,True,18,confirmation38,31,controlled_cost_reciprocal,31,31,official_detector,data31-1,ocsort,True,933
1.4614354274941954,1.8354242282023936,909,7,3,1.6218528949848123,2.4896265560165975,11,0.6430868167202572,24,0,0,7,True,8,0,True,18,confirmation38,31,geometry_greedy,31,31,official_detector,data31-1,ocsort,True,933
1.59842132144989,1.8354242282023936,909,7,3,1.6945667462314877,2.6970954356846475,10,0.7502679528403001,24,0,0,7,True,8,0,True,18,confirmation38,31,geometry_reid_greedy_guard,31,31,official_detector,data31-1,ocsort,True,933
1.59842132144989,1.8354242282023936,909,7,3,1.6945667462314877,2.6970954356846475,10,0.7502679528403001,24,0,0,7,True,8,0,True,18,confirmation38,31,geometry_reid_hungarian,31,31,official_detector,data31-1,ocsort,True,933
1.2205583483537041,1.8354242282023936,909,7,3,1.4779163126384716,2.2821576763485476,14,0.3215434083601286,24,0,0,0,True,8,0,True,18,confirmation38,31,no_refinement,31,31,official_detector,data31-1,ocsort,True,933
4.080563430433854,26.219439856570283,419,20,74,10.250143531302486,8.961748633879782,107,16.894977168949772,238,0,0,0,True,8,0,True,95,confirmation38,258,aflink_cached_native_dedup,258,258,official_detector,data33-1,bytetrack,True,657
4.07967470800196,26.225567735149617,419,20,74,10.251256383365149,8.961748633879782,107,16.894977168949772,238,0,0,0,False,8,0,True,95,confirmation38,258,aflink_cached_native_saved,258,258,official_detector,data33-1,bytetrack,False,657
4.080563430433854,26.219439856570283,419,20,74,10.250143531302486,8.961748633879782,107,16.894977168949772,238,0,0,0,True,8,0,True,95,confirmation38,258,aflink_cached_no_dedup,258,258,official_detector,data33-1,bytetrack,True,657
4.080563430433854,26.219439856570283,419,20,74,10.250143531302486,8.961748633879782,107,16.894977168949772,238,0,0,0,True,8,0,True,95,confirmation38,258,aflink_cached_overlap_safe,258,258,official_detector,data33-1,bytetrack,True,657
6.676807225998845,26.219439856570283,419,20,74,13.182077635835935,15.300546448087433,67,22.98325722983257,238,0,0,48,True,8,0,True,95,confirmation38,258,com3d_reciprocal_guard,258,258,official_detector,data33-1,bytetrack,True,657
13.445301139051766,26.219439856570283,419,20,74,18.75731794918219,28.196721311475407,30,28.61491628614916,238,0,0,68,True,8,0,True,95,confirmation38,258,controlled_cost_greedy,258,258,official_detector,data33-1,bytetrack,True,657
6.962443209698729,26.219439856570283,419,20,74,13.465189598693636,16.830601092896174,63,23.59208523592085,238,0,0,52,True,8,0,True,95,confirmation38,258,controlled_cost_reciprocal,258,258,official_detector,data33-1,bytetrack,True,657
13.992192431922321,25.943631951847628,419,20,74,19.03708875643509,28.852459016393446,32,28.31050228310502,238,0,0,68,True,8,0,True,95,confirmation38,258,geometry_greedy,258,258,official_detector,data33-1,bytetrack,True,657
15.309706116787435,26.219439856570283,419,20,74,20.01952478962258,29.508196721311474,21,29.98477929984779,238,0,0,69,True,8,0,True,95,confirmation38,258,geometry_reid_greedy_guard,258,258,official_detector,data33-1,bytetrack,True,657
8.31386018782946,26.219439856570283,419,20,74,14.729013261940398,18.14207650273224,58,24.3531202435312,238,0,0,62,True,8,0,True,95,confirmation38,258,geometry_reid_hungarian,258,258,official_detector,data33-1,bytetrack,True,657
4.080563430433854,26.219439856570283,419,20,74,10.250143531302486,8.961748633879782,107,16.894977168949772,238,0,0,0,True,8,0,True,95,confirmation38,258,no_refinement,258,258,official_detector,data33-1,bytetrack,True,657
44.936256090140034,57.62925641470644,143,22,24,50.81711175616622,67.89606035205364,16,72.45053272450532,514,0,0,1,True,8,0,True,24,confirmation38,536,aflink_cached_native_dedup,536,536,official_detector,data33-1,deepocsort,True,657
44.94256688433996,57.63427945289381,143,22,24,50.822441886694705,67.89606035205364,16,72.45053272450532,514,0,0,1,False,8,0,True,24,confirmation38,536,aflink_cached_native_saved,536,536,official_detector,data33-1,deepocsort,False,657
44.936256090140034,57.62925641470644,143,22,24,50.81711175616622,67.89606035205364,16,72.45053272450532,514,0,0,1,True,8,0,True,24,confirmation38,536,aflink_cached_no_dedup,536,536,official_detector,data33-1,deepocsort,True,657
44.936256090140034,57.62925641470644,143,22,24,50.81711175616622,67.89606035205364,16,72.45053272450532,514,0,0,1,True,8,0,True,24,confirmation38,536,aflink_cached_overlap_safe,536,536,official_detector,data33-1,deepocsort,True,657
53.6150650225016,57.62925641470644,143,22,24,55.52145063268913,76.78122380553228,10,73.36377473363774,514,0,0,8,True,8,0,True,24,confirmation38,536,com3d_reciprocal_guard,536,536,official_detector,data33-1,deepocsort,True,657
53.6150650225016,57.62925641470644,143,22,24,55.52145063268913,76.78122380553228,10,73.36377473363774,514,0,0,8,True,8,0,True,24,confirmation38,536,controlled_cost_greedy,536,536,official_detector,data33-1,deepocsort,True,657
53.6150650225016,57.62925641470644,143,22,24,55.52145063268913,76.78122380553228,10,73.36377473363774,514,0,0,8,True,8,0,True,24,confirmation38,536,controlled_cost_reciprocal,536,536,official_detector,data33-1,deepocsort,True,657
53.6150650225016,57.62925641470644,143,22,24,55.52145063268913,76.78122380553228,10,73.36377473363774,514,0,0,8,True,8,0,True,24,confirmation38,536,geometry_greedy,536,536,official_detector,data33-1,deepocsort,True,657
53.6150650225016,57.62925641470644,143,22,24,55.52145063268913,76.78122380553228,10,73.36377473363774,514,0,0,8,True,8,0,True,24,confirmation38,536,geometry_reid_greedy_guard,536,536,official_detector,data33-1,deepocsort,True,657
53.6150650225016,57.62925641470644,143,22,24,55.52145063268913,76.78122380553228,10,73.36377473363774,514,0,0,8,True,8,0,True,24,confirmation38,536,geometry_reid_hungarian,536,536,official_detector,data33-1,deepocsort,True,657
41.01047287245909,57.62925641470644,143,22,24,48.53882242671217,62.531433361274104,17,72.29832572298326,514,0,0,0,True,8,0,True,24,confirmation38,536,no_refinement,536,536,official_detector,data33-1,deepocsort,True,657
6.153769032923195,8.575161720361907,587,15,17,7.109396727979778,6.738544474393531,24,4.71841704718417,70,0,0,0,True,8,0,True,37,confirmation38,85,aflink_cached_native_dedup,85,85,official_detector,data33-1,ocsort,True,657
6.153769032923195,8.575161720361907,587,15,17,7.109396727979778,6.738544474393531,24,4.71841704718417,70,0,0,0,False,8,0,True,37,confirmation38,85,aflink_cached_native_saved,85,85,official_detector,data33-1,ocsort,False,657
6.153769032923195,8.575161720361907,587,15,17,7.109396727979778,6.738544474393531,24,4.71841704718417,70,0,0,0,True,8,0,True,37,confirmation38,85,aflink_cached_no_dedup,85,85,official_detector,data33-1,ocsort,True,657
6.153769032923195,8.575161720361907,587,15,17,7.109396727979778,6.738544474393531,24,4.71841704718417,70,0,0,0,True,8,0,True,37,confirmation38,85,aflink_cached_overlap_safe,85,85,official_detector,data33-1,ocsort,True,657
7.532466721865817,8.575161720361907,587,15,17,7.946127026003389,10.242587601078167,16,5.93607305936073,70,0,0,9,True,8,0,True,37,confirmation38,85,com3d_reciprocal_guard,85,85,official_detector,data33-1,ocsort,True,657
7.532466721865817,8.575161720361907,587,15,17,7.946127026003389,10.242587601078167,16,5.93607305936073,70,0,0,9,True,8,0,True,37,confirmation38,85,controlled_cost_greedy,85,85,official_detector,data33-1,ocsort,True,657
7.532466721865817,8.575161720361907,587,15,17,7.946127026003389,10.242587601078167,16,5.93607305936073,70,0,0,9,True,8,0,True,37,confirmation38,85,controlled_cost_reciprocal,85,85,official_detector,data33-1,ocsort,True,657
7.532466721865817,8.575161720361907,587,15,17,7.946127026003389,10.242587601078167,16,5.93607305936073,70,0,0,9,True,8,0,True,37,confirmation38,85,geometry_greedy,85,85,official_detector,data33-1,ocsort,True,657
7.532466721865817,8.575161720361907,587,15,17,7.946127026003389,10.242587601078167,16,5.93607305936073,70,0,0,9,True,8,0,True,37,confirmation38,85,geometry_reid_greedy_guard,85,85,official_detector,data33-1,ocsort,True,657
7.532466721865817,8.575161720361907,587,15,17,7.946127026003389,10.242587601078167,16,5.93607305936073,70,0,0,9,True,8,0,True,37,confirmation38,85,geometry_reid_hungarian,85,85,official_detector,data33-1,ocsort,True,657
6.153769032923195,8.575161720361907,587,15,17,7.109396727979778,6.738544474393531,24,4.71841704718417,70,0,0,0,True,8,0,True,37,confirmation38,85,no_refinement,85,85,official_detector,data33-1,ocsort,True,657
8.256199380408102,19.999388568136443,8593,652,1511,12.26089396371242,9.11337854109893,2156,3.8701517706576727,3267,1,0,32,False,8,0,True,672,confirmation38,3921,aflink_cached_native_dedup,3919,3919,official_detector,data34-1,bytetrack,False,11860
8.269915111294958,19.9990678151017,8593,652,1511,12.264841355895383,9.100703466632867,2157,3.861720067453626,3267,1,0,32,False,8,0,True,672,confirmation38,3921,aflink_cached_native_saved,3919,3919,official_detector,data34-1,bytetrack,False,11860
8.25328574792676,20.01104738935865,8591,652,1511,12.262056845378122,9.11337854109893,2156,3.8870151770657677,3269,1,0,32,True,8,2,False,672,confirmation38,3921,aflink_cached_no_dedup,3921,3921,official_detector,data34-1,bytetrack,False,11860
8.251809238684976,20.01104738935865,8591,652,1511,12.260639420583852,9.112223559977188,2156,3.8870151770657677,3269,1,0,30,True,8,0,True,672,confirmation38,3921,aflink_cached_overlap_safe,3921,3921,official_detector,data34-1,bytetrack,True,11860
9.99764302979748,19.98518116477231,8591,652,1511,13.46017490278934,10.189468348013433,2085,4.485666104553119,3269,4,0,265,True,8,0,True,672,confirmation38,3921,com3d_reciprocal_guard,3921,3921,official_detector,data34-1,bytetrack,True,11860
13.339358458922105,19.98408789436409,8591,652,1511,15.612676029998509,13.864774095431216,1832,6.618887015177066,3269,7,0,557,True,8,0,True,672,confirmation38,3921,controlled_cost_greedy,3921,3921,official_detector,data34-1,bytetrack,True,11860
10.350212316271753,19.9851573921087,8591,652,1511,13.71645540040979,11.165325391293328,2022,5.016863406408095,3269,5,0,293,True,8,0,True,672,confirmation38,3921,controlled_cost_reciprocal,3921,3921,official_detector,data34-1,bytetrack,True,11860
13.029239993155093,19.952133743515265,8591,652,1511,15.393917249212102,13.167733350231291,1883,6.188870151770658,3269,7,0,564,True,8,0,True,672,confirmation38,3921,geometry_greedy,3921,3921,official_detector,data34-1,bytetrack,True,11860
13.364703602143809,19.980701394995133,8591,652,1511,15.625894958720385,14.0041822444712,1893,6.104553119730186,3269,7,0,566,True,8,0,True,672,confirmation38,3921,geometry_reid_greedy_guard,3921,3921,official_detector,data34-1,bytetrack,True,11860
10.557416738115736,19.967832001767132,8591,652,1511,13.874370449180356,11.710284519358723,2006,5.15177065767285,3269,5,0,498,True,8,0,True,672,confirmation38,3921,geometry_reid_hungarian,3921,3921,official_detector,data34-1,bytetrack,True,11860
7.060323315877161,20.011575462308738,8591,652,1511,11.346245077523317,8.161713452886382,2160,3.853288364249578,3269,0,0,0,True,8,0,True,672,confirmation38,3921,no_refinement,3921,3921,official_detector,data34-1,bytetrack,True,11860
47.61711638409768,39.792490475826284,5288,914,562,42.23598790600757,54.11971466969916,191,46.09612141652614,6572,3,2,11,True,8,0,True,177,confirmation38,7486,aflink_cached_native_dedup,7486,7486,official_detector,data34-1,deepocsort,True,11860
47.6529946549596,39.78907187171422,5289,915,562,42.236020388693724,54.10937661532099,191,46.079258010118046,6571,3,2,11,False,8,0,True,177,confirmation38,7486,aflink_cached_native_saved,7486,7486,official_detector,data34-1,deepocsort,False,11860
47.61711638409768,39.792490475826284,5288,914,562,42.23598790600757,54.11971466969916,191,46.09612141652614,6572,3,2,11,True,8,0,True,177,confirmation38,7486,aflink_cached_no_dedup,7486,7486,official_detector,data34-1,deepocsort,True,11860
47.61711638409768,39.792490475826284,5288,914,562,42.23598790600757,54.11971466969916,191,46.09612141652614,6572,3,2,11,True,8,0,True,177,confirmation38,7486,aflink_cached_overlap_safe,7486,7486,official_detector,data34-1,deepocsort,True,11860
47.6407130674603,39.77872137892054,5288,914,562,42.25020417866541,54.42985630104415,158,46.3743676222597,6572,5,1,68,True,8,0,True,177,confirmation38,7486,com3d_reciprocal_guard,7486,7486,official_detector,data34-1,deepocsort,True,11860
49.46215138548673,39.757851480984826,5288,914,562,43.108738527821636,56.073606947172536,137,46.55143338954469,6572,7,2,100,True,8,0,True,177,confirmation38,7486,controlled_cost_greedy,7486,7486,official_detector,data34-1,deepocsort,True,11860
50.382593280838165,39.751139731553586,5288,914,562,43.53264946333277,57.148764602501814,147,46.46711635750422,6572,7,1,74,True,8,0,True,177,confirmation38,7486,controlled_cost_reciprocal,7486,7486,official_detector,data34-1,deepocsort,True,11860
47.050442893987686,39.77098431285642,5288,914,562,41.96332029399738,53.95430579964851,148,46.45868465430017,6572,4,3,103,True,8,0,True,177,confirmation38,7486,geometry_greedy,7486,7486,official_detector,data34-1,deepocsort,True,11860
47.703762255805145,39.770979317170095,5288,914,562,42.27742513303286,54.543574899203975,144,46.492411467116355,6572,4,1,104,True,8,0,True,177,confirmation38,7486,geometry_reid_greedy_guard,7486,7486,official_detector,data34-1,deepocsort,True,11860
49.05187703385708,39.77433922323398,5288,914,562,42.92283810680704,55.846169750852894,139,46.53456998313659,6572,6,3,102,True,8,0,True,177,confirmation38,7486,geometry_reid_hungarian,7486,7486,official_detector,data34-1,deepocsort,True,11860
46.31864130575587,39.79315951824994,5288,914,562,41.59166566979072,53.08590923188255,199,46.02866779089376,6572,0,0,0,True,8,0,True,177,confirmation38,7486,no_refinement,7486,7486,official_detector,data34-1,deepocsort,True,11860
21.557668372773993,3.9006983093595347,11318,238,151,8.981233776344103,4.430379746835443,160,1.2141652613827993,542,3,0,0,True,8,0,True,196,confirmation38,780,aflink_cached_native_dedup,780,780,official_detector,data34-1,ocsort,True,11860
21.562817571140016,3.9007132848654242,11318,238,151,8.981478094980579,4.430379746835443,160,1.2141652613827993,542,3,0,0,False,8,0,True,196,confirmation38,780,aflink_cached_native_saved,780,780,official_detector,data34-1,ocsort,False,11860
21.557668372773993,3.9006983093595347,11318,238,151,8.981233776344103,4.430379746835443,160,1.2141652613827993,542,3,0,0,True,8,0,True,196,confirmation38,780,aflink_cached_no_dedup,780,780,official_detector,data34-1,ocsort,True,11860
21.557668372773993,3.9006983093595347,11318,238,151,8.981233776344103,4.430379746835443,160,1.2141652613827993,542,3,0,0,True,8,0,True,196,confirmation38,780,aflink_cached_overlap_safe,780,780,official_detector,data34-1,ocsort,True,11860
17.895319686313705,3.9029799200216173,11318,238,151,8.199088908600517,4.351265822784811,129,1.475548060708263,542,7,0,81,True,8,0,True,196,confirmation38,780,com3d_reciprocal_guard,780,780,official_detector,data34-1,ocsort,True,11860
37.61421604363819,3.902525423654575,11318,238,151,11.897636247361195,6.265822784810126,84,1.854974704890388,542,14,0,125,True,8,0,True,196,confirmation38,780,controlled_cost_greedy,780,780,official_detector,data34-1,ocsort,True,11860
22.81805577355262,3.9029799200216173,11318,238,151,9.249543550943615,4.936708860759493,116,1.585160202360877,542,8,0,80,True,8,0,True,196,confirmation38,780,controlled_cost_reciprocal,780,780,official_detector,data34-1,ocsort,True,11860
37.67213613372945,3.8938481829774934,11318,238,151,11.89641929912905,6.170886075949367,82,1.8718381112984823,542,14,0,131,True,8,0,True,196,confirmation38,780,geometry_greedy,780,780,official_detector,data34-1,ocsort,True,11860
37.66687804005226,3.902525423654575,11318,238,151,11.907251867519147,6.281645569620253,69,1.981450252951096,542,14,0,127,True,8,0,True,196,confirmation38,780,geometry_reid_greedy_guard,780,780,official_detector,data34-1,ocsort,True,11860
29.29509684220782,3.8979757310016594,11318,238,151,10.476870925167082,5.411392405063291,99,1.7284991568296795,542,11,0,121,True,8,0,True,196,confirmation38,780,geometry_reid_hungarian,780,780,official_detector,data34-1,ocsort,True,11860
15.966745365053914,3.9006983093595347,11318,238,151,7.737889116158598,3.939873417721519,161,1.205733558178752,542,0,0,0,True,8,0,True,196,confirmation38,780,no_refinement,780,780,official_detector,data34-1,ocsort,True,11860
78.20376950148557,31.477082034014263,1437,80,47,49.48847133752266,49.33621488113615,56,31.54917319408181,861,0,0,0,True,8,0,True,84,confirmation38,941,aflink_cached_native_dedup,941,941,official_detector,data34-2,bytetrack,True,2298
78.18550896444108,31.477319952426956,1437,80,47,49.483584578169136,49.33621488113615,56,31.54917319408181,861,0,0,0,False,8,0,True,84,confirmation38,941,aflink_cached_native_saved,941,941,official_detector,data34-2,bytetrack,False,2298
78.20376950148557,31.477082034014263,1437,80,47,49.48847133752266,49.33621488113615,56,31.54917319408181,861,0,0,0,True,8,0,True,84,confirmation38,941,aflink_cached_no_dedup,941,941,official_detector,data34-2,bytetrack,True,2298
78.20376950148557,31.477082034014263,1437,80,47,49.48847133752266,49.33621488113615,56,31.54917319408181,861,0,0,0,True,8,0,True,84,confirmation38,941,aflink_cached_overlap_safe,941,941,official_detector,data34-2,bytetrack,True,2298
78.52986345157852,31.477082034014263,1437,80,47,49.59453314251878,49.706699598641556,49,31.853785900783286,861,0,0,26,True,8,0,True,84,confirmation38,941,com3d_reciprocal_guard,941,941,official_detector,data34-2,bytetrack,True,2298
78.65838004279489,31.477082034014263,1437,80,47,49.63717065909506,49.953689410311824,39,32.28894691035683,861,0,0,42,True,8,0,True,84,confirmation38,941,controlled_cost_greedy,941,941,official_detector,data34-2,bytetrack,True,2298
78.6398195669083,31.477082034014263,1437,80,47,49.63091574942137,50.07718431614696,43,32.114882506527415,861,0,0,27,True,8,0,True,84,confirmation38,941,controlled_cost_reciprocal,941,941,official_detector,data34-2,bytetrack,True,2298
78.56303373617291,31.477082034014263,1437,80,47,49.60562375943504,49.706699598641556,40,32.24543080939948,861,0,0,44,True,8,0,True,84,confirmation38,941,geometry_greedy,941,941,official_detector,data34-2,bytetrack,True,2298
78.6650006311989,31.48629170683977,1437,80,47,49.646159268091125,49.953689410311824,42,32.15839860748477,861,0,0,43,True,8,0,True,84,confirmation38,941,geometry_reid_greedy_guard,941,941,official_detector,data34-2,bytetrack,True,2298
78.66743014508386,31.48629170683977,1437,80,47,49.64702022160822,50.07718431614696,42,32.15839860748477,861,0,0,39,True,8,0,True,84,confirmation38,941,geometry_reid_hungarian,941,941,official_detector,data34-2,bytetrack,True,2298
78.20376950148557,31.477082034014263,1437,80,47,49.48847133752266,49.33621488113615,56,31.54917319408181,861,0,0,0,True,8,0,True,84,confirmation38,941,no_refinement,941,941,official_detector,data34-2,bytetrack,True,2298
78.74529367348293,48.0785739319732,878,133,48,60.441414982695576,72.13710724487146,9,55.61357702349869,1420,0,0,0,True,8,0,True,22,confirmation38,1553,aflink_cached_native_dedup,1553,1553,official_detector,data34-2,deepocsort,True,2298
78.72420250702531,48.081913846569705,878,133,48,60.43961091967305,72.13710724487146,9,55.61357702349869,1420,0,0,0,False,8,0,True,22,confirmation38,1553,aflink_cached_native_saved,1553,1553,official_detector,data34-2,deepocsort,False,2298
78.74529367348293,48.0785739319732,878,133,48,60.441414982695576,72.13710724487146,9,55.61357702349869,1420,0,0,0,True,8,0,True,22,confirmation38,1553,aflink_cached_no_dedup,1553,1553,official_detector,data34-2,deepocsort,True,2298
78.74529367348293,48.0785739319732,878,133,48,60.441414982695576,72.13710724487146,9,55.61357702349869,1420,0,0,0,True,8,0,True,22,confirmation38,1553,aflink_cached_overlap_safe,1553,1553,official_detector,data34-2,deepocsort,True,2298
79.22807094045127,48.09999429215582,878,133,48,60.66090680307883,72.39678005712801,5,55.78764142732812,1420,0,0,8,True,8,0,True,22,confirmation38,1553,com3d_reciprocal_guard,1553,1553,official_detector,data34-2,deepocsort,True,2298
79.22474448314824,48.09999429215582,878,133,48,60.659029490672076,72.50064918203064,4,55.831157528285466,1420,0,0,12,True,8,0,True,22,confirmation38,1553,controlled_cost_greedy,1553,1553,official_detector,data34-2,deepocsort,True,2298
79.19994297837235,48.09999429215582,878,133,48,60.648408501166564,72.55258374448196,5,55.78764142732812,1420,0,0,7,True,8,0,True,22,confirmation38,1553,controlled_cost_reciprocal,1553,1553,official_detector,data34-2,deepocsort,True,2298
79.22374467209598,48.09999429215582,878,133,48,60.659353714120435,72.34484549467672,4,55.831157528285466,1420,0,0,13,True,8,0,True,22,confirmation38,1553,geometry_greedy,1553,1553,official_detector,data34-2,deepocsort,True,2298
79.11712310326105,48.09999429215582,878,133,48,60.61322351419754,72.18904180732278,4,55.831157528285466,1420,0,0,13,True,8,0,True,22,confirmation38,1553,geometry_reid_greedy_guard,1553,1553,official_detector,data34-2,deepocsort,True,2298
79.14892277950028,48.09999429215582,878,133,48,60.62725121242995,72.03323811996883,4,55.831157528285466,1420,0,0,12,True,8,0,True,22,confirmation38,1553,geometry_reid_hungarian,1553,1553,official_detector,data34-2,deepocsort,True,2298
78.74529367348293,48.0785739319732,878,133,48,60.441414982695576,72.13710724487146,9,55.61357702349869,1420,0,0,0,True,8,0,True,22,confirmation38,1553,no_refinement,1553,1553,official_detector,data34-2,deepocsort,True,2298
90.84459846227159,29.776339903072397,1537,65,5,51.969800611122366,48.335467349551855,5,30.069625761531764,761,0,0,0,True,8,0,True,23,confirmation38,826,aflink_cached_native_dedup,826,826,official_detector,data34-2,ocsort,True,2298
90.81859149091362,29.776339903072397,1537,65,5,51.96417499593595,48.335467349551855,5,30.069625761531764,761,0,0,0,False,8,0,True,23,confirmation38,826,aflink_cached_native_saved,826,826,official_detector,data34-2,ocsort,False,2298
90.84459846227159,29.776339903072397,1537,65,5,51.969800611122366,48.335467349551855,5,30.069625761531764,761,0,0,0,True,8,0,True,23,confirmation38,826,aflink_cached_no_dedup,826,826,official_detector,data34-2,ocsort,True,2298
90.84459846227159,29.776339903072397,1537,65,5,51.969800611122366,48.335467349551855,5,30.069625761531764,761,0,0,0,True,8,0,True,23,confirmation38,826,aflink_cached_overlap_safe,826,826,official_detector,data34-2,ocsort,True,2298
90.88455966683043,29.776339903072397,1537,65,5,51.981418026329294,48.59154929577465,0,30.287206266318538,761,0,0,11,True,8,0,True,23,confirmation38,826,com3d_reciprocal_guard,826,826,official_detector,data34-2,ocsort,True,2298
90.88455966683043,29.776339903072397,1537,65,5,51.981418026329294,48.59154929577465,0,30.287206266318538,761,0,0,11,True,8,0,True,23,confirmation38,826,controlled_cost_greedy,826,826,official_detector,data34-2,ocsort,True,2298
90.88455966683043,29.776339903072397,1537,65,5,51.981418026329294,48.59154929577465,0,30.287206266318538,761,0,0,11,True,8,0,True,23,confirmation38,826,controlled_cost_reciprocal,826,826,official_detector,data34-2,ocsort,True,2298
90.77231076657417,29.776339903072397,1537,65,5,51.94903198711101,48.59154929577465,0,30.287206266318538,761,0,0,13,True,8,0,True,23,confirmation38,826,geometry_greedy,826,826,official_detector,data34-2,ocsort,True,2298
90.88455966683043,29.776339903072397,1537,65,5,51.981418026329294,48.59154929577465,0,30.287206266318538,761,0,0,11,True,8,0,True,23,confirmation38,826,geometry_reid_greedy_guard,826,826,official_detector,data34-2,ocsort,True,2298
90.88455966683043,29.776339903072397,1537,65,5,51.981418026329294,48.59154929577465,0,30.287206266318538,761,0,0,11,True,8,0,True,23,confirmation38,826,geometry_reid_hungarian,826,826,official_detector,data34-2,ocsort,True,2298
90.84459846227159,29.776339903072397,1537,65,5,51.969800611122366,48.335467349551855,5,30.069625761531764,761,0,0,0,True,8,0,True,23,confirmation38,826,no_refinement,826,826,official_detector,data34-2,ocsort,True,2298
15.275878732386298,9.313318362336842,2291,98,121,11.150569810942097,8.869623207735913,157,1.9260400616332818,305,0,0,0,True,8,0,True,177,confirmation38,403,aflink_cached_native_dedup,403,403,official_detector,data34-3,bytetrack,True,2596
15.286963816300222,9.313560998790251,2291,98,121,11.150492343972484,8.869623207735913,157,1.9260400616332818,305,0,0,0,False,8,0,True,177,confirmation38,403,aflink_cached_native_saved,403,403,official_detector,data34-3,bytetrack,False,2596
15.275878732386298,9.313318362336842,2291,98,121,11.150569810942097,8.869623207735913,157,1.9260400616332818,305,0,0,0,True,8,0,True,177,confirmation38,403,aflink_cached_no_dedup,403,403,official_detector,data34-3,bytetrack,True,2596
15.275878732386298,9.313318362336842,2291,98,121,11.150569810942097,8.869623207735913,157,1.9260400616332818,305,0,0,0,True,8,0,True,177,confirmation38,403,aflink_cached_overlap_safe,403,403,official_detector,data34-3,bytetrack,True,2596
18.043648767276434,9.313318362336842,2291,98,121,12.095995060997417,9.669889963321108,143,2.465331278890601,305,0,0,53,True,8,0,True,177,confirmation38,403,com3d_reciprocal_guard,403,403,official_detector,data34-3,bytetrack,True,2596
18.168759239743927,9.313318362336842,2291,98,121,12.148849228713447,9.269756585528508,130,2.9661016949152543,305,0,0,92,True,8,0,True,177,confirmation38,403,controlled_cost_greedy,403,403,official_detector,data34-3,bytetrack,True,2596
18.126572533490073,9.313318362336842,2291,98,121,12.130746260151488,9.60320106702234,139,2.6194144838212634,305,0,0,56,True,8,0,True,177,confirmation38,403,controlled_cost_reciprocal,403,403,official_detector,data34-3,bytetrack,True,2596
18.092988654914013,9.313318362336842,2291,98,121,12.118128071603728,9.336445481827276,133,2.8505392912172574,305,0,0,95,True,8,0,True,177,confirmation38,403,geometry_greedy,403,403,official_detector,data34-3,bytetrack,True,2596
18.195793826139468,9.313318362336842,2291,98,121,12.163932297442555,9.60320106702234,127,3.0816640986132513,305,0,0,91,True,8,0,True,177,confirmation38,403,geometry_reid_greedy_guard,403,403,official_detector,data34-3,bytetrack,True,2596
18.2291727007809,9.313318362336842,2291,98,121,12.177567850319164,9.80326775591864,130,2.9661016949152543,305,0,0,87,True,8,0,True,177,confirmation38,403,geometry_reid_hungarian,403,403,official_detector,data34-3,bytetrack,True,2596
15.275878732386298,9.313318362336842,2291,98,121,11.150569810942097,8.869623207735913,157,1.9260400616332818,305,0,0,0,True,8,0,True,177,confirmation38,403,no_refinement,403,403,official_detector,data34-3,bytetrack,True,2596
47.191864038534916,30.621511517888482,1480,335,187,35.21885620312639,46.89893748455646,63,27.65793528505393,1116,0,0,2,True,8,0,True,121,confirmation38,1451,aflink_cached_native_dedup,1451,1451,official_detector,data34-3,deepocsort,True,2596
47.18004489390562,30.61432423672194,1480,335,187,35.21183279159582,46.89893748455646,63,27.65793528505393,1116,0,0,2,False,8,0,True,121,confirmation38,1451,aflink_cached_native_saved,1451,1451,official_detector,data34-3,deepocsort,False,2596
47.191864038534916,30.621511517888482,1480,335,187,35.21885620312639,46.89893748455646,63,27.65793528505393,1116,0,0,2,True,8,0,True,121,confirmation38,1451,aflink_cached_no_dedup,1451,1451,official_detector,data34-3,deepocsort,True,2596
47.191864038534916,30.621511517888482,1480,335,187,35.21885620312639,46.89893748455646,63,27.65793528505393,1116,0,0,2,True,8,0,True,121,confirmation38,1451,aflink_cached_overlap_safe,1451,1451,official_detector,data34-3,deepocsort,True,2596
47.24540151709438,30.63708608549206,1480,335,187,35.252810286236546,47.096614776377564,56,27.927580893682592,1116,0,0,34,True,8,0,True,121,confirmation38,1451,com3d_reciprocal_guard,1451,1451,official_detector,data34-3,deepocsort,True,2596
47.255533506050746,30.622463934766564,1480,335,187,35.254293464036856,46.45416357795899,46,28.312788906009246,1116,0,0,52,True,8,0,True,121,confirmation38,1451,controlled_cost_greedy,1451,1451,official_detector,data34-3,deepocsort,True,2596
47.81910842091827,30.622463934766564,1480,335,187,35.51164421142475,47.49196936001977,49,28.197226502311246,1116,0,0,36,True,8,0,True,121,confirmation38,1451,controlled_cost_reciprocal,1451,1451,official_detector,data34-3,deepocsort,True,2596
45.88770178196936,30.63708608549206,1480,335,187,34.61752421544344,45.95997034840622,54,28.004622496147917,1116,0,0,52,True,8,0,True,121,confirmation38,1451,geometry_greedy,1451,1451,official_detector,data34-3,deepocsort,True,2596
47.5653115700835,30.549278466952472,1480,335,187,35.36175918550768,46.70126019273536,44,28.389830508474578,1116,0,0,57,True,8,0,True,121,confirmation38,1451,geometry_reid_greedy_guard,1451,1451,official_detector,data34-3,deepocsort,True,2596
47.49941692559577,30.61722863810818,1480,335,187,35.37101260424192,47.24487274524339,43,28.42835130970724,1116,0,0,54,True,8,0,True,121,confirmation38,1451,geometry_reid_hungarian,1451,1451,official_detector,data34-3,deepocsort,True,2596
47.48323128663799,30.621511517888482,1480,335,187,35.35558582819046,46.99777613046701,63,27.65793528505393,1116,0,0,0,True,8,0,True,121,confirmation38,1451,no_refinement,1451,1451,official_detector,data34-3,deepocsort,True,2596
20.576427602629018,5.683902378624115,2414,55,8,9.601113884417396,7.200847158489234,75,2.0030816640986133,182,0,0,0,True,8,0,True,180,confirmation38,237,aflink_cached_native_dedup,237,237,official_detector,data34-3,ocsort,True,2596
20.57071046233204,5.685971405690612,2414,55,8,9.601443731227304,7.200847158489234,75,2.0030816640986133,182,0,0,0,False,8,0,True,180,confirmation38,237,aflink_cached_native_saved,237,237,official_detector,data34-3,ocsort,False,2596
20.576427602629018,5.683902378624115,2414,55,8,9.601113884417396,7.200847158489234,75,2.0030816640986133,182,0,0,0,True,8,0,True,180,confirmation38,237,aflink_cached_no_dedup,237,237,official_detector,data34-3,ocsort,True,2596
20.576427602629018,5.683902378624115,2414,55,8,9.601113884417396,7.200847158489234,75,2.0030816640986133,182,0,0,0,True,8,0,True,180,confirmation38,237,aflink_cached_overlap_safe,237,237,official_detector,data34-3,ocsort,True,2596
20.754050902334008,5.683902378624115,2414,55,8,9.680746701451561,7.765619484645252,65,2.3882896764252695,182,0,0,61,True,8,0,True,180,confirmation38,237,com3d_reciprocal_guard,237,237,official_detector,data34-3,ocsort,True,2596
23.18775195283175,5.683902378624115,2414,55,8,10.460730689917874,10.377691493116838,26,3.8906009244992297,182,0,0,106,True,8,0,True,180,confirmation38,237,controlled_cost_greedy,237,237,official_detector,data34-3,ocsort,True,2596
22.859667607751565,5.683902378624115,2414,55,8,10.366100161163503,10.307094952347335,29,3.7750385208012327,182,0,0,83,True,8,0,True,180,confirmation38,237,controlled_cost_reciprocal,237,237,official_detector,data34-3,ocsort,True,2596
21.083198409473518,5.673453799119295,2414,55,8,9.777069259140362,7.977409106953759,58,2.657935285053929,182,0,0,102,True,8,0,True,180,confirmation38,237,geometry_greedy,237,237,official_detector,data34-3,ocsort,True,2596
23.458400440197078,5.683902378624115,2414,55,8,10.54815318751547,10.871867278503352,19,4.160246533127889,182,0,0,104,True,8,0,True,180,confirmation38,237,geometry_reid_greedy_guard,237,237,official_detector,data34-3,ocsort,True,2596
23.521962752241308,5.681731054481213,2414,55,8,10.567582874853173,10.942463819272856,18,4.198767334360555,182,0,0,106,True,8,0,True,180,confirmation38,237,geometry_reid_hungarian,237,237,official_detector,data34-3,ocsort,True,2596
20.576427602629018,5.683902378624115,2414,55,8,9.601113884417396,7.200847158489234,75,2.0030816640986133,182,0,0,0,True,8,0,True,180,confirmation38,237,no_refinement,237,237,official_detector,data34-3,ocsort,True,2596
63.09369938041907,22.96515300999816,13776,805,502,37.97545886690917,37.71025289158988,537,21.415947603701007,5462,0,1,0,True,8,0,True,597,confirmation38,6267,aflink_cached_native_dedup,6267,6267,official_detector,data36-10,bytetrack,True,19238
63.08891380769914,22.96430494351902,13776,805,502,37.9735885080612,37.71025289158988,537,21.415947603701007,5462,0,1,0,False,8,0,True,597,confirmation38,6267,aflink_cached_native_saved,6267,6267,official_detector,data36-10,bytetrack,False,19238
63.09369938041907,22.96515300999816,13776,805,502,37.97545886690917,37.71025289158988,537,21.415947603701007,5462,0,1,0,True,8,0,True,597,confirmation38,6267,aflink_cached_no_dedup,6267,6267,official_detector,data36-10,bytetrack,True,19238
63.09369938041907,22.96515300999816,13776,805,502,37.97545886690917,37.71025289158988,537,21.415947603701007,5462,0,1,0,True,8,0,True,597,confirmation38,6267,aflink_cached_overlap_safe,6267,6267,official_detector,data36-10,bytetrack,True,19238
63.1953618597478,22.96515300999816,13776,805,502,38.008197809161345,38.04744167810233,484,21.691444017049587,5462,0,1,203,True,8,0,True,597,confirmation38,6267,com3d_reciprocal_guard,6267,6267,official_detector,data36-10,bytetrack,True,19238
63.18811818066343,22.96515300999816,13776,805,502,38.01052296821872,37.91413448343462,434,21.951346293793534,5462,0,1,319,True,8,0,True,597,confirmation38,6267,controlled_cost_greedy,6267,6267,official_detector,data36-10,bytetrack,True,19238
63.19147872237608,22.96515300999816,13776,805,502,38.01152300834236,38.180748872770046,456,21.8369892920262,5462,0,1,214,True,8,0,True,597,confirmation38,6267,controlled_cost_reciprocal,6267,6267,official_detector,data36-10,bytetrack,True,19238
63.18808238966409,22.96515300999816,13776,805,502,38.006061590536085,37.81219368751225,450,21.868177565235474,5462,0,1,319,True,8,0,True,597,confirmation38,6267,geometry_greedy,6267,6267,official_detector,data36-10,bytetrack,True,19238
63.17162648094524,22.96515300999816,13776,805,502,38.00538113863895,37.89845128406195,427,21.987732612537688,5462,0,1,321,True,8,0,True,597,confirmation38,6267,geometry_reid_greedy_guard,6267,6267,official_detector,data36-10,bytetrack,True,19238
63.16697200602949,22.963835188849533,13776,805,502,38.00279300474862,37.969025681238975,453,21.852583428630833,5462,0,1,307,True,8,0,True,597,confirmation38,6267,geometry_reid_hungarian,6267,6267,official_detector,data36-10,bytetrack,True,19238
64.28707751699794,22.96515300999816,13776,805,502,38.33325901190199,38.180748872770046,537,21.415947603701007,5462,0,0,0,True,8,0,True,597,confirmation38,6267,no_refinement,6267,6267,official_detector,data36-10,bytetrack,True,19238
69.62121154126974,44.71004172484923,7611,1008,800,54.365252736388484,67.43011326200859,149,54.42353675018193,11627,0,1,8,True,8,0,True,409,confirmation38,12635,aflink_cached_native_dedup,12635,12635,official_detector,data36-10,deepocsort,True,19238
69.62474927518262,44.71225897885314,7609,1006,799,54.367654918787665,67.44266306905531,149,54.444328932321454,11629,0,1,8,False,8,0,True,409,confirmation38,12635,aflink_cached_native_saved,12635,12635,official_detector,data36-10,deepocsort,False,19238
69.62121154126974,44.71004172484923,7611,1008,800,54.365252736388484,67.43011326200859,149,54.42353675018193,11627,0,1,8,True,8,0,True,409,confirmation38,12635,aflink_cached_no_dedup,12635,12635,official_detector,data36-10,deepocsort,True,19238
69.62121154126974,44.71004172484923,7611,1008,800,54.365252736388484,67.43011326200859,149,54.42353675018193,11627,0,1,8,True,8,0,True,409,confirmation38,12635,aflink_cached_overlap_safe,12635,12635,official_detector,data36-10,deepocsort,True,19238
69.44003299475456,44.71175986074511,7611,1008,800,54.291423069791236,66.97204530480344,135,54.49630938767024,11627,0,1,106,True,8,0,True,409,confirmation38,12635,com3d_reciprocal_guard,12635,12635,official_detector,data36-10,deepocsort,True,19238
68.89915924652651,44.72224257700144,7611,1008,800,54.04853678361907,65.97433564458946,121,54.569082025158544,11627,0,2,153,True,8,0,True,409,confirmation38,12635,controlled_cost_greedy,12635,12635,official_detector,data36-10,deepocsort,True,19238
69.50953349566133,44.7167404454064,7611,1008,800,54.31950376513335,67.02851943651366,124,54.55348788855391,11627,0,2,105,True,8,0,True,409,confirmation38,12635,controlled_cost_reciprocal,12635,12635,official_detector,data36-10,deepocsort,True,19238
68.76388431248301,44.72143268602565,7611,1008,800,53.9932351786983,65.88021209173908,133,54.50670547873999,11627,0,2,149,True,8,0,True,409,confirmation38,12635,geometry_greedy,12635,12635,official_detector,data36-10,deepocsort,True,19238
69.30623381619625,44.71324766626284,7611,1008,800,54.227226907913405,66.24415649609388,120,54.57428007069341,11627,0,1,154,True,8,0,True,409,confirmation38,12635,geometry_reid_greedy_guard,12635,12635,official_detector,data36-10,deepocsort,True,19238
68.77129306234607,44.71504491236183,7611,1008,800,53.987823191940386,65.71706460013176,123,54.55868593408878,11627,0,2,150,True,8,0,True,409,confirmation38,12635,geometry_reid_hungarian,12635,12635,official_detector,data36-10,deepocsort,True,19238
70.77116201592662,44.71004172484923,7611,1008,800,54.80488625652155,67.92583064035391,150,54.41833870464705,11627,0,0,0,True,8,0,True,409,confirmation38,12635,no_refinement,12635,12635,official_detector,data36-10,deepocsort,True,19238
82.03755636664253,23.541750921685665,14217,297,57,43.929258849106276,38.9314220557094,125,23.905811414907994,5021,0,1,0,True,8,0,True,316,confirmation38,5318,aflink_cached_native_dedup,5318,5318,official_detector,data36-10,ocsort,True,19238
82.03839447501748,23.543895067208755,14216,296,57,43.93158116020896,38.93956670467503,125,23.916207505977752,5022,0,1,0,False,8,0,True,316,confirmation38,5318,aflink_cached_native_saved,5318,5318,official_detector,data36-10,ocsort,False,19238
82.03755636664253,23.541750921685665,14217,297,57,43.929258849106276,38.9314220557094,125,23.905811414907994,5021,0,1,0,True,8,0,True,316,confirmation38,5318,aflink_cached_no_dedup,5318,5318,official_detector,data36-10,ocsort,True,19238
82.03755636664253,23.541750921685665,14217,297,57,43.929258849106276,38.9314220557094,125,23.905811414907994,5021,0,1,0,True,8,0,True,316,confirmation38,5318,aflink_cached_overlap_safe,5318,5318,official_detector,data36-10,ocsort,True,19238
82.25506646844264,23.54141035369671,14217,297,57,43.98770433291732,39.45267958950969,68,24.20210001039609,5021,1,1,114,True,8,0,True,316,confirmation38,5318,com3d_reciprocal_guard,5318,5318,official_detector,data36-10,ocsort,True,19238
82.3740772435006,23.53869634270725,14217,297,57,44.0173427707036,39.631861866753546,45,24.321655057698305,5021,2,1,148,True,8,0,True,316,confirmation38,5318,controlled_cost_greedy,5318,5318,official_detector,data36-10,ocsort,True,19238
82.40212386895985,23.541750921685665,14217,297,57,44.027674811816894,39.59928327089102,52,24.28526873895415,5021,2,1,122,True,8,0,True,316,confirmation38,5318,controlled_cost_reciprocal,5318,5318,official_detector,data36-10,ocsort,True,19238
82.29944177811802,23.539366980698333,14217,297,57,43.99796499400657,39.509692132269095,57,24.25927851127976,5021,2,1,149,True,8,0,True,316,confirmation38,5318,geometry_greedy,5318,5318,official_detector,data36-10,ocsort,True,19238
82.38120212443813,23.53869634270725,14217,297,57,44.01926742060122,39.65629581365043,45,24.321655057698305,5021,2,1,147,True,8,0,True,316,confirmation38,5318,geometry_reid_greedy_guard,5318,5318,official_detector,data36-10,ocsort,True,19238
82.4201051243663,23.53869634270725,14217,297,57,44.02972328313533,39.607427919856654,47,24.31125896662855,5021,2,1,146,True,8,0,True,316,confirmation38,5318,geometry_reid_hungarian,5318,5318,official_detector,data36-10,ocsort,True,19238
83.60880090077048,23.541750921685665,14217,297,57,44.348535562533144,39.46896888744095,125,23.905811414907994,5021,0,0,0,True,8,0,True,316,confirmation38,5318,no_refinement,5318,5318,official_detector,data36-10,ocsort,True,19238
72.33360659411744,23.037661166314006,6373,349,92,40.73557902703738,40.909090909090914,96,23.27256358316453,2513,0,0,0,True,8,0,True,207,confirmation38,2862,aflink_cached_native_dedup,2862,2862,official_detector,data36-11,bytetrack,True,8886
72.33592623415377,23.037919911920994,6373,349,92,40.73667126129229,40.909090909090914,96,23.27256358316453,2513,0,0,0,False,8,0,True,207,confirmation38,2862,aflink_cached_native_saved,2862,2862,official_detector,data36-11,bytetrack,False,8886
72.33360659411744,23.037661166314006,6373,349,92,40.73557902703738,40.909090909090914,96,23.27256358316453,2513,0,0,0,True,8,0,True,207,confirmation38,2862,aflink_cached_no_dedup,2862,2862,official_detector,data36-11,bytetrack,True,8886
72.33360659411744,23.037661166314006,6373,349,92,40.73557902703738,40.909090909090914,96,23.27256358316453,2513,0,0,0,True,8,0,True,207,confirmation38,2862,aflink_cached_overlap_safe,2862,2862,official_detector,data36-11,bytetrack,True,8886
71.97685716043473,23.037661166314006,6373,349,92,40.634500840149904,40.943139257746,90,23.340085527796532,2513,0,0,38,True,8,0,True,207,confirmation38,2862,com3d_reciprocal_guard,2862,2862,official_detector,data36-11,bytetrack,True,8886
71.69358464394081,23.03617224775954,6373,349,92,40.55547553612702,40.68777664283282,80,23.45262210218321,2513,0,0,52,True,8,0,True,207,confirmation38,2862,controlled_cost_greedy,2862,2862,official_detector,data36-11,bytetrack,True,8886
72.10281870435044,23.037661166314006,6373,349,92,40.67305048436714,41.028260129383725,85,23.39635381498987,2513,0,0,38,True,8,0,True,207,confirmation38,2862,controlled_cost_reciprocal,2862,2862,official_detector,data36-11,bytetrack,True,8886
71.64380706901143,23.03617224775954,6373,349,92,40.53881772808481,40.61967994552264,80,23.45262210218321,2513,0,0,53,True,8,0,True,207,confirmation38,2862,geometry_greedy,2862,2862,official_detector,data36-11,bytetrack,True,8886
71.72958252630299,23.03617224775954,6373,349,92,40.565754166650194,40.68777664283282,79,23.463875759621878,2513,0,0,53,True,8,0,True,207,confirmation38,2862,geometry_reid_greedy_guard,2862,2862,official_detector,data36-11,bytetrack,True,8886
72.09513872593286,23.037661166314006,6373,349,92,40.67081992589702,40.994211780728634,85,23.39635381498987,2513,0,0,50,True,8,0,True,207,confirmation38,2862,geometry_reid_hungarian,2862,2862,official_detector,data36-11,bytetrack,True,8886
72.33360659411744,23.037661166314006,6373,349,92,40.73557902703738,40.909090909090914,96,23.27256358316453,2513,0,0,0,True,8,0,True,207,confirmation38,2862,no_refinement,2862,2862,official_detector,data36-11,bytetrack,True,8886
74.6586711888428,37.84800987440574,4464,603,316,51.915332680167396,61.692186039824605,43,42.493810488408734,4422,0,0,1,True,8,0,True,228,confirmation38,5025,aflink_cached_native_dedup,5025,5025,official_detector,data36-11,deepocsort,True,8886
74.63917396601782,37.846877307145036,4466,605,316,51.910537378153435,61.663431816548055,43,42.448795858654066,4420,0,0,1,False,8,0,True,228,confirmation38,5025,aflink_cached_native_saved,5025,5025,official_detector,data36-11,deepocsort,False,8886
74.6586711888428,37.84800987440574,4464,603,316,51.915332680167396,61.692186039824605,43,42.493810488408734,4422,0,0,1,True,8,0,True,228,confirmation38,5025,aflink_cached_no_dedup,5025,5025,official_detector,data36-11,deepocsort,True,8886
74.6586711888428,37.84800987440574,4464,603,316,51.915332680167396,61.692186039824605,43,42.493810488408734,4422,0,0,1,True,8,0,True,228,confirmation38,5025,aflink_cached_overlap_safe,5025,5025,official_detector,data36-11,deepocsort,True,8886
74.33985910211304,37.815568103560395,4464,603,316,51.76751740858542,60.915822011357925,41,42.51631780328607,4422,0,0,38,True,8,0,True,228,confirmation38,5025,com3d_reciprocal_guard,5025,5025,official_detector,data36-11,deepocsort,True,8886
74.19785266238638,37.82174056556424,4464,603,316,51.71269261856014,60.383868880741865,40,42.52757146072474,4422,0,0,46,True,8,0,True,228,confirmation38,5025,controlled_cost_greedy,5025,5025,official_detector,data36-11,deepocsort,True,8886
74.34967045282355,37.815568103560395,4464,603,316,51.77054083794504,60.887067788081374,40,42.52757146072474,4422,0,0,37,True,8,0,True,228,confirmation38,5025,controlled_cost_reciprocal,5025,5025,official_detector,data36-11,deepocsort,True,8886
74.17960422528861,37.815568103560395,4464,603,316,51.703073279534486,60.556394220401124,41,42.51631780328607,4422,0,0,50,True,8,0,True,228,confirmation38,5025,geometry_greedy,5025,5025,official_detector,data36-11,deepocsort,True,8886
74.22427132558987,37.82174056556424,4464,603,316,51.72411167200476,60.52763999712458,40,42.52757146072474,4422,0,0,48,True,8,0,True,228,confirmation38,5025,geometry_reid_greedy_guard,5025,5025,official_detector,data36-11,deepocsort,True,8886
74.25114303721824,37.815568103560395,4464,603,316,51.73067607791681,60.62827977859248,41,42.51631780328607,4422,0,0,46,True,8,0,True,228,confirmation38,5025,geometry_reid_hungarian,5025,5025,official_detector,data36-11,deepocsort,True,8886
74.7080777755922,37.84800987440574,4464,603,316,51.93494569903561,61.864711379483865,43,42.493810488408734,4422,0,0,0,True,8,0,True,228,confirmation38,5025,no_refinement,5025,5025,official_detector,data36-11,deepocsort,True,8886
80.20502844506254,25.22093573946004,6354,248,26,44.866112648426956,41.14520829761701,127,24.274139095205943,2532,0,0,0,True,8,0,True,321,confirmation38,2780,aflink_cached_native_dedup,2780,2780,official_detector,data36-11,ocsort,True,8886
80.18906648625101,25.219980767787153,6354,248,26,44.86148816074257,41.14520829761701,127,24.274139095205943,2532,0,0,0,False,8,0,True,321,confirmation38,2780,aflink_cached_native_saved,2780,2780,official_detector,data36-11,ocsort,False,8886
80.20502844506254,25.22093573946004,6354,248,26,44.866112648426956,41.14520829761701,127,24.274139095205943,2532,0,0,0,True,8,0,True,321,confirmation38,2780,aflink_cached_no_dedup,2780,2780,official_detector,data36-11,ocsort,True,8886
80.20502844506254,25.22093573946004,6354,248,26,44.866112648426956,41.14520829761701,127,24.274139095205943,2532,0,0,0,True,8,0,True,321,confirmation38,2780,aflink_cached_overlap_safe,2780,2780,official_detector,data36-11,ocsort,True,8886
80.36577314280846,25.21571927616457,6354,248,26,44.90893396975385,41.77953025887193,84,24.758046365068648,2532,0,0,106,True,8,0,True,321,confirmation38,2780,com3d_reciprocal_guard,2780,2780,official_detector,data36-11,ocsort,True,8886
80.58533331144125,25.214970532225745,6354,248,26,44.972789898251484,42.68815360877765,31,25.354490209318026,2532,0,0,162,True,8,0,True,321,confirmation38,2780,controlled_cost_greedy,2780,2780,official_detector,data36-11,ocsort,True,8886
80.5651653942821,25.214970532225745,6354,248,26,44.96685072366643,42.5852905880336,38,25.27571460724736,2532,0,0,136,True,8,0,True,321,confirmation38,2780,controlled_cost_reciprocal,2780,2780,official_detector,data36-11,ocsort,True,8886
80.39782310827916,25.21423466609873,6354,248,26,44.91709996125914,41.98525630036002,75,24.859329282016656,2532,0,0,159,True,8,0,True,321,confirmation38,2780,geometry_greedy,2780,2780,official_detector,data36-11,ocsort,True,8886
80.60285950496629,25.214970532225745,6354,248,26,44.977947656471784,42.70529744556832,36,25.298221922124693,2532,0,0,162,True,8,0,True,321,confirmation38,2780,geometry_reid_greedy_guard,2780,2780,official_detector,data36-11,ocsort,True,8886
80.62063272090363,25.21423466609873,6354,248,26,44.98250818819812,42.791016629521685,24,25.4332658113887,2532,0,0,164,True,8,0,True,321,confirmation38,2780,geometry_reid_hungarian,2780,2780,official_detector,data36-11,ocsort,True,8886
80.20502844506254,25.22093573946004,6354,248,26,44.866112648426956,41.14520829761701,127,24.274139095205943,2532,0,0,0,True,8,0,True,321,confirmation38,2780,no_refinement,2780,2780,official_detector,data36-11,ocsort,True,8886
55.344453711345885,38.693656027502215,1843,565,42,46.2122528578983,52.95950155763239,46,36.243180046765396,2006,0,0,0,True,8,0,True,99,confirmation38,2571,aflink_cached_native_dedup,2571,2571,official_detector,data36-12,bytetrack,True,3849
55.331857505566404,38.68801274882834,1843,565,42,46.20464717766848,52.95950155763239,46,36.243180046765396,2006,0,0,0,False,8,0,True,99,confirmation38,2571,aflink_cached_native_saved,2571,2571,official_detector,data36-12,bytetrack,False,3849
55.344453711345885,38.693656027502215,1843,565,42,46.2122528578983,52.95950155763239,46,36.243180046765396,2006,0,0,0,True,8,0,True,99,confirmation38,2571,aflink_cached_no_dedup,2571,2571,official_detector,data36-12,bytetrack,True,3849
55.344453711345885,38.693656027502215,1843,565,42,46.2122528578983,52.95950155763239,46,36.243180046765396,2006,0,0,0,True,8,0,True,99,confirmation38,2571,aflink_cached_overlap_safe,2571,2571,official_detector,data36-12,bytetrack,True,3849
54.37676510177576,38.693656027502215,1843,565,42,45.807592169160586,52.80373831775701,38,36.45102624058197,2006,0,2,24,True,8,0,True,99,confirmation38,2571,com3d_reciprocal_guard,2571,2571,official_detector,data36-12,bytetrack,True,3849
54.111613708635495,38.693656027502215,1843,565,42,45.69773931960015,52.80373831775701,38,36.45102624058197,2006,0,2,27,True,8,0,True,99,confirmation38,2571,controlled_cost_greedy,2571,2571,official_detector,data36-12,bytetrack,True,3849
54.33470395038125,38.693656027502215,1843,565,42,45.79340318206618,52.80373831775701,38,36.45102624058197,2006,0,2,25,True,8,0,True,99,confirmation38,2571,controlled_cost_reciprocal,2571,2571,official_detector,data36-12,bytetrack,True,3849
54.27977270983468,38.693656027502215,1843,565,42,45.76811452141798,52.80373831775701,38,36.45102624058197,2006,0,2,27,True,8,0,True,99,confirmation38,2571,geometry_greedy,2571,2571,official_detector,data36-12,bytetrack,True,3849
54.3573671929291,38.693656027502215,1843,565,42,45.80169035449156,52.80373831775701,38,36.45102624058197,2006,0,2,27,True,8,0,True,99,confirmation38,2571,geometry_reid_greedy_guard,2571,2571,official_detector,data36-12,bytetrack,True,3849
54.111613708635495,38.693656027502215,1843,565,42,45.69773931960015,52.80373831775701,38,36.45102624058197,2006,0,2,27,True,8,0,True,99,confirmation38,2571,geometry_reid_hungarian,2571,2571,official_detector,data36-12,bytetrack,True,3849
55.344453711345885,38.693656027502215,1843,565,42,46.2122528578983,52.95950155763239,46,36.243180046765396,2006,0,0,0,True,8,0,True,99,confirmation38,2571,no_refinement,2571,2571,official_detector,data36-12,bytetrack,True,3849
79.47719179722256,45.168476681504025,1654,452,42,59.81434241849715,66.8411330049261,4,45.18056638087815,2195,0,0,0,True,8,0,True,51,confirmation38,2647,aflink_cached_native_dedup,2647,2647,official_detector,data36-12,deepocsort,True,3849
79.48006584948767,45.16537916853882,1654,452,42,59.81242989181508,66.8411330049261,4,45.18056638087815,2195,0,0,0,False,8,0,True,51,confirmation38,2647,aflink_cached_native_saved,2647,2647,official_detector,data36-12,deepocsort,False,3849
79.47719179722256,45.168476681504025,1654,452,42,59.81434241849715,66.8411330049261,4,45.18056638087815,2195,0,0,0,True,8,0,True,51,confirmation38,2647,aflink_cached_no_dedup,2647,2647,official_detector,data36-12,deepocsort,True,3849
79.47719179722256,45.168476681504025,1654,452,42,59.81434241849715,66.8411330049261,4,45.18056638087815,2195,0,0,0,True,8,0,True,51,confirmation38,2647,aflink_cached_overlap_safe,2647,2647,official_detector,data36-12,deepocsort,True,3849
79.46617430256372,45.168476681504025,1654,452,42,59.81006758367053,66.7795566502463,4,45.18056638087815,2195,0,0,1,True,8,0,True,51,confirmation38,2647,com3d_reciprocal_guard,2647,2647,official_detector,data36-12,deepocsort,True,3849
79.46617430256372,45.168476681504025,1654,452,42,59.81006758367053,66.7795566502463,4,45.18056638087815,2195,0,0,1,True,8,0,True,51,confirmation38,2647,controlled_cost_greedy,2647,2647,official_detector,data36-12,deepocsort,True,3849
79.46617430256372,45.168476681504025,1654,452,42,59.81006758367053,66.7795566502463,4,45.18056638087815,2195,0,0,1,True,8,0,True,51,confirmation38,2647,controlled_cost_reciprocal,2647,2647,official_detector,data36-12,deepocsort,True,3849
79.46617430256372,45.168476681504025,1654,452,42,59.81006758367053,66.7795566502463,4,45.18056638087815,2195,0,0,1,True,8,0,True,51,confirmation38,2647,geometry_greedy,2647,2647,official_detector,data36-12,deepocsort,True,3849
79.46617430256372,45.168476681504025,1654,452,42,59.81006758367053,66.7795566502463,4,45.18056638087815,2195,0,0,1,True,8,0,True,51,confirmation38,2647,geometry_reid_greedy_guard,2647,2647,official_detector,data36-12,deepocsort,True,3849
79.46617430256372,45.168476681504025,1654,452,42,59.81006758367053,66.7795566502463,4,45.18056638087815,2195,0,0,1,True,8,0,True,51,confirmation38,2647,geometry_reid_hungarian,2647,2647,official_detector,data36-12,deepocsort,True,3849
79.47719179722256,45.168476681504025,1654,452,42,59.81434241849715,66.8411330049261,4,45.18056638087815,2195,0,0,0,True,8,0,True,51,confirmation38,2647,no_refinement,2647,2647,official_detector,data36-12,deepocsort,True,3849
62.33181831349863,41.68970926272785,1850,460,45,50.90746826574964,53.519340519974634,45,38.81527669524552,1999,0,0,0,True,8,0,True,87,confirmation38,2459,aflink_cached_native_dedup,2459,2459,official_detector,data36-12,ocsort,True,3849
62.3400961095372,41.685045200465744,1850,460,45,50.906701083198435,53.519340519974634,45,38.81527669524552,1999,0,0,0,False,8,0,True,87,confirmation38,2459,aflink_cached_native_saved,2459,2459,official_detector,data36-12,ocsort,False,3849
62.33181831349863,41.68970926272785,1850,460,45,50.90746826574964,53.519340519974634,45,38.81527669524552,1999,0,0,0,True,8,0,True,87,confirmation38,2459,aflink_cached_no_dedup,2459,2459,official_detector,data36-12,ocsort,True,3849
62.33181831349863,41.68970926272785,1850,460,45,50.90746826574964,53.519340519974634,45,38.81527669524552,1999,0,0,0,True,8,0,True,87,confirmation38,2459,aflink_cached_overlap_safe,2459,2459,official_detector,data36-12,ocsort,True,3849
62.43517887420793,41.68970926272785,1850,460,45,50.951353842565815,53.804692454026636,38,38.99714211483502,1999,1,1,21,True,8,0,True,87,confirmation38,2459,com3d_reciprocal_guard,2459,2459,official_detector,data36-12,ocsort,True,3849
62.43725199734339,41.68970926272785,1850,460,45,50.952213522783865,53.868103994927075,36,39.049103663289166,1999,1,1,23,True,8,0,True,87,confirmation38,2459,controlled_cost_greedy,2459,2459,official_detector,data36-12,ocsort,True,3849
62.43725881550341,41.68970926272785,1850,460,45,50.95221635082318,53.868103994927075,36,39.049103663289166,1999,1,1,22,True,8,0,True,87,confirmation38,2459,controlled_cost_reciprocal,2459,2459,official_detector,data36-12,ocsort,True,3849
62.28659964139888,41.68970926272785,1850,460,45,50.89165103843203,53.868103994927075,37,39.023122889062094,1999,1,2,23,True,8,0,True,87,confirmation38,2459,geometry_greedy,2459,2459,official_detector,data36-12,ocsort,True,3849
62.490633835909485,41.68970926272785,1850,460,45,50.97399450206562,53.868103994927075,37,39.023122889062094,1999,1,1,23,True,8,0,True,87,confirmation38,2459,geometry_reid_greedy_guard,2459,2459,official_detector,data36-12,ocsort,True,3849
62.43725199734339,41.68970926272785,1850,460,45,50.952213522783865,53.868103994927075,36,39.049103663289166,1999,1,1,23,True,8,0,True,87,confirmation38,2459,geometry_reid_hungarian,2459,2459,official_detector,data36-12,ocsort,True,3849
62.33181831349863,41.68970926272785,1850,460,45,50.90746826574964,53.519340519974634,45,38.81527669524552,1999,0,0,0,True,8,0,True,87,confirmation38,2459,no_refinement,2459,2459,official_detector,data36-12,ocsort,True,3849
63.5811612554328,53.86335715276621,541,99,26,58.480768155965904,69.1468890314304,36,62.022471910112365,1239,1,0,0,True,8,0,True,55,confirmation38,1338,aflink_cached_native_dedup,1338,1338,official_detector,data36-13,bytetrack,True,1780
63.5784914757512,53.85830636832577,541,99,26,58.476728072078245,69.1468890314304,36,62.022471910112365,1239,1,0,0,False,8,0,True,55,confirmation38,1338,aflink_cached_native_saved,1338,1338,official_detector,data36-13,bytetrack,False,1780
63.5811612554328,53.86335715276621,541,99,26,58.480768155965904,69.1468890314304,36,62.022471910112365,1239,1,0,0,True,8,0,True,55,confirmation38,1338,aflink_cached_no_dedup,1338,1338,official_detector,data36-13,bytetrack,True,1780
63.5811612554328,53.86335715276621,541,99,26,58.480768155965904,69.1468890314304,36,62.022471910112365,1239,1,0,0,True,8,0,True,55,confirmation38,1338,aflink_cached_overlap_safe,1338,1338,official_detector,data36-13,bytetrack,True,1780
64.51071978152885,53.7711084032958,541,99,26,58.85999901630677,70.87876844130852,28,62.47191011235955,1239,2,1,13,True,8,0,True,55,confirmation38,1338,com3d_reciprocal_guard,1338,1338,official_detector,data36-13,bytetrack,True,1780
66.5205633740383,53.7711084032958,541,99,26,59.771060846681,72.28992944194997,23,62.752808988764045,1239,4,1,13,True,8,0,True,55,confirmation38,1338,controlled_cost_greedy,1338,1338,official_detector,data36-13,bytetrack,True,1780
66.41566183654693,53.7711084032958,541,99,26,59.72302575724554,71.8409236690186,24,62.69662921348315,1239,4,1,12,True,8,0,True,55,confirmation38,1338,controlled_cost_reciprocal,1338,1338,official_detector,data36-13,bytetrack,True,1780
64.61880350908827,53.7711084032958,541,99,26,58.91023000562273,71.39191789608724,26,62.58426966292134,1239,2,1,15,True,8,0,True,55,confirmation38,1338,geometry_greedy,1338,1338,official_detector,data36-13,bytetrack,True,1780
66.5205633740383,53.7711084032958,541,99,26,59.771060846681,72.28992944194997,23,62.752808988764045,1239,4,1,13,True,8,0,True,55,confirmation38,1338,geometry_reid_greedy_guard,1338,1338,official_detector,data36-13,bytetrack,True,1780
66.41566183654693,53.7711084032958,541,99,26,59.72302575724554,71.8409236690186,24,62.69662921348315,1239,4,1,12,True,8,0,True,55,confirmation38,1338,geometry_reid_hungarian,1338,1338,official_detector,data36-13,bytetrack,True,1780
62.19488691733709,53.86335715276621,541,99,26,57.83167497957511,67.60744066709428,37,61.966292134831455,1239,0,0,0,True,8,0,True,55,confirmation38,1338,no_refinement,1338,1338,official_detector,data36-13,bytetrack,True,1780
82.32560521620405,61.11215803763096,490,98,27,70.7784111161654,78.8510101010101,9,66.46067415730337,1290,0,0,0,True,8,0,True,28,confirmation38,1388,aflink_cached_native_dedup,1388,1388,official_detector,data36-13,deepocsort,True,1780
82.31865373591067,61.10605240699213,490,98,27,70.77233843784614,78.8510101010101,9,66.46067415730337,1290,0,0,0,False,8,0,True,28,confirmation38,1388,aflink_cached_native_saved,1388,1388,official_detector,data36-13,deepocsort,False,1780
82.32560521620405,61.11215803763096,490,98,27,70.7784111161654,78.8510101010101,9,66.46067415730337,1290,0,0,0,True,8,0,True,28,confirmation38,1388,aflink_cached_no_dedup,1388,1388,official_detector,data36-13,deepocsort,True,1780
82.32560521620405,61.11215803763096,490,98,27,70.7784111161654,78.8510101010101,9,66.46067415730337,1290,0,0,0,True,8,0,True,28,confirmation38,1388,aflink_cached_overlap_safe,1388,1388,official_detector,data36-13,deepocsort,True,1780
84.31209552400283,61.11215803763096,490,98,27,71.63368403768143,80.3030303030303,6,66.62921348314606,1290,2,0,2,True,8,0,True,28,confirmation38,1388,com3d_reciprocal_guard,1388,1388,official_detector,data36-13,deepocsort,True,1780
84.31844551760021,61.11215803763096,490,98,27,71.63646451279769,80.36616161616162,5,66.68539325842696,1290,2,0,3,True,8,0,True,28,confirmation38,1388,controlled_cost_greedy,1388,1388,official_detector,data36-13,deepocsort,True,1780
84.31844551760021,61.11215803763096,490,98,27,71.63646451279769,80.36616161616162,5,66.68539325842696,1290,2,0,3,True,8,0,True,28,confirmation38,1388,controlled_cost_reciprocal,1388,1388,official_detector,data36-13,deepocsort,True,1780
84.31844551760021,61.11215803763096,490,98,27,71.63646451279769,80.36616161616162,5,66.68539325842696,1290,2,0,3,True,8,0,True,28,confirmation38,1388,geometry_greedy,1388,1388,official_detector,data36-13,deepocsort,True,1780
84.31844551760021,61.11215803763096,490,98,27,71.63646451279769,80.36616161616162,5,66.68539325842696,1290,2,0,3,True,8,0,True,28,confirmation38,1388,geometry_reid_greedy_guard,1388,1388,official_detector,data36-13,deepocsort,True,1780
84.31844551760021,61.11215803763096,490,98,27,71.63646451279769,80.36616161616162,5,66.68539325842696,1290,2,0,3,True,8,0,True,28,confirmation38,1388,geometry_reid_hungarian,1388,1388,official_detector,data36-13,deepocsort,True,1780
82.32560521620405,61.11215803763096,490,98,27,70.7784111161654,78.8510101010101,9,66.46067415730337,1290,0,0,0,True,8,0,True,28,confirmation38,1388,no_refinement,1388,1388,official_detector,data36-13,deepocsort,True,1780
75.68135326138518,57.29250609830031,595,102,20,65.76982614653724,69.18813172481252,23,59.55056179775281,1185,0,0,0,True,8,0,True,51,confirmation38,1287,aflink_cached_native_dedup,1287,1287,official_detector,data36-13,ocsort,True,1780
75.66652695231109,57.29039087795126,595,102,20,65.76314140325292,69.18813172481252,23,59.55056179775281,1185,0,0,0,False,8,0,True,51,confirmation38,1287,aflink_cached_native_saved,1287,1287,official_detector,data36-13,ocsort,False,1780
75.68135326138518,57.29250609830031,595,102,20,65.76982614653724,69.18813172481252,23,59.55056179775281,1185,0,0,0,True,8,0,True,51,confirmation38,1287,aflink_cached_no_dedup,1287,1287,official_detector,data36-13,ocsort,True,1780
75.68135326138518,57.29250609830031,595,102,20,65.76982614653724,69.18813172481252,23,59.55056179775281,1185,0,0,0,True,8,0,True,51,confirmation38,1287,aflink_cached_overlap_safe,1287,1287,official_detector,data36-13,ocsort,True,1780
75.28010462220755,57.29250609830031,595,102,20,65.59381849524904,69.44897293772416,19,59.7752808988764,1185,0,0,16,True,8,0,True,51,confirmation38,1287,com3d_reciprocal_guard,1287,1287,official_detector,data36-13,ocsort,True,1780
76.97435237175462,57.29250609830031,595,102,20,66.33088549015652,70.10107597000325,17,59.88764044943821,1185,1,0,16,True,8,0,True,51,confirmation38,1287,controlled_cost_greedy,1287,1287,official_detector,data36-13,ocsort,True,1780
76.97439980786443,57.29250609830031,595,102,20,66.33090648092785,70.10107597000325,17,59.88764044943821,1185,1,0,15,True,8,0,True,51,confirmation38,1287,controlled_cost_reciprocal,1287,1287,official_detector,data36-13,ocsort,True,1780
75.28008148264178,57.29250609830031,595,102,20,65.59380813439878,69.44897293772416,19,59.7752808988764,1185,0,0,17,True,8,0,True,51,confirmation38,1287,geometry_greedy,1287,1287,official_detector,data36-13,ocsort,True,1780
76.97435237175462,57.29250609830031,595,102,20,66.33088549015652,70.10107597000325,17,59.88764044943821,1185,1,0,16,True,8,0,True,51,confirmation38,1287,geometry_reid_greedy_guard,1287,1287,official_detector,data36-13,ocsort,True,1780
76.97814684382422,57.29250609830031,595,102,20,66.33256474505535,70.10107597000325,17,59.88764044943821,1185,1,0,16,True,8,0,True,51,confirmation38,1287,geometry_reid_hungarian,1287,1287,official_detector,data36-13,ocsort,True,1780
75.68135326138518,57.29250609830031,595,102,20,65.76982614653724,69.18813172481252,23,59.55056179775281,1185,0,0,0,True,8,0,True,51,confirmation38,1287,no_refinement,1287,1287,official_detector,data36-13,ocsort,True,1780
44.59078046869991,36.21375714333645,6735,805,772,39.7526898447026,42.56817055032226,832,35.84674329501916,6315,2,1,5,True,8,0,True,821,confirmation38,7120,aflink_cached_native_dedup,7120,7120,official_detector,data36-4,bytetrack,True,13050
44.59004925119394,36.21348889038241,6736,806,772,39.752971218781354,42.558254833911754,832,35.83141762452107,6314,2,1,5,False,8,0,True,821,confirmation38,7120,aflink_cached_native_saved,7120,7120,official_detector,data36-4,bytetrack,False,13050
44.59078046869991,36.21375714333645,6735,805,772,39.7526898447026,42.56817055032226,832,35.84674329501916,6315,2,1,5,True,8,0,True,821,confirmation38,7120,aflink_cached_no_dedup,7120,7120,official_detector,data36-4,bytetrack,True,13050
44.59078046869991,36.21375714333645,6735,805,772,39.7526898447026,42.56817055032226,832,35.84674329501916,6315,2,1,5,True,8,0,True,821,confirmation38,7120,aflink_cached_overlap_safe,7120,7120,official_detector,data36-4,bytetrack,True,13050
48.045929482390754,36.21939736785457,6735,805,772,41.31742788460516,45.880019831432826,633,37.371647509578544,6315,9,2,324,True,8,0,True,821,confirmation38,7120,com3d_reciprocal_guard,7120,7120,official_detector,data36-4,bytetrack,True,13050
49.19215494753721,36.21405185689561,6735,805,772,41.82855477999157,48.19038175508181,459,38.70498084291188,6315,10,2,499,True,8,0,True,821,confirmation38,7120,controlled_cost_greedy,7120,7120,official_detector,data36-4,bytetrack,True,13050
48.63840912045093,36.224191683137306,6735,805,772,41.586003457275694,47.03024293505206,554,37.97701149425287,6315,8,2,372,True,8,0,True,821,confirmation38,7120,controlled_cost_reciprocal,7120,7120,official_detector,data36-4,bytetrack,True,13050
47.848882326726375,36.2216936893566,6735,805,772,41.23591565242031,46.871591472483885,525,38.19923371647509,6315,11,3,492,True,8,0,True,821,confirmation38,7120,geometry_greedy,7120,7120,official_detector,data36-4,bytetrack,True,13050
49.4163438312996,36.20796665191253,6735,805,772,41.92472946301254,48.70599900842836,481,38.53639846743295,6315,12,2,488,True,8,0,True,821,confirmation38,7120,geometry_reid_greedy_guard,7120,7120,official_detector,data36-4,bytetrack,True,13050
48.84716757786668,36.22534814811917,6735,805,772,41.67932179773204,47.39712444224095,546,38.03831417624521,6315,10,3,470,True,8,0,True,821,confirmation38,7120,geometry_reid_hungarian,7120,7120,official_detector,data36-4,bytetrack,True,13050
43.77632039260631,36.22923821010871,6735,805,772,39.393703854971996,41.82449181953396,836,35.81609195402299,6315,0,0,0,True,8,0,True,821,confirmation38,7120,no_refinement,7120,7120,official_detector,data36-4,bytetrack,True,13050
72.2336442343487,54.80825196817044,3891,803,427,62.18147373747159,75.86476620893447,63,63.54789272030651,9159,0,1,4,True,8,0,True,169,confirmation38,9962,aflink_cached_native_dedup,9962,9962,official_detector,data36-4,deepocsort,True,13050
72.23253459450247,54.80839663086542,3891,803,427,62.18089205105532,75.86476620893447,63,63.54789272030651,9159,0,1,4,False,8,0,True,169,confirmation38,9962,aflink_cached_native_saved,9962,9962,official_detector,data36-4,deepocsort,False,13050
72.2336442343487,54.80825196817044,3891,803,427,62.18147373747159,75.86476620893447,63,63.54789272030651,9159,0,1,4,True,8,0,True,169,confirmation38,9962,aflink_cached_no_dedup,9962,9962,official_detector,data36-4,deepocsort,True,13050
72.2336442343487,54.80825196817044,3891,803,427,62.18147373747159,75.86476620893447,63,63.54789272030651,9159,0,1,4,True,8,0,True,169,confirmation38,9962,aflink_cached_overlap_safe,9962,9962,official_detector,data36-4,deepocsort,True,13050
72.25345866664395,54.8016511503423,3891,803,427,62.186333535623106,76.05597079784461,49,63.6551724137931,9159,3,4,33,True,8,0,True,169,confirmation38,9962,com3d_reciprocal_guard,9962,9962,official_detector,data36-4,deepocsort,True,13050
72.59987746697568,54.79673966216041,3891,803,427,62.33246843898533,76.04727968016687,39,63.73180076628352,9159,4,3,44,True,8,0,True,169,confirmation38,9962,controlled_cost_greedy,9962,9962,official_detector,data36-4,deepocsort,True,13050
72.70126623744112,54.79673966216041,3891,803,427,62.37863800364442,76.29932209282113,43,63.701149425287355,9159,4,3,34,True,8,0,True,169,confirmation38,9962,controlled_cost_reciprocal,9962,9962,official_detector,data36-4,deepocsort,True,13050
72.16619707614956,54.8016511503423,3891,803,427,62.14759764765482,75.91691291500086,43,63.701149425287355,9159,3,5,45,True,8,0,True,169,confirmation38,9962,geometry_greedy,9962,9962,official_detector,data36-4,deepocsort,True,13050
72.59133970076824,54.79673966216041,3891,803,427,62.328544393309535,76.04727968016687,41,63.71647509578544,9159,4,3,43,True,8,0,True,169,confirmation38,9962,geometry_reid_greedy_guard,9962,9962,official_detector,data36-4,deepocsort,True,13050
72.69581874961351,54.79807630011791,3891,803,427,62.37645928315585,76.24717538675473,42,63.7088122605364,9159,4,3,41,True,8,0,True,169,confirmation38,9962,geometry_reid_hungarian,9962,9962,official_detector,data36-4,deepocsort,True,13050
71.79749529984699,54.80216784319653,3891,803,427,61.97281181730765,75.36068138362594,66,63.524904214559385,9159,0,0,0,True,8,0,True,169,confirmation38,9962,no_refinement,9962,9962,official_detector,data36-4,deepocsort,True,13050
46.82453867093147,33.325834294728075,7975,451,269,39.32820985240533,38.63049095607235,317,33.00383141762452,5075,2,6,3,True,8,0,True,438,confirmation38,5526,aflink_cached_native_dedup,5526,5526,official_detector,data36-4,ocsort,True,13050
46.82307724286843,33.326697499051626,7976,452,269,39.32885377887917,38.619724375538325,317,32.98850574712643,5074,2,6,3,False,8,0,True,438,confirmation38,5526,aflink_cached_native_saved,5526,5526,official_detector,data36-4,ocsort,False,13050
46.82453867093147,33.325834294728075,7975,451,269,39.32820985240533,38.63049095607235,317,33.00383141762452,5075,2,6,3,True,8,0,True,438,confirmation38,5526,aflink_cached_no_dedup,5526,5526,official_detector,data36-4,ocsort,True,13050
46.82453867093147,33.325834294728075,7975,451,269,39.32820985240533,38.63049095607235,317,33.00383141762452,5075,2,6,3,True,8,0,True,438,confirmation38,5526,aflink_cached_overlap_safe,5526,5526,official_detector,data36-4,ocsort,True,13050
47.686257107723804,33.37531524471063,7975,451,269,39.72317117090345,39.66408268733851,234,33.639846743295024,5075,10,17,134,True,8,0,True,438,confirmation38,5526,com3d_reciprocal_guard,5526,5526,official_detector,data36-4,ocsort,True,13050
48.23729479411003,33.37522420653036,7975,451,269,39.95786919114065,40.47157622739018,187,34.0,5075,15,13,179,True,8,0,True,438,confirmation38,5526,controlled_cost_greedy,5526,5526,official_detector,data36-4,ocsort,True,13050
48.140928680226466,33.37522420653036,7975,451,269,39.916626391034896,40.37467700258398,199,33.90804597701149,5075,15,13,153,True,8,0,True,438,confirmation38,5526,controlled_cost_reciprocal,5526,5526,official_detector,data36-4,ocsort,True,13050
47.528029322232506,33.37531524471063,7975,451,269,39.658200401560705,39.62101636520241,218,33.76245210727969,5075,10,21,179,True,8,0,True,438,confirmation38,5526,geometry_greedy,5526,5526,official_detector,data36-4,ocsort,True,13050
48.18088471637241,33.37522420653036,7975,451,269,39.94246731917352,40.482342807924205,185,34.015325670498086,5075,16,13,178,True,8,0,True,438,confirmation38,5526,geometry_reid_greedy_guard,5526,5526,official_detector,data36-4,ocsort,True,13050
48.139979537352254,33.37522420653036,7975,451,269,39.916200066604,40.36391042204996,195,33.93869731800766,5075,15,13,171,True,8,0,True,438,confirmation38,5526,geometry_reid_hungarian,5526,5526,official_detector,data36-4,ocsort,True,13050
47.31436408051006,33.37772051384937,7975,451,269,39.55560945288945,38.296726959517656,320,32.980842911877396,5075,0,0,0,True,8,0,True,438,confirmation38,5526,no_refinement,5526,5526,official_detector,data36-4,ocsort,True,13050
66.05609986774544,47.52836257404176,3006,436,328,55.92895527807143,63.35006846188955,364,51.565283787223215,4852,1,0,2,True,8,0,True,361,confirmation38,5288,aflink_cached_native_dedup,5288,5288,official_detector,data36-5,bytetrack,True,7858
66.05046889769413,47.52492030764442,3006,436,328,55.924610866921874,63.35006846188955,364,51.565283787223215,4852,1,0,2,False,8,0,True,361,confirmation38,5288,aflink_cached_native_saved,5288,5288,official_detector,data36-5,bytetrack,False,7858
66.05609986774544,47.52836257404176,3006,436,328,55.92895527807143,63.35006846188955,364,51.565283787223215,4852,1,0,2,True,8,0,True,361,confirmation38,5288,aflink_cached_no_dedup,5288,5288,official_detector,data36-5,bytetrack,True,7858
66.05609986774544,47.52836257404176,3006,436,328,55.92895527807143,63.35006846188955,364,51.565283787223215,4852,1,0,2,True,8,0,True,361,confirmation38,5288,aflink_cached_overlap_safe,5288,5288,official_detector,data36-5,bytetrack,True,7858
67.73697430130075,47.52836257404176,3006,436,328,56.646692332137185,65.72341396622546,301,52.36701450750827,4852,6,0,125,True,8,0,True,361,confirmation38,5288,com3d_reciprocal_guard,5288,5288,official_detector,data36-5,bytetrack,True,7858
67.92795197704227,47.52836257404176,3006,436,328,56.729124255145614,67.00136923779097,221,53.385085263425815,4852,6,1,193,True,8,0,True,361,confirmation38,5288,controlled_cost_greedy,5288,5288,official_detector,data36-5,bytetrack,True,7858
67.80489222606818,47.52836257404176,3006,436,328,56.67665511211347,66.19504031644607,283,52.59608042758972,4852,6,1,135,True,8,0,True,361,confirmation38,5288,controlled_cost_reciprocal,5288,5288,official_detector,data36-5,bytetrack,True,7858
67.85541125815182,47.52836257404176,3006,436,328,56.697301142213064,66.5601703940362,234,53.21964876558921,4852,6,0,196,True,8,0,True,361,confirmation38,5288,geometry_greedy,5288,5288,official_detector,data36-5,bytetrack,True,7858
67.90694774431655,47.52836257404176,3006,436,328,56.7196922596745,66.9557279780922,236,53.19419699669127,4852,6,1,198,True,8,0,True,361,confirmation38,5288,geometry_reid_greedy_guard,5288,5288,official_detector,data36-5,bytetrack,True,7858
67.79968789254917,47.52836257404176,3006,436,328,56.67405297229197,66.21025406967898,288,52.53245100534487,4852,6,1,188,True,8,0,True,361,confirmation38,5288,geometry_reid_hungarian,5288,5288,official_detector,data36-5,bytetrack,True,7858
65.48585848632003,47.52836257404176,3006,436,328,55.68246892812948,62.969724631066484,367,51.5271061338763,4852,0,0,0,True,8,0,True,361,confirmation38,5288,no_refinement,5288,5288,official_detector,data36-5,bytetrack,True,7858
81.02945684320406,62.92043467101559,1667,437,145,71.01035991341497,83.77744028717382,13,73.0593026215322,6191,0,1,0,True,8,0,True,87,confirmation38,6628,aflink_cached_native_dedup,6628,6628,official_detector,data36-5,deepocsort,True,7858
81.02552722323504,62.92521692516087,1667,437,145,71.01261983601344,83.77744028717382,13,73.0593026215322,6191,0,1,0,False,8,0,True,87,confirmation38,6628,aflink_cached_native_saved,6628,6628,official_detector,data36-5,deepocsort,False,7858
81.02945684320406,62.92043467101559,1667,437,145,71.01035991341497,83.77744028717382,13,73.0593026215322,6191,0,1,0,True,8,0,True,87,confirmation38,6628,aflink_cached_no_dedup,6628,6628,official_detector,data36-5,deepocsort,True,7858
81.02945684320406,62.92043467101559,1667,437,145,71.01035991341497,83.77744028717382,13,73.0593026215322,6191,0,1,0,True,8,0,True,87,confirmation38,6628,aflink_cached_overlap_safe,6628,6628,official_detector,data36-5,deepocsort,True,7858
81.53865693942895,62.92043467101559,1667,437,145,71.23030277066951,84.26066547010907,11,73.08475439043013,6191,2,2,2,True,8,0,True,87,confirmation38,6628,com3d_reciprocal_guard,6628,6628,official_detector,data36-5,deepocsort,True,7858
81.5491673779749,62.92043467101559,1667,437,145,71.23491205571885,84.26066547010907,11,73.08475439043013,6191,2,2,2,True,8,0,True,87,confirmation38,6628,controlled_cost_greedy,6628,6628,official_detector,data36-5,deepocsort,True,7858
81.5491673779749,62.92043467101559,1667,437,145,71.23491205571885,84.26066547010907,11,73.08475439043013,6191,2,2,2,True,8,0,True,87,confirmation38,6628,controlled_cost_reciprocal,6628,6628,official_detector,data36-5,deepocsort,True,7858
81.36244570715805,62.92043467101559,1667,437,145,71.1530891634502,84.13640756592572,11,73.08475439043013,6191,2,2,3,True,8,0,True,87,confirmation38,6628,geometry_greedy,6628,6628,official_detector,data36-5,deepocsort,True,7858
81.57426858577811,62.92043467101559,1667,437,145,71.2458786598238,84.26066547010907,11,73.08475439043013,6191,2,2,2,True,8,0,True,87,confirmation38,6628,geometry_reid_greedy_guard,6628,6628,official_detector,data36-5,deepocsort,True,7858
81.5491673779749,62.92043467101559,1667,437,145,71.23491205571885,84.26066547010907,11,73.08475439043013,6191,2,2,2,True,8,0,True,87,confirmation38,6628,geometry_reid_hungarian,6628,6628,official_detector,data36-5,deepocsort,True,7858
81.2194112226694,62.92043467101559,1667,437,145,71.09244293913606,83.90169819135718,13,73.0593026215322,6191,0,0,0,True,8,0,True,87,confirmation38,6628,no_refinement,6628,6628,official_detector,data36-5,deepocsort,True,7858
73.52901872621653,48.48175315840429,3408,317,121,59.595922764376816,63.46138613861386,169,50.445405955713916,4450,0,0,1,True,8,0,True,262,confirmation38,4767,aflink_cached_native_dedup,4767,4767,official_detector,data36-5,ocsort,True,7858
73.52052904867713,48.485799804958404,3408,317,121,59.595445685960115,63.46138613861386,169,50.445405955713916,4450,0,0,1,False,8,0,True,262,confirmation38,4767,aflink_cached_native_saved,4767,4767,official_detector,data36-5,ocsort,False,7858
73.52901872621653,48.48175315840429,3408,317,121,59.595922764376816,63.46138613861386,169,50.445405955713916,4450,0,0,1,True,8,0,True,262,confirmation38,4767,aflink_cached_no_dedup,4767,4767,official_detector,data36-5,ocsort,True,7858
73.52901872621653,48.48175315840429,3408,317,121,59.595922764376816,63.46138613861386,169,50.445405955713916,4450,0,0,1,True,8,0,True,262,confirmation38,4767,aflink_cached_overlap_safe,4767,4767,official_detector,data36-5,ocsort,True,7858
74.69268057876103,48.352294246674624,3408,317,121,59.99111343792713,64.66534653465347,131,50.92898956477475,4450,9,2,68,True,8,0,True,262,confirmation38,4767,com3d_reciprocal_guard,4767,4767,official_detector,data36-5,ocsort,True,7858
74.63838362771644,48.35131738484749,3408,317,121,59.968576174534945,64.90297029702971,104,51.27258844489692,4450,9,2,97,True,8,0,True,262,confirmation38,4767,controlled_cost_greedy,4767,4767,official_detector,data36-5,ocsort,True,7858
74.65886626272015,48.352294246674624,3408,317,121,59.97740960175547,64.90297029702971,107,51.23441079155001,4450,9,2,82,True,8,0,True,262,confirmation38,4767,controlled_cost_reciprocal,4767,4767,official_detector,data36-5,ocsort,True,7858
74.70166026769239,48.2474267932766,3408,317,121,59.92896144728776,64.82376237623762,120,51.06897429371341,4450,9,3,97,True,8,0,True,262,confirmation38,4767,geometry_greedy,4767,4767,official_detector,data36-5,ocsort,True,7858
74.64004336417788,48.35131738484749,3408,317,121,59.96925471283934,64.93465346534654,100,51.323491982692794,4450,9,2,98,True,8,0,True,262,confirmation38,4767,geometry_reid_greedy_guard,4767,4767,official_detector,data36-5,ocsort,True,7858
74.64208193066204,48.35131738484749,3408,317,121,59.970087082985025,64.90297029702971,102,51.29804021379486,4450,9,2,100,True,8,0,True,262,confirmation38,4767,geometry_reid_hungarian,4767,4767,official_detector,data36-5,ocsort,True,7858
73.62507183642151,48.48175315840429,3408,317,121,59.635557895321035,63.46138613861386,169,50.445405955713916,4450,0,0,0,True,8,0,True,262,confirmation38,4767,no_refinement,4767,4767,official_detector,data36-5,ocsort,True,7858
48.80286456950887,46.38216697323927,5850,962,625,47.40581554497007,52.30717413270462,655,47.85614525139665,8470,3,1,8,True,8,0,True,593,confirmation38,9432,aflink_cached_native_dedup,9432,9432,official_detector,data37-1,bytetrack,True,14320
48.80531078304273,46.38527787723386,5850,962,625,47.408855060166374,52.30717413270462,655,47.85614525139665,8470,3,1,8,False,8,0,True,593,confirmation38,9432,aflink_cached_native_saved,9432,9432,official_detector,data37-1,bytetrack,False,14320
48.80286456950887,46.38216697323927,5850,962,625,47.40581554497007,52.30717413270462,655,47.85614525139665,8470,3,1,8,True,8,0,True,593,confirmation38,9432,aflink_cached_no_dedup,9432,9432,official_detector,data37-1,bytetrack,True,14320
48.80286456950887,46.38216697323927,5850,962,625,47.40581554497007,52.30717413270462,655,47.85614525139665,8470,3,1,8,True,8,0,True,593,confirmation38,9432,aflink_cached_overlap_safe,9432,9432,official_detector,data37-1,bytetrack,True,14320
49.904857196945315,46.38272379992402,5850,962,625,47.951502778531676,53.738632536207476,563,48.4986033519553,8470,10,2,201,True,8,0,True,593,confirmation38,9432,com3d_reciprocal_guard,9432,9432,official_detector,data37-1,bytetrack,True,14320
50.59604499581164,46.39482556939682,5850,962,625,48.300044453991234,55.03536544291007,417,49.51815642458101,8470,13,2,322,True,8,0,True,593,confirmation38,9432,controlled_cost_greedy,9432,9432,official_detector,data37-1,bytetrack,True,14320
50.01107947564737,46.38216697323927,5850,962,625,48.0036808573889,53.98282249915797,506,48.89664804469274,8470,11,2,228,True,8,0,True,593,confirmation38,9432,controlled_cost_reciprocal,9432,9432,official_detector,data37-1,bytetrack,True,14320
50.55053009015885,46.38991973683629,5850,962,625,48.2760712845075,55.043785786460084,445,49.322625698324025,8470,13,2,321,True,8,0,True,593,confirmation38,9432,geometry_greedy,9432,9432,official_detector,data37-1,bytetrack,True,14320
50.75247693462889,46.381416472404716,5850,962,625,48.37039654213611,55.25429437521051,430,49.42737430167598,8470,15,2,324,True,8,0,True,593,confirmation38,9432,geometry_reid_greedy_guard,9432,9432,official_detector,data37-1,bytetrack,True,14320
50.110526210144904,46.395382544761965,5850,962,625,48.060084974112286,54.277534523408555,491,49.00139664804469,8470,11,2,291,True,8,0,True,593,confirmation38,9432,geometry_reid_hungarian,9432,9432,official_detector,data37-1,bytetrack,True,14320
47.459935869035576,46.38216697323927,5850,962,625,46.73536896420227,50.88413607275177,658,47.83519553072625,8470,0,0,0,True,8,0,True,593,confirmation38,9432,no_refinement,9432,9432,official_detector,data37-1,bytetrack,True,14320
77.54764203439973,57.27870575679555,4400,729,323,66.26369702027971,75.99022788257439,50,63.83379888268157,9920,1,0,2,True,8,0,True,171,confirmation38,10649,aflink_cached_native_dedup,10649,10649,official_detector,data37-1,deepocsort,True,14320
77.54320594834448,57.28194841901949,4400,729,323,66.26490430596557,75.99022788257439,50,63.83379888268157,9920,1,0,2,False,8,0,True,171,confirmation38,10649,aflink_cached_native_saved,10649,10649,official_detector,data37-1,deepocsort,False,14320
77.54764203439973,57.27870575679555,4400,729,323,66.26369702027971,75.99022788257439,50,63.83379888268157,9920,1,0,2,True,8,0,True,171,confirmation38,10649,aflink_cached_no_dedup,10649,10649,official_detector,data37-1,deepocsort,True,14320
77.54764203439973,57.27870575679555,4400,729,323,66.26369702027971,75.99022788257439,50,63.83379888268157,9920,1,0,2,True,8,0,True,171,confirmation38,10649,aflink_cached_overlap_safe,10649,10649,official_detector,data37-1,deepocsort,True,14320
77.73110865963895,57.283684391731704,4400,729,323,66.345110452297,76.40674436301013,37,63.92458100558659,9920,2,1,30,True,8,0,True,171,confirmation38,10649,com3d_reciprocal_guard,10649,10649,official_detector,data37-1,deepocsort,True,14320
77.94527098081754,57.283684391731704,4400,729,323,66.44177663999031,76.64704233249229,35,63.938547486033514,9920,2,1,31,True,8,0,True,171,confirmation38,10649,controlled_cost_greedy,10649,10649,official_detector,data37-1,deepocsort,True,14320
77.91198082967651,57.283684391731704,4400,729,323,66.4264987668218,76.67908206175657,36,63.93156424581006,9920,2,1,29,True,8,0,True,171,confirmation38,10649,controlled_cost_reciprocal,10649,10649,official_detector,data37-1,deepocsort,True,14320
77.7934149931866,57.283684391731704,4400,729,323,66.37344691871098,76.45480395690657,36,63.93156424581006,9920,2,1,31,True,8,0,True,171,confirmation38,10649,geometry_greedy,10649,10649,official_detector,data37-1,deepocsort,True,14320
77.94767390633262,57.29124647281415,4400,729,323,66.44694932888837,76.65505226480836,34,63.94553072625698,9920,2,1,31,True,8,0,True,171,confirmation38,10649,geometry_reid_greedy_guard,10649,10649,official_detector,data37-1,deepocsort,True,14320
77.90823825993346,57.283684391731704,4400,729,323,66.42496800762157,76.62301253554408,37,63.92458100558659,9920,2,1,31,True,8,0,True,171,confirmation38,10649,geometry_reid_hungarian,10649,10649,official_detector,data37-1,deepocsort,True,14320
77.0966807266176,57.27870575679555,4400,729,323,66.06168573275751,75.45356241739756,52,63.81983240223463,9920,0,0,0,True,8,0,True,171,confirmation38,10649,no_refinement,10649,10649,official_detector,data37-1,deepocsort,True,14320
59.10724284583297,45.14218466537051,6880,621,340,51.52645908498235,54.28711853804566,330,45.314245810055866,7440,4,2,6,True,8,0,True,404,confirmation38,8061,aflink_cached_native_dedup,8061,8061,official_detector,data37-1,ocsort,True,14320
59.10324838843003,45.144649862591365,6880,621,340,51.52665170610824,54.28711853804566,330,45.314245810055866,7440,4,2,6,False,8,0,True,404,confirmation38,8061,aflink_cached_native_saved,8061,8061,official_detector,data37-1,ocsort,False,14320
59.10724284583297,45.14218466537051,6880,621,340,51.52645908498235,54.28711853804566,330,45.314245810055866,7440,4,2,6,True,8,0,True,404,confirmation38,8061,aflink_cached_no_dedup,8061,8061,official_detector,data37-1,ocsort,True,14320
59.10724284583297,45.14218466537051,6880,621,340,51.52645908498235,54.28711853804566,330,45.314245810055866,7440,4,2,6,True,8,0,True,404,confirmation38,8061,aflink_cached_overlap_safe,8061,8061,official_detector,data37-1,ocsort,True,14320
60.418084255160174,45.151377391035545,6880,621,340,52.10604056708862,55.386265135606095,259,45.81005586592179,7440,11,3,123,True,8,0,True,404,confirmation38,8061,com3d_reciprocal_guard,8061,8061,official_detector,data37-1,ocsort,True,14320
60.46749014592927,45.14922953788296,6880,621,340,52.12855811045585,55.842008846789696,213,46.13128491620112,7440,12,4,173,True,8,0,True,404,confirmation38,8061,controlled_cost_greedy,8061,8061,official_detector,data37-1,ocsort,True,14320
60.35716693035087,45.151377391035545,6880,621,340,52.08051803967854,55.538179706000626,238,45.95670391061453,7440,12,4,137,True,8,0,True,404,confirmation38,8061,controlled_cost_reciprocal,8061,8061,official_detector,data37-1,ocsort,True,14320
60.43088313698463,45.14922953788296,6880,621,340,52.112497166194046,55.824136544390335,216,46.11033519553073,7440,11,5,175,True,8,0,True,404,confirmation38,8061,geometry_greedy,8061,8061,official_detector,data37-1,ocsort,True,14320
60.56729420291562,45.14922953788296,6880,621,340,52.17166761237736,55.91349805638711,209,46.159217877094974,7440,12,4,174,True,8,0,True,404,confirmation38,8061,geometry_reid_greedy_guard,8061,8061,official_detector,data37-1,ocsort,True,14320
60.4091804111876,45.14922953788296,6880,621,340,52.10248347571419,55.752647334792904,223,46.061452513966486,7440,12,4,168,True,8,0,True,404,confirmation38,8061,geometry_reid_hungarian,8061,8061,official_detector,data37-1,ocsort,True,14320
57.95211226132678,45.15949359208021,6880,621,340,51.02484478357056,53.089674277288765,334,45.286312849162016,7440,0,0,0,True,8,0,True,404,confirmation38,8061,no_refinement,8061,8061,official_detector,data37-1,ocsort,True,14320
52.525327341368076,61.84322573043445,872,330,118,56.92037462449407,67.56437514764943,151,69.96003552397868,3632,0,3,1,False,8,0,True,140,confirmation38,3963,aflink_cached_native_dedup,3962,3962,official_detector,data37-10,bytetrack,False,4504
52.5265972340055,61.8408866134004,872,330,118,56.919471121326524,67.56437514764943,151,69.96003552397868,3632,0,3,1,False,8,0,True,140,confirmation38,3963,aflink_cached_native_saved,3962,3962,official_detector,data37-10,bytetrack,False,4504
52.525327341368076,61.830672314082314,872,331,118,56.91462017015094,67.56437514764943,151,69.93783303730018,3632,0,3,1,True,8,1,False,140,confirmation38,3963,aflink_cached_no_dedup,3963,3963,official_detector,data37-10,bytetrack,False,4504
53.122693499267996,61.830672314082314,872,331,118,57.23876350353982,67.55639541750324,151,69.93783303730018,3632,0,2,1,True,8,0,True,140,confirmation38,3963,aflink_cached_overlap_safe,3963,3963,official_detector,data37-10,bytetrack,True,4504
53.72896350185482,61.80773428703979,872,331,118,57.55094440046631,68.35951340498406,117,70.69271758436945,3632,0,2,53,True,8,0,True,140,confirmation38,3963,com3d_reciprocal_guard,3963,3963,official_detector,data37-10,bytetrack,True,4504
53.95874932068166,61.80773428703979,872,331,118,57.67635825222239,70.53265619463801,84,71.42539964476022,3632,2,1,69,True,8,0,True,140,confirmation38,3963,controlled_cost_greedy,3963,3963,official_detector,data37-10,bytetrack,True,4504
54.16785261756233,61.80773428703979,872,331,118,57.78724067001983,69.51694815164757,113,70.78152753108348,3632,2,1,51,True,8,0,True,140,confirmation38,3963,controlled_cost_reciprocal,3963,3963,official_detector,data37-10,bytetrack,True,4504
52.08735018216246,61.684993245841966,872,331,118,56.61161805421402,68.97366245423409,86,71.3809946714032,3632,1,5,69,True,8,0,True,140,confirmation38,3963,geometry_greedy,3963,3963,official_detector,data37-10,bytetrack,True,4504
53.9586777553145,61.80773428703979,872,331,118,57.676266770312644,70.53265619463801,84,71.42539964476022,3632,2,1,69,True,8,0,True,140,confirmation38,3963,geometry_reid_greedy_guard,3963,3963,official_detector,data37-10,bytetrack,True,4504
54.52452433708655,61.80773428703979,872,331,118,57.98013739248017,70.36730837368607,113,70.78152753108348,3632,1,1,61,True,8,0,True,140,confirmation38,3963,geometry_reid_hungarian,3963,3963,official_detector,data37-10,bytetrack,True,4504
54.87048900226091,61.80773428703979,872,331,118,58.16118958711635,68.66658792960907,151,69.93783303730018,3632,0,0,0,True,8,0,True,140,confirmation38,3963,no_refinement,3963,3963,official_detector,data37-10,bytetrack,True,4504
79.35549892087067,76.28681768640855,456,153,45,77.13066359223096,86.47903503733487,16,86.1234458259325,4048,0,1,2,True,8,0,True,49,confirmation38,4201,aflink_cached_native_dedup,4201,4201,official_detector,data37-10,deepocsort,True,4504
79.35250588653759,76.28568551746471,456,153,45,77.12960115567613,86.47903503733487,16,86.1234458259325,4048,0,1,2,False,8,0,True,49,confirmation38,4201,aflink_cached_native_saved,4201,4201,official_detector,data37-10,deepocsort,False,4504
79.35549892087067,76.28681768640855,456,153,45,77.13066359223096,86.47903503733487,16,86.1234458259325,4048,0,1,2,True,8,0,True,49,confirmation38,4201,aflink_cached_no_dedup,4201,4201,official_detector,data37-10,deepocsort,True,4504
79.35549892087067,76.28681768640855,456,153,45,77.13066359223096,86.47903503733487,16,86.1234458259325,4048,0,1,2,True,8,0,True,49,confirmation38,4201,aflink_cached_overlap_safe,4201,4201,official_detector,data37-10,deepocsort,True,4504
79.7469449675406,76.28681768640855,456,153,45,77.3324114436418,87.21424468696152,12,86.21225577264654,4048,0,0,14,True,8,0,True,49,confirmation38,4201,com3d_reciprocal_guard,4201,4201,official_detector,data37-10,deepocsort,True,4504
79.7469449675406,76.28681768640855,456,153,45,77.3324114436418,87.21424468696152,12,86.21225577264654,4048,0,0,14,True,8,0,True,49,confirmation38,4201,controlled_cost_greedy,4201,4201,official_detector,data37-10,deepocsort,True,4504
79.7469449675406,76.28681768640855,456,153,45,77.3324114436418,87.21424468696152,12,86.21225577264654,4048,0,0,14,True,8,0,True,49,confirmation38,4201,controlled_cost_reciprocal,4201,4201,official_detector,data37-10,deepocsort,True,4504
79.7469449675406,76.28681768640855,456,153,45,77.3324114436418,87.21424468696152,12,86.21225577264654,4048,0,0,14,True,8,0,True,49,confirmation38,4201,geometry_greedy,4201,4201,official_detector,data37-10,deepocsort,True,4504
79.7469449675406,76.28681768640855,456,153,45,77.3324114436418,87.21424468696152,12,86.21225577264654,4048,0,0,14,True,8,0,True,49,confirmation38,4201,geometry_reid_greedy_guard,4201,4201,official_detector,data37-10,deepocsort,True,4504
79.7469449675406,76.28681768640855,456,153,45,77.3324114436418,87.21424468696152,12,86.21225577264654,4048,0,0,14,True,8,0,True,49,confirmation38,4201,geometry_reid_hungarian,4201,4201,official_detector,data37-10,deepocsort,True,4504
79.22393147105727,76.28681768640855,456,153,45,77.05114137107142,85.51407237219989,18,86.07904085257549,4048,0,0,0,True,8,0,True,49,confirmation38,4201,no_refinement,4201,4201,official_detector,data37-10,deepocsort,True,4504
64.79125586464293,66.6567161679689,1087,168,71,65.53891276592768,68.51279515391272,76,70.44849023090586,3417,2,0,0,False,8,0,True,84,confirmation38,3586,aflink_cached_native_dedup,3585,3585,official_detector,data37-10,ocsort,False,4504
64.78342368425788,66.65543295109867,1087,168,71,65.53579989613992,68.51279515391272,76,70.44849023090586,3417,2,0,0,False,8,0,True,84,confirmation38,3586,aflink_cached_native_saved,3585,3585,official_detector,data37-10,ocsort,False,4504
64.79125586464293,66.64265124321487,1087,169,71,65.5320127573879,68.51279515391272,76,70.42628774422735,3417,2,0,0,True,8,1,False,84,confirmation38,3586,aflink_cached_no_dedup,3586,3586,official_detector,data37-10,ocsort,False,4504
63.23337774016914,66.64265124321487,1087,169,71,64.73303612565286,67.29295426452411,77,70.40408525754884,3417,1,0,0,True,8,0,True,84,confirmation38,3586,aflink_cached_overlap_safe,3586,3586,official_detector,data37-10,ocsort,True,4504
62.65376448772503,66.64265124321487,1087,169,71,64.43367063971941,67.56489493201482,64,70.69271758436945,3417,2,3,16,True,8,0,True,84,confirmation38,3586,com3d_reciprocal_guard,3586,3586,official_detector,data37-10,ocsort,True,4504
62.67514093299747,66.64265124321487,1087,169,71,64.4447939495302,67.58961681087763,63,70.71492007104796,3417,2,3,17,True,8,0,True,84,confirmation38,3586,controlled_cost_greedy,3586,3586,official_detector,data37-10,ocsort,True,4504
62.67241189871251,66.64265124321487,1087,169,71,64.44336870184316,67.56489493201482,64,70.69271758436945,3417,2,3,16,True,8,0,True,84,confirmation38,3586,controlled_cost_reciprocal,3586,3586,official_detector,data37-10,ocsort,True,4504
61.131040446951225,66.64265124321487,1087,169,71,63.64174543417619,66.94684796044498,63,70.71492007104796,3417,2,7,17,True,8,0,True,84,confirmation38,3586,geometry_greedy,3586,3586,official_detector,data37-10,ocsort,True,4504
62.67676698178876,66.64265124321487,1087,169,71,64.44564308450738,67.58961681087763,63,70.71492007104796,3417,2,2,18,True,8,0,True,84,confirmation38,3586,geometry_reid_greedy_guard,3586,3586,official_detector,data37-10,ocsort,True,4504
62.67514093299747,66.64265124321487,1087,169,71,64.4447939495302,67.58961681087763,63,70.71492007104796,3417,2,3,17,True,8,0,True,84,confirmation38,3586,geometry_reid_hungarian,3586,3586,official_detector,data37-10,ocsort,True,4504
62.17703175653497,66.64265124321487,1087,169,71,64.18528540601037,66.5018541409147,78,70.38188277087033,3417,0,0,0,True,8,0,True,84,confirmation38,3586,no_refinement,3586,3586,official_detector,data37-10,ocsort,True,4504
64.1506710415181,60.821539670938485,2468,768,260,62.41476769486296,73.76131854715638,364,66.28897836876112,8211,4,4,0,True,8,0,True,363,confirmation38,8979,aflink_cached_native_dedup,8979,8979,official_detector,data37-11,bytetrack,True,10679
64.14808275157748,60.82331793554111,2468,768,260,62.41498063915788,73.76131854715638,364,66.28897836876112,8211,4,4,0,False,8,0,True,363,confirmation38,8979,aflink_cached_native_saved,8979,8979,official_detector,data37-11,bytetrack,False,10679
64.1506710415181,60.821539670938485,2468,768,260,62.41476769486296,73.76131854715638,364,66.28897836876112,8211,4,4,0,True,8,0,True,363,confirmation38,8979,aflink_cached_no_dedup,8979,8979,official_detector,data37-11,bytetrack,True,10679
64.1506710415181,60.821539670938485,2468,768,260,62.41476769486296,73.76131854715638,364,66.28897836876112,8211,4,4,0,True,8,0,True,363,confirmation38,8979,aflink_cached_overlap_safe,8979,8979,official_detector,data37-11,bytetrack,True,10679
64.75635155892422,60.81163901253844,2468,768,260,62.70503034812877,74.41245294536576,317,66.7290944845023,8211,5,1,111,True,8,0,True,363,confirmation38,8979,com3d_reciprocal_guard,8979,8979,official_detector,data37-11,bytetrack,True,10679
65.04160933546326,60.7925024561165,2468,768,260,62.83802367590924,75.91820124122495,236,67.48759247120518,8211,6,2,170,True,8,0,True,363,confirmation38,8979,controlled_cost_greedy,8979,8979,official_detector,data37-11,bytetrack,True,10679
64.64355112343789,60.81163901253844,2468,768,260,62.6530640170763,74.79906399430257,302,66.86955707463245,8211,6,2,124,True,8,0,True,363,confirmation38,8979,controlled_cost_reciprocal,8979,8979,official_detector,data37-11,bytetrack,True,10679
64.91967982691284,60.8219306620188,2468,768,260,62.79363582721975,75.8469834164208,237,67.47822829852983,8211,6,2,172,True,8,0,True,363,confirmation38,8979,geometry_greedy,8979,8979,official_detector,data37-11,bytetrack,True,10679
64.85637343581381,60.7925024561165,2468,768,260,62.747584821914906,75.85715739139282,221,67.62805506133533,8211,6,2,173,True,8,0,True,363,confirmation38,8979,geometry_reid_greedy_guard,8979,8979,official_detector,data37-11,bytetrack,True,10679
64.70401175860073,60.80317778140191,2468,768,260,62.678365528224134,74.96184759385493,300,66.88828541998313,8211,6,2,154,True,8,0,True,363,confirmation38,8979,geometry_reid_hungarian,8979,8979,official_detector,data37-11,bytetrack,True,10679
63.34326622976408,60.821539670938485,2468,768,260,62.01285760238924,72.25557025129719,368,66.25152167805975,8211,0,0,0,True,8,0,True,363,confirmation38,8979,no_refinement,8979,8979,official_detector,data37-11,bytetrack,True,10679
84.68487973174543,75.73041933206493,1398,367,146,79.88898950633714,89.2901067545629,37,83.12576083902987,9281,1,1,6,True,8,0,True,114,confirmation38,9648,aflink_cached_native_dedup,9648,9648,official_detector,data37-11,deepocsort,True,10679
84.68272468961227,75.73085245599644,1398,367,146,79.88850938174834,89.2901067545629,37,83.12576083902987,9281,1,1,6,False,8,0,True,114,confirmation38,9648,aflink_cached_native_saved,9648,9648,official_detector,data37-11,deepocsort,False,10679
84.68487973174543,75.73041933206493,1398,367,146,79.88898950633714,89.2901067545629,37,83.12576083902987,9281,1,1,6,True,8,0,True,114,confirmation38,9648,aflink_cached_no_dedup,9648,9648,official_detector,data37-11,deepocsort,True,10679
84.68487973174543,75.73041933206493,1398,367,146,79.88898950633714,89.2901067545629,37,83.12576083902987,9281,1,1,6,True,8,0,True,114,confirmation38,9648,aflink_cached_overlap_safe,9648,9648,official_detector,data37-11,deepocsort,True,10679
84.07624385977059,75.73041933206493,1398,367,146,79.60570686888498,89.1130024105869,28,83.21003839310796,9281,5,2,15,True,8,0,True,114,confirmation38,9648,com3d_reciprocal_guard,9648,9648,official_detector,data37-11,deepocsort,True,10679
84.48855825781543,75.73041933206493,1398,367,146,79.80593441704914,89.51640674964332,26,83.22876673845866,9281,5,2,17,True,8,0,True,114,confirmation38,9648,controlled_cost_greedy,9648,9648,official_detector,data37-11,deepocsort,True,10679
84.49228401563815,75.73041933206493,1398,367,146,79.80774201838493,89.51640674964332,26,83.22876673845866,9281,5,2,16,True,8,0,True,114,confirmation38,9648,controlled_cost_reciprocal,9648,9648,official_detector,data37-11,deepocsort,True,10679
84.49102946376556,75.73041933206493,1398,367,146,79.80527811470253,89.51640674964332,26,83.22876673845866,9281,5,2,19,True,8,0,True,114,confirmation38,9648,geometry_greedy,9648,9648,official_detector,data37-11,deepocsort,True,10679
84.48878743801046,75.73041933206493,1398,367,146,79.80603591125173,89.51640674964332,26,83.22876673845866,9281,5,2,17,True,8,0,True,114,confirmation38,9648,geometry_reid_greedy_guard,9648,9648,official_detector,data37-11,deepocsort,True,10679
84.49228401563815,75.73041933206493,1398,367,146,79.80774201838493,89.51640674964332,26,83.22876673845866,9281,5,2,16,True,8,0,True,114,confirmation38,9648,geometry_reid_hungarian,9648,9648,official_detector,data37-11,deepocsort,True,10679
83.72989255499228,75.73041933206493,1398,367,146,79.42209029033553,87.76504157032518,43,83.0695758029778,9281,0,0,0,True,8,0,True,114,confirmation38,9648,no_refinement,9648,9648,official_detector,data37-11,deepocsort,True,10679
68.78080407135394,64.86604856840526,3023,297,164,66.72117418753501,71.14641477028768,143,67.57187002528326,7656,2,5,1,True,8,0,True,170,confirmation38,7953,aflink_cached_native_dedup,7953,7953,official_detector,data37-11,ocsort,True,10679
68.77922943339199,64.86754792564923,3023,297,164,66.72148371623713,71.14641477028768,143,67.57187002528326,7656,2,5,1,False,8,0,True,170,confirmation38,7953,aflink_cached_native_saved,7953,7953,official_detector,data37-11,ocsort,False,10679
68.78080407135394,64.86604856840526,3023,297,164,66.72117418753501,71.14641477028768,143,67.57187002528326,7656,2,5,1,True,8,0,True,170,confirmation38,7953,aflink_cached_no_dedup,7953,7953,official_detector,data37-11,ocsort,True,10679
68.78080407135394,64.86604856840526,3023,297,164,66.72117418753501,71.14641477028768,143,67.57187002528326,7656,2,5,1,True,8,0,True,170,confirmation38,7953,aflink_cached_overlap_safe,7953,7953,official_detector,data37-11,ocsort,True,10679
70.86394546716612,64.86604856840526,3023,297,164,67.72763061320288,72.48819235723487,122,67.7685176514655,7656,11,2,29,True,8,0,True,170,confirmation38,7953,com3d_reciprocal_guard,7953,7953,official_detector,data37-11,ocsort,True,10679
70.69371559520219,64.86604856840526,3023,297,164,67.64693106116086,72.63847144697296,109,67.89025189624496,7656,12,4,38,True,8,0,True,170,confirmation38,7953,controlled_cost_greedy,7953,7953,official_detector,data37-11,ocsort,True,10679
70.88391172858128,64.86604856840526,3023,297,164,67.73761534846216,72.57406612279948,115,67.8340668601929,7656,11,2,35,True,8,0,True,170,confirmation38,7953,controlled_cost_reciprocal,7953,7953,official_detector,data37-11,ocsort,True,10679
69.84734848063803,64.86604856840526,3023,297,164,67.23983909471455,72.17689995706311,109,67.89025189624496,7656,12,6,39,True,8,0,True,170,confirmation38,7953,geometry_greedy,7953,7953,official_detector,data37-11,ocsort,True,10679
70.6811694085628,64.86604856840526,3023,297,164,67.64021552049392,72.58480034349506,112,67.86215937821893,7656,10,5,39,True,8,0,True,170,confirmation38,7953,geometry_reid_greedy_guard,7953,7953,official_detector,data37-11,ocsort,True,10679
70.84172154687877,64.86604856840526,3023,297,164,67.71765889703417,72.63847144697296,110,67.88088772356963,7656,12,3,37,True,8,0,True,170,confirmation38,7953,geometry_reid_hungarian,7953,7953,official_detector,data37-11,ocsort,True,10679
69.35421762002501,64.86604856840526,3023,297,164,66.99400562752442,70.9424645770717,145,67.55314167993258,7656,0,0,0,True,8,0,True,170,confirmation38,7953,no_refinement,7953,7953,official_detector,data37-11,ocsort,True,10679
77.85199319139758,60.349872528197665,463,322,9,68.34955422959992,79.04252610134964,9,60.96361848574238,1571,0,0,0,True,8,0,True,48,confirmation38,1893,aflink_cached_native_dedup,1893,1893,official_detector,data37-12,bytetrack,True,2034
77.82797566272133,60.34640635465368,463,322,9,68.33824332261068,79.04252610134964,9,60.96361848574238,1571,0,0,0,False,8,0,True,48,confirmation38,1893,aflink_cached_native_saved,1893,1893,official_detector,data37-12,bytetrack,False,2034
77.85199319139758,60.349872528197665,463,322,9,68.34955422959992,79.04252610134964,9,60.96361848574238,1571,0,0,0,True,8,0,True,48,confirmation38,1893,aflink_cached_no_dedup,1893,1893,official_detector,data37-12,bytetrack,True,2034
77.85199319139758,60.349872528197665,463,322,9,68.34955422959992,79.04252610134964,9,60.96361848574238,1571,0,0,0,True,8,0,True,48,confirmation38,1893,aflink_cached_overlap_safe,1893,1893,official_detector,data37-12,bytetrack,True,2034
77.5121350289084,60.349872528197665,463,322,9,68.21090060181847,79.29717341482048,7,61.06194690265486,1571,0,0,11,True,8,0,True,48,confirmation38,1893,com3d_reciprocal_guard,1893,1893,official_detector,data37-12,bytetrack,True,2034
77.5121350289084,60.349872528197665,463,322,9,68.21090060181847,79.29717341482048,7,61.06194690265486,1571,0,0,11,True,8,0,True,48,confirmation38,1893,controlled_cost_greedy,1893,1893,official_detector,data37-12,bytetrack,True,2034
77.5121350289084,60.349872528197665,463,322,9,68.21090060181847,79.29717341482048,7,61.06194690265486,1571,0,0,11,True,8,0,True,48,confirmation38,1893,controlled_cost_reciprocal,1893,1893,official_detector,data37-12,bytetrack,True,2034
77.5121350289084,60.349872528197665,463,322,9,68.21090060181847,79.29717341482048,7,61.06194690265486,1571,0,0,11,True,8,0,True,48,confirmation38,1893,geometry_greedy,1893,1893,official_detector,data37-12,bytetrack,True,2034
77.5121350289084,60.349872528197665,463,322,9,68.21090060181847,79.29717341482048,7,61.06194690265486,1571,0,0,11,True,8,0,True,48,confirmation38,1893,geometry_reid_greedy_guard,1893,1893,official_detector,data37-12,bytetrack,True,2034
77.5121350289084,60.349872528197665,463,322,9,68.21090060181847,79.29717341482048,7,61.06194690265486,1571,0,0,11,True,8,0,True,48,confirmation38,1893,geometry_reid_hungarian,1893,1893,official_detector,data37-12,bytetrack,True,2034
77.85199319139758,60.349872528197665,463,322,9,68.34955422959992,79.04252610134964,9,60.96361848574238,1571,0,0,0,True,8,0,True,48,confirmation38,1893,no_refinement,1893,1893,official_detector,data37-12,bytetrack,True,2034
87.3186911876156,74.91058723717593,203,147,18,80.71576510897847,90.82751744765703,2,82.69419862340216,1831,0,0,0,True,8,0,True,31,confirmation38,1978,aflink_cached_native_dedup,1978,1978,official_detector,data37-12,deepocsort,True,2034
87.31446722821413,74.90178905135265,203,147,18,80.70846796277176,90.82751744765703,2,82.69419862340216,1831,0,0,0,False,8,0,True,31,confirmation38,1978,aflink_cached_native_saved,1978,1978,official_detector,data37-12,deepocsort,False,2034
87.3186911876156,74.91058723717593,203,147,18,80.71576510897847,90.82751744765703,2,82.69419862340216,1831,0,0,0,True,8,0,True,31,confirmation38,1978,aflink_cached_no_dedup,1978,1978,official_detector,data37-12,deepocsort,True,2034
87.3186911876156,74.91058723717593,203,147,18,80.71576510897847,90.82751744765703,2,82.69419862340216,1831,0,0,0,True,8,0,True,31,confirmation38,1978,aflink_cached_overlap_safe,1978,1978,official_detector,data37-12,deepocsort,True,2034
87.54015959693739,74.91058723717593,203,147,18,80.81898708373309,90.62811565304088,1,82.7433628318584,1831,1,0,1,True,8,0,True,31,confirmation38,1978,com3d_reciprocal_guard,1978,1978,official_detector,data37-12,deepocsort,True,2034
87.54015959693739,74.91058723717593,203,147,18,80.81898708373309,90.62811565304088,1,82.7433628318584,1831,1,0,1,True,8,0,True,31,confirmation38,1978,controlled_cost_greedy,1978,1978,official_detector,data37-12,deepocsort,True,2034
87.54015959693739,74.91058723717593,203,147,18,80.81898708373309,90.62811565304088,1,82.7433628318584,1831,1,0,1,True,8,0,True,31,confirmation38,1978,controlled_cost_reciprocal,1978,1978,official_detector,data37-12,deepocsort,True,2034
87.54015959693739,74.91058723717593,203,147,18,80.81898708373309,90.62811565304088,1,82.7433628318584,1831,1,0,1,True,8,0,True,31,confirmation38,1978,geometry_greedy,1978,1978,official_detector,data37-12,deepocsort,True,2034
87.54015959693739,74.91058723717593,203,147,18,80.81898708373309,90.62811565304088,1,82.7433628318584,1831,1,0,1,True,8,0,True,31,confirmation38,1978,geometry_reid_greedy_guard,1978,1978,official_detector,data37-12,deepocsort,True,2034
87.54015959693739,74.91058723717593,203,147,18,80.81898708373309,90.62811565304088,1,82.7433628318584,1831,1,0,1,True,8,0,True,31,confirmation38,1978,geometry_reid_hungarian,1978,1978,official_detector,data37-12,deepocsort,True,2034
87.3186911876156,74.91058723717593,203,147,18,80.71576510897847,90.82751744765703,2,82.69419862340216,1831,0,0,0,True,8,0,True,31,confirmation38,1978,no_refinement,1978,1978,official_detector,data37-12,deepocsort,True,2034
88.40129679228433,71.76975956855705,338,151,5,79.5792399128225,86.62715794898223,10,75.46705998033431,1696,0,0,0,True,8,0,True,44,confirmation38,1847,aflink_cached_native_dedup,1847,1847,official_detector,data37-12,ocsort,True,2034
88.39768557325016,71.76463363148372,338,151,5,79.57423227181441,86.62715794898223,10,75.46705998033431,1696,0,0,0,False,8,0,True,44,confirmation38,1847,aflink_cached_native_saved,1847,1847,official_detector,data37-12,ocsort,False,2034
88.40129679228433,71.76975956855705,338,151,5,79.5792399128225,86.62715794898223,10,75.46705998033431,1696,0,0,0,True,8,0,True,44,confirmation38,1847,aflink_cached_no_dedup,1847,1847,official_detector,data37-12,ocsort,True,2034
88.40129679228433,71.76975956855705,338,151,5,79.5792399128225,86.62715794898223,10,75.46705998033431,1696,0,0,0,True,8,0,True,44,confirmation38,1847,aflink_cached_overlap_safe,1847,1847,official_detector,data37-12,ocsort,True,2034
88.49413945736589,71.76975956855705,338,151,5,79.62163486800134,87.03942282916775,3,75.81120943952803,1696,0,0,10,True,8,0,True,44,confirmation38,1847,com3d_reciprocal_guard,1847,1847,official_detector,data37-12,ocsort,True,2034
88.48991232252229,71.76975956855705,338,151,5,79.6197043988195,87.03942282916775,3,75.81120943952803,1696,0,0,11,True,8,0,True,44,confirmation38,1847,controlled_cost_greedy,1847,1847,official_detector,data37-12,ocsort,True,2034
88.49413945736589,71.76975956855705,338,151,5,79.62163486800134,87.03942282916775,3,75.81120943952803,1696,0,0,10,True,8,0,True,44,confirmation38,1847,controlled_cost_reciprocal,1847,1847,official_detector,data37-12,ocsort,True,2034
88.47846009113874,71.76975956855705,338,151,5,79.6145295352873,87.03942282916775,3,75.81120943952803,1696,0,0,12,True,8,0,True,44,confirmation38,1847,geometry_greedy,1847,1847,official_detector,data37-12,ocsort,True,2034
88.48991232252229,71.76975956855705,338,151,5,79.6197043988195,87.03942282916775,3,75.81120943952803,1696,0,0,11,True,8,0,True,44,confirmation38,1847,geometry_reid_greedy_guard,1847,1847,official_detector,data37-12,ocsort,True,2034
88.48991232252229,71.76975956855705,338,151,5,79.6197043988195,87.03942282916775,3,75.81120943952803,1696,0,0,11,True,8,0,True,44,confirmation38,1847,geometry_reid_hungarian,1847,1847,official_detector,data37-12,ocsort,True,2034
88.40129679228433,71.76975956855705,338,151,5,79.5792399128225,86.62715794898223,10,75.46705998033431,1696,0,0,0,True,8,0,True,44,confirmation38,1847,no_refinement,1847,1847,official_detector,data37-12,ocsort,True,2034
39.25273921304444,45.50941683672242,2073,457,382,41.03356661061879,43.680802172550656,652,43.1277926720286,3522,0,0,4,True,8,0,True,279,confirmation38,3979,aflink_cached_native_dedup,3979,3979,official_detector,data37-2,bytetrack,True,5595
39.25696592529412,45.50911673526786,2073,457,382,41.034136572851295,43.680802172550656,652,43.1277926720286,3522,0,0,4,False,8,0,True,279,confirmation38,3979,aflink_cached_native_saved,3979,3979,official_detector,data37-2,bytetrack,False,5595
39.25273921304444,45.50941683672242,2073,457,382,41.03356661061879,43.680802172550656,652,43.1277926720286,3522,0,0,4,True,8,0,True,279,confirmation38,3979,aflink_cached_no_dedup,3979,3979,official_detector,data37-2,bytetrack,True,5595
39.25273921304444,45.50941683672242,2073,457,382,41.03356661061879,43.680802172550656,652,43.1277926720286,3522,0,0,4,True,8,0,True,279,confirmation38,3979,aflink_cached_overlap_safe,3979,3979,official_detector,data37-2,bytetrack,True,5595
39.72647151655042,45.60352231782517,2073,457,382,41.342504717684676,43.82703154376436,624,43.628239499553175,3522,0,2,94,True,8,0,True,279,confirmation38,3979,com3d_reciprocal_guard,3979,3979,official_detector,data37-2,bytetrack,True,5595
39.69121304526636,45.63047262328398,2073,457,382,41.33419129927176,44.14038019636515,590,44.23592493297587,3522,0,2,164,True,8,0,True,279,confirmation38,3979,controlled_cost_greedy,3979,3979,official_detector,data37-2,bytetrack,True,5595
40.05336665118764,45.63663971915693,2073,457,382,41.54728501004648,44.432838938792564,610,43.87846291331546,3522,0,1,100,True,8,0,True,279,confirmation38,3979,controlled_cost_reciprocal,3979,3979,official_detector,data37-2,bytetrack,True,5595
39.488146218066525,45.577761497813526,2073,457,382,41.192395638545435,43.84792145393775,602,44.02144772117963,3522,0,2,163,True,8,0,True,279,confirmation38,3979,geometry_greedy,3979,3979,official_detector,data37-2,bytetrack,True,5595
40.31466076221084,45.53379011993612,2073,457,382,41.64322140039036,45.143095884687696,597,44.11081322609473,3522,0,1,169,True,8,0,True,279,confirmation38,3979,geometry_reid_greedy_guard,3979,3979,official_detector,data37-2,bytetrack,True,5595
39.75123520119421,45.6312910414317,2073,457,382,41.36663971853193,44.286609567578864,610,43.87846291331546,3522,0,1,154,True,8,0,True,279,confirmation38,3979,geometry_reid_hungarian,3979,3979,official_detector,data37-2,bytetrack,True,5595
40.18260882792482,45.60352231782517,2073,457,382,41.57822435071763,44.286609567578864,652,43.1277926720286,3522,0,0,0,True,8,0,True,279,confirmation38,3979,no_refinement,3979,3979,official_detector,data37-2,bytetrack,True,5595
68.03562851576169,58.57878492442998,1360,261,114,62.11714480939482,75.0966207511644,48,70.1697944593387,4235,0,2,3,True,8,0,True,80,confirmation38,4496,aflink_cached_native_dedup,4496,4496,official_detector,data37-2,deepocsort,True,5595
68.03565245280664,58.577855113822416,1360,261,114,62.11597734662732,75.0966207511644,48,70.1697944593387,4235,0,2,3,False,8,0,True,80,confirmation38,4496,aflink_cached_native_saved,4496,4496,official_detector,data37-2,deepocsort,False,5595
68.03562851576169,58.57878492442998,1360,261,114,62.11714480939482,75.0966207511644,48,70.1697944593387,4235,0,2,3,True,8,0,True,80,confirmation38,4496,aflink_cached_no_dedup,4496,4496,official_detector,data37-2,deepocsort,True,5595
68.03562851576169,58.57878492442998,1360,261,114,62.11714480939482,75.0966207511644,48,70.1697944593387,4235,0,2,3,True,8,0,True,80,confirmation38,4496,aflink_cached_overlap_safe,4496,4496,official_detector,data37-2,deepocsort,True,5595
69.39453645691594,58.60986771915846,1360,261,114,62.78228879242283,75.9290456842731,41,70.29490616621985,4235,2,1,18,True,8,0,True,80,confirmation38,4496,com3d_reciprocal_guard,4496,4496,official_detector,data37-2,deepocsort,True,5595
70.05776564403283,58.605168963921784,1360,261,114,63.094882289081546,76.50381528094341,38,70.3485254691689,4235,3,0,20,True,8,0,True,80,confirmation38,4496,controlled_cost_greedy,4496,4496,official_detector,data37-2,deepocsort,True,5595
70.31903629269789,58.56312949300055,1360,261,114,63.19762300972673,76.48399563967892,39,70.33065236818588,4235,3,0,17,True,8,0,True,80,confirmation38,4496,controlled_cost_reciprocal,4496,4496,official_detector,data37-2,deepocsort,True,5595
69.04426040152252,58.60986771915846,1360,261,114,62.61568373270586,75.9290456842731,41,70.29490616621985,4235,2,1,20,True,8,0,True,80,confirmation38,4496,geometry_greedy,4496,4496,official_detector,data37-2,deepocsort,True,5595
69.32707586576754,58.56163377068001,1360,261,114,62.7244552080777,75.98850460806659,38,70.3485254691689,4235,3,2,18,True,8,0,True,80,confirmation38,4496,geometry_reid_greedy_guard,4496,4496,official_detector,data37-2,deepocsort,True,5595
70.05776564403283,58.605168963921784,1360,261,114,63.094882289081546,76.50381528094341,38,70.3485254691689,4235,3,0,20,True,8,0,True,80,confirmation38,4496,geometry_reid_hungarian,4496,4496,official_detector,data37-2,deepocsort,True,5595
68.63403600377784,58.56312949300055,1360,261,114,62.397873114222236,75.13626003369339,48,70.1697944593387,4235,0,0,0,True,8,0,True,80,confirmation38,4496,no_refinement,4496,4496,official_detector,data37-2,deepocsort,True,5595
54.662388523197215,38.45633177740261,2893,270,296,44.922237640285964,46.94758958795377,278,38.498659517426276,2702,0,0,2,True,8,0,True,239,confirmation38,2972,aflink_cached_native_dedup,2972,2972,official_detector,data37-2,ocsort,True,5595
54.67163953318689,38.45014344897614,2893,270,296,44.92217339209741,46.94758958795377,278,38.498659517426276,2702,0,0,2,False,8,0,True,239,confirmation38,2972,aflink_cached_native_saved,2972,2972,official_detector,data37-2,ocsort,False,5595
54.662388523197215,38.45633177740261,2893,270,296,44.922237640285964,46.94758958795377,278,38.498659517426276,2702,0,0,2,True,8,0,True,239,confirmation38,2972,aflink_cached_no_dedup,2972,2972,official_detector,data37-2,ocsort,True,5595
54.662388523197215,38.45633177740261,2893,270,296,44.922237640285964,46.94758958795377,278,38.498659517426276,2702,0,0,2,True,8,0,True,239,confirmation38,2972,aflink_cached_overlap_safe,2972,2972,official_detector,data37-2,ocsort,True,5595
55.10575391833409,38.45633177740261,2893,270,296,45.123549501146876,47.39115209524921,256,38.89186773905273,2702,0,7,80,True,8,0,True,239,confirmation38,2972,com3d_reciprocal_guard,2972,2972,official_detector,data37-2,ocsort,True,5595
55.01481672771643,38.45633177740261,2893,270,296,45.08429758782576,47.48453367573246,233,39.3029490616622,2702,2,8,136,True,8,0,True,239,confirmation38,2972,controlled_cost_greedy,2972,2972,official_detector,data37-2,ocsort,True,5595
55.15564484743154,38.45633177740261,2893,270,296,45.14625184241007,47.57791525621571,246,39.07059874888293,2702,0,7,90,True,8,0,True,239,confirmation38,2972,controlled_cost_reciprocal,2972,2972,official_detector,data37-2,ocsort,True,5595
54.988724370010104,38.45633177740261,2893,270,296,45.07206704269087,47.227734329403525,236,39.24932975871314,2702,0,9,140,True,8,0,True,239,confirmation38,2972,geometry_greedy,2972,2972,official_detector,data37-2,ocsort,True,5595
55.47601313463194,38.47531720487049,2893,270,296,45.302337137085566,48.16155013423602,220,39.535299374441465,2702,2,8,141,True,8,0,True,239,confirmation38,2972,geometry_reid_greedy_guard,2972,2972,official_detector,data37-2,ocsort,True,5595
55.40037208945421,38.46482939758664,2893,270,296,45.262241310171596,47.88140539278628,230,39.35656836461126,2702,2,7,135,True,8,0,True,239,confirmation38,2972,geometry_reid_hungarian,2972,2972,official_detector,data37-2,ocsort,True,5595
54.68268579593219,38.45633177740261,2893,270,296,44.93120693717279,46.94758958795377,278,38.498659517426276,2702,0,0,0,True,8,0,True,239,confirmation38,2972,no_refinement,2972,2972,official_detector,data37-2,ocsort,True,5595
71.06105959329136,28.381357301769654,422,11,9,44.77285542978205,47.33861834654587,14,30.911901081916536,225,0,0,0,True,8,0,True,27,confirmation38,236,aflink_cached_native_dedup,236,236,official_detector,data39-1,bytetrack,True,647
71.06105959329136,28.381357301769654,422,11,9,44.77285542978205,47.33861834654587,14,30.911901081916536,225,0,0,0,False,8,0,True,27,confirmation38,236,aflink_cached_native_saved,236,236,official_detector,data39-1,bytetrack,False,647
71.06105959329136,28.381357301769654,422,11,9,44.77285542978205,47.33861834654587,14,30.911901081916536,225,0,0,0,True,8,0,True,27,confirmation38,236,aflink_cached_no_dedup,236,236,official_detector,data39-1,bytetrack,True,647
71.06105959329136,28.381357301769654,422,11,9,44.77285542978205,47.33861834654587,14,30.911901081916536,225,0,0,0,True,8,0,True,27,confirmation38,236,aflink_cached_overlap_safe,236,236,official_detector,data39-1,bytetrack,True,647
71.1928507344876,28.392206260429347,422,11,9,44.824915019063276,47.7916194790487,11,31.375579598145286,225,0,0,10,True,8,0,True,27,confirmation38,236,com3d_reciprocal_guard,236,236,official_detector,data39-1,bytetrack,True,647
71.3451396783571,28.392206260429347,422,11,9,44.87539204785233,48.01812004530011,9,31.68469860896445,225,0,0,15,True,8,0,True,27,confirmation38,236,controlled_cost_greedy,236,236,official_detector,data39-1,bytetrack,True,647
71.42050277686785,28.392206260429347,422,11,9,44.90007977508802,48.69762174405436,9,31.68469860896445,225,0,0,9,True,8,0,True,27,confirmation38,236,controlled_cost_reciprocal,236,236,official_detector,data39-1,bytetrack,True,647
71.2615051347137,28.392206260429347,422,11,9,44.847512997681186,47.7916194790487,10,31.530139103554866,225,0,0,15,True,8,0,True,27,confirmation38,236,geometry_greedy,236,236,official_detector,data39-1,bytetrack,True,647
71.52378222567789,28.359725536637214,422,11,9,44.90964714153967,48.24462061155153,8,31.839258114374037,225,0,0,16,True,8,0,True,27,confirmation38,236,geometry_reid_greedy_guard,236,236,official_detector,data39-1,bytetrack,True,647
71.50761960068262,28.392206260429347,422,11,9,44.92868401873641,48.69762174405436,8,31.839258114374037,225,0,0,14,True,8,0,True,27,confirmation38,236,geometry_reid_hungarian,236,236,official_detector,data39-1,bytetrack,True,647
71.06105959329136,28.381357301769654,422,11,9,44.77285542978205,47.33861834654587,14,30.911901081916536,225,0,0,0,True,8,0,True,27,confirmation38,236,no_refinement,236,236,official_detector,data39-1,bytetrack,True,647
71.21023882222438,35.12611586826144,374,10,6,49.6515400741643,56.774193548387096,3,40.1854714064915,273,0,0,0,True,8,0,True,12,confirmation38,283,aflink_cached_native_dedup,283,283,official_detector,data39-1,deepocsort,True,647
71.19344606162763,35.11086705269539,374,10,6,49.63296988318578,56.774193548387096,3,40.1854714064915,273,0,0,0,False,8,0,True,12,confirmation38,283,aflink_cached_native_saved,283,283,official_detector,data39-1,deepocsort,False,647
71.21023882222438,35.12611586826144,374,10,6,49.6515400741643,56.774193548387096,3,40.1854714064915,273,0,0,0,True,8,0,True,12,confirmation38,283,aflink_cached_no_dedup,283,283,official_detector,data39-1,deepocsort,True,647
71.21023882222438,35.12611586826144,374,10,6,49.6515400741643,56.774193548387096,3,40.1854714064915,273,0,0,0,True,8,0,True,12,confirmation38,283,aflink_cached_overlap_safe,283,283,official_detector,data39-1,deepocsort,True,647
72.01357269674907,35.12611586826144,374,10,6,49.94351757995767,57.41935483870968,2,40.34003091190108,273,1,0,3,True,8,0,True,12,confirmation38,283,com3d_reciprocal_guard,283,283,official_detector,data39-1,deepocsort,True,647
72.30144900612038,35.09169580715769,374,10,6,50.026642340854835,57.8494623655914,1,40.49459041731067,273,1,0,4,True,8,0,True,12,confirmation38,283,controlled_cost_greedy,283,283,official_detector,data39-1,deepocsort,True,647
72.30144900612038,35.09169580715769,374,10,6,50.026642340854835,57.8494623655914,1,40.49459041731067,273,1,0,4,True,8,0,True,12,confirmation38,283,controlled_cost_reciprocal,283,283,official_detector,data39-1,deepocsort,True,647
72.07437366341796,35.12611586826144,374,10,6,49.96596029813631,57.8494623655914,1,40.49459041731067,273,1,0,4,True,8,0,True,12,confirmation38,283,geometry_greedy,283,283,official_detector,data39-1,deepocsort,True,647
71.72083920032655,35.12611586826144,374,10,6,49.8378455797778,57.8494623655914,1,40.49459041731067,273,1,0,4,True,8,0,True,12,confirmation38,283,geometry_reid_greedy_guard,283,283,official_detector,data39-1,deepocsort,True,647
72.30144900612038,35.09169580715769,374,10,6,50.026642340854835,57.8494623655914,1,40.49459041731067,273,1,0,4,True,8,0,True,12,confirmation38,283,geometry_reid_hungarian,283,283,official_detector,data39-1,deepocsort,True,647
71.21023882222438,35.12611586826144,374,10,6,49.6515400741643,56.774193548387096,3,40.1854714064915,273,0,0,0,True,8,0,True,12,confirmation38,283,no_refinement,283,283,official_detector,data39-1,deepocsort,True,647
79.67905465238798,27.132132882528904,447,12,3,46.418088498238745,45.63445867287544,3,28.593508500772796,200,0,0,0,True,8,0,True,14,confirmation38,212,aflink_cached_native_dedup,212,212,official_detector,data39-1,ocsort,True,647
79.63756022330287,27.124556833638604,447,12,3,46.400271810240625,45.63445867287544,3,28.593508500772796,200,0,0,0,False,8,0,True,14,confirmation38,212,aflink_cached_native_saved,212,212,official_detector,data39-1,ocsort,False,647
79.67905465238798,27.132132882528904,447,12,3,46.418088498238745,45.63445867287544,3,28.593508500772796,200,0,0,0,True,8,0,True,14,confirmation38,212,aflink_cached_no_dedup,212,212,official_detector,data39-1,ocsort,True,647
79.67905465238798,27.132132882528904,447,12,3,46.418088498238745,45.63445867287544,3,28.593508500772796,200,0,0,0,True,8,0,True,14,confirmation38,212,aflink_cached_overlap_safe,212,212,official_detector,data39-1,ocsort,True,647
79.62423936415574,27.132132882528904,447,12,3,46.40148270348915,45.401629802095464,3,28.593508500772796,200,0,0,5,True,8,0,True,14,confirmation38,212,com3d_reciprocal_guard,212,212,official_detector,data39-1,ocsort,True,647
79.74124339963821,27.121578799302775,447,12,3,46.42815562001738,45.401629802095464,2,28.748068006182383,200,0,0,8,True,8,0,True,14,confirmation38,212,controlled_cost_greedy,212,212,official_detector,data39-1,ocsort,True,647
79.71551234494075,27.121578799302775,447,12,3,46.42046430545296,45.63445867287544,3,28.593508500772796,200,0,0,4,True,8,0,True,14,confirmation38,212,controlled_cost_reciprocal,212,212,official_detector,data39-1,ocsort,True,647
79.62068713033935,27.132132882528904,447,12,3,46.4004778652739,45.16880093131548,3,28.593508500772796,200,0,0,8,True,8,0,True,14,confirmation38,212,geometry_greedy,212,212,official_detector,data39-1,ocsort,True,647
79.65632428082358,27.121578799302775,447,12,3,46.402576800994886,45.401629802095464,3,28.593508500772796,200,0,0,7,True,8,0,True,14,confirmation38,212,geometry_reid_greedy_guard,212,212,official_detector,data39-1,ocsort,True,647
79.70057716819392,27.121578799302775,447,12,3,46.4160198855755,45.16880093131548,3,28.593508500772796,200,0,0,7,True,8,0,True,14,confirmation38,212,geometry_reid_hungarian,212,212,official_detector,data39-1,ocsort,True,647
79.67905465238798,27.132132882528904,447,12,3,46.418088498238745,45.63445867287544,3,28.593508500772796,200,0,0,0,True,8,0,True,14,confirmation38,212,no_refinement,212,212,official_detector,data39-1,ocsort,True,647
2.828952302539033,10.51543379461075,394,1,23,5.309358985569359,6.779661016949152,43,5.194805194805195,68,0,0,0,True,8,0,True,39,confirmation38,69,aflink_cached_native_dedup,69,69,official_detector,data39-2,bytetrack,True,462
2.828952302539033,10.51543379461075,394,1,23,5.309358985569359,6.779661016949152,43,5.194805194805195,68,0,0,0,False,8,0,True,39,confirmation38,69,aflink_cached_native_saved,69,69,official_detector,data39-2,bytetrack,False,462
2.828952302539033,10.51543379461075,394,1,23,5.309358985569359,6.779661016949152,43,5.194805194805195,68,0,0,0,True,8,0,True,39,confirmation38,69,aflink_cached_no_dedup,69,69,official_detector,data39-2,bytetrack,True,462
2.828952302539033,10.51543379461075,394,1,23,5.309358985569359,6.779661016949152,43,5.194805194805195,68,0,0,0,True,8,0,True,39,confirmation38,69,aflink_cached_overlap_safe,69,69,official_detector,data39-2,bytetrack,True,462
7.095344581497759,10.51543379461075,394,1,23,8.586392418090034,11.67608286252354,25,9.090909090909092,68,0,0,19,True,8,0,True,39,confirmation38,69,com3d_reciprocal_guard,69,69,official_detector,data39-2,bytetrack,True,462
7.632676024614223,10.51543379461075,394,1,23,8.902733445922713,12.429378531073446,23,9.523809523809524,68,0,0,21,True,8,0,True,39,confirmation38,69,controlled_cost_greedy,69,69,official_detector,data39-2,bytetrack,True,462
7.267199133741653,10.51543379461075,394,1,23,8.6904482407669,12.052730696798493,26,8.874458874458876,68,0,0,19,True,8,0,True,39,confirmation38,69,controlled_cost_reciprocal,69,69,official_detector,data39-2,bytetrack,True,462
7.533477389931309,10.51543379461075,394,1,23,8.844421673825229,12.429378531073446,23,9.523809523809524,68,0,0,24,True,8,0,True,39,confirmation38,69,geometry_greedy,69,69,official_detector,data39-2,bytetrack,True,462
6.065140678534583,10.51543379461075,394,1,23,7.899295356185069,10.922787193973635,24,9.307359307359308,68,0,0,21,True,8,0,True,39,confirmation38,69,geometry_reid_greedy_guard,69,69,official_detector,data39-2,bytetrack,True,462
7.275183213557539,10.51543379461075,394,1,23,8.695334667124213,12.052730696798493,27,8.658008658008658,68,0,0,20,True,8,0,True,39,confirmation38,69,geometry_reid_hungarian,69,69,official_detector,data39-2,bytetrack,True,462
2.828952302539033,10.51543379461075,394,1,23,5.309358985569359,6.779661016949152,43,5.194805194805195,68,0,0,0,True,8,0,True,39,confirmation38,69,no_refinement,69,69,official_detector,data39-2,bytetrack,True,462
66.84650547276803,64.29456991598005,51,6,10,65.42562034161993,91.92263936291239,1,87.44588744588745,411,0,0,0,True,8,0,True,2,confirmation38,417,aflink_cached_native_dedup,417,417,official_detector,data39-2,deepocsort,True,462
66.80594658946742,64.27971356705638,51,6,10,65.39997158413424,91.92263936291239,1,87.44588744588745,411,0,0,0,False,8,0,True,2,confirmation38,417,aflink_cached_native_saved,417,417,official_detector,data39-2,deepocsort,False,462
66.84650547276803,64.29456991598005,51,6,10,65.42562034161993,91.92263936291239,1,87.44588744588745,411,0,0,0,True,8,0,True,2,confirmation38,417,aflink_cached_no_dedup,417,417,official_detector,data39-2,deepocsort,True,462
66.84650547276803,64.29456991598005,51,6,10,65.42562034161993,91.92263936291239,1,87.44588744588745,411,0,0,0,True,8,0,True,2,confirmation38,417,aflink_cached_overlap_safe,417,417,official_detector,data39-2,deepocsort,True,462
66.84650547276803,64.29456991598005,51,6,10,65.42562034161993,91.92263936291239,1,87.44588744588745,411,0,0,0,True,8,0,True,2,confirmation38,417,com3d_reciprocal_guard,417,417,official_detector,data39-2,deepocsort,True,462
66.84650547276803,64.29456991598005,51,6,10,65.42562034161993,91.92263936291239,1,87.44588744588745,411,0,0,0,True,8,0,True,2,confirmation38,417,controlled_cost_greedy,417,417,official_detector,data39-2,deepocsort,True,462
66.84650547276803,64.29456991598005,51,6,10,65.42562034161993,91.92263936291239,1,87.44588744588745,411,0,0,0,True,8,0,True,2,confirmation38,417,controlled_cost_reciprocal,417,417,official_detector,data39-2,deepocsort,True,462
66.84650547276803,64.29456991598005,51,6,10,65.42562034161993,91.92263936291239,1,87.44588744588745,411,0,0,0,True,8,0,True,2,confirmation38,417,geometry_greedy,417,417,official_detector,data39-2,deepocsort,True,462
66.84650547276803,64.29456991598005,51,6,10,65.42562034161993,91.92263936291239,1,87.44588744588745,411,0,0,0,True,8,0,True,2,confirmation38,417,geometry_reid_greedy_guard,417,417,official_detector,data39-2,deepocsort,True,462
66.84650547276803,64.29456991598005,51,6,10,65.42562034161993,91.92263936291239,1,87.44588744588745,411,0,0,0,True,8,0,True,2,confirmation38,417,geometry_reid_hungarian,417,417,official_detector,data39-2,deepocsort,True,462
66.84650547276803,64.29456991598005,51,6,10,65.42562034161993,91.92263936291239,1,87.44588744588745,411,0,0,0,True,8,0,True,2,confirmation38,417,no_refinement,417,417,official_detector,data39-2,deepocsort,True,462
11.959084410681953,9.277362729344448,405,0,6,10.170970086939327,14.258188824662813,17,8.658008658008658,57,0,0,0,True,8,0,True,17,confirmation38,57,aflink_cached_native_dedup,57,57,official_detector,data39-2,ocsort,True,462
11.959084410681953,9.277362729344448,405,0,6,10.170970086939327,14.258188824662813,17,8.658008658008658,57,0,0,0,False,8,0,True,17,confirmation38,57,aflink_cached_native_saved,57,57,official_detector,data39-2,ocsort,False,462
11.959084410681953,9.277362729344448,405,0,6,10.170970086939327,14.258188824662813,17,8.658008658008658,57,0,0,0,True,8,0,True,17,confirmation38,57,aflink_cached_no_dedup,57,57,official_detector,data39-2,ocsort,True,462
11.959084410681953,9.277362729344448,405,0,6,10.170970086939327,14.258188824662813,17,8.658008658008658,57,0,0,0,True,8,0,True,17,confirmation38,57,aflink_cached_overlap_safe,57,57,official_detector,data39-2,ocsort,True,462
13.508807840598951,9.277362729344448,405,0,6,10.877856359367154,18.11175337186898,9,10.38961038961039,57,0,0,10,True,8,0,True,17,confirmation38,57,com3d_reciprocal_guard,57,57,official_detector,data39-2,ocsort,True,462
13.508807840598951,9.277362729344448,405,0,6,10.877856359367154,18.11175337186898,9,10.38961038961039,57,0,0,10,True,8,0,True,17,confirmation38,57,controlled_cost_greedy,57,57,official_detector,data39-2,ocsort,True,462
13.508807840598951,9.277362729344448,405,0,6,10.877856359367154,18.11175337186898,9,10.38961038961039,57,0,0,10,True,8,0,True,17,confirmation38,57,controlled_cost_reciprocal,57,57,official_detector,data39-2,ocsort,True,462
13.422601676472052,9.277362729344448,405,0,6,10.837614133759343,17.726396917148364,10,10.173160173160174,57,0,0,10,True,8,0,True,17,confirmation38,57,geometry_greedy,57,57,official_detector,data39-2,ocsort,True,462
13.508807840598951,9.277362729344448,405,0,6,10.877856359367154,18.11175337186898,9,10.38961038961039,57,0,0,10,True,8,0,True,17,confirmation38,57,geometry_reid_greedy_guard,57,57,official_detector,data39-2,ocsort,True,462
13.508807840598951,9.277362729344448,405,0,6,10.877856359367154,18.11175337186898,9,10.38961038961039,57,0,0,10,True,8,0,True,17,confirmation38,57,geometry_reid_hungarian,57,57,official_detector,data39-2,ocsort,True,462
11.959084410681953,9.277362729344448,405,0,6,10.170970086939327,14.258188824662813,17,8.658008658008658,57,0,0,0,True,8,0,True,17,confirmation38,57,no_refinement,57,57,official_detector,data39-2,ocsort,True,462
4.51775436012966,7.597379473686917,1147,41,57,5.631913762315674,5.013927576601671,76,0.5507474429583006,124,0,0,0,True,8,0,True,104,confirmation38,165,aflink_cached_native_dedup,165,165,official_detector,data39-3,bytetrack,True,1271
4.51775436012966,7.597379473686917,1147,41,57,5.631913762315674,5.013927576601671,76,0.5507474429583006,124,0,0,0,False,8,0,True,104,confirmation38,165,aflink_cached_native_saved,165,165,official_detector,data39-3,bytetrack,False,1271
4.51775436012966,7.597379473686917,1147,41,57,5.631913762315674,5.013927576601671,76,0.5507474429583006,124,0,0,0,True,8,0,True,104,confirmation38,165,aflink_cached_no_dedup,165,165,official_detector,data39-3,bytetrack,True,1271
4.51775436012966,7.597379473686917,1147,41,57,5.631913762315674,5.013927576601671,76,0.5507474429583006,124,0,0,0,True,8,0,True,104,confirmation38,165,aflink_cached_overlap_safe,165,165,official_detector,data39-3,bytetrack,True,1271
6.794743671392328,7.597379473686917,1147,41,57,6.963102721260029,7.520891364902507,53,2.3603461841070024,124,0,0,34,True,8,0,True,104,confirmation38,165,com3d_reciprocal_guard,165,165,official_detector,data39-3,bytetrack,True,1271
7.285909348209879,7.597379473686917,1147,41,57,7.230227243371326,8.07799442896936,47,2.832415420928403,124,0,0,41,True,8,0,True,104,confirmation38,165,controlled_cost_greedy,165,165,official_detector,data39-3,bytetrack,True,1271
7.198034996149434,7.597379473686917,1147,41,57,7.180960829368875,7.938718662952645,48,2.753737214791503,124,0,0,37,True,8,0,True,104,confirmation38,165,controlled_cost_reciprocal,165,165,official_detector,data39-3,bytetrack,True,1271
7.169697282730758,7.597379473686917,1147,41,57,7.1706818034899005,8.217270194986073,53,2.3603461841070024,124,0,0,48,True,8,0,True,104,confirmation38,165,geometry_greedy,165,165,official_detector,data39-3,bytetrack,True,1271
7.535706705910071,7.615476874654783,1147,41,57,7.364178439380808,8.635097493036211,47,2.832415420928403,124,0,0,43,True,8,0,True,104,confirmation38,165,geometry_reid_greedy_guard,165,165,official_detector,data39-3,bytetrack,True,1271
7.271838801432211,7.615462475972658,1147,41,57,7.226535935348369,8.07799442896936,49,2.675059008654603,124,0,0,41,True,8,0,True,104,confirmation38,165,geometry_reid_hungarian,165,165,official_detector,data39-3,bytetrack,True,1271
4.51775436012966,7.597379473686917,1147,41,57,5.631913762315674,5.013927576601671,76,0.5507474429583006,124,0,0,0,True,8,0,True,104,confirmation38,165,no_refinement,165,165,official_detector,data39-3,bytetrack,True,1271
41.667885689449186,33.948171603737634,673,118,58,37.58342951877328,47.10619023653749,23,35.95594020456333,598,0,0,1,True,8,0,True,47,confirmation38,716,aflink_cached_native_dedup,716,716,official_detector,data39-3,deepocsort,True,1271
41.665066302235516,33.94640988724433,673,118,58,37.58095509817118,47.10619023653749,23,35.95594020456333,598,0,0,1,False,8,0,True,47,confirmation38,716,aflink_cached_native_saved,716,716,official_detector,data39-3,deepocsort,False,1271
41.667885689449186,33.948171603737634,673,118,58,37.58342951877328,47.10619023653749,23,35.95594020456333,598,0,0,1,True,8,0,True,47,confirmation38,716,aflink_cached_no_dedup,716,716,official_detector,data39-3,deepocsort,True,1271
41.667885689449186,33.948171603737634,673,118,58,37.58342951877328,47.10619023653749,23,35.95594020456333,598,0,0,1,True,8,0,True,47,confirmation38,716,aflink_cached_overlap_safe,716,716,official_detector,data39-3,deepocsort,True,1271
43.789920092190485,33.948171603737634,673,118,58,38.532132054156605,49.823855057876195,16,36.50668764752164,598,0,0,11,True,8,0,True,47,confirmation38,716,com3d_reciprocal_guard,716,716,official_detector,data39-3,deepocsort,True,1271
43.65911198663463,33.948171603737634,673,118,58,38.47509625195673,49.823855057876195,16,36.50668764752164,598,0,0,12,True,8,0,True,47,confirmation38,716,controlled_cost_greedy,716,716,official_detector,data39-3,deepocsort,True,1271
43.789920092190485,33.948171603737634,673,118,58,38.532132054156605,49.823855057876195,16,36.50668764752164,598,0,0,11,True,8,0,True,47,confirmation38,716,controlled_cost_reciprocal,716,716,official_detector,data39-3,deepocsort,True,1271
43.22210868098182,33.948171603737634,673,118,58,38.284612857160305,49.823855057876195,16,36.50668764752164,598,0,0,13,True,8,0,True,47,confirmation38,716,geometry_greedy,716,716,official_detector,data39-3,deepocsort,True,1271
43.65911198663463,33.948171603737634,673,118,58,38.47509625195673,49.823855057876195,16,36.50668764752164,598,0,0,12,True,8,0,True,47,confirmation38,716,geometry_reid_greedy_guard,716,716,official_detector,data39-3,deepocsort,True,1271
43.789920092190485,33.948171603737634,673,118,58,38.532132054156605,49.823855057876195,16,36.50668764752164,598,0,0,11,True,8,0,True,47,confirmation38,716,geometry_reid_hungarian,716,716,official_detector,data39-3,deepocsort,True,1271
39.741584329610774,33.948171603737634,673,118,58,36.70899522714762,44.992450931051835,24,35.877261998426434,598,0,0,0,True,8,0,True,47,confirmation38,716,no_refinement,716,716,official_detector,data39-3,deepocsort,True,1271
1.722854235917749,2.101146777167176,1237,14,5,1.8424042875987356,2.122820318423048,20,0.0,34,0,0,0,True,8,0,True,40,confirmation38,48,aflink_cached_native_dedup,48,48,official_detector,data39-3,ocsort,True,1271
1.722854235917749,2.101146777167176,1237,14,5,1.8424042875987356,2.122820318423048,20,0.0,34,0,0,0,False,8,0,True,40,confirmation38,48,aflink_cached_native_saved,48,48,official_detector,data39-3,ocsort,False,1271
1.722854235917749,2.101146777167176,1237,14,5,1.8424042875987356,2.122820318423048,20,0.0,34,0,0,0,True,8,0,True,40,confirmation38,48,aflink_cached_no_dedup,48,48,official_detector,data39-3,ocsort,True,1271
1.722854235917749,2.101146777167176,1237,14,5,1.8424042875987356,2.122820318423048,20,0.0,34,0,0,0,True,8,0,True,40,confirmation38,48,aflink_cached_overlap_safe,48,48,official_detector,data39-3,ocsort,True,1271
3.16185838883822,2.101146777167176,1237,14,5,2.5469407539227222,3.9423805913570886,9,0.865460267505901,34,0,0,20,True,8,0,True,40,confirmation38,48,com3d_reciprocal_guard,48,48,official_detector,data39-3,ocsort,True,1271
3.5268687503620826,2.101146777167176,1237,14,5,2.6981402220740525,4.094010614101592,6,1.1014948859166012,34,0,0,23,True,8,0,True,40,confirmation38,48,controlled_cost_greedy,48,48,official_detector,data39-3,ocsort,True,1271
3.5300431513891435,2.101146777167176,1237,14,5,2.699187846945976,4.094010614101592,6,1.1014948859166012,34,0,0,22,True,8,0,True,40,confirmation38,48,controlled_cost_reciprocal,48,48,official_detector,data39-3,ocsort,True,1271
2.758068150447677,2.101146777167176,1237,14,5,2.37581822129202,3.639120545868082,9,0.865460267505901,34,0,0,22,True,8,0,True,40,confirmation38,48,geometry_greedy,48,48,official_detector,data39-3,ocsort,True,1271
3.5014484385227953,2.101146777167176,1237,14,5,2.6846538810328524,4.094010614101592,7,1.0228166797797011,34,0,0,22,True,8,0,True,40,confirmation38,48,geometry_reid_greedy_guard,48,48,official_detector,data39-3,ocsort,True,1271
3.590543158281008,2.084290537758622,1237,14,5,2.7137875812960055,4.094010614101592,6,1.1014948859166012,34,0,0,24,True,8,0,True,40,confirmation38,48,geometry_reid_hungarian,48,48,official_detector,data39-3,ocsort,True,1271
1.722854235917749,2.101146777167176,1237,14,5,1.8424042875987356,2.122820318423048,20,0.0,34,0,0,0,True,8,0,True,40,confirmation38,48,no_refinement,48,48,official_detector,data39-3,ocsort,True,1271
48.173320825194885,39.37500950606473,1010,147,102,43.097576151848784,43.256837472492926,125,36.59742828882295,1012,0,0,0,True,8,0,True,122,confirmation38,1159,aflink_cached_native_dedup,1159,1159,official_detector,data39-6,bytetrack,True,2022
48.173320825194885,39.37500950606473,1010,147,102,43.097576151848784,43.256837472492926,125,36.59742828882295,1012,0,0,0,False,8,0,True,122,confirmation38,1159,aflink_cached_native_saved,1159,1159,official_detector,data39-6,bytetrack,False,2022
48.173320825194885,39.37500950606473,1010,147,102,43.097576151848784,43.256837472492926,125,36.59742828882295,1012,0,0,0,True,8,0,True,122,confirmation38,1159,aflink_cached_no_dedup,1159,1159,official_detector,data39-6,bytetrack,True,2022
48.173320825194885,39.37500950606473,1010,147,102,43.097576151848784,43.256837472492926,125,36.59742828882295,1012,0,0,0,True,8,0,True,122,confirmation38,1159,aflink_cached_overlap_safe,1159,1159,official_detector,data39-6,bytetrack,True,2022
48.794297863347694,39.37500950606473,1010,147,102,43.40001412713504,44.70292360892801,104,37.63600395647874,1012,0,0,35,True,8,0,True,122,confirmation38,1159,com3d_reciprocal_guard,1159,1159,official_detector,data39-6,bytetrack,True,2022
49.40833568135872,39.400955185568144,1010,147,102,43.70871754558309,46.21188305564288,80,38.82294757665677,1012,0,0,55,True,8,0,True,122,confirmation38,1159,controlled_cost_greedy,1159,1159,official_detector,data39-6,bytetrack,True,2022
48.997660062905204,39.37500950606473,1010,147,102,43.49795164552841,45.520276642565236,97,37.98219584569733,1012,0,0,38,True,8,0,True,122,confirmation38,1159,controlled_cost_reciprocal,1159,1159,official_detector,data39-6,bytetrack,True,2022
49.11708513059762,39.37500950606473,1010,147,102,43.557001393707466,45.520276642565236,88,38.4272997032641,1012,0,0,54,True,8,0,True,122,confirmation38,1159,geometry_greedy,1159,1159,official_detector,data39-6,bytetrack,True,2022
49.72658264510305,39.334956936006115,1010,147,102,43.827471621398836,46.777742848160955,83,38.67457962413452,1012,0,0,55,True,8,0,True,122,confirmation38,1159,geometry_reid_greedy_guard,1159,1159,official_detector,data39-6,bytetrack,True,2022
49.14788967390232,39.36390453631189,1010,147,102,43.56338633436095,45.6460232631248,97,37.98219584569733,1012,0,0,54,True,8,0,True,122,confirmation38,1159,geometry_reid_hungarian,1159,1159,official_detector,data39-6,bytetrack,True,2022
48.173320825194885,39.37500950606473,1010,147,102,43.097576151848784,43.256837472492926,125,36.59742828882295,1012,0,0,0,True,8,0,True,122,confirmation38,1159,no_refinement,1159,1159,official_detector,data39-6,bytetrack,True,2022
77.0660367906837,52.97547457778238,640,181,51,62.9536277288771,72.18967921896791,8,59.00098911968348,1382,0,0,2,True,8,0,True,31,confirmation38,1563,aflink_cached_native_dedup,1563,1563,official_detector,data39-6,deepocsort,True,2022
77.05611004740307,52.97829730905305,639,180,50,62.95144735766039,72.18967921896791,8,59.09990108803165,1383,0,0,2,False,8,0,True,31,confirmation38,1563,aflink_cached_native_saved,1563,1563,official_detector,data39-6,deepocsort,False,2022
77.0660367906837,52.97547457778238,640,181,51,62.9536277288771,72.18967921896791,8,59.00098911968348,1382,0,0,2,True,8,0,True,31,confirmation38,1563,aflink_cached_no_dedup,1563,1563,official_detector,data39-6,deepocsort,True,2022
77.0660367906837,52.97547457778238,640,181,51,62.9536277288771,72.18967921896791,8,59.00098911968348,1382,0,0,2,True,8,0,True,31,confirmation38,1563,aflink_cached_overlap_safe,1563,1563,official_detector,data39-6,deepocsort,True,2022
78.21269547845381,53.00848937629867,640,181,51,63.49188897187472,73.13807531380753,5,59.14935707220573,1382,0,0,5,True,8,0,True,31,confirmation38,1563,com3d_reciprocal_guard,1563,1563,official_detector,data39-6,deepocsort,True,2022
78.21269547845381,53.00848937629867,640,181,51,63.49188897187472,73.13807531380753,5,59.14935707220573,1382,0,0,5,True,8,0,True,31,confirmation38,1563,controlled_cost_greedy,1563,1563,official_detector,data39-6,deepocsort,True,2022
78.21269547845381,53.00848937629867,640,181,51,63.49188897187472,73.13807531380753,5,59.14935707220573,1382,0,0,5,True,8,0,True,31,confirmation38,1563,controlled_cost_reciprocal,1563,1563,official_detector,data39-6,deepocsort,True,2022
78.11274088978784,53.00848937629867,640,181,51,63.447473439365396,73.13807531380753,5,59.14935707220573,1382,0,0,6,True,8,0,True,31,confirmation38,1563,geometry_greedy,1563,1563,official_detector,data39-6,deepocsort,True,2022
78.21269547845381,53.00848937629867,640,181,51,63.49188897187472,73.13807531380753,5,59.14935707220573,1382,0,0,5,True,8,0,True,31,confirmation38,1563,geometry_reid_greedy_guard,1563,1563,official_detector,data39-6,deepocsort,True,2022
78.21269547845381,53.00848937629867,640,181,51,63.49188897187472,73.13807531380753,5,59.14935707220573,1382,0,0,5,True,8,0,True,31,confirmation38,1563,geometry_reid_hungarian,1563,1563,official_detector,data39-6,deepocsort,True,2022
76.41718523346135,53.012717446096715,640,181,51,62.67866037894604,71.46443514644352,10,58.902077151335305,1382,0,0,0,True,8,0,True,31,confirmation38,1563,no_refinement,1563,1563,official_detector,data39-6,deepocsort,True,2022
59.74378791053471,38.41618738826154,1120,94,32,47.63368445770958,46.38833664678595,49,37.53709198813057,902,0,0,0,True,8,0,True,67,confirmation38,996,aflink_cached_native_dedup,996,996,official_detector,data39-6,ocsort,True,2022
59.740367627768265,38.41973666284768,1119,93,32,47.63441077411931,46.38833664678595,49,37.63600395647874,903,0,0,0,False,8,0,True,67,confirmation38,996,aflink_cached_native_saved,996,996,official_detector,data39-6,ocsort,False,2022
59.74378791053471,38.41618738826154,1120,94,32,47.63368445770958,46.38833664678595,49,37.53709198813057,902,0,0,0,True,8,0,True,67,confirmation38,996,aflink_cached_no_dedup,996,996,official_detector,data39-6,ocsort,True,2022
59.74378791053471,38.41618738826154,1120,94,32,47.63368445770958,46.38833664678595,49,37.53709198813057,902,0,0,0,True,8,0,True,67,confirmation38,996,aflink_cached_overlap_safe,996,996,official_detector,data39-6,ocsort,True,2022
59.862062091254586,38.39088591540401,1120,94,32,47.67031187197337,46.98475811795891,39,38.031651829871414,902,0,1,23,True,8,0,True,67,confirmation38,996,com3d_reciprocal_guard,996,996,official_detector,data39-6,ocsort,True,2022
59.969823520566564,38.39807599740754,1120,94,32,47.71961660485856,47.18356527501656,36,38.18001978239367,902,0,1,29,True,8,0,True,67,confirmation38,996,controlled_cost_greedy,996,996,official_detector,data39-6,ocsort,True,2022
59.96405596147497,38.39088591540401,1120,94,32,47.71278610887787,47.18356527501656,37,38.13056379821958,902,0,1,24,True,8,0,True,67,confirmation38,996,controlled_cost_reciprocal,996,996,official_detector,data39-6,ocsort,True,2022
59.954992082988554,38.39807599740754,1120,94,32,47.71338514398898,47.11729622266402,37,38.13056379821958,902,0,1,29,True,8,0,True,67,confirmation38,996,geometry_greedy,996,996,official_detector,data39-6,ocsort,True,2022
60.25970935823533,38.40897324531649,1120,94,32,47.84641285087049,47.58117958913188,34,38.27893175074184,902,0,1,29,True,8,0,True,67,confirmation38,996,geometry_reid_greedy_guard,996,996,official_detector,data39-6,ocsort,True,2022
60.02011694848831,38.39088591540401,1120,94,32,47.736378650735176,47.31610337972167,37,38.13056379821958,902,0,1,29,True,8,0,True,67,confirmation38,996,geometry_reid_hungarian,996,996,official_detector,data39-6,ocsort,True,2022
59.74378791053471,38.41618738826154,1120,94,32,47.63368445770958,46.38833664678595,49,37.53709198813057,902,0,0,0,True,8,0,True,67,confirmation38,996,no_refinement,996,996,official_detector,data39-6,ocsort,True,2022
54.54682297361996,21.340470925785326,451,66,8,34.02440239083943,35.83815028901734,16,14.719999999999999,174,0,0,0,True,8,0,True,19,confirmation38,240,aflink_cached_native_dedup,240,240,official_detector,data40-3,bytetrack,True,625
54.57248074098959,21.33790771938584,451,66,8,34.03094169345643,35.83815028901734,16,14.719999999999999,174,0,0,0,False,8,0,True,19,confirmation38,240,aflink_cached_native_saved,240,240,official_detector,data40-3,bytetrack,False,625
54.54682297361996,21.340470925785326,451,66,8,34.02440239083943,35.83815028901734,16,14.719999999999999,174,0,0,0,True,8,0,True,19,confirmation38,240,aflink_cached_no_dedup,240,240,official_detector,data40-3,bytetrack,True,625
54.54682297361996,21.340470925785326,451,66,8,34.02440239083943,35.83815028901734,16,14.719999999999999,174,0,0,0,True,8,0,True,19,confirmation38,240,aflink_cached_overlap_safe,240,240,official_detector,data40-3,bytetrack,True,625
55.839098936988854,21.340470925785326,451,66,8,34.43594420173709,37.22543352601156,13,15.2,174,0,0,5,True,8,0,True,19,confirmation38,240,com3d_reciprocal_guard,240,240,official_detector,data40-3,bytetrack,True,625
56.377759568583755,21.340470925785326,451,66,8,34.61386885121826,37.6878612716763,10,15.68,174,0,0,6,True,8,0,True,19,confirmation38,240,controlled_cost_greedy,240,240,official_detector,data40-3,bytetrack,True,625
56.035633431343044,21.340470925785326,451,66,8,34.50653088195021,37.45664739884393,12,15.36,174,0,0,5,True,8,0,True,19,confirmation38,240,controlled_cost_reciprocal,240,240,official_detector,data40-3,bytetrack,True,625
56.53429903376674,21.340470925785326,451,66,8,34.656307362994866,37.6878612716763,10,15.68,174,0,0,6,True,8,0,True,19,confirmation38,240,geometry_greedy,240,240,official_detector,data40-3,bytetrack,True,625
56.53429903376674,21.340470925785326,451,66,8,34.656307362994866,37.6878612716763,10,15.68,174,0,0,6,True,8,0,True,19,confirmation38,240,geometry_reid_greedy_guard,240,240,official_detector,data40-3,bytetrack,True,625
56.035633431343044,21.340470925785326,451,66,8,34.50653088195021,37.45664739884393,12,15.36,174,0,0,5,True,8,0,True,19,confirmation38,240,geometry_reid_hungarian,240,240,official_detector,data40-3,bytetrack,True,625
54.54682297361996,21.340470925785326,451,66,8,34.02440239083943,35.83815028901734,16,14.719999999999999,174,0,0,0,True,8,0,True,19,confirmation38,240,no_refinement,240,240,official_detector,data40-3,bytetrack,True,625
53.24437003231539,27.866075865729183,401,43,15,38.38746215685539,42.152466367713004,23,25.28,224,0,0,0,True,8,0,True,32,confirmation38,267,aflink_cached_native_dedup,267,267,official_detector,data40-3,deepocsort,True,625
53.246482061272246,27.866580861855024,401,43,15,38.387802289761076,42.152466367713004,23,25.28,224,0,0,0,False,8,0,True,32,confirmation38,267,aflink_cached_native_saved,267,267,official_detector,data40-3,deepocsort,False,625
53.24437003231539,27.866075865729183,401,43,15,38.38746215685539,42.152466367713004,23,25.28,224,0,0,0,True,8,0,True,32,confirmation38,267,aflink_cached_no_dedup,267,267,official_detector,data40-3,deepocsort,True,625
53.24437003231539,27.866075865729183,401,43,15,38.38746215685539,42.152466367713004,23,25.28,224,0,0,0,True,8,0,True,32,confirmation38,267,aflink_cached_overlap_safe,267,267,official_detector,data40-3,deepocsort,True,625
56.62203783148264,27.866075865729183,401,43,15,39.63146482032929,45.51569506726457,13,26.88,224,0,0,13,True,8,0,True,32,confirmation38,267,com3d_reciprocal_guard,267,267,official_detector,data40-3,deepocsort,True,625
56.63805992618446,27.866075865729183,401,43,15,39.636697100020626,45.2914798206278,10,27.36,224,0,0,15,True,8,0,True,32,confirmation38,267,controlled_cost_greedy,267,267,official_detector,data40-3,deepocsort,True,625
56.91488798824012,27.866075865729183,401,43,15,39.7334975502878,45.2914798206278,10,27.36,224,0,0,14,True,8,0,True,32,confirmation38,267,controlled_cost_reciprocal,267,267,official_detector,data40-3,deepocsort,True,625
56.653879992171454,27.866075865729183,401,43,15,39.64241925906761,45.51569506726457,12,27.04,224,0,0,15,True,8,0,True,32,confirmation38,267,geometry_greedy,267,267,official_detector,data40-3,deepocsort,True,625
56.77199921866618,27.866075865729183,401,43,15,39.68495160557809,45.73991031390135,9,27.52,224,0,0,15,True,8,0,True,32,confirmation38,267,geometry_reid_greedy_guard,267,267,official_detector,data40-3,deepocsort,True,625
56.63805992618446,27.866075865729183,401,43,15,39.636697100020626,45.2914798206278,10,27.36,224,0,0,15,True,8,0,True,32,confirmation38,267,geometry_reid_hungarian,267,267,official_detector,data40-3,deepocsort,True,625
53.24437003231539,27.866075865729183,401,43,15,38.38746215685539,42.152466367713004,23,25.28,224,0,0,0,True,8,0,True,32,confirmation38,267,no_refinement,267,267,official_detector,data40-3,deepocsort,True,625
55.02445345397384,20.49361861601911,460,51,5,33.48149512207399,32.342449464922716,26,14.08,165,0,0,0,True,8,0,True,43,confirmation38,216,aflink_cached_native_dedup,216,216,official_detector,data40-3,ocsort,True,625
55.02445345397384,20.49361861601911,460,51,5,33.48149512207399,32.342449464922716,26,14.08,165,0,0,0,False,8,0,True,43,confirmation38,216,aflink_cached_native_saved,216,216,official_detector,data40-3,ocsort,False,625
55.02445345397384,20.49361861601911,460,51,5,33.48149512207399,32.342449464922716,26,14.08,165,0,0,0,True,8,0,True,43,confirmation38,216,aflink_cached_no_dedup,216,216,official_detector,data40-3,ocsort,True,625
55.02445345397384,20.49361861601911,460,51,5,33.48149512207399,32.342449464922716,26,14.08,165,0,0,0,True,8,0,True,43,confirmation38,216,aflink_cached_overlap_safe,216,216,official_detector,data40-3,ocsort,True,625
57.72775422002483,20.49361861601911,460,51,5,34.309769057997656,36.385255648038054,8,16.96,165,0,0,21,True,8,0,True,43,confirmation38,216,com3d_reciprocal_guard,216,216,official_detector,data40-3,ocsort,True,625
57.836340850540026,20.49361861601911,460,51,5,34.34332433061684,37.33650416171225,4,17.599999999999998,165,0,0,23,True,8,0,True,43,confirmation38,216,controlled_cost_greedy,216,216,official_detector,data40-3,ocsort,True,625
57.836340850540026,20.49361861601911,460,51,5,34.34332433061684,37.33650416171225,4,17.599999999999998,165,0,0,23,True,8,0,True,43,confirmation38,216,controlled_cost_reciprocal,216,216,official_detector,data40-3,ocsort,True,625
57.76079779205333,20.49361861601911,460,51,5,34.319991929446736,36.86087990487515,8,16.96,165,0,0,23,True,8,0,True,43,confirmation38,216,geometry_greedy,216,216,official_detector,data40-3,ocsort,True,625
57.836340850540026,20.49361861601911,460,51,5,34.34332433061684,37.33650416171225,4,17.599999999999998,165,0,0,23,True,8,0,True,43,confirmation38,216,geometry_reid_greedy_guard,216,216,official_detector,data40-3,ocsort,True,625
57.836340850540026,20.49361861601911,460,51,5,34.34332433061684,37.33650416171225,4,17.599999999999998,165,0,0,23,True,8,0,True,43,confirmation38,216,geometry_reid_hungarian,216,216,official_detector,data40-3,ocsort,True,625
55.02445345397384,20.49361861601911,460,51,5,33.48149512207399,32.342449464922716,26,14.08,165,0,0,0,True,8,0,True,43,confirmation38,216,no_refinement,216,216,official_detector,data40-3,ocsort,True,625
22.929378226411263,2.1903118218370645,2678,26,14,6.252706094074342,3.8515406162464987,18,1.1619462599854757,76,0,0,0,True,8,0,True,70,confirmation38,102,aflink_cached_native_dedup,102,102,official_detector,data40-4,bytetrack,True,2754
22.953487425934483,2.1884115332779808,2678,26,14,6.251775783269983,3.8515406162464987,18,1.1619462599854757,76,0,0,0,False,8,0,True,70,confirmation38,102,aflink_cached_native_saved,102,102,official_detector,data40-4,bytetrack,False,2754
22.929378226411263,2.1903118218370645,2678,26,14,6.252706094074342,3.8515406162464987,18,1.1619462599854757,76,0,0,0,True,8,0,True,70,confirmation38,102,aflink_cached_no_dedup,102,102,official_detector,data40-4,bytetrack,True,2754
22.929378226411263,2.1903118218370645,2678,26,14,6.252706094074342,3.8515406162464987,18,1.1619462599854757,76,0,0,0,True,8,0,True,70,confirmation38,102,aflink_cached_overlap_safe,102,102,official_detector,data40-4,bytetrack,True,2754
22.929560289617555,2.1903118218370645,2678,26,14,6.254154978299392,3.9215686274509802,17,1.1982570806100217,76,0,0,9,True,8,0,True,70,confirmation38,102,com3d_reciprocal_guard,102,102,official_detector,data40-4,bytetrack,True,2754
23.0456614085363,2.1903118218370645,2678,26,14,6.278667217593909,3.9215686274509802,16,1.2345679012345678,76,0,0,13,True,8,0,True,70,confirmation38,102,controlled_cost_greedy,102,102,official_detector,data40-4,bytetrack,True,2754
23.035903603457832,2.1903118218370645,2678,26,14,6.275820900347208,3.9215686274509802,16,1.2345679012345678,76,0,0,11,True,8,0,True,70,confirmation38,102,controlled_cost_reciprocal,102,102,official_detector,data40-4,bytetrack,True,2754
22.70159922345091,2.1903118218370645,2678,26,14,6.208229777798796,3.8515406162464987,17,1.1982570806100217,76,0,0,16,True,8,0,True,70,confirmation38,102,geometry_greedy,102,102,official_detector,data40-4,bytetrack,True,2754
23.272140366293534,2.1903118218370645,2678,26,14,6.326645917026391,3.9215686274509802,17,1.1982570806100217,76,0,0,12,True,8,0,True,70,confirmation38,102,geometry_reid_greedy_guard,102,102,official_detector,data40-4,bytetrack,True,2754
23.019815530120603,2.1903118218370645,2678,26,14,6.273259141856104,3.9215686274509802,17,1.1982570806100217,76,0,0,13,True,8,0,True,70,confirmation38,102,geometry_reid_hungarian,102,102,official_detector,data40-4,bytetrack,True,2754
22.929378226411263,2.1903118218370645,2678,26,14,6.252706094074342,3.8515406162464987,18,1.1619462599854757,76,0,0,0,True,8,0,True,70,confirmation38,102,no_refinement,102,102,official_detector,data40-4,bytetrack,True,2754
41.08150524461471,12.499976035892088,2260,69,62,21.45069784586969,28.58004220681338,9,15.105301379811184,494,0,0,0,True,8,0,True,80,confirmation38,563,aflink_cached_native_dedup,563,563,official_detector,data40-4,deepocsort,True,2754
41.081272182119065,12.496092101747314,2260,69,62,21.44720102517017,28.58004220681338,9,15.105301379811184,494,0,0,0,False,8,0,True,80,confirmation38,563,aflink_cached_native_saved,563,563,official_detector,data40-4,deepocsort,False,2754
41.08150524461471,12.499976035892088,2260,69,62,21.45069784586969,28.58004220681338,9,15.105301379811184,494,0,0,0,True,8,0,True,80,confirmation38,563,aflink_cached_no_dedup,563,563,official_detector,data40-4,deepocsort,True,2754
41.08150524461471,12.499976035892088,2260,69,62,21.45069784586969,28.58004220681338,9,15.105301379811184,494,0,0,0,True,8,0,True,80,confirmation38,563,aflink_cached_overlap_safe,563,563,official_detector,data40-4,deepocsort,True,2754
40.90734016336112,12.486522579520043,2260,69,62,21.38864218313429,28.640337654507086,6,15.214233841684822,494,0,0,10,True,8,0,True,80,confirmation38,563,com3d_reciprocal_guard,563,563,official_detector,data40-4,deepocsort,True,2754
40.90734016336112,12.486522579520043,2260,69,62,21.38864218313429,28.640337654507086,6,15.214233841684822,494,0,0,10,True,8,0,True,80,confirmation38,563,controlled_cost_greedy,563,563,official_detector,data40-4,deepocsort,True,2754
40.90734016336112,12.486522579520043,2260,69,62,21.38864218313429,28.640337654507086,6,15.214233841684822,494,0,0,10,True,8,0,True,80,confirmation38,563,controlled_cost_reciprocal,563,563,official_detector,data40-4,deepocsort,True,2754
40.86866847337965,12.486522579520043,2260,69,62,21.376591974683397,28.640337654507086,6,15.214233841684822,494,0,0,12,True,8,0,True,80,confirmation38,563,geometry_greedy,563,563,official_detector,data40-4,deepocsort,True,2754
40.80027397384398,12.486522579520043,2260,69,62,21.35647998581892,28.519746759119684,6,15.214233841684822,494,0,0,10,True,8,0,True,80,confirmation38,563,geometry_reid_greedy_guard,563,563,official_detector,data40-4,deepocsort,True,2754
40.90734016336112,12.486522579520043,2260,69,62,21.38864218313429,28.640337654507086,6,15.214233841684822,494,0,0,10,True,8,0,True,80,confirmation38,563,geometry_reid_hungarian,563,563,official_detector,data40-4,deepocsort,True,2754
41.08150524461471,12.499976035892088,2260,69,62,21.45069784586969,28.58004220681338,9,15.105301379811184,494,0,0,0,True,8,0,True,80,confirmation38,563,no_refinement,563,563,official_detector,data40-4,deepocsort,True,2754
17.170302144745715,2.8544706366362105,2645,39,3,5.926864196651901,3.5837353549276365,57,0.4720406681190995,109,0,0,0,True,8,0,True,129,confirmation38,148,aflink_cached_native_dedup,148,148,official_detector,data40-4,ocsort,True,2754
17.178109569211884,2.8525895599628903,2645,39,3,5.925735351486161,3.5837353549276365,57,0.4720406681190995,109,0,0,0,False,8,0,True,129,confirmation38,148,aflink_cached_native_saved,148,148,official_detector,data40-4,ocsort,False,2754
17.170302144745715,2.8544706366362105,2645,39,3,5.926864196651901,3.5837353549276365,57,0.4720406681190995,109,0,0,0,True,8,0,True,129,confirmation38,148,aflink_cached_no_dedup,148,148,official_detector,data40-4,ocsort,True,2754
17.170302144745715,2.8544706366362105,2645,39,3,5.926864196651901,3.5837353549276365,57,0.4720406681190995,109,0,0,0,True,8,0,True,129,confirmation38,148,aflink_cached_overlap_safe,148,148,official_detector,data40-4,ocsort,True,2754
22.1101037486403,2.8544706366362105,2645,39,3,7.122546735592043,5.444521019986216,31,1.4161220043572984,109,0,0,53,True,8,0,True,129,confirmation38,148,com3d_reciprocal_guard,148,148,official_detector,data40-4,ocsort,True,2754
25.053633419202388,2.8544706366362105,2645,39,3,7.738742953107314,6.202618883528601,22,1.7429193899782136,109,0,0,65,True,8,0,True,129,confirmation38,148,controlled_cost_greedy,148,148,official_detector,data40-4,ocsort,True,2754
25.21978591878527,2.8544706366362105,2645,39,3,7.7687055476269755,6.271536871123364,22,1.7429193899782136,109,0,0,59,True,8,0,True,129,confirmation38,148,controlled_cost_reciprocal,148,148,official_detector,data40-4,ocsort,True,2754
20.55726784723623,2.8544706366362105,2645,39,3,6.796000628758107,5.237767057201929,35,1.270878721859114,109,0,0,68,True,8,0,True,129,confirmation38,148,geometry_greedy,148,148,official_detector,data40-4,ocsort,True,2754
25.056596004581273,2.8544706366362105,2645,39,3,7.7395698807369895,6.202618883528601,26,1.597676107480029,109,0,0,63,True,8,0,True,129,confirmation38,148,geometry_reid_greedy_guard,148,148,official_detector,data40-4,ocsort,True,2754
25.103609986026935,2.8544706366362105,2645,39,3,7.752729480393978,6.202618883528601,20,1.815541031227306,109,0,0,67,True,8,0,True,129,confirmation38,148,geometry_reid_hungarian,148,148,official_detector,data40-4,ocsort,True,2754
17.170302144745715,2.8544706366362105,2645,39,3,5.926864196651901,3.5837353549276365,57,0.4720406681190995,109,0,0,0,True,8,0,True,129,confirmation38,148,no_refinement,148,148,official_detector,data40-4,ocsort,True,2754
63.39381598706705,46.368400613878585,1470,214,54,54.163397082732935,64.64817320703654,81,50.75334821428571,2114,3,0,0,True,8,0,True,126,confirmation38,2328,aflink_cached_native_dedup,2328,2328,official_detector,data40-5,bytetrack,True,3584
63.38313180322373,46.360416022326575,1471,215,53,54.154398490825606,64.64817320703654,80,50.72544642857143,2113,3,0,0,False,8,0,True,126,confirmation38,2328,aflink_cached_native_saved,2328,2328,official_detector,data40-5,bytetrack,False,3584
63.39381598706705,46.368400613878585,1470,214,54,54.163397082732935,64.64817320703654,81,50.75334821428571,2114,3,0,0,True,8,0,True,126,confirmation38,2328,aflink_cached_no_dedup,2328,2328,official_detector,data40-5,bytetrack,True,3584
63.39381598706705,46.368400613878585,1470,214,54,54.163397082732935,64.64817320703654,81,50.75334821428571,2114,3,0,0,True,8,0,True,126,confirmation38,2328,aflink_cached_overlap_safe,2328,2328,official_detector,data40-5,bytetrack,True,3584
64.01673384070088,46.501876376556275,1470,214,54,54.529998907206476,65.76454668470907,60,51.33928571428571,2114,5,0,51,True,8,0,True,126,confirmation38,2328,com3d_reciprocal_guard,2328,2328,official_detector,data40-5,bytetrack,True,3584
65.40785407041687,46.501876376556275,1470,214,54,55.120129993929545,66.8809201623816,56,51.45089285714286,2114,6,0,53,True,8,0,True,126,confirmation38,2328,controlled_cost_greedy,2328,2328,official_detector,data40-5,bytetrack,True,3584
65.40042075488172,46.501876376556275,1470,214,54,55.11694923468602,66.71177266576454,59,51.3671875,2114,6,0,50,True,8,0,True,126,confirmation38,2328,controlled_cost_reciprocal,2328,2328,official_detector,data40-5,bytetrack,True,3584
64.00133329978739,46.501876376556275,1470,214,54,54.52341616345441,65.96752368064953,56,51.45089285714286,2114,5,0,56,True,8,0,True,126,confirmation38,2328,geometry_greedy,2328,2328,official_detector,data40-5,bytetrack,True,3584
65.41060175055226,46.501876376556275,1470,214,54,55.12130975477765,66.914749661705,55,51.47879464285714,2114,6,0,54,True,8,0,True,126,confirmation38,2328,geometry_reid_greedy_guard,2328,2328,official_detector,data40-5,bytetrack,True,3584
65.40650367178013,46.501876376556275,1470,214,54,55.119553619147474,66.84709066305818,57,51.42299107142857,2114,6,0,54,True,8,0,True,126,confirmation38,2328,geometry_reid_hungarian,2328,2328,official_detector,data40-5,bytetrack,True,3584
57.58864384389392,46.368400613878585,1470,214,54,51.63045723536265,60.18267929634641,84,50.66964285714286,2114,0,0,0,True,8,0,True,126,confirmation38,2328,no_refinement,2328,2328,official_detector,data40-5,bytetrack,True,3584
77.58334860018434,58.869412967454146,957,203,88,67.15050939196153,76.36420330526971,29,66.82477678571429,2627,1,0,0,True,8,0,True,49,confirmation38,2830,aflink_cached_native_dedup,2830,2830,official_detector,data40-5,deepocsort,True,3584
77.58222382060438,58.87487341575085,957,203,88,67.1540521326369,76.36420330526971,29,66.82477678571429,2627,1,0,0,False,8,0,True,49,confirmation38,2830,aflink_cached_native_saved,2830,2830,official_detector,data40-5,deepocsort,False,3584
77.58334860018434,58.869412967454146,957,203,88,67.15050939196153,76.36420330526971,29,66.82477678571429,2627,1,0,0,True,8,0,True,49,confirmation38,2830,aflink_cached_no_dedup,2830,2830,official_detector,data40-5,deepocsort,True,3584
77.58334860018434,58.869412967454146,957,203,88,67.15050939196153,76.36420330526971,29,66.82477678571429,2627,1,0,0,True,8,0,True,49,confirmation38,2830,aflink_cached_overlap_safe,2830,2830,official_detector,data40-5,deepocsort,True,3584
79.15125460437051,58.869412967454146,957,203,88,67.87316041293205,78.6404739632055,20,67.07589285714286,2627,1,0,16,True,8,0,True,49,confirmation38,2830,com3d_reciprocal_guard,2830,2830,official_detector,data40-5,deepocsort,True,3584
79.16622605610986,58.869412967454146,957,203,88,67.87997909762667,78.67165575304023,19,67.10379464285714,2627,1,0,16,True,8,0,True,49,confirmation38,2830,controlled_cost_greedy,2830,2830,official_detector,data40-5,deepocsort,True,3584
79.16622605610986,58.869412967454146,957,203,88,67.87997909762667,78.67165575304023,19,67.10379464285714,2627,1,0,16,True,8,0,True,49,confirmation38,2830,controlled_cost_reciprocal,2830,2830,official_detector,data40-5,deepocsort,True,3584
79.15125460437051,58.869412967454146,957,203,88,67.87316041293205,78.6404739632055,20,67.07589285714286,2627,1,0,16,True,8,0,True,49,confirmation38,2830,geometry_greedy,2830,2830,official_detector,data40-5,deepocsort,True,3584
79.16622605610986,58.869412967454146,957,203,88,67.87997909762667,78.67165575304023,19,67.10379464285714,2627,1,0,16,True,8,0,True,49,confirmation38,2830,geometry_reid_greedy_guard,2830,2830,official_detector,data40-5,deepocsort,True,3584
79.16622605610986,58.869412967454146,957,203,88,67.87997909762667,78.67165575304023,19,67.10379464285714,2627,1,0,16,True,8,0,True,49,confirmation38,2830,geometry_reid_hungarian,2830,2830,official_detector,data40-5,deepocsort,True,3584
76.03018484686613,58.869412967454146,957,203,88,66.4625748710308,75.08574992204554,30,66.796875,2627,0,0,0,True,8,0,True,49,confirmation38,2830,no_refinement,2830,2830,official_detector,data40-5,deepocsort,True,3584
67.76329979623084,49.599545923002324,1546,82,49,57.84363812680259,63.99018232819075,47,53.26450892857143,2038,5,0,0,True,8,0,True,56,confirmation38,2120,aflink_cached_native_dedup,2120,2120,official_detector,data40-5,ocsort,True,3584
67.76189055219501,49.603639449991036,1546,82,49,57.84630277281002,63.99018232819075,47,53.26450892857143,2038,5,0,0,False,8,0,True,56,confirmation38,2120,aflink_cached_native_saved,2120,2120,official_detector,data40-5,ocsort,False,3584
67.76329979623084,49.599545923002324,1546,82,49,57.84363812680259,63.99018232819075,47,53.26450892857143,2038,5,0,0,True,8,0,True,56,confirmation38,2120,aflink_cached_no_dedup,2120,2120,official_detector,data40-5,ocsort,True,3584
67.76329979623084,49.599545923002324,1546,82,49,57.84363812680259,63.99018232819075,47,53.26450892857143,2038,5,0,0,True,8,0,True,56,confirmation38,2120,aflink_cached_overlap_safe,2120,2120,official_detector,data40-5,ocsort,True,3584
67.58848958888585,49.599545923002324,1546,82,49,57.7705249056644,64.23562412342217,42,53.40401785714286,2038,6,0,12,True,8,0,True,56,confirmation38,2120,com3d_reciprocal_guard,2120,2120,official_detector,data40-5,ocsort,True,3584
67.60276468473423,49.599545923002324,1546,82,49,57.77676594161512,64.34081346423562,38,53.515625,2038,6,0,17,True,8,0,True,56,confirmation38,2120,controlled_cost_greedy,2120,2120,official_detector,data40-5,ocsort,True,3584
67.59464867882608,49.599545923002324,1546,82,49,57.77321831213532,64.30575035063114,40,53.45982142857143,2038,6,0,14,True,8,0,True,56,confirmation38,2120,controlled_cost_reciprocal,2120,2120,official_detector,data40-5,ocsort,True,3584
67.59455372367698,49.599545923002324,1546,82,49,57.77317700365195,64.27068723702665,40,53.45982142857143,2038,6,0,17,True,8,0,True,56,confirmation38,2120,geometry_greedy,2120,2120,official_detector,data40-5,ocsort,True,3584
67.32815272273038,49.599545923002324,1546,82,49,57.65934490503675,64.20056100981768,39,53.48772321428571,2038,5,1,17,True,8,0,True,56,confirmation38,2120,geometry_reid_greedy_guard,2120,2120,official_detector,data40-5,ocsort,True,3584
67.60276468473423,49.599545923002324,1546,82,49,57.77676594161512,64.34081346423562,38,53.515625,2038,6,0,17,True,8,0,True,56,confirmation38,2120,geometry_reid_hungarian,2120,2120,official_detector,data40-5,ocsort,True,3584
56.678904581594566,49.599545923002324,1546,82,49,52.90669088511076,56.34642356241234,52,53.125,2038,0,0,0,True,8,0,True,56,confirmation38,2120,no_refinement,2120,2120,official_detector,data40-5,ocsort,True,3584
37.97853351637682,25.40520743210724,237,31,16,30.9274756137704,37.69230769230769,22,20.110192837465565,126,0,0,0,True,8,0,True,24,confirmation38,157,aflink_cached_native_dedup,157,157,official_detector,data41-1,bytetrack,True,363
37.97853351637682,25.40520743210724,237,31,16,30.9274756137704,37.69230769230769,22,20.110192837465565,126,0,0,0,False,8,0,True,24,confirmation38,157,aflink_cached_native_saved,157,157,official_detector,data41-1,bytetrack,False,363
37.97853351637682,25.40520743210724,237,31,16,30.9274756137704,37.69230769230769,22,20.110192837465565,126,0,0,0,True,8,0,True,24,confirmation38,157,aflink_cached_no_dedup,157,157,official_detector,data41-1,bytetrack,True,363
37.97853351637682,25.40520743210724,237,31,16,30.9274756137704,37.69230769230769,22,20.110192837465565,126,0,0,0,True,8,0,True,24,confirmation38,157,aflink_cached_overlap_safe,157,157,official_detector,data41-1,bytetrack,True,363
37.952420039150056,25.40520743210724,237,31,16,30.920720945145725,37.69230769230769,22,20.110192837465565,126,0,0,2,True,8,0,True,24,confirmation38,157,com3d_reciprocal_guard,157,157,official_detector,data41-1,bytetrack,True,363
37.952420039150056,25.40520743210724,237,31,16,30.920720945145725,37.69230769230769,22,20.110192837465565,126,0,0,2,True,8,0,True,24,confirmation38,157,controlled_cost_greedy,157,157,official_detector,data41-1,bytetrack,True,363
37.952420039150056,25.40520743210724,237,31,16,30.920720945145725,37.69230769230769,22,20.110192837465565,126,0,0,2,True,8,0,True,24,confirmation38,157,controlled_cost_reciprocal,157,157,official_detector,data41-1,bytetrack,True,363
37.952420039150056,25.40520743210724,237,31,16,30.920720945145717,37.69230769230769,22,20.110192837465565,126,0,0,3,True,8,0,True,24,confirmation38,157,geometry_greedy,157,157,official_detector,data41-1,bytetrack,True,363
37.952420039150056,25.40520743210724,237,31,16,30.920720945145725,37.69230769230769,22,20.110192837465565,126,0,0,2,True,8,0,True,24,confirmation38,157,geometry_reid_greedy_guard,157,157,official_detector,data41-1,bytetrack,True,363
37.952420039150056,25.40520743210724,237,31,16,30.920720945145725,37.69230769230769,22,20.110192837465565,126,0,0,2,True,8,0,True,24,confirmation38,157,geometry_reid_hungarian,157,157,official_detector,data41-1,bytetrack,True,363
37.97853351637682,25.40520743210724,237,31,16,30.9274756137704,37.69230769230769,22,20.110192837465565,126,0,0,0,True,8,0,True,24,confirmation38,157,no_refinement,157,157,official_detector,data41-1,bytetrack,True,363
72.7558363841511,27.78916541717711,232,75,1,44.96229511007424,43.23374340949033,8,13.223140495867769,131,0,0,0,True,8,0,True,17,confirmation38,206,aflink_cached_native_dedup,206,206,official_detector,data41-1,deepocsort,True,363
72.7558363841511,27.78916541717711,232,75,1,44.96229511007424,43.23374340949033,8,13.223140495867769,131,0,0,0,False,8,0,True,17,confirmation38,206,aflink_cached_native_saved,206,206,official_detector,data41-1,deepocsort,False,363
72.7558363841511,27.78916541717711,232,75,1,44.96229511007424,43.23374340949033,8,13.223140495867769,131,0,0,0,True,8,0,True,17,confirmation38,206,aflink_cached_no_dedup,206,206,official_detector,data41-1,deepocsort,True,363
72.7558363841511,27.78916541717711,232,75,1,44.96229511007424,43.23374340949033,8,13.223140495867769,131,0,0,0,True,8,0,True,17,confirmation38,206,aflink_cached_overlap_safe,206,206,official_detector,data41-1,deepocsort,True,363
74.24000845477113,27.78916541717711,232,75,1,45.41981642715881,45.342706502636204,1,15.151515151515152,131,0,0,8,True,8,0,True,17,confirmation38,206,com3d_reciprocal_guard,206,206,official_detector,data41-1,deepocsort,True,363
74.24000845477113,27.78916541717711,232,75,1,45.41981642715881,45.342706502636204,1,15.151515151515152,131,0,0,8,True,8,0,True,17,confirmation38,206,controlled_cost_greedy,206,206,official_detector,data41-1,deepocsort,True,363
74.24000845477113,27.78916541717711,232,75,1,45.41981642715881,45.342706502636204,1,15.151515151515152,131,0,0,8,True,8,0,True,17,confirmation38,206,controlled_cost_reciprocal,206,206,official_detector,data41-1,deepocsort,True,363
74.24000845477113,27.78916541717711,232,75,1,45.41981642715881,45.342706502636204,1,15.151515151515152,131,0,0,8,True,8,0,True,17,confirmation38,206,geometry_greedy,206,206,official_detector,data41-1,deepocsort,True,363
74.24000845477113,27.78916541717711,232,75,1,45.41981642715881,45.342706502636204,1,15.151515151515152,131,0,0,8,True,8,0,True,17,confirmation38,206,geometry_reid_greedy_guard,206,206,official_detector,data41-1,deepocsort,True,363
74.24000845477113,27.78916541717711,232,75,1,45.41981642715881,45.342706502636204,1,15.151515151515152,131,0,0,8,True,8,0,True,17,confirmation38,206,geometry_reid_hungarian,206,206,official_detector,data41-1,deepocsort,True,363
72.7558363841511,27.78916541717711,232,75,1,44.96229511007424,43.23374340949033,8,13.223140495867769,131,0,0,0,True,8,0,True,17,confirmation38,206,no_refinement,206,206,official_detector,data41-1,deepocsort,True,363
46.422929140616276,26.989550552116455,255,9,7,35.377310392071834,35.833333333333336,13,23.69146005509642,108,0,0,0,True,8,0,True,21,confirmation38,117,aflink_cached_native_dedup,117,117,official_detector,data41-1,ocsort,True,363
46.422929140616276,26.989550552116455,255,9,7,35.377310392071834,35.833333333333336,13,23.69146005509642,108,0,0,0,False,8,0,True,21,confirmation38,117,aflink_cached_native_saved,117,117,official_detector,data41-1,ocsort,False,363
46.422929140616276,26.989550552116455,255,9,7,35.377310392071834,35.833333333333336,13,23.69146005509642,108,0,0,0,True,8,0,True,21,confirmation38,117,aflink_cached_no_dedup,117,117,official_detector,data41-1,ocsort,True,363
46.422929140616276,26.989550552116455,255,9,7,35.377310392071834,35.833333333333336,13,23.69146005509642,108,0,0,0,True,8,0,True,21,confirmation38,117,aflink_cached_overlap_safe,117,117,official_detector,data41-1,ocsort,True,363
48.37686055606927,26.989550552116455,255,9,7,36.11595137172308,37.916666666666664,5,25.895316804407713,108,2,1,9,True,8,0,True,21,confirmation38,117,com3d_reciprocal_guard,117,117,official_detector,data41-1,ocsort,True,363
47.057529173116635,26.989550552116455,255,9,7,35.62057377569264,36.666666666666664,5,25.895316804407713,108,2,2,10,True,8,0,True,21,confirmation38,117,controlled_cost_greedy,117,117,official_detector,data41-1,ocsort,True,363
49.34058497727232,26.989550552116455,255,9,7,36.47582314399845,37.916666666666664,5,25.895316804407713,108,2,1,9,True,8,0,True,21,confirmation38,117,controlled_cost_reciprocal,117,117,official_detector,data41-1,ocsort,True,363
47.057529173116635,26.989550552116455,255,9,7,35.62057377569264,36.666666666666664,5,25.895316804407713,108,2,2,10,True,8,0,True,21,confirmation38,117,geometry_greedy,117,117,official_detector,data41-1,ocsort,True,363
47.057529173116635,26.989550552116455,255,9,7,35.62057377569264,36.666666666666664,5,25.895316804407713,108,2,2,10,True,8,0,True,21,confirmation38,117,geometry_reid_greedy_guard,117,117,official_detector,data41-1,ocsort,True,363
49.34058497727232,26.989550552116455,255,9,7,36.47582314399845,37.916666666666664,5,25.895316804407713,108,2,1,9,True,8,0,True,21,confirmation38,117,geometry_reid_hungarian,117,117,official_detector,data41-1,ocsort,True,363
46.422929140616276,26.989550552116455,255,9,7,35.377310392071834,35.833333333333336,13,23.69146005509642,108,0,0,0,True,8,0,True,21,confirmation38,117,no_refinement,117,117,official_detector,data41-1,ocsort,True,363
53.891195551586655,45.68945848070155,2396,841,158,49.41356902919542,59.17180310790867,232,46.932843812146245,4141,2,0,1,True,8,0,True,290,confirmation38,4982,aflink_cached_native_dedup,4982,4982,official_detector,data42-1,bytetrack,True,6537
53.892764275812596,45.687784669909746,2396,841,158,49.41300133220186,59.17180310790867,232,46.932843812146245,4141,2,0,1,False,8,0,True,290,confirmation38,4982,aflink_cached_native_saved,4982,4982,official_detector,data42-1,bytetrack,False,6537
53.891195551586655,45.68945848070155,2396,841,158,49.41356902919542,59.17180310790867,232,46.932843812146245,4141,2,0,1,True,8,0,True,290,confirmation38,4982,aflink_cached_no_dedup,4982,4982,official_detector,data42-1,bytetrack,True,6537
53.891195551586655,45.68945848070155,2396,841,158,49.41356902919542,59.17180310790867,232,46.932843812146245,4141,2,0,1,True,8,0,True,290,confirmation38,4982,aflink_cached_overlap_safe,4982,4982,official_detector,data42-1,bytetrack,True,6537
53.66183557885438,45.68945848070155,2396,841,158,49.31402741097898,59.11971525306016,209,47.28468716536637,4141,2,1,62,True,8,0,True,290,confirmation38,4982,com3d_reciprocal_guard,4982,4982,official_detector,data42-1,bytetrack,True,6537
53.68984349729487,45.68945848070155,2396,841,158,49.327436060195346,59.27597881760569,206,47.33057977665596,4141,2,1,74,True,8,0,True,290,confirmation38,4982,controlled_cost_greedy,4982,4982,official_detector,data42-1,bytetrack,True,6537
53.722609355750286,45.68945848070155,2396,841,158,49.34275256711167,59.22389096275719,208,47.29998470246291,4141,2,1,65,True,8,0,True,290,confirmation38,4982,controlled_cost_reciprocal,4982,4982,official_detector,data42-1,bytetrack,True,6537
53.539426760130446,45.68945848070155,2396,841,158,49.25714864766812,59.22389096275719,200,47.42236499923512,4141,2,1,82,True,8,0,True,290,confirmation38,4982,geometry_greedy,4982,4982,official_detector,data42-1,bytetrack,True,6537
53.55169687835997,45.64805177272855,2396,841,158,49.240254566153205,59.31070405417137,203,47.37647238794554,4141,2,1,75,True,8,0,True,290,confirmation38,4982,geometry_reid_greedy_guard,4982,4982,official_detector,data42-1,bytetrack,True,6537
53.663906815657356,45.68945848070155,2396,841,158,49.31513323086625,59.22389096275719,207,47.31528223955943,4141,2,1,71,True,8,0,True,290,confirmation38,4982,geometry_reid_hungarian,4982,4982,official_detector,data42-1,bytetrack,True,6537
51.962829663212176,45.68945848070155,2396,841,158,48.50630533047934,57.244552478513754,234,46.90224873795319,4141,0,0,0,True,8,0,True,290,confirmation38,4982,no_refinement,4982,4982,official_detector,data42-1,bytetrack,True,6537
61.86585696412412,51.58412883506066,2454,467,128,56.28800063611603,61.44132768106792,120,53.48018968946,4083,0,0,0,True,8,0,True,204,confirmation38,4550,aflink_cached_native_dedup,4550,4550,official_detector,data42-1,deepocsort,True,6537
61.86819933341319,51.58536941613785,2454,467,128,56.289650813834946,61.44132768106792,120,53.48018968946,4083,0,0,0,False,8,0,True,204,confirmation38,4550,aflink_cached_native_saved,4550,4550,official_detector,data42-1,deepocsort,False,6537
61.86585696412412,51.58412883506066,2454,467,128,56.28800063611603,61.44132768106792,120,53.48018968946,4083,0,0,0,True,8,0,True,204,confirmation38,4550,aflink_cached_no_dedup,4550,4550,official_detector,data42-1,deepocsort,True,6537
61.86585696412412,51.58412883506066,2454,467,128,56.28800063611603,61.44132768106792,120,53.48018968946,4083,0,0,0,True,8,0,True,204,confirmation38,4550,aflink_cached_overlap_safe,4550,4550,official_detector,data42-1,deepocsort,True,6537
61.6687796660048,51.5469637498378,2454,467,128,56.18587905275297,62.32524578334987,98,53.8167355055836,4083,5,5,29,True,8,0,True,204,confirmation38,4550,com3d_reciprocal_guard,4550,4550,official_detector,data42-1,deepocsort,True,6537
61.75336982911707,51.5469637498378,2454,467,128,56.22589442659599,62.37936321818346,93,53.89322319106624,4083,5,5,32,True,8,0,True,204,confirmation38,4550,controlled_cost_greedy,4550,4550,official_detector,data42-1,deepocsort,True,6537
61.73883372251905,51.5469637498378,2454,467,128,56.21881903355393,62.32524578334987,96,53.84733057977665,4083,5,5,28,True,8,0,True,204,confirmation38,4550,controlled_cost_reciprocal,4550,4550,official_detector,data42-1,deepocsort,True,6537
61.69463167193657,51.5469637498378,2454,467,128,56.19792645801277,62.36132407323893,96,53.84733057977665,4083,5,5,35,True,8,0,True,204,confirmation38,4550,geometry_greedy,4550,4550,official_detector,data42-1,deepocsort,True,6537
61.77265572693745,51.5469637498378,2454,467,128,56.234613320454464,62.37936321818346,93,53.89322319106624,4083,5,5,32,True,8,0,True,204,confirmation38,4550,geometry_reid_greedy_guard,4550,4550,official_detector,data42-1,deepocsort,True,6537
61.732052902868006,51.5469637498378,2454,467,128,56.21573836514121,62.32524578334987,95,53.86262811687318,4083,5,5,31,True,8,0,True,204,confirmation38,4550,geometry_reid_hungarian,4550,4550,official_detector,data42-1,deepocsort,True,6537
61.86585696412412,51.58412883506066,2454,467,128,56.28800063611603,61.44132768106792,120,53.48018968946,4083,0,0,0,True,8,0,True,204,confirmation38,4550,no_refinement,4550,4550,official_detector,data42-1,deepocsort,True,6537
56.40487795717652,49.2267373298009,2716,492,145,52.559718999380756,56.40552995391705,158,48.50849013308857,3821,2,2,0,True,8,0,True,228,confirmation38,4313,aflink_cached_native_dedup,4313,4313,official_detector,data42-1,ocsort,True,6537
56.40798823397937,49.226473376162346,2716,492,145,52.56059873514953,56.40552995391705,158,48.50849013308857,3821,2,2,0,False,8,0,True,228,confirmation38,4313,aflink_cached_native_saved,4313,4313,official_detector,data42-1,ocsort,False,6537
56.40487795717652,49.2267373298009,2716,492,145,52.559718999380756,56.40552995391705,158,48.50849013308857,3821,2,2,0,True,8,0,True,228,confirmation38,4313,aflink_cached_no_dedup,4313,4313,official_detector,data42-1,ocsort,True,6537
56.40487795717652,49.2267373298009,2716,492,145,52.559718999380756,56.40552995391705,158,48.50849013308857,3821,2,2,0,True,8,0,True,228,confirmation38,4313,aflink_cached_overlap_safe,4313,4313,official_detector,data42-1,ocsort,True,6537
55.39241519956971,49.19584129453356,2716,492,145,52.06446944557529,56.00000000000001,126,48.998011320177454,3821,16,7,30,True,8,0,True,228,confirmation38,4313,com3d_reciprocal_guard,4313,4313,official_detector,data42-1,ocsort,True,6537
57.131314520242924,49.19584129453356,2716,492,145,52.88397758927867,56.94009216589861,122,49.059201468563565,3821,19,4,32,True,8,0,True,228,confirmation38,4313,controlled_cost_greedy,4313,4313,official_detector,data42-1,ocsort,True,6537
57.160358868692285,49.19584129453356,2716,492,145,52.897530389680966,56.903225806451616,123,49.04390393146703,3821,19,3,30,True,8,0,True,228,confirmation38,4313,controlled_cost_reciprocal,4313,4313,official_detector,data42-1,ocsort,True,6537
55.177347452827576,49.19584129453356,2716,492,145,51.96160755475936,56.0184331797235,125,49.01330885727398,3821,16,11,40,True,8,0,True,228,confirmation38,4313,geometry_greedy,4313,4313,official_detector,data42-1,ocsort,True,6537
57.09594904674171,49.19584129453356,2716,492,145,52.86714566076532,56.903225806451616,122,49.059201468563565,3821,18,4,33,True,8,0,True,228,confirmation38,4313,geometry_reid_greedy_guard,4313,4313,official_detector,data42-1,ocsort,True,6537
56.34344125118069,49.19584129453356,2716,492,145,52.513259297532755,56.7557603686636,123,49.04390393146703,3821,18,5,32,True,8,0,True,228,confirmation38,4313,geometry_reid_hungarian,4313,4313,official_detector,data42-1,ocsort,True,6537
55.318848293872634,49.2267373298009,2716,492,145,52.042207879904154,55.13364055299539,160,48.47789505889552,3821,0,0,0,True,8,0,True,228,confirmation38,4313,no_refinement,4313,4313,official_detector,data42-1,ocsort,True,6537
59.52779261643734,32.80512295039217,1172,100,51,44.12376882678821,50.59760956175299,62,34.6718903036239,870,0,0,0,True,8,0,True,105,confirmation38,970,aflink_cached_native_dedup,970,970,official_detector,data42-2,bytetrack,True,2042
59.52779261643734,32.80512295039217,1172,100,51,44.12376882678821,50.59760956175299,62,34.6718903036239,870,0,0,0,False,8,0,True,105,confirmation38,970,aflink_cached_native_saved,970,970,official_detector,data42-2,bytetrack,False,2042
59.52779261643734,32.80512295039217,1172,100,51,44.12376882678821,50.59760956175299,62,34.6718903036239,870,0,0,0,True,8,0,True,105,confirmation38,970,aflink_cached_no_dedup,970,970,official_detector,data42-2,bytetrack,True,2042
59.52779261643734,32.80512295039217,1172,100,51,44.12376882678821,50.59760956175299,62,34.6718903036239,870,0,0,0,True,8,0,True,105,confirmation38,970,aflink_cached_overlap_safe,970,970,official_detector,data42-2,bytetrack,True,2042
59.719871985622284,32.80512295039217,1172,100,51,44.19649474304399,51.32802124833997,46,35.45543584720862,870,0,0,28,True,8,0,True,105,confirmation38,970,com3d_reciprocal_guard,970,970,official_detector,data42-2,bytetrack,True,2042
59.72944964022177,32.80512295039217,1172,100,51,44.20012581216678,51.460823373173966,45,35.50440744368266,870,0,0,29,True,8,0,True,105,confirmation38,970,controlled_cost_greedy,970,970,official_detector,data42-2,bytetrack,True,2042
59.72944964022177,32.80512295039217,1172,100,51,44.20012581216678,51.460823373173966,45,35.50440744368266,870,0,0,29,True,8,0,True,105,confirmation38,970,controlled_cost_reciprocal,970,970,official_detector,data42-2,bytetrack,True,2042
59.11518033928028,32.80512295039217,1172,100,51,43.973173109373384,51.26162018592297,46,35.45543584720862,870,0,0,33,True,8,0,True,105,confirmation38,970,geometry_greedy,970,970,official_detector,data42-2,bytetrack,True,2042
59.71304280875721,32.80512295039217,1172,100,51,44.19402414238446,51.39442231075697,44,35.553379040156706,870,0,0,29,True,8,0,True,105,confirmation38,970,geometry_reid_greedy_guard,970,970,official_detector,data42-2,bytetrack,True,2042
59.72944964022177,32.80512295039217,1172,100,51,44.20012581216678,51.460823373173966,45,35.50440744368266,870,0,0,29,True,8,0,True,105,confirmation38,970,geometry_reid_hungarian,970,970,official_detector,data42-2,bytetrack,True,2042
59.52779261643734,32.80512295039217,1172,100,51,44.12376882678821,50.59760956175299,62,34.6718903036239,870,0,0,0,True,8,0,True,105,confirmation38,970,no_refinement,970,970,official_detector,data42-2,bytetrack,True,2042
69.5639773343225,52.38642151958545,729,100,42,59.789758858289034,69.29088277858176,34,57.737512242899115,1313,0,0,0,True,8,0,True,76,confirmation38,1413,aflink_cached_native_dedup,1413,1413,official_detector,data42-2,deepocsort,True,2042
69.5530333852751,52.38542990818929,729,100,42,59.78542105726795,69.29088277858176,34,57.737512242899115,1313,0,0,0,False,8,0,True,76,confirmation38,1413,aflink_cached_native_saved,1413,1413,official_detector,data42-2,deepocsort,False,2042
69.5639773343225,52.38642151958545,729,100,42,59.789758858289034,69.29088277858176,34,57.737512242899115,1313,0,0,0,True,8,0,True,76,confirmation38,1413,aflink_cached_no_dedup,1413,1413,official_detector,data42-2,deepocsort,True,2042
69.5639773343225,52.38642151958545,729,100,42,59.789758858289034,69.29088277858176,34,57.737512242899115,1313,0,0,0,True,8,0,True,76,confirmation38,1413,aflink_cached_overlap_safe,1413,1413,official_detector,data42-2,deepocsort,True,2042
69.93979914516983,52.38642151958545,729,100,42,59.97011041375851,69.98552821997106,28,58.03134182174339,1313,0,1,12,True,8,0,True,76,confirmation38,1413,com3d_reciprocal_guard,1413,1413,official_detector,data42-2,deepocsort,True,2042
70.8985376245601,52.38642151958545,729,100,42,60.406806979487804,70.85383502170767,27,58.080313418217436,1313,1,1,11,True,8,0,True,76,confirmation38,1413,controlled_cost_greedy,1413,1413,official_detector,data42-2,deepocsort,True,2042
70.8985376245601,52.38642151958545,729,100,42,60.406806979487804,70.85383502170767,27,58.080313418217436,1313,1,1,11,True,8,0,True,76,confirmation38,1413,controlled_cost_reciprocal,1413,1413,official_detector,data42-2,deepocsort,True,2042
68.58981021005486,52.38642151958545,729,100,42,59.37974365728179,69.17510853835022,28,58.03134182174339,1313,0,2,15,True,8,0,True,76,confirmation38,1413,geometry_greedy,1413,1413,official_detector,data42-2,deepocsort,True,2042
70.88925396787182,52.38642151958545,729,100,42,60.401146230272715,70.85383502170767,27,58.080313418217436,1313,1,1,11,True,8,0,True,76,confirmation38,1413,geometry_reid_greedy_guard,1413,1413,official_detector,data42-2,deepocsort,True,2042
70.8985376245601,52.38642151958545,729,100,42,60.406806979487804,70.85383502170767,27,58.080313418217436,1313,1,1,11,True,8,0,True,76,confirmation38,1413,geometry_reid_hungarian,1413,1413,official_detector,data42-2,deepocsort,True,2042
69.5639773343225,52.38642151958545,729,100,42,59.789758858289034,69.29088277858176,34,57.737512242899115,1313,0,0,0,True,8,0,True,76,confirmation38,1413,no_refinement,1413,1413,official_detector,data42-2,deepocsort,True,2042
70.71433135247109,32.98262514048669,1294,67,18,48.21391439142831,47.53237661883094,44,31.1949069539667,748,0,0,0,True,8,0,True,81,confirmation38,815,aflink_cached_native_dedup,815,815,official_detector,data42-2,ocsort,True,2042
70.70229426387469,32.978227261123486,1294,67,18,48.20653853636423,47.53237661883094,44,31.1949069539667,748,0,0,0,False,8,0,True,81,confirmation38,815,aflink_cached_native_saved,815,815,official_detector,data42-2,ocsort,False,2042
70.71433135247109,32.98262514048669,1294,67,18,48.21391439142831,47.53237661883094,44,31.1949069539667,748,0,0,0,True,8,0,True,81,confirmation38,815,aflink_cached_no_dedup,815,815,official_detector,data42-2,ocsort,True,2042
70.71433135247109,32.98262514048669,1294,67,18,48.21391439142831,47.53237661883094,44,31.1949069539667,748,0,0,0,True,8,0,True,81,confirmation38,815,aflink_cached_overlap_safe,815,815,official_detector,data42-2,ocsort,True,2042
70.4870791766378,32.96581231475148,1294,67,18,48.126854824753416,49.002450122506126,22,32.27228207639569,748,0,1,29,True,8,0,True,81,confirmation38,815,com3d_reciprocal_guard,815,815,official_detector,data42-2,ocsort,True,2042
70.87032470124602,32.98262514048669,1294,67,18,48.27212651883928,49.352467623381166,17,32.51714005876592,748,0,1,31,True,8,0,True,81,confirmation38,815,controlled_cost_greedy,815,815,official_detector,data42-2,ocsort,True,2042
70.78004248772982,32.98262514048669,1294,67,18,48.240771545470004,49.21246062303115,19,32.419196865817824,748,0,1,29,True,8,0,True,81,confirmation38,815,controlled_cost_reciprocal,815,815,official_detector,data42-2,ocsort,True,2042
70.43601288126465,32.96581231475148,1294,67,18,48.109049138754386,48.86244312215611,23,32.22331047992164,748,0,1,31,True,8,0,True,81,confirmation38,815,geometry_greedy,815,815,official_detector,data42-2,ocsort,True,2042
70.76657123671907,32.98262514048669,1294,67,18,48.23612333452945,49.28246412320616,18,32.46816846229187,748,0,1,31,True,8,0,True,81,confirmation38,815,geometry_reid_greedy_guard,815,815,official_detector,data42-2,ocsort,True,2042
70.87032470124602,32.98262514048669,1294,67,18,48.27212651883928,49.352467623381166,17,32.51714005876592,748,0,1,31,True,8,0,True,81,confirmation38,815,geometry_reid_hungarian,815,815,official_detector,data42-2,ocsort,True,2042
70.71433135247109,32.98262514048669,1294,67,18,48.21391439142831,47.53237661883094,44,31.1949069539667,748,0,0,0,True,8,0,True,81,confirmation38,815,no_refinement,815,815,official_detector,data42-2,ocsort,True,2042
62.082453650078286,64.74581791408085,263,35,19,63.340318587120606,73.98171238570241,61,72.74107820804859,1054,0,0,0,True,8,0,True,33,confirmation38,1089,aflink_cached_native_dedup,1089,1089,official_detector,data42-3,bytetrack,True,1317
62.082453650078286,64.74581791408085,263,35,19,63.340318587120606,73.98171238570241,61,72.74107820804859,1054,0,0,0,False,8,0,True,33,confirmation38,1089,aflink_cached_native_saved,1089,1089,official_detector,data42-3,bytetrack,False,1317
62.082453650078286,64.74581791408085,263,35,19,63.340318587120606,73.98171238570241,61,72.74107820804859,1054,0,0,0,True,8,0,True,33,confirmation38,1089,aflink_cached_no_dedup,1089,1089,official_detector,data42-3,bytetrack,True,1317
62.082453650078286,64.74581791408085,263,35,19,63.340318587120606,73.98171238570241,61,72.74107820804859,1054,0,0,0,True,8,0,True,33,confirmation38,1089,aflink_cached_overlap_safe,1089,1089,official_detector,data42-3,bytetrack,True,1317
62.54624697622629,64.74581791408085,263,35,19,63.58297373962459,74.97921862011637,60,72.81700835231587,1054,0,0,7,True,8,0,True,33,confirmation38,1089,com3d_reciprocal_guard,1089,1089,official_detector,data42-3,bytetrack,True,1317
62.4774444875227,64.74581791408085,263,35,19,63.547052134797056,74.81296758104739,54,73.27258921791952,1054,0,0,11,True,8,0,True,33,confirmation38,1089,controlled_cost_greedy,1089,1089,official_detector,data42-3,bytetrack,True,1317
62.40345653895708,64.74581791408085,263,35,19,63.50860820747282,74.64671654197839,58,72.96886864085042,1054,0,0,7,True,8,0,True,33,confirmation38,1089,controlled_cost_reciprocal,1089,1089,official_detector,data42-3,bytetrack,True,1317
62.62738796788013,64.74581791408085,263,35,19,63.625032437485274,75.22859517871987,55,73.19665907365224,1054,0,0,11,True,8,0,True,33,confirmation38,1089,geometry_greedy,1089,1089,official_detector,data42-3,bytetrack,True,1317
62.78465721899044,64.74581791408085,263,35,19,63.70510409527509,75.31172069825436,54,73.27258921791952,1054,0,0,11,True,8,0,True,33,confirmation38,1089,geometry_reid_greedy_guard,1089,1089,official_detector,data42-3,bytetrack,True,1317
62.41603214506052,64.74581791408085,263,35,19,63.51508374149716,74.72984206151288,57,73.04479878511769,1054,0,0,9,True,8,0,True,33,confirmation38,1089,geometry_reid_hungarian,1089,1089,official_detector,data42-3,bytetrack,True,1317
62.082453650078286,64.74581791408085,263,35,19,63.340318587120606,73.98171238570241,61,72.74107820804859,1054,0,0,0,True,8,0,True,33,confirmation38,1089,no_refinement,1089,1089,official_detector,data42-3,bytetrack,True,1317
89.4921530792268,70.59531486771236,276,31,15,79.34752756363466,86.14483047300125,9,76.00607441154138,1041,0,0,0,True,8,0,True,21,confirmation38,1072,aflink_cached_native_dedup,1072,1072,official_detector,data42-3,deepocsort,True,1317
89.4810638103652,70.59531486771236,276,31,15,79.34386608166628,86.14483047300125,9,76.00607441154138,1041,0,0,0,False,8,0,True,21,confirmation38,1072,aflink_cached_native_saved,1072,1072,official_detector,data42-3,deepocsort,False,1317
89.4921530792268,70.59531486771236,276,31,15,79.34752756363466,86.14483047300125,9,76.00607441154138,1041,0,0,0,True,8,0,True,21,confirmation38,1072,aflink_cached_no_dedup,1072,1072,official_detector,data42-3,deepocsort,True,1317
89.4921530792268,70.59531486771236,276,31,15,79.34752756363466,86.14483047300125,9,76.00607441154138,1041,0,0,0,True,8,0,True,21,confirmation38,1072,aflink_cached_overlap_safe,1072,1072,official_detector,data42-3,deepocsort,True,1317
89.7689211514475,70.59531486771236,276,31,15,79.47202366463692,86.73084972791963,3,76.46165527714503,1041,2,0,4,True,8,0,True,21,confirmation38,1072,com3d_reciprocal_guard,1072,1072,official_detector,data42-3,deepocsort,True,1317
89.7689211514475,70.59531486771236,276,31,15,79.47202366463692,86.73084972791963,3,76.46165527714503,1041,2,0,4,True,8,0,True,21,confirmation38,1072,controlled_cost_greedy,1072,1072,official_detector,data42-3,deepocsort,True,1317
89.7689211514475,70.59531486771236,276,31,15,79.47202366463692,86.73084972791963,3,76.46165527714503,1041,2,0,4,True,8,0,True,21,confirmation38,1072,controlled_cost_reciprocal,1072,1072,official_detector,data42-3,deepocsort,True,1317
89.72045653266156,70.59531486771236,276,31,15,79.45024376324108,86.73084972791963,3,76.46165527714503,1041,2,0,6,True,8,0,True,21,confirmation38,1072,geometry_greedy,1072,1072,official_detector,data42-3,deepocsort,True,1317
89.7689211514475,70.59531486771236,276,31,15,79.47202366463692,86.73084972791963,3,76.46165527714503,1041,2,0,4,True,8,0,True,21,confirmation38,1072,geometry_reid_greedy_guard,1072,1072,official_detector,data42-3,deepocsort,True,1317
89.7689211514475,70.59531486771236,276,31,15,79.47202366463692,86.73084972791963,3,76.46165527714503,1041,2,0,4,True,8,0,True,21,confirmation38,1072,geometry_reid_hungarian,1072,1072,official_detector,data42-3,deepocsort,True,1317
89.4921530792268,70.59531486771236,276,31,15,79.34752756363466,86.14483047300125,9,76.00607441154138,1041,0,0,0,True,8,0,True,21,confirmation38,1072,no_refinement,1072,1072,official_detector,data42-3,deepocsort,True,1317
63.2147333930411,66.90450746138355,330,45,21,64.9115506754073,70.07237122179652,58,67.12224753227031,987,0,0,0,True,8,0,True,55,confirmation38,1032,aflink_cached_native_dedup,1032,1032,official_detector,data42-3,ocsort,True,1317
63.211936788046785,66.90140582548914,330,45,21,64.90841855006151,70.07237122179652,58,67.12224753227031,987,0,0,0,False,8,0,True,55,confirmation38,1032,aflink_cached_native_saved,1032,1032,official_detector,data42-3,ocsort,False,1317
63.2147333930411,66.90450746138355,330,45,21,64.9115506754073,70.07237122179652,58,67.12224753227031,987,0,0,0,True,8,0,True,55,confirmation38,1032,aflink_cached_no_dedup,1032,1032,official_detector,data42-3,ocsort,True,1317
63.2147333930411,66.90450746138355,330,45,21,64.9115506754073,70.07237122179652,58,67.12224753227031,987,0,0,0,True,8,0,True,55,confirmation38,1032,aflink_cached_overlap_safe,1032,1032,official_detector,data42-3,ocsort,True,1317
64.65769120559598,66.89271172351013,330,45,21,65.65149328029328,71.86036611323968,45,68.10933940774487,987,2,2,16,True,8,0,True,55,confirmation38,1032,com3d_reciprocal_guard,1032,1032,official_detector,data42-3,ocsort,True,1317
64.7429151080297,66.88609092758168,330,45,21,65.69361160214618,72.54150702426566,35,68.86864085041762,987,3,2,23,True,8,0,True,55,confirmation38,1032,controlled_cost_greedy,1032,1032,official_detector,data42-3,ocsort,True,1317
64.84979795715749,66.88609092758168,330,45,21,65.74481662124123,72.37122179650916,37,68.71678056188307,987,3,1,20,True,8,0,True,55,confirmation38,1032,controlled_cost_reciprocal,1032,1032,official_detector,data42-3,ocsort,True,1317
64.59986901426973,66.89271172351013,330,45,21,65.6227930558231,72.03065134099617,42,68.3371298405467,987,2,3,23,True,8,0,True,55,confirmation38,1032,geometry_greedy,1032,1032,official_detector,data42-3,ocsort,True,1317
64.7429151080297,66.88609092758168,330,45,21,65.69361160214618,72.54150702426566,35,68.86864085041762,987,3,2,23,True,8,0,True,55,confirmation38,1032,geometry_reid_greedy_guard,1032,1032,official_detector,data42-3,ocsort,True,1317
64.85774007485358,66.88609092758168,330,45,21,65.7489392307062,72.4563644103874,38,68.6408504176158,987,3,1,21,True,8,0,True,55,confirmation38,1032,geometry_reid_hungarian,1032,1032,official_detector,data42-3,ocsort,True,1317
63.2147333930411,66.90450746138355,330,45,21,64.9115506754073,70.07237122179652,58,67.12224753227031,987,0,0,0,True,8,0,True,55,confirmation38,1032,no_refinement,1032,1032,official_detector,data42-3,ocsort,True,1317
37.78651110586229,32.19946246695682,4265,1045,249,34.73529028547379,38.61714475211408,324,26.266195524146053,3376,0,0,6,False,8,0,True,328,confirmation38,4422,aflink_cached_native_dedup,4421,4421,official_detector,data46-11,bytetrack,False,7641
37.787607646542384,32.1990950219832,4265,1045,249,34.73590835341698,38.61714475211408,324,26.266195524146053,3376,0,0,6,False,8,0,True,328,confirmation38,4422,aflink_cached_native_saved,4421,4421,official_detector,data46-11,bytetrack,False,7641
37.77805081071251,32.20752574575753,4264,1045,249,34.73544919822831,38.61714475211408,324,26.27928281638529,3377,0,0,6,True,8,1,False,328,confirmation38,4422,aflink_cached_no_dedup,4422,4422,official_detector,data46-11,bytetrack,False,7641
37.77923395891274,32.20752574575753,4264,1045,249,34.73601241956166,38.61394346348338,324,26.27928281638529,3377,0,0,5,True,8,0,True,328,confirmation38,4422,aflink_cached_overlap_safe,4422,4422,official_detector,data46-11,bytetrack,True,7641
41.8112620071153,32.18129863512141,4264,1045,249,36.54375203193862,41.51537760092846,269,26.99908388954325,3377,14,5,101,True,8,0,True,328,confirmation38,4422,com3d_reciprocal_guard,4422,4422,official_detector,data46-11,bytetrack,True,7641
43.002412770282234,32.18053729197424,4264,1045,249,37.074728791790875,42.57647351405123,232,27.483313702394973,3377,20,4,141,True,8,0,True,328,confirmation38,4422,controlled_cost_greedy,4422,4422,official_detector,data46-11,bytetrack,True,7641
42.322451897529916,32.18131647362922,4264,1045,249,36.773591017048965,42.07908480477493,254,27.195393273131792,3377,17,4,115,True,8,0,True,328,confirmation38,4422,controlled_cost_reciprocal,4422,4422,official_detector,data46-11,bytetrack,True,7641
42.169310752138706,32.17708250767174,4264,1045,249,36.707051724401516,42.09566442841747,236,27.43096453343803,3377,17,8,144,True,8,0,True,328,confirmation38,4422,geometry_greedy,4422,4422,official_detector,data46-11,bytetrack,True,7641
43.93422941559288,32.16840787414624,4264,1045,249,37.47681787524299,43.504932438033656,237,27.417877241198795,3377,22,3,143,True,8,0,True,328,confirmation38,4422,geometry_reid_greedy_guard,4422,4422,official_detector,data46-11,bytetrack,True,7641
43.37478025099351,32.17963383023352,4264,1045,249,37.23761754090442,43.206499212467875,250,27.24774244208873,3377,19,6,131,True,8,0,True,328,confirmation38,4422,geometry_reid_hungarian,4422,4422,official_detector,data46-11,bytetrack,True,7641
37.57406737276339,32.20752574575753,4264,1045,249,34.63828974335445,38.282350990632516,326,26.25310823190682,3377,0,0,0,True,8,0,True,328,confirmation38,4422,no_refinement,4422,4422,official_detector,data46-11,bytetrack,True,7641
75.55388778176791,36.162284358517674,4110,808,123,52.07374215529593,57.278797996661105,9,35.5189111372857,3531,0,0,0,True,8,0,True,35,confirmation38,4339,aflink_cached_native_dedup,4339,4339,official_detector,data46-11,deepocsort,True,7641
75.55177204340625,36.16294668987941,4110,808,123,52.0739604476821,57.278797996661105,9,35.5189111372857,3531,0,0,0,False,8,0,True,35,confirmation38,4339,aflink_cached_native_saved,4339,4339,official_detector,data46-11,deepocsort,False,7641
75.55388778176791,36.162284358517674,4110,808,123,52.07374215529593,57.278797996661105,9,35.5189111372857,3531,0,0,0,True,8,0,True,35,confirmation38,4339,aflink_cached_no_dedup,4339,4339,official_detector,data46-11,deepocsort,True,7641
75.55388778176791,36.162284358517674,4110,808,123,52.07374215529593,57.278797996661105,9,35.5189111372857,3531,0,0,0,True,8,0,True,35,confirmation38,4339,aflink_cached_overlap_safe,4339,4339,official_detector,data46-11,deepocsort,True,7641
75.62643869783868,36.162284358517674,4110,808,123,52.09896076644599,57.42904841402338,5,35.571260306242635,3531,1,0,5,True,8,0,True,35,confirmation38,4339,com3d_reciprocal_guard,4339,4339,official_detector,data46-11,deepocsort,True,7641
75.62643869783868,36.162284358517674,4110,808,123,52.09896076644599,57.42904841402338,5,35.571260306242635,3531,1,0,5,True,8,0,True,35,confirmation38,4339,controlled_cost_greedy,4339,4339,official_detector,data46-11,deepocsort,True,7641
75.62643869783868,36.162284358517674,4110,808,123,52.09896076644599,57.42904841402338,5,35.571260306242635,3531,1,0,5,True,8,0,True,35,confirmation38,4339,controlled_cost_reciprocal,4339,4339,official_detector,data46-11,deepocsort,True,7641
75.59866164120666,36.162284358517674,4110,808,123,52.089534079408736,57.42904841402338,5,35.571260306242635,3531,1,0,6,True,8,0,True,35,confirmation38,4339,geometry_greedy,4339,4339,official_detector,data46-11,deepocsort,True,7641
75.62643869783868,36.162284358517674,4110,808,123,52.09896076644599,57.42904841402338,5,35.571260306242635,3531,1,0,5,True,8,0,True,35,confirmation38,4339,geometry_reid_greedy_guard,4339,4339,official_detector,data46-11,deepocsort,True,7641
75.62643869783868,36.162284358517674,4110,808,123,52.09896076644599,57.42904841402338,5,35.571260306242635,3531,1,0,5,True,8,0,True,35,confirmation38,4339,geometry_reid_hungarian,4339,4339,official_detector,data46-11,deepocsort,True,7641
75.55388778176791,36.162284358517674,4110,808,123,52.07374215529593,57.278797996661105,9,35.5189111372857,3531,0,0,0,True,8,0,True,35,confirmation38,4339,no_refinement,4339,4339,official_detector,data46-11,deepocsort,True,7641
44.854427095671596,31.16225222358397,4650,823,177,37.197973523342114,38.934962898297684,190,25.886664049208218,2991,3,0,7,True,8,0,True,251,confirmation38,3814,aflink_cached_native_dedup,3814,3814,official_detector,data46-11,ocsort,True,7641
44.84856478681053,31.16286387452774,4650,823,177,37.196749117383696,38.934962898297684,190,25.886664049208218,2991,3,0,7,False,8,0,True,251,confirmation38,3814,aflink_cached_native_saved,3814,3814,official_detector,data46-11,ocsort,False,7641
44.854427095671596,31.16225222358397,4650,823,177,37.197973523342114,38.934962898297684,190,25.886664049208218,2991,3,0,7,True,8,0,True,251,confirmation38,3814,aflink_cached_no_dedup,3814,3814,official_detector,data46-11,ocsort,True,7641
44.854427095671596,31.16225222358397,4650,823,177,37.197973523342114,38.934962898297684,190,25.886664049208218,2991,3,0,7,True,8,0,True,251,confirmation38,3814,aflink_cached_overlap_safe,3814,3814,official_detector,data46-11,ocsort,True,7641
48.72469945414789,31.16225222358397,4650,823,175,38.78170587214901,41.728502837189005,131,26.658814291323125,2991,20,4,90,True,8,0,True,251,confirmation38,3814,com3d_reciprocal_guard,3814,3814,official_detector,data46-11,ocsort,True,7641
49.516643854131,31.147668501340707,4650,823,175,39.0929106268784,42.32213007420341,117,26.842036382672426,2991,23,5,107,True,8,0,True,251,confirmation38,3814,controlled_cost_greedy,3814,3814,official_detector,data46-11,ocsort,True,7641
49.360087529699236,31.16225222358397,4650,823,175,39.038933427952635,42.112614578786555,120,26.80277450595472,2991,22,4,94,True,8,0,True,251,confirmation38,3814,controlled_cost_reciprocal,3814,3814,official_detector,data46-11,ocsort,True,7641
48.013305898648554,31.147668501340707,4650,823,175,38.48848509580477,41.484068092536006,133,26.632639706844653,2991,20,10,112,True,8,0,True,251,confirmation38,3814,geometry_greedy,3814,3814,official_detector,data46-11,ocsort,True,7641
49.47739519226319,31.16225222358397,4650,823,175,39.09125264415009,42.56656481885639,116,26.855123674911663,2991,23,5,106,True,8,0,True,251,confirmation38,3814,geometry_reid_greedy_guard,3814,3814,official_detector,data46-11,ocsort,True,7641
49.91302323869521,31.147668501340707,4650,823,175,39.253982149765505,42.741161065037105,116,26.855123674911663,2991,23,4,105,True,8,0,True,251,confirmation38,3814,geometry_reid_hungarian,3814,3814,official_detector,data46-11,ocsort,True,7641
44.606314948155436,31.16225222358397,4650,823,177,37.09717185195724,38.74290702749891,193,25.847402172490515,2991,0,0,0,True,8,0,True,251,confirmation38,3814,no_refinement,3814,3814,official_detector,data46-11,ocsort,True,7641
74.71783805592288,41.2570345594919,1944,780,143,55.2705956564425,59.05888273779567,127,37.42317822651449,2612,0,0,1,True,8,0,True,128,confirmation38,3392,aflink_cached_native_dedup,3392,3392,official_detector,data46-12,bytetrack,True,4556
74.71113988653691,41.256424652545626,1945,781,143,55.268183254406146,59.05888273779567,127,37.379280070237044,2611,0,0,1,False,8,0,True,128,confirmation38,3392,aflink_cached_native_saved,3392,3392,official_detector,data46-12,bytetrack,False,4556
74.71783805592288,41.2570345594919,1944,780,143,55.2705956564425,59.05888273779567,127,37.42317822651449,2612,0,0,1,True,8,0,True,128,confirmation38,3392,aflink_cached_no_dedup,3392,3392,official_detector,data46-12,bytetrack,True,4556
74.71783805592288,41.2570345594919,1944,780,143,55.2705956564425,59.05888273779567,127,37.42317822651449,2612,0,0,1,True,8,0,True,128,confirmation38,3392,aflink_cached_overlap_safe,3392,3392,official_detector,data46-12,bytetrack,True,4556
75.43561684153643,41.2570345594919,1944,780,143,55.55071076773278,60.59386009058883,91,38.21334503950834,2612,1,0,62,True,8,0,True,128,confirmation38,3392,com3d_reciprocal_guard,3392,3392,official_detector,data46-12,bytetrack,True,4556
76.38247073664665,41.2570345594919,1944,780,143,55.91961103957331,62.2546552591847,56,38.981562774363475,2612,1,0,98,True,8,0,True,128,confirmation38,3392,controlled_cost_greedy,3392,3392,official_detector,data46-12,bytetrack,True,4556
75.7601511747327,41.2570345594919,1944,780,143,55.677698907673964,61.222949169602416,79,38.47673397717296,2612,1,0,73,True,8,0,True,128,confirmation38,3392,controlled_cost_reciprocal,3392,3392,official_detector,data46-12,bytetrack,True,4556
76.21979207056737,41.2570345594919,1944,780,143,55.856580016394894,62.05334675390035,70,38.674275680421424,2612,1,0,100,True,8,0,True,128,confirmation38,3392,geometry_greedy,3392,3392,official_detector,data46-12,bytetrack,True,4556
76.69052267942685,41.233157698046774,1944,780,143,56.02129937531697,62.98439859084046,67,38.74012291483758,2612,1,0,96,True,8,0,True,128,confirmation38,3392,geometry_reid_greedy_guard,3392,3392,official_detector,data46-12,bytetrack,True,4556
76.08889568185597,41.2570345594919,1944,780,143,55.805511773483104,61.77654755913438,80,38.45478489903424,2612,1,0,90,True,8,0,True,128,confirmation38,3392,geometry_reid_hungarian,3392,3392,official_detector,data46-12,bytetrack,True,4556
74.67145904360906,41.2570345594919,1944,780,143,55.25240283221061,58.93306492199295,127,37.42317822651449,2612,0,0,0,True,8,0,True,128,confirmation38,3392,no_refinement,3392,3392,official_detector,data46-12,bytetrack,True,4556
85.680773382558,44.62984642717257,1841,656,62,61.53019441303448,67.66746562381734,3,45.12730465320456,2715,0,0,1,True,8,0,True,28,confirmation38,3371,aflink_cached_native_dedup,3371,3371,official_detector,data46-12,deepocsort,True,4556
85.6920176009275,44.63372719809271,1841,656,62,61.53621613194549,67.66746562381734,3,45.12730465320456,2715,0,0,1,False,8,0,True,28,confirmation38,3371,aflink_cached_native_saved,3371,3371,official_detector,data46-12,deepocsort,False,4556
85.680773382558,44.62984642717257,1841,656,62,61.53019441303448,67.66746562381734,3,45.12730465320456,2715,0,0,1,True,8,0,True,28,confirmation38,3371,aflink_cached_no_dedup,3371,3371,official_detector,data46-12,deepocsort,True,4556
85.680773382558,44.62984642717257,1841,656,62,61.53019441303448,67.66746562381734,3,45.12730465320456,2715,0,0,1,True,8,0,True,28,confirmation38,3371,aflink_cached_overlap_safe,3371,3371,official_detector,data46-12,deepocsort,True,4556
85.45719127781935,44.62984642717257,1841,656,62,61.452357824548365,67.7431563012489,2,45.149253731343286,2715,0,0,5,True,8,0,True,28,confirmation38,3371,com3d_reciprocal_guard,3371,3371,official_detector,data46-12,deepocsort,True,4556
85.45719127781935,44.62984642717257,1841,656,62,61.452357824548365,67.7431563012489,2,45.149253731343286,2715,0,0,5,True,8,0,True,28,confirmation38,3371,controlled_cost_greedy,3371,3371,official_detector,data46-12,deepocsort,True,4556
85.45719127781935,44.62984642717257,1841,656,62,61.452357824548365,67.7431563012489,2,45.149253731343286,2715,0,0,5,True,8,0,True,28,confirmation38,3371,controlled_cost_reciprocal,3371,3371,official_detector,data46-12,deepocsort,True,4556
85.45719127781935,44.62984642717257,1841,656,62,61.452357824548365,67.7431563012489,2,45.149253731343286,2715,0,0,5,True,8,0,True,28,confirmation38,3371,geometry_greedy,3371,3371,official_detector,data46-12,deepocsort,True,4556
85.48806787957372,44.62984642717257,1841,656,62,61.464110281761904,67.7431563012489,2,45.149253731343286,2715,0,0,5,True,8,0,True,28,confirmation38,3371,geometry_reid_greedy_guard,3371,3371,official_detector,data46-12,deepocsort,True,4556
85.45719127781935,44.62984642717257,1841,656,62,61.452357824548365,67.7431563012489,2,45.149253731343286,2715,0,0,5,True,8,0,True,28,confirmation38,3371,geometry_reid_hungarian,3371,3371,official_detector,data46-12,deepocsort,True,4556
85.7627428282026,44.62984642717257,1841,656,62,61.56139278561498,67.94499810773307,3,45.12730465320456,2715,0,0,0,True,8,0,True,28,confirmation38,3371,no_refinement,3371,3371,official_detector,data46-12,deepocsort,True,4556
83.30347436626772,41.10436757474427,2112,686,72,58.278291433693084,59.53682019255789,72,37.006145741878846,2444,0,0,2,True,8,0,True,120,confirmation38,3130,aflink_cached_native_dedup,3130,3130,official_detector,data46-12,ocsort,True,4556
83.30866724051712,41.106704577488145,2112,686,72,58.28106931622653,59.53682019255789,72,37.006145741878846,2444,0,0,2,False,8,0,True,120,confirmation38,3130,aflink_cached_native_saved,3130,3130,official_detector,data46-12,ocsort,False,4556
83.30347436626772,41.10436757474427,2112,686,72,58.278291433693084,59.53682019255789,72,37.006145741878846,2444,0,0,2,True,8,0,True,120,confirmation38,3130,aflink_cached_no_dedup,3130,3130,official_detector,data46-12,ocsort,True,4556
83.30347436626772,41.10436757474427,2112,686,72,58.278291433693084,59.53682019255789,72,37.006145741878846,2444,0,0,2,True,8,0,True,120,confirmation38,3130,aflink_cached_overlap_safe,3130,3130,official_detector,data46-12,ocsort,True,4556
83.92813189008709,41.10436757474427,2112,686,72,58.508772916478726,60.811865729898514,46,37.57682177348551,2444,2,0,52,True,8,0,True,120,confirmation38,3130,com3d_reciprocal_guard,3130,3130,official_detector,data46-12,ocsort,True,4556
84.48422277857311,41.10436757474427,2112,686,72,58.712918410352,62.06088992974239,24,38.059701492537314,2444,2,0,75,True,8,0,True,120,confirmation38,3130,controlled_cost_greedy,3130,3130,official_detector,data46-12,ocsort,True,4556
84.2462681642657,41.10436757474427,2112,686,72,58.62552231691125,61.59250585480094,34,37.84021071115013,2444,2,0,65,True,8,0,True,120,confirmation38,3130,controlled_cost_reciprocal,3130,3130,official_detector,data46-12,ocsort,True,4556
84.42040910768569,41.10436757474427,2112,686,72,58.6895911214225,62.008847254748886,35,37.81826163301141,2444,2,0,77,True,8,0,True,120,confirmation38,3130,geometry_greedy,3130,3130,official_detector,data46-12,ocsort,True,4556
84.50221033588544,41.10436757474427,2112,686,72,58.71948838872976,62.164975279729376,24,38.059701492537314,2444,2,0,75,True,8,0,True,120,confirmation38,3130,geometry_reid_greedy_guard,3130,3130,official_detector,data46-12,ocsort,True,4556
84.26833956238801,41.10436757474427,2112,686,72,58.63361922866871,61.61852719229769,30,37.92800702370501,2444,2,0,74,True,8,0,True,120,confirmation38,3130,geometry_reid_hungarian,3130,3130,official_detector,data46-12,ocsort,True,4556
83.3150845838068,41.10436757474427,2112,686,72,58.282591532828306,59.53682019255789,72,37.006145741878846,2444,0,0,0,True,8,0,True,120,confirmation38,3130,no_refinement,3130,3130,official_detector,data46-12,ocsort,True,4556
10.47159234923156,18.39114621915545,188,12,15,13.697312953496136,13.291139240506327,27,7.723577235772358,58,0,0,0,True,8,0,True,25,confirmation38,70,aflink_cached_native_dedup,70,70,official_detector,data47-1,bytetrack,True,246
10.47159234923156,18.39114621915545,188,12,15,13.697312953496136,13.291139240506327,27,7.723577235772358,58,0,0,0,False,8,0,True,25,confirmation38,70,aflink_cached_native_saved,70,70,official_detector,data47-1,bytetrack,False,246
10.47159234923156,18.39114621915545,188,12,15,13.697312953496136,13.291139240506327,27,7.723577235772358,58,0,0,0,True,8,0,True,25,confirmation38,70,aflink_cached_no_dedup,70,70,official_detector,data47-1,bytetrack,True,246
10.47159234923156,18.39114621915545,188,12,15,13.697312953496136,13.291139240506327,27,7.723577235772358,58,0,0,0,True,8,0,True,25,confirmation38,70,aflink_cached_overlap_safe,70,70,official_detector,data47-1,bytetrack,True,246
13.522126686317627,18.39114621915545,188,12,15,15.540656960626,13.924050632911392,25,8.536585365853659,58,0,0,7,True,8,0,True,25,confirmation38,70,com3d_reciprocal_guard,70,70,official_detector,data47-1,bytetrack,True,246
13.544246831815986,18.39114621915545,188,12,15,15.553571472860432,13.924050632911392,24,8.94308943089431,58,0,0,9,True,8,0,True,25,confirmation38,70,controlled_cost_greedy,70,70,official_detector,data47-1,bytetrack,True,246
13.64683746759152,18.39114621915545,188,12,15,15.618868828287024,14.556962025316455,23,9.34959349593496,58,0,0,8,True,8,0,True,25,confirmation38,70,controlled_cost_reciprocal,70,70,official_detector,data47-1,bytetrack,True,246
13.499942276023354,18.39114621915545,188,12,15,15.52677672726291,13.924050632911392,25,8.536585365853659,58,0,0,9,True,8,0,True,25,confirmation38,70,geometry_greedy,70,70,official_detector,data47-1,bytetrack,True,246
13.563034044791108,18.39114621915545,188,12,15,15.565223100666344,14.556962025316455,24,8.94308943089431,58,0,0,9,True,8,0,True,25,confirmation38,70,geometry_reid_greedy_guard,70,70,official_detector,data47-1,bytetrack,True,246
13.661148673652853,18.39114621915545,188,12,15,15.627410229179182,15.18987341772152,23,9.34959349593496,58,0,0,10,True,8,0,True,25,confirmation38,70,geometry_reid_hungarian,70,70,official_detector,data47-1,bytetrack,True,246
10.47159234923156,18.39114621915545,188,12,15,13.697312953496136,13.291139240506327,27,7.723577235772358,58,0,0,0,True,8,0,True,25,confirmation38,70,no_refinement,70,70,official_detector,data47-1,bytetrack,True,246
79.05820049098897,62.56909353883112,28,25,8,68.16112773501115,87.52556237218813,5,76.42276422764228,218,0,0,0,True,8,0,True,8,confirmation38,243,aflink_cached_native_dedup,243,243,official_detector,data47-1,deepocsort,True,246
79.07893571275186,62.5922494171884,28,25,8,68.18731428197955,87.52556237218813,5,76.42276422764228,218,0,0,0,False,8,0,True,8,confirmation38,243,aflink_cached_native_saved,243,243,official_detector,data47-1,deepocsort,False,246
79.05820049098897,62.56909353883112,28,25,8,68.16112773501115,87.52556237218813,5,76.42276422764228,218,0,0,0,True,8,0,True,8,confirmation38,243,aflink_cached_no_dedup,243,243,official_detector,data47-1,deepocsort,True,246
79.05820049098897,62.56909353883112,28,25,8,68.16112773501115,87.52556237218813,5,76.42276422764228,218,0,0,0,True,8,0,True,8,confirmation38,243,aflink_cached_overlap_safe,243,243,official_detector,data47-1,deepocsort,True,246
79.07385745412695,62.56909353883112,28,25,8,68.16867658757249,87.52556237218813,4,76.82926829268293,218,0,0,3,True,8,0,True,8,confirmation38,243,com3d_reciprocal_guard,243,243,official_detector,data47-1,deepocsort,True,246
79.60922704393836,62.56909353883112,28,25,8,68.42997429790488,87.93456032719837,3,77.23577235772358,218,0,0,3,True,8,0,True,8,confirmation38,243,controlled_cost_greedy,243,243,official_detector,data47-1,deepocsort,True,246
79.60922704393836,62.56909353883112,28,25,8,68.42997429790488,87.93456032719837,3,77.23577235772358,218,0,0,3,True,8,0,True,8,confirmation38,243,controlled_cost_reciprocal,243,243,official_detector,data47-1,deepocsort,True,246
79.07385745412695,62.56909353883112,28,25,8,68.16867658757249,87.52556237218813,4,76.82926829268293,218,0,0,3,True,8,0,True,8,confirmation38,243,geometry_greedy,243,243,official_detector,data47-1,deepocsort,True,246
79.60922704393836,62.56909353883112,28,25,8,68.42997429790488,87.93456032719837,3,77.23577235772358,218,0,0,3,True,8,0,True,8,confirmation38,243,geometry_reid_greedy_guard,243,243,official_detector,data47-1,deepocsort,True,246
79.60922704393836,62.56909353883112,28,25,8,68.42997429790488,87.93456032719837,3,77.23577235772358,218,0,0,3,True,8,0,True,8,confirmation38,243,geometry_reid_hungarian,243,243,official_detector,data47-1,deepocsort,True,246
79.05820049098897,62.56909353883112,28,25,8,68.16112773501115,87.52556237218813,5,76.42276422764228,218,0,0,0,True,8,0,True,8,confirmation38,243,no_refinement,243,243,official_detector,data47-1,deepocsort,True,246
11.503123183728658,9.648210893056463,217,7,0,10.219847182599706,10.638297872340425,13,3.6585365853658534,29,0,0,0,True,8,0,True,18,confirmation38,36,aflink_cached_native_dedup,36,36,official_detector,data47-1,ocsort,True,246
11.503123183728658,9.648210893056463,217,7,0,10.219847182599706,10.638297872340425,13,3.6585365853658534,29,0,0,0,False,8,0,True,18,confirmation38,36,aflink_cached_native_saved,36,36,official_detector,data47-1,ocsort,False,246
11.503123183728658,9.648210893056463,217,7,0,10.219847182599706,10.638297872340425,13,3.6585365853658534,29,0,0,0,True,8,0,True,18,confirmation38,36,aflink_cached_no_dedup,36,36,official_detector,data47-1,ocsort,True,246
11.503123183728658,9.648210893056463,217,7,0,10.219847182599706,10.638297872340425,13,3.6585365853658534,29,0,0,0,True,8,0,True,18,confirmation38,36,aflink_cached_overlap_safe,36,36,official_detector,data47-1,ocsort,True,246
13.77794477318436,9.648210893056463,217,7,0,11.186117896972851,11.347517730496454,11,4.471544715447155,29,2,0,6,True,8,0,True,18,confirmation38,36,com3d_reciprocal_guard,36,36,official_detector,data47-1,ocsort,True,246
14.78804929146926,9.648210893056463,217,7,0,11.659576792490622,16.312056737588655,6,6.504065040650407,29,2,0,10,True,8,0,True,18,confirmation38,36,controlled_cost_greedy,36,36,official_detector,data47-1,ocsort,True,246
14.568929971948604,9.648210893056463,217,7,0,11.558881169257877,14.893617021276595,6,6.504065040650407,29,2,0,8,True,8,0,True,18,confirmation38,36,controlled_cost_reciprocal,36,36,official_detector,data47-1,ocsort,True,246
13.967611221014051,9.648210893056463,217,7,0,11.277626929543553,12.76595744680851,11,4.471544715447155,29,2,0,10,True,8,0,True,18,confirmation38,36,geometry_greedy,36,36,official_detector,data47-1,ocsort,True,246
15.315288640382304,9.648210893056463,217,7,0,11.892630936473463,17.73049645390071,2,8.130081300813007,29,2,0,10,True,8,0,True,18,confirmation38,36,geometry_reid_greedy_guard,36,36,official_detector,data47-1,ocsort,True,246
15.315288640382304,9.648210893056463,217,7,0,11.892630936473463,17.73049645390071,2,8.130081300813007,29,2,0,10,True,8,0,True,18,confirmation38,36,geometry_reid_hungarian,36,36,official_detector,data47-1,ocsort,True,246
11.503123183728658,9.648210893056463,217,7,0,10.219847182599706,10.638297872340425,13,3.6585365853658534,29,0,0,0,True,8,0,True,18,confirmation38,36,no_refinement,36,36,official_detector,data47-1,ocsort,True,246
32.37660814309764,28.674130560819837,820,193,56,30.40934724625759,33.903002309468825,82,21.56160458452722,576,0,0,0,True,8,0,True,73,confirmation38,769,aflink_cached_native_dedup,769,769,official_detector,data47-2,bytetrack,True,1396
32.36588941805487,28.65071562138522,820,193,56,30.39082432332344,33.903002309468825,82,21.56160458452722,576,0,0,0,False,8,0,True,73,confirmation38,769,aflink_cached_native_saved,769,769,official_detector,data47-2,bytetrack,False,1396
32.37660814309764,28.674130560819837,820,193,56,30.40934724625759,33.903002309468825,82,21.56160458452722,576,0,0,0,True,8,0,True,73,confirmation38,769,aflink_cached_no_dedup,769,769,official_detector,data47-2,bytetrack,True,1396
32.37660814309764,28.674130560819837,820,193,56,30.40934724625759,33.903002309468825,82,21.56160458452722,576,0,0,0,True,8,0,True,73,confirmation38,769,aflink_cached_overlap_safe,769,769,official_detector,data47-2,bytetrack,True,1396
32.98764503168582,28.674130560819837,820,193,56,30.698073533109376,35.01154734411085,73,22.206303724928368,576,1,0,24,True,8,0,True,73,confirmation38,769,com3d_reciprocal_guard,769,769,official_detector,data47-2,bytetrack,True,1396
33.87767803779821,28.705774957385877,820,193,56,31.133776248879553,37.32101616628176,51,23.78223495702006,576,1,0,39,True,8,0,True,73,confirmation38,769,controlled_cost_greedy,769,769,official_detector,data47-2,bytetrack,True,1396
33.424260027622076,28.674130560819837,820,193,56,30.904370589596557,35.750577367205544,63,22.922636103151863,576,1,0,30,True,8,0,True,73,confirmation38,769,controlled_cost_reciprocal,769,769,official_detector,data47-2,bytetrack,True,1396
33.709862750652405,28.674130560819837,820,193,56,31.038596229005588,37.13625866050808,57,23.35243553008596,576,1,0,39,True,8,0,True,73,confirmation38,769,geometry_greedy,769,769,official_detector,data47-2,bytetrack,True,1396
34.05906287498751,28.705774957385877,820,193,56,31.218939483908358,37.6905311778291,47,24.068767908309454,576,1,0,41,True,8,0,True,73,confirmation38,769,geometry_reid_greedy_guard,769,769,official_detector,data47-2,bytetrack,True,1396
33.67999844573858,28.674130560819837,820,193,56,31.02504695038608,36.212471131639724,61,23.065902578796564,576,1,0,39,True,8,0,True,73,confirmation38,769,geometry_reid_hungarian,769,769,official_detector,data47-2,bytetrack,True,1396
32.37660814309764,28.674130560819837,820,193,56,30.40934724625759,33.903002309468825,82,21.56160458452722,576,0,0,0,True,8,0,True,73,confirmation38,769,no_refinement,769,769,official_detector,data47-2,bytetrack,True,1396
78.75990880085804,41.15926086358601,612,195,19,56.41309050852467,65.76842105263158,3,41.977077363896846,784,0,0,0,True,8,0,True,14,confirmation38,979,aflink_cached_native_dedup,979,979,official_detector,data47-2,deepocsort,True,1396
78.76967906251672,41.15383172411176,612,195,19,56.41176335839139,65.76842105263158,3,41.977077363896846,784,0,0,0,False,8,0,True,14,confirmation38,979,aflink_cached_native_saved,979,979,official_detector,data47-2,deepocsort,False,1396
78.75990880085804,41.15926086358601,612,195,19,56.41309050852467,65.76842105263158,3,41.977077363896846,784,0,0,0,True,8,0,True,14,confirmation38,979,aflink_cached_no_dedup,979,979,official_detector,data47-2,deepocsort,True,1396
78.75990880085804,41.15926086358601,612,195,19,56.41309050852467,65.76842105263158,3,41.977077363896846,784,0,0,0,True,8,0,True,14,confirmation38,979,aflink_cached_overlap_safe,979,979,official_detector,data47-2,deepocsort,True,1396
78.86170010602498,41.15926086358601,612,195,19,56.45180514466308,66.02105263157895,0,42.191977077363894,784,0,0,3,True,8,0,True,14,confirmation38,979,com3d_reciprocal_guard,979,979,official_detector,data47-2,deepocsort,True,1396
78.86170010602498,41.15926086358601,612,195,19,56.45180514466308,66.02105263157895,0,42.191977077363894,784,0,0,3,True,8,0,True,14,confirmation38,979,controlled_cost_greedy,979,979,official_detector,data47-2,deepocsort,True,1396
78.86170010602498,41.15926086358601,612,195,19,56.45180514466308,66.02105263157895,0,42.191977077363894,784,0,0,3,True,8,0,True,14,confirmation38,979,controlled_cost_reciprocal,979,979,official_detector,data47-2,deepocsort,True,1396
78.86170010602498,41.15926086358601,612,195,19,56.45180514466308,66.02105263157895,0,42.191977077363894,784,0,0,3,True,8,0,True,14,confirmation38,979,geometry_greedy,979,979,official_detector,data47-2,deepocsort,True,1396
78.86170010602498,41.15926086358601,612,195,19,56.45180514466308,66.02105263157895,0,42.191977077363894,784,0,0,3,True,8,0,True,14,confirmation38,979,geometry_reid_greedy_guard,979,979,official_detector,data47-2,deepocsort,True,1396
78.86170010602498,41.15926086358601,612,195,19,56.45180514466308,66.02105263157895,0,42.191977077363894,784,0,0,3,True,8,0,True,14,confirmation38,979,geometry_reid_hungarian,979,979,official_detector,data47-2,deepocsort,True,1396
78.75990880085804,41.15926086358601,612,195,19,56.41309050852467,65.76842105263158,3,41.977077363896846,784,0,0,0,True,8,0,True,14,confirmation38,979,no_refinement,979,979,official_detector,data47-2,deepocsort,True,1396
38.3015844212919,21.516681912707014,1038,143,40,28.63094553983865,24.77596204533474,48,11.962750716332378,358,0,0,0,True,8,0,True,57,confirmation38,501,aflink_cached_native_dedup,501,501,official_detector,data47-2,ocsort,True,1396
38.301995263351415,21.519834867758874,1038,143,40,28.633898174172074,24.77596204533474,48,11.962750716332378,358,0,0,0,False,8,0,True,57,confirmation38,501,aflink_cached_native_saved,501,501,official_detector,data47-2,ocsort,False,1396
38.3015844212919,21.516681912707014,1038,143,40,28.63094553983865,24.77596204533474,48,11.962750716332378,358,0,0,0,True,8,0,True,57,confirmation38,501,aflink_cached_no_dedup,501,501,official_detector,data47-2,ocsort,True,1396
38.3015844212919,21.516681912707014,1038,143,40,28.63094553983865,24.77596204533474,48,11.962750716332378,358,0,0,0,True,8,0,True,57,confirmation38,501,aflink_cached_overlap_safe,501,501,official_detector,data47-2,ocsort,True,1396
38.55224199540334,21.516681912707014,1038,143,40,28.726926783912777,25.51396942540854,37,12.750716332378223,358,0,0,18,True,8,0,True,57,confirmation38,501,com3d_reciprocal_guard,501,501,official_detector,data47-2,ocsort,True,1396
38.90924452791709,21.516681912707014,1038,143,40,28.862454009762978,26.25197680548234,29,13.32378223495702,358,2,0,24,True,8,0,True,57,confirmation38,501,controlled_cost_greedy,501,501,official_detector,data47-2,ocsort,True,1396
38.85861919233629,21.516681912707014,1038,143,40,28.84305382130735,26.041117554032684,33,13.03724928366762,358,2,0,18,True,8,0,True,57,confirmation38,501,controlled_cost_reciprocal,501,501,official_detector,data47-2,ocsort,True,1396
38.8508317142272,21.516681912707014,1038,143,40,28.841202893952033,26.146547179757512,30,13.252148997134672,358,0,0,28,True,8,0,True,57,confirmation38,501,geometry_greedy,501,501,official_detector,data47-2,ocsort,True,1396
39.05902016257466,21.516681912707014,1038,143,40,28.91971422588985,26.673695308381657,28,13.395415472779371,358,2,0,24,True,8,0,True,57,confirmation38,501,geometry_reid_greedy_guard,501,501,official_detector,data47-2,ocsort,True,1396
39.05855889766262,21.516681912707014,1038,143,40,28.919572726794073,26.884554559831315,29,13.32378223495702,358,2,0,23,True,8,0,True,57,confirmation38,501,geometry_reid_hungarian,501,501,official_detector,data47-2,ocsort,True,1396
38.3015844212919,21.516681912707014,1038,143,40,28.63094553983865,24.77596204533474,48,11.962750716332378,358,0,0,0,True,8,0,True,57,confirmation38,501,no_refinement,501,501,official_detector,data47-2,ocsort,True,1396
48.29340092734943,37.613560294502726,1289,273,102,42.5855285936668,50.442890442890445,136,35.99698454579721,1364,0,0,1,True,8,0,True,145,confirmation38,1637,aflink_cached_native_dedup,1637,1637,official_detector,data47-3,bytetrack,True,2653
48.294504936972075,37.61907829539656,1289,273,102,42.58935457380226,50.442890442890445,136,35.99698454579721,1364,0,0,1,False,8,0,True,145,confirmation38,1637,aflink_cached_native_saved,1637,1637,official_detector,data47-3,bytetrack,False,2653
48.29340092734943,37.613560294502726,1289,273,102,42.5855285936668,50.442890442890445,136,35.99698454579721,1364,0,0,1,True,8,0,True,145,confirmation38,1637,aflink_cached_no_dedup,1637,1637,official_detector,data47-3,bytetrack,True,2653
48.29340092734943,37.613560294502726,1289,273,102,42.5855285936668,50.442890442890445,136,35.99698454579721,1364,0,0,1,True,8,0,True,145,confirmation38,1637,aflink_cached_overlap_safe,1637,1637,official_detector,data47-3,bytetrack,True,2653
53.944314777857294,37.613560294502726,1289,273,102,45.01914604785798,54.82517482517483,99,37.39163211458726,1364,8,0,52,True,8,0,True,145,confirmation38,1637,com3d_reciprocal_guard,1637,1637,official_detector,data47-3,bytetrack,True,2653
55.31831017070945,37.555276082931215,1289,273,102,45.56058888462468,56.08391608391609,74,38.33396155295891,1364,9,0,71,True,8,0,True,145,confirmation38,1637,controlled_cost_greedy,1637,1637,official_detector,data47-3,bytetrack,True,2653
54.410923233834794,37.555276082931215,1289,273,102,45.18461013442797,55.38461538461539,89,37.76856388993592,1364,7,0,59,True,8,0,True,145,confirmation38,1637,controlled_cost_reciprocal,1637,1637,official_detector,data47-3,bytetrack,True,2653
54.62808609506846,37.613560294502726,1289,273,102,45.30639352255467,55.66433566433566,79,38.145495665284585,1364,9,0,73,True,8,0,True,145,confirmation38,1637,geometry_greedy,1637,1637,official_detector,data47-3,bytetrack,True,2653
54.93726507972173,37.6109021683726,1289,273,102,45.43362747445096,55.757575757575765,74,38.33396155295891,1364,9,0,70,True,8,0,True,145,confirmation38,1637,geometry_reid_greedy_guard,1637,1637,official_detector,data47-3,bytetrack,True,2653
55.01715333780862,37.555276082931215,1289,273,102,45.43569089367758,55.757575757575765,84,37.95702977761025,1364,7,0,68,True,8,0,True,145,confirmation38,1637,geometry_reid_hungarian,1637,1637,official_detector,data47-3,bytetrack,True,2653
48.3448638754986,37.613560294502726,1289,273,102,42.60842501793531,50.442890442890445,136,35.99698454579721,1364,0,0,0,True,8,0,True,145,confirmation38,1637,no_refinement,1637,1637,official_detector,data47-3,bytetrack,True,2653
77.61407023130836,42.52516442464741,1273,193,16,57.27106645365359,64.5527685754851,5,44.55333584621183,1380,0,0,0,True,8,0,True,26,confirmation38,1573,aflink_cached_native_dedup,1573,1573,official_detector,data47-3,deepocsort,True,2653
77.629363489672,42.53166419890704,1273,193,16,57.2797407066437,64.5527685754851,5,44.55333584621183,1380,0,0,0,False,8,0,True,26,confirmation38,1573,aflink_cached_native_saved,1573,1573,official_detector,data47-3,deepocsort,False,2653
77.61407023130836,42.52516442464741,1273,193,16,57.27106645365359,64.5527685754851,5,44.55333584621183,1380,0,0,0,True,8,0,True,26,confirmation38,1573,aflink_cached_no_dedup,1573,1573,official_detector,data47-3,deepocsort,True,2653
77.61407023130836,42.52516442464741,1273,193,16,57.27106645365359,64.5527685754851,5,44.55333584621183,1380,0,0,0,True,8,0,True,26,confirmation38,1573,aflink_cached_overlap_safe,1573,1573,official_detector,data47-3,deepocsort,True,2653
78.33606335993647,42.52516442464741,1273,193,16,57.54653025272199,65.16800757217227,2,44.66641537881643,1380,1,0,4,True,8,0,True,26,confirmation38,1573,com3d_reciprocal_guard,1573,1573,official_detector,data47-3,deepocsort,True,2653
78.41835514181801,42.52516442464741,1273,193,16,57.57764310169444,65.21533364884051,1,44.7041085563513,1380,1,0,4,True,8,0,True,26,confirmation38,1573,controlled_cost_greedy,1573,1573,official_detector,data47-3,deepocsort,True,2653
78.41835514181801,42.52516442464741,1273,193,16,57.57764310169444,65.21533364884051,1,44.7041085563513,1380,1,0,4,True,8,0,True,26,confirmation38,1573,controlled_cost_reciprocal,1573,1573,official_detector,data47-3,deepocsort,True,2653
78.33606335993647,42.52516442464741,1273,193,16,57.54653025272199,65.16800757217227,2,44.66641537881643,1380,1,0,4,True,8,0,True,26,confirmation38,1573,geometry_greedy,1573,1573,official_detector,data47-3,deepocsort,True,2653
78.41835514181801,42.52516442464741,1273,193,16,57.57764310169444,65.21533364884051,1,44.7041085563513,1380,1,0,4,True,8,0,True,26,confirmation38,1573,geometry_reid_greedy_guard,1573,1573,official_detector,data47-3,deepocsort,True,2653
78.41835514181801,42.52516442464741,1273,193,16,57.57764310169444,65.21533364884051,1,44.7041085563513,1380,1,0,4,True,8,0,True,26,confirmation38,1573,geometry_reid_hungarian,1573,1573,official_detector,data47-3,deepocsort,True,2653
77.61407023130836,42.52516442464741,1273,193,16,57.27106645365359,64.5527685754851,5,44.55333584621183,1380,0,0,0,True,8,0,True,26,confirmation38,1573,no_refinement,1573,1573,official_detector,data47-3,deepocsort,True,2653
58.271261009339405,35.36214685049273,1528,228,53,45.343183876978046,48.177733399900156,59,31.586882774217866,1125,0,0,1,True,8,0,True,75,confirmation38,1353,aflink_cached_native_dedup,1353,1353,official_detector,data47-3,ocsort,True,2653
58.28301411835524,35.36366270014632,1528,228,53,45.34798138918886,48.177733399900156,59,31.586882774217866,1125,0,0,1,False,8,0,True,75,confirmation38,1353,aflink_cached_native_saved,1353,1353,official_detector,data47-3,ocsort,False,2653
58.271261009339405,35.36214685049273,1528,228,53,45.343183876978046,48.177733399900156,59,31.586882774217866,1125,0,0,1,True,8,0,True,75,confirmation38,1353,aflink_cached_no_dedup,1353,1353,official_detector,data47-3,ocsort,True,2653
58.271261009339405,35.36214685049273,1528,228,53,45.343183876978046,48.177733399900156,59,31.586882774217866,1125,0,0,1,True,8,0,True,75,confirmation38,1353,aflink_cached_overlap_safe,1353,1353,official_detector,data47-3,ocsort,True,2653
61.091548450119625,35.36214685049273,1528,228,53,46.43508606733026,49.725411882176736,47,32.03920090463626,1125,4,0,17,True,8,0,True,75,confirmation38,1353,com3d_reciprocal_guard,1353,1353,official_detector,data47-3,ocsort,True,2653
61.15199056833674,35.33919379967123,1528,228,53,46.44363893205295,50.024962556165754,39,32.340746324915195,1125,4,0,22,True,8,0,True,75,confirmation38,1353,controlled_cost_greedy,1353,1353,official_detector,data47-3,ocsort,True,2653
61.09921711930535,35.36214685049273,1528,228,53,46.43804957898453,49.77533699450824,45,32.114587259706,1125,4,0,18,True,8,0,True,75,confirmation38,1353,controlled_cost_reciprocal,1353,1353,official_detector,data47-3,ocsort,True,2653
58.703737206435626,35.36214685049273,1528,228,53,45.509317945609915,48.87668497254119,46,32.07689408217112,1125,1,2,24,True,8,0,True,75,confirmation38,1353,geometry_greedy,1353,1353,official_detector,data47-3,ocsort,True,2653
61.16174333794143,35.346843632999956,1528,228,53,46.452336930806304,50.124812780828755,36,32.45382585751979,1125,4,0,23,True,8,0,True,75,confirmation38,1353,geometry_reid_greedy_guard,1353,1353,official_detector,data47-3,ocsort,True,2653
61.11632286099603,35.36214685049273,1528,228,53,46.44466711591528,49.975037443834246,41,32.265359969845456,1125,4,0,21,True,8,0,True,75,confirmation38,1353,geometry_reid_hungarian,1353,1353,official_detector,data47-3,ocsort,True,2653
58.34141150361107,35.36214685049273,1528,228,53,45.37096287284439,48.177733399900156,59,31.586882774217866,1125,0,0,0,True,8,0,True,75,confirmation38,1353,no_refinement,1353,1353,official_detector,data47-3,ocsort,True,2653
50.253703650921686,27.621471319907563,482,83,27,37.110117407803834,42.42424242424242,32,26.296296296296294,328,0,0,0,True,8,0,True,52,confirmation38,411,aflink_cached_native_dedup,411,411,official_detector,data47-4,bytetrack,True,810
50.253703650921686,27.621471319907563,482,83,27,37.110117407803834,42.42424242424242,32,26.296296296296294,328,0,0,0,False,8,0,True,52,confirmation38,411,aflink_cached_native_saved,411,411,official_detector,data47-4,bytetrack,False,810
50.253703650921686,27.621471319907563,482,83,27,37.110117407803834,42.42424242424242,32,26.296296296296294,328,0,0,0,True,8,0,True,52,confirmation38,411,aflink_cached_no_dedup,411,411,official_detector,data47-4,bytetrack,True,810
50.253703650921686,27.621471319907563,482,83,27,37.110117407803834,42.42424242424242,32,26.296296296296294,328,0,0,0,True,8,0,True,52,confirmation38,411,aflink_cached_overlap_safe,411,411,official_detector,data47-4,bytetrack,True,810
50.67032071193424,27.621471319907563,482,83,27,37.25577927155952,43.73464373464373,22,27.530864197530864,328,0,0,17,True,8,0,True,52,confirmation38,411,com3d_reciprocal_guard,411,411,official_detector,data47-4,bytetrack,True,810
50.70424462106678,27.621471319907563,482,83,27,37.26909780457714,44.06224406224406,20,27.77777777777778,328,0,0,20,True,8,0,True,52,confirmation38,411,controlled_cost_greedy,411,411,official_detector,data47-4,bytetrack,True,810
50.695326847694275,27.621471319907563,482,83,27,37.26565874200947,44.22604422604422,21,27.65432098765432,328,0,0,18,True,8,0,True,52,confirmation38,411,controlled_cost_reciprocal,411,411,official_detector,data47-4,bytetrack,True,810
50.77167773305753,27.621471319907563,482,83,27,37.29614094357592,44.06224406224406,21,27.65432098765432,328,0,0,21,True,8,0,True,52,confirmation38,411,geometry_greedy,411,411,official_detector,data47-4,bytetrack,True,810
51.00689498518038,27.621471319907563,482,83,27,37.38517226461227,44.06224406224406,20,27.77777777777778,328,0,0,20,True,8,0,True,52,confirmation38,411,geometry_reid_greedy_guard,411,411,official_detector,data47-4,bytetrack,True,810
50.695326847694275,27.621471319907563,482,83,27,37.26565874200947,44.22604422604422,21,27.65432098765432,328,0,0,18,True,8,0,True,52,confirmation38,411,geometry_reid_hungarian,411,411,official_detector,data47-4,bytetrack,True,810
50.253703650921686,27.621471319907563,482,83,27,37.110117407803834,42.42424242424242,32,26.296296296296294,328,0,0,0,True,8,0,True,52,confirmation38,411,no_refinement,411,411,official_detector,data47-4,bytetrack,True,810
72.8584488212006,46.159151661757654,299,65,20,57.28986614624409,73.44877344877345,2,54.81481481481482,511,0,0,0,True,8,0,True,16,confirmation38,576,aflink_cached_native_dedup,576,576,official_detector,data47-4,deepocsort,True,810
72.87949881695334,46.164386192134174,299,65,21,57.30045838339575,73.44877344877345,2,54.81481481481482,511,0,0,0,False,8,0,True,16,confirmation38,576,aflink_cached_native_saved,576,576,official_detector,data47-4,deepocsort,False,810
72.8584488212006,46.159151661757654,299,65,20,57.28986614624409,73.44877344877345,2,54.81481481481482,511,0,0,0,True,8,0,True,16,confirmation38,576,aflink_cached_no_dedup,576,576,official_detector,data47-4,deepocsort,True,810
72.8584488212006,46.159151661757654,299,65,20,57.28986614624409,73.44877344877345,2,54.81481481481482,511,0,0,0,True,8,0,True,16,confirmation38,576,aflink_cached_overlap_safe,576,576,official_detector,data47-4,deepocsort,True,810
72.9156369316078,46.159151661757654,299,65,20,57.32447449596233,73.59307359307358,1,54.93827160493827,511,0,0,4,True,8,0,True,16,confirmation38,576,com3d_reciprocal_guard,576,576,official_detector,data47-4,deepocsort,True,810
72.9156369316078,46.159151661757654,299,65,20,57.32447449596233,73.59307359307358,1,54.93827160493827,511,0,0,4,True,8,0,True,16,confirmation38,576,controlled_cost_greedy,576,576,official_detector,data47-4,deepocsort,True,810
72.9156369316078,46.159151661757654,299,65,20,57.32447449596233,73.59307359307358,1,54.93827160493827,511,0,0,4,True,8,0,True,16,confirmation38,576,controlled_cost_reciprocal,576,576,official_detector,data47-4,deepocsort,True,810
72.9156369316078,46.159151661757654,299,65,20,57.32447449596233,73.59307359307358,1,54.93827160493827,511,0,0,4,True,8,0,True,16,confirmation38,576,geometry_greedy,576,576,official_detector,data47-4,deepocsort,True,810
72.9156369316078,46.159151661757654,299,65,20,57.32447449596233,73.59307359307358,1,54.93827160493827,511,0,0,4,True,8,0,True,16,confirmation38,576,geometry_reid_greedy_guard,576,576,official_detector,data47-4,deepocsort,True,810
72.9156369316078,46.159151661757654,299,65,20,57.32447449596233,73.59307359307358,1,54.93827160493827,511,0,0,4,True,8,0,True,16,confirmation38,576,geometry_reid_hungarian,576,576,official_detector,data47-4,deepocsort,True,810
72.8584488212006,46.159151661757654,299,65,20,57.28986614624409,73.44877344877345,2,54.81481481481482,511,0,0,0,True,8,0,True,16,confirmation38,576,no_refinement,576,576,official_detector,data47-4,deepocsort,True,810
55.90959626848437,26.71747708020387,554,52,14,38.61852449555599,39.35599284436494,16,23.209876543209877,256,0,0,0,True,8,0,True,35,confirmation38,308,aflink_cached_native_dedup,308,308,official_detector,data47-4,ocsort,True,810
55.93880145610333,26.723881858282894,554,52,14,38.632960878352876,39.35599284436494,16,23.209876543209877,256,0,0,0,False,8,0,True,35,confirmation38,308,aflink_cached_native_saved,308,308,official_detector,data47-4,ocsort,False,810
55.90959626848437,26.71747708020387,554,52,14,38.61852449555599,39.35599284436494,16,23.209876543209877,256,0,0,0,True,8,0,True,35,confirmation38,308,aflink_cached_no_dedup,308,308,official_detector,data47-4,ocsort,True,810
55.90959626848437,26.71747708020387,554,52,14,38.61852449555599,39.35599284436494,16,23.209876543209877,256,0,0,0,True,8,0,True,35,confirmation38,308,aflink_cached_overlap_safe,308,308,official_detector,data47-4,ocsort,True,810
57.15999021109497,26.71747708020387,554,52,14,39.04858536224551,39.89266547406082,11,23.827160493827158,256,2,0,5,True,8,0,True,35,confirmation38,308,com3d_reciprocal_guard,308,308,official_detector,data47-4,ocsort,True,810
57.15999021109497,26.71747708020387,554,52,14,39.04858536224551,39.89266547406082,11,23.827160493827158,256,2,0,5,True,8,0,True,35,confirmation38,308,controlled_cost_greedy,308,308,official_detector,data47-4,ocsort,True,810
57.15999021109497,26.71747708020387,554,52,14,39.04858536224551,39.89266547406082,11,23.827160493827158,256,2,0,5,True,8,0,True,35,confirmation38,308,controlled_cost_reciprocal,308,308,official_detector,data47-4,ocsort,True,810
57.15999021109497,26.71747708020387,554,52,14,39.04858536224551,39.89266547406082,11,23.827160493827158,256,2,0,5,True,8,0,True,35,confirmation38,308,geometry_greedy,308,308,official_detector,data47-4,ocsort,True,810
57.15999021109497,26.71747708020387,554,52,14,39.04858536224551,39.89266547406082,11,23.827160493827158,256,2,0,5,True,8,0,True,35,confirmation38,308,geometry_reid_greedy_guard,308,308,official_detector,data47-4,ocsort,True,810
57.15999021109497,26.71747708020387,554,52,14,39.04858536224551,39.89266547406082,11,23.827160493827158,256,2,0,5,True,8,0,True,35,confirmation38,308,geometry_reid_hungarian,308,308,official_detector,data47-4,ocsort,True,810
55.90959626848437,26.71747708020387,554,52,14,38.61852449555599,39.35599284436494,16,23.209876543209877,256,0,0,0,True,8,0,True,35,confirmation38,308,no_refinement,308,308,official_detector,data47-4,ocsort,True,810
15.476207973076296,5.165139282078858,557,1,14,8.383241953422155,6.583072100313479,19,3.350083752093802,40,0,0,0,True,8,0,True,28,confirmation38,41,aflink_cached_native_dedup,41,41,official_detector,data48-1,bytetrack,True,597
15.497914356545998,5.156070557636172,557,1,14,8.38170525500554,6.583072100313479,19,3.350083752093802,40,0,0,0,False,8,0,True,28,confirmation38,41,aflink_cached_native_saved,41,41,official_detector,data48-1,bytetrack,False,597
15.476207973076296,5.165139282078858,557,1,14,8.383241953422155,6.583072100313479,19,3.350083752093802,40,0,0,0,True,8,0,True,28,confirmation38,41,aflink_cached_no_dedup,41,41,official_detector,data48-1,bytetrack,True,597
15.476207973076296,5.165139282078858,557,1,14,8.383241953422155,6.583072100313479,19,3.350083752093802,40,0,0,0,True,8,0,True,28,confirmation38,41,aflink_cached_overlap_safe,41,41,official_detector,data48-1,bytetrack,True,597
15.581236518779882,5.165139282078858,557,1,14,8.416816206375437,6.896551724137931,18,3.5175879396984926,40,0,0,2,True,8,0,True,28,confirmation38,41,com3d_reciprocal_guard,41,41,official_detector,data48-1,bytetrack,True,597
15.581236518779882,5.165139282078858,557,1,14,8.416816206375437,6.896551724137931,18,3.5175879396984926,40,0,0,2,True,8,0,True,28,confirmation38,41,controlled_cost_greedy,41,41,official_detector,data48-1,bytetrack,True,597
15.581236518779882,5.165139282078858,557,1,14,8.416816206375437,6.896551724137931,18,3.5175879396984926,40,0,0,2,True,8,0,True,28,confirmation38,41,controlled_cost_reciprocal,41,41,official_detector,data48-1,bytetrack,True,597
15.581236518779882,5.165139282078858,557,1,14,8.416816206375437,6.896551724137931,18,3.5175879396984926,40,0,0,2,True,8,0,True,28,confirmation38,41,geometry_greedy,41,41,official_detector,data48-1,bytetrack,True,597
15.581236518779882,5.165139282078858,557,1,14,8.416816206375437,6.896551724137931,18,3.5175879396984926,40,0,0,2,True,8,0,True,28,confirmation38,41,geometry_reid_greedy_guard,41,41,official_detector,data48-1,bytetrack,True,597
15.581236518779882,5.165139282078858,557,1,14,8.416816206375437,6.896551724137931,18,3.5175879396984926,40,0,0,2,True,8,0,True,28,confirmation38,41,geometry_reid_hungarian,41,41,official_detector,data48-1,bytetrack,True,597
15.476207973076296,5.165139282078858,557,1,14,8.383241953422155,6.583072100313479,19,3.350083752093802,40,0,0,0,True,8,0,True,28,confirmation38,41,no_refinement,41,41,official_detector,data48-1,bytetrack,True,597
57.11909072375319,36.577522239670905,289,1,14,44.9870879611607,67.54966887417218,2,51.08877721943048,308,0,0,0,True,8,0,True,15,confirmation38,309,aflink_cached_native_dedup,309,309,official_detector,data48-1,deepocsort,True,597
57.047665713991194,36.568406511641875,289,1,14,44.98453638509427,67.54966887417218,2,51.08877721943048,308,0,0,0,False,8,0,True,15,confirmation38,309,aflink_cached_native_saved,309,309,official_detector,data48-1,deepocsort,False,597
57.11909072375319,36.577522239670905,289,1,14,44.9870879611607,67.54966887417218,2,51.08877721943048,308,0,0,0,True,8,0,True,15,confirmation38,309,aflink_cached_no_dedup,309,309,official_detector,data48-1,deepocsort,True,597
57.11909072375319,36.577522239670905,289,1,14,44.9870879611607,67.54966887417218,2,51.08877721943048,308,0,0,0,True,8,0,True,15,confirmation38,309,aflink_cached_overlap_safe,309,309,official_detector,data48-1,deepocsort,True,597
57.070056942400136,36.577522239670905,289,1,14,44.966902517828146,67.3289183222958,2,51.08877721943048,308,0,0,1,True,8,0,True,15,confirmation38,309,com3d_reciprocal_guard,309,309,official_detector,data48-1,deepocsort,True,597
57.070056942400136,36.577522239670905,289,1,14,44.966902517828146,67.3289183222958,2,51.08877721943048,308,0,0,1,True,8,0,True,15,confirmation38,309,controlled_cost_greedy,309,309,official_detector,data48-1,deepocsort,True,597
57.070056942400136,36.577522239670905,289,1,14,44.966902517828146,67.3289183222958,2,51.08877721943048,308,0,0,1,True,8,0,True,15,confirmation38,309,controlled_cost_reciprocal,309,309,official_detector,data48-1,deepocsort,True,597
57.070056942400136,36.577522239670905,289,1,14,44.966902517828146,67.3289183222958,2,51.08877721943048,308,0,0,1,True,8,0,True,15,confirmation38,309,geometry_greedy,309,309,official_detector,data48-1,deepocsort,True,597
57.070056942400136,36.577522239670905,289,1,14,44.966902517828146,67.3289183222958,2,51.08877721943048,308,0,0,1,True,8,0,True,15,confirmation38,309,geometry_reid_greedy_guard,309,309,official_detector,data48-1,deepocsort,True,597
57.070056942400136,36.577522239670905,289,1,14,44.966902517828146,67.3289183222958,2,51.08877721943048,308,0,0,1,True,8,0,True,15,confirmation38,309,geometry_reid_hungarian,309,309,official_detector,data48-1,deepocsort,True,597
57.11909072375319,36.577522239670905,289,1,14,44.9870879611607,67.54966887417218,2,51.08877721943048,308,0,0,0,True,8,0,True,15,confirmation38,309,no_refinement,309,309,official_detector,data48-1,deepocsort,True,597
12.00118665974614,5.096686193840826,559,1,0,6.666178057637849,5.660377358490567,20,2.8475711892797317,38,0,0,0,True,8,0,True,26,confirmation38,39,aflink_cached_native_dedup,39,39,official_detector,data48-1,ocsort,True,597
12.00118665974614,5.096686193840826,559,1,0,6.666178057637849,5.660377358490567,20,2.8475711892797317,38,0,0,0,False,8,0,True,26,confirmation38,39,aflink_cached_native_saved,39,39,official_detector,data48-1,ocsort,False,597
12.00118665974614,5.096686193840826,559,1,0,6.666178057637849,5.660377358490567,20,2.8475711892797317,38,0,0,0,True,8,0,True,26,confirmation38,39,aflink_cached_no_dedup,39,39,official_detector,data48-1,ocsort,True,597
12.00118665974614,5.096686193840826,559,1,0,6.666178057637849,5.660377358490567,20,2.8475711892797317,38,0,0,0,True,8,0,True,26,confirmation38,39,aflink_cached_overlap_safe,39,39,official_detector,data48-1,ocsort,True,597
16.243297361520813,5.096686193840826,559,1,0,7.914929332903508,8.80503144654088,10,4.522613065326634,38,1,0,13,True,8,0,True,26,confirmation38,39,com3d_reciprocal_guard,39,39,official_detector,data48-1,ocsort,True,597
17.508263796227794,5.096686193840826,559,1,0,8.361310674255714,11.949685534591195,0,6.197654941373535,38,1,0,20,True,8,0,True,26,confirmation38,39,controlled_cost_greedy,39,39,official_detector,data48-1,ocsort,True,597
17.508263796227794,5.096686193840826,559,1,0,8.361310674255714,11.949685534591195,0,6.197654941373535,38,1,0,20,True,8,0,True,26,confirmation38,39,controlled_cost_reciprocal,39,39,official_detector,data48-1,ocsort,True,597
16.00662034148983,5.096686193840826,559,1,0,7.828985076594874,8.80503144654088,11,4.355108877721943,38,1,0,19,True,8,0,True,26,confirmation38,39,geometry_greedy,39,39,official_detector,data48-1,ocsort,True,597
17.508263796227794,5.096686193840826,559,1,0,8.361310674255714,11.949685534591195,0,6.197654941373535,38,1,0,20,True,8,0,True,26,confirmation38,39,geometry_reid_greedy_guard,39,39,official_detector,data48-1,ocsort,True,597
17.508263796227794,5.096686193840826,559,1,0,8.361310674255714,11.949685534591195,0,6.197654941373535,38,1,0,20,True,8,0,True,26,confirmation38,39,geometry_reid_hungarian,39,39,official_detector,data48-1,ocsort,True,597
12.00118665974614,5.096686193840826,559,1,0,6.666178057637849,5.660377358490567,20,2.8475711892797317,38,0,0,0,True,8,0,True,26,confirmation38,39,no_refinement,39,39,official_detector,data48-1,ocsort,True,597
44.79422341494823,39.66587567272642,1649,137,77,42.14975834784699,50.11346444780636,141,43.3235294117647,1751,0,1,2,True,8,0,True,101,confirmation38,1888,aflink_cached_native_dedup,1888,1888,official_detector,data49-2,bytetrack,True,3400
44.787047731144234,39.6655675861755,1649,137,77,42.14635849395248,50.11346444780636,141,43.3235294117647,1751,0,1,2,False,8,0,True,101,confirmation38,1888,aflink_cached_native_saved,1888,1888,official_detector,data49-2,bytetrack,False,3400
44.79422341494823,39.66587567272642,1649,137,77,42.14975834784699,50.11346444780636,141,43.3235294117647,1751,0,1,2,True,8,0,True,101,confirmation38,1888,aflink_cached_no_dedup,1888,1888,official_detector,data49-2,bytetrack,True,3400
44.79422341494823,39.66587567272642,1649,137,77,42.14975834784699,50.11346444780636,141,43.3235294117647,1751,0,1,2,True,8,0,True,101,confirmation38,1888,aflink_cached_overlap_safe,1888,1888,official_detector,data49-2,bytetrack,True,3400
47.30651912576864,39.66587567272642,1649,137,77,43.315320553178985,51.96671709531013,124,43.8235294117647,1751,7,1,29,True,8,0,True,101,confirmation38,1888,com3d_reciprocal_guard,1888,1888,official_detector,data49-2,bytetrack,True,3400
47.34452127469833,39.66587567272642,1649,137,77,43.332726496081605,51.96671709531013,124,43.8235294117647,1751,7,2,32,True,8,0,True,101,confirmation38,1888,controlled_cost_greedy,1888,1888,official_detector,data49-2,bytetrack,True,3400
47.37485263698763,39.66587567272642,1649,137,77,43.34660761016219,51.96671709531013,124,43.8235294117647,1751,7,1,30,True,8,0,True,101,confirmation38,1888,controlled_cost_reciprocal,1888,1888,official_detector,data49-2,bytetrack,True,3400
46.447789936606625,39.66587567272642,1649,137,77,42.92048118539514,51.39939485627837,123,43.85294117647059,1751,5,4,36,True,8,0,True,101,confirmation38,1888,geometry_greedy,1888,1888,official_detector,data49-2,bytetrack,True,3400
47.34452127469833,39.66587567272642,1649,137,77,43.332726496081605,51.96671709531013,124,43.8235294117647,1751,7,2,32,True,8,0,True,101,confirmation38,1888,geometry_reid_greedy_guard,1888,1888,official_detector,data49-2,bytetrack,True,3400
47.37485263698763,39.66587567272642,1649,137,77,43.34660761016219,51.96671709531013,124,43.8235294117647,1751,7,1,31,True,8,0,True,101,confirmation38,1888,geometry_reid_hungarian,1888,1888,official_detector,data49-2,bytetrack,True,3400
44.96937817343672,39.66587567272642,1649,137,77,42.23189966982256,50.11346444780636,142,43.29411764705882,1751,0,0,0,True,8,0,True,101,confirmation38,1888,no_refinement,1888,1888,official_detector,data49-2,bytetrack,True,3400
85.05629893148348,47.69824527597841,1533,242,24,63.682634244663184,66.76347794518061,12,47.44117647058824,1867,0,0,0,True,8,0,True,34,confirmation38,2109,aflink_cached_native_dedup,2109,2109,official_detector,data49-2,deepocsort,True,3400
85.05035220260355,47.695337529546194,1533,242,24,63.678588355558766,66.76347794518061,12,47.44117647058824,1867,0,0,0,False,8,0,True,34,confirmation38,2109,aflink_cached_native_saved,2109,2109,official_detector,data49-2,deepocsort,False,3400
85.05629893148348,47.69824527597841,1533,242,24,63.682634244663184,66.76347794518061,12,47.44117647058824,1867,0,0,0,True,8,0,True,34,confirmation38,2109,aflink_cached_no_dedup,2109,2109,official_detector,data49-2,deepocsort,True,3400
85.05629893148348,47.69824527597841,1533,242,24,63.682634244663184,66.76347794518061,12,47.44117647058824,1867,0,0,0,True,8,0,True,34,confirmation38,2109,aflink_cached_overlap_safe,2109,2109,official_detector,data49-2,deepocsort,True,3400
85.88559983000756,47.69824527597841,1533,242,24,63.99299128591615,67.27173715737884,8,47.55882352941177,1867,4,0,1,True,8,0,True,34,confirmation38,2109,com3d_reciprocal_guard,2109,2109,official_detector,data49-2,deepocsort,True,3400
85.96567714780106,47.69824527597841,1533,242,24,64.02298830114334,67.30804138682156,7,47.588235294117645,1867,4,0,1,True,8,0,True,34,confirmation38,2109,controlled_cost_greedy,2109,2109,official_detector,data49-2,deepocsort,True,3400
85.96567714780106,47.69824527597841,1533,242,24,64.02298830114334,67.30804138682156,7,47.588235294117645,1867,4,0,1,True,8,0,True,34,confirmation38,2109,controlled_cost_reciprocal,2109,2109,official_detector,data49-2,deepocsort,True,3400
85.84391072729602,47.69824527597841,1533,242,24,63.97744595244562,67.27173715737884,8,47.55882352941177,1867,4,1,1,True,8,0,True,34,confirmation38,2109,geometry_greedy,2109,2109,official_detector,data49-2,deepocsort,True,3400
85.96567714780106,47.69824527597841,1533,242,24,64.02298830114334,67.30804138682156,7,47.588235294117645,1867,4,0,1,True,8,0,True,34,confirmation38,2109,geometry_reid_greedy_guard,2109,2109,official_detector,data49-2,deepocsort,True,3400
85.96567714780106,47.69824527597841,1533,242,24,64.02298830114334,67.30804138682156,7,47.588235294117645,1867,4,0,1,True,8,0,True,34,confirmation38,2109,geometry_reid_hungarian,2109,2109,official_detector,data49-2,deepocsort,True,3400
85.05629893148348,47.69824527597841,1533,242,24,63.682634244663184,66.76347794518061,12,47.44117647058824,1867,0,0,0,True,8,0,True,34,confirmation38,2109,no_refinement,2109,2109,official_detector,data49-2,deepocsort,True,3400
48.02055255101641,37.51890641880019,2002,98,91,42.44510000134462,43.05555555555556,76,36.0,1398,0,0,1,True,8,0,True,70,confirmation38,1496,aflink_cached_native_dedup,1496,1496,official_detector,data49-2,ocsort,True,3400
48.020941450444724,37.51583105287266,2002,98,91,42.443452276310786,43.05555555555556,76,36.0,1398,0,0,1,False,8,0,True,70,confirmation38,1496,aflink_cached_native_saved,1496,1496,official_detector,data49-2,ocsort,False,3400
48.02055255101641,37.51890641880019,2002,98,91,42.44510000134462,43.05555555555556,76,36.0,1398,0,0,1,True,8,0,True,70,confirmation38,1496,aflink_cached_no_dedup,1496,1496,official_detector,data49-2,ocsort,True,3400
48.02055255101641,37.51890641880019,2002,98,91,42.44510000134462,43.05555555555556,76,36.0,1398,0,0,1,True,8,0,True,70,confirmation38,1496,aflink_cached_overlap_safe,1496,1496,official_detector,data49-2,ocsort,True,3400
50.94019447028112,37.51890641880019,2002,98,91,43.71515502900181,44.97549019607843,67,36.26470588235294,1398,5,9,6,True,8,0,True,70,confirmation38,1496,com3d_reciprocal_guard,1496,1496,official_detector,data49-2,ocsort,True,3400
52.369579841846345,37.51890641880019,2002,98,91,44.32242375742329,45.71078431372549,62,36.411764705882355,1398,6,10,7,True,8,0,True,70,confirmation38,1496,controlled_cost_greedy,1496,1496,official_detector,data49-2,ocsort,True,3400
51.833476857259996,37.51890641880019,2002,98,91,44.0957286001419,45.46568627450981,64,36.35294117647059,1398,5,9,6,True,8,0,True,70,confirmation38,1496,controlled_cost_reciprocal,1496,1496,official_detector,data49-2,ocsort,True,3400
50.51095844611685,37.51890641880019,2002,98,91,43.52858127685512,45.13888888888889,67,36.26470588235294,1398,5,13,8,True,8,0,True,70,confirmation38,1496,geometry_greedy,1496,1496,official_detector,data49-2,ocsort,True,3400
52.35532673933051,37.51890641880019,2002,98,91,44.31634510650609,45.71078431372549,63,36.38235294117647,1398,6,10,6,True,8,0,True,70,confirmation38,1496,geometry_reid_greedy_guard,1496,1496,official_detector,data49-2,ocsort,True,3400
51.833200424881774,37.51890641880019,2002,98,91,44.09561068972443,45.46568627450981,64,36.35294117647059,1398,5,9,7,True,8,0,True,70,confirmation38,1496,geometry_reid_hungarian,1496,1496,official_detector,data49-2,ocsort,True,3400
48.02055255101641,37.51890641880019,2002,98,91,42.44510000134462,43.05555555555556,76,36.0,1398,0,0,0,True,8,0,True,70,confirmation38,1496,no_refinement,1496,1496,official_detector,data49-2,ocsort,True,3400
