AssA,DetA,FN,FP,Frag,HOTA,IDF1,IDSW,MOTA,TP,family,invalid_class_instances,method,predicted_boxes,sequence,tracker,valid_gt_boxes,valid_output
75.1758433119087,73.19498325255908,176,2,42,74.10732597462379,82.96795952782462,65,80.91123330714846,1097,confirmation38,0,geometry_reid_greedy_guard,1099,data23-1,bytetrack,1273,True
74.56894942662198,73.45408625203422,176,2,42,73.92986936703585,81.70320404721754,89,79.02592301649646,1097,confirmation38,0,no_refinement,1099,data23-1,bytetrack,1273,True
75.16238764392739,73.19498325255908,176,2,42,74.10060729317827,82.96795952782462,65,80.91123330714846,1097,confirmation38,0,regr_t_reliable_motion_min5,1099,data23-1,bytetrack,1273,True
75.16238764392739,73.19498325255908,176,2,42,74.10060729317827,82.96795952782462,65,80.91123330714846,1097,confirmation38,0,regr_temporal_risk_05,1099,data23-1,bytetrack,1273,True
74.76238228086059,73.45408625203422,176,2,42,74.02737930803299,82.46205733558179,77,79.96857816182246,1097,confirmation38,0,regr_v1,1099,data23-1,bytetrack,1273,True
96.15847249999845,94.10840534171247,75,0,4,95.12791654961109,96.2363415621206,2,93.95129615082483,1198,confirmation38,0,geometry_reid_greedy_guard,1198,data23-1,deepocsort,1273,True
94.4556344365594,94.10840534171247,75,0,4,94.28186003873891,95.10319708619991,3,93.87274155538098,1198,confirmation38,0,no_refinement,1198,data23-1,deepocsort,1273,True
94.4556344365594,94.10840534171247,75,0,4,94.28186003873891,95.10319708619991,3,93.87274155538098,1198,confirmation38,0,regr_t_reliable_motion_min5,1198,data23-1,deepocsort,1273,True
96.15847249999845,94.10840534171247,75,0,4,95.12791654961109,96.2363415621206,2,93.95129615082483,1198,confirmation38,0,regr_temporal_risk_05,1198,data23-1,deepocsort,1273,True
96.15847249999845,94.10840534171247,75,0,4,95.12791654961109,96.2363415621206,2,93.95129615082483,1198,confirmation38,0,regr_v1,1198,data23-1,deepocsort,1273,True
77.3997579741191,73.36999214454046,339,0,25,75.35794340711833,75.4870865428183,34,70.69913589945011,934,confirmation38,0,geometry_reid_greedy_guard,934,data23-1,ocsort,1273,True
77.32972948804931,73.36999214454046,339,0,25,75.32384512939852,75.0339827820571,44,69.91358994501178,934,confirmation38,0,no_refinement,934,data23-1,ocsort,1273,True
77.3997579741191,73.36999214454046,339,0,25,75.35794340711833,75.4870865428183,34,70.69913589945011,934,confirmation38,0,regr_t_reliable_motion_min5,934,data23-1,ocsort,1273,True
77.3997579741191,73.36999214454046,339,0,25,75.35794340711833,75.4870865428183,34,70.69913589945011,934,confirmation38,0,regr_temporal_risk_05,934,data23-1,ocsort,1273,True
77.36498927855459,73.36999214454046,339,0,25,75.34101575921316,75.30584503851382,39,70.30636292223095,934,confirmation38,0,regr_v1,934,data23-1,ocsort,1273,True
53.49880746336798,48.80584916618158,4535,35,814,50.78189187898663,56.22783941438866,638,52.624397343764215,6458,confirmation38,0,geometry_reid_greedy_guard,6493,data24-1,bytetrack,10993,True
50.40660245714715,48.80584916618158,4535,35,814,49.219328860254116,51.023676083724126,1045,48.92204129900846,6458,confirmation38,0,no_refinement,6493,data24-1,bytetrack,10993,True
53.90731714894985,48.80584916618158,4535,35,814,50.97268206639907,56.22783941438866,640,52.60620394796689,6458,confirmation38,0,regr_t_reliable_motion_min5,6493,data24-1,bytetrack,10993,True
53.50223543353169,48.80584916618158,4535,35,814,50.7835947458139,56.22783941438866,639,52.615300645865545,6458,confirmation38,0,regr_temporal_risk_05,6493,data24-1,bytetrack,10993,True
52.62357036533301,48.80584916618158,4535,35,814,50.34707633845499,54.6265583895688,742,51.678340762303286,6458,confirmation38,0,regr_v1,6493,data24-1,bytetrack,10993,True
77.96627314255599,77.43665017512527,2476,0,247,77.70100988113835,77.76524859046643,135,76.24852178659147,8517,confirmation38,0,geometry_reid_greedy_guard,8517,data24-1,deepocsort,10993,True
76.04929938496322,77.4510893114479,2476,0,247,76.74699347560527,75.1922091235264,243,75.26607841353588,8517,confirmation38,0,no_refinement,8517,data24-1,deepocsort,10993,True
77.96170271741791,77.43665017512527,2476,0,247,77.69873217703437,77.65248590466427,136,76.2394250886928,8517,confirmation38,0,regr_t_reliable_motion_min5,8517,data24-1,deepocsort,10993,True
77.92616063044765,77.43665017512527,2476,0,247,77.681019290828,77.76524859046643,135,76.24852178659147,8517,confirmation38,0,regr_temporal_risk_05,8517,data24-1,deepocsort,10993,True
76.8909014986041,77.42051455210834,2476,0,247,77.15525336308397,76.50435674013326,176,75.87555717274628,8517,confirmation38,0,regr_v1,8517,data24-1,deepocsort,10993,True
61.86279995332006,40.62827898916796,6518,0,207,50.133612025657825,49.00439617274373,206,38.83380332939143,4475,confirmation38,0,geometry_reid_greedy_guard,4475,data24-1,ocsort,10993,True
61.110810628924824,40.62827898916796,6518,0,207,49.8279743089775,48.202741143004914,254,38.39716183025562,4475,confirmation38,0,no_refinement,4475,data24-1,ocsort,10993,True
61.98923087918502,40.62827898916796,6518,0,207,50.184815686344166,49.00439617274373,206,38.83380332939143,4475,confirmation38,0,regr_t_reliable_motion_min5,4475,data24-1,ocsort,10993,True
61.86279995332006,40.62827898916796,6518,0,207,50.133612025657825,49.00439617274373,206,38.83380332939143,4475,confirmation38,0,regr_temporal_risk_05,4475,data24-1,ocsort,10993,True
61.693631528217075,40.62827898916796,6518,0,207,50.06501805674735,48.79751745539178,214,38.761029746202134,4475,confirmation38,0,regr_v1,4475,data24-1,ocsort,10993,True
33.43222418514879,28.742828885263354,132,0,4,30.986173672844288,41.17647058823529,14,27.722772277227726,70,confirmation38,0,geometry_reid_greedy_guard,70,data27-1,bytetrack,202,True
29.221354800918657,28.742828885263354,132,0,4,28.961808012705532,35.294117647058826,20,24.752475247524753,70,confirmation38,0,no_refinement,70,data27-1,bytetrack,202,True
31.76635667754626,28.742828885263354,132,0,4,30.200508117702356,37.5,19,25.247524752475247,70,confirmation38,0,regr_t_reliable_motion_min5,70,data27-1,bytetrack,202,True
33.43222418514879,28.742828885263354,132,0,4,30.986173672844288,41.17647058823529,14,27.722772277227726,70,confirmation38,0,regr_temporal_risk_05,70,data27-1,bytetrack,202,True
32.398531027449714,28.742828885263354,132,0,4,30.501846274238975,38.23529411764706,18,25.742574257425744,70,confirmation38,0,regr_v1,70,data27-1,bytetrack,202,True
77.61188764723649,61.88118811881188,77,0,3,69.30162927200726,72.78287461773701,5,59.4059405940594,125,confirmation38,0,geometry_reid_greedy_guard,125,data27-1,deepocsort,202,True
77.61188764723649,61.88118811881188,77,0,3,69.30162927200726,72.78287461773701,5,59.4059405940594,125,confirmation38,0,no_refinement,125,data27-1,deepocsort,202,True
77.61188764723649,61.88118811881188,77,0,3,69.30162927200726,72.78287461773701,5,59.4059405940594,125,confirmation38,0,regr_t_reliable_motion_min5,125,data27-1,deepocsort,202,True
77.61188764723649,61.88118811881188,77,0,3,69.30162927200726,72.78287461773701,5,59.4059405940594,125,confirmation38,0,regr_temporal_risk_05,125,data27-1,deepocsort,202,True
77.61188764723649,61.88118811881188,77,0,3,69.30162927200726,72.78287461773701,5,59.4059405940594,125,confirmation38,0,regr_v1,125,data27-1,deepocsort,202,True
18.941775278984583,11.881188118811883,178,0,0,15.001693084244735,18.58407079646018,2,10.891089108910892,24,confirmation38,0,geometry_reid_greedy_guard,24,data27-1,ocsort,202,True
18.36037993014737,11.881188118811883,178,0,0,14.76966918664528,16.8141592920354,4,9.900990099009901,24,confirmation38,0,no_refinement,24,data27-1,ocsort,202,True
18.941775278984583,11.881188118811883,178,0,0,15.001693084244735,18.58407079646018,2,10.891089108910892,24,confirmation38,0,regr_t_reliable_motion_min5,24,data27-1,ocsort,202,True
18.941775278984583,11.881188118811883,178,0,0,15.001693084244735,18.58407079646018,2,10.891089108910892,24,confirmation38,0,regr_temporal_risk_05,24,data27-1,ocsort,202,True
18.941775278984583,11.881188118811883,178,0,0,15.001693084244735,18.58407079646018,2,10.891089108910892,24,confirmation38,0,regr_v1,24,data27-1,ocsort,202,True
3.8299294613451655,12.232581034964044,790,1,70,6.80557050320582,11.142061281337048,35,11.468381564844588,143,confirmation38,0,geometry_reid_greedy_guard,144,data31-1,bytetrack,933,True
1.7624977203052439,12.232581034964044,790,1,70,4.541106642484377,5.013927576601671,77,6.966773847802786,143,confirmation38,0,no_refinement,144,data31-1,bytetrack,933,True
3.8299294613451655,12.232581034964044,790,1,70,6.80557050320582,11.142061281337048,35,11.468381564844588,143,confirmation38,0,regr_t_reliable_motion_min5,144,data31-1,bytetrack,933,True
3.8299294613451655,12.232581034964044,790,1,70,6.80557050320582,11.142061281337048,35,11.468381564844588,143,confirmation38,0,regr_temporal_risk_05,144,data31-1,bytetrack,933,True
3.1825067838452425,12.232581034964044,790,1,70,6.190012589119269,9.656453110492109,44,10.503751339764202,143,confirmation38,0,regr_v1,144,data31-1,bytetrack,933,True
97.07618004953056,96.9989281886388,28,0,5,97.03754643153232,98.4766050054407,0,96.9989281886388,905,confirmation38,0,geometry_reid_greedy_guard,905,data31-1,deepocsort,933,True
89.50471629874113,96.9989281886388,28,0,5,93.17650749414298,91.94776931447225,2,96.78456591639872,905,confirmation38,0,no_refinement,905,data31-1,deepocsort,933,True
97.07618004953056,96.9989281886388,28,0,5,97.03754643153232,98.4766050054407,0,96.9989281886388,905,confirmation38,0,regr_t_reliable_motion_min5,905,data31-1,deepocsort,933,True
97.07618004953056,96.9989281886388,28,0,5,97.03754643153232,98.4766050054407,0,96.9989281886388,905,confirmation38,0,regr_temporal_risk_05,905,data31-1,deepocsort,933,True
97.07618004953056,96.9989281886388,28,0,5,97.03754643153232,98.4766050054407,0,96.9989281886388,905,confirmation38,0,regr_v1,905,data31-1,deepocsort,933,True
1.7619158769787824,3.215434083601286,903,0,10,2.380194186043615,3.7383177570093453,13,1.822079314040729,30,confirmation38,0,geometry_reid_greedy_guard,30,data31-1,ocsort,933,True
1.0124889681443623,3.215434083601286,903,0,10,1.8043257847300413,2.0768431983385254,21,0.964630225080386,30,confirmation38,0,no_refinement,30,data31-1,ocsort,933,True
1.7619158769787824,3.215434083601286,903,0,10,2.380194186043615,3.7383177570093453,13,1.822079314040729,30,confirmation38,0,regr_t_reliable_motion_min5,30,data31-1,ocsort,933,True
1.7619158769787824,3.215434083601286,903,0,10,2.380194186043615,3.7383177570093453,13,1.822079314040729,30,confirmation38,0,regr_temporal_risk_05,30,data31-1,ocsort,933,True
1.2622979377558357,3.215434083601286,903,0,10,2.014655259025655,2.907580477673936,19,1.1789924973204717,30,confirmation38,0,regr_v1,30,data31-1,ocsort,933,True
17.071050511425284,33.49101302730729,384,0,75,22.297347245990938,26.451612903225808,45,34.70319634703196,273,confirmation38,0,geometry_reid_greedy_guard,273,data33-1,bytetrack,657,True
9.040869882912931,33.49101302730729,384,0,75,14.57628141280666,10.75268817204301,117,23.74429223744292,273,confirmation38,0,no_refinement,273,data33-1,bytetrack,657,True
17.533631815904407,33.49101302730729,384,0,75,22.651075671596587,29.03225806451613,36,36.07305936073059,273,confirmation38,0,regr_t_reliable_motion_min5,273,data33-1,bytetrack,657,True
17.533631815904407,33.49101302730729,384,0,75,22.651075671596587,29.03225806451613,36,36.07305936073059,273,confirmation38,0,regr_temporal_risk_05,273,data33-1,bytetrack,657,True
11.711268102215671,33.49101302730729,384,0,75,17.56185341039502,16.7741935483871,76,29.98477929984779,273,confirmation38,0,regr_v1,273,data33-1,bytetrack,657,True
82.0559288453294,89.49771689497717,69,0,19,85.69608094512657,88.35341365461848,8,88.2800608828006,588,confirmation38,0,geometry_reid_greedy_guard,588,data33-1,deepocsort,657,True
55.22187642417893,89.49771689497717,69,0,19,70.30100897299111,68.11244979919678,18,86.7579908675799,588,confirmation38,0,no_refinement,588,data33-1,deepocsort,657,True
82.0559288453294,89.49771689497717,69,0,19,85.69608094512657,88.35341365461848,8,88.2800608828006,588,confirmation38,0,regr_t_reliable_motion_min5,588,data33-1,deepocsort,657,True
82.0559288453294,89.49771689497717,69,0,19,85.69608094512657,88.35341365461848,8,88.2800608828006,588,confirmation38,0,regr_temporal_risk_05,588,data33-1,deepocsort,657,True
82.0559288453294,89.49771689497717,69,0,19,85.69608094512657,88.35341365461848,8,88.2800608828006,588,confirmation38,0,regr_v1,588,data33-1,deepocsort,657,True
13.113154621581963,14.45966514459665,562,0,15,13.769960959181956,15.159574468085108,19,11.56773211567732,95,confirmation38,0,geometry_reid_greedy_guard,95,data33-1,ocsort,657,True
11.274770633902165,14.45966514459665,562,0,15,12.768296987004844,10.372340425531915,29,10.045662100456621,95,confirmation38,0,no_refinement,95,data33-1,ocsort,657,True
13.113154621581963,14.45966514459665,562,0,15,13.769960959181956,15.159574468085108,19,11.56773211567732,95,confirmation38,0,regr_t_reliable_motion_min5,95,data33-1,ocsort,657,True
13.113154621581963,14.45966514459665,562,0,15,13.769960959181956,15.159574468085108,19,11.56773211567732,95,confirmation38,0,regr_temporal_risk_05,95,data33-1,ocsort,657,True
13.069565857368328,14.45966514459665,562,0,15,13.747055898729704,14.893617021276595,20,11.415525114155251,95,confirmation38,0,regr_v1,95,data33-1,ocsort,657,True
17.61477457185388,38.761629863524746,6108,18,2176,26.085776346167254,23.97050482132728,3098,22.225969645868464,5752,confirmation38,0,geometry_reid_greedy_guard,5770,data34-1,bytetrack,11860,True
9.955766654889475,38.77866118985773,6108,18,2176,19.577601237346663,14.770277935337491,3508,18.768971332209105,5752,confirmation38,0,no_refinement,5770,data34-1,bytetrack,11860,True
14.803955663246244,38.726889704295196,6109,19,2176,23.892505321637024,22.382302892796368,3082,22.344013490725125,5751,confirmation38,0,regr_t_reliable_motion_min5,5770,data34-1,bytetrack,11860,True
17.565810434203968,38.726889704295196,6109,19,2176,26.037301085790453,23.913783323879752,3070,22.445193929173694,5751,confirmation38,0,regr_temporal_risk_05,5770,data34-1,bytetrack,11860,True
14.242516957327144,38.80797560780074,6108,18,2176,23.453476312057457,18.33238797504254,3391,19.75548060708263,5752,confirmation38,0,regr_v1,5770,data34-1,bytetrack,11860,True
71.28046245059222,85.90255740000364,1634,0,248,78.25070468101171,78.49316308974011,117,85.23608768971333,10226,confirmation38,0,geometry_reid_greedy_guard,10226,data34-1,deepocsort,11860,True
67.85865958592174,85.9791721630995,1634,0,248,76.38344310479809,74.94340306076246,202,84.5193929173693,10226,confirmation38,0,no_refinement,10226,data34-1,deepocsort,11860,True
71.27040880432436,85.90503209872553,1634,0,248,78.24631290302982,78.35733043557005,111,85.2866779089376,10226,confirmation38,0,regr_t_reliable_motion_min5,10226,data34-1,deepocsort,11860,True
71.27040880432436,85.90503209872553,1634,0,248,78.24631290302982,78.35733043557005,111,85.2866779089376,10226,confirmation38,0,regr_temporal_risk_05,10226,data34-1,deepocsort,11860,True
70.41358398146747,85.9445581648387,1634,0,248,77.79243787297999,77.42461287693561,153,84.93254637436762,10226,confirmation38,0,regr_v1,10226,data34-1,deepocsort,11860,True
47.07916336361397,9.410444023258165,10743,0,187,21.04841561972038,13.562456654080297,98,8.591905564924113,1117,confirmation38,0,geometry_reid_greedy_guard,1117,data34-1,ocsort,11860,True
30.049811617447613,9.418212478920742,10743,0,187,16.82306484457165,9.601602835786391,210,7.6475548060708265,1117,confirmation38,0,no_refinement,1117,data34-1,ocsort,11860,True
30.38828105809359,9.410444023258165,10743,0,187,16.910564846752248,10.125606842875857,132,8.30522765598651,1117,confirmation38,0,regr_t_reliable_motion_min5,1117,data34-1,ocsort,11860,True
47.06137542432298,9.410444023258165,10743,0,187,21.04443887852835,13.485397241273024,102,8.558178752107926,1117,confirmation38,0,regr_temporal_risk_05,1117,data34-1,ocsort,11860,True
39.766207350017936,9.410444023258165,10743,0,187,19.34470581159309,12.190799106110811,158,8.086003372681281,1117,confirmation38,0,regr_v1,1117,data34-1,ocsort,11860,True
69.46860986742095,45.219872201037546,1084,2,158,55.751897978046614,58.56573705179283,148,46.30113141862489,1214,confirmation38,0,geometry_reid_greedy_guard,1216,data34-2,bytetrack,2298,True
68.48173083856074,45.2920239860318,1084,2,158,55.375995694704606,55.49231644849175,218,43.2550043516101,1214,confirmation38,0,no_refinement,1216,data34-2,bytetrack,2298,True
69.3795909282303,45.219872201037546,1084,2,158,55.71473529194275,58.281161070005695,155,45.996518711923414,1214,confirmation38,0,regr_t_reliable_motion_min5,1216,data34-2,bytetrack,2298,True
69.3795909282303,45.219872201037546,1084,2,158,55.71473529194275,58.281161070005695,155,45.996518711923414,1214,confirmation38,0,regr_temporal_risk_05,1216,data34-2,bytetrack,2298,True
68.6553563953801,45.2920239860318,1084,2,158,55.45016765551017,56.80136596471258,187,44.60400348128808,1214,confirmation38,0,regr_v1,1216,data34-2,bytetrack,2298,True
89.02774952852027,87.42384682332464,289,0,20,88.22215332787262,91.89691200371487,11,86.94516971279373,2009,confirmation38,0,geometry_reid_greedy_guard,2009,data34-2,deepocsort,2298,True
88.54957879442877,87.42384682332464,289,0,20,87.98491241567531,91.29324355700024,16,86.72758920800696,2009,confirmation38,0,no_refinement,2009,data34-2,deepocsort,2298,True
89.10196365136251,87.42384682332464,289,0,20,88.25891695411944,91.98978407244022,10,86.98868581375109,2009,confirmation38,0,regr_t_reliable_motion_min5,2009,data34-2,deepocsort,2298,True
89.10196365136251,87.42384682332464,289,0,20,88.25891695411944,91.98978407244022,10,86.98868581375109,2009,confirmation38,0,regr_temporal_risk_05,2009,data34-2,deepocsort,2298,True
88.96762992161435,87.42384682332464,289,0,20,88.19236049965691,91.89691200371487,12,86.90165361183638,2009,confirmation38,0,regr_v1,2009,data34-2,deepocsort,2298,True
91.67721458510171,38.207136640556996,1420,0,16,59.18381421029441,54.47103274559194,6,37.94604003481288,878,confirmation38,0,geometry_reid_greedy_guard,878,data34-2,ocsort,2298,True
90.87485561044024,38.207136640556996,1420,0,16,58.924256681768824,53.589420654911834,24,37.1627502175805,878,confirmation38,0,no_refinement,878,data34-2,ocsort,2298,True
91.67721458510171,38.207136640556996,1420,0,16,59.18381421029441,54.47103274559194,6,37.94604003481288,878,confirmation38,0,regr_t_reliable_motion_min5,878,data34-2,ocsort,2298,True
91.67721458510171,38.207136640556996,1420,0,16,59.18381421029441,54.47103274559194,6,37.94604003481288,878,confirmation38,0,regr_temporal_risk_05,878,data34-2,ocsort,2298,True
91.65685026237036,38.207136640556996,1420,0,16,59.177240574544,54.40806045340051,8,37.85900783289817,878,confirmation38,0,regr_v1,878,data34-2,ocsort,2298,True
11.53020151226252,22.905437491308987,1865,5,353,16.212808438490377,14.645858343337334,443,10.901386748844375,731,confirmation38,0,geometry_reid_greedy_guard,736,data34-3,bytetrack,2596,True
10.988044028023571,22.905437491308987,1865,5,353,15.810948032572064,13.145258103241297,491,9.052388289676424,731,confirmation38,0,no_refinement,736,data34-3,bytetrack,2596,True
11.410089694556524,22.905437491308987,1865,5,353,16.126883655539036,14.945978391356544,445,10.824345146379045,731,confirmation38,0,regr_t_reliable_motion_min5,736,data34-3,bytetrack,2596,True
11.560643655005402,22.905437491308987,1865,5,353,16.23471281125119,15.006002400960384,441,10.978428351309708,731,confirmation38,0,regr_temporal_risk_05,736,data34-3,bytetrack,2596,True
11.199348128456188,22.905437491308987,1865,5,353,15.969034713739488,13.565426170468186,470,9.861325115562405,731,confirmation38,0,regr_v1,736,data34-3,bytetrack,2596,True
70.56877226677398,77.44781996179293,582,0,92,73.92832091868486,76.1822125813449,53,75.53929121725731,2014,confirmation38,0,geometry_reid_greedy_guard,2014,data34-3,deepocsort,2596,True
67.50960364956215,77.34728850296986,582,0,92,72.26120670613466,73.27548806941432,92,74.03697996918336,2014,confirmation38,0,no_refinement,2014,data34-3,deepocsort,2596,True
70.56980178329442,77.44781996179293,582,0,92,73.92886126093995,76.13882863340564,51,75.61633281972266,2014,confirmation38,0,regr_t_reliable_motion_min5,2014,data34-3,deepocsort,2596,True
70.56980178329442,77.44781996179293,582,0,92,73.92886126093995,76.13882863340564,51,75.61633281972266,2014,confirmation38,0,regr_temporal_risk_05,2014,data34-3,deepocsort,2596,True
67.0473396258175,77.36166198485608,582,0,92,72.02007272869552,73.66594360086768,71,74.84591679506933,2014,confirmation38,0,regr_v1,2014,data34-3,deepocsort,2596,True
21.3750978664014,11.248073959938369,2304,0,12,15.50576285457132,15.997229916897506,61,8.898305084745763,292,confirmation38,0,geometry_reid_greedy_guard,292,data34-3,ocsort,2596,True
16.99409475405755,11.248073959938369,2304,0,12,13.825730891198482,9.349030470914126,156,5.238828967642527,292,confirmation38,0,no_refinement,292,data34-3,ocsort,2596,True
21.246160425920852,11.248073959938369,2304,0,12,15.458925701208138,15.927977839335181,60,8.936825885978427,292,confirmation38,0,regr_t_reliable_motion_min5,292,data34-3,ocsort,2596,True
21.38314672729072,11.248073959938369,2304,0,12,15.508681951886821,15.997229916897506,59,8.975346687211093,292,confirmation38,0,regr_temporal_risk_05,292,data34-3,ocsort,2596,True
18.411950610009686,11.248073959938369,2304,0,12,14.390934028343025,11.218836565096952,126,6.3944530046224966,292,confirmation38,0,regr_v1,292,data34-3,ocsort,2596,True
54.578841320368596,39.1739345062737,10339,12,1758,46.11877931241951,43.511314789157694,2047,35.55463145857158,8899,confirmation38,0,geometry_reid_greedy_guard,8911,data36-10,bytetrack,19238,True
54.22331667441509,39.20037314523675,10339,12,1758,45.9671542161213,42.62318377207006,2471,33.35066015178293,8899,confirmation38,0,no_refinement,8911,data36-10,bytetrack,19238,True
55.461736705903284,39.17836372301256,10339,12,1758,46.492378056709576,44.09392873636719,2033,35.627404096059884,8899,confirmation38,0,regr_t_reliable_motion_min5,8911,data36-10,bytetrack,19238,True
54.57125299103789,39.17836372301256,10339,12,1758,46.11823850414364,43.63210060748162,2033,35.627404096059884,8899,confirmation38,0,regr_temporal_risk_05,8911,data36-10,bytetrack,19238,True
54.37093271711505,39.19566223126123,10339,12,1758,46.039660525942374,43.34079363387687,2279,34.348684894479675,8899,confirmation38,0,regr_v1,8911,data36-10,bytetrack,19238,True
76.80350407342222,88.0183535590487,2289,0,315,82.21993526543491,82.59872329842209,197,87.07765880029109,16949,confirmation38,0,geometry_reid_greedy_guard,16949,data36-10,deepocsort,19238,True
78.52456504766604,88.0183535590487,2289,0,315,83.13604951982377,83.77041478984165,275,86.67221124857053,16949,confirmation38,0,no_refinement,16949,data36-10,deepocsort,19238,True
77.4648530243106,88.02503604637955,2289,0,315,82.57630586164176,83.07403211097908,194,87.09325293689572,16949,confirmation38,0,regr_t_reliable_motion_min5,16949,data36-10,deepocsort,19238,True
76.98142974776017,88.02503604637955,2289,0,315,82.31824185451752,82.7258407715478,194,87.09325293689572,16949,confirmation38,0,regr_temporal_risk_05,16949,data36-10,deepocsort,19238,True
76.64282583348607,88.00036133307071,2289,0,315,82.12549039237845,83.0629784176638,244,86.83335066015178,16949,confirmation38,0,regr_v1,16949,data36-10,deepocsort,19238,True
84.34401941082126,29.337768998856433,13594,0,123,49.7439982099322,43.07531548910859,126,28.68281526146169,5644,confirmation38,0,geometry_reid_greedy_guard,5644,data36-10,ocsort,19238,True
85.03111296929931,29.337768998856433,13594,0,123,49.9462025584425,42.65734265734265,246,28.059049797276224,5644,confirmation38,0,no_refinement,5644,data36-10,ocsort,19238,True
85.78924546411066,29.337768998856433,13594,0,123,50.16836718503276,43.58170565067117,129,28.667221124857058,5644,confirmation38,0,regr_t_reliable_motion_min5,5644,data36-10,ocsort,19238,True
84.33819131744652,29.337768998856433,13594,0,123,49.74227954821336,43.07531548910859,129,28.667221124857058,5644,confirmation38,0,regr_temporal_risk_05,5644,data36-10,ocsort,19238,True
84.2221647458929,29.337768998856433,13594,0,123,49.70805180148016,42.94670846394985,162,28.49568562220605,5644,confirmation38,0,regr_v1,5644,data36-10,ocsort,19238,True
64.45974823577598,41.582647759894584,4689,2,561,51.682653136426936,49.9961788307222,815,38.037362142696374,4197,confirmation38,0,geometry_reid_greedy_guard,4199,data36-11,bytetrack,8886,True
64.10577878222983,41.59309813122636,4689,2,561,51.54290532200331,48.742835307604125,982,36.158001350438894,4197,confirmation38,0,no_refinement,4199,data36-11,bytetrack,8886,True
64.46387477488264,41.57314962030835,4689,2,561,51.67856671547452,49.965609476499814,827,37.90231825343236,4197,confirmation38,0,regr_t_reliable_motion_min5,4199,data36-11,bytetrack,8886,True
64.46387477488264,41.57314962030835,4689,2,561,51.67856671547452,49.965609476499814,827,37.90231825343236,4197,confirmation38,0,regr_temporal_risk_05,4199,data36-11,bytetrack,8886,True
64.34705097595082,41.58419724271086,4689,2,561,51.637059074953065,49.461215131830336,893,37.15957686248031,4197,confirmation38,0,regr_v1,4199,data36-11,bytetrack,8886,True
90.48359347807559,93.2178642425006,599,0,55,91.84055376775639,93.67029639550456,41,92.79765923925277,8287,confirmation38,0,geometry_reid_greedy_guard,8287,data36-11,deepocsort,8886,True
91.0861042547879,93.2178642425006,599,0,55,92.14581967256808,93.98474349269202,50,92.69637632230476,8287,confirmation38,0,no_refinement,8287,data36-11,deepocsort,8886,True
90.45825417622092,93.2178642425006,599,0,55,91.82769321294332,93.67029639550456,42,92.7864055818141,8287,confirmation38,0,regr_t_reliable_motion_min5,8287,data36-11,deepocsort,8886,True
90.45989241156506,93.2178642425006,599,0,55,91.82852472738303,93.67029639550456,41,92.79765923925277,8287,confirmation38,0,regr_temporal_risk_05,8287,data36-11,deepocsort,8886,True
90.98766196336197,93.2178642425006,599,0,55,92.0960124110822,93.99638968147673,43,92.77515192437542,8287,confirmation38,0,regr_v1,8287,data36-11,deepocsort,8886,True
83.24954993808667,36.84447445419761,5612,0,37,55.38308330182856,52.13815789473685,85,35.88791357191087,3274,confirmation38,0,geometry_reid_greedy_guard,3274,data36-11,ocsort,8886,True
82.1228152318072,36.84447445419761,5612,0,37,55.0070174424601,49.29276315789474,268,33.828494260634706,3274,confirmation38,0,no_refinement,3274,data36-11,ocsort,8886,True
83.25269722946305,36.84447445419761,5612,0,37,55.38413018468377,52.15460526315789,84,35.89916722934954,3274,confirmation38,0,regr_t_reliable_motion_min5,3274,data36-11,ocsort,8886,True
83.25269722946305,36.84447445419761,5612,0,37,55.38413018468377,52.15460526315789,84,35.89916722934954,3274,confirmation38,0,regr_temporal_risk_05,3274,data36-11,ocsort,8886,True
82.68948424529529,36.84447445419761,5612,0,37,55.196472621958,50.36184210526316,194,34.661264911096104,3274,confirmation38,0,regr_v1,3274,data36-11,ocsort,8886,True
65.1123745881732,64.67410296719775,978,22,82,64.82327447319554,71.52180361910412,94,71.57703299558327,2871,confirmation38,0,geometry_reid_greedy_guard,2893,data36-12,bytetrack,3849,True
64.71339620625854,64.67410296719775,978,22,82,64.62011324423142,70.27588252743993,146,70.22603273577552,2871,confirmation38,0,no_refinement,2893,data36-12,bytetrack,3849,True
65.20022223471972,64.67410296719775,978,22,82,64.86685843852665,71.37347967962029,95,71.55105222135619,2871,confirmation38,0,regr_t_reliable_motion_min5,2893,data36-12,bytetrack,3849,True
65.1123745881732,64.67410296719775,978,22,82,64.82327447319554,71.52180361910412,94,71.57703299558327,2871,confirmation38,0,regr_temporal_risk_05,2893,data36-12,bytetrack,3849,True
64.91363706420773,64.67410296719775,978,22,82,64.72234876175239,71.1954909522397,107,71.23928293063133,2871,confirmation38,0,regr_v1,2893,data36-12,bytetrack,3849,True
92.53534328929615,91.69617517896634,318,0,23,92.11480358267575,94.8780487804878,8,91.53026760197453,3531,confirmation38,0,geometry_reid_greedy_guard,3531,data36-12,deepocsort,3849,True
91.6354961481663,91.7381137957911,318,0,23,91.6867906155203,93.82113821138212,15,91.34840218238503,3531,confirmation38,0,no_refinement,3531,data36-12,deepocsort,3849,True
92.53534328929615,91.69617517896634,318,0,23,92.11480358267575,94.8780487804878,8,91.53026760197453,3531,confirmation38,0,regr_t_reliable_motion_min5,3531,data36-12,deepocsort,3849,True
92.53534328929615,91.69617517896634,318,0,23,92.11480358267575,94.8780487804878,8,91.53026760197453,3531,confirmation38,0,regr_temporal_risk_05,3531,data36-12,deepocsort,3849,True
92.4603303976432,91.69617517896634,318,0,23,92.07746002080317,94.74254742547426,10,91.4783060535204,3531,confirmation38,0,regr_v1,3531,data36-12,deepocsort,3849,True
74.53738634015042,68.35541699142634,1218,0,33,71.37950773668888,72.34567901234567,44,67.21226292543517,2631,confirmation38,0,geometry_reid_greedy_guard,2631,data36-12,ocsort,3849,True
73.95279522154323,68.35541699142634,1218,0,33,71.09904468451141,71.48148148148148,77,66.3548973759418,2631,confirmation38,0,no_refinement,2631,data36-12,ocsort,3849,True
74.56781190394767,68.35541699142634,1218,0,33,71.3940745218578,72.34567901234567,44,67.21226292543517,2631,confirmation38,0,regr_t_reliable_motion_min5,2631,data36-12,ocsort,3849,True
74.53738634015042,68.35541699142634,1218,0,33,71.37950773668888,72.34567901234567,44,67.21226292543517,2631,confirmation38,0,regr_temporal_risk_05,2631,data36-12,ocsort,3849,True
74.51118991039448,68.35541699142634,1218,0,33,71.36696334335917,72.12962962962963,52,67.0044167316186,2631,confirmation38,0,regr_v1,2631,data36-12,ocsort,3849,True
67.17139963188217,68.96844909832137,304,3,57,68.03971451567269,80.8837066584842,54,79.71910112359551,1476,confirmation38,0,geometry_reid_greedy_guard,1479,data36-13,bytetrack,1780,True
63.23891569919052,69.08184538433294,304,3,57,66.06050992984173,75.60601411475912,94,77.47191011235955,1476,confirmation38,0,no_refinement,1479,data36-13,bytetrack,1780,True
65.37289912406864,69.08184538433294,304,3,57,67.17573701980103,79.10401963792575,58,79.49438202247191,1476,confirmation38,0,regr_t_reliable_motion_min5,1479,data36-13,bytetrack,1780,True
67.17139963188217,68.96844909832137,304,3,57,68.03971451567269,80.8837066584842,54,79.71910112359551,1476,confirmation38,0,regr_temporal_risk_05,1479,data36-13,bytetrack,1780,True
65.03335365262075,68.96844909832137,304,3,57,66.94603967564517,78.49033445842282,76,78.48314606741573,1476,confirmation38,0,regr_v1,1479,data36-13,bytetrack,1780,True
87.49381182616271,91.57303370786518,150,0,21,89.51018813289808,90.85043988269794,14,90.78651685393258,1630,confirmation38,0,geometry_reid_greedy_guard,1630,data36-13,deepocsort,1780,True
84.668368298351,91.57303370786518,150,0,21,88.05304846610842,88.32844574780059,20,90.4494382022472,1630,confirmation38,0,no_refinement,1630,data36-13,deepocsort,1780,True
86.50096008756869,91.57303370786518,150,0,21,89.0008726578657,89.91202346041057,16,90.67415730337078,1630,confirmation38,0,regr_t_reliable_motion_min5,1630,data36-13,deepocsort,1780,True
87.49381182616271,91.57303370786518,150,0,21,89.51018813289808,90.85043988269794,14,90.78651685393258,1630,confirmation38,0,regr_temporal_risk_05,1630,data36-13,deepocsort,1780,True
86.45394302970789,91.57303370786518,150,0,21,88.97668143529124,90.14662756598241,16,90.67415730337078,1630,confirmation38,0,regr_v1,1630,data36-13,deepocsort,1780,True
79.37597274344834,73.25842696629212,476,0,22,76.2558778200363,76.58884565499352,25,71.85393258426967,1304,confirmation38,0,geometry_reid_greedy_guard,1304,data36-13,ocsort,1780,True
79.2029197446619,73.25842696629212,476,0,22,76.17270713077889,75.74578469520104,43,70.84269662921349,1304,confirmation38,0,no_refinement,1304,data36-13,ocsort,1780,True
79.32484799907206,73.25842696629212,476,0,22,76.23131629292676,76.39429312581063,26,71.79775280898878,1304,confirmation38,0,regr_t_reliable_motion_min5,1304,data36-13,ocsort,1780,True
79.37597274344834,73.25842696629212,476,0,22,76.2558778200363,76.58884565499352,25,71.85393258426967,1304,confirmation38,0,regr_temporal_risk_05,1304,data36-13,ocsort,1780,True
79.34811813627734,73.25842696629212,476,0,22,76.24249679410553,76.32944228274967,30,71.57303370786516,1304,confirmation38,0,regr_v1,1304,data36-13,ocsort,1780,True
52.89552709775327,47.93980627524467,5514,14,1059,50.16664843009636,55.49514563106796,719,52.13026819923372,7536,confirmation38,0,geometry_reid_greedy_guard,7550,data36-4,bytetrack,13050,True
48.32730489255678,47.997802136427694,5514,14,1059,47.929441053642044,47.80582524271845,1231,48.206896551724135,7536,confirmation38,0,no_refinement,7550,data36-4,bytetrack,13050,True
52.87418633610752,47.94800580675022,5514,14,1059,50.16027812530388,55.32038834951456,717,52.1455938697318,7536,confirmation38,0,regr_t_reliable_motion_min5,7550,data36-4,bytetrack,13050,True
52.87418633610752,47.94800580675022,5514,14,1059,50.16027812530388,55.32038834951456,717,52.1455938697318,7536,confirmation38,0,regr_temporal_risk_05,7550,data36-4,bytetrack,13050,True
51.584934448712914,47.982967183836884,5514,14,1059,49.54521352661141,51.932038834951456,964,50.252873563218394,7536,confirmation38,0,regr_v1,7550,data36-4,bytetrack,13050,True
85.96821920182973,89.63299386268639,1350,0,146,87.78148360420546,89.9070707070707,52,89.25670498084291,11700,confirmation38,0,geometry_reid_greedy_guard,11700,data36-4,deepocsort,13050,True
82.84436327124067,89.61999507960533,1350,0,146,86.16560460391342,86.88484848484849,99,88.89655172413794,11700,confirmation38,0,no_refinement,11700,data36-4,deepocsort,13050,True
85.92375382642382,89.63299386268639,1350,0,146,87.75877904255198,89.86666666666666,54,89.24137931034483,11700,confirmation38,0,regr_t_reliable_motion_min5,11700,data36-4,deepocsort,13050,True
85.96724289829713,89.63299386268639,1350,0,146,87.7809851547985,89.9070707070707,52,89.25670498084291,11700,confirmation38,0,regr_temporal_risk_05,11700,data36-4,deepocsort,13050,True
84.99452265910769,89.61999507960533,1350,0,146,87.27662170712416,89.24444444444445,66,89.14942528735632,11700,confirmation38,0,regr_v1,11700,data36-4,deepocsort,13050,True
54.00484458495159,40.763155185284745,7723,0,255,46.91916015179558,43.848288621646624,182,39.42528735632184,5327,confirmation38,0,geometry_reid_greedy_guard,5327,data36-4,ocsort,13050,True
52.728972359560856,40.772234519007796,7723,0,255,46.36677514175057,41.33427654132883,339,38.22222222222222,5327,confirmation38,0,no_refinement,5327,data36-4,ocsort,13050,True
53.923904391273005,40.763155185284745,7723,0,255,46.8839867155111,43.837405452467756,183,39.417624521072796,5327,confirmation38,0,regr_t_reliable_motion_min5,5327,data36-4,ocsort,13050,True
54.00443664771277,40.763155185284745,7723,0,255,46.91898294437083,43.848288621646624,182,39.42528735632184,5327,confirmation38,0,regr_temporal_risk_05,5327,data36-4,ocsort,13050,True
53.52406279458531,40.763155185284745,7723,0,255,46.70984263099747,43.260597485987915,237,39.003831417624525,5327,confirmation38,0,regr_v1,5327,data36-4,ocsort,13050,True
72.4804642073571,61.492007400470946,2195,3,412,66.718994670548,75.33274179236912,294,68.28709595316874,5663,confirmation38,0,geometry_reid_greedy_guard,5666,data36-5,bytetrack,7858,True
70.58181143406523,61.492007400470946,2195,3,412,65.82814108598419,71.26589766341318,504,65.6146602188852,5663,confirmation38,0,no_refinement,5666,data36-5,bytetrack,7858,True
72.66723325599264,61.492007400470946,2195,3,412,66.80515740035604,75.52499260573795,296,68.2616441842708,5663,confirmation38,0,regr_t_reliable_motion_min5,5666,data36-5,bytetrack,7858,True
72.52193760579897,61.492007400470946,2195,3,412,66.73838586580031,75.45104998521147,296,68.2616441842708,5663,confirmation38,0,regr_temporal_risk_05,5666,data36-5,bytetrack,7858,True
71.87516648944423,61.492007400470946,2195,3,412,66.4365228615115,73.39544513457557,411,66.79816747263935,5663,confirmation38,0,regr_v1,5666,data36-5,bytetrack,7858,True
95.53296300419632,95.80045813184016,330,0,41,95.66661707457908,96.46431821136098,7,95.71137694069738,7528,confirmation38,0,geometry_reid_greedy_guard,7528,data36-5,deepocsort,7858,True
93.85757225474609,95.80045813184016,330,0,41,94.82403925770598,95.08644222020018,30,95.4186815983711,7528,confirmation38,0,no_refinement,7528,data36-5,deepocsort,7858,True
95.53459725186897,95.80045813184016,330,0,41,95.6674353381018,96.4383205511504,8,95.69865105624841,7528,confirmation38,0,regr_t_reliable_motion_min5,7528,data36-5,deepocsort,7858,True
95.53296300419632,95.80045813184016,330,0,41,95.66661707457908,96.46431821136098,7,95.71137694069738,7528,confirmation38,0,regr_temporal_risk_05,7528,data36-5,deepocsort,7858,True
95.4456570720445,95.80045813184016,330,0,41,95.62289304448163,96.41232289093982,9,95.68592517179944,7528,confirmation38,0,regr_v1,7528,data36-5,deepocsort,7858,True
83.46172888911758,61.75015155875825,2936,0,92,71.78976609209755,72.2848200312989,101,61.35148892848052,4922,confirmation38,0,geometry_reid_greedy_guard,4922,data36-5,ocsort,7858,True
82.48733162011125,62.028293393919,2936,0,92,71.5300334240293,70.9076682316119,185,60.28251463476712,4922,confirmation38,0,no_refinement,4922,data36-5,ocsort,7858,True
83.39613959955673,61.75015155875825,2936,0,92,71.76155192461509,72.22222222222221,102,61.338763044031566,4922,confirmation38,0,regr_t_reliable_motion_min5,4922,data36-5,ocsort,7858,True
83.46172888911758,61.75015155875825,2936,0,92,71.78976609209755,72.2848200312989,101,61.35148892848052,4922,confirmation38,0,regr_temporal_risk_05,4922,data36-5,ocsort,7858,True
83.34433480912053,61.75015155875825,2936,0,92,71.73925951177242,71.84663536776212,133,60.94426062611351,4922,confirmation38,0,regr_v1,4922,data36-5,ocsort,7858,True
51.97759046618815,65.62256424490333,3118,18,860,58.266988196397676,64.10336726703211,755,72.82821229050279,11202,confirmation38,0,geometry_reid_greedy_guard,11220,data37-1,bytetrack,14320,True
49.28057650503994,65.64203206758667,3118,18,860,56.71511668231266,59.608457321848086,1134,70.18156424581005,11202,confirmation38,0,no_refinement,11220,data37-1,bytetrack,14320,True
51.14242668153154,65.63906020650725,3118,18,860,57.797657758795054,62.98355520751762,766,72.7513966480447,11202,confirmation38,0,regr_t_reliable_motion_min5,11220,data37-1,bytetrack,14320,True
51.839383125505165,65.63906020650725,3118,18,860,58.19511236436313,63.703993735317155,762,72.77932960893855,11202,confirmation38,0,regr_temporal_risk_05,11220,data37-1,bytetrack,14320,True
51.12482034922272,65.63200404275167,3118,18,860,57.78163019463768,62.20830070477682,981,71.25,11202,confirmation38,0,regr_v1,11220,data37-1,bytetrack,14320,True
93.74365193661008,95.1351730066782,695,0,83,94.43684950942499,95.26570048309179,21,95.0,13625,confirmation38,0,geometry_reid_greedy_guard,13625,data37-1,deepocsort,14320,True
91.62168568812307,95.1351730066782,695,0,83,93.36190288329628,93.47647164072285,55,94.76256983240224,13625,confirmation38,0,no_refinement,13625,data37-1,deepocsort,14320,True
93.53032129865659,95.1351730066782,695,0,83,94.3293341900108,95.10824834496331,22,94.99301675977654,13625,confirmation38,0,regr_t_reliable_motion_min5,13625,data37-1,deepocsort,14320,True
93.79486484381513,95.1351730066782,695,0,83,94.46264179056747,95.28717122920021,21,95.0,13625,confirmation38,0,regr_temporal_risk_05,13625,data37-1,deepocsort,14320,True
93.5678205141417,95.1351730066782,695,0,83,94.34824212707233,95.16550366791913,26,94.96508379888267,13625,confirmation38,0,regr_v1,13625,data37-1,deepocsort,14320,True
65.47703566928969,61.51609684817804,5495,0,415,63.4656728227374,63.720025923525604,297,59.55307262569832,8825,confirmation38,0,geometry_reid_greedy_guard,8825,data37-1,ocsort,14320,True
61.840652478200795,61.557629682162904,5495,0,415,61.69897867427486,59.89198531000216,470,58.3449720670391,8825,confirmation38,0,no_refinement,8825,data37-1,ocsort,14320,True
64.19256457336486,61.51609684817804,5495,0,415,62.84008250221093,62.61395549794773,313,59.44134078212291,8825,confirmation38,0,regr_t_reliable_motion_min5,8825,data37-1,ocsort,14320,True
65.36803253704502,61.51609684817804,5495,0,415,63.41282345740304,63.46943184273061,305,59.49720670391061,8825,confirmation38,0,regr_temporal_risk_05,8825,data37-1,ocsort,14320,True
64.79850325950672,61.51609684817804,5495,0,415,63.135971879118024,62.64852019874703,382,58.959497206703915,8825,confirmation38,0,regr_v1,8825,data37-1,ocsort,14320,True
63.45736682192371,73.16572613796899,678,2,138,68.09131629910343,76.52424387902064,100,82.68206039076377,3826,confirmation38,0,geometry_reid_greedy_guard,3828,data37-10,bytetrack,4504,True
63.47811450596475,73.16572613796899,678,2,138,68.09494595440995,73.71579452712434,183,80.8392539964476,3826,confirmation38,0,no_refinement,3828,data37-10,bytetrack,4504,True
64.22922946797857,73.16572613796899,678,2,138,68.50426388597842,76.64426308209313,105,82.57104795737122,3826,confirmation38,0,regr_t_reliable_motion_min5,3828,data37-10,bytetrack,4504,True
63.45736682192371,73.16572613796899,678,2,138,68.09131629910343,76.52424387902064,100,82.68206039076377,3826,confirmation38,0,regr_temporal_risk_05,3828,data37-10,bytetrack,4504,True
61.58826288166542,73.16572613796899,678,2,138,67.0733793091636,74.00384061449832,135,81.90497335701599,3826,confirmation38,0,regr_v1,3828,data37-10,bytetrack,4504,True
85.44971450233778,92.71758436944936,328,0,42,89.00950013181662,89.86175115207374,29,92.07371225577265,4176,confirmation38,0,geometry_reid_greedy_guard,4176,data37-10,deepocsort,4504,True
82.94394074993232,92.71758436944936,328,0,42,87.69470807532494,87.53456221198157,41,91.80728241563055,4176,confirmation38,0,no_refinement,4176,data37-10,deepocsort,4504,True
85.58476428241727,92.71758436944936,328,0,42,89.07981030005881,89.90783410138249,30,92.05150976909414,4176,confirmation38,0,regr_t_reliable_motion_min5,4176,data37-10,deepocsort,4504,True
85.44971450233778,92.71758436944936,328,0,42,89.00950013181662,89.86175115207374,29,92.07371225577265,4176,confirmation38,0,regr_temporal_risk_05,4176,data37-10,deepocsort,4504,True
84.50325778718832,92.71758436944936,328,0,42,88.5151847615818,89.28571428571429,30,92.05150976909414,4176,confirmation38,0,regr_v1,4176,data37-10,deepocsort,4504,True
68.04202855913547,75.15937143027318,1105,0,57,71.51219389368373,69.03707452866,63,74.06749555950266,3399,confirmation38,0,geometry_reid_greedy_guard,3399,data37-10,ocsort,4504,True
68.27735792636716,75.4047670943743,1105,0,57,71.75261679354583,68.73339238263951,78,73.73445825932504,3399,confirmation38,0,no_refinement,3399,data37-10,ocsort,4504,True
68.04202855913547,75.15937143027318,1105,0,57,71.51219389368373,69.03707452866,63,74.06749555950266,3399,confirmation38,0,regr_t_reliable_motion_min5,3399,data37-10,ocsort,4504,True
68.04202855913547,75.15937143027318,1105,0,57,71.51219389368373,69.03707452866,63,74.06749555950266,3399,confirmation38,0,regr_temporal_risk_05,3399,data37-10,ocsort,4504,True
68.03855927052777,75.15937143027318,1105,0,57,71.5103707611119,69.0117676831583,64,74.04529307282417,3399,confirmation38,0,regr_v1,3399,data37-10,ocsort,4504,True
71.99589363572707,71.48651468929626,1696,0,348,71.71242947507487,81.87366493744278,332,81.0094578144021,8983,confirmation38,0,geometry_reid_greedy_guard,8983,data37-11,bytetrack,10679,True
67.66692445436567,71.48651468929626,1696,0,348,69.51432999210819,76.50289899298139,525,79.20217248806068,8983,confirmation38,0,no_refinement,8983,data37-11,bytetrack,10679,True
72.10944711834631,71.46250837646897,1696,0,348,71.75743857397848,82.03641542060828,332,81.0094578144021,8983,confirmation38,0,regr_t_reliable_motion_min5,8983,data37-11,bytetrack,10679,True
72.11655373964307,71.46250837646897,1696,0,348,71.7609947695125,82.03641542060828,332,81.0094578144021,8983,confirmation38,0,regr_temporal_risk_05,8983,data37-11,bytetrack,10679,True
70.73889092511621,71.48651468929626,1696,0,348,71.07951448921689,79.43240768996033,448,79.92321378406217,8983,confirmation38,0,regr_v1,8983,data37-11,bytetrack,10679,True
92.51908506171797,93.37078651685393,706,0,47,92.94396021276648,93.90858028278133,16,93.23906732840153,9973,confirmation38,0,geometry_reid_greedy_guard,9973,data37-11,deepocsort,10679,True
89.76266035744868,93.38889409120704,706,0,47,91.55782643480984,91.5552973077668,27,93.13606142897275,9973,confirmation38,0,no_refinement,9973,data37-11,deepocsort,10679,True
92.42602449212313,93.37078651685393,706,0,47,92.89720448676343,93.79236877784234,17,93.2297031557262,9973,confirmation38,0,regr_t_reliable_motion_min5,9973,data37-11,deepocsort,10679,True
92.51908506171797,93.37078651685393,706,0,47,92.94396021276648,93.90858028278133,16,93.23906732840153,9973,confirmation38,0,regr_temporal_risk_05,9973,data37-11,deepocsort,10679,True
92.45388378897464,93.37078651685393,706,0,47,92.91120409247947,93.86984311446834,16,93.23906732840153,9973,confirmation38,0,regr_v1,9973,data37-11,deepocsort,10679,True
73.67221697715698,71.37868168275648,3047,0,189,72.51638239458393,72.16427284146143,134,70.2125667197303,7632,confirmation38,0,geometry_reid_greedy_guard,7632,data37-11,ocsort,10679,True
72.48624672202367,71.37868168275648,3047,0,189,71.93033240018816,71.01742122221616,175,69.8286356400412,7632,confirmation38,0,no_refinement,7632,data37-11,ocsort,10679,True
73.51561960231035,71.37868168275648,3047,0,189,72.43927112542049,71.98951449948119,135,70.20320254705497,7632,confirmation38,0,regr_t_reliable_motion_min5,7632,data37-11,ocsort,10679,True
73.67221697715698,71.37868168275648,3047,0,189,72.51638239458393,72.16427284146143,134,70.2125667197303,7632,confirmation38,0,regr_temporal_risk_05,7632,data37-11,ocsort,10679,True
73.76701776262354,71.37868168275648,3047,0,189,72.56302412959472,72.04412648135002,150,70.0627399569248,7632,confirmation38,0,regr_v1,7632,data37-11,ocsort,10679,True
89.69969392133119,80.59287984291015,246,0,5,84.99574522237629,92.67399267399267,7,87.56145526057031,1788,confirmation38,0,geometry_reid_greedy_guard,1788,data37-12,bytetrack,2034,True
88.97642917734989,80.59287984291015,246,0,5,84.64859440886849,91.67974882260597,12,87.31563421828909,1788,confirmation38,0,no_refinement,1788,data37-12,bytetrack,2034,True
89.69969392133119,80.59287984291015,246,0,5,84.99574522237629,92.67399267399267,7,87.56145526057031,1788,confirmation38,0,regr_t_reliable_motion_min5,1788,data37-12,bytetrack,2034,True
89.69969392133119,80.59287984291015,246,0,5,84.99574522237629,92.67399267399267,7,87.56145526057031,1788,confirmation38,0,regr_temporal_risk_05,1788,data37-12,bytetrack,2034,True
89.69969392133119,80.59287984291015,246,0,5,84.99574522237629,92.67399267399267,7,87.56145526057031,1788,confirmation38,0,regr_v1,1788,data37-12,bytetrack,2034,True
94.04892588032418,91.93706981317602,164,0,2,92.9870026644239,95.23565573770492,2,91.83874139626353,1870,confirmation38,0,geometry_reid_greedy_guard,1870,data37-12,deepocsort,2034,True
94.04892588032418,91.93706981317602,164,0,2,92.9870026644239,95.23565573770492,2,91.83874139626353,1870,confirmation38,0,no_refinement,1870,data37-12,deepocsort,2034,True
94.04892588032418,91.93706981317602,164,0,2,92.9870026644239,95.23565573770492,2,91.83874139626353,1870,confirmation38,0,regr_t_reliable_motion_min5,1870,data37-12,deepocsort,2034,True
94.04892588032418,91.93706981317602,164,0,2,92.9870026644239,95.23565573770492,2,91.83874139626353,1870,confirmation38,0,regr_temporal_risk_05,1870,data37-12,deepocsort,2034,True
94.04892588032418,91.93706981317602,164,0,2,92.9870026644239,95.23565573770492,2,91.83874139626353,1870,confirmation38,0,regr_v1,1870,data37-12,deepocsort,2034,True
92.24193813292779,83.5299901671583,335,0,3,87.77794817175372,89.68657915885348,3,83.38249754178958,1699,confirmation38,0,geometry_reid_greedy_guard,1699,data37-12,ocsort,2034,True
92.1175362069504,83.5299901671583,335,0,3,87.71873741447386,89.52585052236806,8,83.13667649950835,1699,confirmation38,0,no_refinement,1699,data37-12,ocsort,2034,True
92.24193813292779,83.5299901671583,335,0,3,87.77794817175372,89.68657915885348,3,83.38249754178958,1699,confirmation38,0,regr_t_reliable_motion_min5,1699,data37-12,ocsort,2034,True
92.24193813292779,83.5299901671583,335,0,3,87.77794817175372,89.68657915885348,3,83.38249754178958,1699,confirmation38,0,regr_temporal_risk_05,1699,data37-12,ocsort,2034,True
92.16156222213591,83.5299901671583,335,0,3,87.73969675241055,89.68657915885348,5,83.2841691248771,1699,confirmation38,0,regr_v1,1699,data37-12,ocsort,2034,True
47.78188668178249,66.6334713946007,911,9,318,54.966638282241185,55.94867807153966,670,71.58176943699732,4684,confirmation38,0,geometry_reid_greedy_guard,4693,data37-2,bytetrack,5595,True
45.72853131613559,66.64412725051028,911,9,318,53.64480308277129,53.28538102643857,746,70.22341376228776,4684,confirmation38,0,no_refinement,4693,data37-2,bytetrack,5595,True
46.81764933159687,66.63853839929762,911,9,318,54.3580263403844,55.30715396578538,664,71.68900804289544,4684,confirmation38,0,regr_t_reliable_motion_min5,4693,data37-2,bytetrack,5595,True
47.78836073746503,66.63853839929762,911,9,318,54.97389589515378,56.43468118195957,663,71.70688114387846,4684,confirmation38,0,regr_temporal_risk_05,4693,data37-2,bytetrack,5595,True
46.90746356798649,66.64412725051028,911,9,318,54.40527772238502,54.99611197511665,707,70.92046470062556,4684,confirmation38,0,regr_v1,4693,data37-2,bytetrack,5595,True
77.35509518594695,93.19034852546916,381,0,53,84.90434783095175,85.55833102044592,48,92.33243967828419,5214,confirmation38,0,geometry_reid_greedy_guard,5214,data37-2,deepocsort,5595,True
74.41671996318057,93.19034852546916,381,0,53,83.27616747600143,82.11675455638819,67,91.9928507596068,5214,confirmation38,0,no_refinement,5214,data37-2,deepocsort,5595,True
77.3767680967083,93.15582558970694,381,0,53,84.90051067874774,85.55833102044592,48,92.33243967828419,5214,confirmation38,0,regr_t_reliable_motion_min5,5214,data37-2,deepocsort,5595,True
77.3767680967083,93.15582558970694,381,0,53,84.90051067874774,85.55833102044592,48,92.33243967828419,5214,confirmation38,0,regr_temporal_risk_05,5214,data37-2,deepocsort,5595,True
75.5098504979585,93.19034852546916,381,0,53,83.88557256769977,84.39263576649088,51,92.27882037533513,5214,confirmation38,0,regr_v1,5214,data37-2,deepocsort,5595,True
58.09740275542404,59.28507596067918,2278,0,326,58.688235068653114,56.395870736086174,260,54.63806970509384,3317,confirmation38,0,geometry_reid_greedy_guard,3317,data37-2,ocsort,5595,True
55.45858546937165,59.28507596067918,2278,0,326,57.33992023209936,53.343806104129264,340,53.20822162645219,3317,confirmation38,0,no_refinement,3317,data37-2,ocsort,5595,True
58.136264167021146,59.28507596067918,2278,0,326,58.70786009736653,56.37342908438061,258,54.673815907059875,3317,confirmation38,0,regr_t_reliable_motion_min5,3317,data37-2,ocsort,5595,True
58.136264167021146,59.28507596067918,2278,0,326,58.70786009736653,56.37342908438061,258,54.673815907059875,3317,confirmation38,0,regr_temporal_risk_05,3317,data37-2,ocsort,5595,True
57.711182834269856,59.28507596067918,2278,0,326,58.492835955442715,55.2064631956912,303,53.86952636282395,3317,confirmation38,0,regr_v1,3317,data37-2,ocsort,5595,True
58.34349781469521,50.915650131660364,250,1,55,54.03724327499035,57.0334928229665,73,49.92272024729521,397,confirmation38,0,geometry_reid_greedy_guard,398,data39-1,bytetrack,647,True
57.41314533570846,50.915650131660364,250,1,55,53.57330118006489,54.92822966507177,87,47.75888717156105,397,confirmation38,0,no_refinement,398,data39-1,bytetrack,647,True
58.31035476631704,50.915650131660364,250,1,55,54.02237633515641,57.79904306220096,70,50.38639876352396,397,confirmation38,0,regr_t_reliable_motion_min5,398,data39-1,bytetrack,647,True
58.31035476631704,50.915650131660364,250,1,55,54.02237633515641,57.79904306220096,70,50.38639876352396,397,confirmation38,0,regr_temporal_risk_05,398,data39-1,bytetrack,647,True
57.57813945740347,50.915650131660364,250,1,55,53.65819532555229,55.311004784689,76,49.45904173106646,397,confirmation38,0,regr_v1,398,data39-1,bytetrack,647,True
74.3440229228678,73.10664605873262,174,0,13,73.7227384895895,76.78571428571429,6,72.17928902627511,473,confirmation38,0,geometry_reid_greedy_guard,473,data39-1,deepocsort,647,True
75.04994449095986,73.10664605873262,174,0,13,74.0719226740344,78.39285714285714,11,71.4064914992272,473,confirmation38,0,no_refinement,473,data39-1,deepocsort,647,True
76.5887964794562,73.10664605873262,174,0,13,74.82746846103984,80.0,7,72.02472952086553,473,confirmation38,0,regr_t_reliable_motion_min5,473,data39-1,deepocsort,647,True
74.3440229228678,73.10664605873262,174,0,13,73.7227384895895,76.78571428571429,6,72.17928902627511,473,confirmation38,0,regr_temporal_risk_05,473,data39-1,deepocsort,647,True
74.86128980951307,73.10664605873262,174,0,13,73.97876599135917,78.03571428571429,10,71.5610510046368,473,confirmation38,0,regr_v1,473,data39-1,deepocsort,647,True
81.8579170024419,38.33075734157651,399,0,10,56.01496186830364,52.06703910614525,7,37.24884080370943,248,confirmation38,0,geometry_reid_greedy_guard,248,data39-1,ocsort,647,True
81.79174276719974,38.33075734157651,399,0,10,55.9923159420485,52.513966480446925,12,36.476043276661514,248,confirmation38,0,no_refinement,248,data39-1,ocsort,647,True
81.8579170024419,38.33075734157651,399,0,10,56.01496186830364,52.06703910614525,7,37.24884080370943,248,confirmation38,0,regr_t_reliable_motion_min5,248,data39-1,ocsort,647,True
81.8579170024419,38.33075734157651,399,0,10,56.01496186830364,52.06703910614525,7,37.24884080370943,248,confirmation38,0,regr_temporal_risk_05,248,data39-1,ocsort,647,True
81.73458182287241,38.33075734157651,399,0,10,55.972747138833135,52.06703910614525,10,36.78516228748068,248,confirmation38,0,regr_v1,248,data39-1,ocsort,647,True
7.818004020687348,11.809821024288757,395,0,25,9.587143047932052,13.23251417769376,21,9.956709956709958,67,confirmation38,0,geometry_reid_greedy_guard,67,data39-2,bytetrack,462,True
5.092752015652289,11.809821024288757,395,0,25,7.6993173504116825,8.695652173913043,40,5.844155844155844,67,confirmation38,0,no_refinement,67,data39-2,bytetrack,462,True
7.818004020687348,11.809821024288757,395,0,25,9.587143047932052,13.23251417769376,21,9.956709956709958,67,confirmation38,0,regr_t_reliable_motion_min5,67,data39-2,bytetrack,462,True
7.818004020687348,11.809821024288757,395,0,25,9.587143047932052,13.23251417769376,21,9.956709956709958,67,confirmation38,0,regr_temporal_risk_05,67,data39-2,bytetrack,462,True
7.455893916597607,11.809821024288757,395,0,25,9.358162695427062,10.964083175803403,24,9.307359307359308,67,confirmation38,0,regr_v1,67,data39-2,bytetrack,462,True
86.43504732865811,94.5887445887446,25,0,6,90.42003436897431,90.98998887652948,4,93.72294372294373,437,confirmation38,0,geometry_reid_greedy_guard,437,data39-2,deepocsort,462,True
82.81982641871348,94.5887445887446,25,0,6,88.50888886436124,87.65294771968854,7,93.07359307359307,437,confirmation38,0,no_refinement,437,data39-2,deepocsort,462,True
86.43504732865811,94.5887445887446,25,0,6,90.42003436897431,90.98998887652948,4,93.72294372294373,437,confirmation38,0,regr_t_reliable_motion_min5,437,data39-2,deepocsort,462,True
86.43504732865811,94.5887445887446,25,0,6,90.42003436897431,90.98998887652948,4,93.72294372294373,437,confirmation38,0,regr_temporal_risk_05,437,data39-2,deepocsort,462,True
86.43504732865811,94.5887445887446,25,0,6,90.42003436897431,90.98998887652948,4,93.72294372294373,437,confirmation38,0,regr_v1,437,data39-2,deepocsort,462,True
7.310592426611508,9.956709956709958,416,0,6,8.531673247581109,13.385826771653544,9,8.008658008658008,46,confirmation38,0,geometry_reid_greedy_guard,46,data39-2,ocsort,462,True
5.883434781560239,9.956709956709958,416,0,6,7.653734622340555,11.023622047244094,16,6.493506493506493,46,confirmation38,0,no_refinement,46,data39-2,ocsort,462,True
7.310592426611508,9.956709956709958,416,0,6,8.531673247581109,13.385826771653544,9,8.008658008658008,46,confirmation38,0,regr_t_reliable_motion_min5,46,data39-2,ocsort,462,True
7.310592426611508,9.956709956709958,416,0,6,8.531673247581109,13.385826771653544,9,8.008658008658008,46,confirmation38,0,regr_temporal_risk_05,46,data39-2,ocsort,462,True
6.882704239563106,9.956709956709958,416,0,6,8.27822987305546,12.598425196850393,10,7.792207792207792,46,confirmation38,0,regr_v1,46,data39-2,ocsort,462,True
12.795204529618484,19.613011293427864,951,1,141,15.751631111550568,21.105527638190953,128,15.027537372147915,320,confirmation38,0,geometry_reid_greedy_guard,321,data39-3,bytetrack,1271,True
5.251174290570663,19.613011293427864,951,1,141,9.989224519466095,10.175879396984925,192,9.99213217938631,320,confirmation38,0,no_refinement,321,data39-3,bytetrack,1271,True
12.795204529618484,19.613011293427864,951,1,141,15.751631111550568,21.105527638190953,128,15.027537372147915,320,confirmation38,0,regr_t_reliable_motion_min5,321,data39-3,bytetrack,1271,True
12.795204529618484,19.613011293427864,951,1,141,15.751631111550568,21.105527638190953,128,15.027537372147915,320,confirmation38,0,regr_temporal_risk_05,321,data39-3,bytetrack,1271,True
7.262382259827815,19.613011293427864,951,1,141,11.79335743365816,14.321608040201006,155,12.903225806451612,320,confirmation38,0,regr_v1,321,data39-3,bytetrack,1271,True
80.83342281855417,89.3784421715185,135,0,17,84.998620029469,84.58662235147486,9,88.67033831628639,1136,confirmation38,0,geometry_reid_greedy_guard,1136,data39-3,deepocsort,1271,True
77.83802693607673,89.3784421715185,135,0,17,83.40888195660719,81.34607395097632,17,88.04091266719118,1136,confirmation38,0,no_refinement,1136,data39-3,deepocsort,1271,True
80.83342281855417,89.3784421715185,135,0,17,84.998620029469,84.58662235147486,9,88.67033831628639,1136,confirmation38,0,regr_t_reliable_motion_min5,1136,data39-3,deepocsort,1271,True
80.83342281855417,89.3784421715185,135,0,17,84.998620029469,84.58662235147486,9,88.67033831628639,1136,confirmation38,0,regr_temporal_risk_05,1136,data39-3,deepocsort,1271,True
80.50437749656307,89.3784421715185,135,0,17,84.82544340367845,84.58662235147486,9,88.67033831628639,1136,confirmation38,0,regr_v1,1136,data39-3,deepocsort,1271,True
13.1575977855711,5.428796223446105,1202,0,8,8.451622161924375,8.656716417910449,12,4.484657749803304,69,confirmation38,0,geometry_reid_greedy_guard,69,data39-3,ocsort,1271,True
6.685965585472335,5.428796223446105,1202,0,8,6.024677976498234,4.626865671641791,32,2.911093627065303,69,confirmation38,0,no_refinement,69,data39-3,ocsort,1271,True
13.1575977855711,5.428796223446105,1202,0,8,8.451622161924375,8.656716417910449,12,4.484657749803304,69,confirmation38,0,regr_t_reliable_motion_min5,69,data39-3,ocsort,1271,True
13.1575977855711,5.428796223446105,1202,0,8,8.451622161924375,8.656716417910449,12,4.484657749803304,69,confirmation38,0,regr_temporal_risk_05,69,data39-3,ocsort,1271,True
7.9539302587546015,5.428796223446105,1202,0,8,6.571169344209651,6.567164179104477,19,3.9339103068450036,69,confirmation38,0,regr_v1,69,data39-3,ocsort,1271,True
53.9184944105706,56.335658662630586,701,4,132,54.94200896816485,59.87451449058858,123,59.05044510385756,1321,confirmation38,0,geometry_reid_greedy_guard,1325,data39-6,bytetrack,2022,True
51.92193696785892,56.388094953922696,701,4,132,53.90975383476038,53.3014639976098,203,55.093966369930754,1321,confirmation38,0,no_refinement,1325,data39-6,bytetrack,2022,True
53.92024336629064,56.335658662630586,701,4,132,54.942904023692954,59.87451449058858,123,59.05044510385756,1321,confirmation38,0,regr_t_reliable_motion_min5,1325,data39-6,bytetrack,2022,True
53.92024336629064,56.335658662630586,701,4,132,54.942904023692954,59.87451449058858,123,59.05044510385756,1321,confirmation38,0,regr_temporal_risk_05,1325,data39-6,bytetrack,2022,True
52.19692558571032,56.388094953922696,701,4,132,54.057210884944574,54.31729907379743,170,56.726013847675574,1321,confirmation38,0,regr_v1,1325,data39-6,bytetrack,2022,True
86.93958876176315,92.53214638971315,151,0,13,89.69228926928405,91.65168250706395,9,92.08704253214638,1871,confirmation38,0,geometry_reid_greedy_guard,1871,data39-6,deepocsort,2022,True
85.69913667602454,92.53214638971315,151,0,13,89.05012667244183,90.47007449267916,12,91.93867457962413,1871,confirmation38,0,no_refinement,1871,data39-6,deepocsort,2022,True
85.296447022561,92.53214638971315,151,0,13,88.84066255051245,90.47007449267916,11,91.98813056379822,1871,confirmation38,0,regr_t_reliable_motion_min5,1871,data39-6,deepocsort,2022,True
86.11713377108799,92.53214638971315,151,0,13,89.26703326967254,91.29206267659903,10,92.03758654797231,1871,confirmation38,0,regr_temporal_risk_05,1871,data39-6,deepocsort,2022,True
87.18748581477428,92.53214638971315,151,0,13,89.82007125784153,91.65168250706395,9,92.08704253214638,1871,confirmation38,0,regr_v1,1871,data39-6,deepocsort,2022,True
64.80977984850075,52.37388724035609,963,0,24,58.260965507427706,55.95585848750406,29,50.939663699307616,1059,confirmation38,0,geometry_reid_greedy_guard,1059,data39-6,ocsort,2022,True
63.93955097027996,52.37388724035609,963,0,24,57.86849602950161,54.26809477442389,56,49.604352126607324,1059,confirmation38,0,no_refinement,1059,data39-6,ocsort,2022,True
64.80977984850075,52.37388724035609,963,0,24,58.260965507427706,55.95585848750406,29,50.939663699307616,1059,confirmation38,0,regr_t_reliable_motion_min5,1059,data39-6,ocsort,2022,True
64.80977984850075,52.37388724035609,963,0,24,58.260965507427706,55.95585848750406,29,50.939663699307616,1059,confirmation38,0,regr_temporal_risk_05,1059,data39-6,ocsort,2022,True
64.33241145532446,52.37388724035609,963,0,24,58.04600299298268,55.371632586822464,38,50.49455984174085,1059,confirmation38,0,regr_v1,1059,data39-6,ocsort,2022,True
65.72740497354904,36.962614257150065,352,0,12,49.25608062790694,57.23830734966593,12,41.760000000000005,273,confirmation38,0,geometry_reid_greedy_guard,273,data40-3,bytetrack,625,True
64.36335587695643,36.962614257150065,352,0,12,48.735875493393046,55.45657015590201,20,40.48,273,confirmation38,0,no_refinement,273,data40-3,bytetrack,625,True
65.72740497354904,36.962614257150065,352,0,12,49.25608062790694,57.23830734966593,12,41.760000000000005,273,confirmation38,0,regr_t_reliable_motion_min5,273,data40-3,bytetrack,625,True
65.72740497354904,36.962614257150065,352,0,12,49.25608062790694,57.23830734966593,12,41.760000000000005,273,confirmation38,0,regr_temporal_risk_05,273,data40-3,bytetrack,625,True
65.31872784887479,36.962614257150065,352,0,12,49.10141247766,56.57015590200446,16,41.120000000000005,273,confirmation38,0,regr_v1,273,data40-3,bytetrack,625,True
74.66612302220702,55.84000000000001,276,0,15,64.57055295999903,65.70841889117042,6,54.879999999999995,349,confirmation38,0,geometry_reid_greedy_guard,349,data40-3,deepocsort,625,True
66.29142807887331,55.84000000000001,276,0,15,60.84170727325363,59.13757700205339,26,51.68000000000001,349,confirmation38,0,no_refinement,349,data40-3,deepocsort,625,True
74.66612302220702,55.84000000000001,276,0,15,64.57055295999903,65.70841889117042,6,54.879999999999995,349,confirmation38,0,regr_t_reliable_motion_min5,349,data40-3,deepocsort,625,True
74.66612302220702,55.84000000000001,276,0,15,64.57055295999903,65.70841889117042,6,54.879999999999995,349,confirmation38,0,regr_temporal_risk_05,349,data40-3,deepocsort,625,True
74.66612302220702,55.84000000000001,276,0,15,64.57055295999903,65.70841889117042,6,54.879999999999995,349,confirmation38,0,regr_v1,349,data40-3,deepocsort,625,True
68.29864662626619,34.72,408,0,1,48.69629360499589,49.8812351543943,4,34.08,217,confirmation38,0,geometry_reid_greedy_guard,217,data40-3,ocsort,625,True
64.92206503111065,34.72,408,0,1,47.47730086978578,42.75534441805225,32,29.599999999999998,217,confirmation38,0,no_refinement,217,data40-3,ocsort,625,True
68.29864662626619,34.72,408,0,1,48.69629360499589,49.8812351543943,4,34.08,217,confirmation38,0,regr_t_reliable_motion_min5,217,data40-3,ocsort,625,True
68.29864662626619,34.72,408,0,1,48.69629360499589,49.8812351543943,4,34.08,217,confirmation38,0,regr_temporal_risk_05,217,data40-3,ocsort,625,True
68.15927380396654,34.72,408,0,1,48.64658247476094,48.9311163895487,8,33.44,217,confirmation38,0,regr_v1,217,data40-3,ocsort,625,True
9.2082290307459,15.805474945317421,2248,0,257,11.945041360096225,12.699386503067483,276,8.351488743645605,506,confirmation38,0,geometry_reid_greedy_guard,506,data40-4,bytetrack,2754,True
7.461988565625754,15.805474945317421,2248,0,257,10.583760173721798,8.71165644171779,360,5.3013798111837325,506,confirmation38,0,no_refinement,506,data40-4,bytetrack,2754,True
9.297690670102714,15.805474945317421,2248,0,257,11.998043521975173,12.63803680981595,274,8.424110384894698,506,confirmation38,0,regr_t_reliable_motion_min5,506,data40-4,bytetrack,2754,True
9.297690670102714,15.805474945317421,2248,0,257,11.998043521975173,12.63803680981595,274,8.424110384894698,506,confirmation38,0,regr_temporal_risk_05,506,data40-4,bytetrack,2754,True
8.266916579992214,15.805474945317421,2248,0,257,11.23904789887985,10.797546012269938,299,7.516339869281046,506,confirmation38,0,regr_v1,506,data40-4,bytetrack,2754,True
93.4057576805705,93.89978213507626,168,0,17,93.65244415586436,95.6179775280899,3,93.79084967320262,2586,confirmation38,0,geometry_reid_greedy_guard,2586,data40-4,deepocsort,2754,True
92.38331693439366,93.89978213507626,168,0,17,93.1384632311231,94.7940074906367,6,93.68191721132898,2586,confirmation38,0,no_refinement,2586,data40-4,deepocsort,2754,True
93.2427176103378,93.89978213507626,168,0,17,93.570673126216,95.50561797752809,4,93.75453885257808,2586,confirmation38,0,regr_t_reliable_motion_min5,2586,data40-4,deepocsort,2754,True
93.4057576805705,93.89978213507626,168,0,17,93.65244415586436,95.6179775280899,3,93.79084967320262,2586,confirmation38,0,regr_temporal_risk_05,2586,data40-4,deepocsort,2754,True
92.25628421123032,93.89978213507626,168,0,17,93.07440565497156,94.7940074906367,6,93.68191721132898,2586,confirmation38,0,regr_v1,2586,data40-4,deepocsort,2754,True
21.239262071510044,9.077705156136528,2504,0,4,13.885379318516353,13.515312916111851,55,7.080610021786492,250,confirmation38,0,geometry_reid_greedy_guard,250,data40-4,ocsort,2754,True
10.713981590307684,9.077705156136528,2504,0,4,9.861965621775811,6.125166444740346,156,3.413217138707335,250,confirmation38,0,no_refinement,250,data40-4,ocsort,2754,True
21.239262071510044,9.077705156136528,2504,0,4,13.885379318516353,13.515312916111851,55,7.080610021786492,250,confirmation38,0,regr_t_reliable_motion_min5,250,data40-4,ocsort,2754,True
21.239262071510044,9.077705156136528,2504,0,4,13.885379318516353,13.515312916111851,55,7.080610021786492,250,confirmation38,0,regr_temporal_risk_05,250,data40-4,ocsort,2754,True
16.992348241924564,9.077705156136528,2504,0,4,12.419803833015482,11.717709720372836,71,6.499636891793754,250,confirmation38,0,regr_v1,250,data40-4,ocsort,2754,True
71.52517691678786,57.481389576173825,1129,2,111,64.10482137647492,74.75583512663466,94,65.8203125,2455,confirmation38,0,geometry_reid_greedy_guard,2457,data40-5,bytetrack,3584,True
61.48779482852657,57.55137698219039,1129,2,111,59.467805881946234,65.71759642443304,183,63.33705357142857,2455,confirmation38,0,no_refinement,2457,data40-5,bytetrack,3584,True
69.59650473273742,57.481389576173825,1129,2,111,63.23738997001701,73.86194338685648,94,65.8203125,2455,confirmation38,0,regr_t_reliable_motion_min5,2457,data40-5,bytetrack,3584,True
71.63464705129194,57.481389576173825,1129,2,111,64.15414567207635,75.18622744578713,93,65.84821428571429,2455,confirmation38,0,regr_temporal_risk_05,2457,data40-5,bytetrack,3584,True
70.65633777063202,57.518140831289735,1129,2,111,63.73388337755122,74.09369309716935,125,64.95535714285714,2455,confirmation38,0,regr_v1,2457,data40-5,bytetrack,3584,True
89.1805347298345,85.21205357142858,530,0,50,87.173714518353,88.85206387466104,25,84.51450892857143,3054,confirmation38,0,geometry_reid_greedy_guard,3054,data40-5,deepocsort,3584,True
84.31495659549567,85.21205357142858,530,0,50,84.76231826872157,84.48327809581198,43,84.01227678571429,3054,confirmation38,0,no_refinement,3054,data40-5,deepocsort,3584,True
89.1805347298345,85.21205357142858,530,0,50,87.173714518353,88.85206387466104,25,84.51450892857143,3054,confirmation38,0,regr_t_reliable_motion_min5,3054,data40-5,deepocsort,3584,True
89.1805347298345,85.21205357142858,530,0,50,87.173714518353,88.85206387466104,25,84.51450892857143,3054,confirmation38,0,regr_temporal_risk_05,3054,data40-5,deepocsort,3584,True
88.78818441859003,85.21205357142858,530,0,50,86.98174249339209,88.64115697499247,28,84.43080357142857,3054,confirmation38,0,regr_v1,3054,data40-5,deepocsort,3584,True
77.24260028511783,58.31476161138631,1488,0,47,67.11470624518877,68.16901408450704,35,57.50558035714286,2096,confirmation38,0,geometry_reid_greedy_guard,2096,data40-5,ocsort,3584,True
62.9176786861296,58.398405557955115,1488,0,47,60.61593945782761,58.20422535211267,61,56.78013392857143,2096,confirmation38,0,no_refinement,2096,data40-5,ocsort,3584,True
74.87356400574463,58.31476161138631,1488,0,47,66.07748477391286,66.83098591549296,36,57.47767857142857,2096,confirmation38,0,regr_t_reliable_motion_min5,2096,data40-5,ocsort,3584,True
77.24260028511783,58.31476161138631,1488,0,47,67.11470624518877,68.16901408450704,35,57.50558035714286,2096,confirmation38,0,regr_temporal_risk_05,2096,data40-5,ocsort,3584,True
77.49447172724366,58.31476161138631,1488,0,47,67.22404048267458,68.16901408450704,41,57.33816964285714,2096,confirmation38,0,regr_v1,2096,data40-5,ocsort,3584,True
49.9259943603308,30.41157648437702,218,0,13,38.93918631538861,50.39370078740157,14,36.08815426997245,145,confirmation38,0,geometry_reid_greedy_guard,145,data41-1,bytetrack,363,True
47.70763201000664,30.41157648437702,218,0,13,38.05396135251702,49.21259842519685,15,35.81267217630854,145,confirmation38,0,no_refinement,145,data41-1,bytetrack,363,True
47.70763201000664,30.41157648437702,218,0,13,38.05396135251702,49.21259842519685,15,35.81267217630854,145,confirmation38,0,regr_t_reliable_motion_min5,145,data41-1,bytetrack,363,True
49.9259943603308,30.41157648437702,218,0,13,38.93918631538861,50.39370078740157,14,36.08815426997245,145,confirmation38,0,regr_temporal_risk_05,145,data41-1,bytetrack,363,True
49.9259943603308,30.41157648437702,218,0,13,38.93918631538861,50.39370078740157,14,36.08815426997245,145,confirmation38,0,regr_v1,145,data41-1,bytetrack,363,True
81.99194360336483,37.74104683195592,226,0,1,55.627886741972134,54.400000000000006,1,37.46556473829201,137,confirmation38,0,geometry_reid_greedy_guard,137,data41-1,deepocsort,363,True
78.93686729281407,37.74104683195592,226,0,1,54.581681957099725,50.8,10,34.9862258953168,137,confirmation38,0,no_refinement,137,data41-1,deepocsort,363,True
81.99194360336483,37.74104683195592,226,0,1,55.627886741972134,54.400000000000006,1,37.46556473829201,137,confirmation38,0,regr_t_reliable_motion_min5,137,data41-1,deepocsort,363,True
81.99194360336483,37.74104683195592,226,0,1,55.627886741972134,54.400000000000006,1,37.46556473829201,137,confirmation38,0,regr_temporal_risk_05,137,data41-1,deepocsort,363,True
81.99194360336483,37.74104683195592,226,0,1,55.627886741972134,54.400000000000006,1,37.46556473829201,137,confirmation38,0,regr_v1,137,data41-1,deepocsort,363,True
51.067069261893714,29.75206611570248,255,0,8,38.97885094528852,38.21656050955414,6,28.09917355371901,108,confirmation38,0,geometry_reid_greedy_guard,108,data41-1,ocsort,363,True
49.27250799309622,29.75206611570248,255,0,8,38.287842920398084,36.09341825902335,16,25.344352617079892,108,confirmation38,0,no_refinement,108,data41-1,ocsort,363,True
51.067069261893714,29.75206611570248,255,0,8,38.97885094528852,38.21656050955414,6,28.09917355371901,108,confirmation38,0,regr_t_reliable_motion_min5,108,data41-1,ocsort,363,True
51.067069261893714,29.75206611570248,255,0,8,38.97885094528852,38.21656050955414,6,28.09917355371901,108,confirmation38,0,regr_temporal_risk_05,108,data41-1,ocsort,363,True
51.916600622324836,29.75206611570248,255,0,8,39.30173194934199,39.490445859872615,6,28.09917355371901,108,confirmation38,0,regr_v1,108,data41-1,ocsort,363,True
60.47812547406487,61.83002017254387,1737,17,201,61.08313760121905,69.2971639950678,259,69.20605782469022,4800,confirmation38,0,geometry_reid_greedy_guard,4817,data42-1,bytetrack,6537,True
58.979639556753185,61.86001640743643,1737,17,201,60.32685180496743,67.27144618636603,326,68.18112283922288,4800,confirmation38,0,no_refinement,4817,data42-1,bytetrack,6537,True
59.77128471154699,61.86001640743643,1737,17,201,60.73512419629746,68.66302624625683,261,69.17546275049718,4800,confirmation38,0,regr_t_reliable_motion_min5,4817,data42-1,bytetrack,6537,True
60.47812547406487,61.83002017254387,1737,17,201,61.08313760121905,69.2971639950678,259,69.20605782469022,4800,confirmation38,0,regr_temporal_risk_05,4817,data42-1,bytetrack,6537,True
60.27236975189116,61.83002017254387,1737,17,201,60.978522675156235,68.62779637132289,280,68.88480954566315,4800,confirmation38,0,regr_v1,4817,data42-1,bytetrack,6537,True
69.47601998147806,70.68771282500515,1913,0,131,70.07924763138345,69.47406146402653,102,69.17546275049718,4624,confirmation38,0,geometry_reid_greedy_guard,4624,data42-1,deepocsort,6537,True
67.2884385347192,70.71382047813272,1913,0,131,68.97987070727682,67.61042917301317,144,68.53296619244301,4624,confirmation38,0,no_refinement,4624,data42-1,deepocsort,6537,True
69.47601998147806,70.68771282500515,1913,0,131,70.07924763138345,69.47406146402653,102,69.17546275049718,4624,confirmation38,0,regr_t_reliable_motion_min5,4624,data42-1,deepocsort,6537,True
69.47601998147806,70.68771282500515,1913,0,131,70.07924763138345,69.47406146402653,102,69.17546275049718,4624,confirmation38,0,regr_temporal_risk_05,4624,data42-1,deepocsort,6537,True
67.4610830061286,70.71382047813272,1913,0,131,69.06830613926553,67.55667054923394,115,68.97659476824232,4624,confirmation38,0,regr_v1,4624,data42-1,deepocsort,6537,True
61.729386079082616,59.79139655939346,2617,0,147,60.752664122373886,61.16477001051926,128,58.00826067003213,3920,confirmation38,0,geometry_reid_greedy_guard,3920,data42-1,ocsort,6537,True
59.02664714467226,59.79139655939346,2617,0,147,59.407791262897106,58.75490102323803,180,57.2127887410127,3920,confirmation38,0,no_refinement,3920,data42-1,ocsort,6537,True
61.729386079082616,59.79139655939346,2617,0,147,60.752664122373886,61.16477001051926,128,58.00826067003213,3920,confirmation38,0,regr_t_reliable_motion_min5,3920,data42-1,ocsort,6537,True
61.729386079082616,59.79139655939346,2617,0,147,60.752664122373886,61.16477001051926,128,58.00826067003213,3920,confirmation38,0,regr_temporal_risk_05,3920,data42-1,ocsort,6537,True
60.708619687345134,59.79139655939346,2617,0,147,60.24826263474519,60.38060629243569,138,57.85528529906685,3920,confirmation38,0,regr_v1,3920,data42-1,ocsort,6537,True
61.60906603284031,41.20775453736596,1050,0,90,50.35306690111302,56.36123928806855,67,45.29872673849167,992,confirmation38,0,geometry_reid_greedy_guard,992,data42-2,bytetrack,2042,True
60.640796369196806,41.20775453736596,1050,0,90,49.951635023153315,54.779169413315756,100,43.68266405484819,992,confirmation38,0,no_refinement,992,data42-2,bytetrack,2042,True
61.60906603284031,41.20775453736596,1050,0,90,50.35306690111302,56.36123928806855,67,45.29872673849167,992,confirmation38,0,regr_t_reliable_motion_min5,992,data42-2,bytetrack,2042,True
61.60906603284031,41.20775453736596,1050,0,90,50.35306690111302,56.36123928806855,67,45.29872673849167,992,confirmation38,0,regr_temporal_risk_05,992,data42-2,bytetrack,2042,True
61.42899866981267,41.20775453736596,1050,0,90,50.27819491901171,56.03164139749506,73,45.004897159647406,992,confirmation38,0,regr_v1,992,data42-2,bytetrack,2042,True
74.95775191153115,75.56317335945153,499,0,50,75.25985385533104,78.99581589958159,30,74.09402546523016,1543,confirmation38,0,geometry_reid_greedy_guard,1543,data42-2,deepocsort,2042,True
69.71248578867933,75.56317335945153,499,0,50,72.57889947476663,74.14225941422595,56,72.820763956905,1543,confirmation38,0,no_refinement,1543,data42-2,deepocsort,2042,True
75.6542270419646,75.56317335945153,499,0,50,75.60868649399538,79.38633193863319,30,74.09402546523016,1543,confirmation38,0,regr_t_reliable_motion_min5,1543,data42-2,deepocsort,2042,True
74.95775191153115,75.56317335945153,499,0,50,75.25985385533104,78.99581589958159,30,74.09402546523016,1543,confirmation38,0,regr_temporal_risk_05,1543,data42-2,deepocsort,2042,True
73.62871679443046,75.56317335945153,499,0,50,74.58967416051307,78.04741980474198,34,73.89813907933399,1543,confirmation38,0,regr_v1,1543,data42-2,deepocsort,2042,True
69.13922322055716,38.348105055701325,1255,0,17,51.49134095604067,50.75998586072817,23,37.414299706170425,787,confirmation38,0,geometry_reid_greedy_guard,787,data42-2,ocsort,2042,True
68.37057900143752,38.348105055701325,1255,0,17,51.204317645811,48.21491693177801,57,35.74926542605289,787,confirmation38,0,no_refinement,787,data42-2,ocsort,2042,True
69.76661323751763,38.348105055701325,1255,0,17,51.72443726298395,50.75998586072817,23,37.414299706170425,787,confirmation38,0,regr_t_reliable_motion_min5,787,data42-2,ocsort,2042,True
69.13922322055716,38.348105055701325,1255,0,17,51.49134095604067,50.75998586072817,23,37.414299706170425,787,confirmation38,0,regr_temporal_risk_05,787,data42-2,ocsort,2042,True
68.69713506315149,38.348105055701325,1255,0,17,51.32645469143222,50.47720042417816,27,37.21841332027424,787,confirmation38,0,regr_v1,787,data42-2,ocsort,2042,True
59.95061721894089,78.8384911582783,115,0,56,68.70123501122445,77.41167129813418,105,83.2953682611997,1202,confirmation38,0,geometry_reid_greedy_guard,1202,data42-3,bytetrack,1317,True
59.032126035626185,78.8384911582783,115,0,56,68.16675013547977,75.50615323541088,115,82.53606681852695,1202,confirmation38,0,no_refinement,1202,data42-3,bytetrack,1317,True
59.107217564849854,78.8384911582783,115,0,56,68.21064332566723,75.7443429932513,108,83.06757782839787,1202,confirmation38,0,regr_t_reliable_motion_min5,1202,data42-3,bytetrack,1317,True
59.92600336604811,78.8384911582783,115,0,56,68.68700662793901,77.41167129813418,105,83.2953682611997,1202,confirmation38,0,regr_temporal_risk_05,1202,data42-3,bytetrack,1317,True
59.62559851894401,78.8384911582783,115,0,56,68.51227453539292,76.45891226677253,113,82.6879271070615,1202,confirmation38,0,regr_v1,1202,data42-3,bytetrack,1317,True
97.83964078877048,94.38116932422173,74,0,5,96.09484743682137,96.953125,1,94.30523917995444,1243,confirmation38,0,geometry_reid_greedy_guard,1243,data42-3,deepocsort,1317,True
97.07587985658247,94.38116932422173,74,0,5,95.71904227499311,96.171875,8,93.77372817008353,1243,confirmation38,0,no_refinement,1243,data42-3,deepocsort,1317,True
97.83964078877048,94.38116932422173,74,0,5,96.09484743682137,96.953125,1,94.30523917995444,1243,confirmation38,0,regr_t_reliable_motion_min5,1243,data42-3,deepocsort,1317,True
97.83964078877048,94.38116932422173,74,0,5,96.09484743682137,96.953125,1,94.30523917995444,1243,confirmation38,0,regr_temporal_risk_05,1243,data42-3,deepocsort,1317,True
97.83964078877048,94.38116932422173,74,0,5,96.09484743682137,96.953125,1,94.30523917995444,1243,confirmation38,0,regr_v1,1243,data42-3,deepocsort,1317,True
69.6517866413864,80.78967350037965,253,0,27,75.01429931336898,78.28643427131458,38,77.90432801822324,1064,confirmation38,0,geometry_reid_greedy_guard,1064,data42-3,ocsort,1317,True
67.53843746839166,80.67416216837715,253,0,27,73.81467904671145,74.9265014699706,72,75.32270311313592,1064,confirmation38,0,no_refinement,1064,data42-3,ocsort,1317,True
69.6517866413864,80.78967350037965,253,0,27,75.01429931336898,78.28643427131458,38,77.90432801822324,1064,confirmation38,0,regr_t_reliable_motion_min5,1064,data42-3,ocsort,1317,True
69.6517866413864,80.78967350037965,253,0,27,75.01429931336898,78.28643427131458,38,77.90432801822324,1064,confirmation38,0,regr_temporal_risk_05,1064,data42-3,ocsort,1317,True
69.47375762385334,80.78967350037965,253,0,27,74.91837021235594,77.36245275094498,49,77.06909643128323,1064,confirmation38,0,regr_v1,1064,data42-3,ocsort,1317,True
45.094943527418486,67.14818219361395,1531,36,493,54.91063543890547,65.20635381156161,538,72.45124983640885,6110,confirmation38,0,geometry_reid_greedy_guard,6146,data46-11,bytetrack,7641,True
37.58549515628597,67.10806620173578,1531,36,493,50.06106071623934,55.6466236309567,751,69.66365658945163,6110,confirmation38,0,no_refinement,6146,data46-11,bytetrack,7641,True
44.86148086432589,67.13599282300032,1531,36,493,54.76296960974886,64.88721259157177,541,72.41198795969113,6110,confirmation38,0,regr_t_reliable_motion_min5,6146,data46-11,bytetrack,7641,True
45.45888764875159,67.13599282300032,1531,36,493,55.12937400051451,65.42395009791832,535,72.49051171312655,6110,confirmation38,0,regr_temporal_risk_05,6146,data46-11,bytetrack,7641,True
41.87806366192832,67.1422075175091,1531,36,493,52.876948460985886,60.83992166533692,636,71.16869519696375,6110,confirmation38,0,regr_v1,6146,data46-11,bytetrack,7641,True
94.41622677458746,94.67731108938807,381,0,32,94.5466745814979,95.44325884168848,21,94.73890851982725,7260,confirmation38,0,geometry_reid_greedy_guard,7260,data46-11,deepocsort,7641,True
93.94391506586915,94.67731108938807,381,0,32,94.3098961059697,94.97349171196564,27,94.66038476639184,7260,confirmation38,0,no_refinement,7260,data46-11,deepocsort,7641,True
94.41622677458746,94.67731108938807,381,0,32,94.5466745814979,95.44325884168848,21,94.73890851982725,7260,confirmation38,0,regr_t_reliable_motion_min5,7260,data46-11,deepocsort,7641,True
94.41622677458746,94.67731108938807,381,0,32,94.5466745814979,95.44325884168848,21,94.73890851982725,7260,confirmation38,0,regr_temporal_risk_05,7260,data46-11,deepocsort,7641,True
94.27766613597171,94.67731108938807,381,0,32,94.47727295769106,95.38957116972016,22,94.72582122758801,7260,confirmation38,0,regr_v1,7260,data46-11,deepocsort,7641,True
51.598797291251316,64.44624644106095,2701,0,305,57.66583651404503,62.26850011922741,239,61.523360816647035,4940,confirmation38,0,geometry_reid_greedy_guard,4940,data46-11,ocsort,7641,True
40.63041321832863,64.40780018191936,2701,0,305,51.155795978984166,52.82568953183372,422,59.1283863368669,4940,confirmation38,0,no_refinement,4940,data46-11,ocsort,7641,True
47.02943053996664,64.44624644106095,2701,0,305,55.05333918252657,58.6121929894285,267,61.156916633948434,4940,confirmation38,0,regr_t_reliable_motion_min5,4940,data46-11,ocsort,7641,True
51.17886555899015,64.44624644106095,2701,0,305,57.430703359261734,62.0459422939353,237,61.54953540112551,4940,confirmation38,0,regr_temporal_risk_05,4940,data46-11,ocsort,7641,True
46.773456848350186,64.40780018191936,2701,0,305,54.88693094697813,58.08759240123996,311,60.581075775422065,4940,confirmation38,0,regr_v1,4940,data46-11,ocsort,7641,True
78.01132674198382,75.12344843474142,575,3,191,76.44528620820131,88.00936768149883,118,84.72344161545216,3981,confirmation38,0,geometry_reid_greedy_guard,3984,data46-12,bytetrack,4556,True
74.58033510185098,75.12344843474142,575,3,191,74.70732473714371,80.91334894613583,219,82.5065847234416,3981,confirmation38,0,no_refinement,3984,data46-12,bytetrack,4556,True
77.36294890525927,75.12344843474142,575,3,191,76.1214385403436,87.07259953161592,127,84.52589991220368,3981,confirmation38,0,regr_t_reliable_motion_min5,3984,data46-12,bytetrack,4556,True
78.08267024804935,75.12344843474142,575,3,191,76.48099614280942,88.19672131147541,120,84.67954345917471,3981,confirmation38,0,regr_temporal_risk_05,3984,data46-12,bytetrack,4556,True
75.8187139196994,75.12344843474142,575,3,191,75.34015191751608,83.86416861826697,166,83.66988586479368,3981,confirmation38,0,regr_v1,3984,data46-12,bytetrack,4556,True
98.22719157168318,97.87093942054432,97,0,13,98.04890369485223,98.92401552967277,0,97.87093942054433,4459,confirmation38,0,geometry_reid_greedy_guard,4459,data46-12,deepocsort,4556,True
97.7716081357378,97.87093942054432,97,0,13,97.8212611700646,98.56905158069883,3,97.80509218612818,4459,confirmation38,0,no_refinement,4459,data46-12,deepocsort,4556,True
97.81251191172048,97.87093942054432,97,0,13,97.84172130478522,98.61342207432058,1,97.84899034240561,4459,confirmation38,0,regr_t_reliable_motion_min5,4459,data46-12,deepocsort,4556,True
98.22719157168318,97.87093942054432,97,0,13,98.04890369485223,98.92401552967277,0,97.87093942054433,4459,confirmation38,0,regr_temporal_risk_05,4459,data46-12,deepocsort,4556,True
98.22719157168318,97.87093942054432,97,0,13,98.04890369485223,98.92401552967277,0,97.87093942054433,4459,confirmation38,0,regr_v1,4459,data46-12,deepocsort,4556,True
89.43774407469247,76.89882303173404,1051,0,88,82.93164187993544,84.90261754124798,55,75.7243195785777,3505,confirmation38,0,geometry_reid_greedy_guard,3505,data46-12,ocsort,4556,True
86.27431181624698,76.93151887620718,1051,0,88,81.46909750343005,80.16375139560849,138,73.90254609306409,3505,confirmation38,0,no_refinement,3505,data46-12,ocsort,4556,True
88.01419034607889,76.89882303173404,1051,0,88,82.26899549785186,83.711698300459,57,75.68042142230026,3505,confirmation38,0,regr_t_reliable_motion_min5,3505,data46-12,ocsort,4556,True
89.43804735482985,76.89882303173404,1051,0,88,82.93178248890551,84.90261754124798,55,75.7243195785777,3505,confirmation38,0,regr_temporal_risk_05,3505,data46-12,ocsort,4556,True
88.96052708552158,76.89677954145448,1051,0,88,82.70899600377412,83.38915767274531,82,75.13169446883231,3505,confirmation38,0,regr_v1,3505,data46-12,ocsort,4556,True
11.648797937768629,25.560825053202237,169,0,23,17.24286848744127,17.956656346749224,39,15.447154471544716,77,confirmation38,0,geometry_reid_greedy_guard,77,data47-1,bytetrack,246,True
8.701329827659327,25.560825053202237,169,0,23,14.888225669703017,14.860681114551083,44,13.414634146341465,77,confirmation38,0,no_refinement,77,data47-1,bytetrack,246,True
9.213581035561559,25.560825053202237,169,0,23,15.32607234937678,16.09907120743034,40,15.040650406504067,77,confirmation38,0,regr_t_reliable_motion_min5,77,data47-1,bytetrack,246,True
11.327362535766946,25.560825053202237,169,0,23,17.000798691936893,16.09907120743034,39,15.447154471544716,77,confirmation38,0,regr_temporal_risk_05,77,data47-1,bytetrack,246,True
10.900151442620123,25.560825053202237,169,0,23,16.674100941205978,15.479876160990713,41,14.634146341463413,77,confirmation38,0,regr_v1,77,data47-1,bytetrack,246,True
95.56218562358039,95.24479964663826,8,0,2,95.40335988088302,97.52066115702479,4,95.1219512195122,238,confirmation38,0,geometry_reid_greedy_guard,238,data47-1,deepocsort,246,True
87.59090873354629,95.24479964663826,8,0,2,91.33771700048766,91.73553719008265,8,93.4959349593496,238,confirmation38,0,no_refinement,238,data47-1,deepocsort,246,True
95.56218562358039,95.24479964663826,8,0,2,95.40335988088302,97.52066115702479,4,95.1219512195122,238,confirmation38,0,regr_t_reliable_motion_min5,238,data47-1,deepocsort,246,True
95.56218562358039,95.24479964663826,8,0,2,95.40335988088302,97.52066115702479,4,95.1219512195122,238,confirmation38,0,regr_temporal_risk_05,238,data47-1,deepocsort,246,True
93.56180952831951,95.24479964663826,8,0,2,94.39955209273228,96.28099173553719,5,94.71544715447155,238,confirmation38,0,regr_v1,238,data47-1,deepocsort,246,True
11.263421316017611,13.414634146341466,213,0,2,12.292057443344467,16.48745519713262,7,10.569105691056912,33,confirmation38,0,geometry_reid_greedy_guard,33,data47-1,ocsort,246,True
8.056171470805618,13.414634146341466,213,0,2,10.395700693125546,10.75268817204301,17,6.504065040650407,33,confirmation38,0,no_refinement,33,data47-1,ocsort,246,True
9.933044375884577,13.414634146341466,213,0,2,11.543316519175342,15.770609318996415,8,10.16260162601626,33,confirmation38,0,regr_t_reliable_motion_min5,33,data47-1,ocsort,246,True
11.263421316017611,13.414634146341466,213,0,2,12.292057443344467,16.48745519713262,7,10.569105691056912,33,confirmation38,0,regr_temporal_risk_05,33,data47-1,ocsort,246,True
9.654113454453785,13.414634146341466,213,0,2,11.380087873068916,11.469534050179211,15,7.317073170731707,33,confirmation38,0,regr_v1,33,data47-1,ocsort,246,True
33.84399073580806,51.47479228288854,513,0,129,41.70151205744877,49.49539271610355,138,53.36676217765043,883,confirmation38,0,geometry_reid_greedy_guard,883,data47-2,bytetrack,1396,True
30.71100290046796,51.542403738938205,513,0,129,39.73317336746009,42.21149627029399,190,49.64183381088825,883,confirmation38,0,no_refinement,883,data47-2,bytetrack,1396,True
32.46376246373028,51.542403738938205,513,0,129,40.86037616341181,45.809565598946904,152,52.363896848137536,883,confirmation38,0,regr_t_reliable_motion_min5,883,data47-2,bytetrack,1396,True
33.92377697968973,51.47479228288854,513,0,129,41.750522093746575,49.9341816586222,137,53.43839541547278,883,confirmation38,0,regr_temporal_risk_05,883,data47-2,bytetrack,1396,True
31.331713177470473,51.542403738938205,513,0,129,40.1373988741663,44.142167617376046,172,50.931232091690546,883,confirmation38,0,regr_v1,883,data47-2,bytetrack,1396,True
92.00629279369335,79.08309455587391,292,0,10,85.30030687365124,87.68,4,78.79656160458453,1104,confirmation38,0,geometry_reid_greedy_guard,1104,data47-2,deepocsort,1396,True
88.59546718272779,79.08309455587391,292,0,10,83.70426338265864,84.88,9,78.43839541547278,1104,confirmation38,0,no_refinement,1104,data47-2,deepocsort,1396,True
89.04139806344128,79.08309455587391,292,0,10,83.91465487290247,85.28,6,78.65329512893983,1104,confirmation38,0,regr_t_reliable_motion_min5,1104,data47-2,deepocsort,1396,True
92.00629279369335,79.08309455587391,292,0,10,85.30030687365124,87.68,4,78.79656160458453,1104,confirmation38,0,regr_temporal_risk_05,1104,data47-2,deepocsort,1396,True
89.94820298613811,79.08309455587391,292,0,10,84.34086934507908,86.0,5,78.72492836676219,1104,confirmation38,0,regr_v1,1104,data47-2,deepocsort,1396,True
35.81680760276909,35.315186246418335,903,0,56,35.56511255772886,35.68025410269984,45,32.09169054441261,493,confirmation38,0,geometry_reid_greedy_guard,493,data47-2,ocsort,1396,True
35.10395749384599,35.315186246418335,903,0,56,35.209413469717504,33.66860772895712,66,30.587392550143267,493,confirmation38,0,no_refinement,493,data47-2,ocsort,1396,True
35.42495087705424,35.315186246418335,903,0,56,35.370025982368055,34.51561672842774,50,31.733524355300858,493,confirmation38,0,regr_t_reliable_motion_min5,493,data47-2,ocsort,1396,True
35.81475836641853,35.315186246418335,903,0,56,35.56409512528809,35.68025410269984,44,32.16332378223496,493,confirmation38,0,regr_temporal_risk_05,493,data47-2,ocsort,1396,True
35.53430498723678,35.315186246418335,903,0,56,35.42457619734215,35.044997353096875,50,31.733524355300858,493,confirmation38,0,regr_v1,493,data47-2,ocsort,1396,True
58.09930132093466,63.457759558818225,647,1,167,60.65348467162558,68.75536480686695,218,67.35770825480589,2006,confirmation38,0,geometry_reid_greedy_guard,2007,data47-3,bytetrack,2653,True
51.003836224172346,63.49929246821636,647,1,167,56.81721589454294,60.72961373390557,297,64.37994722955145,2006,confirmation38,0,no_refinement,2007,data47-3,bytetrack,2653,True
57.213602273122966,63.457759558818225,647,1,167,60.184635989249344,67.08154506437768,236,66.67923105917829,2006,confirmation38,0,regr_t_reliable_motion_min5,2007,data47-3,bytetrack,2653,True
58.05461933402195,63.457759558818225,647,1,167,60.62998982805689,68.62660944206009,221,67.24462872220128,2006,confirmation38,0,regr_temporal_risk_05,2007,data47-3,bytetrack,2653,True
56.60380979459521,63.49929246821636,647,1,167,59.87988092664146,65.36480686695279,259,65.81228797587637,2006,confirmation38,0,regr_v1,2007,data47-3,bytetrack,2653,True
96.24820618301734,84.16886543535618,420,0,6,90.0061237617353,91.24027834629554,3,84.0557859027516,2233,confirmation38,0,geometry_reid_greedy_guard,2233,data47-3,deepocsort,2653,True
93.91738414809815,84.16886543535618,420,0,6,88.90961516282661,89.52108063855914,8,83.86732001507727,2233,confirmation38,0,no_refinement,2233,data47-3,deepocsort,2653,True
93.94723935036711,84.16886543535618,420,0,6,88.92374568642649,89.56201391731477,7,83.90501319261213,2233,confirmation38,0,regr_t_reliable_motion_min5,2233,data47-3,deepocsort,2653,True
96.24820618301734,84.16886543535618,420,0,6,90.0061237617353,91.24027834629554,3,84.0557859027516,2233,confirmation38,0,regr_temporal_risk_05,2233,data47-3,deepocsort,2653,True
96.12198786084384,84.16886543535618,420,0,6,89.94708812206376,91.19934506753991,4,84.01809272521673,2233,confirmation38,0,regr_v1,2233,data47-3,deepocsort,2653,True
69.56543658107199,56.61515265736903,1151,0,83,62.75713355240114,63.730445246690735,63,54.24048247267245,1502,confirmation38,0,geometry_reid_greedy_guard,1502,data47-3,ocsort,2653,True
66.551805029987,56.61515265736903,1151,0,83,61.38273862737124,60.89049338146811,102,52.770448548812666,1502,confirmation38,0,no_refinement,1502,data47-3,ocsort,2653,True
69.52917967331041,56.61515265736903,1151,0,83,62.740777181559594,63.58604091456077,67,54.089709762532976,1502,confirmation38,0,regr_t_reliable_motion_min5,1502,data47-3,ocsort,2653,True
69.56543658107199,56.61515265736903,1151,0,83,62.75713355240114,63.730445246690735,63,54.24048247267245,1502,confirmation38,0,regr_temporal_risk_05,1502,data47-3,ocsort,2653,True
69.18525711586624,56.61515265736903,1151,0,83,62.585412783284355,62.62334536702768,83,53.48661892197513,1502,confirmation38,0,regr_v1,1502,data47-3,ocsort,2653,True
50.29735033229451,38.29383182476162,428,0,32,43.86102630706091,51.006711409395976,31,43.333333333333336,382,confirmation38,0,geometry_reid_greedy_guard,382,data47-4,bytetrack,810,True
47.68899228575389,38.29383182476162,428,0,32,42.70306874234911,46.308724832214764,49,41.11111111111111,382,confirmation38,0,no_refinement,382,data47-4,bytetrack,810,True
47.78969486936672,38.29383182476162,428,0,32,42.74841047978417,46.4765100671141,46,41.48148148148148,382,confirmation38,0,regr_t_reliable_motion_min5,382,data47-4,bytetrack,810,True
50.29735033229451,38.29383182476162,428,0,32,43.86102630706091,51.006711409395976,31,43.333333333333336,382,confirmation38,0,regr_temporal_risk_05,382,data47-4,bytetrack,810,True
48.473413883053475,38.29383182476162,428,0,32,43.054965407681536,47.98657718120805,40,42.22222222222222,382,confirmation38,0,regr_v1,382,data47-4,bytetrack,810,True
86.3468094923342,80.61728395061728,157,0,11,83.43287876534863,87.35475051264525,5,80.0,653,confirmation38,0,geometry_reid_greedy_guard,653,data47-4,deepocsort,810,True
81.61148927204108,80.61728395061728,157,0,11,81.11286337121192,81.3397129186603,11,79.25925925925927,653,confirmation38,0,no_refinement,653,data47-4,deepocsort,810,True
84.69149234291746,80.61728395061728,157,0,11,82.62928104740173,85.16746411483254,7,79.75308641975309,653,confirmation38,0,regr_t_reliable_motion_min5,653,data47-4,deepocsort,810,True
86.3468094923342,80.61728395061728,157,0,11,83.43287876534863,87.35475051264525,5,80.0,653,confirmation38,0,regr_temporal_risk_05,653,data47-4,deepocsort,810,True
86.3468094923342,80.61728395061728,157,0,11,83.43287876534863,87.35475051264525,5,80.0,653,confirmation38,0,regr_v1,653,data47-4,deepocsort,810,True
66.27507784908893,30.37037037037037,564,0,8,44.864224729755016,41.66666666666667,8,29.38271604938272,246,confirmation38,0,geometry_reid_greedy_guard,246,data47-4,ocsort,810,True
64.77613101942697,30.37037037037037,564,0,8,44.35397490890341,41.09848484848485,12,28.888888888888886,246,confirmation38,0,no_refinement,246,data47-4,ocsort,810,True
66.23373845264415,30.37037037037037,564,0,8,44.850230409899176,41.47727272727273,9,29.259259259259256,246,confirmation38,0,regr_t_reliable_motion_min5,246,data47-4,ocsort,810,True
66.27507784908893,30.37037037037037,564,0,8,44.864224729755016,41.66666666666667,8,29.38271604938272,246,confirmation38,0,regr_temporal_risk_05,246,data47-4,ocsort,810,True
66.27507784908893,30.37037037037037,564,0,8,44.864224729755016,41.66666666666667,8,29.38271604938272,246,confirmation38,0,regr_v1,246,data47-4,ocsort,810,True
8.778426199408813,12.095275156501959,512,0,43,10.229577007968919,8.797653958944283,53,5.360134003350084,85,confirmation38,0,geometry_reid_greedy_guard,85,data48-1,bytetrack,597,True
8.064293741612698,12.165488293544144,512,0,43,9.811664136682785,6.744868035190615,61,4.0201005025125625,85,confirmation38,0,no_refinement,85,data48-1,bytetrack,597,True
8.778426199408813,12.095275156501959,512,0,43,10.229577007968919,8.797653958944283,53,5.360134003350084,85,confirmation38,0,regr_t_reliable_motion_min5,85,data48-1,bytetrack,597,True
8.778426199408813,12.095275156501959,512,0,43,10.229577007968919,8.797653958944283,53,5.360134003350084,85,confirmation38,0,regr_temporal_risk_05,85,data48-1,bytetrack,597,True
8.591567097684466,12.095275156501959,512,0,43,10.116135755362706,8.504398826979472,53,5.360134003350084,85,confirmation38,0,regr_v1,85,data48-1,bytetrack,597,True
99.63302015578576,99.32998324958122,4,0,1,99.48138631512624,99.66386554621849,0,99.32998324958125,593,confirmation38,0,geometry_reid_greedy_guard,593,data48-1,deepocsort,597,True
99.63302015578576,99.32998324958122,4,0,1,99.48138631512624,99.66386554621849,0,99.32998324958125,593,confirmation38,0,no_refinement,593,data48-1,deepocsort,597,True
99.63302015578576,99.32998324958122,4,0,1,99.48138631512624,99.66386554621849,0,99.32998324958125,593,confirmation38,0,regr_t_reliable_motion_min5,593,data48-1,deepocsort,597,True
99.63302015578576,99.32998324958122,4,0,1,99.48138631512624,99.66386554621849,0,99.32998324958125,593,confirmation38,0,regr_temporal_risk_05,593,data48-1,deepocsort,597,True
99.63302015578576,99.32998324958122,4,0,1,99.48138631512624,99.66386554621849,0,99.32998324958125,593,confirmation38,0,regr_v1,593,data48-1,deepocsort,597,True
16.931396135896097,9.045226130653266,543,0,0,12.375310370121998,15.668202764976957,2,8.710217755443885,54,confirmation38,0,geometry_reid_greedy_guard,54,data48-1,ocsort,597,True
12.088537101148198,9.045226130653266,543,0,0,10.456746705772172,6.7588325652841785,31,3.8525963149078724,54,confirmation38,0,no_refinement,54,data48-1,ocsort,597,True
16.931396135896097,9.045226130653266,543,0,0,12.375310370121998,15.668202764976957,2,8.710217755443885,54,confirmation38,0,regr_t_reliable_motion_min5,54,data48-1,ocsort,597,True
16.931396135896097,9.045226130653266,543,0,0,12.375310370121998,15.668202764976957,2,8.710217755443885,54,confirmation38,0,regr_temporal_risk_05,54,data48-1,ocsort,597,True
14.691788234263244,9.045226130653266,543,0,0,11.52781622175606,10.75268817204301,18,6.030150753768844,54,confirmation38,0,regr_v1,54,data48-1,ocsort,597,True
45.437754081104146,59.91473902383353,858,1,249,52.136594213315234,65.185933030456,310,65.61764705882352,2542,confirmation38,0,geometry_reid_greedy_guard,2543,data49-2,bytetrack,3400,True
37.60717395832723,59.91473902383353,858,1,249,47.41411055853791,53.10449268046441,451,61.47058823529412,2542,confirmation38,0,no_refinement,2543,data49-2,bytetrack,3400,True
43.02692467138064,59.91473902383353,858,1,249,50.729322373119444,61.11391553087666,364,64.02941176470588,2542,confirmation38,0,regr_t_reliable_motion_min5,2543,data49-2,bytetrack,3400,True
45.437754081104146,59.91473902383353,858,1,249,52.136594213315234,65.185933030456,310,65.61764705882352,2542,confirmation38,0,regr_temporal_risk_05,2543,data49-2,bytetrack,3400,True
40.45656212141074,59.91473902383353,858,1,249,49.18456523317117,57.54669358909642,424,62.26470588235294,2542,confirmation38,0,regr_v1,2543,data49-2,bytetrack,3400,True
94.73385885428691,93.85294117647057,209,0,13,94.29237128459255,96.22212107419207,6,93.67647058823529,3191,confirmation38,0,geometry_reid_greedy_guard,3191,data49-2,deepocsort,3400,True
94.61297217746167,93.85294117647057,209,0,13,94.23219042504721,96.10074343802154,8,93.61764705882352,3191,confirmation38,0,no_refinement,3191,data49-2,deepocsort,3400,True
94.52020466793903,93.85294117647057,209,0,13,94.18598201796294,96.10074343802154,7,93.64705882352942,3191,confirmation38,0,regr_t_reliable_motion_min5,3191,data49-2,deepocsort,3400,True
94.73385885428691,93.85294117647057,209,0,13,94.29237128459255,96.22212107419207,6,93.67647058823529,3191,confirmation38,0,regr_temporal_risk_05,3191,data49-2,deepocsort,3400,True
94.73385885428691,93.85294117647057,209,0,13,94.29237128459255,96.22212107419207,6,93.67647058823529,3191,confirmation38,0,regr_v1,3191,data49-2,deepocsort,3400,True
52.87478029910169,44.4607699089039,1884,0,114,48.48560034548615,51.464605370219694,81,42.205882352941174,1516,confirmation38,0,geometry_reid_greedy_guard,1516,data49-2,ocsort,3400,True
47.96037096129867,44.4607699089039,1884,0,114,46.17742974718252,46.13506916192026,114,41.23529411764706,1516,confirmation38,0,no_refinement,1516,data49-2,ocsort,3400,True
52.82688008817132,44.4607699089039,1884,0,114,48.46363338221188,51.139137510170876,88,42.0,1516,confirmation38,0,regr_t_reliable_motion_min5,1516,data49-2,ocsort,3400,True
52.87478029910169,44.4607699089039,1884,0,114,48.48560034548615,51.464605370219694,81,42.205882352941174,1516,confirmation38,0,regr_temporal_risk_05,1516,data49-2,ocsort,3400,True
52.30764534172968,44.4607699089039,1884,0,114,48.22487101087149,50.44751830756713,96,41.76470588235294,1516,confirmation38,0,regr_v1,1516,data49-2,ocsort,3400,True
18.829242587253866,55.178320569014886,1176,55,304,32.16201192134582,38.4965496990163,519,55.87493696419566,2790,legacy12,0,geometry_reid_greedy_guard,2845,data28-1,bytetrack,3966,True
16.829566687274657,55.178320569014886,1176,55,304,30.389773759204598,33.88636029951549,601,53.80736258194655,2790,legacy12,0,no_refinement,2845,data28-1,bytetrack,3966,True
19.03263517597193,55.178320569014886,1176,55,304,32.335973443567454,38.79019233592717,518,55.90015128593041,2790,legacy12,0,regr_t_reliable_motion_min5,2845,data28-1,bytetrack,3966,True
19.03263517597193,55.178320569014886,1176,55,304,32.335973443567454,38.79019233592717,518,55.90015128593041,2790,legacy12,0,regr_temporal_risk_05,2845,data28-1,bytetrack,3966,True
18.14532796265034,55.178320569014886,1176,55,304,31.568483359813747,36.734693877551024,571,54.563792233988906,2790,legacy12,0,regr_v1,2845,data28-1,bytetrack,3966,True
94.61489932301119,84.11497730711042,630,0,14,89.21059415489634,90.60531361270885,13,83.78719112455875,3336,legacy12,0,geometry_reid_greedy_guard,3336,data28-1,deepocsort,3966,True
94.63322806660976,84.11497730711042,630,0,14,89.21923464882158,90.60531361270885,13,83.78719112455875,3336,legacy12,0,no_refinement,3336,data28-1,deepocsort,3966,True
94.63322806660976,84.11497730711042,630,0,14,89.21923464882158,90.60531361270885,13,83.78719112455875,3336,legacy12,0,regr_t_reliable_motion_min5,3336,data28-1,deepocsort,3966,True
94.61489932301119,84.11497730711042,630,0,14,89.21059415489634,90.60531361270885,13,83.78719112455875,3336,legacy12,0,regr_temporal_risk_05,3336,data28-1,deepocsort,3966,True
94.61489932301119,84.11497730711042,630,0,14,89.21059415489634,90.60531361270885,13,83.78719112455875,3336,legacy12,0,regr_v1,3336,data28-1,deepocsort,3966,True
15.270845616738518,34.26626323751892,2607,0,295,22.875200890105294,24.826291079812208,263,27.634896621280884,1359,legacy12,0,geometry_reid_greedy_guard,1359,data28-1,ocsort,3966,True
13.678659672826921,34.26626323751892,2607,0,295,21.649862657428603,22.910798122065728,308,26.500252143217345,1359,legacy12,0,no_refinement,1359,data28-1,ocsort,3966,True
15.225130869252897,34.26626323751892,2607,0,295,22.840935668038966,25.12676056338028,262,27.66011094301563,1359,legacy12,0,regr_t_reliable_motion_min5,1359,data28-1,ocsort,3966,True
15.225130869252897,34.26626323751892,2607,0,295,22.840935668038966,25.12676056338028,262,27.66011094301563,1359,legacy12,0,regr_temporal_risk_05,1359,data28-1,ocsort,3966,True
13.71566877404598,34.26626323751892,2607,0,295,21.679130902554142,23.624413145539904,284,27.105395864851232,1359,legacy12,0,regr_v1,1359,data28-1,ocsort,3966,True
68.77706658473382,62.32292321344336,222,0,21,65.45590535627733,83.31388564760793,31,73.86363636363636,746,legacy12,0,geometry_reid_greedy_guard,746,data28-2,bytetrack,968,True
66.33444904821778,62.32292321344336,222,0,21,64.28195365387226,80.63010501750291,36,73.34710743801654,746,legacy12,0,no_refinement,746,data28-2,bytetrack,968,True
67.18885400139033,62.32292321344336,222,0,21,64.69549111218296,82.03033838973163,32,73.7603305785124,746,legacy12,0,regr_t_reliable_motion_min5,746,data28-2,bytetrack,968,True
68.77706658473382,62.32292321344336,222,0,21,65.45590535627733,83.31388564760793,31,73.86363636363636,746,legacy12,0,regr_temporal_risk_05,746,data28-2,bytetrack,968,True
68.77706658473382,62.32292321344336,222,0,21,65.45590535627733,83.31388564760793,31,73.86363636363636,746,legacy12,0,regr_v1,746,data28-2,bytetrack,968,True
97.57605870084122,76.34297520661158,229,0,3,86.30901824350221,86.46748681898066,1,76.2396694214876,739,legacy12,0,geometry_reid_greedy_guard,739,data28-2,deepocsort,968,True
97.534885877917,76.34297520661158,229,0,3,86.29080700953902,86.11599297012302,4,75.92975206611571,739,legacy12,0,no_refinement,739,data28-2,deepocsort,968,True
97.57605870084122,76.34297520661158,229,0,3,86.30901824350221,86.46748681898066,1,76.2396694214876,739,legacy12,0,regr_t_reliable_motion_min5,739,data28-2,deepocsort,968,True
97.57605870084122,76.34297520661158,229,0,3,86.30901824350221,86.46748681898066,1,76.2396694214876,739,legacy12,0,regr_temporal_risk_05,739,data28-2,deepocsort,968,True
97.57605870084122,76.34297520661158,229,0,3,86.30901824350221,86.46748681898066,1,76.2396694214876,739,legacy12,0,regr_v1,739,data28-2,deepocsort,968,True
59.49937948892159,62.70661157024794,361,0,26,61.081948874299876,65.77777777777779,14,61.2603305785124,607,legacy12,0,geometry_reid_greedy_guard,607,data28-2,ocsort,968,True
52.72421238221398,62.70661157024794,361,0,26,57.49918874383141,61.58730158730159,49,57.64462809917356,607,legacy12,0,no_refinement,607,data28-2,ocsort,968,True
59.49937948892159,62.70661157024794,361,0,26,61.081948874299876,65.77777777777779,14,61.2603305785124,607,legacy12,0,regr_t_reliable_motion_min5,607,data28-2,ocsort,968,True
59.49937948892159,62.70661157024794,361,0,26,61.081948874299876,65.77777777777779,14,61.2603305785124,607,legacy12,0,regr_temporal_risk_05,607,data28-2,ocsort,968,True
55.251145944440935,62.70661157024794,361,0,26,58.86095605364508,63.87301587301587,29,59.71074380165289,607,legacy12,0,regr_v1,607,data28-2,ocsort,968,True
43.67110276343757,16.2829278243805,243,0,6,26.433783708123944,26.997245179063363,9,16.831683168316832,60,legacy12,0,geometry_reid_greedy_guard,60,data28-3,bytetrack,303,True
43.67110276343757,16.2829278243805,243,0,6,26.433783708123944,26.997245179063363,9,16.831683168316832,60,legacy12,0,no_refinement,60,data28-3,bytetrack,303,True
43.67110276343757,16.2829278243805,243,0,6,26.433783708123944,26.997245179063363,9,16.831683168316832,60,legacy12,0,regr_t_reliable_motion_min5,60,data28-3,bytetrack,303,True
43.67110276343757,16.2829278243805,243,0,6,26.433783708123944,26.997245179063363,9,16.831683168316832,60,legacy12,0,regr_temporal_risk_05,60,data28-3,bytetrack,303,True
43.67110276343757,16.2829278243805,243,0,6,26.433783708123944,26.997245179063363,9,16.831683168316832,60,legacy12,0,regr_v1,60,data28-3,bytetrack,303,True
48.539377289377285,7.9207920792079225,279,0,0,19.607914605163508,12.844036697247708,3,6.9306930693069315,24,legacy12,0,geometry_reid_greedy_guard,24,data28-3,deepocsort,303,True
48.539377289377285,7.9207920792079225,279,0,0,19.607914605163508,12.844036697247708,3,6.9306930693069315,24,legacy12,0,no_refinement,24,data28-3,deepocsort,303,True
48.539377289377285,7.9207920792079225,279,0,0,19.607914605163508,12.844036697247708,3,6.9306930693069315,24,legacy12,0,regr_t_reliable_motion_min5,24,data28-3,deepocsort,303,True
48.539377289377285,7.9207920792079225,279,0,0,19.607914605163508,12.844036697247708,3,6.9306930693069315,24,legacy12,0,regr_temporal_risk_05,24,data28-3,deepocsort,303,True
48.539377289377285,7.9207920792079225,279,0,0,19.607914605163508,12.844036697247708,3,6.9306930693069315,24,legacy12,0,regr_v1,24,data28-3,deepocsort,303,True
60.53542202478375,15.51155115511551,256,0,0,30.643079078870965,25.142857142857146,3,14.521452145214523,47,legacy12,0,geometry_reid_greedy_guard,47,data28-3,ocsort,303,True
60.53542202478375,15.51155115511551,256,0,0,30.643079078870965,25.142857142857146,3,14.521452145214523,47,legacy12,0,no_refinement,47,data28-3,ocsort,303,True
60.53542202478375,15.51155115511551,256,0,0,30.643079078870965,25.142857142857146,3,14.521452145214523,47,legacy12,0,regr_t_reliable_motion_min5,47,data28-3,ocsort,303,True
60.53542202478375,15.51155115511551,256,0,0,30.643079078870965,25.142857142857146,3,14.521452145214523,47,legacy12,0,regr_temporal_risk_05,47,data28-3,ocsort,303,True
60.53542202478375,15.51155115511551,256,0,0,30.643079078870965,25.142857142857146,3,14.521452145214523,47,legacy12,0,regr_v1,47,data28-3,ocsort,303,True
23.784580777061972,4.519783994290178,218,0,0,10.22552835256771,6.557377049180328,4,3.896103896103896,13,legacy12,0,geometry_reid_greedy_guard,13,data28-4,bytetrack,231,True
23.99741792598935,4.519783994290178,218,0,0,10.273126410163782,6.557377049180328,4,3.896103896103896,13,legacy12,0,no_refinement,13,data28-4,bytetrack,231,True
23.784580777061972,4.519783994290178,218,0,0,10.22552835256771,6.557377049180328,4,3.896103896103896,13,legacy12,0,regr_t_reliable_motion_min5,13,data28-4,bytetrack,231,True
23.784580777061972,4.519783994290178,218,0,0,10.22552835256771,6.557377049180328,4,3.896103896103896,13,legacy12,0,regr_temporal_risk_05,13,data28-4,bytetrack,231,True
23.784580777061972,4.519783994290178,218,0,0,10.22552835256771,6.557377049180328,4,3.896103896103896,13,legacy12,0,regr_v1,13,data28-4,bytetrack,231,True
14.029341029341024,6.493506493506492,216,0,0,9.544611939395073,5.691056910569105,8,3.0303030303030303,15,legacy12,0,geometry_reid_greedy_guard,15,data28-4,deepocsort,231,True
14.611351611351612,6.493506493506492,216,0,0,9.740580401968781,5.691056910569105,8,3.0303030303030303,15,legacy12,0,no_refinement,15,data28-4,deepocsort,231,True
14.611351611351612,6.493506493506492,216,0,0,9.740580401968781,5.691056910569105,8,3.0303030303030303,15,legacy12,0,regr_t_reliable_motion_min5,15,data28-4,deepocsort,231,True
14.029341029341024,6.493506493506492,216,0,0,9.544611939395073,5.691056910569105,8,3.0303030303030303,15,legacy12,0,regr_temporal_risk_05,15,data28-4,deepocsort,231,True
14.029341029341024,6.493506493506492,216,0,0,9.544611939395073,5.691056910569105,8,3.0303030303030303,15,legacy12,0,regr_v1,15,data28-4,deepocsort,231,True
23.492578849721706,3.03030303030303,224,0,0,8.437394910631157,4.201680672268908,2,2.1645021645021645,7,legacy12,0,geometry_reid_greedy_guard,7,data28-4,ocsort,231,True
23.492578849721706,3.03030303030303,224,0,0,8.437394910631157,4.201680672268908,2,2.1645021645021645,7,legacy12,0,no_refinement,7,data28-4,ocsort,231,True
23.492578849721706,3.03030303030303,224,0,0,8.437394910631157,4.201680672268908,2,2.1645021645021645,7,legacy12,0,regr_t_reliable_motion_min5,7,data28-4,ocsort,231,True
23.492578849721706,3.03030303030303,224,0,0,8.437394910631157,4.201680672268908,2,2.1645021645021645,7,legacy12,0,regr_temporal_risk_05,7,data28-4,ocsort,231,True
23.492578849721706,3.03030303030303,224,0,0,8.437394910631157,4.201680672268908,2,2.1645021645021645,7,legacy12,0,regr_v1,7,data28-4,ocsort,231,True
9.947650539136815,10.186872459794568,162,0,4,9.929400740296508,13.725490196078432,8,7.103825136612022,21,legacy12,0,geometry_reid_greedy_guard,21,data28-5,bytetrack,183,True
9.947650539136815,10.186872459794568,162,0,4,9.929400740296508,13.725490196078432,8,7.103825136612022,21,legacy12,0,no_refinement,21,data28-5,bytetrack,183,True
9.947650539136815,10.186872459794568,162,0,4,9.929400740296508,13.725490196078432,8,7.103825136612022,21,legacy12,0,regr_t_reliable_motion_min5,21,data28-5,bytetrack,183,True
9.947650539136815,10.186872459794568,162,0,4,9.929400740296508,13.725490196078432,8,7.103825136612022,21,legacy12,0,regr_temporal_risk_05,21,data28-5,bytetrack,183,True
9.947650539136815,10.186872459794568,162,0,4,9.929400740296508,13.725490196078432,8,7.103825136612022,21,legacy12,0,regr_v1,21,data28-5,bytetrack,183,True
61.5556062254651,52.45901639344264,87,0,5,56.82558012101568,60.215053763440864,9,47.540983606557376,96,legacy12,0,geometry_reid_greedy_guard,96,data28-5,deepocsort,183,True
39.55673163082437,52.45901639344264,87,0,5,45.553344916618656,45.16129032258064,20,41.53005464480874,96,legacy12,0,no_refinement,96,data28-5,deepocsort,183,True
61.5556062254651,52.45901639344264,87,0,5,56.82558012101568,60.215053763440864,9,47.540983606557376,96,legacy12,0,regr_t_reliable_motion_min5,96,data28-5,deepocsort,183,True
61.5556062254651,52.45901639344264,87,0,5,56.82558012101568,60.215053763440864,9,47.540983606557376,96,legacy12,0,regr_temporal_risk_05,96,data28-5,deepocsort,183,True
61.31751098736985,52.45901639344264,87,0,5,56.715573823170786,59.49820788530465,10,46.994535519125684,96,legacy12,0,regr_v1,96,data28-5,deepocsort,183,True
25.35831626557432,16.393442622950822,153,0,0,20.388970123925663,19.718309859154928,10,10.92896174863388,30,legacy12,0,geometry_reid_greedy_guard,30,data28-5,ocsort,183,True
12.811379928315414,16.393442622950822,153,0,0,14.492157250584278,9.389671361502346,20,5.46448087431694,30,legacy12,0,no_refinement,30,data28-5,ocsort,183,True
25.35831626557432,16.393442622950822,153,0,0,20.388970123925663,19.718309859154928,10,10.92896174863388,30,legacy12,0,regr_t_reliable_motion_min5,30,data28-5,ocsort,183,True
25.35831626557432,16.393442622950822,153,0,0,20.388970123925663,19.718309859154928,10,10.92896174863388,30,legacy12,0,regr_temporal_risk_05,30,data28-5,ocsort,183,True
24.583174292851705,16.393442622950822,153,0,0,20.074931064884485,18.779342723004692,10,10.92896174863388,30,legacy12,0,regr_v1,30,data28-5,ocsort,183,True
76.6355653609871,55.10841800120577,91,0,1,64.98323310260425,74.55919395465995,1,62.295081967213115,153,legacy12,0,geometry_reid_greedy_guard,153,data28-6,bytetrack,244,True
78.54437245481178,55.10841800120577,91,0,1,65.7879661250357,74.55919395465995,1,62.295081967213115,153,legacy12,0,no_refinement,153,data28-6,bytetrack,244,True
78.54437245481178,55.10841800120577,91,0,1,65.7879661250357,74.55919395465995,1,62.295081967213115,153,legacy12,0,regr_t_reliable_motion_min5,153,data28-6,bytetrack,244,True
76.62564683021132,55.10841800120577,91,0,1,64.97938200282557,74.55919395465995,1,62.295081967213115,153,legacy12,0,regr_temporal_risk_05,153,data28-6,bytetrack,244,True
76.6355653609871,55.10841800120577,91,0,1,64.98323310260425,74.55919395465995,1,62.295081967213115,153,legacy12,0,regr_v1,153,data28-6,bytetrack,244,True
86.62462843154397,35.24590163934426,158,0,2,55.255435327603244,50.90909090909091,2,34.42622950819672,86,legacy12,0,geometry_reid_greedy_guard,86,data28-6,deepocsort,244,True
86.62462843154397,35.24590163934426,158,0,2,55.255435327603244,50.90909090909091,2,34.42622950819672,86,legacy12,0,no_refinement,86,data28-6,deepocsort,244,True
86.62462843154397,35.24590163934426,158,0,2,55.255435327603244,50.90909090909091,2,34.42622950819672,86,legacy12,0,regr_t_reliable_motion_min5,86,data28-6,deepocsort,244,True
86.62462843154397,35.24590163934426,158,0,2,55.255435327603244,50.90909090909091,2,34.42622950819672,86,legacy12,0,regr_temporal_risk_05,86,data28-6,deepocsort,244,True
86.62462843154397,35.24590163934426,158,0,2,55.255435327603244,50.90909090909091,2,34.42622950819672,86,legacy12,0,regr_v1,86,data28-6,deepocsort,244,True
83.98856184033401,59.42622950819671,99,0,1,70.64788427113061,73.52185089974293,1,59.01639344262295,145,legacy12,0,geometry_reid_greedy_guard,145,data28-6,ocsort,244,True
85.03132832080202,59.42622950819671,99,0,1,71.08509852408457,73.52185089974293,1,59.01639344262295,145,legacy12,0,no_refinement,145,data28-6,ocsort,244,True
85.03132832080202,59.42622950819671,99,0,1,71.08509852408457,73.52185089974293,1,59.01639344262295,145,legacy12,0,regr_t_reliable_motion_min5,145,data28-6,ocsort,244,True
83.98856184033401,59.42622950819671,99,0,1,70.64788427113061,73.52185089974293,1,59.01639344262295,145,legacy12,0,regr_temporal_risk_05,145,data28-6,ocsort,244,True
83.98856184033401,59.42622950819671,99,0,1,70.64788427113061,73.52185089974293,1,59.01639344262295,145,legacy12,0,regr_v1,145,data28-6,ocsort,244,True
68.4589392837794,51.75067371173982,2735,3,257,59.51474982069672,67.95313576843556,260,58.18688981868898,4435,legacy12,0,geometry_reid_greedy_guard,4438,data30-10,bytetrack,7170,True
67.75947618353689,51.75067371173982,2735,3,257,59.208507406560315,66.69538249483115,328,57.23849372384937,4435,legacy12,0,no_refinement,4438,data30-10,bytetrack,7170,True
68.45891841894182,51.75067371173982,2735,3,257,59.51474068187851,67.95313576843556,260,58.18688981868898,4435,legacy12,0,regr_t_reliable_motion_min5,4438,data30-10,bytetrack,7170,True
68.45891841894182,51.75067371173982,2735,3,257,59.51474068187851,67.95313576843556,260,58.18688981868898,4435,legacy12,0,regr_temporal_risk_05,4438,data30-10,bytetrack,7170,True
68.2540025410085,51.707675376262486,2735,3,257,59.400745679108816,67.64300482425914,282,57.88005578800558,4435,legacy12,0,regr_v1,4438,data30-10,bytetrack,7170,True
93.09719464736122,93.3179674636436,479,0,41,93.20751564868284,94.63963638987086,18,93.06834030683403,6691,legacy12,0,geometry_reid_greedy_guard,6691,data30-10,deepocsort,7170,True
92.72917661513436,93.3179674636436,479,0,41,93.02310615493103,94.35105692229997,33,92.85913528591352,6691,legacy12,0,no_refinement,6691,data30-10,deepocsort,7170,True
93.09719464736122,93.3179674636436,479,0,41,93.20751564868284,94.63963638987086,18,93.06834030683403,6691,legacy12,0,regr_t_reliable_motion_min5,6691,data30-10,deepocsort,7170,True
93.09719464736122,93.3179674636436,479,0,41,93.20751564868284,94.63963638987086,18,93.06834030683403,6691,legacy12,0,regr_temporal_risk_05,6691,data30-10,deepocsort,7170,True
93.18092781502881,93.3179674636436,479,0,41,93.24942242394675,94.82721304379194,22,93.01255230125523,6691,legacy12,0,regr_v1,6691,data30-10,deepocsort,7170,True
79.6584377840308,52.168373400435506,3422,0,85,64.46433541661646,64.81040483605057,76,51.21338912133891,3748,legacy12,0,geometry_reid_greedy_guard,3748,data30-10,ocsort,7170,True
78.84795762151269,52.168373400435506,3422,0,85,64.13555271792058,62.19087745008244,221,49.19107391910739,3748,legacy12,0,no_refinement,3748,data30-10,ocsort,7170,True
79.6584377840308,52.168373400435506,3422,0,85,64.46433541661646,64.81040483605057,76,51.21338912133891,3748,legacy12,0,regr_t_reliable_motion_min5,3748,data30-10,ocsort,7170,True
79.6584377840308,52.168373400435506,3422,0,85,64.46433541661646,64.81040483605057,76,51.21338912133891,3748,legacy12,0,regr_temporal_risk_05,3748,data30-10,ocsort,7170,True
79.40342232775951,52.168373400435506,3422,0,85,64.36106589706884,64.31580875618245,98,50.906555090655516,3748,legacy12,0,regr_v1,3748,data30-10,ocsort,7170,True
42.968510078787446,42.93767592566295,2104,6,374,42.94639708790939,52.94972391746585,408,43.919821826280625,2386,legacy12,0,geometry_reid_greedy_guard,2392,data30-2,bytetrack,4490,True
38.65806153091121,42.95884847323204,2104,6,374,40.74407870133334,46.61435629177565,597,39.71046770601336,2386,legacy12,0,no_refinement,2392,data30-2,bytetrack,4490,True
42.88086203005805,42.93767592566295,2104,6,374,42.902818688672006,52.94972391746585,409,43.897550111358576,2386,legacy12,0,regr_t_reliable_motion_min5,2392,data30-2,bytetrack,4490,True
42.968510078787446,42.93767592566295,2104,6,374,42.94639708790939,52.94972391746585,408,43.919821826280625,2386,legacy12,0,regr_temporal_risk_05,2392,data30-2,bytetrack,4490,True
40.76781283225102,42.94108643295302,2104,6,374,41.83540185311971,49.52048823016565,520,41.42538975501114,2386,legacy12,0,regr_v1,2392,data30-2,bytetrack,4490,True
92.10765083402039,89.2317624738791,482,0,69,90.65830357401133,93.36314426923981,17,88.88641425389756,4008,legacy12,0,geometry_reid_greedy_guard,4008,data30-2,deepocsort,4490,True
89.14415690180564,89.2317624738791,482,0,69,89.18794864418113,90.75076488585549,55,88.04008908685968,4008,legacy12,0,no_refinement,4008,data30-2,deepocsort,4490,True
91.67406549907747,89.2317624738791,482,0,69,90.44467051022785,93.01012002824194,19,88.84187082405344,4008,legacy12,0,regr_t_reliable_motion_min5,4008,data30-2,deepocsort,4490,True
92.10765083402039,89.2317624738791,482,0,69,90.65830357401133,93.36314426923981,17,88.88641425389756,4008,legacy12,0,regr_temporal_risk_05,4008,data30-2,deepocsort,4490,True
91.36749579751925,89.2317624738791,482,0,69,90.2933144408603,92.77477053424336,28,88.64142538975501,4008,legacy12,0,regr_v1,4008,data30-2,deepocsort,4490,True
45.874086510058156,30.218418751036623,3131,0,160,37.23227541152793,40.10942041374594,93,28.19599109131403,1359,legacy12,0,geometry_reid_greedy_guard,1359,data30-2,ocsort,4490,True
42.04795596011574,30.218418751036623,3131,0,160,35.64579509284124,36.313899811933666,188,26.080178173719375,1359,legacy12,0,no_refinement,1359,data30-2,ocsort,4490,True
45.40106549636077,30.218418751036623,3131,0,160,37.039821579149944,39.73328774149427,100,28.040089086859687,1359,legacy12,0,regr_t_reliable_motion_min5,1359,data30-2,ocsort,4490,True
45.874086510058156,30.218418751036623,3131,0,160,37.23227541152793,40.10942041374594,93,28.19599109131403,1359,legacy12,0,regr_temporal_risk_05,1359,data30-2,ocsort,4490,True
44.40452500728562,30.218418751036623,3131,0,160,36.6310592079945,38.50230808685245,134,27.28285077951002,1359,legacy12,0,regr_v1,1359,data30-2,ocsort,4490,True
29.90745681416125,44.259997777808444,1702,5,390,36.363997165229854,43.41903626766559,378,44.91413474240423,2083,legacy12,0,geometry_reid_greedy_guard,2088,data30-3,bytetrack,3785,True
23.472151483832697,44.259997777808444,1702,5,390,32.190402097337575,33.74765877745616,551,40.3434610303831,2083,legacy12,0,no_refinement,2088,data30-3,bytetrack,3785,True
29.386520527619698,44.259997777808444,1702,5,390,36.0450708807923,43.01038651455815,382,44.80845442536327,2083,legacy12,0,regr_t_reliable_motion_min5,2088,data30-3,bytetrack,3785,True
29.83831431081432,44.259997777808444,1702,5,390,36.321829933039794,43.350927975481014,378,44.91413474240423,2083,legacy12,0,regr_temporal_risk_05,2088,data30-3,bytetrack,3785,True
28.97354768774088,44.23866937077038,1702,5,390,35.77984411070171,41.64822067086668,418,43.85733157199472,2083,legacy12,0,regr_v1,2088,data30-3,bytetrack,3785,True
91.58318072621408,90.06605019815058,376,0,48,90.8214476464315,92.68835140394773,17,89.61690885072655,3409,legacy12,0,geometry_reid_greedy_guard,3409,data30-3,deepocsort,3785,True
88.39007640854163,90.06605019815058,376,0,48,89.22412823239056,89.8804559355018,41,88.98282694848085,3409,legacy12,0,no_refinement,3409,data30-3,deepocsort,3785,True
91.34799111262384,90.06605019815058,376,0,48,90.70475595606767,92.41034195162635,18,89.59048877146631,3409,legacy12,0,regr_t_reliable_motion_min5,3409,data30-3,deepocsort,3785,True
91.58318072621408,90.06605019815058,376,0,48,90.8214476464315,92.68835140394773,17,89.61690885072655,3409,legacy12,0,regr_temporal_risk_05,3409,data30-3,deepocsort,3785,True
91.0779820690647,90.06605019815058,376,0,48,90.57060287410393,92.32693911592995,19,89.56406869220608,3409,legacy12,0,regr_v1,3409,data30-3,deepocsort,3785,True
24.390875853196526,32.07397622192866,2571,0,159,27.969847553167675,29.12582516503301,185,27.186261558784675,1214,legacy12,0,geometry_reid_greedy_guard,1214,data30-3,ocsort,3785,True
21.084415338821696,32.07397622192866,2571,0,159,26.00501944299668,23.604720944188838,323,23.54029062087186,1214,legacy12,0,no_refinement,1214,data30-3,ocsort,3785,True
23.00162779090426,32.07397622192866,2571,0,159,27.161621137758267,28.285657131426284,189,27.080581241743722,1214,legacy12,0,regr_t_reliable_motion_min5,1214,data30-3,ocsort,3785,True
24.390875853196526,32.07397622192866,2571,0,159,27.969847553167675,29.12582516503301,185,27.186261558784675,1214,legacy12,0,regr_temporal_risk_05,1214,data30-3,ocsort,3785,True
24.261335550163672,32.07397622192866,2571,0,159,27.89547453527511,28.605721144228845,203,26.710700132100396,1214,legacy12,0,regr_v1,1214,data30-3,ocsort,3785,True
32.14797947393836,53.31528199525065,1097,3,174,41.334733584544416,45.28301886792453,253,55.464121132323896,1941,legacy12,0,geometry_reid_greedy_guard,1944,data30-4,bytetrack,3038,True
29.2145185432089,53.31528199525065,1097,3,174,39.38625951953944,41.188277800080286,325,53.094140882159316,1941,legacy12,0,no_refinement,1944,data30-4,bytetrack,3038,True
31.123015119521273,53.31528199525065,1097,3,174,40.664477527762834,44.35969490164592,255,55.3982883475971,1941,legacy12,0,regr_t_reliable_motion_min5,1944,data30-4,bytetrack,3038,True
32.00101760543079,53.31528199525065,1097,3,174,41.239374754465494,44.92171818546768,253,55.464121132323896,1941,legacy12,0,regr_temporal_risk_05,1944,data30-4,bytetrack,3038,True
31.288027812899717,53.31528199525065,1097,3,174,40.771918494890286,43.275792854275394,279,54.60829493087558,1941,legacy12,0,regr_v1,1944,data30-4,bytetrack,3038,True
88.2789271935095,88.87425938117183,338,0,56,88.57609312499365,89.85709306378529,28,87.95260039499671,2700,legacy12,0,geometry_reid_greedy_guard,2700,data30-4,deepocsort,3038,True
85.31083049320432,88.87425938117183,338,0,56,87.07431812696683,86.7898222377135,57,86.99802501645819,2700,legacy12,0,no_refinement,2700,data30-4,deepocsort,3038,True
88.2789271935095,88.87425938117183,338,0,56,88.57609312499365,89.85709306378529,28,87.95260039499671,2700,legacy12,0,regr_t_reliable_motion_min5,2700,data30-4,deepocsort,3038,True
88.2789271935095,88.87425938117183,338,0,56,88.57609312499365,89.85709306378529,28,87.95260039499671,2700,legacy12,0,regr_temporal_risk_05,2700,data30-4,deepocsort,3038,True
87.21725037453864,88.87425938117183,338,0,56,88.041856706338,88.60230045311955,31,87.85385121790652,2700,legacy12,0,regr_v1,2700,data30-4,deepocsort,3038,True
34.09365691955515,47.7287689269256,1588,0,123,40.339165496912884,39.48306595365419,148,42.857142857142854,1450,legacy12,0,geometry_reid_greedy_guard,1450,data30-4,ocsort,3038,True
28.703361513569543,47.685274891980626,1588,0,123,36.996319824069424,34.180035650623886,190,41.474654377880185,1450,legacy12,0,no_refinement,1450,data30-4,ocsort,3038,True
31.06436214898996,47.7287689269256,1588,0,123,38.50537316883809,37.65597147950089,153,42.69256089532587,1450,legacy12,0,regr_t_reliable_motion_min5,1450,data30-4,ocsort,3038,True
34.09365691955515,47.7287689269256,1588,0,123,40.339165496912884,39.48306595365419,148,42.857142857142854,1450,legacy12,0,regr_temporal_risk_05,1450,data30-4,ocsort,3038,True
32.941616308136936,47.685274891980626,1588,0,123,39.633698048120145,38.012477718360074,148,42.857142857142854,1450,legacy12,0,regr_v1,1450,data30-4,ocsort,3038,True
65.65970345700221,44.44337163050574,1243,1,84,54.01726750421989,61.633054599114615,70,50.48982667671439,1411,legacy12,0,geometry_reid_greedy_guard,1412,data30-5,bytetrack,2654,True
61.31575497245674,44.44337163050574,1243,1,84,52.19579595730176,58.632562715199214,103,49.24642049736247,1411,legacy12,0,no_refinement,1412,data30-5,bytetrack,2654,True
62.02589824566731,44.44337163050574,1243,1,84,52.49819260889853,59.37038858829317,75,50.30143180105501,1411,legacy12,0,regr_t_reliable_motion_min5,1412,data30-5,bytetrack,2654,True
65.65970345700221,44.44337163050574,1243,1,84,54.01726750421989,61.633054599114615,70,50.48982667671439,1411,legacy12,0,regr_temporal_risk_05,1412,data30-5,bytetrack,2654,True
65.55012059645077,44.44337163050574,1243,1,84,53.97202931875117,61.33792424987703,85,49.92464204973624,1411,legacy12,0,regr_v1,1412,data30-5,bytetrack,2654,True
88.87866654915678,90.73678854105815,231,0,15,89.80290252341231,92.49556824896592,11,90.88168801808591,2423,legacy12,0,geometry_reid_greedy_guard,2423,data30-5,deepocsort,2654,True
87.84506682232305,90.73678854105815,231,0,15,89.27920271443061,91.70770139846366,18,90.61793519216278,2423,legacy12,0,no_refinement,2423,data30-5,deepocsort,2654,True
88.51509637322324,90.73678854105815,231,0,15,89.61903928375638,92.33799487886547,11,90.88168801808591,2423,legacy12,0,regr_t_reliable_motion_min5,2423,data30-5,deepocsort,2654,True
88.51509637322324,90.73678854105815,231,0,15,89.61903928375638,92.33799487886547,11,90.88168801808591,2423,legacy12,0,regr_temporal_risk_05,2423,data30-5,deepocsort,2654,True
88.5950558459373,90.73678854105815,231,0,15,89.65950840842251,92.33799487886547,11,90.88168801808591,2423,legacy12,0,regr_v1,2423,data30-5,deepocsort,2654,True
76.01845421865153,46.11906556141673,1430,0,18,59.210641560344094,57.503867973182054,19,45.40316503391108,1224,legacy12,0,geometry_reid_greedy_guard,1224,data30-5,ocsort,2654,True
69.54224986861647,46.11906556141673,1430,0,18,56.632354542073806,52.965446106240336,53,44.122079879427275,1224,legacy12,0,no_refinement,1224,data30-5,ocsort,2654,True
73.3266552768526,46.11906556141673,1430,0,18,58.152874581679704,55.853532748839605,24,45.214770158251696,1224,legacy12,0,regr_t_reliable_motion_min5,1224,data30-5,ocsort,2654,True
76.01845421865153,46.11906556141673,1430,0,18,59.210641560344094,57.503867973182054,19,45.40316503391108,1224,legacy12,0,regr_temporal_risk_05,1224,data30-5,ocsort,2654,True
75.83167982393154,46.11906556141673,1430,0,18,59.13785770073399,57.34914904589995,22,45.29012810851545,1224,legacy12,0,regr_v1,1224,data30-5,ocsort,2654,True
66.77747163299776,32.49558696259048,2258,23,130,46.56566393427926,48.281343135306976,133,33.57182168409466,1376,legacy12,0,geometry_reid_greedy_guard,1399,data30-9,bytetrack,3634,True
64.70676461488992,32.49558696259048,2258,23,130,45.829964775725855,46.05603020067554,197,31.810676940011007,1376,legacy12,0,no_refinement,1399,data30-9,bytetrack,3634,True
66.7839181701753,32.49558696259048,2258,23,130,46.56791428220132,48.281343135306976,133,33.57182168409466,1376,legacy12,0,regr_t_reliable_motion_min5,1399,data30-9,bytetrack,3634,True
66.7839181701753,32.49558696259048,2258,23,130,46.56791428220132,48.281343135306976,133,33.57182168409466,1376,legacy12,0,regr_temporal_risk_05,1399,data30-9,bytetrack,3634,True
66.03026971799785,32.49558696259048,2258,23,130,46.30230163255436,47.3276375918935,154,32.993946064942214,1376,legacy12,0,regr_v1,1399,data30-9,bytetrack,3634,True
91.25076859723387,90.47881122729775,346,0,30,90.86397012157764,93.44120196475008,17,90.01100715465053,3288,legacy12,0,geometry_reid_greedy_guard,3288,data30-9,deepocsort,3634,True
90.95975780888864,90.47881122729775,346,0,30,90.71896580137559,93.26784166425888,32,89.59823885525591,3288,legacy12,0,no_refinement,3288,data30-9,deepocsort,3634,True
91.25076859723387,90.47881122729775,346,0,30,90.86397012157764,93.44120196475008,17,90.01100715465053,3288,legacy12,0,regr_t_reliable_motion_min5,3288,data30-9,deepocsort,3634,True
91.25076859723387,90.47881122729775,346,0,30,90.86397012157764,93.44120196475008,17,90.01100715465053,3288,legacy12,0,regr_temporal_risk_05,3288,data30-9,deepocsort,3634,True
90.99704410920818,90.47881122729775,346,0,30,90.73755769359859,93.32562843108929,19,89.9559713813979,3288,legacy12,0,regr_v1,3288,data30-9,deepocsort,3634,True
70.2971898698966,35.663181067694,2338,0,29,50.07016487770123,49.046653144016226,62,33.95707209686296,1296,legacy12,0,geometry_reid_greedy_guard,1296,data30-9,ocsort,3634,True
67.81286515989107,35.663181067694,2338,0,29,49.17745915474197,43.40770791075051,198,30.214639515685192,1296,legacy12,0,no_refinement,1296,data30-9,ocsort,3634,True
70.2971898698966,35.663181067694,2338,0,29,50.07016487770123,49.046653144016226,62,33.95707209686296,1296,legacy12,0,regr_t_reliable_motion_min5,1296,data30-9,ocsort,3634,True
70.2971898698966,35.663181067694,2338,0,29,50.07016487770123,49.046653144016226,62,33.95707209686296,1296,legacy12,0,regr_temporal_risk_05,1296,data30-9,ocsort,3634,True
69.52043823650392,35.663181067694,2338,0,29,49.79277032596075,46.36916835699797,129,32.11337369290039,1296,legacy12,0,regr_v1,1296,data30-9,ocsort,3634,True
