dataset,protocol,family,sequence,class_or_modality,tracker,solver,candidate_edges,baseline_selected_edges,V_off_selected_edges,selected_pairs_identical
M3OT,development,N/A,M3OT/1/ir/val/1-08T,ir,bytetrack,controlled_partial_hungarian,11,6,6,True
M3OT,development,N/A,M3OT/1/ir/val/1-08T,ir,bytetrack,path_constrained_greedy,11,5,5,True
M3OT,development,N/A,M3OT/1/ir/val/1-08T,ir,ocsort,controlled_partial_hungarian,10,6,6,True
M3OT,development,N/A,M3OT/1/ir/val/1-08T,ir,ocsort,path_constrained_greedy,10,5,5,True
M3OT,development,N/A,M3OT/1/rgb/val/1-08,rgb,bytetrack,controlled_partial_hungarian,2,2,2,True
M3OT,development,N/A,M3OT/1/rgb/val/1-08,rgb,bytetrack,path_constrained_greedy,2,2,2,True
M3OT,development,N/A,M3OT/1/rgb/val/1-08,rgb,ocsort,controlled_partial_hungarian,3,3,3,True
M3OT,development,N/A,M3OT/1/rgb/val/1-08,rgb,ocsort,path_constrained_greedy,3,3,3,True
M3OT,development,N/A,M3OT/2/ir/val/2-08T,ir,bytetrack,controlled_partial_hungarian,15,10,10,True
M3OT,development,N/A,M3OT/2/ir/val/2-08T,ir,bytetrack,path_constrained_greedy,15,10,10,True
M3OT,development,N/A,M3OT/2/ir/val/2-08T,ir,ocsort,controlled_partial_hungarian,16,10,10,True
M3OT,development,N/A,M3OT/2/ir/val/2-08T,ir,ocsort,path_constrained_greedy,16,10,10,True
M3OT,held_out,N/A,M3OT/1/ir/test/1-03T,ir,bytetrack,controlled_partial_hungarian,5,4,4,True
M3OT,held_out,N/A,M3OT/1/ir/test/1-03T,ir,bytetrack,path_constrained_greedy,5,3,3,True
M3OT,held_out,N/A,M3OT/1/ir/test/1-03T,ir,ocsort,controlled_partial_hungarian,3,2,2,True
M3OT,held_out,N/A,M3OT/1/ir/test/1-03T,ir,ocsort,path_constrained_greedy,3,1,1,True
M3OT,held_out,N/A,M3OT/1/rgb/test/1-03,rgb,bytetrack,controlled_partial_hungarian,1,1,1,True
M3OT,held_out,N/A,M3OT/1/rgb/test/1-03,rgb,bytetrack,path_constrained_greedy,1,1,1,True
M3OT,held_out,N/A,M3OT/2/ir/test/2-03T,ir,bytetrack,controlled_partial_hungarian,6,4,4,True
M3OT,held_out,N/A,M3OT/2/ir/test/2-03T,ir,bytetrack,path_constrained_greedy,6,4,4,True
M3OT,held_out,N/A,M3OT/2/ir/test/2-03T,ir,ocsort,controlled_partial_hungarian,2,2,2,True
M3OT,held_out,N/A,M3OT/2/ir/test/2-03T,ir,ocsort,path_constrained_greedy,2,2,2,True
M3OT,held_out,N/A,M3OT/2/rgb/test/2-03,rgb,bytetrack,controlled_partial_hungarian,1,1,1,True
M3OT,held_out,N/A,M3OT/2/rgb/test/2-03,rgb,bytetrack,path_constrained_greedy,1,1,1,True
MMOT,official_detector,confirmation38,data23-1,car,bytetrack,controlled_partial_hungarian,4,1,1,True
MMOT,official_detector,confirmation38,data23-1,pedestrian,bytetrack,controlled_partial_hungarian,7,5,5,True
MMOT,official_detector,confirmation38,data23-1,car,bytetrack,path_constrained_greedy,4,1,1,True
MMOT,official_detector,confirmation38,data23-1,pedestrian,bytetrack,path_constrained_greedy,7,5,5,True
MMOT,official_detector,confirmation38,data23-1,car,ocsort,controlled_partial_hungarian,2,1,1,True
MMOT,official_detector,confirmation38,data23-1,pedestrian,ocsort,controlled_partial_hungarian,3,2,2,True
MMOT,official_detector,confirmation38,data23-1,car,ocsort,path_constrained_greedy,2,1,1,True
MMOT,official_detector,confirmation38,data23-1,pedestrian,ocsort,path_constrained_greedy,3,2,2,True
MMOT,official_detector,confirmation38,data24-1,awning-bike,bytetrack,controlled_partial_hungarian,57,45,45,True
MMOT,official_detector,confirmation38,data24-1,bike,bytetrack,controlled_partial_hungarian,30,26,26,True
MMOT,official_detector,confirmation38,data24-1,car,bytetrack,controlled_partial_hungarian,27,14,14,True
MMOT,official_detector,confirmation38,data24-1,pedestrian,bytetrack,controlled_partial_hungarian,313,133,133,True
MMOT,official_detector,confirmation38,data24-1,awning-bike,bytetrack,path_constrained_greedy,57,45,45,True
MMOT,official_detector,confirmation38,data24-1,bike,bytetrack,path_constrained_greedy,30,26,26,True
MMOT,official_detector,confirmation38,data24-1,car,bytetrack,path_constrained_greedy,27,14,14,True
MMOT,official_detector,confirmation38,data24-1,pedestrian,bytetrack,path_constrained_greedy,313,128,128,True
MMOT,official_detector,confirmation38,data24-1,car,deepocsort,controlled_partial_hungarian,7,6,6,True
MMOT,official_detector,confirmation38,data24-1,pedestrian,deepocsort,controlled_partial_hungarian,123,66,66,True
MMOT,official_detector,confirmation38,data24-1,car,deepocsort,path_constrained_greedy,7,6,6,True
MMOT,official_detector,confirmation38,data24-1,pedestrian,deepocsort,path_constrained_greedy,123,60,60,True
MMOT,official_detector,confirmation38,data24-1,awning-bike,ocsort,controlled_partial_hungarian,10,8,8,True
MMOT,official_detector,confirmation38,data24-1,bike,ocsort,controlled_partial_hungarian,3,3,3,True
MMOT,official_detector,confirmation38,data24-1,car,ocsort,controlled_partial_hungarian,6,4,4,True
MMOT,official_detector,confirmation38,data24-1,pedestrian,ocsort,controlled_partial_hungarian,42,26,26,True
MMOT,official_detector,confirmation38,data24-1,awning-bike,ocsort,path_constrained_greedy,10,8,8,True
MMOT,official_detector,confirmation38,data24-1,bike,ocsort,path_constrained_greedy,3,3,3,True
MMOT,official_detector,confirmation38,data24-1,car,ocsort,path_constrained_greedy,6,4,4,True
MMOT,official_detector,confirmation38,data24-1,pedestrian,ocsort,path_constrained_greedy,42,26,26,True
MMOT,official_detector,confirmation38,data27-1,car,bytetrack,controlled_partial_hungarian,5,2,2,True
MMOT,official_detector,confirmation38,data27-1,truck,bytetrack,controlled_partial_hungarian,3,2,2,True
MMOT,official_detector,confirmation38,data27-1,car,bytetrack,path_constrained_greedy,5,2,2,True
MMOT,official_detector,confirmation38,data27-1,truck,bytetrack,path_constrained_greedy,3,2,2,True
MMOT,official_detector,confirmation38,data27-1,car,ocsort,controlled_partial_hungarian,1,1,1,True
MMOT,official_detector,confirmation38,data27-1,car,ocsort,path_constrained_greedy,1,1,1,True
MMOT,official_detector,legacy12,data28-1,car,bytetrack,controlled_partial_hungarian,252,96,96,True
MMOT,official_detector,legacy12,data28-1,van,bytetrack,controlled_partial_hungarian,4,4,4,True
MMOT,official_detector,legacy12,data28-1,car,bytetrack,path_constrained_greedy,252,88,88,True
MMOT,official_detector,legacy12,data28-1,van,bytetrack,path_constrained_greedy,4,4,4,True
MMOT,official_detector,legacy12,data28-1,car,deepocsort,controlled_partial_hungarian,6,2,2,True
MMOT,official_detector,legacy12,data28-1,car,deepocsort,path_constrained_greedy,6,2,2,True
MMOT,official_detector,legacy12,data28-1,bike,ocsort,controlled_partial_hungarian,1,1,1,True
MMOT,official_detector,legacy12,data28-1,car,ocsort,controlled_partial_hungarian,204,89,89,True
MMOT,official_detector,legacy12,data28-1,van,ocsort,controlled_partial_hungarian,1,1,1,True
MMOT,official_detector,legacy12,data28-1,bike,ocsort,path_constrained_greedy,1,1,1,True
MMOT,official_detector,legacy12,data28-1,car,ocsort,path_constrained_greedy,204,84,84,True
MMOT,official_detector,legacy12,data28-1,van,ocsort,path_constrained_greedy,1,1,1,True
MMOT,official_detector,legacy12,data28-2,car,bytetrack,controlled_partial_hungarian,6,6,6,True
MMOT,official_detector,legacy12,data28-2,tricycle,bytetrack,controlled_partial_hungarian,1,1,1,True
MMOT,official_detector,legacy12,data28-2,car,bytetrack,path_constrained_greedy,6,6,6,True
MMOT,official_detector,legacy12,data28-2,tricycle,bytetrack,path_constrained_greedy,1,1,1,True
MMOT,official_detector,legacy12,data28-2,awning-bike,deepocsort,controlled_partial_hungarian,1,1,1,True
MMOT,official_detector,legacy12,data28-2,tricycle,deepocsort,controlled_partial_hungarian,2,2,2,True
MMOT,official_detector,legacy12,data28-2,awning-bike,deepocsort,path_constrained_greedy,1,1,1,True
MMOT,official_detector,legacy12,data28-2,tricycle,deepocsort,path_constrained_greedy,2,2,2,True
MMOT,official_detector,legacy12,data28-2,awning-bike,ocsort,controlled_partial_hungarian,1,1,1,True
MMOT,official_detector,legacy12,data28-2,car,ocsort,controlled_partial_hungarian,68,31,31,True
MMOT,official_detector,legacy12,data28-2,pedestrian,ocsort,controlled_partial_hungarian,2,2,2,True
MMOT,official_detector,legacy12,data28-2,tricycle,ocsort,controlled_partial_hungarian,2,2,2,True
MMOT,official_detector,legacy12,data28-2,awning-bike,ocsort,path_constrained_greedy,1,1,1,True
MMOT,official_detector,legacy12,data28-2,car,ocsort,path_constrained_greedy,68,29,29,True
MMOT,official_detector,legacy12,data28-2,pedestrian,ocsort,path_constrained_greedy,2,2,2,True
MMOT,official_detector,legacy12,data28-2,tricycle,ocsort,path_constrained_greedy,2,2,2,True
MMOT,official_detector,legacy12,data28-5,bike,deepocsort,controlled_partial_hungarian,2,2,2,True
MMOT,official_detector,legacy12,data28-5,car,deepocsort,controlled_partial_hungarian,6,5,5,True
MMOT,official_detector,legacy12,data28-5,pedestrian,deepocsort,controlled_partial_hungarian,1,1,1,True
MMOT,official_detector,legacy12,data28-5,bike,deepocsort,path_constrained_greedy,2,2,2,True
MMOT,official_detector,legacy12,data28-5,car,deepocsort,path_constrained_greedy,6,4,4,True
MMOT,official_detector,legacy12,data28-5,pedestrian,deepocsort,path_constrained_greedy,1,1,1,True
MMOT,official_detector,legacy12,data28-5,bike,ocsort,controlled_partial_hungarian,2,2,2,True
MMOT,official_detector,legacy12,data28-5,car,ocsort,controlled_partial_hungarian,6,5,5,True
MMOT,official_detector,legacy12,data28-5,pedestrian,ocsort,controlled_partial_hungarian,3,2,2,True
MMOT,official_detector,legacy12,data28-5,bike,ocsort,path_constrained_greedy,2,2,2,True
MMOT,official_detector,legacy12,data28-5,car,ocsort,path_constrained_greedy,6,4,4,True
MMOT,official_detector,legacy12,data28-5,pedestrian,ocsort,path_constrained_greedy,3,2,2,True
MMOT,official_detector,legacy12,data28-6,bus,bytetrack,controlled_partial_hungarian,1,1,1,True
MMOT,official_detector,legacy12,data28-6,van,bytetrack,controlled_partial_hungarian,1,1,1,True
MMOT,official_detector,legacy12,data28-6,bus,bytetrack,path_constrained_greedy,1,1,1,True
MMOT,official_detector,legacy12,data28-6,van,bytetrack,path_constrained_greedy,1,1,1,True
MMOT,official_detector,legacy12,data30-10,awning-bike,bytetrack,controlled_partial_hungarian,35,25,25,True
MMOT,official_detector,legacy12,data30-10,car,bytetrack,controlled_partial_hungarian,42,25,25,True
MMOT,official_detector,legacy12,data30-10,pedestrian,bytetrack,controlled_partial_hungarian,9,7,7,True
MMOT,official_detector,legacy12,data30-10,tricycle,bytetrack,controlled_partial_hungarian,7,6,6,True
MMOT,official_detector,legacy12,data30-10,van,bytetrack,controlled_partial_hungarian,7,6,6,True
MMOT,official_detector,legacy12,data30-10,awning-bike,bytetrack,path_constrained_greedy,35,25,25,True
MMOT,official_detector,legacy12,data30-10,car,bytetrack,path_constrained_greedy,42,24,24,True
MMOT,official_detector,legacy12,data30-10,pedestrian,bytetrack,path_constrained_greedy,9,7,7,True
MMOT,official_detector,legacy12,data30-10,tricycle,bytetrack,path_constrained_greedy,7,6,6,True
MMOT,official_detector,legacy12,data30-10,van,bytetrack,path_constrained_greedy,7,6,6,True
MMOT,official_detector,legacy12,data30-10,awning-bike,deepocsort,controlled_partial_hungarian,7,5,5,True
MMOT,official_detector,legacy12,data30-10,car,deepocsort,controlled_partial_hungarian,7,4,4,True
MMOT,official_detector,legacy12,data30-10,pedestrian,deepocsort,controlled_partial_hungarian,25,17,17,True
MMOT,official_detector,legacy12,data30-10,awning-bike,deepocsort,path_constrained_greedy,7,5,5,True
MMOT,official_detector,legacy12,data30-10,car,deepocsort,path_constrained_greedy,7,4,4,True
MMOT,official_detector,legacy12,data30-10,pedestrian,deepocsort,path_constrained_greedy,25,17,17,True
MMOT,official_detector,legacy12,data30-10,awning-bike,ocsort,controlled_partial_hungarian,41,19,19,True
MMOT,official_detector,legacy12,data30-10,car,ocsort,controlled_partial_hungarian,39,24,24,True
MMOT,official_detector,legacy12,data30-10,pedestrian,ocsort,controlled_partial_hungarian,144,50,50,True
MMOT,official_detector,legacy12,data30-10,tricycle,ocsort,controlled_partial_hungarian,2,2,2,True
MMOT,official_detector,legacy12,data30-10,awning-bike,ocsort,path_constrained_greedy,41,19,19,True
MMOT,official_detector,legacy12,data30-10,car,ocsort,path_constrained_greedy,39,24,24,True
MMOT,official_detector,legacy12,data30-10,pedestrian,ocsort,path_constrained_greedy,144,49,49,True
MMOT,official_detector,legacy12,data30-10,tricycle,ocsort,path_constrained_greedy,2,2,2,True
MMOT,official_detector,legacy12,data30-2,awning-bike,bytetrack,controlled_partial_hungarian,50,23,23,True
MMOT,official_detector,legacy12,data30-2,bike,bytetrack,controlled_partial_hungarian,27,15,15,True
MMOT,official_detector,legacy12,data30-2,car,bytetrack,controlled_partial_hungarian,69,40,40,True
MMOT,official_detector,legacy12,data30-2,pedestrian,bytetrack,controlled_partial_hungarian,46,24,24,True
MMOT,official_detector,legacy12,data30-2,tricycle,bytetrack,controlled_partial_hungarian,1,1,1,True
MMOT,official_detector,legacy12,data30-2,van,bytetrack,controlled_partial_hungarian,5,5,5,True
MMOT,official_detector,legacy12,data30-2,awning-bike,bytetrack,path_constrained_greedy,50,21,21,True
MMOT,official_detector,legacy12,data30-2,bike,bytetrack,path_constrained_greedy,27,14,14,True
MMOT,official_detector,legacy12,data30-2,car,bytetrack,path_constrained_greedy,69,39,39,True
MMOT,official_detector,legacy12,data30-2,pedestrian,bytetrack,path_constrained_greedy,46,22,22,True
MMOT,official_detector,legacy12,data30-2,tricycle,bytetrack,path_constrained_greedy,1,1,1,True
MMOT,official_detector,legacy12,data30-2,van,bytetrack,path_constrained_greedy,5,5,5,True
MMOT,official_detector,legacy12,data30-2,awning-bike,deepocsort,controlled_partial_hungarian,3,2,2,True
MMOT,official_detector,legacy12,data30-2,bike,deepocsort,controlled_partial_hungarian,1,1,1,True
MMOT,official_detector,legacy12,data30-2,car,deepocsort,controlled_partial_hungarian,9,6,6,True
MMOT,official_detector,legacy12,data30-2,pedestrian,deepocsort,controlled_partial_hungarian,23,15,15,True
MMOT,official_detector,legacy12,data30-2,awning-bike,deepocsort,path_constrained_greedy,3,2,2,True
MMOT,official_detector,legacy12,data30-2,bike,deepocsort,path_constrained_greedy,1,1,1,True
MMOT,official_detector,legacy12,data30-2,car,deepocsort,path_constrained_greedy,9,6,6,True
MMOT,official_detector,legacy12,data30-2,pedestrian,deepocsort,path_constrained_greedy,23,15,15,True
MMOT,official_detector,legacy12,data30-2,awning-bike,ocsort,controlled_partial_hungarian,16,9,9,True
MMOT,official_detector,legacy12,data30-2,bike,ocsort,controlled_partial_hungarian,7,6,6,True
MMOT,official_detector,legacy12,data30-2,car,ocsort,controlled_partial_hungarian,58,43,43,True
MMOT,official_detector,legacy12,data30-2,pedestrian,ocsort,controlled_partial_hungarian,45,26,26,True
MMOT,official_detector,legacy12,data30-2,tricycle,ocsort,controlled_partial_hungarian,3,2,2,True
MMOT,official_detector,legacy12,data30-2,van,ocsort,controlled_partial_hungarian,4,4,4,True
MMOT,official_detector,legacy12,data30-2,awning-bike,ocsort,path_constrained_greedy,16,9,9,True
MMOT,official_detector,legacy12,data30-2,bike,ocsort,path_constrained_greedy,7,5,5,True
MMOT,official_detector,legacy12,data30-2,car,ocsort,path_constrained_greedy,58,43,43,True
MMOT,official_detector,legacy12,data30-2,pedestrian,ocsort,path_constrained_greedy,45,25,25,True
MMOT,official_detector,legacy12,data30-2,tricycle,ocsort,path_constrained_greedy,3,2,2,True
MMOT,official_detector,legacy12,data30-2,van,ocsort,path_constrained_greedy,4,4,4,True
MMOT,official_detector,legacy12,data30-3,awning-bike,bytetrack,controlled_partial_hungarian,35,20,20,True
MMOT,official_detector,legacy12,data30-3,bike,bytetrack,controlled_partial_hungarian,25,18,18,True
MMOT,official_detector,legacy12,data30-3,bus,bytetrack,controlled_partial_hungarian,1,1,1,True
MMOT,official_detector,legacy12,data30-3,car,bytetrack,controlled_partial_hungarian,76,44,44,True
MMOT,official_detector,legacy12,data30-3,pedestrian,bytetrack,controlled_partial_hungarian,361,95,95,True
MMOT,official_detector,legacy12,data30-3,van,bytetrack,controlled_partial_hungarian,3,3,3,True
MMOT,official_detector,legacy12,data30-3,awning-bike,bytetrack,path_constrained_greedy,35,20,20,True
MMOT,official_detector,legacy12,data30-3,bike,bytetrack,path_constrained_greedy,25,18,18,True
MMOT,official_detector,legacy12,data30-3,bus,bytetrack,path_constrained_greedy,1,1,1,True
MMOT,official_detector,legacy12,data30-3,car,bytetrack,path_constrained_greedy,76,44,44,True
MMOT,official_detector,legacy12,data30-3,pedestrian,bytetrack,path_constrained_greedy,361,91,91,True
MMOT,official_detector,legacy12,data30-3,van,bytetrack,path_constrained_greedy,3,3,3,True
MMOT,official_detector,legacy12,data30-3,bike,deepocsort,controlled_partial_hungarian,1,1,1,True
MMOT,official_detector,legacy12,data30-3,car,deepocsort,controlled_partial_hungarian,7,5,5,True
MMOT,official_detector,legacy12,data30-3,pedestrian,deepocsort,controlled_partial_hungarian,17,9,9,True
MMOT,official_detector,legacy12,data30-3,bike,deepocsort,path_constrained_greedy,1,1,1,True
MMOT,official_detector,legacy12,data30-3,car,deepocsort,path_constrained_greedy,7,5,5,True
MMOT,official_detector,legacy12,data30-3,pedestrian,deepocsort,path_constrained_greedy,17,8,8,True
MMOT,official_detector,legacy12,data30-3,awning-bike,ocsort,controlled_partial_hungarian,7,5,5,True
MMOT,official_detector,legacy12,data30-3,bike,ocsort,controlled_partial_hungarian,20,15,15,True
MMOT,official_detector,legacy12,data30-3,bus,ocsort,controlled_partial_hungarian,1,1,1,True
MMOT,official_detector,legacy12,data30-3,car,ocsort,controlled_partial_hungarian,75,48,48,True
MMOT,official_detector,legacy12,data30-3,pedestrian,ocsort,controlled_partial_hungarian,184,59,59,True
MMOT,official_detector,legacy12,data30-3,van,ocsort,controlled_partial_hungarian,1,1,1,True
MMOT,official_detector,legacy12,data30-3,awning-bike,ocsort,path_constrained_greedy,7,5,5,True
MMOT,official_detector,legacy12,data30-3,bike,ocsort,path_constrained_greedy,20,15,15,True
MMOT,official_detector,legacy12,data30-3,bus,ocsort,path_constrained_greedy,1,1,1,True
MMOT,official_detector,legacy12,data30-3,car,ocsort,path_constrained_greedy,75,47,47,True
MMOT,official_detector,legacy12,data30-3,pedestrian,ocsort,path_constrained_greedy,184,59,59,True
MMOT,official_detector,legacy12,data30-3,van,ocsort,path_constrained_greedy,1,1,1,True
MMOT,official_detector,legacy12,data30-4,awning-bike,bytetrack,controlled_partial_hungarian,3,3,3,True
MMOT,official_detector,legacy12,data30-4,bus,bytetrack,controlled_partial_hungarian,2,2,2,True
MMOT,official_detector,legacy12,data30-4,car,bytetrack,controlled_partial_hungarian,15,11,11,True
MMOT,official_detector,legacy12,data30-4,pedestrian,bytetrack,controlled_partial_hungarian,98,39,39,True
MMOT,official_detector,legacy12,data30-4,van,bytetrack,controlled_partial_hungarian,4,3,3,True
MMOT,official_detector,legacy12,data30-4,awning-bike,bytetrack,path_constrained_greedy,3,3,3,True
MMOT,official_detector,legacy12,data30-4,bus,bytetrack,path_constrained_greedy,2,2,2,True
MMOT,official_detector,legacy12,data30-4,car,bytetrack,path_constrained_greedy,15,11,11,True
MMOT,official_detector,legacy12,data30-4,pedestrian,bytetrack,path_constrained_greedy,98,36,36,True
MMOT,official_detector,legacy12,data30-4,van,bytetrack,path_constrained_greedy,4,3,3,True
MMOT,official_detector,legacy12,data30-4,awning-bike,deepocsort,controlled_partial_hungarian,4,3,3,True
MMOT,official_detector,legacy12,data30-4,bus,deepocsort,controlled_partial_hungarian,1,1,1,True
MMOT,official_detector,legacy12,data30-4,pedestrian,deepocsort,controlled_partial_hungarian,35,19,19,True
MMOT,official_detector,legacy12,data30-4,awning-bike,deepocsort,path_constrained_greedy,4,3,3,True
MMOT,official_detector,legacy12,data30-4,bus,deepocsort,path_constrained_greedy,1,1,1,True
MMOT,official_detector,legacy12,data30-4,pedestrian,deepocsort,path_constrained_greedy,35,19,19,True
MMOT,official_detector,legacy12,data30-4,awning-bike,ocsort,controlled_partial_hungarian,4,3,3,True
MMOT,official_detector,legacy12,data30-4,bus,ocsort,controlled_partial_hungarian,2,2,2,True
MMOT,official_detector,legacy12,data30-4,car,ocsort,controlled_partial_hungarian,26,17,17,True
MMOT,official_detector,legacy12,data30-4,pedestrian,ocsort,controlled_partial_hungarian,26,14,14,True
MMOT,official_detector,legacy12,data30-4,awning-bike,ocsort,path_constrained_greedy,4,3,3,True
MMOT,official_detector,legacy12,data30-4,bus,ocsort,path_constrained_greedy,2,2,2,True
MMOT,official_detector,legacy12,data30-4,car,ocsort,path_constrained_greedy,26,16,16,True
MMOT,official_detector,legacy12,data30-4,pedestrian,ocsort,path_constrained_greedy,26,14,14,True
MMOT,official_detector,legacy12,data30-5,bus,bytetrack,controlled_partial_hungarian,3,3,3,True
MMOT,official_detector,legacy12,data30-5,car,bytetrack,controlled_partial_hungarian,4,4,4,True
MMOT,official_detector,legacy12,data30-5,pedestrian,bytetrack,controlled_partial_hungarian,22,11,11,True
MMOT,official_detector,legacy12,data30-5,bus,bytetrack,path_constrained_greedy,3,3,3,True
MMOT,official_detector,legacy12,data30-5,car,bytetrack,path_constrained_greedy,4,4,4,True
MMOT,official_detector,legacy12,data30-5,pedestrian,bytetrack,path_constrained_greedy,22,11,11,True
MMOT,official_detector,legacy12,data30-5,pedestrian,deepocsort,controlled_partial_hungarian,3,2,2,True
MMOT,official_detector,legacy12,data30-5,pedestrian,deepocsort,path_constrained_greedy,3,2,2,True
MMOT,official_detector,legacy12,data30-5,bike,ocsort,controlled_partial_hungarian,1,1,1,True
MMOT,official_detector,legacy12,data30-5,bus,ocsort,controlled_partial_hungarian,1,1,1,True
MMOT,official_detector,legacy12,data30-5,car,ocsort,controlled_partial_hungarian,8,8,8,True
MMOT,official_detector,legacy12,data30-5,pedestrian,ocsort,controlled_partial_hungarian,37,15,15,True
MMOT,official_detector,legacy12,data30-5,bike,ocsort,path_constrained_greedy,1,1,1,True
MMOT,official_detector,legacy12,data30-5,bus,ocsort,path_constrained_greedy,1,1,1,True
MMOT,official_detector,legacy12,data30-5,car,ocsort,path_constrained_greedy,8,8,8,True
MMOT,official_detector,legacy12,data30-5,pedestrian,ocsort,path_constrained_greedy,37,15,15,True
MMOT,official_detector,legacy12,data30-9,awning-bike,bytetrack,controlled_partial_hungarian,97,37,37,True
MMOT,official_detector,legacy12,data30-9,bike,bytetrack,controlled_partial_hungarian,5,2,2,True
MMOT,official_detector,legacy12,data30-9,car,bytetrack,controlled_partial_hungarian,5,5,5,True
MMOT,official_detector,legacy12,data30-9,pedestrian,bytetrack,controlled_partial_hungarian,4,4,4,True
MMOT,official_detector,legacy12,data30-9,tricycle,bytetrack,controlled_partial_hungarian,1,1,1,True
MMOT,official_detector,legacy12,data30-9,van,bytetrack,controlled_partial_hungarian,2,2,2,True
MMOT,official_detector,legacy12,data30-9,awning-bike,bytetrack,path_constrained_greedy,97,34,34,True
MMOT,official_detector,legacy12,data30-9,bike,bytetrack,path_constrained_greedy,5,2,2,True
MMOT,official_detector,legacy12,data30-9,car,bytetrack,path_constrained_greedy,5,5,5,True
MMOT,official_detector,legacy12,data30-9,pedestrian,bytetrack,path_constrained_greedy,4,4,4,True
MMOT,official_detector,legacy12,data30-9,tricycle,bytetrack,path_constrained_greedy,1,1,1,True
MMOT,official_detector,legacy12,data30-9,van,bytetrack,path_constrained_greedy,2,2,2,True
MMOT,official_detector,legacy12,data30-9,awning-bike,deepocsort,controlled_partial_hungarian,6,3,3,True
MMOT,official_detector,legacy12,data30-9,car,deepocsort,controlled_partial_hungarian,2,1,1,True
MMOT,official_detector,legacy12,data30-9,pedestrian,deepocsort,controlled_partial_hungarian,13,6,6,True
MMOT,official_detector,legacy12,data30-9,awning-bike,deepocsort,path_constrained_greedy,6,3,3,True
MMOT,official_detector,legacy12,data30-9,car,deepocsort,path_constrained_greedy,2,1,1,True
MMOT,official_detector,legacy12,data30-9,pedestrian,deepocsort,path_constrained_greedy,13,6,6,True
MMOT,official_detector,legacy12,data30-9,awning-bike,ocsort,controlled_partial_hungarian,80,23,23,True
MMOT,official_detector,legacy12,data30-9,bike,ocsort,controlled_partial_hungarian,14,5,5,True
MMOT,official_detector,legacy12,data30-9,car,ocsort,controlled_partial_hungarian,6,5,5,True
MMOT,official_detector,legacy12,data30-9,pedestrian,ocsort,controlled_partial_hungarian,258,65,65,True
MMOT,official_detector,legacy12,data30-9,awning-bike,ocsort,path_constrained_greedy,80,22,22,True
MMOT,official_detector,legacy12,data30-9,bike,ocsort,path_constrained_greedy,14,5,5,True
MMOT,official_detector,legacy12,data30-9,car,ocsort,path_constrained_greedy,6,4,4,True
MMOT,official_detector,legacy12,data30-9,pedestrian,ocsort,path_constrained_greedy,258,65,65,True
MMOT,official_detector,confirmation38,data31-1,pedestrian,bytetrack,controlled_partial_hungarian,28,16,16,True
MMOT,official_detector,confirmation38,data31-1,pedestrian,bytetrack,path_constrained_greedy,28,16,16,True
MMOT,official_detector,confirmation38,data31-1,pedestrian,ocsort,controlled_partial_hungarian,8,7,7,True
MMOT,official_detector,confirmation38,data31-1,pedestrian,ocsort,path_constrained_greedy,8,7,7,True
MMOT,official_detector,confirmation38,data33-1,pedestrian,bytetrack,controlled_partial_hungarian,189,62,62,True
MMOT,official_detector,confirmation38,data33-1,pedestrian,bytetrack,path_constrained_greedy,189,61,61,True
MMOT,official_detector,confirmation38,data33-1,pedestrian,deepocsort,controlled_partial_hungarian,8,8,8,True
MMOT,official_detector,confirmation38,data33-1,pedestrian,deepocsort,path_constrained_greedy,8,8,8,True
MMOT,official_detector,confirmation38,data33-1,pedestrian,ocsort,controlled_partial_hungarian,14,9,9,True
MMOT,official_detector,confirmation38,data33-1,pedestrian,ocsort,path_constrained_greedy,14,9,9,True
MMOT,official_detector,confirmation38,data34-1,awning-bike,bytetrack,controlled_partial_hungarian,1,1,1,True
MMOT,official_detector,confirmation38,data34-1,car,bytetrack,controlled_partial_hungarian,21,10,10,True
MMOT,official_detector,confirmation38,data34-1,pedestrian,bytetrack,controlled_partial_hungarian,5130,492,492,True
MMOT,official_detector,confirmation38,data34-1,awning-bike,bytetrack,path_constrained_greedy,1,1,1,True
MMOT,official_detector,confirmation38,data34-1,car,bytetrack,path_constrained_greedy,21,10,10,True
MMOT,official_detector,confirmation38,data34-1,pedestrian,bytetrack,path_constrained_greedy,5130,460,460,True
MMOT,official_detector,confirmation38,data34-1,pedestrian,deepocsort,controlled_partial_hungarian,352,111,111,True
MMOT,official_detector,confirmation38,data34-1,pedestrian,deepocsort,path_constrained_greedy,352,105,105,True
MMOT,official_detector,confirmation38,data34-1,car,ocsort,controlled_partial_hungarian,20,12,12,True
MMOT,official_detector,confirmation38,data34-1,pedestrian,ocsort,controlled_partial_hungarian,559,120,120,True
MMOT,official_detector,confirmation38,data34-1,car,ocsort,path_constrained_greedy,20,10,10,True
MMOT,official_detector,confirmation38,data34-1,pedestrian,ocsort,path_constrained_greedy,559,112,112,True
MMOT,official_detector,confirmation38,data34-2,awning-bike,bytetrack,controlled_partial_hungarian,1,1,1,True
MMOT,official_detector,confirmation38,data34-2,car,bytetrack,controlled_partial_hungarian,1,1,1,True
MMOT,official_detector,confirmation38,data34-2,pedestrian,bytetrack,controlled_partial_hungarian,231,37,37,True
MMOT,official_detector,confirmation38,data34-2,awning-bike,bytetrack,path_constrained_greedy,1,1,1,True
MMOT,official_detector,confirmation38,data34-2,car,bytetrack,path_constrained_greedy,1,1,1,True
MMOT,official_detector,confirmation38,data34-2,pedestrian,bytetrack,path_constrained_greedy,231,35,35,True
MMOT,official_detector,confirmation38,data34-2,pedestrian,deepocsort,controlled_partial_hungarian,33,12,12,True
MMOT,official_detector,confirmation38,data34-2,pedestrian,deepocsort,path_constrained_greedy,33,10,10,True
MMOT,official_detector,confirmation38,data34-2,car,ocsort,controlled_partial_hungarian,1,1,1,True
MMOT,official_detector,confirmation38,data34-2,pedestrian,ocsort,controlled_partial_hungarian,16,10,10,True
MMOT,official_detector,confirmation38,data34-2,car,ocsort,path_constrained_greedy,1,1,1,True
MMOT,official_detector,confirmation38,data34-2,pedestrian,ocsort,path_constrained_greedy,16,10,10,True
MMOT,official_detector,confirmation38,data34-3,bike,bytetrack,controlled_partial_hungarian,1,1,1,True
MMOT,official_detector,confirmation38,data34-3,car,bytetrack,controlled_partial_hungarian,1,1,1,True
MMOT,official_detector,confirmation38,data34-3,pedestrian,bytetrack,controlled_partial_hungarian,431,82,82,True
MMOT,official_detector,confirmation38,data34-3,tricycle,bytetrack,controlled_partial_hungarian,2,2,2,True
MMOT,official_detector,confirmation38,data34-3,van,bytetrack,controlled_partial_hungarian,1,1,1,True
MMOT,official_detector,confirmation38,data34-3,bike,bytetrack,path_constrained_greedy,1,1,1,True
MMOT,official_detector,confirmation38,data34-3,car,bytetrack,path_constrained_greedy,1,1,1,True
MMOT,official_detector,confirmation38,data34-3,pedestrian,bytetrack,path_constrained_greedy,431,74,74,True
MMOT,official_detector,confirmation38,data34-3,tricycle,bytetrack,path_constrained_greedy,2,2,2,True
MMOT,official_detector,confirmation38,data34-3,van,bytetrack,path_constrained_greedy,1,1,1,True
MMOT,official_detector,confirmation38,data34-3,pedestrian,deepocsort,controlled_partial_hungarian,241,54,54,True
MMOT,official_detector,confirmation38,data34-3,pedestrian,deepocsort,path_constrained_greedy,241,48,48,True
MMOT,official_detector,confirmation38,data34-3,pedestrian,ocsort,controlled_partial_hungarian,678,105,105,True
MMOT,official_detector,confirmation38,data34-3,truck,ocsort,controlled_partial_hungarian,1,1,1,True
MMOT,official_detector,confirmation38,data34-3,pedestrian,ocsort,path_constrained_greedy,678,103,103,True
MMOT,official_detector,confirmation38,data34-3,truck,ocsort,path_constrained_greedy,1,1,1,True
MMOT,official_detector,confirmation38,data36-10,awning-bike,bytetrack,controlled_partial_hungarian,4,3,3,True
MMOT,official_detector,confirmation38,data36-10,bike,bytetrack,controlled_partial_hungarian,3,3,3,True
MMOT,official_detector,confirmation38,data36-10,car,bytetrack,controlled_partial_hungarian,21,9,9,True
MMOT,official_detector,confirmation38,data36-10,pedestrian,bytetrack,controlled_partial_hungarian,1241,292,292,True
MMOT,official_detector,confirmation38,data36-10,tricycle,bytetrack,controlled_partial_hungarian,1,1,1,True
MMOT,official_detector,confirmation38,data36-10,awning-bike,bytetrack,path_constrained_greedy,4,3,3,True
MMOT,official_detector,confirmation38,data36-10,bike,bytetrack,path_constrained_greedy,3,3,3,True
MMOT,official_detector,confirmation38,data36-10,car,bytetrack,path_constrained_greedy,21,9,9,True
MMOT,official_detector,confirmation38,data36-10,pedestrian,bytetrack,path_constrained_greedy,1241,266,266,True
MMOT,official_detector,confirmation38,data36-10,tricycle,bytetrack,path_constrained_greedy,1,1,1,True
MMOT,official_detector,confirmation38,data36-10,car,deepocsort,controlled_partial_hungarian,3,1,1,True
MMOT,official_detector,confirmation38,data36-10,pedestrian,deepocsort,controlled_partial_hungarian,650,151,151,True
MMOT,official_detector,confirmation38,data36-10,car,deepocsort,path_constrained_greedy,3,1,1,True
MMOT,official_detector,confirmation38,data36-10,pedestrian,deepocsort,path_constrained_greedy,650,142,142,True
MMOT,official_detector,confirmation38,data36-10,awning-bike,ocsort,controlled_partial_hungarian,8,6,6,True
MMOT,official_detector,confirmation38,data36-10,bike,ocsort,controlled_partial_hungarian,2,2,2,True
MMOT,official_detector,confirmation38,data36-10,car,ocsort,controlled_partial_hungarian,6,3,3,True
MMOT,official_detector,confirmation38,data36-10,pedestrian,ocsort,controlled_partial_hungarian,995,138,138,True
MMOT,official_detector,confirmation38,data36-10,awning-bike,ocsort,path_constrained_greedy,8,6,6,True
MMOT,official_detector,confirmation38,data36-10,bike,ocsort,path_constrained_greedy,2,2,2,True
MMOT,official_detector,confirmation38,data36-10,car,ocsort,path_constrained_greedy,6,3,3,True
MMOT,official_detector,confirmation38,data36-10,pedestrian,ocsort,path_constrained_greedy,995,134,134,True
MMOT,official_detector,confirmation38,data36-11,car,bytetrack,controlled_partial_hungarian,28,8,8,True
MMOT,official_detector,confirmation38,data36-11,pedestrian,bytetrack,controlled_partial_hungarian,142,42,42,True
MMOT,official_detector,confirmation38,data36-11,car,bytetrack,path_constrained_greedy,28,8,8,True
MMOT,official_detector,confirmation38,data36-11,pedestrian,bytetrack,path_constrained_greedy,142,39,39,True
MMOT,official_detector,confirmation38,data36-11,car,deepocsort,controlled_partial_hungarian,6,1,1,True
MMOT,official_detector,confirmation38,data36-11,pedestrian,deepocsort,controlled_partial_hungarian,114,45,45,True
MMOT,official_detector,confirmation38,data36-11,car,deepocsort,path_constrained_greedy,6,1,1,True
MMOT,official_detector,confirmation38,data36-11,pedestrian,deepocsort,path_constrained_greedy,114,42,42,True
MMOT,official_detector,confirmation38,data36-11,awning-bike,ocsort,controlled_partial_hungarian,4,3,3,True
MMOT,official_detector,confirmation38,data36-11,bike,ocsort,controlled_partial_hungarian,1,1,1,True
MMOT,official_detector,confirmation38,data36-11,pedestrian,ocsort,controlled_partial_hungarian,1051,160,160,True
MMOT,official_detector,confirmation38,data36-11,awning-bike,ocsort,path_constrained_greedy,4,3,3,True
MMOT,official_detector,confirmation38,data36-11,bike,ocsort,path_constrained_greedy,1,1,1,True
MMOT,official_detector,confirmation38,data36-11,pedestrian,ocsort,path_constrained_greedy,1051,157,157,True
MMOT,official_detector,confirmation38,data36-12,awning-bike,bytetrack,controlled_partial_hungarian,7,6,6,True
MMOT,official_detector,confirmation38,data36-12,bike,bytetrack,controlled_partial_hungarian,2,2,2,True
MMOT,official_detector,confirmation38,data36-12,car,bytetrack,controlled_partial_hungarian,47,19,19,True
MMOT,official_detector,confirmation38,data36-12,pedestrian,bytetrack,controlled_partial_hungarian,2,2,2,True
MMOT,official_detector,confirmation38,data36-12,awning-bike,bytetrack,path_constrained_greedy,7,6,6,True
MMOT,official_detector,confirmation38,data36-12,bike,bytetrack,path_constrained_greedy,2,2,2,True
MMOT,official_detector,confirmation38,data36-12,car,bytetrack,path_constrained_greedy,47,19,19,True
MMOT,official_detector,confirmation38,data36-12,pedestrian,bytetrack,path_constrained_greedy,2,2,2,True
MMOT,official_detector,confirmation38,data36-12,pedestrian,deepocsort,controlled_partial_hungarian,1,1,1,True
MMOT,official_detector,confirmation38,data36-12,pedestrian,deepocsort,path_constrained_greedy,1,1,1,True
MMOT,official_detector,confirmation38,data36-12,awning-bike,ocsort,controlled_partial_hungarian,7,5,5,True
MMOT,official_detector,confirmation38,data36-12,bike,ocsort,controlled_partial_hungarian,1,1,1,True
MMOT,official_detector,confirmation38,data36-12,car,ocsort,controlled_partial_hungarian,15,9,9,True
MMOT,official_detector,confirmation38,data36-12,pedestrian,ocsort,controlled_partial_hungarian,25,9,9,True
MMOT,official_detector,confirmation38,data36-12,van,ocsort,controlled_partial_hungarian,1,1,1,True
MMOT,official_detector,confirmation38,data36-12,awning-bike,ocsort,path_constrained_greedy,7,5,5,True
MMOT,official_detector,confirmation38,data36-12,bike,ocsort,path_constrained_greedy,1,1,1,True
MMOT,official_detector,confirmation38,data36-12,car,ocsort,path_constrained_greedy,15,9,9,True
MMOT,official_detector,confirmation38,data36-12,pedestrian,ocsort,path_constrained_greedy,25,9,9,True
MMOT,official_detector,confirmation38,data36-12,van,ocsort,path_constrained_greedy,1,1,1,True
MMOT,official_detector,confirmation38,data36-13,awning-bike,bytetrack,controlled_partial_hungarian,2,2,2,True
MMOT,official_detector,confirmation38,data36-13,bike,bytetrack,controlled_partial_hungarian,1,1,1,True
MMOT,official_detector,confirmation38,data36-13,car,bytetrack,controlled_partial_hungarian,11,7,7,True
MMOT,official_detector,confirmation38,data36-13,pedestrian,bytetrack,controlled_partial_hungarian,12,7,7,True
MMOT,official_detector,confirmation38,data36-13,awning-bike,bytetrack,path_constrained_greedy,2,2,2,True
MMOT,official_detector,confirmation38,data36-13,bike,bytetrack,path_constrained_greedy,1,1,1,True
MMOT,official_detector,confirmation38,data36-13,car,bytetrack,path_constrained_greedy,11,7,7,True
MMOT,official_detector,confirmation38,data36-13,pedestrian,bytetrack,path_constrained_greedy,12,7,7,True
MMOT,official_detector,confirmation38,data36-13,awning-bike,deepocsort,controlled_partial_hungarian,3,2,2,True
MMOT,official_detector,confirmation38,data36-13,car,deepocsort,controlled_partial_hungarian,2,2,2,True
MMOT,official_detector,confirmation38,data36-13,pedestrian,deepocsort,controlled_partial_hungarian,1,1,1,True
MMOT,official_detector,confirmation38,data36-13,awning-bike,deepocsort,path_constrained_greedy,3,2,2,True
MMOT,official_detector,confirmation38,data36-13,car,deepocsort,path_constrained_greedy,2,2,2,True
MMOT,official_detector,confirmation38,data36-13,pedestrian,deepocsort,path_constrained_greedy,1,1,1,True
MMOT,official_detector,confirmation38,data36-13,awning-bike,ocsort,controlled_partial_hungarian,1,1,1,True
MMOT,official_detector,confirmation38,data36-13,bike,ocsort,controlled_partial_hungarian,1,1,1,True
MMOT,official_detector,confirmation38,data36-13,car,ocsort,controlled_partial_hungarian,8,5,5,True
MMOT,official_detector,confirmation38,data36-13,pedestrian,ocsort,controlled_partial_hungarian,26,10,10,True
MMOT,official_detector,confirmation38,data36-13,awning-bike,ocsort,path_constrained_greedy,1,1,1,True
MMOT,official_detector,confirmation38,data36-13,bike,ocsort,path_constrained_greedy,1,1,1,True
MMOT,official_detector,confirmation38,data36-13,car,ocsort,path_constrained_greedy,8,5,5,True
MMOT,official_detector,confirmation38,data36-13,pedestrian,ocsort,path_constrained_greedy,26,10,10,True
MMOT,official_detector,confirmation38,data36-4,awning-bike,bytetrack,controlled_partial_hungarian,26,13,13,True
MMOT,official_detector,confirmation38,data36-4,bike,bytetrack,controlled_partial_hungarian,79,33,33,True
MMOT,official_detector,confirmation38,data36-4,car,bytetrack,controlled_partial_hungarian,35,31,31,True
MMOT,official_detector,confirmation38,data36-4,pedestrian,bytetrack,controlled_partial_hungarian,2032,395,395,True
MMOT,official_detector,confirmation38,data36-4,tricycle,bytetrack,controlled_partial_hungarian,1,1,1,True
MMOT,official_detector,confirmation38,data36-4,truck,bytetrack,controlled_partial_hungarian,2,2,2,True
MMOT,official_detector,confirmation38,data36-4,van,bytetrack,controlled_partial_hungarian,8,8,8,True
MMOT,official_detector,confirmation38,data36-4,awning-bike,bytetrack,path_constrained_greedy,26,13,13,True
MMOT,official_detector,confirmation38,data36-4,bike,bytetrack,path_constrained_greedy,79,33,33,True
MMOT,official_detector,confirmation38,data36-4,car,bytetrack,path_constrained_greedy,35,31,31,True
MMOT,official_detector,confirmation38,data36-4,pedestrian,bytetrack,path_constrained_greedy,2032,374,374,True
MMOT,official_detector,confirmation38,data36-4,tricycle,bytetrack,path_constrained_greedy,1,1,1,True
MMOT,official_detector,confirmation38,data36-4,truck,bytetrack,path_constrained_greedy,2,2,2,True
MMOT,official_detector,confirmation38,data36-4,van,bytetrack,path_constrained_greedy,8,8,8,True
MMOT,official_detector,confirmation38,data36-4,bike,deepocsort,controlled_partial_hungarian,7,4,4,True
MMOT,official_detector,confirmation38,data36-4,car,deepocsort,controlled_partial_hungarian,20,15,15,True
MMOT,official_detector,confirmation38,data36-4,pedestrian,deepocsort,controlled_partial_hungarian,57,28,28,True
MMOT,official_detector,confirmation38,data36-4,van,deepocsort,controlled_partial_hungarian,1,1,1,True
MMOT,official_detector,confirmation38,data36-4,bike,deepocsort,path_constrained_greedy,7,4,4,True
MMOT,official_detector,confirmation38,data36-4,car,deepocsort,path_constrained_greedy,20,15,15,True
MMOT,official_detector,confirmation38,data36-4,pedestrian,deepocsort,path_constrained_greedy,57,27,27,True
MMOT,official_detector,confirmation38,data36-4,van,deepocsort,path_constrained_greedy,1,1,1,True
MMOT,official_detector,confirmation38,data36-4,awning-bike,ocsort,controlled_partial_hungarian,10,7,7,True
MMOT,official_detector,confirmation38,data36-4,bike,ocsort,controlled_partial_hungarian,29,17,17,True
MMOT,official_detector,confirmation38,data36-4,car,ocsort,controlled_partial_hungarian,28,25,25,True
MMOT,official_detector,confirmation38,data36-4,pedestrian,ocsort,controlled_partial_hungarian,482,145,145,True
MMOT,official_detector,confirmation38,data36-4,tricycle,ocsort,controlled_partial_hungarian,1,1,1,True
MMOT,official_detector,confirmation38,data36-4,van,ocsort,controlled_partial_hungarian,5,4,4,True
MMOT,official_detector,confirmation38,data36-4,awning-bike,ocsort,path_constrained_greedy,10,7,7,True
MMOT,official_detector,confirmation38,data36-4,bike,ocsort,path_constrained_greedy,29,17,17,True
MMOT,official_detector,confirmation38,data36-4,car,ocsort,path_constrained_greedy,28,25,25,True
MMOT,official_detector,confirmation38,data36-4,pedestrian,ocsort,path_constrained_greedy,482,142,142,True
MMOT,official_detector,confirmation38,data36-4,tricycle,ocsort,path_constrained_greedy,1,1,1,True
MMOT,official_detector,confirmation38,data36-4,van,ocsort,path_constrained_greedy,5,4,4,True
MMOT,official_detector,confirmation38,data36-5,awning-bike,bytetrack,controlled_partial_hungarian,5,5,5,True
MMOT,official_detector,confirmation38,data36-5,bike,bytetrack,controlled_partial_hungarian,28,16,16,True
MMOT,official_detector,confirmation38,data36-5,car,bytetrack,controlled_partial_hungarian,36,19,19,True
MMOT,official_detector,confirmation38,data36-5,pedestrian,bytetrack,controlled_partial_hungarian,756,152,152,True
MMOT,official_detector,confirmation38,data36-5,truck,bytetrack,controlled_partial_hungarian,1,1,1,True
MMOT,official_detector,confirmation38,data36-5,van,bytetrack,controlled_partial_hungarian,2,2,2,True
MMOT,official_detector,confirmation38,data36-5,awning-bike,bytetrack,path_constrained_greedy,5,5,5,True
MMOT,official_detector,confirmation38,data36-5,bike,bytetrack,path_constrained_greedy,28,15,15,True
MMOT,official_detector,confirmation38,data36-5,car,bytetrack,path_constrained_greedy,36,19,19,True
MMOT,official_detector,confirmation38,data36-5,pedestrian,bytetrack,path_constrained_greedy,756,132,132,True
MMOT,official_detector,confirmation38,data36-5,truck,bytetrack,path_constrained_greedy,1,1,1,True
MMOT,official_detector,confirmation38,data36-5,van,bytetrack,path_constrained_greedy,2,2,2,True
MMOT,official_detector,confirmation38,data36-5,car,deepocsort,controlled_partial_hungarian,10,6,6,True
MMOT,official_detector,confirmation38,data36-5,car,deepocsort,path_constrained_greedy,10,6,6,True
MMOT,official_detector,confirmation38,data36-5,awning-bike,ocsort,controlled_partial_hungarian,5,5,5,True
MMOT,official_detector,confirmation38,data36-5,bike,ocsort,controlled_partial_hungarian,12,8,8,True
MMOT,official_detector,confirmation38,data36-5,car,ocsort,controlled_partial_hungarian,21,14,14,True
MMOT,official_detector,confirmation38,data36-5,pedestrian,ocsort,controlled_partial_hungarian,280,83,83,True
MMOT,official_detector,confirmation38,data36-5,truck,ocsort,controlled_partial_hungarian,1,1,1,True
MMOT,official_detector,confirmation38,data36-5,awning-bike,ocsort,path_constrained_greedy,5,5,5,True
MMOT,official_detector,confirmation38,data36-5,bike,ocsort,path_constrained_greedy,12,8,8,True
MMOT,official_detector,confirmation38,data36-5,car,ocsort,path_constrained_greedy,21,14,14,True
MMOT,official_detector,confirmation38,data36-5,pedestrian,ocsort,path_constrained_greedy,280,80,80,True
MMOT,official_detector,confirmation38,data36-5,truck,ocsort,path_constrained_greedy,1,1,1,True
MMOT,official_detector,confirmation38,data37-1,awning-bike,bytetrack,controlled_partial_hungarian,3,2,2,True
MMOT,official_detector,confirmation38,data37-1,bike,bytetrack,controlled_partial_hungarian,2,2,2,True
MMOT,official_detector,confirmation38,data37-1,car,bytetrack,controlled_partial_hungarian,74,34,34,True
MMOT,official_detector,confirmation38,data37-1,pedestrian,bytetrack,controlled_partial_hungarian,893,265,265,True
MMOT,official_detector,confirmation38,data37-1,van,bytetrack,controlled_partial_hungarian,1,1,1,True
MMOT,official_detector,confirmation38,data37-1,awning-bike,bytetrack,path_constrained_greedy,3,2,2,True
MMOT,official_detector,confirmation38,data37-1,bike,bytetrack,path_constrained_greedy,2,2,2,True
MMOT,official_detector,confirmation38,data37-1,car,bytetrack,path_constrained_greedy,74,33,33,True
MMOT,official_detector,confirmation38,data37-1,pedestrian,bytetrack,path_constrained_greedy,893,256,256,True
MMOT,official_detector,confirmation38,data37-1,van,bytetrack,path_constrained_greedy,1,1,1,True
MMOT,official_detector,confirmation38,data37-1,car,deepocsort,controlled_partial_hungarian,12,8,8,True
MMOT,official_detector,confirmation38,data37-1,pedestrian,deepocsort,controlled_partial_hungarian,40,26,26,True
MMOT,official_detector,confirmation38,data37-1,car,deepocsort,path_constrained_greedy,12,8,8,True
MMOT,official_detector,confirmation38,data37-1,pedestrian,deepocsort,path_constrained_greedy,40,25,25,True
MMOT,official_detector,confirmation38,data37-1,awning-bike,ocsort,controlled_partial_hungarian,2,2,2,True
MMOT,official_detector,confirmation38,data37-1,car,ocsort,controlled_partial_hungarian,40,27,27,True
MMOT,official_detector,confirmation38,data37-1,pedestrian,ocsort,controlled_partial_hungarian,443,153,153,True
MMOT,official_detector,confirmation38,data37-1,van,ocsort,controlled_partial_hungarian,2,2,2,True
MMOT,official_detector,confirmation38,data37-1,awning-bike,ocsort,path_constrained_greedy,2,2,2,True
MMOT,official_detector,confirmation38,data37-1,car,ocsort,path_constrained_greedy,40,27,27,True
MMOT,official_detector,confirmation38,data37-1,pedestrian,ocsort,path_constrained_greedy,443,144,144,True
MMOT,official_detector,confirmation38,data37-1,van,ocsort,path_constrained_greedy,2,2,2,True
MMOT,official_detector,confirmation38,data37-10,bike,bytetrack,controlled_partial_hungarian,7,6,6,True
MMOT,official_detector,confirmation38,data37-10,car,bytetrack,controlled_partial_hungarian,23,12,12,True
MMOT,official_detector,confirmation38,data37-10,pedestrian,bytetrack,controlled_partial_hungarian,93,45,45,True
MMOT,official_detector,confirmation38,data37-10,bike,bytetrack,path_constrained_greedy,7,6,6,True
MMOT,official_detector,confirmation38,data37-10,car,bytetrack,path_constrained_greedy,23,12,12,True
MMOT,official_detector,confirmation38,data37-10,pedestrian,bytetrack,path_constrained_greedy,93,44,44,True
MMOT,official_detector,confirmation38,data37-10,car,deepocsort,controlled_partial_hungarian,5,5,5,True
MMOT,official_detector,confirmation38,data37-10,pedestrian,deepocsort,controlled_partial_hungarian,11,9,9,True
MMOT,official_detector,confirmation38,data37-10,car,deepocsort,path_constrained_greedy,5,5,5,True
MMOT,official_detector,confirmation38,data37-10,pedestrian,deepocsort,path_constrained_greedy,11,9,9,True
MMOT,official_detector,confirmation38,data37-10,car,ocsort,controlled_partial_hungarian,11,8,8,True
MMOT,official_detector,confirmation38,data37-10,pedestrian,ocsort,controlled_partial_hungarian,19,14,14,True
MMOT,official_detector,confirmation38,data37-10,car,ocsort,path_constrained_greedy,11,8,8,True
MMOT,official_detector,confirmation38,data37-10,pedestrian,ocsort,path_constrained_greedy,19,14,14,True
MMOT,official_detector,confirmation38,data37-11,awning-bike,bytetrack,controlled_partial_hungarian,3,2,2,True
MMOT,official_detector,confirmation38,data37-11,car,bytetrack,controlled_partial_hungarian,94,42,42,True
MMOT,official_detector,confirmation38,data37-11,pedestrian,bytetrack,controlled_partial_hungarian,345,116,116,True
MMOT,official_detector,confirmation38,data37-11,tricycle,bytetrack,controlled_partial_hungarian,1,1,1,True
MMOT,official_detector,confirmation38,data37-11,van,bytetrack,controlled_partial_hungarian,1,1,1,True
MMOT,official_detector,confirmation38,data37-11,awning-bike,bytetrack,path_constrained_greedy,3,2,2,True
MMOT,official_detector,confirmation38,data37-11,car,bytetrack,path_constrained_greedy,94,42,42,True
MMOT,official_detector,confirmation38,data37-11,pedestrian,bytetrack,path_constrained_greedy,345,112,112,True
MMOT,official_detector,confirmation38,data37-11,tricycle,bytetrack,path_constrained_greedy,1,1,1,True
MMOT,official_detector,confirmation38,data37-11,van,bytetrack,path_constrained_greedy,1,1,1,True
MMOT,official_detector,confirmation38,data37-11,awning-bike,deepocsort,controlled_partial_hungarian,2,2,2,True
MMOT,official_detector,confirmation38,data37-11,car,deepocsort,controlled_partial_hungarian,10,5,5,True
MMOT,official_detector,confirmation38,data37-11,pedestrian,deepocsort,controlled_partial_hungarian,21,14,14,True
MMOT,official_detector,confirmation38,data37-11,van,deepocsort,controlled_partial_hungarian,2,2,2,True
MMOT,official_detector,confirmation38,data37-11,awning-bike,deepocsort,path_constrained_greedy,2,2,2,True
MMOT,official_detector,confirmation38,data37-11,car,deepocsort,path_constrained_greedy,10,5,5,True
MMOT,official_detector,confirmation38,data37-11,pedestrian,deepocsort,path_constrained_greedy,21,14,14,True
MMOT,official_detector,confirmation38,data37-11,van,deepocsort,path_constrained_greedy,2,2,2,True
MMOT,official_detector,confirmation38,data37-11,car,ocsort,controlled_partial_hungarian,49,28,28,True
MMOT,official_detector,confirmation38,data37-11,pedestrian,ocsort,controlled_partial_hungarian,40,23,23,True
MMOT,official_detector,confirmation38,data37-11,van,ocsort,controlled_partial_hungarian,1,1,1,True
MMOT,official_detector,confirmation38,data37-11,car,ocsort,path_constrained_greedy,49,26,26,True
MMOT,official_detector,confirmation38,data37-11,pedestrian,ocsort,path_constrained_greedy,40,22,22,True
MMOT,official_detector,confirmation38,data37-11,van,ocsort,path_constrained_greedy,1,1,1,True
MMOT,official_detector,confirmation38,data37-12,car,bytetrack,controlled_partial_hungarian,12,5,5,True
MMOT,official_detector,confirmation38,data37-12,pedestrian,bytetrack,controlled_partial_hungarian,8,6,6,True
MMOT,official_detector,confirmation38,data37-12,car,bytetrack,path_constrained_greedy,12,5,5,True
MMOT,official_detector,confirmation38,data37-12,pedestrian,bytetrack,path_constrained_greedy,8,6,6,True
MMOT,official_detector,confirmation38,data37-12,car,deepocsort,controlled_partial_hungarian,5,1,1,True
MMOT,official_detector,confirmation38,data37-12,pedestrian,deepocsort,controlled_partial_hungarian,1,1,1,True
MMOT,official_detector,confirmation38,data37-12,car,deepocsort,path_constrained_greedy,5,1,1,True
MMOT,official_detector,confirmation38,data37-12,pedestrian,deepocsort,path_constrained_greedy,1,1,1,True
MMOT,official_detector,confirmation38,data37-12,pedestrian,ocsort,controlled_partial_hungarian,17,11,11,True
MMOT,official_detector,confirmation38,data37-12,pedestrian,ocsort,path_constrained_greedy,17,11,11,True
MMOT,official_detector,confirmation38,data37-2,bike,bytetrack,controlled_partial_hungarian,2,2,2,True
MMOT,official_detector,confirmation38,data37-2,car,bytetrack,controlled_partial_hungarian,10,6,6,True
MMOT,official_detector,confirmation38,data37-2,pedestrian,bytetrack,controlled_partial_hungarian,924,147,147,True
MMOT,official_detector,confirmation38,data37-2,bike,bytetrack,path_constrained_greedy,2,2,2,True
MMOT,official_detector,confirmation38,data37-2,car,bytetrack,path_constrained_greedy,10,6,6,True
MMOT,official_detector,confirmation38,data37-2,pedestrian,bytetrack,path_constrained_greedy,924,137,137,True
MMOT,official_detector,confirmation38,data37-2,bike,deepocsort,controlled_partial_hungarian,1,1,1,True
MMOT,official_detector,confirmation38,data37-2,car,deepocsort,controlled_partial_hungarian,1,1,1,True
MMOT,official_detector,confirmation38,data37-2,pedestrian,deepocsort,controlled_partial_hungarian,69,21,21,True
MMOT,official_detector,confirmation38,data37-2,bike,deepocsort,path_constrained_greedy,1,1,1,True
MMOT,official_detector,confirmation38,data37-2,car,deepocsort,path_constrained_greedy,1,1,1,True
MMOT,official_detector,confirmation38,data37-2,pedestrian,deepocsort,path_constrained_greedy,69,21,21,True
MMOT,official_detector,confirmation38,data37-2,bike,ocsort,controlled_partial_hungarian,1,1,1,True
MMOT,official_detector,confirmation38,data37-2,pedestrian,ocsort,controlled_partial_hungarian,790,143,143,True
MMOT,official_detector,confirmation38,data37-2,bike,ocsort,path_constrained_greedy,1,1,1,True
MMOT,official_detector,confirmation38,data37-2,pedestrian,ocsort,path_constrained_greedy,790,137,137,True
MMOT,official_detector,confirmation38,data39-1,pedestrian,bytetrack,controlled_partial_hungarian,42,14,14,True
MMOT,official_detector,confirmation38,data39-1,pedestrian,bytetrack,path_constrained_greedy,42,13,13,True
MMOT,official_detector,confirmation38,data39-1,pedestrian,deepocsort,controlled_partial_hungarian,16,5,5,True
MMOT,official_detector,confirmation38,data39-1,pedestrian,deepocsort,path_constrained_greedy,16,5,5,True
MMOT,official_detector,confirmation38,data39-1,awning-bike,ocsort,controlled_partial_hungarian,1,1,1,True
MMOT,official_detector,confirmation38,data39-1,pedestrian,ocsort,controlled_partial_hungarian,14,6,6,True
MMOT,official_detector,confirmation38,data39-1,awning-bike,ocsort,path_constrained_greedy,1,1,1,True
MMOT,official_detector,confirmation38,data39-1,pedestrian,ocsort,path_constrained_greedy,14,6,6,True
MMOT,official_detector,confirmation38,data39-2,pedestrian,bytetrack,controlled_partial_hungarian,49,20,20,True
MMOT,official_detector,confirmation38,data39-2,pedestrian,bytetrack,path_constrained_greedy,49,19,19,True
MMOT,official_detector,confirmation38,data39-2,pedestrian,ocsort,controlled_partial_hungarian,17,10,10,True
MMOT,official_detector,confirmation38,data39-2,pedestrian,ocsort,path_constrained_greedy,17,10,10,True
MMOT,official_detector,confirmation38,data39-3,pedestrian,bytetrack,controlled_partial_hungarian,92,41,41,True
MMOT,official_detector,confirmation38,data39-3,pedestrian,bytetrack,path_constrained_greedy,92,40,40,True
MMOT,official_detector,confirmation38,data39-3,pedestrian,deepocsort,controlled_partial_hungarian,13,11,11,True
MMOT,official_detector,confirmation38,data39-3,pedestrian,deepocsort,path_constrained_greedy,13,11,11,True
MMOT,official_detector,confirmation38,data39-3,pedestrian,ocsort,controlled_partial_hungarian,59,24,24,True
MMOT,official_detector,confirmation38,data39-3,pedestrian,ocsort,path_constrained_greedy,59,23,23,True
MMOT,official_detector,confirmation38,data39-6,bike,bytetrack,controlled_partial_hungarian,1,1,1,True
MMOT,official_detector,confirmation38,data39-6,pedestrian,bytetrack,controlled_partial_hungarian,205,53,53,True
MMOT,official_detector,confirmation38,data39-6,bike,bytetrack,path_constrained_greedy,1,1,1,True
MMOT,official_detector,confirmation38,data39-6,pedestrian,bytetrack,path_constrained_greedy,205,49,49,True
MMOT,official_detector,confirmation38,data39-6,pedestrian,deepocsort,controlled_partial_hungarian,8,5,5,True
MMOT,official_detector,confirmation38,data39-6,pedestrian,deepocsort,path_constrained_greedy,8,5,5,True
MMOT,official_detector,confirmation38,data39-6,car,ocsort,controlled_partial_hungarian,2,1,1,True
MMOT,official_detector,confirmation38,data39-6,pedestrian,ocsort,controlled_partial_hungarian,70,29,29,True
MMOT,official_detector,confirmation38,data39-6,car,ocsort,path_constrained_greedy,2,1,1,True
MMOT,official_detector,confirmation38,data39-6,pedestrian,ocsort,path_constrained_greedy,70,28,28,True
MMOT,official_detector,confirmation38,data40-3,car,bytetrack,controlled_partial_hungarian,2,1,1,True
MMOT,official_detector,confirmation38,data40-3,pedestrian,bytetrack,controlled_partial_hungarian,8,4,4,True
MMOT,official_detector,confirmation38,data40-3,car,bytetrack,path_constrained_greedy,2,1,1,True
MMOT,official_detector,confirmation38,data40-3,pedestrian,bytetrack,path_constrained_greedy,8,4,4,True
MMOT,official_detector,confirmation38,data40-3,bike,deepocsort,controlled_partial_hungarian,5,4,4,True
MMOT,official_detector,confirmation38,data40-3,car,deepocsort,controlled_partial_hungarian,7,5,5,True
MMOT,official_detector,confirmation38,data40-3,pedestrian,deepocsort,controlled_partial_hungarian,14,6,6,True
MMOT,official_detector,confirmation38,data40-3,bike,deepocsort,path_constrained_greedy,5,4,4,True
MMOT,official_detector,confirmation38,data40-3,car,deepocsort,path_constrained_greedy,7,5,5,True
MMOT,official_detector,confirmation38,data40-3,pedestrian,deepocsort,path_constrained_greedy,14,6,6,True
MMOT,official_detector,confirmation38,data40-3,bike,ocsort,controlled_partial_hungarian,5,4,4,True
MMOT,official_detector,confirmation38,data40-3,car,ocsort,controlled_partial_hungarian,13,9,9,True
MMOT,official_detector,confirmation38,data40-3,pedestrian,ocsort,controlled_partial_hungarian,21,10,10,True
MMOT,official_detector,confirmation38,data40-3,bike,ocsort,path_constrained_greedy,5,4,4,True
MMOT,official_detector,confirmation38,data40-3,car,ocsort,path_constrained_greedy,13,9,9,True
MMOT,official_detector,confirmation38,data40-3,pedestrian,ocsort,path_constrained_greedy,21,10,10,True
MMOT,official_detector,confirmation38,data40-4,pedestrian,bytetrack,controlled_partial_hungarian,46,13,13,True
MMOT,official_detector,confirmation38,data40-4,pedestrian,bytetrack,path_constrained_greedy,46,11,11,True
MMOT,official_detector,confirmation38,data40-4,car,deepocsort,controlled_partial_hungarian,1,1,1,True
MMOT,official_detector,confirmation38,data40-4,pedestrian,deepocsort,controlled_partial_hungarian,13,9,9,True
MMOT,official_detector,confirmation38,data40-4,car,deepocsort,path_constrained_greedy,1,1,1,True
MMOT,official_detector,confirmation38,data40-4,pedestrian,deepocsort,path_constrained_greedy,13,9,9,True
MMOT,official_detector,confirmation38,data40-4,car,ocsort,controlled_partial_hungarian,1,1,1,True
MMOT,official_detector,confirmation38,data40-4,pedestrian,ocsort,controlled_partial_hungarian,288,66,66,True
MMOT,official_detector,confirmation38,data40-4,car,ocsort,path_constrained_greedy,1,1,1,True
MMOT,official_detector,confirmation38,data40-4,pedestrian,ocsort,path_constrained_greedy,288,63,63,True
MMOT,official_detector,confirmation38,data40-5,bus,bytetrack,controlled_partial_hungarian,1,1,1,True
MMOT,official_detector,confirmation38,data40-5,car,bytetrack,controlled_partial_hungarian,21,17,17,True
MMOT,official_detector,confirmation38,data40-5,pedestrian,bytetrack,controlled_partial_hungarian,76,39,39,True
MMOT,official_detector,confirmation38,data40-5,truck,bytetrack,controlled_partial_hungarian,2,2,2,True
MMOT,official_detector,confirmation38,data40-5,van,bytetrack,controlled_partial_hungarian,1,1,1,True
MMOT,official_detector,confirmation38,data40-5,bus,bytetrack,path_constrained_greedy,1,1,1,True
MMOT,official_detector,confirmation38,data40-5,car,bytetrack,path_constrained_greedy,21,17,17,True
MMOT,official_detector,confirmation38,data40-5,pedestrian,bytetrack,path_constrained_greedy,76,38,38,True
MMOT,official_detector,confirmation38,data40-5,truck,bytetrack,path_constrained_greedy,2,2,2,True
MMOT,official_detector,confirmation38,data40-5,van,bytetrack,path_constrained_greedy,1,1,1,True
MMOT,official_detector,confirmation38,data40-5,bike,deepocsort,controlled_partial_hungarian,3,2,2,True
MMOT,official_detector,confirmation38,data40-5,car,deepocsort,controlled_partial_hungarian,2,2,2,True
MMOT,official_detector,confirmation38,data40-5,pedestrian,deepocsort,controlled_partial_hungarian,15,13,13,True
MMOT,official_detector,confirmation38,data40-5,bike,deepocsort,path_constrained_greedy,3,2,2,True
MMOT,official_detector,confirmation38,data40-5,car,deepocsort,path_constrained_greedy,2,2,2,True
MMOT,official_detector,confirmation38,data40-5,pedestrian,deepocsort,path_constrained_greedy,15,13,13,True
MMOT,official_detector,confirmation38,data40-5,bike,ocsort,controlled_partial_hungarian,3,2,2,True
MMOT,official_detector,confirmation38,data40-5,bus,ocsort,controlled_partial_hungarian,1,1,1,True
MMOT,official_detector,confirmation38,data40-5,car,ocsort,controlled_partial_hungarian,9,8,8,True
MMOT,official_detector,confirmation38,data40-5,pedestrian,ocsort,controlled_partial_hungarian,32,11,11,True
MMOT,official_detector,confirmation38,data40-5,truck,ocsort,controlled_partial_hungarian,1,1,1,True
MMOT,official_detector,confirmation38,data40-5,bike,ocsort,path_constrained_greedy,3,2,2,True
MMOT,official_detector,confirmation38,data40-5,bus,ocsort,path_constrained_greedy,1,1,1,True
MMOT,official_detector,confirmation38,data40-5,car,ocsort,path_constrained_greedy,9,8,8,True
MMOT,official_detector,confirmation38,data40-5,pedestrian,ocsort,path_constrained_greedy,32,11,11,True
MMOT,official_detector,confirmation38,data40-5,truck,ocsort,path_constrained_greedy,1,1,1,True
MMOT,official_detector,confirmation38,data41-1,car,bytetrack,controlled_partial_hungarian,1,1,1,True
MMOT,official_detector,confirmation38,data41-1,pedestrian,bytetrack,controlled_partial_hungarian,1,1,1,True
MMOT,official_detector,confirmation38,data41-1,car,bytetrack,path_constrained_greedy,1,1,1,True
MMOT,official_detector,confirmation38,data41-1,pedestrian,bytetrack,path_constrained_greedy,1,1,1,True
MMOT,official_detector,confirmation38,data41-1,bike,deepocsort,controlled_partial_hungarian,2,2,2,True
MMOT,official_detector,confirmation38,data41-1,car,deepocsort,controlled_partial_hungarian,6,6,6,True
MMOT,official_detector,confirmation38,data41-1,bike,deepocsort,path_constrained_greedy,2,2,2,True
MMOT,official_detector,confirmation38,data41-1,car,deepocsort,path_constrained_greedy,6,6,6,True
MMOT,official_detector,confirmation38,data41-1,bike,ocsort,controlled_partial_hungarian,2,2,2,True
MMOT,official_detector,confirmation38,data41-1,bus,ocsort,controlled_partial_hungarian,1,1,1,True
MMOT,official_detector,confirmation38,data41-1,car,ocsort,controlled_partial_hungarian,11,8,8,True
MMOT,official_detector,confirmation38,data41-1,pedestrian,ocsort,controlled_partial_hungarian,1,1,1,True
MMOT,official_detector,confirmation38,data41-1,bike,ocsort,path_constrained_greedy,2,2,2,True
MMOT,official_detector,confirmation38,data41-1,bus,ocsort,path_constrained_greedy,1,1,1,True
MMOT,official_detector,confirmation38,data41-1,car,ocsort,path_constrained_greedy,11,8,8,True
MMOT,official_detector,confirmation38,data41-1,pedestrian,ocsort,path_constrained_greedy,1,1,1,True
MMOT,official_detector,confirmation38,data42-1,bike,bytetrack,controlled_partial_hungarian,3,3,3,True
MMOT,official_detector,confirmation38,data42-1,car,bytetrack,controlled_partial_hungarian,47,30,30,True
MMOT,official_detector,confirmation38,data42-1,pedestrian,bytetrack,controlled_partial_hungarian,69,37,37,True
MMOT,official_detector,confirmation38,data42-1,van,bytetrack,controlled_partial_hungarian,4,4,4,True
MMOT,official_detector,confirmation38,data42-1,bike,bytetrack,path_constrained_greedy,3,3,3,True
MMOT,official_detector,confirmation38,data42-1,car,bytetrack,path_constrained_greedy,47,29,29,True
MMOT,official_detector,confirmation38,data42-1,pedestrian,bytetrack,path_constrained_greedy,69,36,36,True
MMOT,official_detector,confirmation38,data42-1,van,bytetrack,path_constrained_greedy,4,4,4,True
MMOT,official_detector,confirmation38,data42-1,bike,deepocsort,controlled_partial_hungarian,2,2,2,True
MMOT,official_detector,confirmation38,data42-1,car,deepocsort,controlled_partial_hungarian,23,14,14,True
MMOT,official_detector,confirmation38,data42-1,pedestrian,deepocsort,controlled_partial_hungarian,39,25,25,True
MMOT,official_detector,confirmation38,data42-1,bike,deepocsort,path_constrained_greedy,2,2,2,True
MMOT,official_detector,confirmation38,data42-1,car,deepocsort,path_constrained_greedy,23,13,13,True
MMOT,official_detector,confirmation38,data42-1,pedestrian,deepocsort,path_constrained_greedy,39,25,25,True
MMOT,official_detector,confirmation38,data42-1,bike,ocsort,controlled_partial_hungarian,4,4,4,True
MMOT,official_detector,confirmation38,data42-1,car,ocsort,controlled_partial_hungarian,48,36,36,True
MMOT,official_detector,confirmation38,data42-1,pedestrian,ocsort,controlled_partial_hungarian,23,13,13,True
MMOT,official_detector,confirmation38,data42-1,van,ocsort,controlled_partial_hungarian,2,2,2,True
MMOT,official_detector,confirmation38,data42-1,bike,ocsort,path_constrained_greedy,4,4,4,True
MMOT,official_detector,confirmation38,data42-1,car,ocsort,path_constrained_greedy,48,35,35,True
MMOT,official_detector,confirmation38,data42-1,pedestrian,ocsort,path_constrained_greedy,23,13,13,True
MMOT,official_detector,confirmation38,data42-1,van,ocsort,path_constrained_greedy,2,2,2,True
MMOT,official_detector,confirmation38,data42-2,bike,bytetrack,controlled_partial_hungarian,6,5,5,True
MMOT,official_detector,confirmation38,data42-2,car,bytetrack,controlled_partial_hungarian,3,3,3,True
MMOT,official_detector,confirmation38,data42-2,pedestrian,bytetrack,controlled_partial_hungarian,36,21,21,True
MMOT,official_detector,confirmation38,data42-2,bike,bytetrack,path_constrained_greedy,6,5,5,True
MMOT,official_detector,confirmation38,data42-2,car,bytetrack,path_constrained_greedy,3,3,3,True
MMOT,official_detector,confirmation38,data42-2,pedestrian,bytetrack,path_constrained_greedy,36,21,21,True
MMOT,official_detector,confirmation38,data42-2,bike,deepocsort,controlled_partial_hungarian,4,3,3,True
MMOT,official_detector,confirmation38,data42-2,car,deepocsort,controlled_partial_hungarian,4,3,3,True
MMOT,official_detector,confirmation38,data42-2,pedestrian,deepocsort,controlled_partial_hungarian,8,7,7,True
MMOT,official_detector,confirmation38,data42-2,bike,deepocsort,path_constrained_greedy,4,3,3,True
MMOT,official_detector,confirmation38,data42-2,car,deepocsort,path_constrained_greedy,4,3,3,True
MMOT,official_detector,confirmation38,data42-2,pedestrian,deepocsort,path_constrained_greedy,8,7,7,True
MMOT,official_detector,confirmation38,data42-2,bike,ocsort,controlled_partial_hungarian,1,1,1,True
MMOT,official_detector,confirmation38,data42-2,car,ocsort,controlled_partial_hungarian,1,1,1,True
MMOT,official_detector,confirmation38,data42-2,pedestrian,ocsort,controlled_partial_hungarian,60,30,30,True
MMOT,official_detector,confirmation38,data42-2,bike,ocsort,path_constrained_greedy,1,1,1,True
MMOT,official_detector,confirmation38,data42-2,car,ocsort,path_constrained_greedy,1,1,1,True
MMOT,official_detector,confirmation38,data42-2,pedestrian,ocsort,path_constrained_greedy,60,30,30,True
MMOT,official_detector,confirmation38,data42-3,bike,bytetrack,controlled_partial_hungarian,2,1,1,True
MMOT,official_detector,confirmation38,data42-3,car,bytetrack,controlled_partial_hungarian,7,4,4,True
MMOT,official_detector,confirmation38,data42-3,pedestrian,bytetrack,controlled_partial_hungarian,13,4,4,True
MMOT,official_detector,confirmation38,data42-3,bike,bytetrack,path_constrained_greedy,2,1,1,True
MMOT,official_detector,confirmation38,data42-3,car,bytetrack,path_constrained_greedy,7,4,4,True
MMOT,official_detector,confirmation38,data42-3,pedestrian,bytetrack,path_constrained_greedy,13,4,4,True
MMOT,official_detector,confirmation38,data42-3,bike,deepocsort,controlled_partial_hungarian,2,2,2,True
MMOT,official_detector,confirmation38,data42-3,car,deepocsort,controlled_partial_hungarian,2,2,2,True
MMOT,official_detector,confirmation38,data42-3,pedestrian,deepocsort,controlled_partial_hungarian,3,2,2,True
MMOT,official_detector,confirmation38,data42-3,bike,deepocsort,path_constrained_greedy,2,2,2,True
MMOT,official_detector,confirmation38,data42-3,car,deepocsort,path_constrained_greedy,2,2,2,True
MMOT,official_detector,confirmation38,data42-3,pedestrian,deepocsort,path_constrained_greedy,3,2,2,True
MMOT,official_detector,confirmation38,data42-3,bike,ocsort,controlled_partial_hungarian,7,6,6,True
MMOT,official_detector,confirmation38,data42-3,car,ocsort,controlled_partial_hungarian,9,7,7,True
MMOT,official_detector,confirmation38,data42-3,pedestrian,ocsort,controlled_partial_hungarian,32,12,12,True
MMOT,official_detector,confirmation38,data42-3,bike,ocsort,path_constrained_greedy,7,6,6,True
MMOT,official_detector,confirmation38,data42-3,car,ocsort,path_constrained_greedy,9,7,7,True
MMOT,official_detector,confirmation38,data42-3,pedestrian,ocsort,path_constrained_greedy,32,11,11,True
MMOT,official_detector,confirmation38,data46-11,awning-bike,bytetrack,controlled_partial_hungarian,2,2,2,True
MMOT,official_detector,confirmation38,data46-11,bike,bytetrack,controlled_partial_hungarian,70,25,25,True
MMOT,official_detector,confirmation38,data46-11,car,bytetrack,controlled_partial_hungarian,50,32,32,True
MMOT,official_detector,confirmation38,data46-11,pedestrian,bytetrack,controlled_partial_hungarian,300,66,66,True
MMOT,official_detector,confirmation38,data46-11,tricycle,bytetrack,controlled_partial_hungarian,13,10,10,True
MMOT,official_detector,confirmation38,data46-11,truck,bytetrack,controlled_partial_hungarian,1,1,1,True
MMOT,official_detector,confirmation38,data46-11,van,bytetrack,controlled_partial_hungarian,35,20,20,True
MMOT,official_detector,confirmation38,data46-11,awning-bike,bytetrack,path_constrained_greedy,2,2,2,True
MMOT,official_detector,confirmation38,data46-11,bike,bytetrack,path_constrained_greedy,70,22,22,True
MMOT,official_detector,confirmation38,data46-11,car,bytetrack,path_constrained_greedy,50,32,32,True
MMOT,official_detector,confirmation38,data46-11,pedestrian,bytetrack,path_constrained_greedy,300,64,64,True
MMOT,official_detector,confirmation38,data46-11,tricycle,bytetrack,path_constrained_greedy,13,10,10,True
MMOT,official_detector,confirmation38,data46-11,truck,bytetrack,path_constrained_greedy,1,1,1,True
MMOT,official_detector,confirmation38,data46-11,van,bytetrack,path_constrained_greedy,35,19,19,True
MMOT,official_detector,confirmation38,data46-11,bike,deepocsort,controlled_partial_hungarian,4,3,3,True
MMOT,official_detector,confirmation38,data46-11,pedestrian,deepocsort,controlled_partial_hungarian,3,3,3,True
MMOT,official_detector,confirmation38,data46-11,bike,deepocsort,path_constrained_greedy,4,3,3,True
MMOT,official_detector,confirmation38,data46-11,pedestrian,deepocsort,path_constrained_greedy,3,3,3,True
MMOT,official_detector,confirmation38,data46-11,awning-bike,ocsort,controlled_partial_hungarian,2,2,2,True
MMOT,official_detector,confirmation38,data46-11,bike,ocsort,controlled_partial_hungarian,70,27,27,True
MMOT,official_detector,confirmation38,data46-11,car,ocsort,controlled_partial_hungarian,46,33,33,True
MMOT,official_detector,confirmation38,data46-11,pedestrian,ocsort,controlled_partial_hungarian,130,47,47,True
MMOT,official_detector,confirmation38,data46-11,tricycle,ocsort,controlled_partial_hungarian,11,9,9,True
MMOT,official_detector,confirmation38,data46-11,truck,ocsort,controlled_partial_hungarian,1,1,1,True
MMOT,official_detector,confirmation38,data46-11,van,ocsort,controlled_partial_hungarian,21,13,13,True
MMOT,official_detector,confirmation38,data46-11,awning-bike,ocsort,path_constrained_greedy,2,2,2,True
MMOT,official_detector,confirmation38,data46-11,bike,ocsort,path_constrained_greedy,70,27,27,True
MMOT,official_detector,confirmation38,data46-11,car,ocsort,path_constrained_greedy,46,33,33,True
MMOT,official_detector,confirmation38,data46-11,pedestrian,ocsort,path_constrained_greedy,130,45,45,True
MMOT,official_detector,confirmation38,data46-11,tricycle,ocsort,path_constrained_greedy,11,9,9,True
MMOT,official_detector,confirmation38,data46-11,truck,ocsort,path_constrained_greedy,1,1,1,True
MMOT,official_detector,confirmation38,data46-11,van,ocsort,path_constrained_greedy,21,13,13,True
MMOT,official_detector,confirmation38,data46-12,car,bytetrack,controlled_partial_hungarian,4,2,2,True
MMOT,official_detector,confirmation38,data46-12,pedestrian,bytetrack,controlled_partial_hungarian,589,88,88,True
MMOT,official_detector,confirmation38,data46-12,tricycle,bytetrack,controlled_partial_hungarian,1,1,1,True
MMOT,official_detector,confirmation38,data46-12,car,bytetrack,path_constrained_greedy,4,2,2,True
MMOT,official_detector,confirmation38,data46-12,pedestrian,bytetrack,path_constrained_greedy,589,87,87,True
MMOT,official_detector,confirmation38,data46-12,tricycle,bytetrack,path_constrained_greedy,1,1,1,True
MMOT,official_detector,confirmation38,data46-12,car,deepocsort,controlled_partial_hungarian,2,2,2,True
MMOT,official_detector,confirmation38,data46-12,pedestrian,deepocsort,controlled_partial_hungarian,5,3,3,True
MMOT,official_detector,confirmation38,data46-12,car,deepocsort,path_constrained_greedy,2,2,2,True
MMOT,official_detector,confirmation38,data46-12,pedestrian,deepocsort,path_constrained_greedy,5,3,3,True
MMOT,official_detector,confirmation38,data46-12,awning-bike,ocsort,controlled_partial_hungarian,1,1,1,True
MMOT,official_detector,confirmation38,data46-12,car,ocsort,controlled_partial_hungarian,2,2,2,True
MMOT,official_detector,confirmation38,data46-12,pedestrian,ocsort,controlled_partial_hungarian,318,72,72,True
MMOT,official_detector,confirmation38,data46-12,tricycle,ocsort,controlled_partial_hungarian,1,1,1,True
MMOT,official_detector,confirmation38,data46-12,awning-bike,ocsort,path_constrained_greedy,1,1,1,True
MMOT,official_detector,confirmation38,data46-12,car,ocsort,path_constrained_greedy,2,2,2,True
MMOT,official_detector,confirmation38,data46-12,pedestrian,ocsort,path_constrained_greedy,318,70,70,True
MMOT,official_detector,confirmation38,data46-12,tricycle,ocsort,path_constrained_greedy,1,1,1,True
MMOT,official_detector,confirmation38,data47-1,car,bytetrack,controlled_partial_hungarian,2,2,2,True
MMOT,official_detector,confirmation38,data47-1,pedestrian,bytetrack,controlled_partial_hungarian,19,8,8,True
MMOT,official_detector,confirmation38,data47-1,car,bytetrack,path_constrained_greedy,2,2,2,True
MMOT,official_detector,confirmation38,data47-1,pedestrian,bytetrack,path_constrained_greedy,19,8,8,True
MMOT,official_detector,confirmation38,data47-1,pedestrian,deepocsort,controlled_partial_hungarian,5,3,3,True
MMOT,official_detector,confirmation38,data47-1,pedestrian,deepocsort,path_constrained_greedy,5,3,3,True
MMOT,official_detector,confirmation38,data47-1,car,ocsort,controlled_partial_hungarian,2,2,2,True
MMOT,official_detector,confirmation38,data47-1,pedestrian,ocsort,controlled_partial_hungarian,46,10,10,True
MMOT,official_detector,confirmation38,data47-1,car,ocsort,path_constrained_greedy,2,2,2,True
MMOT,official_detector,confirmation38,data47-1,pedestrian,ocsort,path_constrained_greedy,46,10,10,True
MMOT,official_detector,confirmation38,data47-2,awning-bike,bytetrack,controlled_partial_hungarian,3,3,3,True
MMOT,official_detector,confirmation38,data47-2,bike,bytetrack,controlled_partial_hungarian,37,12,12,True
MMOT,official_detector,confirmation38,data47-2,pedestrian,bytetrack,controlled_partial_hungarian,101,25,25,True
MMOT,official_detector,confirmation38,data47-2,awning-bike,bytetrack,path_constrained_greedy,3,3,3,True
MMOT,official_detector,confirmation38,data47-2,bike,bytetrack,path_constrained_greedy,37,11,11,True
MMOT,official_detector,confirmation38,data47-2,pedestrian,bytetrack,path_constrained_greedy,101,24,24,True
MMOT,official_detector,confirmation38,data47-2,awning-bike,deepocsort,controlled_partial_hungarian,2,2,2,True
MMOT,official_detector,confirmation38,data47-2,pedestrian,deepocsort,controlled_partial_hungarian,1,1,1,True
MMOT,official_detector,confirmation38,data47-2,awning-bike,deepocsort,path_constrained_greedy,2,2,2,True
MMOT,official_detector,confirmation38,data47-2,pedestrian,deepocsort,path_constrained_greedy,1,1,1,True
MMOT,official_detector,confirmation38,data47-2,awning-bike,ocsort,controlled_partial_hungarian,8,5,5,True
MMOT,official_detector,confirmation38,data47-2,bike,ocsort,controlled_partial_hungarian,10,6,6,True
MMOT,official_detector,confirmation38,data47-2,car,ocsort,controlled_partial_hungarian,1,1,1,True
MMOT,official_detector,confirmation38,data47-2,pedestrian,ocsort,controlled_partial_hungarian,36,13,13,True
MMOT,official_detector,confirmation38,data47-2,awning-bike,ocsort,path_constrained_greedy,8,5,5,True
MMOT,official_detector,confirmation38,data47-2,bike,ocsort,path_constrained_greedy,10,5,5,True
MMOT,official_detector,confirmation38,data47-2,car,ocsort,path_constrained_greedy,1,1,1,True
MMOT,official_detector,confirmation38,data47-2,pedestrian,ocsort,path_constrained_greedy,36,13,13,True
MMOT,official_detector,confirmation38,data47-3,awning-bike,bytetrack,controlled_partial_hungarian,4,3,3,True
MMOT,official_detector,confirmation38,data47-3,bike,bytetrack,controlled_partial_hungarian,37,27,27,True
MMOT,official_detector,confirmation38,data47-3,car,bytetrack,controlled_partial_hungarian,41,24,24,True
MMOT,official_detector,confirmation38,data47-3,pedestrian,bytetrack,controlled_partial_hungarian,110,20,20,True
MMOT,official_detector,confirmation38,data47-3,van,bytetrack,controlled_partial_hungarian,1,1,1,True
MMOT,official_detector,confirmation38,data47-3,awning-bike,bytetrack,path_constrained_greedy,4,3,3,True
MMOT,official_detector,confirmation38,data47-3,bike,bytetrack,path_constrained_greedy,37,27,27,True
MMOT,official_detector,confirmation38,data47-3,car,bytetrack,path_constrained_greedy,41,24,24,True
MMOT,official_detector,confirmation38,data47-3,pedestrian,bytetrack,path_constrained_greedy,110,18,18,True
MMOT,official_detector,confirmation38,data47-3,van,bytetrack,path_constrained_greedy,1,1,1,True
MMOT,official_detector,confirmation38,data47-3,bike,deepocsort,controlled_partial_hungarian,2,1,1,True
MMOT,official_detector,confirmation38,data47-3,car,deepocsort,controlled_partial_hungarian,3,2,2,True
MMOT,official_detector,confirmation38,data47-3,pedestrian,deepocsort,controlled_partial_hungarian,2,2,2,True
MMOT,official_detector,confirmation38,data47-3,bike,deepocsort,path_constrained_greedy,2,1,1,True
MMOT,official_detector,confirmation38,data47-3,car,deepocsort,path_constrained_greedy,3,2,2,True
MMOT,official_detector,confirmation38,data47-3,pedestrian,deepocsort,path_constrained_greedy,2,2,2,True
MMOT,official_detector,confirmation38,data47-3,bike,ocsort,controlled_partial_hungarian,11,8,8,True
MMOT,official_detector,confirmation38,data47-3,car,ocsort,controlled_partial_hungarian,9,8,8,True
MMOT,official_detector,confirmation38,data47-3,pedestrian,ocsort,controlled_partial_hungarian,32,9,9,True
MMOT,official_detector,confirmation38,data47-3,bike,ocsort,path_constrained_greedy,11,8,8,True
MMOT,official_detector,confirmation38,data47-3,car,ocsort,path_constrained_greedy,9,8,8,True
MMOT,official_detector,confirmation38,data47-3,pedestrian,ocsort,path_constrained_greedy,32,8,8,True
MMOT,official_detector,confirmation38,data47-4,bike,bytetrack,controlled_partial_hungarian,10,8,8,True
MMOT,official_detector,confirmation38,data47-4,car,bytetrack,controlled_partial_hungarian,10,7,7,True
MMOT,official_detector,confirmation38,data47-4,pedestrian,bytetrack,controlled_partial_hungarian,4,3,3,True
MMOT,official_detector,confirmation38,data47-4,bike,bytetrack,path_constrained_greedy,10,8,8,True
MMOT,official_detector,confirmation38,data47-4,car,bytetrack,path_constrained_greedy,10,7,7,True
MMOT,official_detector,confirmation38,data47-4,pedestrian,bytetrack,path_constrained_greedy,4,3,3,True
MMOT,official_detector,confirmation38,data47-4,bike,deepocsort,controlled_partial_hungarian,1,1,1,True
MMOT,official_detector,confirmation38,data47-4,car,deepocsort,controlled_partial_hungarian,2,2,2,True
MMOT,official_detector,confirmation38,data47-4,pedestrian,deepocsort,controlled_partial_hungarian,1,1,1,True
MMOT,official_detector,confirmation38,data47-4,bike,deepocsort,path_constrained_greedy,1,1,1,True
MMOT,official_detector,confirmation38,data47-4,car,deepocsort,path_constrained_greedy,2,2,2,True
MMOT,official_detector,confirmation38,data47-4,pedestrian,deepocsort,path_constrained_greedy,1,1,1,True
MMOT,official_detector,confirmation38,data47-4,bike,ocsort,controlled_partial_hungarian,2,2,2,True
MMOT,official_detector,confirmation38,data47-4,car,ocsort,controlled_partial_hungarian,5,4,4,True
MMOT,official_detector,confirmation38,data47-4,pedestrian,ocsort,controlled_partial_hungarian,1,1,1,True
MMOT,official_detector,confirmation38,data47-4,bike,ocsort,path_constrained_greedy,2,2,2,True
MMOT,official_detector,confirmation38,data47-4,car,ocsort,path_constrained_greedy,5,4,4,True
MMOT,official_detector,confirmation38,data47-4,pedestrian,ocsort,path_constrained_greedy,1,1,1,True
MMOT,official_detector,confirmation38,data48-1,pedestrian,bytetrack,controlled_partial_hungarian,2,2,2,True
MMOT,official_detector,confirmation38,data48-1,pedestrian,bytetrack,path_constrained_greedy,2,2,2,True
MMOT,official_detector,confirmation38,data48-1,pedestrian,deepocsort,controlled_partial_hungarian,1,1,1,True
MMOT,official_detector,confirmation38,data48-1,pedestrian,deepocsort,path_constrained_greedy,1,1,1,True
MMOT,official_detector,confirmation38,data48-1,car,ocsort,controlled_partial_hungarian,1,1,1,True
MMOT,official_detector,confirmation38,data48-1,pedestrian,ocsort,controlled_partial_hungarian,84,20,20,True
MMOT,official_detector,confirmation38,data48-1,car,ocsort,path_constrained_greedy,1,1,1,True
MMOT,official_detector,confirmation38,data48-1,pedestrian,ocsort,path_constrained_greedy,84,20,20,True
MMOT,official_detector,confirmation38,data49-2,car,bytetrack,controlled_partial_hungarian,23,20,20,True
MMOT,official_detector,confirmation38,data49-2,pedestrian,bytetrack,controlled_partial_hungarian,28,14,14,True
MMOT,official_detector,confirmation38,data49-2,van,bytetrack,controlled_partial_hungarian,5,5,5,True
MMOT,official_detector,confirmation38,data49-2,car,bytetrack,path_constrained_greedy,23,20,20,True
MMOT,official_detector,confirmation38,data49-2,pedestrian,bytetrack,path_constrained_greedy,28,14,14,True
MMOT,official_detector,confirmation38,data49-2,van,bytetrack,path_constrained_greedy,5,5,5,True
MMOT,official_detector,confirmation38,data49-2,car,deepocsort,controlled_partial_hungarian,3,3,3,True
MMOT,official_detector,confirmation38,data49-2,pedestrian,deepocsort,controlled_partial_hungarian,3,2,2,True
MMOT,official_detector,confirmation38,data49-2,car,deepocsort,path_constrained_greedy,3,3,3,True
MMOT,official_detector,confirmation38,data49-2,pedestrian,deepocsort,path_constrained_greedy,3,2,2,True
MMOT,official_detector,confirmation38,data49-2,car,ocsort,controlled_partial_hungarian,19,15,15,True
MMOT,official_detector,confirmation38,data49-2,pedestrian,ocsort,controlled_partial_hungarian,10,5,5,True
MMOT,official_detector,confirmation38,data49-2,van,ocsort,controlled_partial_hungarian,1,1,1,True
MMOT,official_detector,confirmation38,data49-2,car,ocsort,path_constrained_greedy,19,15,15,True
MMOT,official_detector,confirmation38,data49-2,pedestrian,ocsort,path_constrained_greedy,10,5,5,True
MMOT,official_detector,confirmation38,data49-2,van,ocsort,path_constrained_greedy,1,1,1,True
MMOT,oracle_aabb,confirmation38,data23-1,pedestrian,bytetrack,controlled_partial_hungarian,80,31,31,True
MMOT,oracle_aabb,confirmation38,data23-1,pedestrian,bytetrack,path_constrained_greedy,80,26,26,True
MMOT,oracle_aabb,confirmation38,data23-1,pedestrian,deepocsort,controlled_partial_hungarian,1,1,1,True
MMOT,oracle_aabb,confirmation38,data23-1,pedestrian,deepocsort,path_constrained_greedy,1,1,1,True
MMOT,oracle_aabb,confirmation38,data23-1,pedestrian,ocsort,controlled_partial_hungarian,20,10,10,True
MMOT,oracle_aabb,confirmation38,data23-1,pedestrian,ocsort,path_constrained_greedy,20,9,9,True
MMOT,oracle_aabb,confirmation38,data24-1,awning-bike,bytetrack,controlled_partial_hungarian,92,76,76,True
MMOT,oracle_aabb,confirmation38,data24-1,bike,bytetrack,controlled_partial_hungarian,129,98,98,True
MMOT,oracle_aabb,confirmation38,data24-1,car,bytetrack,controlled_partial_hungarian,2,2,2,True
MMOT,oracle_aabb,confirmation38,data24-1,pedestrian,bytetrack,controlled_partial_hungarian,727,265,265,True
MMOT,oracle_aabb,confirmation38,data24-1,tricycle,bytetrack,controlled_partial_hungarian,1,1,1,True
MMOT,oracle_aabb,confirmation38,data24-1,awning-bike,bytetrack,path_constrained_greedy,92,76,76,True
MMOT,oracle_aabb,confirmation38,data24-1,bike,bytetrack,path_constrained_greedy,129,97,97,True
MMOT,oracle_aabb,confirmation38,data24-1,car,bytetrack,path_constrained_greedy,2,2,2,True
MMOT,oracle_aabb,confirmation38,data24-1,pedestrian,bytetrack,path_constrained_greedy,727,253,253,True
MMOT,oracle_aabb,confirmation38,data24-1,tricycle,bytetrack,path_constrained_greedy,1,1,1,True
MMOT,oracle_aabb,confirmation38,data24-1,car,deepocsort,controlled_partial_hungarian,3,3,3,True
MMOT,oracle_aabb,confirmation38,data24-1,pedestrian,deepocsort,controlled_partial_hungarian,302,135,135,True
MMOT,oracle_aabb,confirmation38,data24-1,car,deepocsort,path_constrained_greedy,3,3,3,True
MMOT,oracle_aabb,confirmation38,data24-1,pedestrian,deepocsort,path_constrained_greedy,302,128,128,True
MMOT,oracle_aabb,confirmation38,data24-1,awning-bike,ocsort,controlled_partial_hungarian,23,21,21,True
MMOT,oracle_aabb,confirmation38,data24-1,bike,ocsort,controlled_partial_hungarian,14,12,12,True
MMOT,oracle_aabb,confirmation38,data24-1,car,ocsort,controlled_partial_hungarian,4,3,3,True
MMOT,oracle_aabb,confirmation38,data24-1,pedestrian,ocsort,controlled_partial_hungarian,40,26,26,True
MMOT,oracle_aabb,confirmation38,data24-1,awning-bike,ocsort,path_constrained_greedy,23,21,21,True
MMOT,oracle_aabb,confirmation38,data24-1,bike,ocsort,path_constrained_greedy,14,12,12,True
MMOT,oracle_aabb,confirmation38,data24-1,car,ocsort,path_constrained_greedy,4,3,3,True
MMOT,oracle_aabb,confirmation38,data24-1,pedestrian,ocsort,path_constrained_greedy,40,26,26,True
MMOT,oracle_aabb,confirmation38,data27-1,car,bytetrack,controlled_partial_hungarian,2,2,2,True
MMOT,oracle_aabb,confirmation38,data27-1,pedestrian,bytetrack,controlled_partial_hungarian,2,1,1,True
MMOT,oracle_aabb,confirmation38,data27-1,van,bytetrack,controlled_partial_hungarian,2,1,1,True
MMOT,oracle_aabb,confirmation38,data27-1,car,bytetrack,path_constrained_greedy,2,2,2,True
MMOT,oracle_aabb,confirmation38,data27-1,pedestrian,bytetrack,path_constrained_greedy,2,1,1,True
MMOT,oracle_aabb,confirmation38,data27-1,van,bytetrack,path_constrained_greedy,2,1,1,True
MMOT,oracle_aabb,confirmation38,data27-1,pedestrian,ocsort,controlled_partial_hungarian,3,2,2,True
MMOT,oracle_aabb,confirmation38,data27-1,pedestrian,ocsort,path_constrained_greedy,3,2,2,True
MMOT,oracle_aabb,legacy12,data28-1,awning-bike,bytetrack,controlled_partial_hungarian,8,6,6,True
MMOT,oracle_aabb,legacy12,data28-1,car,bytetrack,controlled_partial_hungarian,225,78,78,True
MMOT,oracle_aabb,legacy12,data28-1,pedestrian,bytetrack,controlled_partial_hungarian,43,18,18,True
MMOT,oracle_aabb,legacy12,data28-1,van,bytetrack,controlled_partial_hungarian,6,5,5,True
MMOT,oracle_aabb,legacy12,data28-1,awning-bike,bytetrack,path_constrained_greedy,8,6,6,True
MMOT,oracle_aabb,legacy12,data28-1,car,bytetrack,path_constrained_greedy,225,72,72,True
MMOT,oracle_aabb,legacy12,data28-1,pedestrian,bytetrack,path_constrained_greedy,43,18,18,True
MMOT,oracle_aabb,legacy12,data28-1,van,bytetrack,path_constrained_greedy,6,5,5,True
MMOT,oracle_aabb,legacy12,data28-1,truck,deepocsort,controlled_partial_hungarian,1,1,1,True
MMOT,oracle_aabb,legacy12,data28-1,truck,deepocsort,path_constrained_greedy,1,1,1,True
MMOT,oracle_aabb,legacy12,data28-1,car,ocsort,controlled_partial_hungarian,214,94,94,True
MMOT,oracle_aabb,legacy12,data28-1,van,ocsort,controlled_partial_hungarian,1,1,1,True
MMOT,oracle_aabb,legacy12,data28-1,car,ocsort,path_constrained_greedy,214,86,86,True
MMOT,oracle_aabb,legacy12,data28-1,van,ocsort,path_constrained_greedy,1,1,1,True
MMOT,oracle_aabb,legacy12,data28-2,car,bytetrack,controlled_partial_hungarian,2,2,2,True
MMOT,oracle_aabb,legacy12,data28-2,tricycle,bytetrack,controlled_partial_hungarian,3,3,3,True
MMOT,oracle_aabb,legacy12,data28-2,car,bytetrack,path_constrained_greedy,2,2,2,True
MMOT,oracle_aabb,legacy12,data28-2,tricycle,bytetrack,path_constrained_greedy,3,3,3,True
MMOT,oracle_aabb,legacy12,data28-2,awning-bike,deepocsort,controlled_partial_hungarian,1,1,1,True
MMOT,oracle_aabb,legacy12,data28-2,tricycle,deepocsort,controlled_partial_hungarian,2,2,2,True
MMOT,oracle_aabb,legacy12,data28-2,awning-bike,deepocsort,path_constrained_greedy,1,1,1,True
MMOT,oracle_aabb,legacy12,data28-2,tricycle,deepocsort,path_constrained_greedy,2,2,2,True
MMOT,oracle_aabb,legacy12,data28-2,awning-bike,ocsort,controlled_partial_hungarian,1,1,1,True
MMOT,oracle_aabb,legacy12,data28-2,car,ocsort,controlled_partial_hungarian,72,33,33,True
MMOT,oracle_aabb,legacy12,data28-2,tricycle,ocsort,controlled_partial_hungarian,2,2,2,True
MMOT,oracle_aabb,legacy12,data28-2,awning-bike,ocsort,path_constrained_greedy,1,1,1,True
MMOT,oracle_aabb,legacy12,data28-2,car,ocsort,path_constrained_greedy,72,31,31,True
MMOT,oracle_aabb,legacy12,data28-2,tricycle,ocsort,path_constrained_greedy,2,2,2,True
MMOT,oracle_aabb,legacy12,data28-4,car,bytetrack,controlled_partial_hungarian,1,1,1,True
MMOT,oracle_aabb,legacy12,data28-4,car,bytetrack,path_constrained_greedy,1,1,1,True
MMOT,oracle_aabb,legacy12,data28-4,truck,deepocsort,controlled_partial_hungarian,1,1,1,True
MMOT,oracle_aabb,legacy12,data28-4,truck,deepocsort,path_constrained_greedy,1,1,1,True
MMOT,oracle_aabb,legacy12,data28-5,bike,deepocsort,controlled_partial_hungarian,2,2,2,True
MMOT,oracle_aabb,legacy12,data28-5,car,deepocsort,controlled_partial_hungarian,6,5,5,True
MMOT,oracle_aabb,legacy12,data28-5,pedestrian,deepocsort,controlled_partial_hungarian,6,5,5,True
MMOT,oracle_aabb,legacy12,data28-5,bike,deepocsort,path_constrained_greedy,2,2,2,True
MMOT,oracle_aabb,legacy12,data28-5,car,deepocsort,path_constrained_greedy,6,5,5,True
MMOT,oracle_aabb,legacy12,data28-5,pedestrian,deepocsort,path_constrained_greedy,6,5,5,True
MMOT,oracle_aabb,legacy12,data28-5,bike,ocsort,controlled_partial_hungarian,2,2,2,True
MMOT,oracle_aabb,legacy12,data28-5,car,ocsort,controlled_partial_hungarian,6,5,5,True
MMOT,oracle_aabb,legacy12,data28-5,pedestrian,ocsort,controlled_partial_hungarian,10,6,6,True
MMOT,oracle_aabb,legacy12,data28-5,bike,ocsort,path_constrained_greedy,2,2,2,True
MMOT,oracle_aabb,legacy12,data28-5,car,ocsort,path_constrained_greedy,6,5,5,True
MMOT,oracle_aabb,legacy12,data28-5,pedestrian,ocsort,path_constrained_greedy,10,6,6,True
MMOT,oracle_aabb,legacy12,data28-6,truck,bytetrack,controlled_partial_hungarian,2,1,1,True
MMOT,oracle_aabb,legacy12,data28-6,truck,bytetrack,path_constrained_greedy,2,1,1,True
MMOT,oracle_aabb,legacy12,data28-6,truck,ocsort,controlled_partial_hungarian,1,1,1,True
MMOT,oracle_aabb,legacy12,data28-6,truck,ocsort,path_constrained_greedy,1,1,1,True
MMOT,oracle_aabb,legacy12,data30-10,awning-bike,bytetrack,controlled_partial_hungarian,53,34,34,True
MMOT,oracle_aabb,legacy12,data30-10,bike,bytetrack,controlled_partial_hungarian,20,15,15,True
MMOT,oracle_aabb,legacy12,data30-10,car,bytetrack,controlled_partial_hungarian,21,14,14,True
MMOT,oracle_aabb,legacy12,data30-10,pedestrian,bytetrack,controlled_partial_hungarian,90,47,47,True
MMOT,oracle_aabb,legacy12,data30-10,tricycle,bytetrack,controlled_partial_hungarian,1,1,1,True
MMOT,oracle_aabb,legacy12,data30-10,awning-bike,bytetrack,path_constrained_greedy,53,33,33,True
MMOT,oracle_aabb,legacy12,data30-10,bike,bytetrack,path_constrained_greedy,20,15,15,True
MMOT,oracle_aabb,legacy12,data30-10,car,bytetrack,path_constrained_greedy,21,14,14,True
MMOT,oracle_aabb,legacy12,data30-10,pedestrian,bytetrack,path_constrained_greedy,90,46,46,True
MMOT,oracle_aabb,legacy12,data30-10,tricycle,bytetrack,path_constrained_greedy,1,1,1,True
MMOT,oracle_aabb,legacy12,data30-10,awning-bike,deepocsort,controlled_partial_hungarian,5,4,4,True
MMOT,oracle_aabb,legacy12,data30-10,pedestrian,deepocsort,controlled_partial_hungarian,21,16,16,True
MMOT,oracle_aabb,legacy12,data30-10,awning-bike,deepocsort,path_constrained_greedy,5,4,4,True
MMOT,oracle_aabb,legacy12,data30-10,pedestrian,deepocsort,path_constrained_greedy,21,16,16,True
MMOT,oracle_aabb,legacy12,data30-10,awning-bike,ocsort,controlled_partial_hungarian,46,22,22,True
MMOT,oracle_aabb,legacy12,data30-10,bike,ocsort,controlled_partial_hungarian,31,14,14,True
MMOT,oracle_aabb,legacy12,data30-10,car,ocsort,controlled_partial_hungarian,48,23,23,True
MMOT,oracle_aabb,legacy12,data30-10,pedestrian,ocsort,controlled_partial_hungarian,296,99,99,True
MMOT,oracle_aabb,legacy12,data30-10,tricycle,ocsort,controlled_partial_hungarian,4,3,3,True
MMOT,oracle_aabb,legacy12,data30-10,awning-bike,ocsort,path_constrained_greedy,46,22,22,True
MMOT,oracle_aabb,legacy12,data30-10,bike,ocsort,path_constrained_greedy,31,14,14,True
MMOT,oracle_aabb,legacy12,data30-10,car,ocsort,path_constrained_greedy,48,23,23,True
MMOT,oracle_aabb,legacy12,data30-10,pedestrian,ocsort,path_constrained_greedy,296,99,99,True
MMOT,oracle_aabb,legacy12,data30-10,tricycle,ocsort,path_constrained_greedy,4,3,3,True
MMOT,oracle_aabb,legacy12,data30-2,awning-bike,bytetrack,controlled_partial_hungarian,65,26,26,True
MMOT,oracle_aabb,legacy12,data30-2,bike,bytetrack,controlled_partial_hungarian,35,21,21,True
MMOT,oracle_aabb,legacy12,data30-2,car,bytetrack,controlled_partial_hungarian,48,33,33,True
MMOT,oracle_aabb,legacy12,data30-2,pedestrian,bytetrack,controlled_partial_hungarian,165,73,73,True
MMOT,oracle_aabb,legacy12,data30-2,tricycle,bytetrack,controlled_partial_hungarian,18,10,10,True
MMOT,oracle_aabb,legacy12,data30-2,van,bytetrack,controlled_partial_hungarian,4,3,3,True
MMOT,oracle_aabb,legacy12,data30-2,awning-bike,bytetrack,path_constrained_greedy,65,23,23,True
MMOT,oracle_aabb,legacy12,data30-2,bike,bytetrack,path_constrained_greedy,35,18,18,True
MMOT,oracle_aabb,legacy12,data30-2,car,bytetrack,path_constrained_greedy,48,32,32,True
MMOT,oracle_aabb,legacy12,data30-2,pedestrian,bytetrack,path_constrained_greedy,165,70,70,True
MMOT,oracle_aabb,legacy12,data30-2,tricycle,bytetrack,path_constrained_greedy,18,10,10,True
MMOT,oracle_aabb,legacy12,data30-2,van,bytetrack,path_constrained_greedy,4,3,3,True
MMOT,oracle_aabb,legacy12,data30-2,awning-bike,deepocsort,controlled_partial_hungarian,2,2,2,True
MMOT,oracle_aabb,legacy12,data30-2,bike,deepocsort,controlled_partial_hungarian,1,1,1,True
MMOT,oracle_aabb,legacy12,data30-2,car,deepocsort,controlled_partial_hungarian,1,1,1,True
MMOT,oracle_aabb,legacy12,data30-2,pedestrian,deepocsort,controlled_partial_hungarian,76,38,38,True
MMOT,oracle_aabb,legacy12,data30-2,tricycle,deepocsort,controlled_partial_hungarian,1,1,1,True
MMOT,oracle_aabb,legacy12,data30-2,awning-bike,deepocsort,path_constrained_greedy,2,2,2,True
MMOT,oracle_aabb,legacy12,data30-2,bike,deepocsort,path_constrained_greedy,1,1,1,True
MMOT,oracle_aabb,legacy12,data30-2,car,deepocsort,path_constrained_greedy,1,1,1,True
MMOT,oracle_aabb,legacy12,data30-2,pedestrian,deepocsort,path_constrained_greedy,76,38,38,True
MMOT,oracle_aabb,legacy12,data30-2,tricycle,deepocsort,path_constrained_greedy,1,1,1,True
MMOT,oracle_aabb,legacy12,data30-2,awning-bike,ocsort,controlled_partial_hungarian,25,12,12,True
MMOT,oracle_aabb,legacy12,data30-2,bike,ocsort,controlled_partial_hungarian,14,11,11,True
MMOT,oracle_aabb,legacy12,data30-2,car,ocsort,controlled_partial_hungarian,48,35,35,True
MMOT,oracle_aabb,legacy12,data30-2,pedestrian,ocsort,controlled_partial_hungarian,59,34,34,True
MMOT,oracle_aabb,legacy12,data30-2,tricycle,ocsort,controlled_partial_hungarian,11,7,7,True
MMOT,oracle_aabb,legacy12,data30-2,van,ocsort,controlled_partial_hungarian,3,3,3,True
MMOT,oracle_aabb,legacy12,data30-2,awning-bike,ocsort,path_constrained_greedy,25,10,10,True
MMOT,oracle_aabb,legacy12,data30-2,bike,ocsort,path_constrained_greedy,14,9,9,True
MMOT,oracle_aabb,legacy12,data30-2,car,ocsort,path_constrained_greedy,48,35,35,True
MMOT,oracle_aabb,legacy12,data30-2,pedestrian,ocsort,path_constrained_greedy,59,33,33,True
MMOT,oracle_aabb,legacy12,data30-2,tricycle,ocsort,path_constrained_greedy,11,6,6,True
MMOT,oracle_aabb,legacy12,data30-2,van,ocsort,path_constrained_greedy,3,3,3,True
MMOT,oracle_aabb,legacy12,data30-3,awning-bike,bytetrack,controlled_partial_hungarian,38,30,30,True
MMOT,oracle_aabb,legacy12,data30-3,bike,bytetrack,controlled_partial_hungarian,24,19,19,True
MMOT,oracle_aabb,legacy12,data30-3,bus,bytetrack,controlled_partial_hungarian,1,1,1,True
MMOT,oracle_aabb,legacy12,data30-3,car,bytetrack,controlled_partial_hungarian,46,32,32,True
MMOT,oracle_aabb,legacy12,data30-3,pedestrian,bytetrack,controlled_partial_hungarian,437,122,122,True
MMOT,oracle_aabb,legacy12,data30-3,tricycle,bytetrack,controlled_partial_hungarian,11,8,8,True
MMOT,oracle_aabb,legacy12,data30-3,truck,bytetrack,controlled_partial_hungarian,1,1,1,True
MMOT,oracle_aabb,legacy12,data30-3,van,bytetrack,controlled_partial_hungarian,11,5,5,True
MMOT,oracle_aabb,legacy12,data30-3,awning-bike,bytetrack,path_constrained_greedy,38,30,30,True
MMOT,oracle_aabb,legacy12,data30-3,bike,bytetrack,path_constrained_greedy,24,19,19,True
MMOT,oracle_aabb,legacy12,data30-3,bus,bytetrack,path_constrained_greedy,1,1,1,True
MMOT,oracle_aabb,legacy12,data30-3,car,bytetrack,path_constrained_greedy,46,31,31,True
MMOT,oracle_aabb,legacy12,data30-3,pedestrian,bytetrack,path_constrained_greedy,437,119,119,True
MMOT,oracle_aabb,legacy12,data30-3,tricycle,bytetrack,path_constrained_greedy,11,8,8,True
MMOT,oracle_aabb,legacy12,data30-3,truck,bytetrack,path_constrained_greedy,1,1,1,True
MMOT,oracle_aabb,legacy12,data30-3,van,bytetrack,path_constrained_greedy,11,5,5,True
MMOT,oracle_aabb,legacy12,data30-3,awning-bike,deepocsort,controlled_partial_hungarian,1,1,1,True
MMOT,oracle_aabb,legacy12,data30-3,bike,deepocsort,controlled_partial_hungarian,3,3,3,True
MMOT,oracle_aabb,legacy12,data30-3,car,deepocsort,controlled_partial_hungarian,2,2,2,True
MMOT,oracle_aabb,legacy12,data30-3,pedestrian,deepocsort,controlled_partial_hungarian,23,19,19,True
MMOT,oracle_aabb,legacy12,data30-3,awning-bike,deepocsort,path_constrained_greedy,1,1,1,True
MMOT,oracle_aabb,legacy12,data30-3,bike,deepocsort,path_constrained_greedy,3,3,3,True
MMOT,oracle_aabb,legacy12,data30-3,car,deepocsort,path_constrained_greedy,2,2,2,True
MMOT,oracle_aabb,legacy12,data30-3,pedestrian,deepocsort,path_constrained_greedy,23,18,18,True
MMOT,oracle_aabb,legacy12,data30-3,awning-bike,ocsort,controlled_partial_hungarian,17,11,11,True
MMOT,oracle_aabb,legacy12,data30-3,bike,ocsort,controlled_partial_hungarian,18,13,13,True
MMOT,oracle_aabb,legacy12,data30-3,bus,ocsort,controlled_partial_hungarian,1,1,1,True
MMOT,oracle_aabb,legacy12,data30-3,car,ocsort,controlled_partial_hungarian,59,43,43,True
MMOT,oracle_aabb,legacy12,data30-3,pedestrian,ocsort,controlled_partial_hungarian,264,88,88,True
MMOT,oracle_aabb,legacy12,data30-3,tricycle,ocsort,controlled_partial_hungarian,5,5,5,True
MMOT,oracle_aabb,legacy12,data30-3,truck,ocsort,controlled_partial_hungarian,1,1,1,True
MMOT,oracle_aabb,legacy12,data30-3,van,ocsort,controlled_partial_hungarian,5,4,4,True
MMOT,oracle_aabb,legacy12,data30-3,awning-bike,ocsort,path_constrained_greedy,17,11,11,True
MMOT,oracle_aabb,legacy12,data30-3,bike,ocsort,path_constrained_greedy,18,13,13,True
MMOT,oracle_aabb,legacy12,data30-3,bus,ocsort,path_constrained_greedy,1,1,1,True
MMOT,oracle_aabb,legacy12,data30-3,car,ocsort,path_constrained_greedy,59,40,40,True
MMOT,oracle_aabb,legacy12,data30-3,pedestrian,ocsort,path_constrained_greedy,264,85,85,True
MMOT,oracle_aabb,legacy12,data30-3,tricycle,ocsort,path_constrained_greedy,5,5,5,True
MMOT,oracle_aabb,legacy12,data30-3,truck,ocsort,path_constrained_greedy,1,1,1,True
MMOT,oracle_aabb,legacy12,data30-3,van,ocsort,path_constrained_greedy,5,4,4,True
MMOT,oracle_aabb,legacy12,data30-4,awning-bike,bytetrack,controlled_partial_hungarian,5,5,5,True
MMOT,oracle_aabb,legacy12,data30-4,bike,bytetrack,controlled_partial_hungarian,1,1,1,True
MMOT,oracle_aabb,legacy12,data30-4,car,bytetrack,controlled_partial_hungarian,12,10,10,True
MMOT,oracle_aabb,legacy12,data30-4,pedestrian,bytetrack,controlled_partial_hungarian,194,67,67,True
MMOT,oracle_aabb,legacy12,data30-4,truck,bytetrack,controlled_partial_hungarian,2,2,2,True
MMOT,oracle_aabb,legacy12,data30-4,van,bytetrack,controlled_partial_hungarian,6,4,4,True
MMOT,oracle_aabb,legacy12,data30-4,awning-bike,bytetrack,path_constrained_greedy,5,5,5,True
MMOT,oracle_aabb,legacy12,data30-4,bike,bytetrack,path_constrained_greedy,1,1,1,True
MMOT,oracle_aabb,legacy12,data30-4,car,bytetrack,path_constrained_greedy,12,9,9,True
MMOT,oracle_aabb,legacy12,data30-4,pedestrian,bytetrack,path_constrained_greedy,194,61,61,True
MMOT,oracle_aabb,legacy12,data30-4,truck,bytetrack,path_constrained_greedy,2,2,2,True
MMOT,oracle_aabb,legacy12,data30-4,van,bytetrack,path_constrained_greedy,6,4,4,True
MMOT,oracle_aabb,legacy12,data30-4,awning-bike,deepocsort,controlled_partial_hungarian,3,2,2,True
MMOT,oracle_aabb,legacy12,data30-4,pedestrian,deepocsort,controlled_partial_hungarian,61,31,31,True
MMOT,oracle_aabb,legacy12,data30-4,awning-bike,deepocsort,path_constrained_greedy,3,2,2,True
MMOT,oracle_aabb,legacy12,data30-4,pedestrian,deepocsort,path_constrained_greedy,61,31,31,True
MMOT,oracle_aabb,legacy12,data30-4,awning-bike,ocsort,controlled_partial_hungarian,5,4,4,True
MMOT,oracle_aabb,legacy12,data30-4,bus,ocsort,controlled_partial_hungarian,2,2,2,True
MMOT,oracle_aabb,legacy12,data30-4,car,ocsort,controlled_partial_hungarian,40,21,21,True
MMOT,oracle_aabb,legacy12,data30-4,pedestrian,ocsort,controlled_partial_hungarian,49,25,25,True
MMOT,oracle_aabb,legacy12,data30-4,truck,ocsort,controlled_partial_hungarian,3,2,2,True
MMOT,oracle_aabb,legacy12,data30-4,van,ocsort,controlled_partial_hungarian,5,4,4,True
MMOT,oracle_aabb,legacy12,data30-4,awning-bike,ocsort,path_constrained_greedy,5,4,4,True
MMOT,oracle_aabb,legacy12,data30-4,bus,ocsort,path_constrained_greedy,2,2,2,True
MMOT,oracle_aabb,legacy12,data30-4,car,ocsort,path_constrained_greedy,40,19,19,True
MMOT,oracle_aabb,legacy12,data30-4,pedestrian,ocsort,path_constrained_greedy,49,25,25,True
MMOT,oracle_aabb,legacy12,data30-4,truck,ocsort,path_constrained_greedy,3,2,2,True
MMOT,oracle_aabb,legacy12,data30-4,van,ocsort,path_constrained_greedy,5,4,4,True
MMOT,oracle_aabb,legacy12,data30-5,bike,bytetrack,controlled_partial_hungarian,2,2,2,True
MMOT,oracle_aabb,legacy12,data30-5,bus,bytetrack,controlled_partial_hungarian,1,1,1,True
MMOT,oracle_aabb,legacy12,data30-5,car,bytetrack,controlled_partial_hungarian,4,4,4,True
MMOT,oracle_aabb,legacy12,data30-5,pedestrian,bytetrack,controlled_partial_hungarian,139,47,47,True
MMOT,oracle_aabb,legacy12,data30-5,bike,bytetrack,path_constrained_greedy,2,2,2,True
MMOT,oracle_aabb,legacy12,data30-5,bus,bytetrack,path_constrained_greedy,1,1,1,True
MMOT,oracle_aabb,legacy12,data30-5,car,bytetrack,path_constrained_greedy,4,4,4,True
MMOT,oracle_aabb,legacy12,data30-5,pedestrian,bytetrack,path_constrained_greedy,139,44,44,True
MMOT,oracle_aabb,legacy12,data30-5,car,deepocsort,controlled_partial_hungarian,1,1,1,True
MMOT,oracle_aabb,legacy12,data30-5,pedestrian,deepocsort,controlled_partial_hungarian,27,12,12,True
MMOT,oracle_aabb,legacy12,data30-5,car,deepocsort,path_constrained_greedy,1,1,1,True
MMOT,oracle_aabb,legacy12,data30-5,pedestrian,deepocsort,path_constrained_greedy,27,12,12,True
MMOT,oracle_aabb,legacy12,data30-5,bike,ocsort,controlled_partial_hungarian,3,3,3,True
MMOT,oracle_aabb,legacy12,data30-5,bus,ocsort,controlled_partial_hungarian,3,3,3,True
MMOT,oracle_aabb,legacy12,data30-5,car,ocsort,controlled_partial_hungarian,8,7,7,True
MMOT,oracle_aabb,legacy12,data30-5,pedestrian,ocsort,controlled_partial_hungarian,64,24,24,True
MMOT,oracle_aabb,legacy12,data30-5,van,ocsort,controlled_partial_hungarian,2,2,2,True
MMOT,oracle_aabb,legacy12,data30-5,bike,ocsort,path_constrained_greedy,3,3,3,True
MMOT,oracle_aabb,legacy12,data30-5,bus,ocsort,path_constrained_greedy,3,3,3,True
MMOT,oracle_aabb,legacy12,data30-5,car,ocsort,path_constrained_greedy,8,7,7,True
MMOT,oracle_aabb,legacy12,data30-5,pedestrian,ocsort,path_constrained_greedy,64,23,23,True
MMOT,oracle_aabb,legacy12,data30-5,van,ocsort,path_constrained_greedy,2,2,2,True
MMOT,oracle_aabb,legacy12,data30-9,awning-bike,bytetrack,controlled_partial_hungarian,134,53,53,True
MMOT,oracle_aabb,legacy12,data30-9,bike,bytetrack,controlled_partial_hungarian,89,33,33,True
MMOT,oracle_aabb,legacy12,data30-9,car,bytetrack,controlled_partial_hungarian,1,1,1,True
MMOT,oracle_aabb,legacy12,data30-9,pedestrian,bytetrack,controlled_partial_hungarian,60,22,22,True
MMOT,oracle_aabb,legacy12,data30-9,van,bytetrack,controlled_partial_hungarian,1,1,1,True
MMOT,oracle_aabb,legacy12,data30-9,awning-bike,bytetrack,path_constrained_greedy,134,51,51,True
MMOT,oracle_aabb,legacy12,data30-9,bike,bytetrack,path_constrained_greedy,89,32,32,True
MMOT,oracle_aabb,legacy12,data30-9,car,bytetrack,path_constrained_greedy,1,1,1,True
MMOT,oracle_aabb,legacy12,data30-9,pedestrian,bytetrack,path_constrained_greedy,60,21,21,True
MMOT,oracle_aabb,legacy12,data30-9,van,bytetrack,path_constrained_greedy,1,1,1,True
MMOT,oracle_aabb,legacy12,data30-9,awning-bike,deepocsort,controlled_partial_hungarian,3,2,2,True
MMOT,oracle_aabb,legacy12,data30-9,pedestrian,deepocsort,controlled_partial_hungarian,21,14,14,True
MMOT,oracle_aabb,legacy12,data30-9,awning-bike,deepocsort,path_constrained_greedy,3,2,2,True
MMOT,oracle_aabb,legacy12,data30-9,pedestrian,deepocsort,path_constrained_greedy,21,14,14,True
MMOT,oracle_aabb,legacy12,data30-9,awning-bike,ocsort,controlled_partial_hungarian,105,28,28,True
MMOT,oracle_aabb,legacy12,data30-9,bike,ocsort,controlled_partial_hungarian,86,19,19,True
MMOT,oracle_aabb,legacy12,data30-9,pedestrian,ocsort,controlled_partial_hungarian,526,106,106,True
MMOT,oracle_aabb,legacy12,data30-9,tricycle,ocsort,controlled_partial_hungarian,2,2,2,True
MMOT,oracle_aabb,legacy12,data30-9,van,ocsort,controlled_partial_hungarian,2,2,2,True
MMOT,oracle_aabb,legacy12,data30-9,awning-bike,ocsort,path_constrained_greedy,105,26,26,True
MMOT,oracle_aabb,legacy12,data30-9,bike,ocsort,path_constrained_greedy,86,18,18,True
MMOT,oracle_aabb,legacy12,data30-9,pedestrian,ocsort,path_constrained_greedy,526,106,106,True
MMOT,oracle_aabb,legacy12,data30-9,tricycle,ocsort,path_constrained_greedy,2,2,2,True
MMOT,oracle_aabb,legacy12,data30-9,van,ocsort,path_constrained_greedy,2,2,2,True
MMOT,oracle_aabb,confirmation38,data31-1,pedestrian,bytetrack,controlled_partial_hungarian,63,42,42,True
MMOT,oracle_aabb,confirmation38,data31-1,pedestrian,bytetrack,path_constrained_greedy,63,42,42,True
MMOT,oracle_aabb,confirmation38,data31-1,pedestrian,deepocsort,controlled_partial_hungarian,2,2,2,True
MMOT,oracle_aabb,confirmation38,data31-1,pedestrian,deepocsort,path_constrained_greedy,2,2,2,True
MMOT,oracle_aabb,confirmation38,data31-1,pedestrian,ocsort,controlled_partial_hungarian,13,8,8,True
MMOT,oracle_aabb,confirmation38,data31-1,pedestrian,ocsort,path_constrained_greedy,13,8,8,True
MMOT,oracle_aabb,confirmation38,data33-1,pedestrian,bytetrack,controlled_partial_hungarian,202,68,68,True
MMOT,oracle_aabb,confirmation38,data33-1,pedestrian,bytetrack,path_constrained_greedy,202,66,66,True
MMOT,oracle_aabb,confirmation38,data33-1,pedestrian,deepocsort,controlled_partial_hungarian,10,10,10,True
MMOT,oracle_aabb,confirmation38,data33-1,pedestrian,deepocsort,path_constrained_greedy,10,10,10,True
MMOT,oracle_aabb,confirmation38,data33-1,pedestrian,ocsort,controlled_partial_hungarian,17,11,11,True
MMOT,oracle_aabb,confirmation38,data33-1,pedestrian,ocsort,path_constrained_greedy,17,11,11,True
MMOT,oracle_aabb,confirmation38,data34-1,car,bytetrack,controlled_partial_hungarian,6,4,4,True
MMOT,oracle_aabb,confirmation38,data34-1,pedestrian,bytetrack,controlled_partial_hungarian,7234,688,688,True
MMOT,oracle_aabb,confirmation38,data34-1,truck,bytetrack,controlled_partial_hungarian,15,8,8,True
MMOT,oracle_aabb,confirmation38,data34-1,van,bytetrack,controlled_partial_hungarian,2,2,2,True
MMOT,oracle_aabb,confirmation38,data34-1,car,bytetrack,path_constrained_greedy,6,4,4,True
MMOT,oracle_aabb,confirmation38,data34-1,pedestrian,bytetrack,path_constrained_greedy,7234,634,634,True
MMOT,oracle_aabb,confirmation38,data34-1,truck,bytetrack,path_constrained_greedy,15,8,8,True
MMOT,oracle_aabb,confirmation38,data34-1,van,bytetrack,path_constrained_greedy,2,2,2,True
MMOT,oracle_aabb,confirmation38,data34-1,pedestrian,deepocsort,controlled_partial_hungarian,487,138,138,True
MMOT,oracle_aabb,confirmation38,data34-1,pedestrian,deepocsort,path_constrained_greedy,487,133,133,True
MMOT,oracle_aabb,confirmation38,data34-1,car,ocsort,controlled_partial_hungarian,19,10,10,True
MMOT,oracle_aabb,confirmation38,data34-1,pedestrian,ocsort,controlled_partial_hungarian,429,111,111,True
MMOT,oracle_aabb,confirmation38,data34-1,truck,ocsort,controlled_partial_hungarian,15,9,9,True
MMOT,oracle_aabb,confirmation38,data34-1,van,ocsort,controlled_partial_hungarian,1,1,1,True
MMOT,oracle_aabb,confirmation38,data34-1,car,ocsort,path_constrained_greedy,19,10,10,True
MMOT,oracle_aabb,confirmation38,data34-1,pedestrian,ocsort,path_constrained_greedy,429,109,109,True
MMOT,oracle_aabb,confirmation38,data34-1,truck,ocsort,path_constrained_greedy,15,8,8,True
MMOT,oracle_aabb,confirmation38,data34-1,van,ocsort,path_constrained_greedy,1,1,1,True
MMOT,oracle_aabb,confirmation38,data34-2,bike,bytetrack,controlled_partial_hungarian,1,1,1,True
MMOT,oracle_aabb,confirmation38,data34-2,pedestrian,bytetrack,controlled_partial_hungarian,844,109,109,True
MMOT,oracle_aabb,confirmation38,data34-2,bike,bytetrack,path_constrained_greedy,1,1,1,True
MMOT,oracle_aabb,confirmation38,data34-2,pedestrian,bytetrack,path_constrained_greedy,844,106,106,True
MMOT,oracle_aabb,confirmation38,data34-2,pedestrian,deepocsort,controlled_partial_hungarian,40,14,14,True
MMOT,oracle_aabb,confirmation38,data34-2,pedestrian,deepocsort,path_constrained_greedy,40,13,13,True
MMOT,oracle_aabb,confirmation38,data34-2,awning-bike,ocsort,controlled_partial_hungarian,3,2,2,True
MMOT,oracle_aabb,confirmation38,data34-2,bike,ocsort,controlled_partial_hungarian,3,2,2,True
MMOT,oracle_aabb,confirmation38,data34-2,pedestrian,ocsort,controlled_partial_hungarian,39,17,17,True
MMOT,oracle_aabb,confirmation38,data34-2,awning-bike,ocsort,path_constrained_greedy,3,2,2,True
MMOT,oracle_aabb,confirmation38,data34-2,bike,ocsort,path_constrained_greedy,3,2,2,True
MMOT,oracle_aabb,confirmation38,data34-2,pedestrian,ocsort,path_constrained_greedy,39,17,17,True
MMOT,oracle_aabb,confirmation38,data34-3,bike,bytetrack,controlled_partial_hungarian,3,3,3,True
MMOT,oracle_aabb,confirmation38,data34-3,pedestrian,bytetrack,controlled_partial_hungarian,914,123,123,True
MMOT,oracle_aabb,confirmation38,data34-3,truck,bytetrack,controlled_partial_hungarian,1,1,1,True
MMOT,oracle_aabb,confirmation38,data34-3,van,bytetrack,controlled_partial_hungarian,1,1,1,True
MMOT,oracle_aabb,confirmation38,data34-3,bike,bytetrack,path_constrained_greedy,3,3,3,True
MMOT,oracle_aabb,confirmation38,data34-3,pedestrian,bytetrack,path_constrained_greedy,914,116,116,True
MMOT,oracle_aabb,confirmation38,data34-3,truck,bytetrack,path_constrained_greedy,1,1,1,True
MMOT,oracle_aabb,confirmation38,data34-3,van,bytetrack,path_constrained_greedy,1,1,1,True
MMOT,oracle_aabb,confirmation38,data34-3,pedestrian,deepocsort,controlled_partial_hungarian,298,68,68,True
MMOT,oracle_aabb,confirmation38,data34-3,pedestrian,deepocsort,path_constrained_greedy,298,66,66,True
MMOT,oracle_aabb,confirmation38,data34-3,bike,ocsort,controlled_partial_hungarian,4,3,3,True
MMOT,oracle_aabb,confirmation38,data34-3,pedestrian,ocsort,controlled_partial_hungarian,891,129,129,True
MMOT,oracle_aabb,confirmation38,data34-3,van,ocsort,controlled_partial_hungarian,1,1,1,True
MMOT,oracle_aabb,confirmation38,data34-3,bike,ocsort,path_constrained_greedy,4,3,3,True
MMOT,oracle_aabb,confirmation38,data34-3,pedestrian,ocsort,path_constrained_greedy,891,126,126,True
MMOT,oracle_aabb,confirmation38,data34-3,van,ocsort,path_constrained_greedy,1,1,1,True
MMOT,oracle_aabb,confirmation38,data36-10,awning-bike,bytetrack,controlled_partial_hungarian,13,10,10,True
MMOT,oracle_aabb,confirmation38,data36-10,bike,bytetrack,controlled_partial_hungarian,7,7,7,True
MMOT,oracle_aabb,confirmation38,data36-10,car,bytetrack,controlled_partial_hungarian,2,1,1,True
MMOT,oracle_aabb,confirmation38,data36-10,pedestrian,bytetrack,controlled_partial_hungarian,5703,818,818,True
MMOT,oracle_aabb,confirmation38,data36-10,awning-bike,bytetrack,path_constrained_greedy,13,10,10,True
MMOT,oracle_aabb,confirmation38,data36-10,bike,bytetrack,path_constrained_greedy,7,7,7,True
MMOT,oracle_aabb,confirmation38,data36-10,car,bytetrack,path_constrained_greedy,2,1,1,True
MMOT,oracle_aabb,confirmation38,data36-10,pedestrian,bytetrack,path_constrained_greedy,5703,755,755,True
MMOT,oracle_aabb,confirmation38,data36-10,car,deepocsort,controlled_partial_hungarian,2,1,1,True
MMOT,oracle_aabb,confirmation38,data36-10,pedestrian,deepocsort,controlled_partial_hungarian,1218,210,210,True
MMOT,oracle_aabb,confirmation38,data36-10,car,deepocsort,path_constrained_greedy,2,1,1,True
MMOT,oracle_aabb,confirmation38,data36-10,pedestrian,deepocsort,path_constrained_greedy,1218,196,196,True
MMOT,oracle_aabb,confirmation38,data36-10,awning-bike,ocsort,controlled_partial_hungarian,8,6,6,True
MMOT,oracle_aabb,confirmation38,data36-10,bike,ocsort,controlled_partial_hungarian,2,2,2,True
MMOT,oracle_aabb,confirmation38,data36-10,car,ocsort,controlled_partial_hungarian,2,1,1,True
MMOT,oracle_aabb,confirmation38,data36-10,pedestrian,ocsort,controlled_partial_hungarian,1433,201,201,True
MMOT,oracle_aabb,confirmation38,data36-10,awning-bike,ocsort,path_constrained_greedy,8,6,6,True
MMOT,oracle_aabb,confirmation38,data36-10,bike,ocsort,path_constrained_greedy,2,2,2,True
MMOT,oracle_aabb,confirmation38,data36-10,car,ocsort,path_constrained_greedy,2,1,1,True
MMOT,oracle_aabb,confirmation38,data36-10,pedestrian,ocsort,path_constrained_greedy,1433,193,193,True
MMOT,oracle_aabb,confirmation38,data36-11,awning-bike,bytetrack,controlled_partial_hungarian,4,4,4,True
MMOT,oracle_aabb,confirmation38,data36-11,bike,bytetrack,controlled_partial_hungarian,3,3,3,True
MMOT,oracle_aabb,confirmation38,data36-11,pedestrian,bytetrack,controlled_partial_hungarian,1647,264,264,True
MMOT,oracle_aabb,confirmation38,data36-11,awning-bike,bytetrack,path_constrained_greedy,4,4,4,True
MMOT,oracle_aabb,confirmation38,data36-11,bike,bytetrack,path_constrained_greedy,3,3,3,True
MMOT,oracle_aabb,confirmation38,data36-11,pedestrian,bytetrack,path_constrained_greedy,1647,251,251,True
MMOT,oracle_aabb,confirmation38,data36-11,car,deepocsort,controlled_partial_hungarian,2,1,1,True
MMOT,oracle_aabb,confirmation38,data36-11,pedestrian,deepocsort,controlled_partial_hungarian,92,27,27,True
MMOT,oracle_aabb,confirmation38,data36-11,car,deepocsort,path_constrained_greedy,2,1,1,True
MMOT,oracle_aabb,confirmation38,data36-11,pedestrian,deepocsort,path_constrained_greedy,92,26,26,True
MMOT,oracle_aabb,confirmation38,data36-11,awning-bike,ocsort,controlled_partial_hungarian,4,3,3,True
MMOT,oracle_aabb,confirmation38,data36-11,bike,ocsort,controlled_partial_hungarian,6,4,4,True
MMOT,oracle_aabb,confirmation38,data36-11,pedestrian,ocsort,controlled_partial_hungarian,1671,224,224,True
MMOT,oracle_aabb,confirmation38,data36-11,tricycle,ocsort,controlled_partial_hungarian,1,1,1,True
MMOT,oracle_aabb,confirmation38,data36-11,awning-bike,ocsort,path_constrained_greedy,4,3,3,True
MMOT,oracle_aabb,confirmation38,data36-11,bike,ocsort,path_constrained_greedy,6,4,4,True
MMOT,oracle_aabb,confirmation38,data36-11,pedestrian,ocsort,path_constrained_greedy,1671,221,221,True
MMOT,oracle_aabb,confirmation38,data36-11,tricycle,ocsort,path_constrained_greedy,1,1,1,True
MMOT,oracle_aabb,confirmation38,data36-12,awning-bike,bytetrack,controlled_partial_hungarian,1,1,1,True
MMOT,oracle_aabb,confirmation38,data36-12,bike,bytetrack,controlled_partial_hungarian,24,10,10,True
MMOT,oracle_aabb,confirmation38,data36-12,car,bytetrack,controlled_partial_hungarian,3,3,3,True
MMOT,oracle_aabb,confirmation38,data36-12,pedestrian,bytetrack,controlled_partial_hungarian,98,45,45,True
MMOT,oracle_aabb,confirmation38,data36-12,tricycle,bytetrack,controlled_partial_hungarian,5,5,5,True
MMOT,oracle_aabb,confirmation38,data36-12,awning-bike,bytetrack,path_constrained_greedy,1,1,1,True
MMOT,oracle_aabb,confirmation38,data36-12,bike,bytetrack,path_constrained_greedy,24,9,9,True
MMOT,oracle_aabb,confirmation38,data36-12,car,bytetrack,path_constrained_greedy,3,3,3,True
MMOT,oracle_aabb,confirmation38,data36-12,pedestrian,bytetrack,path_constrained_greedy,98,43,43,True
MMOT,oracle_aabb,confirmation38,data36-12,tricycle,bytetrack,path_constrained_greedy,5,5,5,True
MMOT,oracle_aabb,confirmation38,data36-12,pedestrian,deepocsort,controlled_partial_hungarian,17,8,8,True
MMOT,oracle_aabb,confirmation38,data36-12,pedestrian,deepocsort,path_constrained_greedy,17,8,8,True
MMOT,oracle_aabb,confirmation38,data36-12,awning-bike,ocsort,controlled_partial_hungarian,4,3,3,True
MMOT,oracle_aabb,confirmation38,data36-12,bike,ocsort,controlled_partial_hungarian,7,6,6,True
MMOT,oracle_aabb,confirmation38,data36-12,car,ocsort,controlled_partial_hungarian,2,2,2,True
MMOT,oracle_aabb,confirmation38,data36-12,pedestrian,ocsort,controlled_partial_hungarian,58,24,24,True
MMOT,oracle_aabb,confirmation38,data36-12,tricycle,ocsort,controlled_partial_hungarian,3,2,2,True
MMOT,oracle_aabb,confirmation38,data36-12,van,ocsort,controlled_partial_hungarian,2,2,2,True
MMOT,oracle_aabb,confirmation38,data36-12,awning-bike,ocsort,path_constrained_greedy,4,3,3,True
MMOT,oracle_aabb,confirmation38,data36-12,bike,ocsort,path_constrained_greedy,7,6,6,True
MMOT,oracle_aabb,confirmation38,data36-12,car,ocsort,path_constrained_greedy,2,2,2,True
MMOT,oracle_aabb,confirmation38,data36-12,pedestrian,ocsort,path_constrained_greedy,58,24,24,True
MMOT,oracle_aabb,confirmation38,data36-12,tricycle,ocsort,path_constrained_greedy,3,2,2,True
MMOT,oracle_aabb,confirmation38,data36-12,van,ocsort,path_constrained_greedy,2,2,2,True
MMOT,oracle_aabb,confirmation38,data36-13,awning-bike,bytetrack,controlled_partial_hungarian,2,2,2,True
MMOT,oracle_aabb,confirmation38,data36-13,car,bytetrack,controlled_partial_hungarian,6,4,4,True
MMOT,oracle_aabb,confirmation38,data36-13,pedestrian,bytetrack,controlled_partial_hungarian,57,21,21,True
MMOT,oracle_aabb,confirmation38,data36-13,tricycle,bytetrack,controlled_partial_hungarian,1,1,1,True
MMOT,oracle_aabb,confirmation38,data36-13,awning-bike,bytetrack,path_constrained_greedy,2,2,2,True
MMOT,oracle_aabb,confirmation38,data36-13,car,bytetrack,path_constrained_greedy,6,4,4,True
MMOT,oracle_aabb,confirmation38,data36-13,pedestrian,bytetrack,path_constrained_greedy,57,20,20,True
MMOT,oracle_aabb,confirmation38,data36-13,tricycle,bytetrack,path_constrained_greedy,1,1,1,True
MMOT,oracle_aabb,confirmation38,data36-13,awning-bike,deepocsort,controlled_partial_hungarian,3,2,2,True
MMOT,oracle_aabb,confirmation38,data36-13,pedestrian,deepocsort,controlled_partial_hungarian,14,5,5,True
MMOT,oracle_aabb,confirmation38,data36-13,awning-bike,deepocsort,path_constrained_greedy,3,2,2,True
MMOT,oracle_aabb,confirmation38,data36-13,pedestrian,deepocsort,path_constrained_greedy,14,5,5,True
MMOT,oracle_aabb,confirmation38,data36-13,awning-bike,ocsort,controlled_partial_hungarian,1,1,1,True
MMOT,oracle_aabb,confirmation38,data36-13,bike,ocsort,controlled_partial_hungarian,3,2,2,True
MMOT,oracle_aabb,confirmation38,data36-13,pedestrian,ocsort,controlled_partial_hungarian,47,17,17,True
MMOT,oracle_aabb,confirmation38,data36-13,awning-bike,ocsort,path_constrained_greedy,1,1,1,True
MMOT,oracle_aabb,confirmation38,data36-13,bike,ocsort,path_constrained_greedy,3,2,2,True
MMOT,oracle_aabb,confirmation38,data36-13,pedestrian,ocsort,path_constrained_greedy,47,17,17,True
MMOT,oracle_aabb,confirmation38,data36-4,awning-bike,bytetrack,controlled_partial_hungarian,21,12,12,True
MMOT,oracle_aabb,confirmation38,data36-4,bike,bytetrack,controlled_partial_hungarian,69,34,34,True
MMOT,oracle_aabb,confirmation38,data36-4,car,bytetrack,controlled_partial_hungarian,16,15,15,True
MMOT,oracle_aabb,confirmation38,data36-4,pedestrian,bytetrack,controlled_partial_hungarian,3332,577,577,True
MMOT,oracle_aabb,confirmation38,data36-4,van,bytetrack,controlled_partial_hungarian,1,1,1,True
MMOT,oracle_aabb,confirmation38,data36-4,awning-bike,bytetrack,path_constrained_greedy,21,12,12,True
MMOT,oracle_aabb,confirmation38,data36-4,bike,bytetrack,path_constrained_greedy,69,33,33,True
MMOT,oracle_aabb,confirmation38,data36-4,car,bytetrack,path_constrained_greedy,16,15,15,True
MMOT,oracle_aabb,confirmation38,data36-4,pedestrian,bytetrack,path_constrained_greedy,3332,554,554,True
MMOT,oracle_aabb,confirmation38,data36-4,van,bytetrack,path_constrained_greedy,1,1,1,True
MMOT,oracle_aabb,confirmation38,data36-4,bike,deepocsort,controlled_partial_hungarian,2,2,2,True
MMOT,oracle_aabb,confirmation38,data36-4,car,deepocsort,controlled_partial_hungarian,9,7,7,True
MMOT,oracle_aabb,confirmation38,data36-4,pedestrian,deepocsort,controlled_partial_hungarian,135,57,57,True
MMOT,oracle_aabb,confirmation38,data36-4,bike,deepocsort,path_constrained_greedy,2,2,2,True
MMOT,oracle_aabb,confirmation38,data36-4,car,deepocsort,path_constrained_greedy,9,7,7,True
MMOT,oracle_aabb,confirmation38,data36-4,pedestrian,deepocsort,path_constrained_greedy,135,55,55,True
MMOT,oracle_aabb,confirmation38,data36-4,awning-bike,ocsort,controlled_partial_hungarian,12,9,9,True
MMOT,oracle_aabb,confirmation38,data36-4,bike,ocsort,controlled_partial_hungarian,36,22,22,True
MMOT,oracle_aabb,confirmation38,data36-4,car,ocsort,controlled_partial_hungarian,31,26,26,True
MMOT,oracle_aabb,confirmation38,data36-4,pedestrian,ocsort,controlled_partial_hungarian,534,144,144,True
MMOT,oracle_aabb,confirmation38,data36-4,tricycle,ocsort,controlled_partial_hungarian,1,1,1,True
MMOT,oracle_aabb,confirmation38,data36-4,van,ocsort,controlled_partial_hungarian,1,1,1,True
MMOT,oracle_aabb,confirmation38,data36-4,awning-bike,ocsort,path_constrained_greedy,12,8,8,True
MMOT,oracle_aabb,confirmation38,data36-4,bike,ocsort,path_constrained_greedy,36,21,21,True
MMOT,oracle_aabb,confirmation38,data36-4,car,ocsort,path_constrained_greedy,31,26,26,True
MMOT,oracle_aabb,confirmation38,data36-4,pedestrian,ocsort,path_constrained_greedy,534,142,142,True
MMOT,oracle_aabb,confirmation38,data36-4,tricycle,ocsort,path_constrained_greedy,1,1,1,True
MMOT,oracle_aabb,confirmation38,data36-4,van,ocsort,path_constrained_greedy,1,1,1,True
MMOT,oracle_aabb,confirmation38,data36-5,awning-bike,bytetrack,controlled_partial_hungarian,7,7,7,True
MMOT,oracle_aabb,confirmation38,data36-5,bike,bytetrack,controlled_partial_hungarian,15,9,9,True
MMOT,oracle_aabb,confirmation38,data36-5,car,bytetrack,controlled_partial_hungarian,4,1,1,True
MMOT,oracle_aabb,confirmation38,data36-5,pedestrian,bytetrack,controlled_partial_hungarian,1367,234,234,True
MMOT,oracle_aabb,confirmation38,data36-5,tricycle,bytetrack,controlled_partial_hungarian,1,1,1,True
MMOT,oracle_aabb,confirmation38,data36-5,awning-bike,bytetrack,path_constrained_greedy,7,7,7,True
MMOT,oracle_aabb,confirmation38,data36-5,bike,bytetrack,path_constrained_greedy,15,9,9,True
MMOT,oracle_aabb,confirmation38,data36-5,car,bytetrack,path_constrained_greedy,4,1,1,True
MMOT,oracle_aabb,confirmation38,data36-5,pedestrian,bytetrack,path_constrained_greedy,1367,211,211,True
MMOT,oracle_aabb,confirmation38,data36-5,tricycle,bytetrack,path_constrained_greedy,1,1,1,True
MMOT,oracle_aabb,confirmation38,data36-5,bike,deepocsort,controlled_partial_hungarian,1,1,1,True
MMOT,oracle_aabb,confirmation38,data36-5,car,deepocsort,controlled_partial_hungarian,4,3,3,True
MMOT,oracle_aabb,confirmation38,data36-5,pedestrian,deepocsort,controlled_partial_hungarian,40,20,20,True
MMOT,oracle_aabb,confirmation38,data36-5,van,deepocsort,controlled_partial_hungarian,2,2,2,True
MMOT,oracle_aabb,confirmation38,data36-5,bike,deepocsort,path_constrained_greedy,1,1,1,True
MMOT,oracle_aabb,confirmation38,data36-5,car,deepocsort,path_constrained_greedy,4,3,3,True
MMOT,oracle_aabb,confirmation38,data36-5,pedestrian,deepocsort,path_constrained_greedy,40,20,20,True
MMOT,oracle_aabb,confirmation38,data36-5,van,deepocsort,path_constrained_greedy,2,2,2,True
MMOT,oracle_aabb,confirmation38,data36-5,awning-bike,ocsort,controlled_partial_hungarian,7,6,6,True
MMOT,oracle_aabb,confirmation38,data36-5,bike,ocsort,controlled_partial_hungarian,21,14,14,True
MMOT,oracle_aabb,confirmation38,data36-5,car,ocsort,controlled_partial_hungarian,9,9,9,True
MMOT,oracle_aabb,confirmation38,data36-5,pedestrian,ocsort,controlled_partial_hungarian,294,86,86,True
MMOT,oracle_aabb,confirmation38,data36-5,tricycle,ocsort,controlled_partial_hungarian,1,1,1,True
MMOT,oracle_aabb,confirmation38,data36-5,awning-bike,ocsort,path_constrained_greedy,7,6,6,True
MMOT,oracle_aabb,confirmation38,data36-5,bike,ocsort,path_constrained_greedy,21,14,14,True
MMOT,oracle_aabb,confirmation38,data36-5,car,ocsort,path_constrained_greedy,9,9,9,True
MMOT,oracle_aabb,confirmation38,data36-5,pedestrian,ocsort,path_constrained_greedy,294,86,86,True
MMOT,oracle_aabb,confirmation38,data36-5,tricycle,ocsort,path_constrained_greedy,1,1,1,True
MMOT,oracle_aabb,confirmation38,data37-1,awning-bike,bytetrack,controlled_partial_hungarian,2,2,2,True
MMOT,oracle_aabb,confirmation38,data37-1,bike,bytetrack,controlled_partial_hungarian,69,32,32,True
MMOT,oracle_aabb,confirmation38,data37-1,car,bytetrack,controlled_partial_hungarian,11,7,7,True
MMOT,oracle_aabb,confirmation38,data37-1,pedestrian,bytetrack,controlled_partial_hungarian,1455,373,373,True
MMOT,oracle_aabb,confirmation38,data37-1,tricycle,bytetrack,controlled_partial_hungarian,2,2,2,True
MMOT,oracle_aabb,confirmation38,data37-1,van,bytetrack,controlled_partial_hungarian,3,2,2,True
MMOT,oracle_aabb,confirmation38,data37-1,awning-bike,bytetrack,path_constrained_greedy,2,2,2,True
MMOT,oracle_aabb,confirmation38,data37-1,bike,bytetrack,path_constrained_greedy,69,30,30,True
MMOT,oracle_aabb,confirmation38,data37-1,car,bytetrack,path_constrained_greedy,11,7,7,True
MMOT,oracle_aabb,confirmation38,data37-1,pedestrian,bytetrack,path_constrained_greedy,1455,350,350,True
MMOT,oracle_aabb,confirmation38,data37-1,tricycle,bytetrack,path_constrained_greedy,2,2,2,True
MMOT,oracle_aabb,confirmation38,data37-1,van,bytetrack,path_constrained_greedy,3,2,2,True
MMOT,oracle_aabb,confirmation38,data37-1,car,deepocsort,controlled_partial_hungarian,1,1,1,True
MMOT,oracle_aabb,confirmation38,data37-1,pedestrian,deepocsort,controlled_partial_hungarian,84,40,40,True
MMOT,oracle_aabb,confirmation38,data37-1,car,deepocsort,path_constrained_greedy,1,1,1,True
MMOT,oracle_aabb,confirmation38,data37-1,pedestrian,deepocsort,path_constrained_greedy,84,40,40,True
MMOT,oracle_aabb,confirmation38,data37-1,awning-bike,ocsort,controlled_partial_hungarian,3,2,2,True
MMOT,oracle_aabb,confirmation38,data37-1,bike,ocsort,controlled_partial_hungarian,87,27,27,True
MMOT,oracle_aabb,confirmation38,data37-1,car,ocsort,controlled_partial_hungarian,12,9,9,True
MMOT,oracle_aabb,confirmation38,data37-1,pedestrian,ocsort,controlled_partial_hungarian,526,174,174,True
MMOT,oracle_aabb,confirmation38,data37-1,tricycle,ocsort,controlled_partial_hungarian,6,4,4,True
MMOT,oracle_aabb,confirmation38,data37-1,van,ocsort,controlled_partial_hungarian,2,2,2,True
MMOT,oracle_aabb,confirmation38,data37-1,awning-bike,ocsort,path_constrained_greedy,3,1,1,True
MMOT,oracle_aabb,confirmation38,data37-1,bike,ocsort,path_constrained_greedy,87,26,26,True
MMOT,oracle_aabb,confirmation38,data37-1,car,ocsort,path_constrained_greedy,12,9,9,True
MMOT,oracle_aabb,confirmation38,data37-1,pedestrian,ocsort,path_constrained_greedy,526,165,165,True
MMOT,oracle_aabb,confirmation38,data37-1,tricycle,ocsort,path_constrained_greedy,6,4,4,True
MMOT,oracle_aabb,confirmation38,data37-1,van,ocsort,path_constrained_greedy,2,2,2,True
MMOT,oracle_aabb,confirmation38,data37-10,bike,bytetrack,controlled_partial_hungarian,7,6,6,True
MMOT,oracle_aabb,confirmation38,data37-10,car,bytetrack,controlled_partial_hungarian,9,5,5,True
MMOT,oracle_aabb,confirmation38,data37-10,pedestrian,bytetrack,controlled_partial_hungarian,119,63,63,True
MMOT,oracle_aabb,confirmation38,data37-10,bike,bytetrack,path_constrained_greedy,7,6,6,True
MMOT,oracle_aabb,confirmation38,data37-10,car,bytetrack,path_constrained_greedy,9,5,5,True
MMOT,oracle_aabb,confirmation38,data37-10,pedestrian,bytetrack,path_constrained_greedy,119,63,63,True
MMOT,oracle_aabb,confirmation38,data37-10,bike,deepocsort,controlled_partial_hungarian,3,2,2,True
MMOT,oracle_aabb,confirmation38,data37-10,car,deepocsort,controlled_partial_hungarian,5,1,1,True
MMOT,oracle_aabb,confirmation38,data37-10,pedestrian,deepocsort,controlled_partial_hungarian,12,9,9,True
MMOT,oracle_aabb,confirmation38,data37-10,bike,deepocsort,path_constrained_greedy,3,2,2,True
MMOT,oracle_aabb,confirmation38,data37-10,car,deepocsort,path_constrained_greedy,5,1,1,True
MMOT,oracle_aabb,confirmation38,data37-10,pedestrian,deepocsort,path_constrained_greedy,12,9,9,True
MMOT,oracle_aabb,confirmation38,data37-10,bike,ocsort,controlled_partial_hungarian,2,2,2,True
MMOT,oracle_aabb,confirmation38,data37-10,car,ocsort,controlled_partial_hungarian,5,5,5,True
MMOT,oracle_aabb,confirmation38,data37-10,pedestrian,ocsort,controlled_partial_hungarian,17,12,12,True
MMOT,oracle_aabb,confirmation38,data37-10,bike,ocsort,path_constrained_greedy,2,2,2,True
MMOT,oracle_aabb,confirmation38,data37-10,car,ocsort,path_constrained_greedy,5,5,5,True
MMOT,oracle_aabb,confirmation38,data37-10,pedestrian,ocsort,path_constrained_greedy,17,12,12,True
MMOT,oracle_aabb,confirmation38,data37-11,bike,bytetrack,controlled_partial_hungarian,2,2,2,True
MMOT,oracle_aabb,confirmation38,data37-11,car,bytetrack,controlled_partial_hungarian,13,10,10,True
MMOT,oracle_aabb,confirmation38,data37-11,pedestrian,bytetrack,controlled_partial_hungarian,606,186,186,True
MMOT,oracle_aabb,confirmation38,data37-11,van,bytetrack,controlled_partial_hungarian,1,1,1,True
MMOT,oracle_aabb,confirmation38,data37-11,bike,bytetrack,path_constrained_greedy,2,2,2,True
MMOT,oracle_aabb,confirmation38,data37-11,car,bytetrack,path_constrained_greedy,13,10,10,True
MMOT,oracle_aabb,confirmation38,data37-11,pedestrian,bytetrack,path_constrained_greedy,606,176,176,True
MMOT,oracle_aabb,confirmation38,data37-11,van,bytetrack,path_constrained_greedy,1,1,1,True
MMOT,oracle_aabb,confirmation38,data37-11,awning-bike,deepocsort,controlled_partial_hungarian,1,1,1,True
MMOT,oracle_aabb,confirmation38,data37-11,pedestrian,deepocsort,controlled_partial_hungarian,22,15,15,True
MMOT,oracle_aabb,confirmation38,data37-11,awning-bike,deepocsort,path_constrained_greedy,1,1,1,True
MMOT,oracle_aabb,confirmation38,data37-11,pedestrian,deepocsort,path_constrained_greedy,22,15,15,True
MMOT,oracle_aabb,confirmation38,data37-11,awning-bike,ocsort,controlled_partial_hungarian,2,2,2,True
MMOT,oracle_aabb,confirmation38,data37-11,car,ocsort,controlled_partial_hungarian,17,12,12,True
MMOT,oracle_aabb,confirmation38,data37-11,pedestrian,ocsort,controlled_partial_hungarian,52,29,29,True
MMOT,oracle_aabb,confirmation38,data37-11,van,ocsort,controlled_partial_hungarian,3,3,3,True
MMOT,oracle_aabb,confirmation38,data37-11,awning-bike,ocsort,path_constrained_greedy,2,2,2,True
MMOT,oracle_aabb,confirmation38,data37-11,car,ocsort,path_constrained_greedy,17,12,12,True
MMOT,oracle_aabb,confirmation38,data37-11,pedestrian,ocsort,path_constrained_greedy,52,29,29,True
MMOT,oracle_aabb,confirmation38,data37-11,van,ocsort,path_constrained_greedy,3,3,3,True
MMOT,oracle_aabb,confirmation38,data37-12,pedestrian,bytetrack,controlled_partial_hungarian,6,5,5,True
MMOT,oracle_aabb,confirmation38,data37-12,pedestrian,bytetrack,path_constrained_greedy,6,5,5,True
MMOT,oracle_aabb,confirmation38,data37-12,pedestrian,ocsort,controlled_partial_hungarian,9,5,5,True
MMOT,oracle_aabb,confirmation38,data37-12,pedestrian,ocsort,path_constrained_greedy,9,5,5,True
MMOT,oracle_aabb,confirmation38,data37-2,awning-bike,bytetrack,controlled_partial_hungarian,3,2,2,True
MMOT,oracle_aabb,confirmation38,data37-2,pedestrian,bytetrack,controlled_partial_hungarian,880,162,162,True
MMOT,oracle_aabb,confirmation38,data37-2,awning-bike,bytetrack,path_constrained_greedy,3,2,2,True
MMOT,oracle_aabb,confirmation38,data37-2,pedestrian,bytetrack,path_constrained_greedy,880,151,151,True
MMOT,oracle_aabb,confirmation38,data37-2,awning-bike,deepocsort,controlled_partial_hungarian,4,4,4,True
MMOT,oracle_aabb,confirmation38,data37-2,pedestrian,deepocsort,controlled_partial_hungarian,76,23,23,True
MMOT,oracle_aabb,confirmation38,data37-2,awning-bike,deepocsort,path_constrained_greedy,4,4,4,True
MMOT,oracle_aabb,confirmation38,data37-2,pedestrian,deepocsort,path_constrained_greedy,76,23,23,True
MMOT,oracle_aabb,confirmation38,data37-2,awning-bike,ocsort,controlled_partial_hungarian,4,4,4,True
MMOT,oracle_aabb,confirmation38,data37-2,bike,ocsort,controlled_partial_hungarian,1,1,1,True
MMOT,oracle_aabb,confirmation38,data37-2,pedestrian,ocsort,controlled_partial_hungarian,964,164,164,True
MMOT,oracle_aabb,confirmation38,data37-2,awning-bike,ocsort,path_constrained_greedy,4,4,4,True
MMOT,oracle_aabb,confirmation38,data37-2,bike,ocsort,path_constrained_greedy,1,1,1,True
MMOT,oracle_aabb,confirmation38,data37-2,pedestrian,ocsort,path_constrained_greedy,964,156,156,True
MMOT,oracle_aabb,confirmation38,data39-1,pedestrian,bytetrack,controlled_partial_hungarian,240,41,41,True
MMOT,oracle_aabb,confirmation38,data39-1,pedestrian,bytetrack,path_constrained_greedy,240,39,39,True
MMOT,oracle_aabb,confirmation38,data39-1,pedestrian,deepocsort,controlled_partial_hungarian,31,9,9,True
MMOT,oracle_aabb,confirmation38,data39-1,pedestrian,deepocsort,path_constrained_greedy,31,9,9,True
MMOT,oracle_aabb,confirmation38,data39-1,pedestrian,ocsort,controlled_partial_hungarian,39,11,11,True
MMOT,oracle_aabb,confirmation38,data39-1,pedestrian,ocsort,path_constrained_greedy,39,10,10,True
MMOT,oracle_aabb,confirmation38,data39-2,pedestrian,bytetrack,controlled_partial_hungarian,80,21,21,True
MMOT,oracle_aabb,confirmation38,data39-2,pedestrian,bytetrack,path_constrained_greedy,80,21,21,True
MMOT,oracle_aabb,confirmation38,data39-2,pedestrian,deepocsort,controlled_partial_hungarian,4,3,3,True
MMOT,oracle_aabb,confirmation38,data39-2,pedestrian,deepocsort,path_constrained_greedy,4,3,3,True
MMOT,oracle_aabb,confirmation38,data39-2,pedestrian,ocsort,controlled_partial_hungarian,16,9,9,True
MMOT,oracle_aabb,confirmation38,data39-2,pedestrian,ocsort,path_constrained_greedy,16,9,9,True
MMOT,oracle_aabb,confirmation38,data39-3,pedestrian,bytetrack,controlled_partial_hungarian,179,73,73,True
MMOT,oracle_aabb,confirmation38,data39-3,pedestrian,bytetrack,path_constrained_greedy,179,69,69,True
MMOT,oracle_aabb,confirmation38,data39-3,pedestrian,deepocsort,controlled_partial_hungarian,10,9,9,True
MMOT,oracle_aabb,confirmation38,data39-3,pedestrian,deepocsort,path_constrained_greedy,10,9,9,True
MMOT,oracle_aabb,confirmation38,data39-3,pedestrian,ocsort,controlled_partial_hungarian,63,25,25,True
MMOT,oracle_aabb,confirmation38,data39-3,pedestrian,ocsort,path_constrained_greedy,63,25,25,True
MMOT,oracle_aabb,confirmation38,data39-6,pedestrian,bytetrack,controlled_partial_hungarian,463,88,88,True
MMOT,oracle_aabb,confirmation38,data39-6,pedestrian,bytetrack,path_constrained_greedy,463,80,80,True
MMOT,oracle_aabb,confirmation38,data39-6,pedestrian,deepocsort,controlled_partial_hungarian,7,4,4,True
MMOT,oracle_aabb,confirmation38,data39-6,pedestrian,deepocsort,path_constrained_greedy,7,4,4,True
MMOT,oracle_aabb,confirmation38,data39-6,pedestrian,ocsort,controlled_partial_hungarian,101,34,34,True
MMOT,oracle_aabb,confirmation38,data39-6,pedestrian,ocsort,path_constrained_greedy,101,33,33,True
MMOT,oracle_aabb,confirmation38,data40-3,bike,bytetrack,controlled_partial_hungarian,1,1,1,True
MMOT,oracle_aabb,confirmation38,data40-3,pedestrian,bytetrack,controlled_partial_hungarian,11,7,7,True
MMOT,oracle_aabb,confirmation38,data40-3,bike,bytetrack,path_constrained_greedy,1,1,1,True
MMOT,oracle_aabb,confirmation38,data40-3,pedestrian,bytetrack,path_constrained_greedy,11,7,7,True
MMOT,oracle_aabb,confirmation38,data40-3,bike,deepocsort,controlled_partial_hungarian,6,4,4,True
MMOT,oracle_aabb,confirmation38,data40-3,car,deepocsort,controlled_partial_hungarian,5,5,5,True
MMOT,oracle_aabb,confirmation38,data40-3,pedestrian,deepocsort,controlled_partial_hungarian,16,12,12,True
MMOT,oracle_aabb,confirmation38,data40-3,bike,deepocsort,path_constrained_greedy,6,4,4,True
MMOT,oracle_aabb,confirmation38,data40-3,car,deepocsort,path_constrained_greedy,5,5,5,True
MMOT,oracle_aabb,confirmation38,data40-3,pedestrian,deepocsort,path_constrained_greedy,16,12,12,True
MMOT,oracle_aabb,confirmation38,data40-3,bike,ocsort,controlled_partial_hungarian,6,4,4,True
MMOT,oracle_aabb,confirmation38,data40-3,car,ocsort,controlled_partial_hungarian,13,8,8,True
MMOT,oracle_aabb,confirmation38,data40-3,pedestrian,ocsort,controlled_partial_hungarian,34,16,16,True
MMOT,oracle_aabb,confirmation38,data40-3,bike,ocsort,path_constrained_greedy,6,4,4,True
MMOT,oracle_aabb,confirmation38,data40-3,car,ocsort,path_constrained_greedy,13,8,8,True
MMOT,oracle_aabb,confirmation38,data40-3,pedestrian,ocsort,path_constrained_greedy,34,16,16,True
MMOT,oracle_aabb,confirmation38,data40-4,pedestrian,bytetrack,controlled_partial_hungarian,650,157,157,True
MMOT,oracle_aabb,confirmation38,data40-4,pedestrian,bytetrack,path_constrained_greedy,650,146,146,True
MMOT,oracle_aabb,confirmation38,data40-4,pedestrian,deepocsort,controlled_partial_hungarian,7,3,3,True
MMOT,oracle_aabb,confirmation38,data40-4,pedestrian,deepocsort,path_constrained_greedy,7,3,3,True
MMOT,oracle_aabb,confirmation38,data40-4,pedestrian,ocsort,controlled_partial_hungarian,554,130,130,True
MMOT,oracle_aabb,confirmation38,data40-4,pedestrian,ocsort,path_constrained_greedy,554,126,126,True
MMOT,oracle_aabb,confirmation38,data40-5,car,bytetrack,controlled_partial_hungarian,9,8,8,True
MMOT,oracle_aabb,confirmation38,data40-5,pedestrian,bytetrack,controlled_partial_hungarian,155,70,70,True
MMOT,oracle_aabb,confirmation38,data40-5,truck,bytetrack,controlled_partial_hungarian,1,1,1,True
MMOT,oracle_aabb,confirmation38,data40-5,car,bytetrack,path_constrained_greedy,9,8,8,True
MMOT,oracle_aabb,confirmation38,data40-5,pedestrian,bytetrack,path_constrained_greedy,155,67,67,True
MMOT,oracle_aabb,confirmation38,data40-5,truck,bytetrack,path_constrained_greedy,1,1,1,True
MMOT,oracle_aabb,confirmation38,data40-5,bike,deepocsort,controlled_partial_hungarian,3,2,2,True
MMOT,oracle_aabb,confirmation38,data40-5,pedestrian,deepocsort,controlled_partial_hungarian,28,20,20,True
MMOT,oracle_aabb,confirmation38,data40-5,bike,deepocsort,path_constrained_greedy,3,2,2,True
MMOT,oracle_aabb,confirmation38,data40-5,pedestrian,deepocsort,path_constrained_greedy,28,20,20,True
MMOT,oracle_aabb,confirmation38,data40-5,bike,ocsort,controlled_partial_hungarian,3,2,2,True
MMOT,oracle_aabb,confirmation38,data40-5,car,ocsort,controlled_partial_hungarian,10,9,9,True
MMOT,oracle_aabb,confirmation38,data40-5,pedestrian,ocsort,controlled_partial_hungarian,38,16,16,True
MMOT,oracle_aabb,confirmation38,data40-5,truck,ocsort,controlled_partial_hungarian,1,1,1,True
MMOT,oracle_aabb,confirmation38,data40-5,bike,ocsort,path_constrained_greedy,3,2,2,True
MMOT,oracle_aabb,confirmation38,data40-5,car,ocsort,path_constrained_greedy,10,9,9,True
MMOT,oracle_aabb,confirmation38,data40-5,pedestrian,ocsort,path_constrained_greedy,38,16,16,True
MMOT,oracle_aabb,confirmation38,data40-5,truck,ocsort,path_constrained_greedy,1,1,1,True
MMOT,oracle_aabb,confirmation38,data41-1,bus,bytetrack,controlled_partial_hungarian,1,1,1,True
MMOT,oracle_aabb,confirmation38,data41-1,bus,bytetrack,path_constrained_greedy,1,1,1,True
MMOT,oracle_aabb,confirmation38,data41-1,bike,deepocsort,controlled_partial_hungarian,2,2,2,True
MMOT,oracle_aabb,confirmation38,data41-1,car,deepocsort,controlled_partial_hungarian,5,5,5,True
MMOT,oracle_aabb,confirmation38,data41-1,pedestrian,deepocsort,controlled_partial_hungarian,2,2,2,True
MMOT,oracle_aabb,confirmation38,data41-1,bike,deepocsort,path_constrained_greedy,2,2,2,True
MMOT,oracle_aabb,confirmation38,data41-1,car,deepocsort,path_constrained_greedy,5,5,5,True
MMOT,oracle_aabb,confirmation38,data41-1,pedestrian,deepocsort,path_constrained_greedy,2,2,2,True
MMOT,oracle_aabb,confirmation38,data41-1,bike,ocsort,controlled_partial_hungarian,2,2,2,True
MMOT,oracle_aabb,confirmation38,data41-1,bus,ocsort,controlled_partial_hungarian,1,1,1,True
MMOT,oracle_aabb,confirmation38,data41-1,car,ocsort,controlled_partial_hungarian,10,8,8,True
MMOT,oracle_aabb,confirmation38,data41-1,pedestrian,ocsort,controlled_partial_hungarian,2,2,2,True
MMOT,oracle_aabb,confirmation38,data41-1,bike,ocsort,path_constrained_greedy,2,2,2,True
MMOT,oracle_aabb,confirmation38,data41-1,bus,ocsort,path_constrained_greedy,1,1,1,True
MMOT,oracle_aabb,confirmation38,data41-1,car,ocsort,path_constrained_greedy,10,8,8,True
MMOT,oracle_aabb,confirmation38,data41-1,pedestrian,ocsort,path_constrained_greedy,2,2,2,True
MMOT,oracle_aabb,confirmation38,data42-1,bike,bytetrack,controlled_partial_hungarian,5,5,5,True
MMOT,oracle_aabb,confirmation38,data42-1,car,bytetrack,controlled_partial_hungarian,8,5,5,True
MMOT,oracle_aabb,confirmation38,data42-1,pedestrian,bytetrack,controlled_partial_hungarian,171,68,68,True
MMOT,oracle_aabb,confirmation38,data42-1,van,bytetrack,controlled_partial_hungarian,2,2,2,True
MMOT,oracle_aabb,confirmation38,data42-1,bike,bytetrack,path_constrained_greedy,5,5,5,True
MMOT,oracle_aabb,confirmation38,data42-1,car,bytetrack,path_constrained_greedy,8,5,5,True
MMOT,oracle_aabb,confirmation38,data42-1,pedestrian,bytetrack,path_constrained_greedy,171,66,66,True
MMOT,oracle_aabb,confirmation38,data42-1,van,bytetrack,path_constrained_greedy,2,2,2,True
MMOT,oracle_aabb,confirmation38,data42-1,bike,deepocsort,controlled_partial_hungarian,3,2,2,True
MMOT,oracle_aabb,confirmation38,data42-1,car,deepocsort,controlled_partial_hungarian,12,7,7,True
MMOT,oracle_aabb,confirmation38,data42-1,pedestrian,deepocsort,controlled_partial_hungarian,94,45,45,True
MMOT,oracle_aabb,confirmation38,data42-1,bike,deepocsort,path_constrained_greedy,3,2,2,True
MMOT,oracle_aabb,confirmation38,data42-1,car,deepocsort,path_constrained_greedy,12,7,7,True
MMOT,oracle_aabb,confirmation38,data42-1,pedestrian,deepocsort,path_constrained_greedy,94,45,45,True
MMOT,oracle_aabb,confirmation38,data42-1,bike,ocsort,controlled_partial_hungarian,5,4,4,True
MMOT,oracle_aabb,confirmation38,data42-1,car,ocsort,controlled_partial_hungarian,28,22,22,True
MMOT,oracle_aabb,confirmation38,data42-1,pedestrian,ocsort,controlled_partial_hungarian,57,31,31,True
MMOT,oracle_aabb,confirmation38,data42-1,van,ocsort,controlled_partial_hungarian,2,2,2,True
MMOT,oracle_aabb,confirmation38,data42-1,bike,ocsort,path_constrained_greedy,5,4,4,True
MMOT,oracle_aabb,confirmation38,data42-1,car,ocsort,path_constrained_greedy,28,22,22,True
MMOT,oracle_aabb,confirmation38,data42-1,pedestrian,ocsort,path_constrained_greedy,57,31,31,True
MMOT,oracle_aabb,confirmation38,data42-1,van,ocsort,path_constrained_greedy,2,2,2,True
MMOT,oracle_aabb,confirmation38,data42-2,bike,bytetrack,controlled_partial_hungarian,7,6,6,True
MMOT,oracle_aabb,confirmation38,data42-2,pedestrian,bytetrack,controlled_partial_hungarian,64,37,37,True
MMOT,oracle_aabb,confirmation38,data42-2,bike,bytetrack,path_constrained_greedy,7,6,6,True
MMOT,oracle_aabb,confirmation38,data42-2,pedestrian,bytetrack,path_constrained_greedy,64,36,36,True
MMOT,oracle_aabb,confirmation38,data42-2,bike,deepocsort,controlled_partial_hungarian,3,2,2,True
MMOT,oracle_aabb,confirmation38,data42-2,car,deepocsort,controlled_partial_hungarian,2,2,2,True
MMOT,oracle_aabb,confirmation38,data42-2,pedestrian,deepocsort,controlled_partial_hungarian,33,25,25,True
MMOT,oracle_aabb,confirmation38,data42-2,bike,deepocsort,path_constrained_greedy,3,2,2,True
MMOT,oracle_aabb,confirmation38,data42-2,car,deepocsort,path_constrained_greedy,2,2,2,True
MMOT,oracle_aabb,confirmation38,data42-2,pedestrian,deepocsort,path_constrained_greedy,33,25,25,True
MMOT,oracle_aabb,confirmation38,data42-2,bike,ocsort,controlled_partial_hungarian,2,2,2,True
MMOT,oracle_aabb,confirmation38,data42-2,car,ocsort,controlled_partial_hungarian,2,2,2,True
MMOT,oracle_aabb,confirmation38,data42-2,pedestrian,ocsort,controlled_partial_hungarian,67,31,31,True
MMOT,oracle_aabb,confirmation38,data42-2,bike,ocsort,path_constrained_greedy,2,2,2,True
MMOT,oracle_aabb,confirmation38,data42-2,car,ocsort,path_constrained_greedy,2,2,2,True
MMOT,oracle_aabb,confirmation38,data42-2,pedestrian,ocsort,path_constrained_greedy,67,31,31,True
MMOT,oracle_aabb,confirmation38,data42-3,bike,bytetrack,controlled_partial_hungarian,2,1,1,True
MMOT,oracle_aabb,confirmation38,data42-3,pedestrian,bytetrack,controlled_partial_hungarian,117,15,15,True
MMOT,oracle_aabb,confirmation38,data42-3,bike,bytetrack,path_constrained_greedy,2,1,1,True
MMOT,oracle_aabb,confirmation38,data42-3,pedestrian,bytetrack,path_constrained_greedy,117,15,15,True
MMOT,oracle_aabb,confirmation38,data42-3,bike,deepocsort,controlled_partial_hungarian,2,2,2,True
MMOT,oracle_aabb,confirmation38,data42-3,car,deepocsort,controlled_partial_hungarian,2,2,2,True
MMOT,oracle_aabb,confirmation38,data42-3,pedestrian,deepocsort,controlled_partial_hungarian,3,3,3,True
MMOT,oracle_aabb,confirmation38,data42-3,bike,deepocsort,path_constrained_greedy,2,2,2,True
MMOT,oracle_aabb,confirmation38,data42-3,car,deepocsort,path_constrained_greedy,2,2,2,True
MMOT,oracle_aabb,confirmation38,data42-3,pedestrian,deepocsort,path_constrained_greedy,3,3,3,True
MMOT,oracle_aabb,confirmation38,data42-3,bike,ocsort,controlled_partial_hungarian,7,6,6,True
MMOT,oracle_aabb,confirmation38,data42-3,car,ocsort,controlled_partial_hungarian,6,5,5,True
MMOT,oracle_aabb,confirmation38,data42-3,pedestrian,ocsort,controlled_partial_hungarian,51,24,24,True
MMOT,oracle_aabb,confirmation38,data42-3,bike,ocsort,path_constrained_greedy,7,6,6,True
MMOT,oracle_aabb,confirmation38,data42-3,car,ocsort,path_constrained_greedy,6,5,5,True
MMOT,oracle_aabb,confirmation38,data42-3,pedestrian,ocsort,path_constrained_greedy,51,23,23,True
MMOT,oracle_aabb,confirmation38,data46-11,awning-bike,bytetrack,controlled_partial_hungarian,5,3,3,True
MMOT,oracle_aabb,confirmation38,data46-11,bike,bytetrack,controlled_partial_hungarian,194,55,55,True
MMOT,oracle_aabb,confirmation38,data46-11,car,bytetrack,controlled_partial_hungarian,27,18,18,True
MMOT,oracle_aabb,confirmation38,data46-11,pedestrian,bytetrack,controlled_partial_hungarian,966,129,129,True
MMOT,oracle_aabb,confirmation38,data46-11,tricycle,bytetrack,controlled_partial_hungarian,62,27,27,True
MMOT,oracle_aabb,confirmation38,data46-11,truck,bytetrack,controlled_partial_hungarian,2,2,2,True
MMOT,oracle_aabb,confirmation38,data46-11,van,bytetrack,controlled_partial_hungarian,16,10,10,True
MMOT,oracle_aabb,confirmation38,data46-11,awning-bike,bytetrack,path_constrained_greedy,5,3,3,True
MMOT,oracle_aabb,confirmation38,data46-11,bike,bytetrack,path_constrained_greedy,194,51,51,True
MMOT,oracle_aabb,confirmation38,data46-11,car,bytetrack,path_constrained_greedy,27,18,18,True
MMOT,oracle_aabb,confirmation38,data46-11,pedestrian,bytetrack,path_constrained_greedy,966,120,120,True
MMOT,oracle_aabb,confirmation38,data46-11,tricycle,bytetrack,path_constrained_greedy,62,25,25,True
MMOT,oracle_aabb,confirmation38,data46-11,truck,bytetrack,path_constrained_greedy,2,2,2,True
MMOT,oracle_aabb,confirmation38,data46-11,van,bytetrack,path_constrained_greedy,16,9,9,True
MMOT,oracle_aabb,confirmation38,data46-11,bike,deepocsort,controlled_partial_hungarian,3,2,2,True
MMOT,oracle_aabb,confirmation38,data46-11,pedestrian,deepocsort,controlled_partial_hungarian,9,5,5,True
MMOT,oracle_aabb,confirmation38,data46-11,bike,deepocsort,path_constrained_greedy,3,2,2,True
MMOT,oracle_aabb,confirmation38,data46-11,pedestrian,deepocsort,path_constrained_greedy,9,5,5,True
MMOT,oracle_aabb,confirmation38,data46-11,awning-bike,ocsort,controlled_partial_hungarian,10,7,7,True
MMOT,oracle_aabb,confirmation38,data46-11,bike,ocsort,controlled_partial_hungarian,226,74,74,True
MMOT,oracle_aabb,confirmation38,data46-11,car,ocsort,controlled_partial_hungarian,50,29,29,True
MMOT,oracle_aabb,confirmation38,data46-11,pedestrian,ocsort,controlled_partial_hungarian,203,61,61,True
MMOT,oracle_aabb,confirmation38,data46-11,tricycle,ocsort,controlled_partial_hungarian,46,23,23,True
MMOT,oracle_aabb,confirmation38,data46-11,van,ocsort,controlled_partial_hungarian,34,12,12,True
MMOT,oracle_aabb,confirmation38,data46-11,awning-bike,ocsort,path_constrained_greedy,10,7,7,True
MMOT,oracle_aabb,confirmation38,data46-11,bike,ocsort,path_constrained_greedy,226,72,72,True
MMOT,oracle_aabb,confirmation38,data46-11,car,ocsort,path_constrained_greedy,50,29,29,True
MMOT,oracle_aabb,confirmation38,data46-11,pedestrian,ocsort,path_constrained_greedy,203,60,60,True
MMOT,oracle_aabb,confirmation38,data46-11,tricycle,ocsort,path_constrained_greedy,46,23,23,True
MMOT,oracle_aabb,confirmation38,data46-11,van,ocsort,path_constrained_greedy,34,10,10,True
MMOT,oracle_aabb,confirmation38,data46-12,awning-bike,bytetrack,controlled_partial_hungarian,4,2,2,True
MMOT,oracle_aabb,confirmation38,data46-12,bike,bytetrack,controlled_partial_hungarian,2,1,1,True
MMOT,oracle_aabb,confirmation38,data46-12,pedestrian,bytetrack,controlled_partial_hungarian,704,99,99,True
MMOT,oracle_aabb,confirmation38,data46-12,tricycle,bytetrack,controlled_partial_hungarian,2,2,2,True
MMOT,oracle_aabb,confirmation38,data46-12,awning-bike,bytetrack,path_constrained_greedy,4,2,2,True
MMOT,oracle_aabb,confirmation38,data46-12,bike,bytetrack,path_constrained_greedy,2,1,1,True
MMOT,oracle_aabb,confirmation38,data46-12,pedestrian,bytetrack,path_constrained_greedy,704,95,95,True
MMOT,oracle_aabb,confirmation38,data46-12,tricycle,bytetrack,path_constrained_greedy,2,2,2,True
MMOT,oracle_aabb,confirmation38,data46-12,pedestrian,deepocsort,controlled_partial_hungarian,3,3,3,True
MMOT,oracle_aabb,confirmation38,data46-12,pedestrian,deepocsort,path_constrained_greedy,3,3,3,True
MMOT,oracle_aabb,confirmation38,data46-12,awning-bike,ocsort,controlled_partial_hungarian,6,4,4,True
MMOT,oracle_aabb,confirmation38,data46-12,bike,ocsort,controlled_partial_hungarian,30,12,12,True
MMOT,oracle_aabb,confirmation38,data46-12,car,ocsort,controlled_partial_hungarian,1,1,1,True
MMOT,oracle_aabb,confirmation38,data46-12,pedestrian,ocsort,controlled_partial_hungarian,350,77,77,True
MMOT,oracle_aabb,confirmation38,data46-12,tricycle,ocsort,controlled_partial_hungarian,3,3,3,True
MMOT,oracle_aabb,confirmation38,data46-12,awning-bike,ocsort,path_constrained_greedy,6,4,4,True
MMOT,oracle_aabb,confirmation38,data46-12,bike,ocsort,path_constrained_greedy,30,12,12,True
MMOT,oracle_aabb,confirmation38,data46-12,car,ocsort,path_constrained_greedy,1,1,1,True
MMOT,oracle_aabb,confirmation38,data46-12,pedestrian,ocsort,path_constrained_greedy,350,75,75,True
MMOT,oracle_aabb,confirmation38,data46-12,tricycle,ocsort,path_constrained_greedy,3,3,3,True
MMOT,oracle_aabb,confirmation38,data47-1,car,bytetrack,controlled_partial_hungarian,2,2,2,True
MMOT,oracle_aabb,confirmation38,data47-1,pedestrian,bytetrack,controlled_partial_hungarian,49,12,12,True
MMOT,oracle_aabb,confirmation38,data47-1,car,bytetrack,path_constrained_greedy,2,2,2,True
MMOT,oracle_aabb,confirmation38,data47-1,pedestrian,bytetrack,path_constrained_greedy,49,10,10,True
MMOT,oracle_aabb,confirmation38,data47-1,pedestrian,deepocsort,controlled_partial_hungarian,5,3,3,True
MMOT,oracle_aabb,confirmation38,data47-1,pedestrian,deepocsort,path_constrained_greedy,5,3,3,True
MMOT,oracle_aabb,confirmation38,data47-1,car,ocsort,controlled_partial_hungarian,2,2,2,True
MMOT,oracle_aabb,confirmation38,data47-1,pedestrian,ocsort,controlled_partial_hungarian,54,11,11,True
MMOT,oracle_aabb,confirmation38,data47-1,car,ocsort,path_constrained_greedy,2,2,2,True
MMOT,oracle_aabb,confirmation38,data47-1,pedestrian,ocsort,path_constrained_greedy,54,11,11,True
MMOT,oracle_aabb,confirmation38,data47-2,awning-bike,bytetrack,controlled_partial_hungarian,10,4,4,True
MMOT,oracle_aabb,confirmation38,data47-2,bike,bytetrack,controlled_partial_hungarian,89,22,22,True
MMOT,oracle_aabb,confirmation38,data47-2,pedestrian,bytetrack,controlled_partial_hungarian,239,38,38,True
MMOT,oracle_aabb,confirmation38,data47-2,awning-bike,bytetrack,path_constrained_greedy,10,4,4,True
MMOT,oracle_aabb,confirmation38,data47-2,bike,bytetrack,path_constrained_greedy,89,21,21,True
MMOT,oracle_aabb,confirmation38,data47-2,pedestrian,bytetrack,path_constrained_greedy,239,38,38,True
MMOT,oracle_aabb,confirmation38,data47-2,awning-bike,deepocsort,controlled_partial_hungarian,2,2,2,True
MMOT,oracle_aabb,confirmation38,data47-2,bike,deepocsort,controlled_partial_hungarian,3,2,2,True
MMOT,oracle_aabb,confirmation38,data47-2,pedestrian,deepocsort,controlled_partial_hungarian,3,2,2,True
MMOT,oracle_aabb,confirmation38,data47-2,awning-bike,deepocsort,path_constrained_greedy,2,2,2,True
MMOT,oracle_aabb,confirmation38,data47-2,bike,deepocsort,path_constrained_greedy,3,2,2,True
MMOT,oracle_aabb,confirmation38,data47-2,pedestrian,deepocsort,path_constrained_greedy,3,2,2,True
MMOT,oracle_aabb,confirmation38,data47-2,awning-bike,ocsort,controlled_partial_hungarian,12,7,7,True
MMOT,oracle_aabb,confirmation38,data47-2,bike,ocsort,controlled_partial_hungarian,18,7,7,True
MMOT,oracle_aabb,confirmation38,data47-2,pedestrian,ocsort,controlled_partial_hungarian,30,10,10,True
MMOT,oracle_aabb,confirmation38,data47-2,awning-bike,ocsort,path_constrained_greedy,12,7,7,True
MMOT,oracle_aabb,confirmation38,data47-2,bike,ocsort,path_constrained_greedy,18,7,7,True
MMOT,oracle_aabb,confirmation38,data47-2,pedestrian,ocsort,path_constrained_greedy,30,10,10,True
MMOT,oracle_aabb,confirmation38,data47-3,awning-bike,bytetrack,controlled_partial_hungarian,21,14,14,True
MMOT,oracle_aabb,confirmation38,data47-3,bike,bytetrack,controlled_partial_hungarian,102,35,35,True
MMOT,oracle_aabb,confirmation38,data47-3,car,bytetrack,controlled_partial_hungarian,25,17,17,True
MMOT,oracle_aabb,confirmation38,data47-3,pedestrian,bytetrack,controlled_partial_hungarian,156,27,27,True
MMOT,oracle_aabb,confirmation38,data47-3,van,bytetrack,controlled_partial_hungarian,3,2,2,True
MMOT,oracle_aabb,confirmation38,data47-3,awning-bike,bytetrack,path_constrained_greedy,21,14,14,True
MMOT,oracle_aabb,confirmation38,data47-3,bike,bytetrack,path_constrained_greedy,102,31,31,True
MMOT,oracle_aabb,confirmation38,data47-3,car,bytetrack,path_constrained_greedy,25,17,17,True
MMOT,oracle_aabb,confirmation38,data47-3,pedestrian,bytetrack,path_constrained_greedy,156,26,26,True
MMOT,oracle_aabb,confirmation38,data47-3,van,bytetrack,path_constrained_greedy,3,2,2,True
MMOT,oracle_aabb,confirmation38,data47-3,car,deepocsort,controlled_partial_hungarian,1,1,1,True
MMOT,oracle_aabb,confirmation38,data47-3,pedestrian,deepocsort,controlled_partial_hungarian,6,4,4,True
MMOT,oracle_aabb,confirmation38,data47-3,car,deepocsort,path_constrained_greedy,1,1,1,True
MMOT,oracle_aabb,confirmation38,data47-3,pedestrian,deepocsort,path_constrained_greedy,6,4,4,True
MMOT,oracle_aabb,confirmation38,data47-3,awning-bike,ocsort,controlled_partial_hungarian,7,6,6,True
MMOT,oracle_aabb,confirmation38,data47-3,bike,ocsort,controlled_partial_hungarian,48,20,20,True
MMOT,oracle_aabb,confirmation38,data47-3,car,ocsort,controlled_partial_hungarian,8,7,7,True
MMOT,oracle_aabb,confirmation38,data47-3,pedestrian,ocsort,controlled_partial_hungarian,35,11,11,True
MMOT,oracle_aabb,confirmation38,data47-3,awning-bike,ocsort,path_constrained_greedy,7,6,6,True
MMOT,oracle_aabb,confirmation38,data47-3,bike,ocsort,path_constrained_greedy,48,20,20,True
MMOT,oracle_aabb,confirmation38,data47-3,car,ocsort,path_constrained_greedy,8,7,7,True
MMOT,oracle_aabb,confirmation38,data47-3,pedestrian,ocsort,path_constrained_greedy,35,10,10,True
MMOT,oracle_aabb,confirmation38,data47-4,bike,bytetrack,controlled_partial_hungarian,13,9,9,True
MMOT,oracle_aabb,confirmation38,data47-4,pedestrian,bytetrack,controlled_partial_hungarian,19,10,10,True
MMOT,oracle_aabb,confirmation38,data47-4,bike,bytetrack,path_constrained_greedy,13,9,9,True
MMOT,oracle_aabb,confirmation38,data47-4,pedestrian,bytetrack,path_constrained_greedy,19,9,9,True
MMOT,oracle_aabb,confirmation38,data47-4,car,deepocsort,controlled_partial_hungarian,3,3,3,True
MMOT,oracle_aabb,confirmation38,data47-4,pedestrian,deepocsort,controlled_partial_hungarian,6,4,4,True
MMOT,oracle_aabb,confirmation38,data47-4,car,deepocsort,path_constrained_greedy,3,3,3,True
MMOT,oracle_aabb,confirmation38,data47-4,pedestrian,deepocsort,path_constrained_greedy,6,4,4,True
MMOT,oracle_aabb,confirmation38,data47-4,bike,ocsort,controlled_partial_hungarian,1,1,1,True
MMOT,oracle_aabb,confirmation38,data47-4,car,ocsort,controlled_partial_hungarian,4,3,3,True
MMOT,oracle_aabb,confirmation38,data47-4,bike,ocsort,path_constrained_greedy,1,1,1,True
MMOT,oracle_aabb,confirmation38,data47-4,car,ocsort,path_constrained_greedy,4,3,3,True
MMOT,oracle_aabb,confirmation38,data48-1,pedestrian,bytetrack,controlled_partial_hungarian,40,13,13,True
MMOT,oracle_aabb,confirmation38,data48-1,pedestrian,bytetrack,path_constrained_greedy,40,13,13,True
MMOT,oracle_aabb,confirmation38,data48-1,pedestrian,ocsort,controlled_partial_hungarian,125,29,29,True
MMOT,oracle_aabb,confirmation38,data48-1,pedestrian,ocsort,path_constrained_greedy,125,29,29,True
MMOT,oracle_aabb,confirmation38,data49-2,awning-bike,bytetrack,controlled_partial_hungarian,100,31,31,True
MMOT,oracle_aabb,confirmation38,data49-2,bike,bytetrack,controlled_partial_hungarian,150,31,31,True
MMOT,oracle_aabb,confirmation38,data49-2,car,bytetrack,controlled_partial_hungarian,21,15,15,True
MMOT,oracle_aabb,confirmation38,data49-2,pedestrian,bytetrack,controlled_partial_hungarian,89,24,24,True
MMOT,oracle_aabb,confirmation38,data49-2,truck,bytetrack,controlled_partial_hungarian,1,1,1,True
MMOT,oracle_aabb,confirmation38,data49-2,van,bytetrack,controlled_partial_hungarian,6,5,5,True
MMOT,oracle_aabb,confirmation38,data49-2,awning-bike,bytetrack,path_constrained_greedy,100,29,29,True
MMOT,oracle_aabb,confirmation38,data49-2,bike,bytetrack,path_constrained_greedy,150,29,29,True
MMOT,oracle_aabb,confirmation38,data49-2,car,bytetrack,path_constrained_greedy,21,15,15,True
MMOT,oracle_aabb,confirmation38,data49-2,pedestrian,bytetrack,path_constrained_greedy,89,23,23,True
MMOT,oracle_aabb,confirmation38,data49-2,truck,bytetrack,path_constrained_greedy,1,1,1,True
MMOT,oracle_aabb,confirmation38,data49-2,van,bytetrack,path_constrained_greedy,6,5,5,True
MMOT,oracle_aabb,confirmation38,data49-2,car,deepocsort,controlled_partial_hungarian,1,1,1,True
MMOT,oracle_aabb,confirmation38,data49-2,pedestrian,deepocsort,controlled_partial_hungarian,2,1,1,True
MMOT,oracle_aabb,confirmation38,data49-2,car,deepocsort,path_constrained_greedy,1,1,1,True
MMOT,oracle_aabb,confirmation38,data49-2,pedestrian,deepocsort,path_constrained_greedy,2,1,1,True
MMOT,oracle_aabb,confirmation38,data49-2,awning-bike,ocsort,controlled_partial_hungarian,8,6,6,True
MMOT,oracle_aabb,confirmation38,data49-2,bike,ocsort,controlled_partial_hungarian,29,12,12,True
MMOT,oracle_aabb,confirmation38,data49-2,car,ocsort,controlled_partial_hungarian,17,14,14,True
MMOT,oracle_aabb,confirmation38,data49-2,pedestrian,ocsort,controlled_partial_hungarian,11,6,6,True
MMOT,oracle_aabb,confirmation38,data49-2,awning-bike,ocsort,path_constrained_greedy,8,6,6,True
MMOT,oracle_aabb,confirmation38,data49-2,bike,ocsort,path_constrained_greedy,29,12,12,True
MMOT,oracle_aabb,confirmation38,data49-2,car,ocsort,path_constrained_greedy,17,14,14,True
MMOT,oracle_aabb,confirmation38,data49-2,pedestrian,ocsort,path_constrained_greedy,11,6,6,True
