AssA,DetA,FN,FP,Frag,HOTA,IDF1,IDSW,MOTA,TP,accepted_correct,accepted_false,accepted_links,accepted_unknown,box_multiset_preserved,component_rejections,duplicate_frame_identity_count,method,modality,predicted_boxes,sequence,solver_seconds,split,tau_a,tau_m,tie_ambiguous,tie_excluded_correct,tie_excluded_false,tracker,valid_gt_boxes
94.52264145011814,94.12906524295698,41,0,9,94.28798948645316,99.00564364418167,5,99.17886469118173,5561,0,0,0,0,True,0,0,no_refinement,ir,5561,M3OT/1/ir/val/1-08T,0.0,development,N/A,N/A,0,0,0,bytetrack,5602
92.78653781644401,94.12906524295698,41,0,9,93.41624614348729,97.94858013078921,4,99.19671545876473,5561,1,2,5,2,True,0,0,ace_v1,ir,5561,M3OT/1/ir/val/1-08T,0.17252849787473679,development,N/A,N/A,0,1,2,bytetrack,5602
92.9860382625666,94.12906524295698,41,0,9,93.5173527474819,98.03816178446654,3,99.21456622634773,5561,1,2,5,2,True,0,0,cost_r,ir,5561,M3OT/1/ir/val/1-08T,0.16862173471599817,development,N/A,N/A,0,1,2,bytetrack,5602
92.9860382625666,94.12906524295698,41,0,9,93.5173527474819,98.03816178446654,3,99.21456622634773,5561,1,2,5,2,True,6,0,cost_g_legacy,ir,5561,M3OT/1/ir/val/1-08T,0.17008327972143888,development,N/A,N/A,0,1,2,bytetrack,5602
93.5742203443645,94.12906524295698,41,0,9,93.8139084453356,98.34273940696944,1,99.25026776151374,5561,3,1,6,2,True,0,0,cost_h,ir,5561,M3OT/1/ir/val/1-08T,0.2564333342015743,development,N/A,N/A,0,3,1,bytetrack,5602
92.9860382625666,94.12906524295698,41,0,9,93.5173527474819,98.03816178446654,3,99.21456622634773,5561,1,2,5,2,True,0,0,path_g,ir,5561,M3OT/1/ir/val/1-08T,0.17040091194212437,development,N/A,N/A,0,1,2,bytetrack,5602
92.9860382625666,94.12906524295698,41,0,9,93.5173527474819,98.03816178446654,3,99.21456622634773,5561,1,2,5,2,True,0,0,cost_h_margin_reassign,ir,5561,M3OT/1/ir/val/1-08T,0.1748116910457611,development,0.0,1.0,0,1,2,bytetrack,5602
95.23998137346183,94.12906524295698,41,0,9,94.64683413728393,99.47146824330378,2,99.23241699393074,5561,3,0,3,0,True,0,0,cost_h_motion_reassign,ir,5561,M3OT/1/ir/val/1-08T,0.1688480768352747,development,0.0,1.0,0,3,0,bytetrack,5602
94.75048264410559,94.12906524295698,41,0,9,94.40229467639001,99.16689062080086,4,99.19671545876473,5561,1,0,1,0,True,0,0,cost_h_full_postfilter,ir,5561,M3OT/1/ir/val/1-08T,0.16877763532102108,development,0.0,1.0,0,1,0,bytetrack,5602
94.75048264410559,94.12906524295698,41,0,9,94.40229467639001,99.16689062080086,4,99.19671545876473,5561,1,0,1,0,True,0,0,cost_h_full_reassign,ir,5561,M3OT/1/ir/val/1-08T,0.1708275293931365,development,0.0,1.0,0,1,0,bytetrack,5602
94.75048264410559,94.12906524295698,41,0,9,94.40229467639001,99.16689062080086,4,99.19671545876473,5561,1,0,1,0,True,0,0,path_g_full_reassign,ir,5561,M3OT/1/ir/val/1-08T,0.17109328135848045,development,0.0,1.0,0,1,0,bytetrack,5602
92.9860382625666,94.12906524295698,41,0,9,93.5173527474819,98.03816178446654,3,99.21456622634773,5561,1,2,5,2,True,0,0,cost_h_margin_reassign,ir,5561,M3OT/1/ir/val/1-08T,0.17136845365166664,development,0.0,2.0,0,1,2,bytetrack,5602
95.29256867445802,94.12906524295698,41,0,9,94.67365522024186,99.5610498969811,1,99.25026776151374,5561,3,0,5,2,True,0,0,cost_h_motion_reassign,ir,5561,M3OT/1/ir/val/1-08T,0.17227479070425034,development,0.0,2.0,0,3,0,bytetrack,5602
94.80306994510175,94.12906524295698,41,0,9,94.42919638426079,99.25647227447818,3,99.21456622634773,5561,1,0,3,2,True,0,0,cost_h_full_postfilter,ir,5561,M3OT/1/ir/val/1-08T,0.17005704529583454,development,0.0,2.0,0,1,0,bytetrack,5602
94.80306994510175,94.12906524295698,41,0,9,94.42919638426079,99.25647227447818,3,99.21456622634773,5561,1,0,3,2,True,0,0,cost_h_full_reassign,ir,5561,M3OT/1/ir/val/1-08T,0.1680955858901143,development,0.0,2.0,0,1,0,bytetrack,5602
94.80306994510175,94.12906524295698,41,0,9,94.42919638426079,99.25647227447818,3,99.21456622634773,5561,1,0,3,2,True,0,0,path_g_full_reassign,ir,5561,M3OT/1/ir/val/1-08T,0.16971766110509634,development,0.0,2.0,0,1,0,bytetrack,5602
92.9860382625666,94.12906524295698,41,0,9,93.5173527474819,98.03816178446654,3,99.21456622634773,5561,1,2,5,2,True,0,0,cost_h_margin_reassign,ir,5561,M3OT/1/ir/val/1-08T,0.17565066181123257,development,0.0,4.0,0,1,2,bytetrack,5602
95.29256867445802,94.12906524295698,41,0,9,94.67365522024186,99.5610498969811,1,99.25026776151374,5561,3,0,5,2,True,0,0,cost_h_motion_reassign,ir,5561,M3OT/1/ir/val/1-08T,0.2582218758761883,development,0.0,4.0,0,3,0,bytetrack,5602
94.80306994510175,94.12906524295698,41,0,9,94.42919638426079,99.25647227447818,3,99.21456622634773,5561,1,0,3,2,True,0,0,cost_h_full_postfilter,ir,5561,M3OT/1/ir/val/1-08T,0.1683800583705306,development,0.0,4.0,0,1,0,bytetrack,5602
94.70438659266016,94.12906524295698,41,0,9,94.37983506215261,99.25647227447818,3,99.21456622634773,5561,1,1,4,2,True,0,0,cost_h_full_reassign,ir,5561,M3OT/1/ir/val/1-08T,0.1716936994343996,development,0.0,4.0,0,1,1,bytetrack,5602
94.70438659266016,94.12906524295698,41,0,9,94.37983506215261,99.25647227447818,3,99.21456622634773,5561,1,1,4,2,True,0,0,path_g_full_reassign,ir,5561,M3OT/1/ir/val/1-08T,0.17221481446176767,development,0.0,4.0,0,1,1,bytetrack,5602
92.9860382625666,94.12906524295698,41,0,9,93.5173527474819,98.03816178446654,3,99.21456622634773,5561,1,2,5,2,True,0,0,cost_h_margin_reassign,ir,5561,M3OT/1/ir/val/1-08T,0.1709218705072999,development,0.0,8.0,0,1,2,bytetrack,5602
93.5742203443645,94.12906524295698,41,0,9,93.8139084453356,98.34273940696944,1,99.25026776151374,5561,3,1,6,2,True,0,0,cost_h_motion_reassign,ir,5561,M3OT/1/ir/val/1-08T,0.17258867528289557,development,0.0,8.0,0,3,1,bytetrack,5602
93.08472161500822,94.12906524295698,41,0,9,93.56717469507633,98.03816178446654,3,99.21456622634773,5561,1,1,4,2,True,0,0,cost_h_full_postfilter,ir,5561,M3OT/1/ir/val/1-08T,0.1743000727146864,development,0.0,8.0,0,1,1,bytetrack,5602
92.9860382625666,94.12906524295698,41,0,9,93.5173527474819,98.03816178446654,3,99.21456622634773,5561,1,2,5,2,True,0,0,cost_h_full_reassign,ir,5561,M3OT/1/ir/val/1-08T,0.1733646709471941,development,0.0,8.0,0,1,2,bytetrack,5602
92.9860382625666,94.12906524295698,41,0,9,93.5173527474819,98.03816178446654,3,99.21456622634773,5561,1,2,5,2,True,0,0,path_g_full_reassign,ir,5561,M3OT/1/ir/val/1-08T,0.17593166138976812,development,0.0,8.0,0,1,2,bytetrack,5602
92.9860382625666,94.12906524295698,41,0,9,93.5173527474819,98.03816178446654,3,99.21456622634773,5561,1,2,5,2,True,0,0,cost_h_margin_reassign,ir,5561,M3OT/1/ir/val/1-08T,0.17580422945320606,development,0.05,1.0,0,1,2,bytetrack,5602
95.23998137346183,94.12906524295698,41,0,9,94.64683413728393,99.47146824330378,2,99.23241699393074,5561,3,0,3,0,True,0,0,cost_h_motion_reassign,ir,5561,M3OT/1/ir/val/1-08T,0.17580020986497402,development,0.05,1.0,0,3,0,bytetrack,5602
95.02009444985525,94.12906524295698,41,0,9,94.53669180984511,99.32813759742005,3,99.21456622634773,5561,2,0,2,0,True,0,0,cost_h_full_postfilter,ir,5561,M3OT/1/ir/val/1-08T,0.17511408124119043,development,0.05,1.0,0,2,0,bytetrack,5602
95.02009444985525,94.12906524295698,41,0,9,94.53669180984511,99.32813759742005,3,99.21456622634773,5561,2,0,2,0,True,0,0,cost_h_full_reassign,ir,5561,M3OT/1/ir/val/1-08T,0.17604034673422575,development,0.05,1.0,0,2,0,bytetrack,5602
95.02009444985525,94.12906524295698,41,0,9,94.53669180984511,99.32813759742005,3,99.21456622634773,5561,2,0,2,0,True,0,0,path_g_full_reassign,ir,5561,M3OT/1/ir/val/1-08T,0.2611546730622649,development,0.05,1.0,0,2,0,bytetrack,5602
92.9860382625666,94.12906524295698,41,0,9,93.5173527474819,98.03816178446654,3,99.21456622634773,5561,1,2,5,2,True,0,0,cost_h_margin_reassign,ir,5561,M3OT/1/ir/val/1-08T,0.17423268873244524,development,0.05,2.0,0,1,2,bytetrack,5602
95.29256867445802,94.12906524295698,41,0,9,94.67365522024186,99.5610498969811,1,99.25026776151374,5561,3,0,5,2,True,0,0,cost_h_motion_reassign,ir,5561,M3OT/1/ir/val/1-08T,0.1740786526352167,development,0.05,2.0,0,3,0,bytetrack,5602
95.07268175085143,94.12906524295698,41,0,9,94.56355442790301,99.41771925109738,2,99.23241699393074,5561,2,0,4,2,True,0,0,cost_h_full_postfilter,ir,5561,M3OT/1/ir/val/1-08T,0.17312272917479277,development,0.05,2.0,0,2,0,bytetrack,5602
95.07268175085143,94.12906524295698,41,0,9,94.56355442790301,99.41771925109738,2,99.23241699393074,5561,2,0,4,2,True,0,0,cost_h_full_reassign,ir,5561,M3OT/1/ir/val/1-08T,0.17098254058510065,development,0.05,2.0,0,2,0,bytetrack,5602
95.07268175085143,94.12906524295698,41,0,9,94.56355442790301,99.41771925109738,2,99.23241699393074,5561,2,0,4,2,True,0,0,path_g_full_reassign,ir,5561,M3OT/1/ir/val/1-08T,0.17393206246197224,development,0.05,2.0,0,2,0,bytetrack,5602
92.9860382625666,94.12906524295698,41,0,9,93.5173527474819,98.03816178446654,3,99.21456622634773,5561,1,2,5,2,True,0,0,cost_h_margin_reassign,ir,5561,M3OT/1/ir/val/1-08T,0.17424215283244848,development,0.05,4.0,0,1,2,bytetrack,5602
95.29256867445802,94.12906524295698,41,0,9,94.67365522024186,99.5610498969811,1,99.25026776151374,5561,3,0,5,2,True,0,0,cost_h_motion_reassign,ir,5561,M3OT/1/ir/val/1-08T,0.17402505595237017,development,0.05,4.0,0,3,0,bytetrack,5602
95.07268175085143,94.12906524295698,41,0,9,94.56355442790301,99.41771925109738,2,99.23241699393074,5561,2,0,4,2,True,0,0,cost_h_full_postfilter,ir,5561,M3OT/1/ir/val/1-08T,0.17361703608185053,development,0.05,4.0,0,2,0,bytetrack,5602
94.70438659266016,94.12906524295698,41,0,9,94.37983506215261,99.25647227447818,3,99.21456622634773,5561,1,1,4,2,True,0,0,cost_h_full_reassign,ir,5561,M3OT/1/ir/val/1-08T,0.1703203283250332,development,0.05,4.0,0,1,1,bytetrack,5602
94.70438659266016,94.12906524295698,41,0,9,94.37983506215261,99.25647227447818,3,99.21456622634773,5561,1,1,4,2,True,0,0,path_g_full_reassign,ir,5561,M3OT/1/ir/val/1-08T,0.1714089447632432,development,0.05,4.0,0,1,1,bytetrack,5602
92.9860382625666,94.12906524295698,41,0,9,93.5173527474819,98.03816178446654,3,99.21456622634773,5561,1,2,5,2,True,0,0,cost_h_margin_reassign,ir,5561,M3OT/1/ir/val/1-08T,0.17378460057079792,development,0.05,8.0,0,1,2,bytetrack,5602
93.5742203443645,94.12906524295698,41,0,9,93.8139084453356,98.34273940696944,1,99.25026776151374,5561,3,1,6,2,True,0,0,cost_h_motion_reassign,ir,5561,M3OT/1/ir/val/1-08T,0.17340443935245275,development,0.05,8.0,0,3,1,bytetrack,5602
93.35433342075788,94.12906524295698,41,0,9,93.70277346985468,98.19940876108572,2,99.23241699393074,5561,2,1,5,2,True,0,0,cost_h_full_postfilter,ir,5561,M3OT/1/ir/val/1-08T,0.17434745654463768,development,0.05,8.0,0,2,1,bytetrack,5602
92.9860382625666,94.12906524295698,41,0,9,93.5173527474819,98.03816178446654,3,99.21456622634773,5561,1,2,5,2,True,0,0,cost_h_full_reassign,ir,5561,M3OT/1/ir/val/1-08T,0.2655097469687462,development,0.05,8.0,0,1,2,bytetrack,5602
92.9860382625666,94.12906524295698,41,0,9,93.5173527474819,98.03816178446654,3,99.21456622634773,5561,1,2,5,2,True,0,0,path_g_full_reassign,ir,5561,M3OT/1/ir/val/1-08T,0.1731910901144147,development,0.05,8.0,0,1,2,bytetrack,5602
92.9860382625666,94.12906524295698,41,0,9,93.5173527474819,98.03816178446654,3,99.21456622634773,5561,1,2,5,2,True,0,0,cost_h_margin_reassign,ir,5561,M3OT/1/ir/val/1-08T,0.17272994108498096,development,0.1,1.0,0,1,2,bytetrack,5602
95.23998137346183,94.12906524295698,41,0,9,94.64683413728393,99.47146824330378,2,99.23241699393074,5561,3,0,3,0,True,0,0,cost_h_motion_reassign,ir,5561,M3OT/1/ir/val/1-08T,0.17092791199684143,development,0.1,1.0,0,3,0,bytetrack,5602
95.02009444985525,94.12906524295698,41,0,9,94.53669180984511,99.32813759742005,3,99.21456622634773,5561,2,0,2,0,True,0,0,cost_h_full_postfilter,ir,5561,M3OT/1/ir/val/1-08T,0.17194128409028053,development,0.1,1.0,0,2,0,bytetrack,5602
95.02009444985525,94.12906524295698,41,0,9,94.53669180984511,99.32813759742005,3,99.21456622634773,5561,2,0,2,0,True,0,0,cost_h_full_reassign,ir,5561,M3OT/1/ir/val/1-08T,0.17339227627962828,development,0.1,1.0,0,2,0,bytetrack,5602
95.02009444985525,94.12906524295698,41,0,9,94.53669180984511,99.32813759742005,3,99.21456622634773,5561,2,0,2,0,True,0,0,path_g_full_reassign,ir,5561,M3OT/1/ir/val/1-08T,0.17500779032707214,development,0.1,1.0,0,2,0,bytetrack,5602
92.9860382625666,94.12906524295698,41,0,9,93.5173527474819,98.03816178446654,3,99.21456622634773,5561,1,2,5,2,True,0,0,cost_h_margin_reassign,ir,5561,M3OT/1/ir/val/1-08T,0.17440891917794943,development,0.1,2.0,0,1,2,bytetrack,5602
95.29256867445802,94.12906524295698,41,0,9,94.67365522024186,99.5610498969811,1,99.25026776151374,5561,3,0,5,2,True,0,0,cost_h_motion_reassign,ir,5561,M3OT/1/ir/val/1-08T,0.17556898295879364,development,0.1,2.0,0,3,0,bytetrack,5602
95.07268175085143,94.12906524295698,41,0,9,94.56355442790301,99.41771925109738,2,99.23241699393074,5561,2,0,4,2,True,0,0,cost_h_full_postfilter,ir,5561,M3OT/1/ir/val/1-08T,0.17506919894367456,development,0.1,2.0,0,2,0,bytetrack,5602
95.07268175085143,94.12906524295698,41,0,9,94.56355442790301,99.41771925109738,2,99.23241699393074,5561,2,0,4,2,True,0,0,cost_h_full_reassign,ir,5561,M3OT/1/ir/val/1-08T,0.17439684085547924,development,0.1,2.0,0,2,0,bytetrack,5602
95.07268175085143,94.12906524295698,41,0,9,94.56355442790301,99.41771925109738,2,99.23241699393074,5561,2,0,4,2,True,0,0,path_g_full_reassign,ir,5561,M3OT/1/ir/val/1-08T,0.1756948810070753,development,0.1,2.0,0,2,0,bytetrack,5602
92.9860382625666,94.12906524295698,41,0,9,93.5173527474819,98.03816178446654,3,99.21456622634773,5561,1,2,5,2,True,0,0,cost_h_margin_reassign,ir,5561,M3OT/1/ir/val/1-08T,0.17501556500792503,development,0.1,4.0,0,1,2,bytetrack,5602
95.29256867445802,94.12906524295698,41,0,9,94.67365522024186,99.5610498969811,1,99.25026776151374,5561,3,0,5,2,True,0,0,cost_h_motion_reassign,ir,5561,M3OT/1/ir/val/1-08T,0.2625650651752949,development,0.1,4.0,0,3,0,bytetrack,5602
95.07268175085143,94.12906524295698,41,0,9,94.56355442790301,99.41771925109738,2,99.23241699393074,5561,2,0,4,2,True,0,0,cost_h_full_postfilter,ir,5561,M3OT/1/ir/val/1-08T,0.17520490009337664,development,0.1,4.0,0,2,0,bytetrack,5602
94.70438659266016,94.12906524295698,41,0,9,94.37983506215261,99.25647227447818,3,99.21456622634773,5561,1,1,4,2,True,0,0,cost_h_full_reassign,ir,5561,M3OT/1/ir/val/1-08T,0.17466227617114782,development,0.1,4.0,0,1,1,bytetrack,5602
94.70438659266016,94.12906524295698,41,0,9,94.37983506215261,99.25647227447818,3,99.21456622634773,5561,1,1,4,2,True,0,0,path_g_full_reassign,ir,5561,M3OT/1/ir/val/1-08T,0.1751968814060092,development,0.1,4.0,0,1,1,bytetrack,5602
92.9860382625666,94.12906524295698,41,0,9,93.5173527474819,98.03816178446654,3,99.21456622634773,5561,1,2,5,2,True,0,0,cost_h_margin_reassign,ir,5561,M3OT/1/ir/val/1-08T,0.1756846560165286,development,0.1,8.0,0,1,2,bytetrack,5602
93.5742203443645,94.12906524295698,41,0,9,93.8139084453356,98.34273940696944,1,99.25026776151374,5561,3,1,6,2,True,0,0,cost_h_motion_reassign,ir,5561,M3OT/1/ir/val/1-08T,0.17528992984443903,development,0.1,8.0,0,3,1,bytetrack,5602
93.35433342075788,94.12906524295698,41,0,9,93.70277346985468,98.19940876108572,2,99.23241699393074,5561,2,1,5,2,True,0,0,cost_h_full_postfilter,ir,5561,M3OT/1/ir/val/1-08T,0.17518286779522896,development,0.1,8.0,0,2,1,bytetrack,5602
92.9860382625666,94.12906524295698,41,0,9,93.5173527474819,98.03816178446654,3,99.21456622634773,5561,1,2,5,2,True,0,0,cost_h_full_reassign,ir,5561,M3OT/1/ir/val/1-08T,0.17556539829820395,development,0.1,8.0,0,1,2,bytetrack,5602
92.9860382625666,94.12906524295698,41,0,9,93.5173527474819,98.03816178446654,3,99.21456622634773,5561,1,2,5,2,True,0,0,path_g_full_reassign,ir,5561,M3OT/1/ir/val/1-08T,0.17334333714097738,development,0.1,8.0,0,1,2,bytetrack,5602
93.5742203443645,94.12906524295698,41,0,9,93.8139084453356,98.34273940696944,1,99.25026776151374,5561,3,1,6,2,True,0,0,cost_h_soft_information,ir,5561,M3OT/1/ir/val/1-08T,0.17448357306420803,development,N/A,N/A,0,3,1,bytetrack,5602
95.68257009533822,97.73295251695824,127,0,8,96.70232716862722,97.17432517829737,6,97.6258479114602,5475,0,0,0,0,True,0,0,no_refinement,ir,5475,M3OT/1/ir/val/1-08T,0.0,development,N/A,N/A,0,0,0,ocsort,5602
97.13314028050411,97.73295251695824,127,0,8,97.43258483103867,98.56459330143541,4,97.66154944662621,5475,2,3,5,0,True,0,0,ace_v1,ir,5475,M3OT/1/ir/val/1-08T,0.1721003418788314,development,N/A,N/A,0,2,3,ocsort,5602
97.13314028050411,97.73295251695824,127,0,8,97.43258483103867,98.56459330143541,4,97.66154944662621,5475,2,3,5,0,True,0,0,cost_r,ir,5475,M3OT/1/ir/val/1-08T,0.17369947489351034,development,N/A,N/A,0,2,3,ocsort,5602
97.13314028050411,97.73295251695824,127,0,8,97.43258483103867,98.56459330143541,4,97.66154944662621,5475,2,3,5,0,True,5,0,cost_g_legacy,ir,5475,M3OT/1/ir/val/1-08T,0.2596810953691602,development,N/A,N/A,0,2,3,ocsort,5602
97.51830214101534,97.73295251695824,127,0,8,97.62556833474638,98.76320303331227,2,97.69725098179222,5475,4,2,6,0,True,0,0,cost_h,ir,5475,M3OT/1/ir/val/1-08T,0.16762329544872046,development,N/A,N/A,0,4,2,ocsort,5602
97.13314028050411,97.73295251695824,127,0,8,97.43258483103867,98.56459330143541,4,97.66154944662621,5475,2,3,5,0,True,0,0,path_g,ir,5475,M3OT/1/ir/val/1-08T,0.16741929296404123,development,N/A,N/A,0,2,3,ocsort,5602
97.13314028050411,97.73295251695824,127,0,8,97.43258483103867,98.56459330143541,4,97.66154944662621,5475,2,3,5,0,True,0,0,cost_h_margin_reassign,ir,5475,M3OT/1/ir/val/1-08T,0.1683257194235921,development,0.0,1.0,0,2,3,ocsort,5602
97.60390662392263,97.73295251695824,127,0,8,97.66840825745781,98.76320303331227,2,97.69725098179222,5475,4,0,4,0,True,0,0,cost_h_motion_reassign,ir,5475,M3OT/1/ir/val/1-08T,0.16805246099829674,development,0.0,1.0,0,4,0,ocsort,5602
97.26753977174522,97.73295251695824,127,0,8,97.49996844078117,98.56459330143541,4,97.66154944662621,5475,2,0,2,0,True,0,0,cost_h_full_postfilter,ir,5475,M3OT/1/ir/val/1-08T,0.16798489727079868,development,0.0,1.0,0,2,0,ocsort,5602
97.26753977174522,97.73295251695824,127,0,8,97.49996844078117,98.56459330143541,4,97.66154944662621,5475,2,0,2,0,True,0,0,cost_h_full_reassign,ir,5475,M3OT/1/ir/val/1-08T,0.17229253891855478,development,0.0,1.0,0,2,0,ocsort,5602
97.26753977174522,97.73295251695824,127,0,8,97.49996844078117,98.56459330143541,4,97.66154944662621,5475,2,0,2,0,True,0,0,path_g_full_reassign,ir,5475,M3OT/1/ir/val/1-08T,0.1720279548317194,development,0.0,1.0,0,2,0,ocsort,5602
97.13314028050411,97.73295251695824,127,0,8,97.43258483103867,98.56459330143541,4,97.66154944662621,5475,2,3,5,0,True,0,0,cost_h_margin_reassign,ir,5475,M3OT/1/ir/val/1-08T,0.16739197727292776,development,0.0,2.0,0,2,3,ocsort,5602
97.51830214101534,97.73295251695824,127,0,8,97.62556833474638,98.76320303331227,2,97.69725098179222,5475,4,2,6,0,True,0,0,cost_h_motion_reassign,ir,5475,M3OT/1/ir/val/1-08T,0.1643648175522685,development,0.0,2.0,0,4,2,ocsort,5602
97.18193528883792,97.73295251695824,127,0,8,97.4570544757541,98.56459330143541,4,97.66154944662621,5475,2,2,4,0,True,0,0,cost_h_full_postfilter,ir,5475,M3OT/1/ir/val/1-08T,0.16589475981891155,development,0.0,2.0,0,2,2,ocsort,5602
97.13314028050411,97.73295251695824,127,0,8,97.43258483103867,98.56459330143541,4,97.66154944662621,5475,2,3,5,0,True,0,0,cost_h_full_reassign,ir,5475,M3OT/1/ir/val/1-08T,0.16650058701634407,development,0.0,2.0,0,2,3,ocsort,5602
97.13314028050411,97.73295251695824,127,0,8,97.43258483103867,98.56459330143541,4,97.66154944662621,5475,2,3,5,0,True,0,0,path_g_full_reassign,ir,5475,M3OT/1/ir/val/1-08T,0.17055588401854038,development,0.0,2.0,0,2,3,ocsort,5602
97.13314028050411,97.73295251695824,127,0,8,97.43258483103867,98.56459330143541,4,97.66154944662621,5475,2,3,5,0,True,0,0,cost_h_margin_reassign,ir,5475,M3OT/1/ir/val/1-08T,0.16462653689086437,development,0.0,4.0,0,2,3,ocsort,5602
97.51830214101534,97.73295251695824,127,0,8,97.62556833474638,98.76320303331227,2,97.69725098179222,5475,4,2,6,0,True,0,0,cost_h_motion_reassign,ir,5475,M3OT/1/ir/val/1-08T,0.25306857377290726,development,0.0,4.0,0,4,2,ocsort,5602
97.18193528883792,97.73295251695824,127,0,8,97.4570544757541,98.56459330143541,4,97.66154944662621,5475,2,2,4,0,True,0,0,cost_h_full_postfilter,ir,5475,M3OT/1/ir/val/1-08T,0.1679031029343605,development,0.0,4.0,0,2,2,ocsort,5602
97.13314028050411,97.73295251695824,127,0,8,97.43258483103867,98.56459330143541,4,97.66154944662621,5475,2,3,5,0,True,0,0,cost_h_full_reassign,ir,5475,M3OT/1/ir/val/1-08T,0.1657750941812992,development,0.0,4.0,0,2,3,ocsort,5602
97.13314028050411,97.73295251695824,127,0,8,97.43258483103867,98.56459330143541,4,97.66154944662621,5475,2,3,5,0,True,0,0,path_g_full_reassign,ir,5475,M3OT/1/ir/val/1-08T,0.1664008116349578,development,0.0,4.0,0,2,3,ocsort,5602
97.13314028050411,97.73295251695824,127,0,8,97.43258483103867,98.56459330143541,4,97.66154944662621,5475,2,3,5,0,True,0,0,cost_h_margin_reassign,ir,5475,M3OT/1/ir/val/1-08T,0.17120990715920925,development,0.0,8.0,0,2,3,ocsort,5602
97.51830214101534,97.73295251695824,127,0,8,97.62556833474638,98.76320303331227,2,97.69725098179222,5475,4,2,6,0,True,0,0,cost_h_motion_reassign,ir,5475,M3OT/1/ir/val/1-08T,0.17126512341201305,development,0.0,8.0,0,4,2,ocsort,5602
97.18193528883792,97.73295251695824,127,0,8,97.4570544757541,98.56459330143541,4,97.66154944662621,5475,2,2,4,0,True,0,0,cost_h_full_postfilter,ir,5475,M3OT/1/ir/val/1-08T,0.16957302670925856,development,0.0,8.0,0,2,2,ocsort,5602
97.13314028050411,97.73295251695824,127,0,8,97.43258483103867,98.56459330143541,4,97.66154944662621,5475,2,3,5,0,True,0,0,cost_h_full_reassign,ir,5475,M3OT/1/ir/val/1-08T,0.2387802293524146,development,0.0,8.0,0,2,3,ocsort,5602
97.13314028050411,97.73295251695824,127,0,8,97.43258483103867,98.56459330143541,4,97.66154944662621,5475,2,3,5,0,True,0,0,path_g_full_reassign,ir,5475,M3OT/1/ir/val/1-08T,0.2517581954598427,development,0.0,8.0,0,2,3,ocsort,5602
97.13314028050411,97.73295251695824,127,0,8,97.43258483103867,98.56459330143541,4,97.66154944662621,5475,2,3,5,0,True,0,0,cost_h_margin_reassign,ir,5475,M3OT/1/ir/val/1-08T,0.2486201710999012,development,0.05,1.0,0,2,3,ocsort,5602
97.60390662392263,97.73295251695824,127,0,8,97.66840825745781,98.76320303331227,2,97.69725098179222,5475,4,0,4,0,True,0,0,cost_h_motion_reassign,ir,5475,M3OT/1/ir/val/1-08T,0.2528744777664542,development,0.05,1.0,0,4,0,ocsort,5602
97.26753977174522,97.73295251695824,127,0,8,97.49996844078117,98.56459330143541,4,97.66154944662621,5475,2,0,2,0,True,0,0,cost_h_full_postfilter,ir,5475,M3OT/1/ir/val/1-08T,0.2547834413126111,development,0.05,1.0,0,2,0,ocsort,5602
97.26753977174522,97.73295251695824,127,0,8,97.49996844078117,98.56459330143541,4,97.66154944662621,5475,2,0,2,0,True,0,0,cost_h_full_reassign,ir,5475,M3OT/1/ir/val/1-08T,0.25553181394934654,development,0.05,1.0,0,2,0,ocsort,5602
97.26753977174522,97.73295251695824,127,0,8,97.49996844078117,98.56459330143541,4,97.66154944662621,5475,2,0,2,0,True,0,0,path_g_full_reassign,ir,5475,M3OT/1/ir/val/1-08T,0.2595336586236954,development,0.05,1.0,0,2,0,ocsort,5602
97.13314028050411,97.73295251695824,127,0,8,97.43258483103867,98.56459330143541,4,97.66154944662621,5475,2,3,5,0,True,0,0,cost_h_margin_reassign,ir,5475,M3OT/1/ir/val/1-08T,0.39559518452733755,development,0.05,2.0,0,2,3,ocsort,5602
97.51830214101534,97.73295251695824,127,0,8,97.62556833474638,98.76320303331227,2,97.69725098179222,5475,4,2,6,0,True,0,0,cost_h_motion_reassign,ir,5475,M3OT/1/ir/val/1-08T,0.26101000886410475,development,0.05,2.0,0,4,2,ocsort,5602
97.18193528883792,97.73295251695824,127,0,8,97.4570544757541,98.56459330143541,4,97.66154944662621,5475,2,2,4,0,True,0,0,cost_h_full_postfilter,ir,5475,M3OT/1/ir/val/1-08T,0.25917244888842106,development,0.05,2.0,0,2,2,ocsort,5602
97.13314028050411,97.73295251695824,127,0,8,97.43258483103867,98.56459330143541,4,97.66154944662621,5475,2,3,5,0,True,0,0,cost_h_full_reassign,ir,5475,M3OT/1/ir/val/1-08T,0.25308315828442574,development,0.05,2.0,0,2,3,ocsort,5602
97.13314028050411,97.73295251695824,127,0,8,97.43258483103867,98.56459330143541,4,97.66154944662621,5475,2,3,5,0,True,0,0,path_g_full_reassign,ir,5475,M3OT/1/ir/val/1-08T,0.2544575063511729,development,0.05,2.0,0,2,3,ocsort,5602
97.13314028050411,97.73295251695824,127,0,8,97.43258483103867,98.56459330143541,4,97.66154944662621,5475,2,3,5,0,True,0,0,cost_h_margin_reassign,ir,5475,M3OT/1/ir/val/1-08T,0.22306731157004833,development,0.05,4.0,0,2,3,ocsort,5602
97.51830214101534,97.73295251695824,127,0,8,97.62556833474638,98.76320303331227,2,97.69725098179222,5475,4,2,6,0,True,0,0,cost_h_motion_reassign,ir,5475,M3OT/1/ir/val/1-08T,0.18084312975406647,development,0.05,4.0,0,4,2,ocsort,5602
97.18193528883792,97.73295251695824,127,0,8,97.4570544757541,98.56459330143541,4,97.66154944662621,5475,2,2,4,0,True,0,0,cost_h_full_postfilter,ir,5475,M3OT/1/ir/val/1-08T,0.18478661961853504,development,0.05,4.0,0,2,2,ocsort,5602
97.13314028050411,97.73295251695824,127,0,8,97.43258483103867,98.56459330143541,4,97.66154944662621,5475,2,3,5,0,True,0,0,cost_h_full_reassign,ir,5475,M3OT/1/ir/val/1-08T,0.1755115892738104,development,0.05,4.0,0,2,3,ocsort,5602
97.13314028050411,97.73295251695824,127,0,8,97.43258483103867,98.56459330143541,4,97.66154944662621,5475,2,3,5,0,True,0,0,path_g_full_reassign,ir,5475,M3OT/1/ir/val/1-08T,0.17446728236973286,development,0.05,4.0,0,2,3,ocsort,5602
97.13314028050411,97.73295251695824,127,0,8,97.43258483103867,98.56459330143541,4,97.66154944662621,5475,2,3,5,0,True,0,0,cost_h_margin_reassign,ir,5475,M3OT/1/ir/val/1-08T,0.1749024298042059,development,0.05,8.0,0,2,3,ocsort,5602
97.51830214101534,97.73295251695824,127,0,8,97.62556833474638,98.76320303331227,2,97.69725098179222,5475,4,2,6,0,True,0,0,cost_h_motion_reassign,ir,5475,M3OT/1/ir/val/1-08T,0.17383377999067307,development,0.05,8.0,0,4,2,ocsort,5602
97.18193528883792,97.73295251695824,127,0,8,97.4570544757541,98.56459330143541,4,97.66154944662621,5475,2,2,4,0,True,0,0,cost_h_full_postfilter,ir,5475,M3OT/1/ir/val/1-08T,0.1789760710671544,development,0.05,8.0,0,2,2,ocsort,5602
97.13314028050411,97.73295251695824,127,0,8,97.43258483103867,98.56459330143541,4,97.66154944662621,5475,2,3,5,0,True,0,0,cost_h_full_reassign,ir,5475,M3OT/1/ir/val/1-08T,0.18150620441883802,development,0.05,8.0,0,2,3,ocsort,5602
97.13314028050411,97.73295251695824,127,0,8,97.43258483103867,98.56459330143541,4,97.66154944662621,5475,2,3,5,0,True,0,0,path_g_full_reassign,ir,5475,M3OT/1/ir/val/1-08T,0.272350843064487,development,0.05,8.0,0,2,3,ocsort,5602
97.13314028050411,97.73295251695824,127,0,8,97.43258483103867,98.56459330143541,4,97.66154944662621,5475,2,3,5,0,True,0,0,cost_h_margin_reassign,ir,5475,M3OT/1/ir/val/1-08T,0.18170783668756485,development,0.1,1.0,0,2,3,ocsort,5602
97.60390662392263,97.73295251695824,127,0,8,97.66840825745781,98.76320303331227,2,97.69725098179222,5475,4,0,4,0,True,0,0,cost_h_motion_reassign,ir,5475,M3OT/1/ir/val/1-08T,0.18089486472308636,development,0.1,1.0,0,4,0,ocsort,5602
97.47748930310787,97.73295251695824,127,0,8,97.60513733166376,98.69098131262977,3,97.67940021420921,5475,3,0,3,0,True,0,0,cost_h_full_postfilter,ir,5475,M3OT/1/ir/val/1-08T,0.18346380069851875,development,0.1,1.0,0,3,0,ocsort,5602
97.47748930310787,97.73295251695824,127,0,8,97.60513733166376,98.69098131262977,3,97.67940021420921,5475,3,0,3,0,True,0,0,cost_h_full_reassign,ir,5475,M3OT/1/ir/val/1-08T,0.1824618624523282,development,0.1,1.0,0,3,0,ocsort,5602
97.47748930310787,97.73295251695824,127,0,8,97.60513733166376,98.69098131262977,3,97.67940021420921,5475,3,0,3,0,True,0,0,path_g_full_reassign,ir,5475,M3OT/1/ir/val/1-08T,0.18241764605045319,development,0.1,1.0,0,3,0,ocsort,5602
97.13314028050411,97.73295251695824,127,0,8,97.43258483103867,98.56459330143541,4,97.66154944662621,5475,2,3,5,0,True,0,0,cost_h_margin_reassign,ir,5475,M3OT/1/ir/val/1-08T,0.18159152287989855,development,0.1,2.0,0,2,3,ocsort,5602
97.51830214101534,97.73295251695824,127,0,8,97.62556833474638,98.76320303331227,2,97.69725098179222,5475,4,2,6,0,True,0,0,cost_h_motion_reassign,ir,5475,M3OT/1/ir/val/1-08T,0.17446907795965672,development,0.1,2.0,0,4,2,ocsort,5602
97.39188482020062,97.73295251695824,127,0,8,97.5622696264787,98.69098131262977,3,97.67940021420921,5475,3,2,5,0,True,0,0,cost_h_full_postfilter,ir,5475,M3OT/1/ir/val/1-08T,0.17344685271382332,development,0.1,2.0,0,3,2,ocsort,5602
97.13314028050411,97.73295251695824,127,0,8,97.43258483103867,98.56459330143541,4,97.66154944662621,5475,2,3,5,0,True,0,0,cost_h_full_reassign,ir,5475,M3OT/1/ir/val/1-08T,0.17363100964576006,development,0.1,2.0,0,2,3,ocsort,5602
97.13314028050411,97.73295251695824,127,0,8,97.43258483103867,98.56459330143541,4,97.66154944662621,5475,2,3,5,0,True,0,0,path_g_full_reassign,ir,5475,M3OT/1/ir/val/1-08T,0.17237705644220114,development,0.1,2.0,0,2,3,ocsort,5602
97.13314028050411,97.73295251695824,127,0,8,97.43258483103867,98.56459330143541,4,97.66154944662621,5475,2,3,5,0,True,0,0,cost_h_margin_reassign,ir,5475,M3OT/1/ir/val/1-08T,0.17199628427624702,development,0.1,4.0,0,2,3,ocsort,5602
97.51830214101534,97.73295251695824,127,0,8,97.62556833474638,98.76320303331227,2,97.69725098179222,5475,4,2,6,0,True,0,0,cost_h_motion_reassign,ir,5475,M3OT/1/ir/val/1-08T,0.17208391334861517,development,0.1,4.0,0,4,2,ocsort,5602
97.39188482020062,97.73295251695824,127,0,8,97.5622696264787,98.69098131262977,3,97.67940021420921,5475,3,2,5,0,True,0,0,cost_h_full_postfilter,ir,5475,M3OT/1/ir/val/1-08T,0.17502293828874826,development,0.1,4.0,0,3,2,ocsort,5602
97.13314028050411,97.73295251695824,127,0,8,97.43258483103867,98.56459330143541,4,97.66154944662621,5475,2,3,5,0,True,0,0,cost_h_full_reassign,ir,5475,M3OT/1/ir/val/1-08T,0.260327055118978,development,0.1,4.0,0,2,3,ocsort,5602
97.13314028050411,97.73295251695824,127,0,8,97.43258483103867,98.56459330143541,4,97.66154944662621,5475,2,3,5,0,True,0,0,path_g_full_reassign,ir,5475,M3OT/1/ir/val/1-08T,0.17550404369831085,development,0.1,4.0,0,2,3,ocsort,5602
97.13314028050411,97.73295251695824,127,0,8,97.43258483103867,98.56459330143541,4,97.66154944662621,5475,2,3,5,0,True,0,0,cost_h_margin_reassign,ir,5475,M3OT/1/ir/val/1-08T,0.17503061052411795,development,0.1,8.0,0,2,3,ocsort,5602
97.51830214101534,97.73295251695824,127,0,8,97.62556833474638,98.76320303331227,2,97.69725098179222,5475,4,2,6,0,True,0,0,cost_h_motion_reassign,ir,5475,M3OT/1/ir/val/1-08T,0.17422705795615911,development,0.1,8.0,0,4,2,ocsort,5602
97.39188482020062,97.73295251695824,127,0,8,97.5622696264787,98.69098131262977,3,97.67940021420921,5475,3,2,5,0,True,0,0,cost_h_full_postfilter,ir,5475,M3OT/1/ir/val/1-08T,0.1738556157797575,development,0.1,8.0,0,3,2,ocsort,5602
97.13314028050411,97.73295251695824,127,0,8,97.43258483103867,98.56459330143541,4,97.66154944662621,5475,2,3,5,0,True,0,0,cost_h_full_reassign,ir,5475,M3OT/1/ir/val/1-08T,0.17381804157048464,development,0.1,8.0,0,2,3,ocsort,5602
97.13314028050411,97.73295251695824,127,0,8,97.43258483103867,98.56459330143541,4,97.66154944662621,5475,2,3,5,0,True,0,0,path_g_full_reassign,ir,5475,M3OT/1/ir/val/1-08T,0.17538256477564573,development,0.1,8.0,0,2,3,ocsort,5602
97.51830214101534,97.73295251695824,127,0,8,97.62556833474638,98.76320303331227,2,97.69725098179222,5475,4,2,6,0,True,0,0,cost_h_soft_information,ir,5475,M3OT/1/ir/val/1-08T,0.17408121097832918,development,N/A,N/A,0,4,2,ocsort,5602
92.97003547249177,92.76722630552146,39,1,7,92.84299432673467,99.0907501311418,3,99.25060996863019,5699,0,0,0,0,True,0,0,no_refinement,rgb,5700,M3OT/1/rgb/val/1-08,0.0,development,N/A,N/A,0,0,0,bytetrack,5738
93.65072633344991,92.76722630552146,39,1,7,93.18331179640991,99.54537506557091,1,99.28546531892646,5699,2,0,2,0,True,0,0,ace_v1,rgb,5700,M3OT/1/rgb/val/1-08,0.25769434589892626,development,N/A,N/A,0,2,0,bytetrack,5738
93.65072633344991,92.76722630552146,39,1,7,93.18331179640991,99.54537506557091,1,99.28546531892646,5699,2,0,2,0,True,0,0,cost_r,rgb,5700,M3OT/1/rgb/val/1-08,0.2587626874446869,development,N/A,N/A,0,2,0,bytetrack,5738
93.65072633344991,92.76722630552146,39,1,7,93.18331179640991,99.54537506557091,1,99.28546531892646,5699,2,0,2,0,True,0,0,cost_g_legacy,rgb,5700,M3OT/1/rgb/val/1-08,0.31199480686336756,development,N/A,N/A,0,2,0,bytetrack,5738
93.65072633344991,92.76722630552146,39,1,7,93.18331179640991,99.54537506557091,1,99.28546531892646,5699,2,0,2,0,True,0,0,cost_h,rgb,5700,M3OT/1/rgb/val/1-08,0.18179245200008154,development,N/A,N/A,0,2,0,bytetrack,5738
93.65072633344991,92.76722630552146,39,1,7,93.18331179640991,99.54537506557091,1,99.28546531892646,5699,2,0,2,0,True,0,0,path_g,rgb,5700,M3OT/1/rgb/val/1-08,0.18461669143289328,development,N/A,N/A,0,2,0,bytetrack,5738
93.65072633344991,92.76722630552146,39,1,7,93.18331179640991,99.54537506557091,1,99.28546531892646,5699,2,0,2,0,True,0,0,cost_h_margin_reassign,rgb,5700,M3OT/1/rgb/val/1-08,0.1806050594896078,development,0.0,1.0,0,2,0,bytetrack,5738
93.65072633344991,92.76722630552146,39,1,7,93.18331179640991,99.54537506557091,1,99.28546531892646,5699,2,0,2,0,True,0,0,cost_h_motion_reassign,rgb,5700,M3OT/1/rgb/val/1-08,0.18621923122555017,development,0.0,1.0,0,2,0,bytetrack,5738
93.65072633344991,92.76722630552146,39,1,7,93.18331179640991,99.54537506557091,1,99.28546531892646,5699,2,0,2,0,True,0,0,cost_h_full_postfilter,rgb,5700,M3OT/1/rgb/val/1-08,0.18608729168772697,development,0.0,1.0,0,2,0,bytetrack,5738
93.65072633344991,92.76722630552146,39,1,7,93.18331179640991,99.54537506557091,1,99.28546531892646,5699,2,0,2,0,True,0,0,cost_h_full_reassign,rgb,5700,M3OT/1/rgb/val/1-08,0.18359837401658297,development,0.0,1.0,0,2,0,bytetrack,5738
93.65072633344991,92.76722630552146,39,1,7,93.18331179640991,99.54537506557091,1,99.28546531892646,5699,2,0,2,0,True,0,0,path_g_full_reassign,rgb,5700,M3OT/1/rgb/val/1-08,0.18374298885464668,development,0.0,1.0,0,2,0,bytetrack,5738
93.65072633344991,92.76722630552146,39,1,7,93.18331179640991,99.54537506557091,1,99.28546531892646,5699,2,0,2,0,True,0,0,cost_h_margin_reassign,rgb,5700,M3OT/1/rgb/val/1-08,0.1835749950259924,development,0.0,2.0,0,2,0,bytetrack,5738
93.65072633344991,92.76722630552146,39,1,7,93.18331179640991,99.54537506557091,1,99.28546531892646,5699,2,0,2,0,True,0,0,cost_h_motion_reassign,rgb,5700,M3OT/1/rgb/val/1-08,0.1834188522771001,development,0.0,2.0,0,2,0,bytetrack,5738
93.65072633344991,92.76722630552146,39,1,7,93.18331179640991,99.54537506557091,1,99.28546531892646,5699,2,0,2,0,True,0,0,cost_h_full_postfilter,rgb,5700,M3OT/1/rgb/val/1-08,0.18490808829665184,development,0.0,2.0,0,2,0,bytetrack,5738
93.65072633344991,92.76722630552146,39,1,7,93.18331179640991,99.54537506557091,1,99.28546531892646,5699,2,0,2,0,True,0,0,cost_h_full_reassign,rgb,5700,M3OT/1/rgb/val/1-08,0.18599124904721975,development,0.0,2.0,0,2,0,bytetrack,5738
93.65072633344991,92.76722630552146,39,1,7,93.18331179640991,99.54537506557091,1,99.28546531892646,5699,2,0,2,0,True,0,0,path_g_full_reassign,rgb,5700,M3OT/1/rgb/val/1-08,0.1852051904425025,development,0.0,2.0,0,2,0,bytetrack,5738
93.65072633344991,92.76722630552146,39,1,7,93.18331179640991,99.54537506557091,1,99.28546531892646,5699,2,0,2,0,True,0,0,cost_h_margin_reassign,rgb,5700,M3OT/1/rgb/val/1-08,0.2694516647607088,development,0.0,4.0,0,2,0,bytetrack,5738
93.65072633344991,92.76722630552146,39,1,7,93.18331179640991,99.54537506557091,1,99.28546531892646,5699,2,0,2,0,True,0,0,cost_h_motion_reassign,rgb,5700,M3OT/1/rgb/val/1-08,0.18451462406665087,development,0.0,4.0,0,2,0,bytetrack,5738
93.65072633344991,92.76722630552146,39,1,7,93.18331179640991,99.54537506557091,1,99.28546531892646,5699,2,0,2,0,True,0,0,cost_h_full_postfilter,rgb,5700,M3OT/1/rgb/val/1-08,0.18419379834085703,development,0.0,4.0,0,2,0,bytetrack,5738
93.65072633344991,92.76722630552146,39,1,7,93.18331179640991,99.54537506557091,1,99.28546531892646,5699,2,0,2,0,True,0,0,cost_h_full_reassign,rgb,5700,M3OT/1/rgb/val/1-08,0.1870737923309207,development,0.0,4.0,0,2,0,bytetrack,5738
93.65072633344991,92.76722630552146,39,1,7,93.18331179640991,99.54537506557091,1,99.28546531892646,5699,2,0,2,0,True,0,0,path_g_full_reassign,rgb,5700,M3OT/1/rgb/val/1-08,0.18248642142862082,development,0.0,4.0,0,2,0,bytetrack,5738
93.65072633344991,92.76722630552146,39,1,7,93.18331179640991,99.54537506557091,1,99.28546531892646,5699,2,0,2,0,True,0,0,cost_h_margin_reassign,rgb,5700,M3OT/1/rgb/val/1-08,0.18268049508333206,development,0.0,8.0,0,2,0,bytetrack,5738
93.65072633344991,92.76722630552146,39,1,7,93.18331179640991,99.54537506557091,1,99.28546531892646,5699,2,0,2,0,True,0,0,cost_h_motion_reassign,rgb,5700,M3OT/1/rgb/val/1-08,0.18326033558696508,development,0.0,8.0,0,2,0,bytetrack,5738
93.65072633344991,92.76722630552146,39,1,7,93.18331179640991,99.54537506557091,1,99.28546531892646,5699,2,0,2,0,True,0,0,cost_h_full_postfilter,rgb,5700,M3OT/1/rgb/val/1-08,0.18127675540745258,development,0.0,8.0,0,2,0,bytetrack,5738
93.65072633344991,92.76722630552146,39,1,7,93.18331179640991,99.54537506557091,1,99.28546531892646,5699,2,0,2,0,True,0,0,cost_h_full_reassign,rgb,5700,M3OT/1/rgb/val/1-08,0.18589421920478344,development,0.0,8.0,0,2,0,bytetrack,5738
93.65072633344991,92.76722630552146,39,1,7,93.18331179640991,99.54537506557091,1,99.28546531892646,5699,2,0,2,0,True,0,0,path_g_full_reassign,rgb,5700,M3OT/1/rgb/val/1-08,0.18120152037590742,development,0.0,8.0,0,2,0,bytetrack,5738
93.65072633344991,92.76722630552146,39,1,7,93.18331179640991,99.54537506557091,1,99.28546531892646,5699,2,0,2,0,True,0,0,cost_h_margin_reassign,rgb,5700,M3OT/1/rgb/val/1-08,0.18317360151559114,development,0.05,1.0,0,2,0,bytetrack,5738
93.65072633344991,92.76722630552146,39,1,7,93.18331179640991,99.54537506557091,1,99.28546531892646,5699,2,0,2,0,True,0,0,cost_h_motion_reassign,rgb,5700,M3OT/1/rgb/val/1-08,0.18557143304497004,development,0.05,1.0,0,2,0,bytetrack,5738
93.65072633344991,92.76722630552146,39,1,7,93.18331179640991,99.54537506557091,1,99.28546531892646,5699,2,0,2,0,True,0,0,cost_h_full_postfilter,rgb,5700,M3OT/1/rgb/val/1-08,0.1860395846888423,development,0.05,1.0,0,2,0,bytetrack,5738
93.65072633344991,92.76722630552146,39,1,7,93.18331179640991,99.54537506557091,1,99.28546531892646,5699,2,0,2,0,True,0,0,cost_h_full_reassign,rgb,5700,M3OT/1/rgb/val/1-08,0.2722882879897952,development,0.05,1.0,0,2,0,bytetrack,5738
93.65072633344991,92.76722630552146,39,1,7,93.18331179640991,99.54537506557091,1,99.28546531892646,5699,2,0,2,0,True,0,0,path_g_full_reassign,rgb,5700,M3OT/1/rgb/val/1-08,0.18474175781011581,development,0.05,1.0,0,2,0,bytetrack,5738
93.65072633344991,92.76722630552146,39,1,7,93.18331179640991,99.54537506557091,1,99.28546531892646,5699,2,0,2,0,True,0,0,cost_h_margin_reassign,rgb,5700,M3OT/1/rgb/val/1-08,0.183584438636899,development,0.05,2.0,0,2,0,bytetrack,5738
93.65072633344991,92.76722630552146,39,1,7,93.18331179640991,99.54537506557091,1,99.28546531892646,5699,2,0,2,0,True,0,0,cost_h_motion_reassign,rgb,5700,M3OT/1/rgb/val/1-08,0.1849808171391487,development,0.05,2.0,0,2,0,bytetrack,5738
93.65072633344991,92.76722630552146,39,1,7,93.18331179640991,99.54537506557091,1,99.28546531892646,5699,2,0,2,0,True,0,0,cost_h_full_postfilter,rgb,5700,M3OT/1/rgb/val/1-08,0.18754116632044315,development,0.05,2.0,0,2,0,bytetrack,5738
93.65072633344991,92.76722630552146,39,1,7,93.18331179640991,99.54537506557091,1,99.28546531892646,5699,2,0,2,0,True,0,0,cost_h_full_reassign,rgb,5700,M3OT/1/rgb/val/1-08,0.184423403814435,development,0.05,2.0,0,2,0,bytetrack,5738
93.65072633344991,92.76722630552146,39,1,7,93.18331179640991,99.54537506557091,1,99.28546531892646,5699,2,0,2,0,True,0,0,path_g_full_reassign,rgb,5700,M3OT/1/rgb/val/1-08,0.1835656864568591,development,0.05,2.0,0,2,0,bytetrack,5738
93.65072633344991,92.76722630552146,39,1,7,93.18331179640991,99.54537506557091,1,99.28546531892646,5699,2,0,2,0,True,0,0,cost_h_margin_reassign,rgb,5700,M3OT/1/rgb/val/1-08,0.18019401654601097,development,0.05,4.0,0,2,0,bytetrack,5738
93.65072633344991,92.76722630552146,39,1,7,93.18331179640991,99.54537506557091,1,99.28546531892646,5699,2,0,2,0,True,0,0,cost_h_motion_reassign,rgb,5700,M3OT/1/rgb/val/1-08,0.18250326439738274,development,0.05,4.0,0,2,0,bytetrack,5738
93.65072633344991,92.76722630552146,39,1,7,93.18331179640991,99.54537506557091,1,99.28546531892646,5699,2,0,2,0,True,0,0,cost_h_full_postfilter,rgb,5700,M3OT/1/rgb/val/1-08,0.1831511314958334,development,0.05,4.0,0,2,0,bytetrack,5738
93.65072633344991,92.76722630552146,39,1,7,93.18331179640991,99.54537506557091,1,99.28546531892646,5699,2,0,2,0,True,0,0,cost_h_full_reassign,rgb,5700,M3OT/1/rgb/val/1-08,0.18510394170880318,development,0.05,4.0,0,2,0,bytetrack,5738
93.65072633344991,92.76722630552146,39,1,7,93.18331179640991,99.54537506557091,1,99.28546531892646,5699,2,0,2,0,True,0,0,path_g_full_reassign,rgb,5700,M3OT/1/rgb/val/1-08,0.18423869833350182,development,0.05,4.0,0,2,0,bytetrack,5738
93.65072633344991,92.76722630552146,39,1,7,93.18331179640991,99.54537506557091,1,99.28546531892646,5699,2,0,2,0,True,0,0,cost_h_margin_reassign,rgb,5700,M3OT/1/rgb/val/1-08,0.1864706352353096,development,0.05,8.0,0,2,0,bytetrack,5738
93.65072633344991,92.76722630552146,39,1,7,93.18331179640991,99.54537506557091,1,99.28546531892646,5699,2,0,2,0,True,0,0,cost_h_motion_reassign,rgb,5700,M3OT/1/rgb/val/1-08,0.18659784458577633,development,0.05,8.0,0,2,0,bytetrack,5738
93.65072633344991,92.76722630552146,39,1,7,93.18331179640991,99.54537506557091,1,99.28546531892646,5699,2,0,2,0,True,0,0,cost_h_full_postfilter,rgb,5700,M3OT/1/rgb/val/1-08,0.27243330981582403,development,0.05,8.0,0,2,0,bytetrack,5738
93.65072633344991,92.76722630552146,39,1,7,93.18331179640991,99.54537506557091,1,99.28546531892646,5699,2,0,2,0,True,0,0,cost_h_full_reassign,rgb,5700,M3OT/1/rgb/val/1-08,0.18661143351346254,development,0.05,8.0,0,2,0,bytetrack,5738
93.65072633344991,92.76722630552146,39,1,7,93.18331179640991,99.54537506557091,1,99.28546531892646,5699,2,0,2,0,True,0,0,path_g_full_reassign,rgb,5700,M3OT/1/rgb/val/1-08,0.1873581251129508,development,0.05,8.0,0,2,0,bytetrack,5738
93.65072633344991,92.76722630552146,39,1,7,93.18331179640991,99.54537506557091,1,99.28546531892646,5699,2,0,2,0,True,0,0,cost_h_margin_reassign,rgb,5700,M3OT/1/rgb/val/1-08,0.18944300804287195,development,0.1,1.0,0,2,0,bytetrack,5738
93.65072633344991,92.76722630552146,39,1,7,93.18331179640991,99.54537506557091,1,99.28546531892646,5699,2,0,2,0,True,0,0,cost_h_motion_reassign,rgb,5700,M3OT/1/rgb/val/1-08,0.18752999138087034,development,0.1,1.0,0,2,0,bytetrack,5738
93.65072633344991,92.76722630552146,39,1,7,93.18331179640991,99.54537506557091,1,99.28546531892646,5699,2,0,2,0,True,0,0,cost_h_full_postfilter,rgb,5700,M3OT/1/rgb/val/1-08,0.18860998190939426,development,0.1,1.0,0,2,0,bytetrack,5738
93.65072633344991,92.76722630552146,39,1,7,93.18331179640991,99.54537506557091,1,99.28546531892646,5699,2,0,2,0,True,0,0,cost_h_full_reassign,rgb,5700,M3OT/1/rgb/val/1-08,0.1874979818239808,development,0.1,1.0,0,2,0,bytetrack,5738
93.65072633344991,92.76722630552146,39,1,7,93.18331179640991,99.54537506557091,1,99.28546531892646,5699,2,0,2,0,True,0,0,path_g_full_reassign,rgb,5700,M3OT/1/rgb/val/1-08,0.1869462914764881,development,0.1,1.0,0,2,0,bytetrack,5738
93.65072633344991,92.76722630552146,39,1,7,93.18331179640991,99.54537506557091,1,99.28546531892646,5699,2,0,2,0,True,0,0,cost_h_margin_reassign,rgb,5700,M3OT/1/rgb/val/1-08,0.18774783983826637,development,0.1,2.0,0,2,0,bytetrack,5738
93.65072633344991,92.76722630552146,39,1,7,93.18331179640991,99.54537506557091,1,99.28546531892646,5699,2,0,2,0,True,0,0,cost_h_motion_reassign,rgb,5700,M3OT/1/rgb/val/1-08,0.18820266611874104,development,0.1,2.0,0,2,0,bytetrack,5738
93.65072633344991,92.76722630552146,39,1,7,93.18331179640991,99.54537506557091,1,99.28546531892646,5699,2,0,2,0,True,0,0,cost_h_full_postfilter,rgb,5700,M3OT/1/rgb/val/1-08,0.18720741383731365,development,0.1,2.0,0,2,0,bytetrack,5738
93.65072633344991,92.76722630552146,39,1,7,93.18331179640991,99.54537506557091,1,99.28546531892646,5699,2,0,2,0,True,0,0,cost_h_full_reassign,rgb,5700,M3OT/1/rgb/val/1-08,0.1879902658984065,development,0.1,2.0,0,2,0,bytetrack,5738
93.65072633344991,92.76722630552146,39,1,7,93.18331179640991,99.54537506557091,1,99.28546531892646,5699,2,0,2,0,True,0,0,path_g_full_reassign,rgb,5700,M3OT/1/rgb/val/1-08,0.1881579952314496,development,0.1,2.0,0,2,0,bytetrack,5738
93.65072633344991,92.76722630552146,39,1,7,93.18331179640991,99.54537506557091,1,99.28546531892646,5699,2,0,2,0,True,0,0,cost_h_margin_reassign,rgb,5700,M3OT/1/rgb/val/1-08,0.27547895908355713,development,0.1,4.0,0,2,0,bytetrack,5738
93.65072633344991,92.76722630552146,39,1,7,93.18331179640991,99.54537506557091,1,99.28546531892646,5699,2,0,2,0,True,0,0,cost_h_motion_reassign,rgb,5700,M3OT/1/rgb/val/1-08,0.18839540798217058,development,0.1,4.0,0,2,0,bytetrack,5738
93.65072633344991,92.76722630552146,39,1,7,93.18331179640991,99.54537506557091,1,99.28546531892646,5699,2,0,2,0,True,0,0,cost_h_full_postfilter,rgb,5700,M3OT/1/rgb/val/1-08,0.1881115948781371,development,0.1,4.0,0,2,0,bytetrack,5738
93.65072633344991,92.76722630552146,39,1,7,93.18331179640991,99.54537506557091,1,99.28546531892646,5699,2,0,2,0,True,0,0,cost_h_full_reassign,rgb,5700,M3OT/1/rgb/val/1-08,0.18583837617188692,development,0.1,4.0,0,2,0,bytetrack,5738
93.65072633344991,92.76722630552146,39,1,7,93.18331179640991,99.54537506557091,1,99.28546531892646,5699,2,0,2,0,True,0,0,path_g_full_reassign,rgb,5700,M3OT/1/rgb/val/1-08,0.18578059691935778,development,0.1,4.0,0,2,0,bytetrack,5738
93.65072633344991,92.76722630552146,39,1,7,93.18331179640991,99.54537506557091,1,99.28546531892646,5699,2,0,2,0,True,0,0,cost_h_margin_reassign,rgb,5700,M3OT/1/rgb/val/1-08,0.18723287247121334,development,0.1,8.0,0,2,0,bytetrack,5738
93.65072633344991,92.76722630552146,39,1,7,93.18331179640991,99.54537506557091,1,99.28546531892646,5699,2,0,2,0,True,0,0,cost_h_motion_reassign,rgb,5700,M3OT/1/rgb/val/1-08,0.18681267648935318,development,0.1,8.0,0,2,0,bytetrack,5738
93.65072633344991,92.76722630552146,39,1,7,93.18331179640991,99.54537506557091,1,99.28546531892646,5699,2,0,2,0,True,0,0,cost_h_full_postfilter,rgb,5700,M3OT/1/rgb/val/1-08,0.18318461161106825,development,0.1,8.0,0,2,0,bytetrack,5738
93.65072633344991,92.76722630552146,39,1,7,93.18331179640991,99.54537506557091,1,99.28546531892646,5699,2,0,2,0,True,0,0,cost_h_full_reassign,rgb,5700,M3OT/1/rgb/val/1-08,0.17968554515391588,development,0.1,8.0,0,2,0,bytetrack,5738
93.65072633344991,92.76722630552146,39,1,7,93.18331179640991,99.54537506557091,1,99.28546531892646,5699,2,0,2,0,True,0,0,path_g_full_reassign,rgb,5700,M3OT/1/rgb/val/1-08,0.18203087523579597,development,0.1,8.0,0,2,0,bytetrack,5738
93.65072633344991,92.76722630552146,39,1,7,93.18331179640991,99.54537506557091,1,99.28546531892646,5699,2,0,2,0,True,0,0,cost_h_soft_information,rgb,5700,M3OT/1/rgb/val/1-08,0.1839941842481494,development,N/A,N/A,0,2,0,bytetrack,5738
97.27228171910852,97.93990370671266,118,0,7,97.6055218975441,98.53847508364149,3,97.89125130707563,5620,0,0,0,0,True,0,0,no_refinement,rgb,5620,M3OT/1/rgb/val/1-08,0.0,development,N/A,N/A,0,0,0,ocsort,5738
97.77044456021233,97.93990370671266,118,0,7,97.85513745108297,98.8906497622821,1,97.9261066573719,5620,2,1,3,0,True,0,0,ace_v1,rgb,5620,M3OT/1/rgb/val/1-08,0.2663219543173909,development,N/A,N/A,0,2,1,ocsort,5738
97.77044456021233,97.93990370671266,118,0,7,97.85513745108297,98.8906497622821,1,97.9261066573719,5620,2,1,3,0,True,0,0,cost_r,rgb,5620,M3OT/1/rgb/val/1-08,0.1799648366868496,development,N/A,N/A,0,2,1,ocsort,5738
97.77044456021233,97.93990370671266,118,0,7,97.85513745108297,98.8906497622821,1,97.9261066573719,5620,2,1,3,0,True,0,0,cost_g_legacy,rgb,5620,M3OT/1/rgb/val/1-08,0.18037398252636194,development,N/A,N/A,0,2,1,ocsort,5738
97.77044456021233,97.93990370671266,118,0,7,97.85513745108297,98.8906497622821,1,97.9261066573719,5620,2,1,3,0,True,0,0,cost_h,rgb,5620,M3OT/1/rgb/val/1-08,0.18010360188782215,development,N/A,N/A,0,2,1,ocsort,5738
97.77044456021233,97.93990370671266,118,0,7,97.85513745108297,98.8906497622821,1,97.9261066573719,5620,2,1,3,0,True,0,0,path_g,rgb,5620,M3OT/1/rgb/val/1-08,0.18062732461839914,development,N/A,N/A,0,2,1,ocsort,5738
97.77044456021233,97.93990370671266,118,0,7,97.85513745108297,98.8906497622821,1,97.9261066573719,5620,2,1,3,0,True,0,0,cost_h_margin_reassign,rgb,5620,M3OT/1/rgb/val/1-08,0.18322356697171926,development,0.0,1.0,0,2,1,ocsort,5738
97.83831447343417,97.93990370671266,118,0,7,97.88909591131339,98.8906497622821,1,97.9261066573719,5620,2,0,2,0,True,0,0,cost_h_motion_reassign,rgb,5620,M3OT/1/rgb/val/1-08,0.17900920938700438,development,0.0,1.0,0,2,0,ocsort,5738
97.83831447343417,97.93990370671266,118,0,7,97.88909591131339,98.8906497622821,1,97.9261066573719,5620,2,0,2,0,True,0,0,cost_h_full_postfilter,rgb,5620,M3OT/1/rgb/val/1-08,0.17795988824218512,development,0.0,1.0,0,2,0,ocsort,5738
97.83831447343417,97.93990370671266,118,0,7,97.88909591131339,98.8906497622821,1,97.9261066573719,5620,2,0,2,0,True,0,0,cost_h_full_reassign,rgb,5620,M3OT/1/rgb/val/1-08,0.179136767052114,development,0.0,1.0,0,2,0,ocsort,5738
97.83831447343417,97.93990370671266,118,0,7,97.88909591131339,98.8906497622821,1,97.9261066573719,5620,2,0,2,0,True,0,0,path_g_full_reassign,rgb,5620,M3OT/1/rgb/val/1-08,0.18607718497514725,development,0.0,1.0,0,2,0,ocsort,5738
97.77044456021233,97.93990370671266,118,0,7,97.85513745108297,98.8906497622821,1,97.9261066573719,5620,2,1,3,0,True,0,0,cost_h_margin_reassign,rgb,5620,M3OT/1/rgb/val/1-08,0.1848050458356738,development,0.0,2.0,0,2,1,ocsort,5738
97.77044456021233,97.93990370671266,118,0,7,97.85513745108297,98.8906497622821,1,97.9261066573719,5620,2,1,3,0,True,0,0,cost_h_motion_reassign,rgb,5620,M3OT/1/rgb/val/1-08,0.17741022445261478,development,0.0,2.0,0,2,1,ocsort,5738
97.77044456021233,97.93990370671266,118,0,7,97.85513745108297,98.8906497622821,1,97.9261066573719,5620,2,1,3,0,True,0,0,cost_h_full_postfilter,rgb,5620,M3OT/1/rgb/val/1-08,0.17800973262637854,development,0.0,2.0,0,2,1,ocsort,5738
97.77044456021233,97.93990370671266,118,0,7,97.85513745108297,98.8906497622821,1,97.9261066573719,5620,2,1,3,0,True,0,0,cost_h_full_reassign,rgb,5620,M3OT/1/rgb/val/1-08,0.26543274987488985,development,0.0,2.0,0,2,1,ocsort,5738
97.77044456021233,97.93990370671266,118,0,7,97.85513745108297,98.8906497622821,1,97.9261066573719,5620,2,1,3,0,True,0,0,path_g_full_reassign,rgb,5620,M3OT/1/rgb/val/1-08,0.1810866789892316,development,0.0,2.0,0,2,1,ocsort,5738
97.77044456021233,97.93990370671266,118,0,7,97.85513745108297,98.8906497622821,1,97.9261066573719,5620,2,1,3,0,True,0,0,cost_h_margin_reassign,rgb,5620,M3OT/1/rgb/val/1-08,0.18142769392579794,development,0.0,4.0,0,2,1,ocsort,5738
97.77044456021233,97.93990370671266,118,0,7,97.85513745108297,98.8906497622821,1,97.9261066573719,5620,2,1,3,0,True,0,0,cost_h_motion_reassign,rgb,5620,M3OT/1/rgb/val/1-08,0.18042179197072983,development,0.0,4.0,0,2,1,ocsort,5738
97.77044456021233,97.93990370671266,118,0,7,97.85513745108297,98.8906497622821,1,97.9261066573719,5620,2,1,3,0,True,0,0,cost_h_full_postfilter,rgb,5620,M3OT/1/rgb/val/1-08,0.17824840638786554,development,0.0,4.0,0,2,1,ocsort,5738
97.77044456021233,97.93990370671266,118,0,7,97.85513745108297,98.8906497622821,1,97.9261066573719,5620,2,1,3,0,True,0,0,cost_h_full_reassign,rgb,5620,M3OT/1/rgb/val/1-08,0.17932720854878426,development,0.0,4.0,0,2,1,ocsort,5738
97.77044456021233,97.93990370671266,118,0,7,97.85513745108297,98.8906497622821,1,97.9261066573719,5620,2,1,3,0,True,0,0,path_g_full_reassign,rgb,5620,M3OT/1/rgb/val/1-08,0.18062399607151747,development,0.0,4.0,0,2,1,ocsort,5738
97.77044456021233,97.93990370671266,118,0,7,97.85513745108297,98.8906497622821,1,97.9261066573719,5620,2,1,3,0,True,0,0,cost_h_margin_reassign,rgb,5620,M3OT/1/rgb/val/1-08,0.18038258608430624,development,0.0,8.0,0,2,1,ocsort,5738
97.77044456021233,97.93990370671266,118,0,7,97.85513745108297,98.8906497622821,1,97.9261066573719,5620,2,1,3,0,True,0,0,cost_h_motion_reassign,rgb,5620,M3OT/1/rgb/val/1-08,0.1826568329706788,development,0.0,8.0,0,2,1,ocsort,5738
97.77044456021233,97.93990370671266,118,0,7,97.85513745108297,98.8906497622821,1,97.9261066573719,5620,2,1,3,0,True,0,0,cost_h_full_postfilter,rgb,5620,M3OT/1/rgb/val/1-08,0.1792925586923957,development,0.0,8.0,0,2,1,ocsort,5738
97.77044456021233,97.93990370671266,118,0,7,97.85513745108297,98.8906497622821,1,97.9261066573719,5620,2,1,3,0,True,0,0,cost_h_full_reassign,rgb,5620,M3OT/1/rgb/val/1-08,0.17757354583591223,development,0.0,8.0,0,2,1,ocsort,5738
97.77044456021233,97.93990370671266,118,0,7,97.85513745108297,98.8906497622821,1,97.9261066573719,5620,2,1,3,0,True,0,0,path_g_full_reassign,rgb,5620,M3OT/1/rgb/val/1-08,0.1791964564472437,development,0.0,8.0,0,2,1,ocsort,5738
97.77044456021233,97.93990370671266,118,0,7,97.85513745108297,98.8906497622821,1,97.9261066573719,5620,2,1,3,0,True,0,0,cost_h_margin_reassign,rgb,5620,M3OT/1/rgb/val/1-08,0.18041835073381662,development,0.05,1.0,0,2,1,ocsort,5738
97.83831447343417,97.93990370671266,118,0,7,97.88909591131339,98.8906497622821,1,97.9261066573719,5620,2,0,2,0,True,0,0,cost_h_motion_reassign,rgb,5620,M3OT/1/rgb/val/1-08,0.2693010354414582,development,0.05,1.0,0,2,0,ocsort,5738
97.83831447343417,97.93990370671266,118,0,7,97.88909591131339,98.8906497622821,1,97.9261066573719,5620,2,0,2,0,True,0,0,cost_h_full_postfilter,rgb,5620,M3OT/1/rgb/val/1-08,0.18024477176368237,development,0.05,1.0,0,2,0,ocsort,5738
97.83831447343417,97.93990370671266,118,0,7,97.88909591131339,98.8906497622821,1,97.9261066573719,5620,2,0,2,0,True,0,0,cost_h_full_reassign,rgb,5620,M3OT/1/rgb/val/1-08,0.17863580118864775,development,0.05,1.0,0,2,0,ocsort,5738
97.83831447343417,97.93990370671266,118,0,7,97.88909591131339,98.8906497622821,1,97.9261066573719,5620,2,0,2,0,True,0,0,path_g_full_reassign,rgb,5620,M3OT/1/rgb/val/1-08,0.18009225651621819,development,0.05,1.0,0,2,0,ocsort,5738
97.77044456021233,97.93990370671266,118,0,7,97.85513745108297,98.8906497622821,1,97.9261066573719,5620,2,1,3,0,True,0,0,cost_h_margin_reassign,rgb,5620,M3OT/1/rgb/val/1-08,0.18113039433956146,development,0.05,2.0,0,2,1,ocsort,5738
97.77044456021233,97.93990370671266,118,0,7,97.85513745108297,98.8906497622821,1,97.9261066573719,5620,2,1,3,0,True,0,0,cost_h_motion_reassign,rgb,5620,M3OT/1/rgb/val/1-08,0.17926412355154753,development,0.05,2.0,0,2,1,ocsort,5738
97.77044456021233,97.93990370671266,118,0,7,97.85513745108297,98.8906497622821,1,97.9261066573719,5620,2,1,3,0,True,0,0,cost_h_full_postfilter,rgb,5620,M3OT/1/rgb/val/1-08,0.17894866317510605,development,0.05,2.0,0,2,1,ocsort,5738
97.77044456021233,97.93990370671266,118,0,7,97.85513745108297,98.8906497622821,1,97.9261066573719,5620,2,1,3,0,True,0,0,cost_h_full_reassign,rgb,5620,M3OT/1/rgb/val/1-08,0.17987494729459286,development,0.05,2.0,0,2,1,ocsort,5738
97.77044456021233,97.93990370671266,118,0,7,97.85513745108297,98.8906497622821,1,97.9261066573719,5620,2,1,3,0,True,0,0,path_g_full_reassign,rgb,5620,M3OT/1/rgb/val/1-08,0.1799268601462245,development,0.05,2.0,0,2,1,ocsort,5738
97.77044456021233,97.93990370671266,118,0,7,97.85513745108297,98.8906497622821,1,97.9261066573719,5620,2,1,3,0,True,0,0,cost_h_margin_reassign,rgb,5620,M3OT/1/rgb/val/1-08,0.18002712819725275,development,0.05,4.0,0,2,1,ocsort,5738
97.77044456021233,97.93990370671266,118,0,7,97.85513745108297,98.8906497622821,1,97.9261066573719,5620,2,1,3,0,True,0,0,cost_h_motion_reassign,rgb,5620,M3OT/1/rgb/val/1-08,0.1843484714627266,development,0.05,4.0,0,2,1,ocsort,5738
97.77044456021233,97.93990370671266,118,0,7,97.85513745108297,98.8906497622821,1,97.9261066573719,5620,2,1,3,0,True,0,0,cost_h_full_postfilter,rgb,5620,M3OT/1/rgb/val/1-08,0.18537265993654728,development,0.05,4.0,0,2,1,ocsort,5738
97.77044456021233,97.93990370671266,118,0,7,97.85513745108297,98.8906497622821,1,97.9261066573719,5620,2,1,3,0,True,0,0,cost_h_full_reassign,rgb,5620,M3OT/1/rgb/val/1-08,0.1812813077121973,development,0.05,4.0,0,2,1,ocsort,5738
97.77044456021233,97.93990370671266,118,0,7,97.85513745108297,98.8906497622821,1,97.9261066573719,5620,2,1,3,0,True,0,0,path_g_full_reassign,rgb,5620,M3OT/1/rgb/val/1-08,0.26729763485491276,development,0.05,4.0,0,2,1,ocsort,5738
97.77044456021233,97.93990370671266,118,0,7,97.85513745108297,98.8906497622821,1,97.9261066573719,5620,2,1,3,0,True,0,0,cost_h_margin_reassign,rgb,5620,M3OT/1/rgb/val/1-08,0.17952268105000257,development,0.05,8.0,0,2,1,ocsort,5738
97.77044456021233,97.93990370671266,118,0,7,97.85513745108297,98.8906497622821,1,97.9261066573719,5620,2,1,3,0,True,0,0,cost_h_motion_reassign,rgb,5620,M3OT/1/rgb/val/1-08,0.18238576781004667,development,0.05,8.0,0,2,1,ocsort,5738
97.77044456021233,97.93990370671266,118,0,7,97.85513745108297,98.8906497622821,1,97.9261066573719,5620,2,1,3,0,True,0,0,cost_h_full_postfilter,rgb,5620,M3OT/1/rgb/val/1-08,0.17919500079005957,development,0.05,8.0,0,2,1,ocsort,5738
97.77044456021233,97.93990370671266,118,0,7,97.85513745108297,98.8906497622821,1,97.9261066573719,5620,2,1,3,0,True,0,0,cost_h_full_reassign,rgb,5620,M3OT/1/rgb/val/1-08,0.18053001444786787,development,0.05,8.0,0,2,1,ocsort,5738
97.77044456021233,97.93990370671266,118,0,7,97.85513745108297,98.8906497622821,1,97.9261066573719,5620,2,1,3,0,True,0,0,path_g_full_reassign,rgb,5620,M3OT/1/rgb/val/1-08,0.17886155098676682,development,0.05,8.0,0,2,1,ocsort,5738
97.77044456021233,97.93990370671266,118,0,7,97.85513745108297,98.8906497622821,1,97.9261066573719,5620,2,1,3,0,True,0,0,cost_h_margin_reassign,rgb,5620,M3OT/1/rgb/val/1-08,0.17999267484992743,development,0.1,1.0,0,2,1,ocsort,5738
97.83831447343417,97.93990370671266,118,0,7,97.88909591131339,98.8906497622821,1,97.9261066573719,5620,2,0,2,0,True,0,0,cost_h_motion_reassign,rgb,5620,M3OT/1/rgb/val/1-08,0.17938870936632156,development,0.1,1.0,0,2,0,ocsort,5738
97.83831447343417,97.93990370671266,118,0,7,97.88909591131339,98.8906497622821,1,97.9261066573719,5620,2,0,2,0,True,0,0,cost_h_full_postfilter,rgb,5620,M3OT/1/rgb/val/1-08,0.18336882907897234,development,0.1,1.0,0,2,0,ocsort,5738
97.83831447343417,97.93990370671266,118,0,7,97.88909591131339,98.8906497622821,1,97.9261066573719,5620,2,0,2,0,True,0,0,cost_h_full_reassign,rgb,5620,M3OT/1/rgb/val/1-08,0.18128064833581448,development,0.1,1.0,0,2,0,ocsort,5738
97.83831447343417,97.93990370671266,118,0,7,97.88909591131339,98.8906497622821,1,97.9261066573719,5620,2,0,2,0,True,0,0,path_g_full_reassign,rgb,5620,M3OT/1/rgb/val/1-08,0.18095606286078691,development,0.1,1.0,0,2,0,ocsort,5738
97.77044456021233,97.93990370671266,118,0,7,97.85513745108297,98.8906497622821,1,97.9261066573719,5620,2,1,3,0,True,0,0,cost_h_margin_reassign,rgb,5620,M3OT/1/rgb/val/1-08,0.1829201839864254,development,0.1,2.0,0,2,1,ocsort,5738
97.77044456021233,97.93990370671266,118,0,7,97.85513745108297,98.8906497622821,1,97.9261066573719,5620,2,1,3,0,True,0,0,cost_h_motion_reassign,rgb,5620,M3OT/1/rgb/val/1-08,0.18011920992285013,development,0.1,2.0,0,2,1,ocsort,5738
97.77044456021233,97.93990370671266,118,0,7,97.85513745108297,98.8906497622821,1,97.9261066573719,5620,2,1,3,0,True,0,0,cost_h_full_postfilter,rgb,5620,M3OT/1/rgb/val/1-08,0.2692401288077235,development,0.1,2.0,0,2,1,ocsort,5738
97.77044456021233,97.93990370671266,118,0,7,97.85513745108297,98.8906497622821,1,97.9261066573719,5620,2,1,3,0,True,0,0,cost_h_full_reassign,rgb,5620,M3OT/1/rgb/val/1-08,0.17938631400465965,development,0.1,2.0,0,2,1,ocsort,5738
97.77044456021233,97.93990370671266,118,0,7,97.85513745108297,98.8906497622821,1,97.9261066573719,5620,2,1,3,0,True,0,0,path_g_full_reassign,rgb,5620,M3OT/1/rgb/val/1-08,0.18161349929869175,development,0.1,2.0,0,2,1,ocsort,5738
97.77044456021233,97.93990370671266,118,0,7,97.85513745108297,98.8906497622821,1,97.9261066573719,5620,2,1,3,0,True,0,0,cost_h_margin_reassign,rgb,5620,M3OT/1/rgb/val/1-08,0.1820179121568799,development,0.1,4.0,0,2,1,ocsort,5738
97.77044456021233,97.93990370671266,118,0,7,97.85513745108297,98.8906497622821,1,97.9261066573719,5620,2,1,3,0,True,0,0,cost_h_motion_reassign,rgb,5620,M3OT/1/rgb/val/1-08,0.1825604187324643,development,0.1,4.0,0,2,1,ocsort,5738
97.77044456021233,97.93990370671266,118,0,7,97.85513745108297,98.8906497622821,1,97.9261066573719,5620,2,1,3,0,True,0,0,cost_h_full_postfilter,rgb,5620,M3OT/1/rgb/val/1-08,0.18350487481802702,development,0.1,4.0,0,2,1,ocsort,5738
97.77044456021233,97.93990370671266,118,0,7,97.85513745108297,98.8906497622821,1,97.9261066573719,5620,2,1,3,0,True,0,0,cost_h_full_reassign,rgb,5620,M3OT/1/rgb/val/1-08,0.1857922077178955,development,0.1,4.0,0,2,1,ocsort,5738
97.77044456021233,97.93990370671266,118,0,7,97.85513745108297,98.8906497622821,1,97.9261066573719,5620,2,1,3,0,True,0,0,path_g_full_reassign,rgb,5620,M3OT/1/rgb/val/1-08,0.18515969347208738,development,0.1,4.0,0,2,1,ocsort,5738
97.77044456021233,97.93990370671266,118,0,7,97.85513745108297,98.8906497622821,1,97.9261066573719,5620,2,1,3,0,True,0,0,cost_h_margin_reassign,rgb,5620,M3OT/1/rgb/val/1-08,0.18568536546081305,development,0.1,8.0,0,2,1,ocsort,5738
97.77044456021233,97.93990370671266,118,0,7,97.85513745108297,98.8906497622821,1,97.9261066573719,5620,2,1,3,0,True,0,0,cost_h_motion_reassign,rgb,5620,M3OT/1/rgb/val/1-08,0.18503781780600548,development,0.1,8.0,0,2,1,ocsort,5738
97.77044456021233,97.93990370671266,118,0,7,97.85513745108297,98.8906497622821,1,97.9261066573719,5620,2,1,3,0,True,0,0,cost_h_full_postfilter,rgb,5620,M3OT/1/rgb/val/1-08,0.1859018299728632,development,0.1,8.0,0,2,1,ocsort,5738
97.77044456021233,97.93990370671266,118,0,7,97.85513745108297,98.8906497622821,1,97.9261066573719,5620,2,1,3,0,True,0,0,cost_h_full_reassign,rgb,5620,M3OT/1/rgb/val/1-08,0.18551873601973057,development,0.1,8.0,0,2,1,ocsort,5738
97.77044456021233,97.93990370671266,118,0,7,97.85513745108297,98.8906497622821,1,97.9261066573719,5620,2,1,3,0,True,0,0,path_g_full_reassign,rgb,5620,M3OT/1/rgb/val/1-08,0.18513177800923586,development,0.1,8.0,0,2,1,ocsort,5738
97.77044456021233,97.93990370671266,118,0,7,97.85513745108297,98.8906497622821,1,97.9261066573719,5620,2,1,3,0,True,0,0,cost_h_soft_information,rgb,5620,M3OT/1/rgb/val/1-08,0.27013670466840267,development,N/A,N/A,0,2,1,ocsort,5738
85.95331180887736,94.95113903070592,49,3,3,90.31361427095017,90.86507835393044,11,99.19969512195121,7823,0,0,0,0,True,0,0,no_refinement,ir,7826,M3OT/2/ir/val/2-08T,0.0,development,N/A,N/A,0,0,0,bytetrack,7872
93.73632458870263,94.95113903070592,49,3,3,94.31189447121353,97.93604280800102,3,99.30132113821138,7823,7,1,9,1,True,0,0,ace_v1,ir,7826,M3OT/2/ir/val/2-08T,0.21134300902485847,development,N/A,N/A,0,7,1,bytetrack,7872
93.48933470009861,94.95113903070592,49,3,3,94.1875714954364,97.84685947254428,4,99.28861788617887,7823,6,2,9,1,True,0,0,cost_r,ir,7826,M3OT/2/ir/val/2-08T,0.2096202028915286,development,N/A,N/A,0,6,2,bytetrack,7872
93.41556683062167,94.95113903070592,49,3,3,94.15035707297352,97.84685947254428,4,99.28861788617887,7823,6,3,10,1,True,5,0,cost_g_legacy,ir,7826,M3OT/2/ir/val/2-08T,0.2109828069806099,development,N/A,N/A,0,6,3,bytetrack,7872
93.90167054848341,94.95113903070592,49,3,3,94.39495340863073,98.02522614345777,2,99.3140243902439,7823,8,1,10,1,True,0,0,cost_h,ir,7826,M3OT/2/ir/val/2-08T,0.2108815759420395,development,N/A,N/A,0,8,1,bytetrack,7872
93.41556683062167,94.95113903070592,49,3,3,94.15035707297352,97.84685947254428,4,99.28861788617887,7823,6,3,10,1,True,0,0,path_g,ir,7826,M3OT/2/ir/val/2-08T,0.21071606408804655,development,N/A,N/A,0,6,3,bytetrack,7872
93.48933470009861,94.95113903070592,49,3,3,94.1875714954364,97.84685947254428,4,99.28861788617887,7823,6,2,9,1,True,0,0,cost_h_margin_reassign,ir,7826,M3OT/2/ir/val/2-08T,0.21032525412738323,development,0.0,1.0,0,6,2,bytetrack,7872
92.73416034916148,94.95113903070592,49,3,3,93.80337253467157,96.71295706459422,6,99.26321138211382,7823,4,0,5,1,True,0,0,cost_h_motion_reassign,ir,7826,M3OT/2/ir/val/2-08T,0.2982310075312853,development,0.0,1.0,0,4,0,bytetrack,7872
92.73416034916148,94.95113903070592,49,3,3,93.80337253467157,96.71295706459422,6,99.26321138211382,7823,4,0,5,1,True,0,0,cost_h_full_postfilter,ir,7826,M3OT/2/ir/val/2-08T,0.21017470955848694,development,0.0,1.0,0,4,0,bytetrack,7872
92.73416034916148,94.95113903070592,49,3,3,93.80337253467157,96.71295706459422,6,99.26321138211382,7823,4,0,5,1,True,0,0,cost_h_full_reassign,ir,7826,M3OT/2/ir/val/2-08T,0.21059524547308683,development,0.0,1.0,0,4,0,bytetrack,7872
92.73416034916148,94.95113903070592,49,3,3,93.80337253467157,96.71295706459422,6,99.26321138211382,7823,4,0,5,1,True,0,0,path_g_full_reassign,ir,7826,M3OT/2/ir/val/2-08T,0.21053433511406183,development,0.0,1.0,0,4,0,bytetrack,7872
93.48933470009861,94.95113903070592,49,3,3,94.1875714954364,97.84685947254428,4,99.28861788617887,7823,6,2,9,1,True,0,0,cost_h_margin_reassign,ir,7826,M3OT/2/ir/val/2-08T,0.2095836065709591,development,0.0,2.0,0,6,2,bytetrack,7872
94.11341470951797,94.95113903070592,49,3,3,94.5032253541831,97.84685947254428,4,99.28861788617887,7823,6,1,8,1,True,0,0,cost_h_motion_reassign,ir,7826,M3OT/2/ir/val/2-08T,0.20985516346991062,development,0.0,2.0,0,6,1,bytetrack,7872
94.19165455692821,94.95113903070592,49,3,3,94.54252452156172,97.84685947254428,4,99.28861788617887,7823,6,0,7,1,True,0,0,cost_h_full_postfilter,ir,7826,M3OT/2/ir/val/2-08T,0.20901935826987028,development,0.0,2.0,0,6,0,bytetrack,7872
94.11341470951797,94.95113903070592,49,3,3,94.5032253541831,97.84685947254428,4,99.28861788617887,7823,6,1,8,1,True,0,0,cost_h_full_reassign,ir,7826,M3OT/2/ir/val/2-08T,0.20919279474765062,development,0.0,2.0,0,6,1,bytetrack,7872
94.11341470951797,94.95113903070592,49,3,3,94.5032253541831,97.84685947254428,4,99.28861788617887,7823,6,1,8,1,True,0,0,path_g_full_reassign,ir,7826,M3OT/2/ir/val/2-08T,0.20770409237593412,development,0.0,2.0,0,6,1,bytetrack,7872
93.48933470009861,94.95113903070592,49,3,3,94.1875714954364,97.84685947254428,4,99.28861788617887,7823,6,2,9,1,True,0,0,cost_h_margin_reassign,ir,7826,M3OT/2/ir/val/2-08T,0.2943658987060189,development,0.0,4.0,0,6,2,bytetrack,7872
93.90167054848341,94.95113903070592,49,3,3,94.39495340863073,98.02522614345777,2,99.3140243902439,7823,8,1,10,1,True,0,0,cost_h_motion_reassign,ir,7826,M3OT/2/ir/val/2-08T,0.2096592504531145,development,0.0,4.0,0,8,1,bytetrack,7872
93.56757454750885,94.95113903070592,49,3,3,94.22700266778972,97.84685947254428,4,99.28861788617887,7823,6,1,8,1,True,0,0,cost_h_full_postfilter,ir,7826,M3OT/2/ir/val/2-08T,0.21022226382046938,development,0.0,4.0,0,6,1,bytetrack,7872
93.48933470009861,94.95113903070592,49,3,3,94.1875714954364,97.84685947254428,4,99.28861788617887,7823,6,2,9,1,True,0,0,cost_h_full_reassign,ir,7826,M3OT/2/ir/val/2-08T,0.20929543115198612,development,0.0,4.0,0,6,2,bytetrack,7872
93.48933470009861,94.95113903070592,49,3,3,94.1875714954364,97.84685947254428,4,99.28861788617887,7823,6,2,9,1,True,0,0,path_g_full_reassign,ir,7826,M3OT/2/ir/val/2-08T,0.20960259530693293,development,0.0,4.0,0,6,2,bytetrack,7872
93.48933470009861,94.95113903070592,49,3,3,94.1875714954364,97.84685947254428,4,99.28861788617887,7823,6,2,9,1,True,0,0,cost_h_margin_reassign,ir,7826,M3OT/2/ir/val/2-08T,0.2093935115262866,development,0.0,8.0,0,6,2,bytetrack,7872
93.90167054848341,94.95113903070592,49,3,3,94.39495340863073,98.02522614345777,2,99.3140243902439,7823,8,1,10,1,True,0,0,cost_h_motion_reassign,ir,7826,M3OT/2/ir/val/2-08T,0.20977627020329237,development,0.0,8.0,0,8,1,bytetrack,7872
93.56757454750885,94.95113903070592,49,3,3,94.22700266778972,97.84685947254428,4,99.28861788617887,7823,6,1,8,1,True,0,0,cost_h_full_postfilter,ir,7826,M3OT/2/ir/val/2-08T,0.20973238162696362,development,0.0,8.0,0,6,1,bytetrack,7872
93.48933470009861,94.95113903070592,49,3,3,94.1875714954364,97.84685947254428,4,99.28861788617887,7823,6,2,9,1,True,0,0,cost_h_full_reassign,ir,7826,M3OT/2/ir/val/2-08T,0.20908555202186108,development,0.0,8.0,0,6,2,bytetrack,7872
93.48933470009861,94.95113903070592,49,3,3,94.1875714954364,97.84685947254428,4,99.28861788617887,7823,6,2,9,1,True,0,0,path_g_full_reassign,ir,7826,M3OT/2/ir/val/2-08T,0.21074755676090717,development,0.0,8.0,0,6,2,bytetrack,7872
93.48933470009861,94.95113903070592,49,3,3,94.1875714954364,97.84685947254428,4,99.28861788617887,7823,6,2,9,1,True,0,0,cost_h_margin_reassign,ir,7826,M3OT/2/ir/val/2-08T,0.2969699976965785,development,0.05,1.0,0,6,2,bytetrack,7872
92.73416034916148,94.95113903070592,49,3,3,93.80337253467157,96.71295706459422,6,99.26321138211382,7823,4,0,5,1,True,0,0,cost_h_motion_reassign,ir,7826,M3OT/2/ir/val/2-08T,0.21105912048369646,development,0.05,1.0,0,4,0,bytetrack,7872
92.73416034916148,94.95113903070592,49,3,3,93.80337253467157,96.71295706459422,6,99.26321138211382,7823,4,0,5,1,True,0,0,cost_h_full_postfilter,ir,7826,M3OT/2/ir/val/2-08T,0.21035675797611475,development,0.05,1.0,0,4,0,bytetrack,7872
92.73416034916148,94.95113903070592,49,3,3,93.80337253467157,96.71295706459422,6,99.26321138211382,7823,4,0,5,1,True,0,0,cost_h_full_reassign,ir,7826,M3OT/2/ir/val/2-08T,0.21010838821530342,development,0.05,1.0,0,4,0,bytetrack,7872
92.73416034916148,94.95113903070592,49,3,3,93.80337253467157,96.71295706459422,6,99.26321138211382,7823,4,0,5,1,True,0,0,path_g_full_reassign,ir,7826,M3OT/2/ir/val/2-08T,0.21042561903595924,development,0.05,1.0,0,4,0,bytetrack,7872
93.48933470009861,94.95113903070592,49,3,3,94.1875714954364,97.84685947254428,4,99.28861788617887,7823,6,2,9,1,True,0,0,cost_h_margin_reassign,ir,7826,M3OT/2/ir/val/2-08T,0.2103887377306819,development,0.05,2.0,0,6,2,bytetrack,7872
94.11341470951797,94.95113903070592,49,3,3,94.5032253541831,97.84685947254428,4,99.28861788617887,7823,6,1,8,1,True,0,0,cost_h_motion_reassign,ir,7826,M3OT/2/ir/val/2-08T,0.20963530335575342,development,0.05,2.0,0,6,1,bytetrack,7872
94.19165455692821,94.95113903070592,49,3,3,94.54252452156172,97.84685947254428,4,99.28861788617887,7823,6,0,7,1,True,0,0,cost_h_full_postfilter,ir,7826,M3OT/2/ir/val/2-08T,0.21008733939379454,development,0.05,2.0,0,6,0,bytetrack,7872
94.11341470951797,94.95113903070592,49,3,3,94.5032253541831,97.84685947254428,4,99.28861788617887,7823,6,1,8,1,True,0,0,cost_h_full_reassign,ir,7826,M3OT/2/ir/val/2-08T,0.2102555437013507,development,0.05,2.0,0,6,1,bytetrack,7872
94.11341470951797,94.95113903070592,49,3,3,94.5032253541831,97.84685947254428,4,99.28861788617887,7823,6,1,8,1,True,0,0,path_g_full_reassign,ir,7826,M3OT/2/ir/val/2-08T,0.2973076868802309,development,0.05,2.0,0,6,1,bytetrack,7872
93.48933470009861,94.95113903070592,49,3,3,94.1875714954364,97.84685947254428,4,99.28861788617887,7823,6,2,9,1,True,0,0,cost_h_margin_reassign,ir,7826,M3OT/2/ir/val/2-08T,0.20915650855749846,development,0.05,4.0,0,6,2,bytetrack,7872
93.90167054848341,94.95113903070592,49,3,3,94.39495340863073,98.02522614345777,2,99.3140243902439,7823,8,1,10,1,True,0,0,cost_h_motion_reassign,ir,7826,M3OT/2/ir/val/2-08T,0.20896525494754314,development,0.05,4.0,0,8,1,bytetrack,7872
93.73292050728963,94.95113903070592,49,3,3,94.31013643702038,97.93604280800102,3,99.30132113821138,7823,7,1,9,1,True,0,0,cost_h_full_postfilter,ir,7826,M3OT/2/ir/val/2-08T,0.2087810868397355,development,0.05,4.0,0,7,1,bytetrack,7872
93.48933470009861,94.95113903070592,49,3,3,94.1875714954364,97.84685947254428,4,99.28861788617887,7823,6,2,9,1,True,0,0,cost_h_full_reassign,ir,7826,M3OT/2/ir/val/2-08T,0.21027541253715754,development,0.05,4.0,0,6,2,bytetrack,7872
93.48933470009861,94.95113903070592,49,3,3,94.1875714954364,97.84685947254428,4,99.28861788617887,7823,6,2,9,1,True,0,0,path_g_full_reassign,ir,7826,M3OT/2/ir/val/2-08T,0.2103805337101221,development,0.05,4.0,0,6,2,bytetrack,7872
93.48933470009861,94.95113903070592,49,3,3,94.1875714954364,97.84685947254428,4,99.28861788617887,7823,6,2,9,1,True,0,0,cost_h_margin_reassign,ir,7826,M3OT/2/ir/val/2-08T,0.21034196484833956,development,0.05,8.0,0,6,2,bytetrack,7872
93.90167054848341,94.95113903070592,49,3,3,94.39495340863073,98.02522614345777,2,99.3140243902439,7823,8,1,10,1,True,0,0,cost_h_motion_reassign,ir,7826,M3OT/2/ir/val/2-08T,0.21011935733258724,development,0.05,8.0,0,8,1,bytetrack,7872
93.73292050728963,94.95113903070592,49,3,3,94.31013643702038,97.93604280800102,3,99.30132113821138,7823,7,1,9,1,True,0,0,cost_h_full_postfilter,ir,7826,M3OT/2/ir/val/2-08T,0.21053183916956186,development,0.05,8.0,0,7,1,bytetrack,7872
93.48933470009861,94.95113903070592,49,3,3,94.1875714954364,97.84685947254428,4,99.28861788617887,7823,6,2,9,1,True,0,0,cost_h_full_reassign,ir,7826,M3OT/2/ir/val/2-08T,0.20756439585238695,development,0.05,8.0,0,6,2,bytetrack,7872
93.48933470009861,94.95113903070592,49,3,3,94.1875714954364,97.84685947254428,4,99.28861788617887,7823,6,2,9,1,True,0,0,path_g_full_reassign,ir,7826,M3OT/2/ir/val/2-08T,0.2978051258251071,development,0.05,8.0,0,6,2,bytetrack,7872
93.48933470009861,94.95113903070592,49,3,3,94.1875714954364,97.84685947254428,4,99.28861788617887,7823,6,2,9,1,True,0,0,cost_h_margin_reassign,ir,7826,M3OT/2/ir/val/2-08T,0.21201375406235456,development,0.1,1.0,0,6,2,bytetrack,7872
92.73416034916148,94.95113903070592,49,3,3,93.80337253467157,96.71295706459422,6,99.26321138211382,7823,4,0,5,1,True,0,0,cost_h_motion_reassign,ir,7826,M3OT/2/ir/val/2-08T,0.21243273187428713,development,0.1,1.0,0,4,0,bytetrack,7872
92.73416034916148,94.95113903070592,49,3,3,93.80337253467157,96.71295706459422,6,99.26321138211382,7823,4,0,5,1,True,0,0,cost_h_full_postfilter,ir,7826,M3OT/2/ir/val/2-08T,0.21048233844339848,development,0.1,1.0,0,4,0,bytetrack,7872
92.73416034916148,94.95113903070592,49,3,3,93.80337253467157,96.71295706459422,6,99.26321138211382,7823,4,0,5,1,True,0,0,cost_h_full_reassign,ir,7826,M3OT/2/ir/val/2-08T,0.2098207948729396,development,0.1,1.0,0,4,0,bytetrack,7872
92.73416034916148,94.95113903070592,49,3,3,93.80337253467157,96.71295706459422,6,99.26321138211382,7823,4,0,5,1,True,0,0,path_g_full_reassign,ir,7826,M3OT/2/ir/val/2-08T,0.21031682193279266,development,0.1,1.0,0,4,0,bytetrack,7872
93.48933470009861,94.95113903070592,49,3,3,94.1875714954364,97.84685947254428,4,99.28861788617887,7823,6,2,9,1,True,0,0,cost_h_margin_reassign,ir,7826,M3OT/2/ir/val/2-08T,0.20942281000316143,development,0.1,2.0,0,6,2,bytetrack,7872
94.11341470951797,94.95113903070592,49,3,3,94.5032253541831,97.84685947254428,4,99.28861788617887,7823,6,1,8,1,True,0,0,cost_h_motion_reassign,ir,7826,M3OT/2/ir/val/2-08T,0.21031436789780855,development,0.1,2.0,0,6,1,bytetrack,7872
94.19165455692821,94.95113903070592,49,3,3,94.54252452156172,97.84685947254428,4,99.28861788617887,7823,6,0,7,1,True,0,0,cost_h_full_postfilter,ir,7826,M3OT/2/ir/val/2-08T,0.2098475769162178,development,0.1,2.0,0,6,0,bytetrack,7872
94.11341470951797,94.95113903070592,49,3,3,94.5032253541831,97.84685947254428,4,99.28861788617887,7823,6,1,8,1,True,0,0,cost_h_full_reassign,ir,7826,M3OT/2/ir/val/2-08T,0.29735182598233223,development,0.1,2.0,0,6,1,bytetrack,7872
94.11341470951797,94.95113903070592,49,3,3,94.5032253541831,97.84685947254428,4,99.28861788617887,7823,6,1,8,1,True,0,0,path_g_full_reassign,ir,7826,M3OT/2/ir/val/2-08T,0.2102555651217699,development,0.1,2.0,0,6,1,bytetrack,7872
93.48933470009861,94.95113903070592,49,3,3,94.1875714954364,97.84685947254428,4,99.28861788617887,7823,6,2,9,1,True,0,0,cost_h_margin_reassign,ir,7826,M3OT/2/ir/val/2-08T,0.21041665133088827,development,0.1,4.0,0,6,2,bytetrack,7872
93.90167054848341,94.95113903070592,49,3,3,94.39495340863073,98.02522614345777,2,99.3140243902439,7823,8,1,10,1,True,0,0,cost_h_motion_reassign,ir,7826,M3OT/2/ir/val/2-08T,0.20995156839489937,development,0.1,4.0,0,8,1,bytetrack,7872
93.73292050728963,94.95113903070592,49,3,3,94.31013643702038,97.93604280800102,3,99.30132113821138,7823,7,1,9,1,True,0,0,cost_h_full_postfilter,ir,7826,M3OT/2/ir/val/2-08T,0.21013897564262152,development,0.1,4.0,0,7,1,bytetrack,7872
93.48933470009861,94.95113903070592,49,3,3,94.1875714954364,97.84685947254428,4,99.28861788617887,7823,6,2,9,1,True,0,0,cost_h_full_reassign,ir,7826,M3OT/2/ir/val/2-08T,0.21077711507678032,development,0.1,4.0,0,6,2,bytetrack,7872
93.48933470009861,94.95113903070592,49,3,3,94.1875714954364,97.84685947254428,4,99.28861788617887,7823,6,2,9,1,True,0,0,path_g_full_reassign,ir,7826,M3OT/2/ir/val/2-08T,0.2106281779706478,development,0.1,4.0,0,6,2,bytetrack,7872
93.48933470009861,94.95113903070592,49,3,3,94.1875714954364,97.84685947254428,4,99.28861788617887,7823,6,2,9,1,True,0,0,cost_h_margin_reassign,ir,7826,M3OT/2/ir/val/2-08T,0.21066608652472496,development,0.1,8.0,0,6,2,bytetrack,7872
93.90167054848341,94.95113903070592,49,3,3,94.39495340863073,98.02522614345777,2,99.3140243902439,7823,8,1,10,1,True,0,0,cost_h_motion_reassign,ir,7826,M3OT/2/ir/val/2-08T,0.20965378358960152,development,0.1,8.0,0,8,1,bytetrack,7872
93.73292050728963,94.95113903070592,49,3,3,94.31013643702038,97.93604280800102,3,99.30132113821138,7823,7,1,9,1,True,0,0,cost_h_full_postfilter,ir,7826,M3OT/2/ir/val/2-08T,0.2111419178545475,development,0.1,8.0,0,7,1,bytetrack,7872
93.48933470009861,94.95113903070592,49,3,3,94.1875714954364,97.84685947254428,4,99.28861788617887,7823,6,2,9,1,True,0,0,cost_h_full_reassign,ir,7826,M3OT/2/ir/val/2-08T,0.2982289819046855,development,0.1,8.0,0,6,2,bytetrack,7872
93.48933470009861,94.95113903070592,49,3,3,94.1875714954364,97.84685947254428,4,99.28861788617887,7823,6,2,9,1,True,0,0,path_g_full_reassign,ir,7826,M3OT/2/ir/val/2-08T,0.21081271767616272,development,0.1,8.0,0,6,2,bytetrack,7872
93.41556683062167,94.95113903070592,49,3,3,94.15035707297352,97.84685947254428,4,99.28861788617887,7823,6,3,10,1,True,0,0,cost_h_soft_information,ir,7826,M3OT/2/ir/val/2-08T,0.21166197676211596,development,N/A,N/A,0,6,3,bytetrack,7872
87.90893608571727,98.24695121951223,138,0,2,92.93430451331025,90.54209919261822,11,98.10721544715447,7734,0,0,0,0,True,0,0,no_refinement,ir,7734,M3OT/2/ir/val/2-08T,0.0,development,N/A,N/A,0,0,0,ocsort,7872
95.6711778270901,98.24695121951223,138,0,2,96.95051078303507,97.44969883378188,3,98.20884146341463,7734,8,1,9,0,True,0,0,ace_v1,ir,7734,M3OT/2/ir/val/2-08T,0.21033127047121525,development,N/A,N/A,0,8,1,ocsort,7872
95.49269424571675,98.24695121951223,138,0,2,96.86003341615533,97.38562091503267,4,98.1961382113821,7734,7,2,9,0,True,0,0,cost_r,ir,7734,M3OT/2/ir/val/2-08T,0.20900809019804,development,N/A,N/A,0,7,2,ocsort,7872
95.43669266380134,98.24695121951223,138,0,2,96.83162752268532,97.38562091503267,4,98.1961382113821,7734,7,3,10,0,True,6,0,cost_g_legacy,ir,7734,M3OT/2/ir/val/2-08T,0.2080872505903244,development,N/A,N/A,0,7,3,ocsort,7872
95.79234964725343,98.24695121951223,138,0,2,97.01188743136667,97.51377675253107,2,98.22154471544715,7734,9,1,10,0,True,0,0,cost_h,ir,7734,M3OT/2/ir/val/2-08T,0.20866804476827383,development,N/A,N/A,0,9,1,ocsort,7872
95.43669266380134,98.24695121951223,138,0,2,96.83162752268532,97.38562091503267,4,98.1961382113821,7734,7,3,10,0,True,0,0,path_g,ir,7734,M3OT/2/ir/val/2-08T,0.29696856904774904,development,N/A,N/A,0,7,3,ocsort,7872
95.49269424571675,98.24695121951223,138,0,2,96.86003341615533,97.38562091503267,4,98.1961382113821,7734,7,2,9,0,True,0,0,cost_h_margin_reassign,ir,7734,M3OT/2/ir/val/2-08T,0.20807377435266972,development,0.0,1.0,0,7,2,ocsort,7872
93.77119007581778,98.24695121951223,138,0,2,95.98298566503584,95.54017685505575,7,98.15802845528455,7734,4,0,4,0,True,0,0,cost_h_motion_reassign,ir,7734,M3OT/2/ir/val/2-08T,0.20970386359840631,development,0.0,1.0,0,4,0,ocsort,7872
93.77119007581778,98.24695121951223,138,0,2,95.98298566503584,95.54017685505575,7,98.15802845528455,7734,4,0,4,0,True,0,0,cost_h_full_postfilter,ir,7734,M3OT/2/ir/val/2-08T,0.20985061675310135,development,0.0,1.0,0,4,0,ocsort,7872
93.77119007581778,98.24695121951223,138,0,2,95.98298566503584,95.54017685505575,7,98.15802845528455,7734,4,0,4,0,True,0,0,cost_h_full_reassign,ir,7734,M3OT/2/ir/val/2-08T,0.2098651109263301,development,0.0,1.0,0,4,0,ocsort,7872
93.77119007581778,98.24695121951223,138,0,2,95.98298566503584,95.54017685505575,7,98.15802845528455,7734,4,0,4,0,True,0,0,path_g_full_reassign,ir,7734,M3OT/2/ir/val/2-08T,0.20887156948447227,development,0.0,1.0,0,4,0,ocsort,7872
95.49269424571675,98.24695121951223,138,0,2,96.86003341615533,97.38562091503267,4,98.1961382113821,7734,7,2,9,0,True,0,0,cost_h_margin_reassign,ir,7734,M3OT/2/ir/val/2-08T,0.21074046567082405,development,0.0,2.0,0,7,2,ocsort,7872
95.17102578683303,98.24695121951223,138,0,2,96.696758621941,96.73202614379085,5,98.1834349593496,7734,6,1,7,0,True,0,0,cost_h_motion_reassign,ir,7734,M3OT/2/ir/val/2-08T,0.20834708213806152,development,0.0,2.0,0,6,1,ocsort,7872
95.22777554848795,98.24695121951223,138,0,2,96.72558409777095,96.73202614379085,5,98.1834349593496,7734,6,0,6,0,True,0,0,cost_h_full_postfilter,ir,7734,M3OT/2/ir/val/2-08T,0.20704160071909428,development,0.0,2.0,0,6,0,ocsort,7872
95.17102578683303,98.24695121951223,138,0,2,96.696758621941,96.73202614379085,5,98.1834349593496,7734,6,1,7,0,True,0,0,cost_h_full_reassign,ir,7734,M3OT/2/ir/val/2-08T,0.20813150238245726,development,0.0,2.0,0,6,1,ocsort,7872
95.17102578683303,98.24695121951223,138,0,2,96.696758621941,96.73202614379085,5,98.1834349593496,7734,6,1,7,0,True,0,0,path_g_full_reassign,ir,7734,M3OT/2/ir/val/2-08T,0.29489623941481113,development,0.0,2.0,0,6,1,ocsort,7872
95.49269424571675,98.24695121951223,138,0,2,96.86003341615533,97.38562091503267,4,98.1961382113821,7734,7,2,9,0,True,0,0,cost_h_margin_reassign,ir,7734,M3OT/2/ir/val/2-08T,0.20627520512789488,development,0.0,4.0,0,7,2,ocsort,7872
95.79234964725343,98.24695121951223,138,0,2,97.01188743136667,97.51377675253107,2,98.22154471544715,7734,9,1,10,0,True,0,0,cost_h_motion_reassign,ir,7734,M3OT/2/ir/val/2-08T,0.21028568502515554,development,0.0,4.0,0,9,1,ocsort,7872
95.54944400737172,98.24695121951223,138,0,2,96.88881031596871,97.38562091503267,4,98.1961382113821,7734,7,1,8,0,True,0,0,cost_h_full_postfilter,ir,7734,M3OT/2/ir/val/2-08T,0.20919103361666203,development,0.0,4.0,0,7,1,ocsort,7872
95.49269424571675,98.24695121951223,138,0,2,96.86003341615533,97.38562091503267,4,98.1961382113821,7734,7,2,9,0,True,0,0,cost_h_full_reassign,ir,7734,M3OT/2/ir/val/2-08T,0.2091793268918991,development,0.0,4.0,0,7,2,ocsort,7872
95.49269424571675,98.24695121951223,138,0,2,96.86003341615533,97.38562091503267,4,98.1961382113821,7734,7,2,9,0,True,0,0,path_g_full_reassign,ir,7734,M3OT/2/ir/val/2-08T,0.2083113668486476,development,0.0,4.0,0,7,2,ocsort,7872
95.49269424571675,98.24695121951223,138,0,2,96.86003341615533,97.38562091503267,4,98.1961382113821,7734,7,2,9,0,True,0,0,cost_h_margin_reassign,ir,7734,M3OT/2/ir/val/2-08T,0.20873209182173014,development,0.0,8.0,0,7,2,ocsort,7872
95.79234964725343,98.24695121951223,138,0,2,97.01188743136667,97.51377675253107,2,98.22154471544715,7734,9,1,10,0,True,0,0,cost_h_motion_reassign,ir,7734,M3OT/2/ir/val/2-08T,0.21060295775532722,development,0.0,8.0,0,9,1,ocsort,7872
95.54944400737172,98.24695121951223,138,0,2,96.88881031596871,97.38562091503267,4,98.1961382113821,7734,7,1,8,0,True,0,0,cost_h_full_postfilter,ir,7734,M3OT/2/ir/val/2-08T,0.20832868572324514,development,0.0,8.0,0,7,1,ocsort,7872
95.49269424571675,98.24695121951223,138,0,2,96.86003341615533,97.38562091503267,4,98.1961382113821,7734,7,2,9,0,True,0,0,cost_h_full_reassign,ir,7734,M3OT/2/ir/val/2-08T,0.20842633489519358,development,0.0,8.0,0,7,2,ocsort,7872
95.49269424571675,98.24695121951223,138,0,2,96.86003341615533,97.38562091503267,4,98.1961382113821,7734,7,2,9,0,True,0,0,path_g_full_reassign,ir,7734,M3OT/2/ir/val/2-08T,0.29674694314599037,development,0.0,8.0,0,7,2,ocsort,7872
95.49269424571675,98.24695121951223,138,0,2,96.86003341615533,97.38562091503267,4,98.1961382113821,7734,7,2,9,0,True,0,0,cost_h_margin_reassign,ir,7734,M3OT/2/ir/val/2-08T,0.20795912761241198,development,0.05,1.0,0,7,2,ocsort,7872
93.77119007581778,98.24695121951223,138,0,2,95.98298566503584,95.54017685505575,7,98.15802845528455,7734,4,0,4,0,True,0,0,cost_h_motion_reassign,ir,7734,M3OT/2/ir/val/2-08T,0.20677645225077868,development,0.05,1.0,0,4,0,ocsort,7872
93.77119007581778,98.24695121951223,138,0,2,95.98298566503584,95.54017685505575,7,98.15802845528455,7734,4,0,4,0,True,0,0,cost_h_full_postfilter,ir,7734,M3OT/2/ir/val/2-08T,0.20867864228785038,development,0.05,1.0,0,4,0,ocsort,7872
93.77119007581778,98.24695121951223,138,0,2,95.98298566503584,95.54017685505575,7,98.15802845528455,7734,4,0,4,0,True,0,0,cost_h_full_reassign,ir,7734,M3OT/2/ir/val/2-08T,0.20897774398326874,development,0.05,1.0,0,4,0,ocsort,7872
93.77119007581778,98.24695121951223,138,0,2,95.98298566503584,95.54017685505575,7,98.15802845528455,7734,4,0,4,0,True,0,0,path_g_full_reassign,ir,7734,M3OT/2/ir/val/2-08T,0.21168405562639236,development,0.05,1.0,0,4,0,ocsort,7872
95.49269424571675,98.24695121951223,138,0,2,96.86003341615533,97.38562091503267,4,98.1961382113821,7734,7,2,9,0,True,0,0,cost_h_margin_reassign,ir,7734,M3OT/2/ir/val/2-08T,0.21072846371680498,development,0.05,2.0,0,7,2,ocsort,7872
95.17102578683303,98.24695121951223,138,0,2,96.696758621941,96.73202614379085,5,98.1834349593496,7734,6,1,7,0,True,0,0,cost_h_motion_reassign,ir,7734,M3OT/2/ir/val/2-08T,0.21067352034151554,development,0.05,2.0,0,6,1,ocsort,7872
95.22777554848795,98.24695121951223,138,0,2,96.72558409777095,96.73202614379085,5,98.1834349593496,7734,6,0,6,0,True,0,0,cost_h_full_postfilter,ir,7734,M3OT/2/ir/val/2-08T,0.21053011901676655,development,0.05,2.0,0,6,0,ocsort,7872
95.17102578683303,98.24695121951223,138,0,2,96.696758621941,96.73202614379085,5,98.1834349593496,7734,6,1,7,0,True,0,0,cost_h_full_reassign,ir,7734,M3OT/2/ir/val/2-08T,0.2993423566222191,development,0.05,2.0,0,6,1,ocsort,7872
95.17102578683303,98.24695121951223,138,0,2,96.696758621941,96.73202614379085,5,98.1834349593496,7734,6,1,7,0,True,0,0,path_g_full_reassign,ir,7734,M3OT/2/ir/val/2-08T,0.21068192645907402,development,0.05,2.0,0,6,1,ocsort,7872
95.49269424571675,98.24695121951223,138,0,2,96.86003341615533,97.38562091503267,4,98.1961382113821,7734,7,2,9,0,True,0,0,cost_h_margin_reassign,ir,7734,M3OT/2/ir/val/2-08T,0.2103748293593526,development,0.05,4.0,0,7,2,ocsort,7872
95.79234964725343,98.24695121951223,138,0,2,97.01188743136667,97.51377675253107,2,98.22154471544715,7734,9,1,10,0,True,0,0,cost_h_motion_reassign,ir,7734,M3OT/2/ir/val/2-08T,0.20997665263712406,development,0.05,4.0,0,9,1,ocsort,7872
95.67061582753497,98.24695121951223,138,0,2,96.9502260252575,97.44969883378188,3,98.20884146341463,7734,8,1,9,0,True,0,0,cost_h_full_postfilter,ir,7734,M3OT/2/ir/val/2-08T,0.2107094945386052,development,0.05,4.0,0,8,1,ocsort,7872
95.49269424571675,98.24695121951223,138,0,2,96.86003341615533,97.38562091503267,4,98.1961382113821,7734,7,2,9,0,True,0,0,cost_h_full_reassign,ir,7734,M3OT/2/ir/val/2-08T,0.20965178683400154,development,0.05,4.0,0,7,2,ocsort,7872
95.49269424571675,98.24695121951223,138,0,2,96.86003341615533,97.38562091503267,4,98.1961382113821,7734,7,2,9,0,True,0,0,path_g_full_reassign,ir,7734,M3OT/2/ir/val/2-08T,0.2103803176432848,development,0.05,4.0,0,7,2,ocsort,7872
95.49269424571675,98.24695121951223,138,0,2,96.86003341615533,97.38562091503267,4,98.1961382113821,7734,7,2,9,0,True,0,0,cost_h_margin_reassign,ir,7734,M3OT/2/ir/val/2-08T,0.20878408662974834,development,0.05,8.0,0,7,2,ocsort,7872
95.79234964725343,98.24695121951223,138,0,2,97.01188743136667,97.51377675253107,2,98.22154471544715,7734,9,1,10,0,True,0,0,cost_h_motion_reassign,ir,7734,M3OT/2/ir/val/2-08T,0.2081212466582656,development,0.05,8.0,0,9,1,ocsort,7872
95.67061582753497,98.24695121951223,138,0,2,96.9502260252575,97.44969883378188,3,98.20884146341463,7734,8,1,9,0,True,0,0,cost_h_full_postfilter,ir,7734,M3OT/2/ir/val/2-08T,0.20773647539317608,development,0.05,8.0,0,8,1,ocsort,7872
95.49269424571675,98.24695121951223,138,0,2,96.86003341615533,97.38562091503267,4,98.1961382113821,7734,7,2,9,0,True,0,0,cost_h_full_reassign,ir,7734,M3OT/2/ir/val/2-08T,0.30407576728612185,development,0.05,8.0,0,7,2,ocsort,7872
95.49269424571675,98.24695121951223,138,0,2,96.86003341615533,97.38562091503267,4,98.1961382113821,7734,7,2,9,0,True,0,0,path_g_full_reassign,ir,7734,M3OT/2/ir/val/2-08T,0.21131870243698359,development,0.05,8.0,0,7,2,ocsort,7872
95.79234964725343,98.24695121951223,138,0,2,97.01188743136667,97.51377675253107,2,98.22154471544715,7734,9,1,10,0,True,0,0,cost_h_margin_reassign,ir,7734,M3OT/2/ir/val/2-08T,0.20949450973421335,development,0.1,1.0,0,9,1,ocsort,7872
93.77119007581778,98.24695121951223,138,0,2,95.98298566503584,95.54017685505575,7,98.15802845528455,7734,4,0,4,0,True,0,0,cost_h_motion_reassign,ir,7734,M3OT/2/ir/val/2-08T,0.21024711336940527,development,0.1,1.0,0,4,0,ocsort,7872
93.77119007581778,98.24695121951223,138,0,2,95.98298566503584,95.54017685505575,7,98.15802845528455,7734,4,0,4,0,True,0,0,cost_h_full_postfilter,ir,7734,M3OT/2/ir/val/2-08T,0.2101303143426776,development,0.1,1.0,0,4,0,ocsort,7872
93.77119007581778,98.24695121951223,138,0,2,95.98298566503584,95.54017685505575,7,98.15802845528455,7734,4,0,4,0,True,0,0,cost_h_full_reassign,ir,7734,M3OT/2/ir/val/2-08T,0.20776962582021952,development,0.1,1.0,0,4,0,ocsort,7872
93.77119007581778,98.24695121951223,138,0,2,95.98298566503584,95.54017685505575,7,98.15802845528455,7734,4,0,4,0,True,0,0,path_g_full_reassign,ir,7734,M3OT/2/ir/val/2-08T,0.2077314080670476,development,0.1,1.0,0,4,0,ocsort,7872
95.79234964725343,98.24695121951223,138,0,2,97.01188743136667,97.51377675253107,2,98.22154471544715,7734,9,1,10,0,True,0,0,cost_h_margin_reassign,ir,7734,M3OT/2/ir/val/2-08T,0.20795535203069448,development,0.1,2.0,0,9,1,ocsort,7872
95.17102578683303,98.24695121951223,138,0,2,96.696758621941,96.73202614379085,5,98.1834349593496,7734,6,1,7,0,True,0,0,cost_h_motion_reassign,ir,7734,M3OT/2/ir/val/2-08T,0.21022287849336863,development,0.1,2.0,0,6,1,ocsort,7872
95.34950936820641,98.24695121951223,138,0,2,96.78738861908916,96.79610406254004,4,98.1961382113821,7734,7,0,7,0,True,0,0,cost_h_full_postfilter,ir,7734,M3OT/2/ir/val/2-08T,0.21028288267552853,development,0.1,2.0,0,7,0,ocsort,7872
95.17102578683303,98.24695121951223,138,0,2,96.696758621941,96.73202614379085,5,98.1834349593496,7734,6,1,7,0,True,0,0,cost_h_full_reassign,ir,7734,M3OT/2/ir/val/2-08T,0.29911289270967245,development,0.1,2.0,0,6,1,ocsort,7872
95.17102578683303,98.24695121951223,138,0,2,96.696758621941,96.73202614379085,5,98.1834349593496,7734,6,1,7,0,True,0,0,path_g_full_reassign,ir,7734,M3OT/2/ir/val/2-08T,0.21155251003801823,development,0.1,2.0,0,6,1,ocsort,7872
95.79234964725343,98.24695121951223,138,0,2,97.01188743136667,97.51377675253107,2,98.22154471544715,7734,9,1,10,0,True,0,0,cost_h_margin_reassign,ir,7734,M3OT/2/ir/val/2-08T,0.20869640819728374,development,0.1,4.0,0,9,1,ocsort,7872
95.79234964725343,98.24695121951223,138,0,2,97.01188743136667,97.51377675253107,2,98.22154471544715,7734,9,1,10,0,True,0,0,cost_h_motion_reassign,ir,7734,M3OT/2/ir/val/2-08T,0.2081734025850892,development,0.1,4.0,0,9,1,ocsort,7872
95.79234964725343,98.24695121951223,138,0,2,97.01188743136667,97.51377675253107,2,98.22154471544715,7734,9,1,10,0,True,0,0,cost_h_full_postfilter,ir,7734,M3OT/2/ir/val/2-08T,0.21204715874046087,development,0.1,4.0,0,9,1,ocsort,7872
95.79234964725343,98.24695121951223,138,0,2,97.01188743136667,97.51377675253107,2,98.22154471544715,7734,9,1,10,0,True,0,0,cost_h_full_reassign,ir,7734,M3OT/2/ir/val/2-08T,0.21047609951347113,development,0.1,4.0,0,9,1,ocsort,7872
95.49269424571675,98.24695121951223,138,0,2,96.86003341615533,97.38562091503267,4,98.1961382113821,7734,7,2,9,0,True,0,0,path_g_full_reassign,ir,7734,M3OT/2/ir/val/2-08T,0.20911394990980625,development,0.1,4.0,0,7,2,ocsort,7872
95.79234964725343,98.24695121951223,138,0,2,97.01188743136667,97.51377675253107,2,98.22154471544715,7734,9,1,10,0,True,0,0,cost_h_margin_reassign,ir,7734,M3OT/2/ir/val/2-08T,0.20852476730942726,development,0.1,8.0,0,9,1,ocsort,7872
95.79234964725343,98.24695121951223,138,0,2,97.01188743136667,97.51377675253107,2,98.22154471544715,7734,9,1,10,0,True,0,0,cost_h_motion_reassign,ir,7734,M3OT/2/ir/val/2-08T,0.20866601169109344,development,0.1,8.0,0,9,1,ocsort,7872
95.79234964725343,98.24695121951223,138,0,2,97.01188743136667,97.51377675253107,2,98.22154471544715,7734,9,1,10,0,True,0,0,cost_h_full_postfilter,ir,7734,M3OT/2/ir/val/2-08T,0.29863893799483776,development,0.1,8.0,0,9,1,ocsort,7872
95.79234964725343,98.24695121951223,138,0,2,97.01188743136667,97.51377675253107,2,98.22154471544715,7734,9,1,10,0,True,0,0,cost_h_full_reassign,ir,7734,M3OT/2/ir/val/2-08T,0.21012638323009014,development,0.1,8.0,0,9,1,ocsort,7872
95.49269424571675,98.24695121951223,138,0,2,96.86003341615533,97.38562091503267,4,98.1961382113821,7734,7,2,9,0,True,0,0,path_g_full_reassign,ir,7734,M3OT/2/ir/val/2-08T,0.2095617987215519,development,0.1,8.0,0,7,2,ocsort,7872
95.79234964725343,98.24695121951223,138,0,2,97.01188743136667,97.51377675253107,2,98.22154471544715,7734,9,1,10,0,True,0,0,cost_h_soft_information,ir,7734,M3OT/2/ir/val/2-08T,0.20877382159233093,development,N/A,N/A,0,9,1,ocsort,7872
95.67316321825757,95.7506296552237,36,0,2,95.68914716653936,98.57943925233646,1,99.53997264702225,8007,0,0,0,0,True,0,0,no_refinement,rgb,8007,M3OT/2/rgb/val/2-08,0.0,development,N/A,N/A,0,0,0,bytetrack,8043
95.67316321825757,95.7506296552237,36,0,2,95.68914716653936,98.57943925233646,1,99.53997264702225,8007,0,0,0,0,True,0,0,ace_v1,rgb,8007,M3OT/2/rgb/val/2-08,0.21126135997474194,development,N/A,N/A,0,0,0,bytetrack,8043
95.67316321825757,95.7506296552237,36,0,2,95.68914716653936,98.57943925233646,1,99.53997264702225,8007,0,0,0,0,True,0,0,cost_r,rgb,8007,M3OT/2/rgb/val/2-08,0.20893419068306684,development,N/A,N/A,0,0,0,bytetrack,8043
95.67316321825757,95.7506296552237,36,0,2,95.68914716653936,98.57943925233646,1,99.53997264702225,8007,0,0,0,0,True,0,0,cost_g_legacy,rgb,8007,M3OT/2/rgb/val/2-08,0.20710253063589334,development,N/A,N/A,0,0,0,bytetrack,8043
95.67316321825757,95.7506296552237,36,0,2,95.68914716653936,98.57943925233646,1,99.53997264702225,8007,0,0,0,0,True,0,0,cost_h,rgb,8007,M3OT/2/rgb/val/2-08,0.3030615085735917,development,N/A,N/A,0,0,0,bytetrack,8043
95.67316321825757,95.7506296552237,36,0,2,95.68914716653936,98.57943925233646,1,99.53997264702225,8007,0,0,0,0,True,0,0,path_g,rgb,8007,M3OT/2/rgb/val/2-08,0.20759371854364872,development,N/A,N/A,0,0,0,bytetrack,8043
95.67316321825757,95.7506296552237,36,0,2,95.68914716653936,98.57943925233646,1,99.53997264702225,8007,0,0,0,0,True,0,0,cost_h_margin_reassign,rgb,8007,M3OT/2/rgb/val/2-08,0.20655469689518213,development,0.0,1.0,0,0,0,bytetrack,8043
95.67316321825757,95.7506296552237,36,0,2,95.68914716653936,98.57943925233646,1,99.53997264702225,8007,0,0,0,0,True,0,0,cost_h_motion_reassign,rgb,8007,M3OT/2/rgb/val/2-08,0.21201094705611467,development,0.0,1.0,0,0,0,bytetrack,8043
95.67316321825757,95.7506296552237,36,0,2,95.68914716653936,98.57943925233646,1,99.53997264702225,8007,0,0,0,0,True,0,0,cost_h_full_postfilter,rgb,8007,M3OT/2/rgb/val/2-08,0.2139430958777666,development,0.0,1.0,0,0,0,bytetrack,8043
95.67316321825757,95.7506296552237,36,0,2,95.68914716653936,98.57943925233646,1,99.53997264702225,8007,0,0,0,0,True,0,0,cost_h_full_reassign,rgb,8007,M3OT/2/rgb/val/2-08,0.2127594379708171,development,0.0,1.0,0,0,0,bytetrack,8043
95.67316321825757,95.7506296552237,36,0,2,95.68914716653936,98.57943925233646,1,99.53997264702225,8007,0,0,0,0,True,0,0,path_g_full_reassign,rgb,8007,M3OT/2/rgb/val/2-08,0.21222846861928701,development,0.0,1.0,0,0,0,bytetrack,8043
95.67316321825757,95.7506296552237,36,0,2,95.68914716653936,98.57943925233646,1,99.53997264702225,8007,0,0,0,0,True,0,0,cost_h_margin_reassign,rgb,8007,M3OT/2/rgb/val/2-08,0.2114312620833516,development,0.0,2.0,0,0,0,bytetrack,8043
95.67316321825757,95.7506296552237,36,0,2,95.68914716653936,98.57943925233646,1,99.53997264702225,8007,0,0,0,0,True,0,0,cost_h_motion_reassign,rgb,8007,M3OT/2/rgb/val/2-08,0.21372637245804071,development,0.0,2.0,0,0,0,bytetrack,8043
95.67316321825757,95.7506296552237,36,0,2,95.68914716653936,98.57943925233646,1,99.53997264702225,8007,0,0,0,0,True,0,0,cost_h_full_postfilter,rgb,8007,M3OT/2/rgb/val/2-08,0.3001714590936899,development,0.0,2.0,0,0,0,bytetrack,8043
95.67316321825757,95.7506296552237,36,0,2,95.68914716653936,98.57943925233646,1,99.53997264702225,8007,0,0,0,0,True,0,0,cost_h_full_reassign,rgb,8007,M3OT/2/rgb/val/2-08,0.22275651525706053,development,0.0,2.0,0,0,0,bytetrack,8043
95.67316321825757,95.7506296552237,36,0,2,95.68914716653936,98.57943925233646,1,99.53997264702225,8007,0,0,0,0,True,0,0,path_g_full_reassign,rgb,8007,M3OT/2/rgb/val/2-08,0.21223061624914408,development,0.0,2.0,0,0,0,bytetrack,8043
95.67316321825757,95.7506296552237,36,0,2,95.68914716653936,98.57943925233646,1,99.53997264702225,8007,0,0,0,0,True,0,0,cost_h_margin_reassign,rgb,8007,M3OT/2/rgb/val/2-08,0.2083702115342021,development,0.0,4.0,0,0,0,bytetrack,8043
95.67316321825757,95.7506296552237,36,0,2,95.68914716653936,98.57943925233646,1,99.53997264702225,8007,0,0,0,0,True,0,0,cost_h_motion_reassign,rgb,8007,M3OT/2/rgb/val/2-08,0.21019255183637142,development,0.0,4.0,0,0,0,bytetrack,8043
95.67316321825757,95.7506296552237,36,0,2,95.68914716653936,98.57943925233646,1,99.53997264702225,8007,0,0,0,0,True,0,0,cost_h_full_postfilter,rgb,8007,M3OT/2/rgb/val/2-08,0.2117385594174266,development,0.0,4.0,0,0,0,bytetrack,8043
95.67316321825757,95.7506296552237,36,0,2,95.68914716653936,98.57943925233646,1,99.53997264702225,8007,0,0,0,0,True,0,0,cost_h_full_reassign,rgb,8007,M3OT/2/rgb/val/2-08,0.2132333256304264,development,0.0,4.0,0,0,0,bytetrack,8043
95.67316321825757,95.7506296552237,36,0,2,95.68914716653936,98.57943925233646,1,99.53997264702225,8007,0,0,0,0,True,0,0,path_g_full_reassign,rgb,8007,M3OT/2/rgb/val/2-08,0.21321507450193167,development,0.0,4.0,0,0,0,bytetrack,8043
95.67316321825757,95.7506296552237,36,0,2,95.68914716653936,98.57943925233646,1,99.53997264702225,8007,0,0,0,0,True,0,0,cost_h_margin_reassign,rgb,8007,M3OT/2/rgb/val/2-08,0.21268559899181128,development,0.0,8.0,0,0,0,bytetrack,8043
95.67316321825757,95.7506296552237,36,0,2,95.68914716653936,98.57943925233646,1,99.53997264702225,8007,0,0,0,0,True,0,0,cost_h_motion_reassign,rgb,8007,M3OT/2/rgb/val/2-08,0.30064248014241457,development,0.0,8.0,0,0,0,bytetrack,8043
95.67316321825757,95.7506296552237,36,0,2,95.68914716653936,98.57943925233646,1,99.53997264702225,8007,0,0,0,0,True,0,0,cost_h_full_postfilter,rgb,8007,M3OT/2/rgb/val/2-08,0.2129915887489915,development,0.0,8.0,0,0,0,bytetrack,8043
95.67316321825757,95.7506296552237,36,0,2,95.68914716653936,98.57943925233646,1,99.53997264702225,8007,0,0,0,0,True,0,0,cost_h_full_reassign,rgb,8007,M3OT/2/rgb/val/2-08,0.2133564418181777,development,0.0,8.0,0,0,0,bytetrack,8043
95.67316321825757,95.7506296552237,36,0,2,95.68914716653936,98.57943925233646,1,99.53997264702225,8007,0,0,0,0,True,0,0,path_g_full_reassign,rgb,8007,M3OT/2/rgb/val/2-08,0.2115905713289976,development,0.0,8.0,0,0,0,bytetrack,8043
95.67316321825757,95.7506296552237,36,0,2,95.68914716653936,98.57943925233646,1,99.53997264702225,8007,0,0,0,0,True,0,0,cost_h_margin_reassign,rgb,8007,M3OT/2/rgb/val/2-08,0.21338583901524544,development,0.05,1.0,0,0,0,bytetrack,8043
95.67316321825757,95.7506296552237,36,0,2,95.68914716653936,98.57943925233646,1,99.53997264702225,8007,0,0,0,0,True,0,0,cost_h_motion_reassign,rgb,8007,M3OT/2/rgb/val/2-08,0.21393461991101503,development,0.05,1.0,0,0,0,bytetrack,8043
95.67316321825757,95.7506296552237,36,0,2,95.68914716653936,98.57943925233646,1,99.53997264702225,8007,0,0,0,0,True,0,0,cost_h_full_postfilter,rgb,8007,M3OT/2/rgb/val/2-08,0.2095808433368802,development,0.05,1.0,0,0,0,bytetrack,8043
95.67316321825757,95.7506296552237,36,0,2,95.68914716653936,98.57943925233646,1,99.53997264702225,8007,0,0,0,0,True,0,0,cost_h_full_reassign,rgb,8007,M3OT/2/rgb/val/2-08,0.21189957205206156,development,0.05,1.0,0,0,0,bytetrack,8043
95.67316321825757,95.7506296552237,36,0,2,95.68914716653936,98.57943925233646,1,99.53997264702225,8007,0,0,0,0,True,0,0,path_g_full_reassign,rgb,8007,M3OT/2/rgb/val/2-08,0.21209635771811008,development,0.05,1.0,0,0,0,bytetrack,8043
95.67316321825757,95.7506296552237,36,0,2,95.68914716653936,98.57943925233646,1,99.53997264702225,8007,0,0,0,0,True,0,0,cost_h_margin_reassign,rgb,8007,M3OT/2/rgb/val/2-08,0.30286244861781597,development,0.05,2.0,0,0,0,bytetrack,8043
95.67316321825757,95.7506296552237,36,0,2,95.68914716653936,98.57943925233646,1,99.53997264702225,8007,0,0,0,0,True,0,0,cost_h_motion_reassign,rgb,8007,M3OT/2/rgb/val/2-08,0.21206118259578943,development,0.05,2.0,0,0,0,bytetrack,8043
95.67316321825757,95.7506296552237,36,0,2,95.68914716653936,98.57943925233646,1,99.53997264702225,8007,0,0,0,0,True,0,0,cost_h_full_postfilter,rgb,8007,M3OT/2/rgb/val/2-08,0.21242959052324295,development,0.05,2.0,0,0,0,bytetrack,8043
95.67316321825757,95.7506296552237,36,0,2,95.68914716653936,98.57943925233646,1,99.53997264702225,8007,0,0,0,0,True,0,0,cost_h_full_reassign,rgb,8007,M3OT/2/rgb/val/2-08,0.21274770237505436,development,0.05,2.0,0,0,0,bytetrack,8043
95.67316321825757,95.7506296552237,36,0,2,95.68914716653936,98.57943925233646,1,99.53997264702225,8007,0,0,0,0,True,0,0,path_g_full_reassign,rgb,8007,M3OT/2/rgb/val/2-08,0.21379020996391773,development,0.05,2.0,0,0,0,bytetrack,8043
95.67316321825757,95.7506296552237,36,0,2,95.68914716653936,98.57943925233646,1,99.53997264702225,8007,0,0,0,0,True,0,0,cost_h_margin_reassign,rgb,8007,M3OT/2/rgb/val/2-08,0.21403792779892683,development,0.05,4.0,0,0,0,bytetrack,8043
95.67316321825757,95.7506296552237,36,0,2,95.68914716653936,98.57943925233646,1,99.53997264702225,8007,0,0,0,0,True,0,0,cost_h_motion_reassign,rgb,8007,M3OT/2/rgb/val/2-08,0.21196016389876604,development,0.05,4.0,0,0,0,bytetrack,8043
95.67316321825757,95.7506296552237,36,0,2,95.68914716653936,98.57943925233646,1,99.53997264702225,8007,0,0,0,0,True,0,0,cost_h_full_postfilter,rgb,8007,M3OT/2/rgb/val/2-08,0.2126121548935771,development,0.05,4.0,0,0,0,bytetrack,8043
95.67316321825757,95.7506296552237,36,0,2,95.68914716653936,98.57943925233646,1,99.53997264702225,8007,0,0,0,0,True,0,0,cost_h_full_reassign,rgb,8007,M3OT/2/rgb/val/2-08,0.21385728381574154,development,0.05,4.0,0,0,0,bytetrack,8043
95.67316321825757,95.7506296552237,36,0,2,95.68914716653936,98.57943925233646,1,99.53997264702225,8007,0,0,0,0,True,0,0,path_g_full_reassign,rgb,8007,M3OT/2/rgb/val/2-08,0.29825388360768557,development,0.05,4.0,0,0,0,bytetrack,8043
95.67316321825757,95.7506296552237,36,0,2,95.68914716653936,98.57943925233646,1,99.53997264702225,8007,0,0,0,0,True,0,0,cost_h_margin_reassign,rgb,8007,M3OT/2/rgb/val/2-08,0.21219674870371819,development,0.05,8.0,0,0,0,bytetrack,8043
95.67316321825757,95.7506296552237,36,0,2,95.68914716653936,98.57943925233646,1,99.53997264702225,8007,0,0,0,0,True,0,0,cost_h_motion_reassign,rgb,8007,M3OT/2/rgb/val/2-08,0.2127467505633831,development,0.05,8.0,0,0,0,bytetrack,8043
95.67316321825757,95.7506296552237,36,0,2,95.68914716653936,98.57943925233646,1,99.53997264702225,8007,0,0,0,0,True,0,0,cost_h_full_postfilter,rgb,8007,M3OT/2/rgb/val/2-08,0.2135329619050026,development,0.05,8.0,0,0,0,bytetrack,8043
95.67316321825757,95.7506296552237,36,0,2,95.68914716653936,98.57943925233646,1,99.53997264702225,8007,0,0,0,0,True,0,0,cost_h_full_reassign,rgb,8007,M3OT/2/rgb/val/2-08,0.21264730114489794,development,0.05,8.0,0,0,0,bytetrack,8043
95.67316321825757,95.7506296552237,36,0,2,95.68914716653936,98.57943925233646,1,99.53997264702225,8007,0,0,0,0,True,0,0,path_g_full_reassign,rgb,8007,M3OT/2/rgb/val/2-08,0.21335972379893064,development,0.05,8.0,0,0,0,bytetrack,8043
95.67316321825757,95.7506296552237,36,0,2,95.68914716653936,98.57943925233646,1,99.53997264702225,8007,0,0,0,0,True,0,0,cost_h_margin_reassign,rgb,8007,M3OT/2/rgb/val/2-08,0.21292316261678934,development,0.1,1.0,0,0,0,bytetrack,8043
95.67316321825757,95.7506296552237,36,0,2,95.68914716653936,98.57943925233646,1,99.53997264702225,8007,0,0,0,0,True,0,0,cost_h_motion_reassign,rgb,8007,M3OT/2/rgb/val/2-08,0.21282201539725065,development,0.1,1.0,0,0,0,bytetrack,8043
95.67316321825757,95.7506296552237,36,0,2,95.68914716653936,98.57943925233646,1,99.53997264702225,8007,0,0,0,0,True,0,0,cost_h_full_postfilter,rgb,8007,M3OT/2/rgb/val/2-08,0.2127670980989933,development,0.1,1.0,0,0,0,bytetrack,8043
95.67316321825757,95.7506296552237,36,0,2,95.68914716653936,98.57943925233646,1,99.53997264702225,8007,0,0,0,0,True,0,0,cost_h_full_reassign,rgb,8007,M3OT/2/rgb/val/2-08,0.30291649978607893,development,0.1,1.0,0,0,0,bytetrack,8043
95.67316321825757,95.7506296552237,36,0,2,95.68914716653936,98.57943925233646,1,99.53997264702225,8007,0,0,0,0,True,0,0,path_g_full_reassign,rgb,8007,M3OT/2/rgb/val/2-08,0.2122875489294529,development,0.1,1.0,0,0,0,bytetrack,8043
95.67316321825757,95.7506296552237,36,0,2,95.68914716653936,98.57943925233646,1,99.53997264702225,8007,0,0,0,0,True,0,0,cost_h_margin_reassign,rgb,8007,M3OT/2/rgb/val/2-08,0.2123806718736887,development,0.1,2.0,0,0,0,bytetrack,8043
95.67316321825757,95.7506296552237,36,0,2,95.68914716653936,98.57943925233646,1,99.53997264702225,8007,0,0,0,0,True,0,0,cost_h_motion_reassign,rgb,8007,M3OT/2/rgb/val/2-08,0.21321138460189104,development,0.1,2.0,0,0,0,bytetrack,8043
95.67316321825757,95.7506296552237,36,0,2,95.68914716653936,98.57943925233646,1,99.53997264702225,8007,0,0,0,0,True,0,0,cost_h_full_postfilter,rgb,8007,M3OT/2/rgb/val/2-08,0.21311203204095364,development,0.1,2.0,0,0,0,bytetrack,8043
95.67316321825757,95.7506296552237,36,0,2,95.68914716653936,98.57943925233646,1,99.53997264702225,8007,0,0,0,0,True,0,0,cost_h_full_reassign,rgb,8007,M3OT/2/rgb/val/2-08,0.21222179755568504,development,0.1,2.0,0,0,0,bytetrack,8043
95.67316321825757,95.7506296552237,36,0,2,95.68914716653936,98.57943925233646,1,99.53997264702225,8007,0,0,0,0,True,0,0,path_g_full_reassign,rgb,8007,M3OT/2/rgb/val/2-08,0.2129449164494872,development,0.1,2.0,0,0,0,bytetrack,8043
95.67316321825757,95.7506296552237,36,0,2,95.68914716653936,98.57943925233646,1,99.53997264702225,8007,0,0,0,0,True,0,0,cost_h_margin_reassign,rgb,8007,M3OT/2/rgb/val/2-08,0.21293294709175825,development,0.1,4.0,0,0,0,bytetrack,8043
95.67316321825757,95.7506296552237,36,0,2,95.68914716653936,98.57943925233646,1,99.53997264702225,8007,0,0,0,0,True,0,0,cost_h_motion_reassign,rgb,8007,M3OT/2/rgb/val/2-08,0.21192276664078236,development,0.1,4.0,0,0,0,bytetrack,8043
95.67316321825757,95.7506296552237,36,0,2,95.68914716653936,98.57943925233646,1,99.53997264702225,8007,0,0,0,0,True,0,0,cost_h_full_postfilter,rgb,8007,M3OT/2/rgb/val/2-08,0.2998613640666008,development,0.1,4.0,0,0,0,bytetrack,8043
95.67316321825757,95.7506296552237,36,0,2,95.68914716653936,98.57943925233646,1,99.53997264702225,8007,0,0,0,0,True,0,0,cost_h_full_reassign,rgb,8007,M3OT/2/rgb/val/2-08,0.21278640441596508,development,0.1,4.0,0,0,0,bytetrack,8043
95.67316321825757,95.7506296552237,36,0,2,95.68914716653936,98.57943925233646,1,99.53997264702225,8007,0,0,0,0,True,0,0,path_g_full_reassign,rgb,8007,M3OT/2/rgb/val/2-08,0.2130769807845354,development,0.1,4.0,0,0,0,bytetrack,8043
95.67316321825757,95.7506296552237,36,0,2,95.68914716653936,98.57943925233646,1,99.53997264702225,8007,0,0,0,0,True,0,0,cost_h_margin_reassign,rgb,8007,M3OT/2/rgb/val/2-08,0.21395016182214022,development,0.1,8.0,0,0,0,bytetrack,8043
95.67316321825757,95.7506296552237,36,0,2,95.68914716653936,98.57943925233646,1,99.53997264702225,8007,0,0,0,0,True,0,0,cost_h_motion_reassign,rgb,8007,M3OT/2/rgb/val/2-08,0.21387262362986803,development,0.1,8.0,0,0,0,bytetrack,8043
95.67316321825757,95.7506296552237,36,0,2,95.68914716653936,98.57943925233646,1,99.53997264702225,8007,0,0,0,0,True,0,0,cost_h_full_postfilter,rgb,8007,M3OT/2/rgb/val/2-08,0.2134839529171586,development,0.1,8.0,0,0,0,bytetrack,8043
95.67316321825757,95.7506296552237,36,0,2,95.68914716653936,98.57943925233646,1,99.53997264702225,8007,0,0,0,0,True,0,0,cost_h_full_reassign,rgb,8007,M3OT/2/rgb/val/2-08,0.2134193992242217,development,0.1,8.0,0,0,0,bytetrack,8043
95.67316321825757,95.7506296552237,36,0,2,95.68914716653936,98.57943925233646,1,99.53997264702225,8007,0,0,0,0,True,0,0,path_g_full_reassign,rgb,8007,M3OT/2/rgb/val/2-08,0.21211862564086914,development,0.1,8.0,0,0,0,bytetrack,8043
95.67316321825757,95.7506296552237,36,0,2,95.68914716653936,98.57943925233646,1,99.53997264702225,8007,0,0,0,0,True,0,0,cost_h_soft_information,rgb,8007,M3OT/2/rgb/val/2-08,0.2136571817100048,development,N/A,N/A,0,0,0,bytetrack,8043
97.32888435836351,98.63235111276889,110,0,2,97.9784501584312,98.13470205307962,1,98.61991794106677,7933,0,0,0,0,True,0,0,no_refinement,rgb,7933,M3OT/2/rgb/val/2-08,0.0,development,N/A,N/A,0,0,0,ocsort,8043
97.32888435836351,98.63235111276889,110,0,2,97.9784501584312,98.13470205307962,1,98.61991794106677,7933,0,0,0,0,True,0,0,ace_v1,rgb,7933,M3OT/2/rgb/val/2-08,0.20854013320058584,development,N/A,N/A,0,0,0,ocsort,8043
97.32888435836351,98.63235111276889,110,0,2,97.9784501584312,98.13470205307962,1,98.61991794106677,7933,0,0,0,0,True,0,0,cost_r,rgb,7933,M3OT/2/rgb/val/2-08,0.2093695979565382,development,N/A,N/A,0,0,0,ocsort,8043
97.32888435836351,98.63235111276889,110,0,2,97.9784501584312,98.13470205307962,1,98.61991794106677,7933,0,0,0,0,True,0,0,cost_g_legacy,rgb,7933,M3OT/2/rgb/val/2-08,0.2118772892281413,development,N/A,N/A,0,0,0,ocsort,8043
97.32888435836351,98.63235111276889,110,0,2,97.9784501584312,98.13470205307962,1,98.61991794106677,7933,0,0,0,0,True,0,0,cost_h,rgb,7933,M3OT/2/rgb/val/2-08,0.2101137051358819,development,N/A,N/A,0,0,0,ocsort,8043
97.32888435836351,98.63235111276889,110,0,2,97.9784501584312,98.13470205307962,1,98.61991794106677,7933,0,0,0,0,True,0,0,path_g,rgb,7933,M3OT/2/rgb/val/2-08,0.21117322519421577,development,N/A,N/A,0,0,0,ocsort,8043
97.32888435836351,98.63235111276889,110,0,2,97.9784501584312,98.13470205307962,1,98.61991794106677,7933,0,0,0,0,True,0,0,cost_h_margin_reassign,rgb,7933,M3OT/2/rgb/val/2-08,0.21175160445272923,development,0.0,1.0,0,0,0,ocsort,8043
97.32888435836351,98.63235111276889,110,0,2,97.9784501584312,98.13470205307962,1,98.61991794106677,7933,0,0,0,0,True,0,0,cost_h_motion_reassign,rgb,7933,M3OT/2/rgb/val/2-08,0.20984410401433706,development,0.0,1.0,0,0,0,ocsort,8043
97.32888435836351,98.63235111276889,110,0,2,97.9784501584312,98.13470205307962,1,98.61991794106677,7933,0,0,0,0,True,0,0,cost_h_full_postfilter,rgb,7933,M3OT/2/rgb/val/2-08,0.21302160620689392,development,0.0,1.0,0,0,0,ocsort,8043
97.32888435836351,98.63235111276889,110,0,2,97.9784501584312,98.13470205307962,1,98.61991794106677,7933,0,0,0,0,True,0,0,cost_h_full_reassign,rgb,7933,M3OT/2/rgb/val/2-08,0.30229769740253687,development,0.0,1.0,0,0,0,ocsort,8043
97.32888435836351,98.63235111276889,110,0,2,97.9784501584312,98.13470205307962,1,98.61991794106677,7933,0,0,0,0,True,0,0,path_g_full_reassign,rgb,7933,M3OT/2/rgb/val/2-08,0.21155714336782694,development,0.0,1.0,0,0,0,ocsort,8043
97.32888435836351,98.63235111276889,110,0,2,97.9784501584312,98.13470205307962,1,98.61991794106677,7933,0,0,0,0,True,0,0,cost_h_margin_reassign,rgb,7933,M3OT/2/rgb/val/2-08,0.2129890527576208,development,0.0,2.0,0,0,0,ocsort,8043
97.32888435836351,98.63235111276889,110,0,2,97.9784501584312,98.13470205307962,1,98.61991794106677,7933,0,0,0,0,True,0,0,cost_h_motion_reassign,rgb,7933,M3OT/2/rgb/val/2-08,0.21240567602217197,development,0.0,2.0,0,0,0,ocsort,8043
97.32888435836351,98.63235111276889,110,0,2,97.9784501584312,98.13470205307962,1,98.61991794106677,7933,0,0,0,0,True,0,0,cost_h_full_postfilter,rgb,7933,M3OT/2/rgb/val/2-08,0.21381436940282583,development,0.0,2.0,0,0,0,ocsort,8043
97.32888435836351,98.63235111276889,110,0,2,97.9784501584312,98.13470205307962,1,98.61991794106677,7933,0,0,0,0,True,0,0,cost_h_full_reassign,rgb,7933,M3OT/2/rgb/val/2-08,0.21172165032476187,development,0.0,2.0,0,0,0,ocsort,8043
97.32888435836351,98.63235111276889,110,0,2,97.9784501584312,98.13470205307962,1,98.61991794106677,7933,0,0,0,0,True,0,0,path_g_full_reassign,rgb,7933,M3OT/2/rgb/val/2-08,0.2102582585066557,development,0.0,2.0,0,0,0,ocsort,8043
97.32888435836351,98.63235111276889,110,0,2,97.9784501584312,98.13470205307962,1,98.61991794106677,7933,0,0,0,0,True,0,0,cost_h_margin_reassign,rgb,7933,M3OT/2/rgb/val/2-08,0.21238386817276478,development,0.0,4.0,0,0,0,ocsort,8043
97.32888435836351,98.63235111276889,110,0,2,97.9784501584312,98.13470205307962,1,98.61991794106677,7933,0,0,0,0,True,0,0,cost_h_motion_reassign,rgb,7933,M3OT/2/rgb/val/2-08,0.21186393313109875,development,0.0,4.0,0,0,0,ocsort,8043
97.32888435836351,98.63235111276889,110,0,2,97.9784501584312,98.13470205307962,1,98.61991794106677,7933,0,0,0,0,True,0,0,cost_h_full_postfilter,rgb,7933,M3OT/2/rgb/val/2-08,0.30132585763931274,development,0.0,4.0,0,0,0,ocsort,8043
97.32888435836351,98.63235111276889,110,0,2,97.9784501584312,98.13470205307962,1,98.61991794106677,7933,0,0,0,0,True,0,0,cost_h_full_reassign,rgb,7933,M3OT/2/rgb/val/2-08,0.21222467627376318,development,0.0,4.0,0,0,0,ocsort,8043
97.32888435836351,98.63235111276889,110,0,2,97.9784501584312,98.13470205307962,1,98.61991794106677,7933,0,0,0,0,True,0,0,path_g_full_reassign,rgb,7933,M3OT/2/rgb/val/2-08,0.21354726888239384,development,0.0,4.0,0,0,0,ocsort,8043
97.32888435836351,98.63235111276889,110,0,2,97.9784501584312,98.13470205307962,1,98.61991794106677,7933,0,0,0,0,True,0,0,cost_h_margin_reassign,rgb,7933,M3OT/2/rgb/val/2-08,0.21393689885735512,development,0.0,8.0,0,0,0,ocsort,8043
97.32888435836351,98.63235111276889,110,0,2,97.9784501584312,98.13470205307962,1,98.61991794106677,7933,0,0,0,0,True,0,0,cost_h_motion_reassign,rgb,7933,M3OT/2/rgb/val/2-08,0.21279714908450842,development,0.0,8.0,0,0,0,ocsort,8043
97.32888435836351,98.63235111276889,110,0,2,97.9784501584312,98.13470205307962,1,98.61991794106677,7933,0,0,0,0,True,0,0,cost_h_full_postfilter,rgb,7933,M3OT/2/rgb/val/2-08,0.21329708397388458,development,0.0,8.0,0,0,0,ocsort,8043
97.32888435836351,98.63235111276889,110,0,2,97.9784501584312,98.13470205307962,1,98.61991794106677,7933,0,0,0,0,True,0,0,cost_h_full_reassign,rgb,7933,M3OT/2/rgb/val/2-08,0.21295282803475857,development,0.0,8.0,0,0,0,ocsort,8043
97.32888435836351,98.63235111276889,110,0,2,97.9784501584312,98.13470205307962,1,98.61991794106677,7933,0,0,0,0,True,0,0,path_g_full_reassign,rgb,7933,M3OT/2/rgb/val/2-08,0.21392356604337692,development,0.0,8.0,0,0,0,ocsort,8043
97.32888435836351,98.63235111276889,110,0,2,97.9784501584312,98.13470205307962,1,98.61991794106677,7933,0,0,0,0,True,0,0,cost_h_margin_reassign,rgb,7933,M3OT/2/rgb/val/2-08,0.21323601249605417,development,0.05,1.0,0,0,0,ocsort,8043
97.32888435836351,98.63235111276889,110,0,2,97.9784501584312,98.13470205307962,1,98.61991794106677,7933,0,0,0,0,True,0,0,cost_h_motion_reassign,rgb,7933,M3OT/2/rgb/val/2-08,0.21203922200948,development,0.05,1.0,0,0,0,ocsort,8043
97.32888435836351,98.63235111276889,110,0,2,97.9784501584312,98.13470205307962,1,98.61991794106677,7933,0,0,0,0,True,0,0,cost_h_full_postfilter,rgb,7933,M3OT/2/rgb/val/2-08,0.2981567122042179,development,0.05,1.0,0,0,0,ocsort,8043
97.32888435836351,98.63235111276889,110,0,2,97.9784501584312,98.13470205307962,1,98.61991794106677,7933,0,0,0,0,True,0,0,cost_h_full_reassign,rgb,7933,M3OT/2/rgb/val/2-08,0.21207685489207506,development,0.05,1.0,0,0,0,ocsort,8043
97.32888435836351,98.63235111276889,110,0,2,97.9784501584312,98.13470205307962,1,98.61991794106677,7933,0,0,0,0,True,0,0,path_g_full_reassign,rgb,7933,M3OT/2/rgb/val/2-08,0.21341941878199577,development,0.05,1.0,0,0,0,ocsort,8043
97.32888435836351,98.63235111276889,110,0,2,97.9784501584312,98.13470205307962,1,98.61991794106677,7933,0,0,0,0,True,0,0,cost_h_margin_reassign,rgb,7933,M3OT/2/rgb/val/2-08,0.21389921382069588,development,0.05,2.0,0,0,0,ocsort,8043
97.32888435836351,98.63235111276889,110,0,2,97.9784501584312,98.13470205307962,1,98.61991794106677,7933,0,0,0,0,True,0,0,cost_h_motion_reassign,rgb,7933,M3OT/2/rgb/val/2-08,0.2096938705071807,development,0.05,2.0,0,0,0,ocsort,8043
97.32888435836351,98.63235111276889,110,0,2,97.9784501584312,98.13470205307962,1,98.61991794106677,7933,0,0,0,0,True,0,0,cost_h_full_postfilter,rgb,7933,M3OT/2/rgb/val/2-08,0.20763164665549994,development,0.05,2.0,0,0,0,ocsort,8043
97.32888435836351,98.63235111276889,110,0,2,97.9784501584312,98.13470205307962,1,98.61991794106677,7933,0,0,0,0,True,0,0,cost_h_full_reassign,rgb,7933,M3OT/2/rgb/val/2-08,0.21002051699906588,development,0.05,2.0,0,0,0,ocsort,8043
97.32888435836351,98.63235111276889,110,0,2,97.9784501584312,98.13470205307962,1,98.61991794106677,7933,0,0,0,0,True,0,0,path_g_full_reassign,rgb,7933,M3OT/2/rgb/val/2-08,0.20999822299927473,development,0.05,2.0,0,0,0,ocsort,8043
97.32888435836351,98.63235111276889,110,0,2,97.9784501584312,98.13470205307962,1,98.61991794106677,7933,0,0,0,0,True,0,0,cost_h_margin_reassign,rgb,7933,M3OT/2/rgb/val/2-08,0.2124206619337201,development,0.05,4.0,0,0,0,ocsort,8043
97.32888435836351,98.63235111276889,110,0,2,97.9784501584312,98.13470205307962,1,98.61991794106677,7933,0,0,0,0,True,0,0,cost_h_motion_reassign,rgb,7933,M3OT/2/rgb/val/2-08,0.30170166678726673,development,0.05,4.0,0,0,0,ocsort,8043
97.32888435836351,98.63235111276889,110,0,2,97.9784501584312,98.13470205307962,1,98.61991794106677,7933,0,0,0,0,True,0,0,cost_h_full_postfilter,rgb,7933,M3OT/2/rgb/val/2-08,0.21286456007510424,development,0.05,4.0,0,0,0,ocsort,8043
97.32888435836351,98.63235111276889,110,0,2,97.9784501584312,98.13470205307962,1,98.61991794106677,7933,0,0,0,0,True,0,0,cost_h_full_reassign,rgb,7933,M3OT/2/rgb/val/2-08,0.20883852243423462,development,0.05,4.0,0,0,0,ocsort,8043
97.32888435836351,98.63235111276889,110,0,2,97.9784501584312,98.13470205307962,1,98.61991794106677,7933,0,0,0,0,True,0,0,path_g_full_reassign,rgb,7933,M3OT/2/rgb/val/2-08,0.21150544472038746,development,0.05,4.0,0,0,0,ocsort,8043
97.32888435836351,98.63235111276889,110,0,2,97.9784501584312,98.13470205307962,1,98.61991794106677,7933,0,0,0,0,True,0,0,cost_h_margin_reassign,rgb,7933,M3OT/2/rgb/val/2-08,0.20987072587013245,development,0.05,8.0,0,0,0,ocsort,8043
97.32888435836351,98.63235111276889,110,0,2,97.9784501584312,98.13470205307962,1,98.61991794106677,7933,0,0,0,0,True,0,0,cost_h_motion_reassign,rgb,7933,M3OT/2/rgb/val/2-08,0.21295906230807304,development,0.05,8.0,0,0,0,ocsort,8043
97.32888435836351,98.63235111276889,110,0,2,97.9784501584312,98.13470205307962,1,98.61991794106677,7933,0,0,0,0,True,0,0,cost_h_full_postfilter,rgb,7933,M3OT/2/rgb/val/2-08,0.21173424925655127,development,0.05,8.0,0,0,0,ocsort,8043
97.32888435836351,98.63235111276889,110,0,2,97.9784501584312,98.13470205307962,1,98.61991794106677,7933,0,0,0,0,True,0,0,cost_h_full_reassign,rgb,7933,M3OT/2/rgb/val/2-08,0.21320155076682568,development,0.05,8.0,0,0,0,ocsort,8043
97.32888435836351,98.63235111276889,110,0,2,97.9784501584312,98.13470205307962,1,98.61991794106677,7933,0,0,0,0,True,0,0,path_g_full_reassign,rgb,7933,M3OT/2/rgb/val/2-08,0.2128593623638153,development,0.05,8.0,0,0,0,ocsort,8043
97.32888435836351,98.63235111276889,110,0,2,97.9784501584312,98.13470205307962,1,98.61991794106677,7933,0,0,0,0,True,0,0,cost_h_margin_reassign,rgb,7933,M3OT/2/rgb/val/2-08,0.21230382472276688,development,0.1,1.0,0,0,0,ocsort,8043
97.32888435836351,98.63235111276889,110,0,2,97.9784501584312,98.13470205307962,1,98.61991794106677,7933,0,0,0,0,True,0,0,cost_h_motion_reassign,rgb,7933,M3OT/2/rgb/val/2-08,0.30162879824638367,development,0.1,1.0,0,0,0,ocsort,8043
97.32888435836351,98.63235111276889,110,0,2,97.9784501584312,98.13470205307962,1,98.61991794106677,7933,0,0,0,0,True,0,0,cost_h_full_postfilter,rgb,7933,M3OT/2/rgb/val/2-08,0.2144970167428255,development,0.1,1.0,0,0,0,ocsort,8043
97.32888435836351,98.63235111276889,110,0,2,97.9784501584312,98.13470205307962,1,98.61991794106677,7933,0,0,0,0,True,0,0,cost_h_full_reassign,rgb,7933,M3OT/2/rgb/val/2-08,0.21311941277235746,development,0.1,1.0,0,0,0,ocsort,8043
97.32888435836351,98.63235111276889,110,0,2,97.9784501584312,98.13470205307962,1,98.61991794106677,7933,0,0,0,0,True,0,0,path_g_full_reassign,rgb,7933,M3OT/2/rgb/val/2-08,0.21274857874959707,development,0.1,1.0,0,0,0,ocsort,8043
97.32888435836351,98.63235111276889,110,0,2,97.9784501584312,98.13470205307962,1,98.61991794106677,7933,0,0,0,0,True,0,0,cost_h_margin_reassign,rgb,7933,M3OT/2/rgb/val/2-08,0.21278324350714684,development,0.1,2.0,0,0,0,ocsort,8043
97.32888435836351,98.63235111276889,110,0,2,97.9784501584312,98.13470205307962,1,98.61991794106677,7933,0,0,0,0,True,0,0,cost_h_motion_reassign,rgb,7933,M3OT/2/rgb/val/2-08,0.21314824931323528,development,0.1,2.0,0,0,0,ocsort,8043
97.32888435836351,98.63235111276889,110,0,2,97.9784501584312,98.13470205307962,1,98.61991794106677,7933,0,0,0,0,True,0,0,cost_h_full_postfilter,rgb,7933,M3OT/2/rgb/val/2-08,0.21272012405097485,development,0.1,2.0,0,0,0,ocsort,8043
97.32888435836351,98.63235111276889,110,0,2,97.9784501584312,98.13470205307962,1,98.61991794106677,7933,0,0,0,0,True,0,0,cost_h_full_reassign,rgb,7933,M3OT/2/rgb/val/2-08,0.2134488197043538,development,0.1,2.0,0,0,0,ocsort,8043
97.32888435836351,98.63235111276889,110,0,2,97.9784501584312,98.13470205307962,1,98.61991794106677,7933,0,0,0,0,True,0,0,path_g_full_reassign,rgb,7933,M3OT/2/rgb/val/2-08,0.2134059388190508,development,0.1,2.0,0,0,0,ocsort,8043
97.32888435836351,98.63235111276889,110,0,2,97.9784501584312,98.13470205307962,1,98.61991794106677,7933,0,0,0,0,True,0,0,cost_h_margin_reassign,rgb,7933,M3OT/2/rgb/val/2-08,0.3039005110040307,development,0.1,4.0,0,0,0,ocsort,8043
97.32888435836351,98.63235111276889,110,0,2,97.9784501584312,98.13470205307962,1,98.61991794106677,7933,0,0,0,0,True,0,0,cost_h_motion_reassign,rgb,7933,M3OT/2/rgb/val/2-08,0.21362666971981525,development,0.1,4.0,0,0,0,ocsort,8043
97.32888435836351,98.63235111276889,110,0,2,97.9784501584312,98.13470205307962,1,98.61991794106677,7933,0,0,0,0,True,0,0,cost_h_full_postfilter,rgb,7933,M3OT/2/rgb/val/2-08,0.21267233323305845,development,0.1,4.0,0,0,0,ocsort,8043
97.32888435836351,98.63235111276889,110,0,2,97.9784501584312,98.13470205307962,1,98.61991794106677,7933,0,0,0,0,True,0,0,cost_h_full_reassign,rgb,7933,M3OT/2/rgb/val/2-08,0.213251200504601,development,0.1,4.0,0,0,0,ocsort,8043
97.32888435836351,98.63235111276889,110,0,2,97.9784501584312,98.13470205307962,1,98.61991794106677,7933,0,0,0,0,True,0,0,path_g_full_reassign,rgb,7933,M3OT/2/rgb/val/2-08,0.21206360403448343,development,0.1,4.0,0,0,0,ocsort,8043
97.32888435836351,98.63235111276889,110,0,2,97.9784501584312,98.13470205307962,1,98.61991794106677,7933,0,0,0,0,True,0,0,cost_h_margin_reassign,rgb,7933,M3OT/2/rgb/val/2-08,0.21312487963587046,development,0.1,8.0,0,0,0,ocsort,8043
97.32888435836351,98.63235111276889,110,0,2,97.9784501584312,98.13470205307962,1,98.61991794106677,7933,0,0,0,0,True,0,0,cost_h_motion_reassign,rgb,7933,M3OT/2/rgb/val/2-08,0.21260183304548264,development,0.1,8.0,0,0,0,ocsort,8043
97.32888435836351,98.63235111276889,110,0,2,97.9784501584312,98.13470205307962,1,98.61991794106677,7933,0,0,0,0,True,0,0,cost_h_full_postfilter,rgb,7933,M3OT/2/rgb/val/2-08,0.21289405412971973,development,0.1,8.0,0,0,0,ocsort,8043
97.32888435836351,98.63235111276889,110,0,2,97.9784501584312,98.13470205307962,1,98.61991794106677,7933,0,0,0,0,True,0,0,cost_h_full_reassign,rgb,7933,M3OT/2/rgb/val/2-08,0.2118933331221342,development,0.1,8.0,0,0,0,ocsort,8043
97.32888435836351,98.63235111276889,110,0,2,97.9784501584312,98.13470205307962,1,98.61991794106677,7933,0,0,0,0,True,0,0,path_g_full_reassign,rgb,7933,M3OT/2/rgb/val/2-08,0.21237441431730986,development,0.1,8.0,0,0,0,ocsort,8043
97.32888435836351,98.63235111276889,110,0,2,97.9784501584312,98.13470205307962,1,98.61991794106677,7933,0,0,0,0,True,0,0,cost_h_soft_information,rgb,7933,M3OT/2/rgb/val/2-08,0.30317576602101326,development,N/A,N/A,0,0,0,ocsort,8043
87.53887235224622,85.57068608050369,23,1,1,86.41367269631424,98.44961240310077,3,97.92467332820907,1278,0,0,0,0,True,0,0,no_refinement,ir,1279,M3OT/1/ir/test/1-03T,0.0,held_out,N/A,N/A,0,0,0,bytetrack,1301
82.44230742965145,85.57068608050369,23,1,1,83.87844843785868,95.27131782945737,2,98.00153727901613,1278,0,2,3,1,True,0,0,ace_v1,ir,1279,M3OT/1/ir/test/1-03T,0.11768735479563475,held_out,N/A,N/A,0,0,2,bytetrack,1301
83.47914556093346,85.57068608050369,23,1,1,84.40886511708091,95.73643410852713,1,98.07840122982321,1278,1,1,3,1,True,0,0,cost_r,ir,1279,M3OT/1/ir/test/1-03T,0.11524886451661587,held_out,N/A,N/A,0,1,1,bytetrack,1301
83.47914556093346,85.57068608050369,23,1,1,84.40886511708091,95.73643410852713,1,98.07840122982321,1278,1,1,3,1,True,2,0,cost_g_legacy,ir,1279,M3OT/1/ir/test/1-03T,0.11128971166908741,held_out,N/A,N/A,0,1,1,bytetrack,1301
78.52413374093355,85.57068608050369,23,1,1,81.84461567963261,91.62790697674419,2,98.00153727901613,1278,0,3,4,1,True,0,0,cost_h,ir,1279,M3OT/1/ir/test/1-03T,0.11133326217532158,held_out,N/A,N/A,0,0,3,bytetrack,1301
83.47914556093346,85.57068608050369,23,1,1,84.40886511708091,95.73643410852713,1,98.07840122982321,1278,1,1,3,1,True,0,0,path_g,ir,1279,M3OT/1/ir/test/1-03T,0.11584453098475933,held_out,N/A,N/A,0,1,1,bytetrack,1301
83.47914556093346,85.57068608050369,23,1,1,84.40886511708091,95.73643410852713,1,98.07840122982321,1278,1,1,3,1,True,0,0,cost_h_margin_reassign,ir,1279,M3OT/1/ir/test/1-03T,0.11477476358413696,held_out,0.1,4.0,0,1,1,bytetrack,1301
83.47914556093346,85.57068608050369,23,1,1,84.40886511708091,95.73643410852713,1,98.07840122982321,1278,1,1,3,1,True,0,0,cost_h_motion_reassign,ir,1279,M3OT/1/ir/test/1-03T,0.1159973694011569,held_out,0.1,4.0,0,1,1,bytetrack,1301
78.90148596267656,85.57068608050369,23,1,1,82.04037178447898,91.62790697674419,2,98.00153727901613,1278,0,2,3,1,True,0,0,cost_h_full_postfilter,ir,1279,M3OT/1/ir/test/1-03T,0.11647200956940651,held_out,0.1,4.0,0,0,2,bytetrack,1301
83.47914556093346,85.57068608050369,23,1,1,84.40886511708091,95.73643410852713,1,98.07840122982321,1278,1,1,3,1,True,0,0,cost_h_full_reassign,ir,1279,M3OT/1/ir/test/1-03T,0.11636442225426435,held_out,0.1,4.0,0,1,1,bytetrack,1301
83.47914556093346,85.57068608050369,23,1,1,84.40886511708091,95.73643410852713,1,98.07840122982321,1278,1,1,3,1,True,0,0,path_g_full_reassign,ir,1279,M3OT/1/ir/test/1-03T,0.11673447117209435,held_out,0.1,4.0,0,1,1,bytetrack,1301
83.47914556093346,85.57068608050369,23,1,1,84.40886511708091,95.73643410852713,1,98.07840122982321,1278,1,1,3,1,True,0,0,cost_h_soft_information,ir,1279,M3OT/1/ir/test/1-03T,0.11710062809288502,held_out,N/A,N/A,0,1,1,bytetrack,1301
94.61210304191653,95.38816295157568,60,0,0,94.99934053536165,97.1675845790716,2,95.23443504996156,1241,0,0,0,0,True,0,0,no_refinement,ir,1241,M3OT/1/ir/test/1-03T,0.0,held_out,N/A,N/A,0,0,0,ocsort,1301
94.3146838786545,95.38816295157568,60,0,0,94.84990476823604,97.1675845790716,2,95.23443504996156,1241,0,1,1,0,True,0,0,ace_v1,ir,1241,M3OT/1/ir/test/1-03T,0.11460028495639563,held_out,N/A,N/A,0,0,1,ocsort,1301
95.19592923199454,95.38816295157568,60,0,0,95.29199761736639,97.4822974036192,1,95.31129900076863,1241,1,0,1,0,True,0,0,cost_r,ir,1241,M3OT/1/ir/test/1-03T,0.11658804770559072,held_out,N/A,N/A,0,1,0,ocsort,1301
95.19592923199454,95.38816295157568,60,0,0,95.29199761736639,97.4822974036192,1,95.31129900076863,1241,1,0,1,0,True,2,0,cost_g_legacy,ir,1241,M3OT/1/ir/test/1-03T,0.1168009890243411,held_out,N/A,N/A,0,1,0,ocsort,1301
89.96051114347047,95.38816295157568,60,0,0,92.63459340959189,93.62706530291109,2,95.23443504996156,1241,0,2,2,0,True,0,0,cost_h,ir,1241,M3OT/1/ir/test/1-03T,0.11863070819526911,held_out,N/A,N/A,0,0,2,ocsort,1301
95.19592923199454,95.38816295157568,60,0,0,95.29199761736639,97.4822974036192,1,95.31129900076863,1241,1,0,1,0,True,0,0,path_g,ir,1241,M3OT/1/ir/test/1-03T,0.11846084427088499,held_out,N/A,N/A,0,1,0,ocsort,1301
95.19592923199454,95.38816295157568,60,0,0,95.29199761736639,97.4822974036192,1,95.31129900076863,1241,1,0,1,0,True,0,0,cost_h_margin_reassign,ir,1241,M3OT/1/ir/test/1-03T,0.11761655937880278,held_out,0.1,4.0,0,1,0,ocsort,1301
95.19592923199454,95.38816295157568,60,0,0,95.29199761736639,97.4822974036192,1,95.31129900076863,1241,1,0,1,0,True,0,0,cost_h_motion_reassign,ir,1241,M3OT/1/ir/test/1-03T,0.11733462288975716,held_out,0.1,4.0,0,1,0,ocsort,1301
94.61210304191653,95.38816295157568,60,0,0,94.99934053536165,97.1675845790716,2,95.23443504996156,1241,0,0,0,0,True,0,0,cost_h_full_postfilter,ir,1241,M3OT/1/ir/test/1-03T,0.11787905916571617,held_out,0.1,4.0,0,0,0,ocsort,1301
95.19592923199454,95.38816295157568,60,0,0,95.29199761736639,97.4822974036192,1,95.31129900076863,1241,1,0,1,0,True,0,0,cost_h_full_reassign,ir,1241,M3OT/1/ir/test/1-03T,0.11739174835383892,held_out,0.1,4.0,0,1,0,ocsort,1301
95.19592923199454,95.38816295157568,60,0,0,95.29199761736639,97.4822974036192,1,95.31129900076863,1241,1,0,1,0,True,0,0,path_g_full_reassign,ir,1241,M3OT/1/ir/test/1-03T,0.118706488981843,held_out,0.1,4.0,0,1,0,ocsort,1301
89.96051114347047,95.38816295157568,60,0,0,92.63459340959189,93.62706530291109,2,95.23443504996156,1241,0,2,2,0,True,0,0,cost_h_soft_information,ir,1241,M3OT/1/ir/test/1-03T,0.1185101829469204,held_out,N/A,N/A,0,0,2,ocsort,1301
93.80810176939875,91.10168365179175,18,0,0,92.31784105436702,99.3050193050193,0,98.61963190184049,1286,0,0,0,0,True,0,0,no_refinement,rgb,1286,M3OT/1/rgb/test/1-03,0.0,held_out,N/A,N/A,0,0,0,bytetrack,1304
89.14330440788947,91.10168365179175,18,0,0,89.9998378122013,96.06177606177606,0,98.61963190184049,1286,0,1,1,0,True,0,0,ace_v1,rgb,1286,M3OT/1/rgb/test/1-03,0.1173050832003355,held_out,N/A,N/A,0,0,1,bytetrack,1304
89.14330440788947,91.10168365179175,18,0,0,89.9998378122013,96.06177606177606,0,98.61963190184049,1286,0,1,1,0,True,0,0,cost_r,rgb,1286,M3OT/1/rgb/test/1-03,0.11793452594429255,held_out,N/A,N/A,0,0,1,bytetrack,1304
89.14330440788947,91.10168365179175,18,0,0,89.9998378122013,96.06177606177606,0,98.61963190184049,1286,0,1,1,0,True,0,0,cost_g_legacy,rgb,1286,M3OT/1/rgb/test/1-03,0.11692793108522892,held_out,N/A,N/A,0,0,1,bytetrack,1304
89.14330440788947,91.10168365179175,18,0,0,89.9998378122013,96.06177606177606,0,98.61963190184049,1286,0,1,1,0,True,0,0,cost_h,rgb,1286,M3OT/1/rgb/test/1-03,0.11695407424122095,held_out,N/A,N/A,0,0,1,bytetrack,1304
89.14330440788947,91.10168365179175,18,0,0,89.9998378122013,96.06177606177606,0,98.61963190184049,1286,0,1,1,0,True,0,0,path_g,rgb,1286,M3OT/1/rgb/test/1-03,0.11718336399644613,held_out,N/A,N/A,0,0,1,bytetrack,1304
89.14330440788947,91.10168365179175,18,0,0,89.9998378122013,96.06177606177606,0,98.61963190184049,1286,0,1,1,0,True,0,0,cost_h_margin_reassign,rgb,1286,M3OT/1/rgb/test/1-03,0.11728366557508707,held_out,0.1,4.0,0,0,1,bytetrack,1304
89.14330440788947,91.10168365179175,18,0,0,89.9998378122013,96.06177606177606,0,98.61963190184049,1286,0,1,1,0,True,0,0,cost_h_motion_reassign,rgb,1286,M3OT/1/rgb/test/1-03,0.11760428827255964,held_out,0.1,4.0,0,0,1,bytetrack,1304
89.14330440788947,91.10168365179175,18,0,0,89.9998378122013,96.06177606177606,0,98.61963190184049,1286,0,1,1,0,True,0,0,cost_h_full_postfilter,rgb,1286,M3OT/1/rgb/test/1-03,0.11746090743690729,held_out,0.1,4.0,0,0,1,bytetrack,1304
89.14330440788947,91.10168365179175,18,0,0,89.9998378122013,96.06177606177606,0,98.61963190184049,1286,0,1,1,0,True,0,0,cost_h_full_reassign,rgb,1286,M3OT/1/rgb/test/1-03,0.1178475497290492,held_out,0.1,4.0,0,0,1,bytetrack,1304
89.14330440788947,91.10168365179175,18,0,0,89.9998378122013,96.06177606177606,0,98.61963190184049,1286,0,1,1,0,True,0,0,path_g_full_reassign,rgb,1286,M3OT/1/rgb/test/1-03,0.11591526865959167,held_out,0.1,4.0,0,0,1,bytetrack,1304
89.14330440788947,91.10168365179175,18,0,0,89.9998378122013,96.06177606177606,0,98.61963190184049,1286,0,1,1,0,True,0,0,cost_h_soft_information,rgb,1286,M3OT/1/rgb/test/1-03,0.11686362326145172,held_out,N/A,N/A,0,0,1,bytetrack,1304
95.89923456617828,95.85889570552149,54,0,0,95.87906301439654,97.88566953797964,0,95.85889570552148,1250,0,0,0,0,True,0,0,no_refinement,rgb,1250,M3OT/1/rgb/test/1-03,0.0,held_out,N/A,N/A,0,0,0,ocsort,1304
95.89923456617828,95.85889570552149,54,0,0,95.87906301439654,97.88566953797964,0,95.85889570552148,1250,0,0,0,0,True,0,0,ace_v1,rgb,1250,M3OT/1/rgb/test/1-03,0.11400491930544376,held_out,N/A,N/A,0,0,0,ocsort,1304
95.89923456617828,95.85889570552149,54,0,0,95.87906301439654,97.88566953797964,0,95.85889570552148,1250,0,0,0,0,True,0,0,cost_r,rgb,1250,M3OT/1/rgb/test/1-03,0.11764792259782553,held_out,N/A,N/A,0,0,0,ocsort,1304
95.89923456617828,95.85889570552149,54,0,0,95.87906301439654,97.88566953797964,0,95.85889570552148,1250,0,0,0,0,True,0,0,cost_g_legacy,rgb,1250,M3OT/1/rgb/test/1-03,0.11780475825071335,held_out,N/A,N/A,0,0,0,ocsort,1304
95.89923456617828,95.85889570552149,54,0,0,95.87906301439654,97.88566953797964,0,95.85889570552148,1250,0,0,0,0,True,0,0,cost_h,rgb,1250,M3OT/1/rgb/test/1-03,0.11890297569334507,held_out,N/A,N/A,0,0,0,ocsort,1304
95.89923456617828,95.85889570552149,54,0,0,95.87906301439654,97.88566953797964,0,95.85889570552148,1250,0,0,0,0,True,0,0,path_g,rgb,1250,M3OT/1/rgb/test/1-03,0.11905820108950138,held_out,N/A,N/A,0,0,0,ocsort,1304
95.89923456617828,95.85889570552149,54,0,0,95.87906301439654,97.88566953797964,0,95.85889570552148,1250,0,0,0,0,True,0,0,cost_h_margin_reassign,rgb,1250,M3OT/1/rgb/test/1-03,0.11905739083886147,held_out,0.1,4.0,0,0,0,ocsort,1304
95.89923456617828,95.85889570552149,54,0,0,95.87906301439654,97.88566953797964,0,95.85889570552148,1250,0,0,0,0,True,0,0,cost_h_motion_reassign,rgb,1250,M3OT/1/rgb/test/1-03,0.1189556922763586,held_out,0.1,4.0,0,0,0,ocsort,1304
95.89923456617828,95.85889570552149,54,0,0,95.87906301439654,97.88566953797964,0,95.85889570552148,1250,0,0,0,0,True,0,0,cost_h_full_postfilter,rgb,1250,M3OT/1/rgb/test/1-03,0.11722708120942116,held_out,0.1,4.0,0,0,0,ocsort,1304
95.89923456617828,95.85889570552149,54,0,0,95.87906301439654,97.88566953797964,0,95.85889570552148,1250,0,0,0,0,True,0,0,cost_h_full_reassign,rgb,1250,M3OT/1/rgb/test/1-03,0.11789769306778908,held_out,0.1,4.0,0,0,0,ocsort,1304
95.89923456617828,95.85889570552149,54,0,0,95.87906301439654,97.88566953797964,0,95.85889570552148,1250,0,0,0,0,True,0,0,path_g_full_reassign,rgb,1250,M3OT/1/rgb/test/1-03,0.11770288087427616,held_out,0.1,4.0,0,0,0,ocsort,1304
95.89923456617828,95.85889570552149,54,0,0,95.87906301439654,97.88566953797964,0,95.85889570552148,1250,0,0,0,0,True,0,0,cost_h_soft_information,rgb,1250,M3OT/1/rgb/test/1-03,0.11841130070388317,held_out,N/A,N/A,0,0,0,ocsort,1304
78.47979932173271,85.13564116635533,23,0,3,81.64223058831031,90.0650759219089,3,97.76632302405498,1141,0,0,0,0,True,0,0,no_refinement,ir,1141,M3OT/2/ir/test/2-03T,0.0,held_out,N/A,N/A,0,0,0,bytetrack,1164
67.01376991691687,85.13564116635533,23,0,3,75.42892236212398,80.6941431670282,3,97.76632302405498,1141,0,4,4,0,True,0,0,ace_v1,ir,1141,M3OT/2/ir/test/2-03T,0.11044602654874325,held_out,N/A,N/A,0,0,4,bytetrack,1164
67.01376991691687,85.13564116635533,23,0,3,75.42892236212398,80.6941431670282,3,97.76632302405498,1141,0,4,4,0,True,0,0,cost_r,ir,1141,M3OT/2/ir/test/2-03T,0.11067971680313349,held_out,N/A,N/A,0,0,4,bytetrack,1164
67.01376991691687,85.13564116635533,23,0,3,75.42892236212398,80.6941431670282,3,97.76632302405498,1141,0,4,4,0,True,2,0,cost_g_legacy,ir,1141,M3OT/2/ir/test/2-03T,0.11801077518612146,held_out,N/A,N/A,0,0,4,bytetrack,1164
67.01376991691687,85.13564116635533,23,0,3,75.42892236212398,80.6941431670282,3,97.76632302405498,1141,0,4,4,0,True,0,0,cost_h,ir,1141,M3OT/2/ir/test/2-03T,0.11810022871941328,held_out,N/A,N/A,0,0,4,bytetrack,1164
67.01376991691687,85.13564116635533,23,0,3,75.42892236212398,80.6941431670282,3,97.76632302405498,1141,0,4,4,0,True,0,0,path_g,ir,1141,M3OT/2/ir/test/2-03T,0.11708266939967871,held_out,N/A,N/A,0,0,4,bytetrack,1164
67.01376991691687,85.13564116635533,23,0,3,75.42892236212398,80.6941431670282,3,97.76632302405498,1141,0,4,4,0,True,0,0,cost_h_margin_reassign,ir,1141,M3OT/2/ir/test/2-03T,0.11952713783830404,held_out,0.1,4.0,0,0,4,bytetrack,1164
67.01376991691687,85.13564116635533,23,0,3,75.42892236212398,80.6941431670282,3,97.76632302405498,1141,0,4,4,0,True,0,0,cost_h_motion_reassign,ir,1141,M3OT/2/ir/test/2-03T,0.1186716565862298,held_out,0.1,4.0,0,0,4,bytetrack,1164
67.01376991691687,85.13564116635533,23,0,3,75.42892236212398,80.6941431670282,3,97.76632302405498,1141,0,4,4,0,True,0,0,cost_h_full_postfilter,ir,1141,M3OT/2/ir/test/2-03T,0.11916491854935884,held_out,0.1,4.0,0,0,4,bytetrack,1164
67.01376991691687,85.13564116635533,23,0,3,75.42892236212398,80.6941431670282,3,97.76632302405498,1141,0,4,4,0,True,0,0,cost_h_full_reassign,ir,1141,M3OT/2/ir/test/2-03T,0.11721608508378267,held_out,0.1,4.0,0,0,4,bytetrack,1164
67.01376991691687,85.13564116635533,23,0,3,75.42892236212398,80.6941431670282,3,97.76632302405498,1141,0,4,4,0,True,0,0,path_g_full_reassign,ir,1141,M3OT/2/ir/test/2-03T,0.11808997765183449,held_out,0.1,4.0,0,0,4,bytetrack,1164
67.01376991691687,85.13564116635533,23,0,3,75.42892236212398,80.6941431670282,3,97.76632302405498,1141,0,4,4,0,True,0,0,cost_h_soft_information,ir,1141,M3OT/2/ir/test/2-03T,0.11890411842614412,held_out,N/A,N/A,0,0,4,bytetrack,1164
84.78442921071648,94.67353951890031,62,0,4,89.59264484023326,88.70255957634599,3,94.41580756013745,1102,0,0,0,0,True,0,0,no_refinement,ir,1102,M3OT/2/ir/test/2-03T,0.0,held_out,N/A,N/A,0,0,0,ocsort,1164
81.64731217941753,94.67353951890031,62,0,4,87.91950884889019,86.49602824360106,3,94.41580756013745,1102,0,2,2,0,True,0,0,ace_v1,ir,1102,M3OT/2/ir/test/2-03T,0.11243337020277977,held_out,N/A,N/A,0,0,2,ocsort,1164
81.64731217941753,94.67353951890031,62,0,4,87.91950884889019,86.49602824360106,3,94.41580756013745,1102,0,2,2,0,True,0,0,cost_r,ir,1102,M3OT/2/ir/test/2-03T,0.1146653788164258,held_out,N/A,N/A,0,0,2,ocsort,1164
81.64731217941753,94.67353951890031,62,0,4,87.91950884889019,86.49602824360106,3,94.41580756013745,1102,0,2,2,0,True,0,0,cost_g_legacy,ir,1102,M3OT/2/ir/test/2-03T,0.11358700972050428,held_out,N/A,N/A,0,0,2,ocsort,1164
81.64731217941753,94.67353951890031,62,0,4,87.91950884889019,86.49602824360106,3,94.41580756013745,1102,0,2,2,0,True,0,0,cost_h,ir,1102,M3OT/2/ir/test/2-03T,0.11389474850147963,held_out,N/A,N/A,0,0,2,ocsort,1164
81.64731217941753,94.67353951890031,62,0,4,87.91950884889019,86.49602824360106,3,94.41580756013745,1102,0,2,2,0,True,0,0,path_g,ir,1102,M3OT/2/ir/test/2-03T,0.11542868334800005,held_out,N/A,N/A,0,0,2,ocsort,1164
81.64731217941753,94.67353951890031,62,0,4,87.91950884889019,86.49602824360106,3,94.41580756013745,1102,0,2,2,0,True,0,0,cost_h_margin_reassign,ir,1102,M3OT/2/ir/test/2-03T,0.116709740832448,held_out,0.1,4.0,0,0,2,ocsort,1164
81.64731217941753,94.67353951890031,62,0,4,87.91950884889019,86.49602824360106,3,94.41580756013745,1102,0,2,2,0,True,0,0,cost_h_motion_reassign,ir,1102,M3OT/2/ir/test/2-03T,0.12047077436000109,held_out,0.1,4.0,0,0,2,ocsort,1164
81.64731217941753,94.67353951890031,62,0,4,87.91950884889019,86.49602824360106,3,94.41580756013745,1102,0,2,2,0,True,0,0,cost_h_full_postfilter,ir,1102,M3OT/2/ir/test/2-03T,0.11850855685770512,held_out,0.1,4.0,0,0,2,ocsort,1164
81.64731217941753,94.67353951890031,62,0,4,87.91950884889019,86.49602824360106,3,94.41580756013745,1102,0,2,2,0,True,0,0,cost_h_full_reassign,ir,1102,M3OT/2/ir/test/2-03T,0.11966933682560921,held_out,0.1,4.0,0,0,2,ocsort,1164
81.64731217941753,94.67353951890031,62,0,4,87.91950884889019,86.49602824360106,3,94.41580756013745,1102,0,2,2,0,True,0,0,path_g_full_reassign,ir,1102,M3OT/2/ir/test/2-03T,0.11793775949627161,held_out,0.1,4.0,0,0,2,ocsort,1164
81.64731217941753,94.67353951890031,62,0,4,87.91950884889019,86.49602824360106,3,94.41580756013745,1102,0,2,2,0,True,0,0,cost_h_soft_information,ir,1102,M3OT/2/ir/test/2-03T,0.12014547269791365,held_out,N/A,N/A,0,0,2,ocsort,1164
93.90163417070467,91.97510464213116,17,0,0,92.85009044178017,99.2675570874623,0,98.54576561163387,1152,0,0,0,0,True,0,0,no_refinement,rgb,1152,M3OT/2/rgb/test/2-03,0.0,held_out,N/A,N/A,0,0,0,bytetrack,1169
89.36293224612128,91.97510464213116,17,0,0,90.5867848964285,95.8207669108143,0,98.54576561163387,1152,0,1,1,0,True,0,0,ace_v1,rgb,1152,M3OT/2/rgb/test/2-03,0.11807786766439676,held_out,N/A,N/A,0,0,1,bytetrack,1169
89.36293224612128,91.97510464213116,17,0,0,90.5867848964285,95.8207669108143,0,98.54576561163387,1152,0,1,1,0,True,0,0,cost_r,rgb,1152,M3OT/2/rgb/test/2-03,0.11942537501454353,held_out,N/A,N/A,0,0,1,bytetrack,1169
89.36293224612128,91.97510464213116,17,0,0,90.5867848964285,95.8207669108143,0,98.54576561163387,1152,0,1,1,0,True,0,0,cost_g_legacy,rgb,1152,M3OT/2/rgb/test/2-03,0.11921046301722527,held_out,N/A,N/A,0,0,1,bytetrack,1169
89.36293224612128,91.97510464213116,17,0,0,90.5867848964285,95.8207669108143,0,98.54576561163387,1152,0,1,1,0,True,0,0,cost_h,rgb,1152,M3OT/2/rgb/test/2-03,0.12023514602333307,held_out,N/A,N/A,0,0,1,bytetrack,1169
89.36293224612128,91.97510464213116,17,0,0,90.5867848964285,95.8207669108143,0,98.54576561163387,1152,0,1,1,0,True,0,0,path_g,rgb,1152,M3OT/2/rgb/test/2-03,0.11916473507881165,held_out,N/A,N/A,0,0,1,bytetrack,1169
89.36293224612128,91.97510464213116,17,0,0,90.5867848964285,95.8207669108143,0,98.54576561163387,1152,0,1,1,0,True,0,0,cost_h_margin_reassign,rgb,1152,M3OT/2/rgb/test/2-03,0.11882897559553385,held_out,0.1,4.0,0,0,1,bytetrack,1169
89.36293224612128,91.97510464213116,17,0,0,90.5867848964285,95.8207669108143,0,98.54576561163387,1152,0,1,1,0,True,0,0,cost_h_motion_reassign,rgb,1152,M3OT/2/rgb/test/2-03,0.1192454257979989,held_out,0.1,4.0,0,0,1,bytetrack,1169
89.36293224612128,91.97510464213116,17,0,0,90.5867848964285,95.8207669108143,0,98.54576561163387,1152,0,1,1,0,True,0,0,cost_h_full_postfilter,rgb,1152,M3OT/2/rgb/test/2-03,0.11910703592002392,held_out,0.1,4.0,0,0,1,bytetrack,1169
89.36293224612128,91.97510464213116,17,0,0,90.5867848964285,95.8207669108143,0,98.54576561163387,1152,0,1,1,0,True,0,0,cost_h_full_reassign,rgb,1152,M3OT/2/rgb/test/2-03,0.11795327253639698,held_out,0.1,4.0,0,0,1,bytetrack,1169
89.36293224612128,91.97510464213116,17,0,0,90.5867848964285,95.8207669108143,0,98.54576561163387,1152,0,1,1,0,True,0,0,path_g_full_reassign,rgb,1152,M3OT/2/rgb/test/2-03,0.1157687222585082,held_out,0.1,4.0,0,0,1,bytetrack,1169
89.36293224612128,91.97510464213116,17,0,0,90.5867848964285,95.8207669108143,0,98.54576561163387,1152,0,1,1,0,True,0,0,cost_h_soft_information,rgb,1152,M3OT/2/rgb/test/2-03,0.11755217984318733,held_out,N/A,N/A,0,0,1,bytetrack,1169
95.77428452952107,95.7228400342173,50,0,1,95.74855882680927,97.8146853146853,0,95.72284003421728,1119,0,0,0,0,True,0,0,no_refinement,rgb,1119,M3OT/2/rgb/test/2-03,0.0,held_out,N/A,N/A,0,0,0,ocsort,1169
95.77428452952107,95.7228400342173,50,0,1,95.74855882680927,97.8146853146853,0,95.72284003421728,1119,0,0,0,0,True,0,0,ace_v1,rgb,1119,M3OT/2/rgb/test/2-03,0.11668757442384958,held_out,N/A,N/A,0,0,0,ocsort,1169
95.77428452952107,95.7228400342173,50,0,1,95.74855882680927,97.8146853146853,0,95.72284003421728,1119,0,0,0,0,True,0,0,cost_r,rgb,1119,M3OT/2/rgb/test/2-03,0.11524697486311197,held_out,N/A,N/A,0,0,0,ocsort,1169
95.77428452952107,95.7228400342173,50,0,1,95.74855882680927,97.8146853146853,0,95.72284003421728,1119,0,0,0,0,True,0,0,cost_g_legacy,rgb,1119,M3OT/2/rgb/test/2-03,0.1149465087801218,held_out,N/A,N/A,0,0,0,ocsort,1169
95.77428452952107,95.7228400342173,50,0,1,95.74855882680927,97.8146853146853,0,95.72284003421728,1119,0,0,0,0,True,0,0,cost_h,rgb,1119,M3OT/2/rgb/test/2-03,0.11705074366182089,held_out,N/A,N/A,0,0,0,ocsort,1169
95.77428452952107,95.7228400342173,50,0,1,95.74855882680927,97.8146853146853,0,95.72284003421728,1119,0,0,0,0,True,0,0,path_g,rgb,1119,M3OT/2/rgb/test/2-03,0.11604344379156828,held_out,N/A,N/A,0,0,0,ocsort,1169
95.77428452952107,95.7228400342173,50,0,1,95.74855882680927,97.8146853146853,0,95.72284003421728,1119,0,0,0,0,True,0,0,cost_h_margin_reassign,rgb,1119,M3OT/2/rgb/test/2-03,0.11757593043148518,held_out,0.1,4.0,0,0,0,ocsort,1169
95.77428452952107,95.7228400342173,50,0,1,95.74855882680927,97.8146853146853,0,95.72284003421728,1119,0,0,0,0,True,0,0,cost_h_motion_reassign,rgb,1119,M3OT/2/rgb/test/2-03,0.11691596545279026,held_out,0.1,4.0,0,0,0,ocsort,1169
95.77428452952107,95.7228400342173,50,0,1,95.74855882680927,97.8146853146853,0,95.72284003421728,1119,0,0,0,0,True,0,0,cost_h_full_postfilter,rgb,1119,M3OT/2/rgb/test/2-03,0.1170412776991725,held_out,0.1,4.0,0,0,0,ocsort,1169
95.77428452952107,95.7228400342173,50,0,1,95.74855882680927,97.8146853146853,0,95.72284003421728,1119,0,0,0,0,True,0,0,cost_h_full_reassign,rgb,1119,M3OT/2/rgb/test/2-03,0.11715098563581705,held_out,0.1,4.0,0,0,0,ocsort,1169
95.77428452952107,95.7228400342173,50,0,1,95.74855882680927,97.8146853146853,0,95.72284003421728,1119,0,0,0,0,True,0,0,path_g_full_reassign,rgb,1119,M3OT/2/rgb/test/2-03,0.11564334761351347,held_out,0.1,4.0,0,0,0,ocsort,1169
95.77428452952107,95.7228400342173,50,0,1,95.74855882680927,97.8146853146853,0,95.72284003421728,1119,0,0,0,0,True,0,0,cost_h_soft_information,rgb,1119,M3OT/2/rgb/test/2-03,0.11625867430120707,held_out,N/A,N/A,0,0,0,ocsort,1169
