AssA,DetA,FN,FP,Frag,HOTA,IDF1,IDSW,MOTA,TP,family,invalid_class_instances,method,predicted_boxes,sequence,tracker,valid_gt_boxes,valid_output
63.52817869939839,52.80901941169592,402,25,8,57.79093954615798,72.19917012448133,19,64.96465043205028,871,confirmation38,0,geometry_reid_greedy_guard,896,data23-1,bytetrack,1273,True
64.23653677547047,52.822814269190545,402,25,8,58.11990214953317,72.84462886122637,21,64.8075412411626,871,confirmation38,0,no_refinement,896,data23-1,bytetrack,1273,True
64.27812776934276,52.80901941169592,402,25,8,58.13177428007609,73.02904564315352,20,64.88609583660644,871,confirmation38,0,regr_t_reliable_motion_min5,896,data23-1,bytetrack,1273,True
63.52817869939839,52.80901941169592,402,25,8,57.79093954615798,72.19917012448133,19,64.96465043205028,871,confirmation38,0,regr_temporal_risk_05,896,data23-1,bytetrack,1273,True
64.31558036897933,52.80901941169592,402,25,8,58.14906342088243,73.21346242508068,19,64.96465043205028,871,confirmation38,0,regr_v1,896,data23-1,bytetrack,1273,True
81.10885122683683,53.55822242112514,430,21,6,65.41039173293237,78.8020589611605,1,64.49332285938726,843,confirmation38,0,geometry_reid_greedy_guard,864,data23-1,deepocsort,1273,True
81.10885122683683,53.55822242112514,430,21,6,65.41039173293237,78.8020589611605,1,64.49332285938726,843,confirmation38,0,no_refinement,864,data23-1,deepocsort,1273,True
81.10885122683683,53.55822242112514,430,21,6,65.41039173293237,78.8020589611605,1,64.49332285938726,843,confirmation38,0,regr_t_reliable_motion_min5,864,data23-1,deepocsort,1273,True
81.10885122683683,53.55822242112514,430,21,6,65.41039173293237,78.8020589611605,1,64.49332285938726,843,confirmation38,0,regr_temporal_risk_05,864,data23-1,deepocsort,1273,True
81.10885122683683,53.55822242112514,430,21,6,65.41039173293237,78.8020589611605,1,64.49332285938726,843,confirmation38,0,regr_v1,864,data23-1,deepocsort,1273,True
67.26647145605271,52.11687407161468,444,20,23,58.91105822130075,71.44203581526861,25,61.586802827965435,829,confirmation38,0,geometry_reid_greedy_guard,849,data23-1,ocsort,1273,True
67.35116333788825,52.11687407161468,444,20,23,58.94864380414552,71.253534401508,27,61.42969363707776,829,confirmation38,0,no_refinement,849,data23-1,ocsort,1273,True
67.3623529788295,52.11687407161468,444,20,23,58.953736868635346,71.44203581526861,25,61.586802827965435,829,confirmation38,0,regr_t_reliable_motion_min5,849,data23-1,ocsort,1273,True
67.26647145605271,52.11687407161468,444,20,23,58.91105822130075,71.44203581526861,25,61.586802827965435,829,confirmation38,0,regr_temporal_risk_05,849,data23-1,ocsort,1273,True
67.26647145605271,52.11687407161468,444,20,23,58.91105822130075,71.44203581526861,25,61.586802827965435,829,confirmation38,0,regr_v1,849,data23-1,ocsort,1273,True
56.945618646646956,31.407575811814926,6605,357,380,42.04158051232255,46.32100648112848,317,33.78513599563359,4388,confirmation38,0,geometry_reid_greedy_guard,4745,data24-1,bytetrack,10993,True
55.5782485072582,31.407575811814926,6605,357,380,41.50577349365982,43.563349853856906,516,31.97489311379969,4388,confirmation38,0,no_refinement,4745,data24-1,bytetrack,10993,True
56.933019925166874,31.407575811814926,6605,357,380,42.0369608971164,46.32100648112848,317,33.78513599563359,4388,confirmation38,0,regr_t_reliable_motion_min5,4745,data24-1,bytetrack,10993,True
56.933019925166874,31.407575811814926,6605,357,380,42.0369608971164,46.32100648112848,317,33.78513599563359,4388,confirmation38,0,regr_temporal_risk_05,4745,data24-1,bytetrack,10993,True
56.59642862135289,31.407575811814926,6605,357,380,41.90572582347489,45.520396492565766,384,33.17565723642318,4388,confirmation38,0,regr_v1,4745,data24-1,bytetrack,10993,True
66.81557655070752,40.10651058219936,5389,866,262,51.22585284770879,56.908893088243715,107,42.12680796870736,5604,confirmation38,0,geometry_reid_greedy_guard,6470,data24-1,deepocsort,10993,True
65.60226345908536,40.107171061041235,5389,866,262,50.73613616817406,55.00773063047586,155,41.690166469571544,5604,confirmation38,0,no_refinement,6470,data24-1,deepocsort,10993,True
66.79467037992333,40.09882379784763,5389,866,262,51.212405162610565,56.88598751646337,105,42.14500136450469,5604,confirmation38,0,regr_t_reliable_motion_min5,6470,data24-1,deepocsort,10993,True
66.79467037992333,40.09882379784763,5389,866,262,51.212405162610565,56.88598751646337,105,42.14500136450469,5604,confirmation38,0,regr_temporal_risk_05,6470,data24-1,deepocsort,10993,True
66.41320641572062,40.08509089478799,5389,866,262,51.045168565588206,56.244631506613985,124,41.97216410443009,5604,confirmation38,0,regr_v1,6470,data24-1,deepocsort,10993,True
63.202405858180676,28.90734704544033,7414,150,130,42.63464835410771,42.738758320880315,116,30.13736013826981,3579,confirmation38,0,geometry_reid_greedy_guard,3729,data24-1,ocsort,10993,True
62.855762232154355,28.90734704544033,7414,150,130,42.51361970065607,42.11384322782231,145,29.873555899208586,3579,confirmation38,0,no_refinement,3729,data24-1,ocsort,10993,True
63.166333937619825,28.90734704544033,7414,150,130,42.62181699596837,42.69800298872436,118,30.11916674247248,3579,confirmation38,0,regr_t_reliable_motion_min5,3729,data24-1,ocsort,10993,True
63.202405858180676,28.90734704544033,7414,150,130,42.63464835410771,42.738758320880315,116,30.13736013826981,3579,confirmation38,0,regr_temporal_risk_05,3729,data24-1,ocsort,10993,True
63.1958817468527,28.90734704544033,7414,150,130,42.63233141619415,42.6844178780057,121,30.091876648776495,3579,confirmation38,0,regr_v1,3729,data24-1,ocsort,10993,True
27.423566494858083,17.51646749083074,157,25,1,21.903598008492338,22.058823529411764,8,5.9405940594059405,45,confirmation38,0,geometry_reid_greedy_guard,70,data27-1,bytetrack,202,True
17.404495855504447,17.51646749083074,157,25,1,17.434120156310236,12.5,12,3.9603960396039604,45,confirmation38,0,no_refinement,70,data27-1,bytetrack,202,True
17.404495855504447,17.51646749083074,157,25,1,17.434120156310236,12.5,12,3.9603960396039604,45,confirmation38,0,regr_t_reliable_motion_min5,70,data27-1,bytetrack,202,True
27.423566494858083,17.51646749083074,157,25,1,21.903598008492338,22.058823529411764,8,5.9405940594059405,45,confirmation38,0,regr_temporal_risk_05,70,data27-1,bytetrack,202,True
20.458321809137697,17.51646749083074,157,25,1,18.910867887515124,15.441176470588236,11,4.455445544554455,45,confirmation38,0,regr_v1,70,data27-1,bytetrack,202,True
81.45771700554143,26.601974536258073,138,24,0,46.5449685000184,43.44827586206896,1,19.306930693069308,64,confirmation38,0,geometry_reid_greedy_guard,88,data27-1,deepocsort,202,True
81.45771700554143,26.601974536258073,138,24,0,46.5449685000184,43.44827586206896,1,19.306930693069308,64,confirmation38,0,no_refinement,88,data27-1,deepocsort,202,True
81.45771700554143,26.601974536258073,138,24,0,46.5449685000184,43.44827586206896,1,19.306930693069308,64,confirmation38,0,regr_t_reliable_motion_min5,88,data27-1,deepocsort,202,True
81.45771700554143,26.601974536258073,138,24,0,46.5449685000184,43.44827586206896,1,19.306930693069308,64,confirmation38,0,regr_temporal_risk_05,88,data27-1,deepocsort,202,True
81.45771700554143,26.601974536258073,138,24,0,46.5449685000184,43.44827586206896,1,19.306930693069308,64,confirmation38,0,regr_v1,88,data27-1,deepocsort,202,True
18.414697985855533,9.228918144815882,180,24,1,13.029517938978488,12.903225806451612,2,-1.9801980198019802,22,confirmation38,0,geometry_reid_greedy_guard,46,data27-1,ocsort,202,True
15.094392000590256,9.228918144815882,180,24,1,11.798219379822457,9.67741935483871,3,-2.4752475247524752,22,confirmation38,0,no_refinement,46,data27-1,ocsort,202,True
15.094392000590256,9.228918144815882,180,24,1,11.798219379822457,9.67741935483871,3,-2.4752475247524752,22,confirmation38,0,regr_t_reliable_motion_min5,46,data27-1,ocsort,202,True
18.414697985855533,9.228918144815882,180,24,1,13.029517938978488,12.903225806451612,2,-1.9801980198019802,22,confirmation38,0,regr_temporal_risk_05,46,data27-1,ocsort,202,True
18.414697985855533,9.228918144815882,180,24,1,13.029517938978488,12.903225806451612,2,-1.9801980198019802,22,confirmation38,0,regr_v1,46,data27-1,ocsort,202,True
2.9393214920163437,4.63627858389297,874,19,33,3.6397607416401803,5.934718100890208,18,2.3579849946409435,59,confirmation38,0,geometry_reid_greedy_guard,78,data31-1,bytetrack,933,True
1.496381223012066,4.63627858389297,874,19,33,2.553197985111254,3.5608308605341246,33,0.7502679528403001,59,confirmation38,0,no_refinement,78,data31-1,bytetrack,933,True
2.9393214920163437,4.63627858389297,874,19,33,3.6397607416401803,5.934718100890208,18,2.3579849946409435,59,confirmation38,0,regr_t_reliable_motion_min5,78,data31-1,bytetrack,933,True
2.9393214920163437,4.63627858389297,874,19,33,3.6397607416401803,5.934718100890208,18,2.3579849946409435,59,confirmation38,0,regr_temporal_risk_05,78,data31-1,bytetrack,933,True
2.296705108763709,4.63627858389297,874,19,33,3.1953116055422814,4.945598417408506,22,1.929260450160772,59,confirmation38,0,regr_v1,78,data31-1,bytetrack,933,True
42.30999864503476,28.594711585661525,539,94,41,34.77645286067232,51.51301900070373,2,31.939978563772776,394,confirmation38,0,geometry_reid_greedy_guard,488,data31-1,deepocsort,933,True
42.30999864503476,28.594711585661525,539,94,41,34.77645286067232,51.51301900070373,2,31.939978563772776,394,confirmation38,0,no_refinement,488,data31-1,deepocsort,933,True
42.30999864503476,28.594711585661525,539,94,41,34.77645286067232,51.51301900070373,2,31.939978563772776,394,confirmation38,0,regr_t_reliable_motion_min5,488,data31-1,deepocsort,933,True
42.30999864503476,28.594711585661525,539,94,41,34.77645286067232,51.51301900070373,2,31.939978563772776,394,confirmation38,0,regr_temporal_risk_05,488,data31-1,deepocsort,933,True
42.30999864503476,28.594711585661525,539,94,41,34.77645286067232,51.51301900070373,2,31.939978563772776,394,confirmation38,0,regr_v1,488,data31-1,deepocsort,933,True
1.59842132144989,1.8354242282023936,909,7,3,1.6945667462314877,2.6970954356846475,10,0.7502679528403001,24,confirmation38,0,geometry_reid_greedy_guard,31,data31-1,ocsort,933,True
1.2205583483537041,1.8354242282023936,909,7,3,1.4779163126384716,2.2821576763485476,14,0.3215434083601286,24,confirmation38,0,no_refinement,31,data31-1,ocsort,933,True
1.59842132144989,1.8354242282023936,909,7,3,1.6945667462314877,2.6970954356846475,10,0.7502679528403001,24,confirmation38,0,regr_t_reliable_motion_min5,31,data31-1,ocsort,933,True
1.59842132144989,1.8354242282023936,909,7,3,1.6945667462314877,2.6970954356846475,10,0.7502679528403001,24,confirmation38,0,regr_temporal_risk_05,31,data31-1,ocsort,933,True
1.5986210429358876,1.8354242282023936,909,7,3,1.6946801219949097,2.6970954356846475,10,0.7502679528403001,24,confirmation38,0,regr_v1,31,data31-1,ocsort,933,True
15.309706116787435,26.219439856570283,419,20,74,20.01952478962258,29.508196721311474,21,29.98477929984779,238,confirmation38,0,geometry_reid_greedy_guard,258,data33-1,bytetrack,657,True
4.080563430433854,26.219439856570283,419,20,74,10.250143531302486,8.961748633879782,107,16.894977168949772,238,confirmation38,0,no_refinement,258,data33-1,bytetrack,657,True
15.309706116787435,26.219439856570283,419,20,74,20.01952478962258,29.508196721311474,21,29.98477929984779,238,confirmation38,0,regr_t_reliable_motion_min5,258,data33-1,bytetrack,657,True
15.309706116787435,26.219439856570283,419,20,74,20.01952478962258,29.508196721311474,21,29.98477929984779,238,confirmation38,0,regr_temporal_risk_05,258,data33-1,bytetrack,657,True
6.676807225998845,26.219439856570283,419,20,74,13.182077635835935,15.300546448087433,67,22.98325722983257,238,confirmation38,0,regr_v1,258,data33-1,bytetrack,657,True
53.6150650225016,57.62925641470644,143,22,24,55.52145063268913,76.78122380553228,10,73.36377473363774,514,confirmation38,0,geometry_reid_greedy_guard,536,data33-1,deepocsort,657,True
41.01047287245909,57.62925641470644,143,22,24,48.53882242671217,62.531433361274104,17,72.29832572298326,514,confirmation38,0,no_refinement,536,data33-1,deepocsort,657,True
53.6150650225016,57.62925641470644,143,22,24,55.52145063268913,76.78122380553228,10,73.36377473363774,514,confirmation38,0,regr_t_reliable_motion_min5,536,data33-1,deepocsort,657,True
53.6150650225016,57.62925641470644,143,22,24,55.52145063268913,76.78122380553228,10,73.36377473363774,514,confirmation38,0,regr_temporal_risk_05,536,data33-1,deepocsort,657,True
53.6150650225016,57.62925641470644,143,22,24,55.52145063268913,76.78122380553228,10,73.36377473363774,514,confirmation38,0,regr_v1,536,data33-1,deepocsort,657,True
7.532466721865817,8.575161720361907,587,15,17,7.946127026003389,10.242587601078167,16,5.93607305936073,70,confirmation38,0,geometry_reid_greedy_guard,85,data33-1,ocsort,657,True
6.153769032923195,8.575161720361907,587,15,17,7.109396727979778,6.738544474393531,24,4.71841704718417,70,confirmation38,0,no_refinement,85,data33-1,ocsort,657,True
7.532466721865817,8.575161720361907,587,15,17,7.946127026003389,10.242587601078167,16,5.93607305936073,70,confirmation38,0,regr_t_reliable_motion_min5,85,data33-1,ocsort,657,True
7.532466721865817,8.575161720361907,587,15,17,7.946127026003389,10.242587601078167,16,5.93607305936073,70,confirmation38,0,regr_temporal_risk_05,85,data33-1,ocsort,657,True
7.532466721865817,8.575161720361907,587,15,17,7.946127026003389,10.242587601078167,16,5.93607305936073,70,confirmation38,0,regr_v1,85,data33-1,ocsort,657,True
13.364703602143809,19.980701394995133,8591,652,1511,15.625894958720385,14.0041822444712,1893,6.104553119730186,3269,confirmation38,0,geometry_reid_greedy_guard,3921,data34-1,bytetrack,11860,True
7.060323315877161,20.011575462308738,8591,652,1511,11.346245077523317,8.161713452886382,2160,3.853288364249578,3269,confirmation38,0,no_refinement,3921,data34-1,bytetrack,11860,True
8.54556256487908,19.96837338669128,8591,652,1511,12.62958339443172,12.458019136936823,1892,6.112984822934233,3269,confirmation38,0,regr_t_reliable_motion_min5,3921,data34-1,bytetrack,11860,True
13.484722994574948,19.96837338669128,8591,652,1511,15.705596462586469,14.194284265889362,1868,6.315345699831367,3269,confirmation38,0,regr_temporal_risk_05,3921,data34-1,bytetrack,11860,True
9.99764302979748,19.98518116477231,8591,652,1511,13.46017490278934,10.189468348013433,2085,4.485666104553119,3269,confirmation38,0,regr_v1,3921,data34-1,bytetrack,11860,True
47.703762255805145,39.770979317170095,5288,914,562,42.27742513303286,54.543574899203975,144,46.492411467116355,6572,confirmation38,0,geometry_reid_greedy_guard,7486,data34-1,deepocsort,11860,True
46.31864130575587,39.79315951824994,5288,914,562,41.59166566979072,53.08590923188255,199,46.02866779089376,6572,confirmation38,0,no_refinement,7486,data34-1,deepocsort,11860,True
47.54202167546436,39.7805326893162,5288,914,562,42.20206077761861,54.357489920396986,145,46.48397976391231,6572,confirmation38,0,regr_t_reliable_motion_min5,7486,data34-1,deepocsort,11860,True
47.54202167546436,39.7805326893162,5288,914,562,42.20206077761861,54.357489920396986,145,46.48397976391231,6572,confirmation38,0,regr_temporal_risk_05,7486,data34-1,deepocsort,11860,True
47.6407130674603,39.77872137892054,5288,914,562,42.25020417866541,54.42985630104415,158,46.3743676222597,6572,confirmation38,0,regr_v1,7486,data34-1,deepocsort,11860,True
37.66687804005226,3.902525423654575,11318,238,151,11.907251867519147,6.281645569620253,69,1.981450252951096,542,confirmation38,0,geometry_reid_greedy_guard,780,data34-1,ocsort,11860,True
15.966745365053914,3.9006983093595347,11318,238,151,7.737889116158598,3.939873417721519,161,1.205733558178752,542,confirmation38,0,no_refinement,780,data34-1,ocsort,11860,True
37.70392777791628,3.8979757310016594,11318,238,151,11.907255199963618,6.29746835443038,70,1.973018549747049,542,confirmation38,0,regr_t_reliable_motion_min5,780,data34-1,ocsort,11860,True
37.70392777791628,3.8979757310016594,11318,238,151,11.907255199963618,6.29746835443038,70,1.973018549747049,542,confirmation38,0,regr_temporal_risk_05,780,data34-1,ocsort,11860,True
17.895319686313705,3.9029799200216173,11318,238,151,8.199088908600517,4.351265822784811,129,1.475548060708263,542,confirmation38,0,regr_v1,780,data34-1,ocsort,11860,True
78.6650006311989,31.48629170683977,1437,80,47,49.646159268091125,49.953689410311824,42,32.15839860748477,861,confirmation38,0,geometry_reid_greedy_guard,941,data34-2,bytetrack,2298,True
78.20376950148557,31.477082034014263,1437,80,47,49.48847133752266,49.33621488113615,56,31.54917319408181,861,confirmation38,0,no_refinement,941,data34-2,bytetrack,2298,True
78.66439904264432,31.48629170683977,1437,80,47,49.645967582074505,49.953689410311824,42,32.15839860748477,861,confirmation38,0,regr_t_reliable_motion_min5,941,data34-2,bytetrack,2298,True
78.66439904264432,31.48629170683977,1437,80,47,49.645967582074505,49.953689410311824,42,32.15839860748477,861,confirmation38,0,regr_temporal_risk_05,941,data34-2,bytetrack,2298,True
78.52986345157852,31.477082034014263,1437,80,47,49.59453314251878,49.706699598641556,49,31.853785900783286,861,confirmation38,0,regr_v1,941,data34-2,bytetrack,2298,True
79.11712310326105,48.09999429215582,878,133,48,60.61322351419754,72.18904180732278,4,55.831157528285466,1420,confirmation38,0,geometry_reid_greedy_guard,1553,data34-2,deepocsort,2298,True
78.74529367348293,48.0785739319732,878,133,48,60.441414982695576,72.13710724487146,9,55.61357702349869,1420,confirmation38,0,no_refinement,1553,data34-2,deepocsort,2298,True
79.2388286893215,48.0785739319732,878,133,48,60.6515722817352,72.7603219942872,6,55.74412532637075,1420,confirmation38,0,regr_t_reliable_motion_min5,1553,data34-2,deepocsort,2298,True
79.08166405835163,48.09999429215582,878,133,48,60.59749581342429,72.24097636977407,4,55.831157528285466,1420,confirmation38,0,regr_temporal_risk_05,1553,data34-2,deepocsort,2298,True
79.22807094045127,48.09999429215582,878,133,48,60.66090680307883,72.39678005712801,5,55.78764142732812,1420,confirmation38,0,regr_v1,1553,data34-2,deepocsort,2298,True
90.88455966683043,29.776339903072397,1537,65,5,51.981418026329294,48.59154929577465,0,30.287206266318538,761,confirmation38,0,geometry_reid_greedy_guard,826,data34-2,ocsort,2298,True
90.84459846227159,29.776339903072397,1537,65,5,51.969800611122366,48.335467349551855,5,30.069625761531764,761,confirmation38,0,no_refinement,826,data34-2,ocsort,2298,True
90.88455966683043,29.776339903072397,1537,65,5,51.981418026329294,48.59154929577465,0,30.287206266318538,761,confirmation38,0,regr_t_reliable_motion_min5,826,data34-2,ocsort,2298,True
90.88455966683043,29.776339903072397,1537,65,5,51.981418026329294,48.59154929577465,0,30.287206266318538,761,confirmation38,0,regr_temporal_risk_05,826,data34-2,ocsort,2298,True
90.88455966683043,29.776339903072397,1537,65,5,51.981418026329294,48.59154929577465,0,30.287206266318538,761,confirmation38,0,regr_v1,826,data34-2,ocsort,2298,True
18.195793826139468,9.313318362336842,2291,98,121,12.163932297442555,9.60320106702234,127,3.0816640986132513,305,confirmation38,0,geometry_reid_greedy_guard,403,data34-3,bytetrack,2596,True
15.275878732386298,9.313318362336842,2291,98,121,11.150569810942097,8.869623207735913,157,1.9260400616332818,305,confirmation38,0,no_refinement,403,data34-3,bytetrack,2596,True
16.267233043744774,9.313318362336842,2291,98,121,11.521357302448349,9.269756585528508,126,3.1201848998459165,305,confirmation38,0,regr_t_reliable_motion_min5,403,data34-3,bytetrack,2596,True
18.25583673794417,9.313318362336842,2291,98,121,12.18910179696369,9.60320106702234,124,3.1972265023112483,305,confirmation38,0,regr_temporal_risk_05,403,data34-3,bytetrack,2596,True
18.043648767276434,9.313318362336842,2291,98,121,12.095995060997417,9.669889963321108,143,2.465331278890601,305,confirmation38,0,regr_v1,403,data34-3,bytetrack,2596,True
47.5653115700835,30.549278466952472,1480,335,187,35.36175918550768,46.70126019273536,44,28.389830508474578,1116,confirmation38,0,geometry_reid_greedy_guard,1451,data34-3,deepocsort,2596,True
47.48323128663799,30.621511517888482,1480,335,187,35.35558582819046,46.99777613046701,63,27.65793528505393,1116,confirmation38,0,no_refinement,1451,data34-3,deepocsort,2596,True
47.67007580876264,30.583515771711173,1480,335,187,35.427956233178186,46.948356807511736,43,28.42835130970724,1116,confirmation38,0,regr_t_reliable_motion_min5,1451,data34-3,deepocsort,2596,True
47.67007580876264,30.583515771711173,1480,335,187,35.427956233178186,46.948356807511736,43,28.42835130970724,1116,confirmation38,0,regr_temporal_risk_05,1451,data34-3,deepocsort,2596,True
47.24540151709438,30.63708608549206,1480,335,187,35.252810286236546,47.096614776377564,56,27.927580893682592,1116,confirmation38,0,regr_v1,1451,data34-3,deepocsort,2596,True
23.458400440197078,5.683902378624115,2414,55,8,10.54815318751547,10.871867278503352,19,4.160246533127889,182,confirmation38,0,geometry_reid_greedy_guard,237,data34-3,ocsort,2596,True
20.576427602629018,5.683902378624115,2414,55,8,9.601113884417396,7.200847158489234,75,2.0030816640986133,182,confirmation38,0,no_refinement,237,data34-3,ocsort,2596,True
23.41222183373312,5.683902378624115,2414,55,8,10.533526108464653,10.660077656194847,21,4.083204930662557,182,confirmation38,0,regr_t_reliable_motion_min5,237,data34-3,ocsort,2596,True
23.41222183373312,5.683902378624115,2414,55,8,10.533526108464653,10.660077656194847,21,4.083204930662557,182,confirmation38,0,regr_temporal_risk_05,237,data34-3,ocsort,2596,True
20.754050902334008,5.683902378624115,2414,55,8,9.680746701451561,7.765619484645252,65,2.3882896764252695,182,confirmation38,0,regr_v1,237,data34-3,ocsort,2596,True
63.17162648094524,22.96515300999816,13776,805,502,38.00538113863895,37.89845128406195,427,21.987732612537688,5462,confirmation38,0,geometry_reid_greedy_guard,6267,data36-10,bytetrack,19238,True
64.28707751699794,22.96515300999816,13776,805,502,38.33325901190199,38.180748872770046,537,21.415947603701007,5462,confirmation38,0,no_refinement,6267,data36-10,bytetrack,19238,True
64.46944956395104,22.96515300999816,13776,805,502,38.393140093409926,38.30621446775142,429,21.977336521467926,5462,confirmation38,0,regr_t_reliable_motion_min5,6267,data36-10,bytetrack,19238,True
63.1669427236279,22.96515300999816,13776,805,502,38.00392880995209,37.83571848657126,427,21.987732612537688,5462,confirmation38,0,regr_temporal_risk_05,6267,data36-10,bytetrack,19238,True
63.1953618597478,22.96515300999816,13776,805,502,38.008197809161345,38.04744167810233,484,21.691444017049587,5462,confirmation38,0,regr_v1,6267,data36-10,bytetrack,19238,True
69.30623381619625,44.71324766626284,7611,1008,800,54.227226907913405,66.24415649609388,120,54.57428007069341,11627,confirmation38,0,geometry_reid_greedy_guard,12635,data36-10,deepocsort,19238,True
70.77116201592662,44.71004172484923,7611,1008,800,54.80488625652155,67.92583064035391,150,54.41833870464705,11627,confirmation38,0,no_refinement,12635,data36-10,deepocsort,19238,True
70.23600504498444,44.70868989371803,7611,1008,800,54.56827453992299,66.70849935682239,117,54.58987420729806,11627,confirmation38,0,regr_t_reliable_motion_min5,12635,data36-10,deepocsort,19238,True
69.37057567194353,44.70868989371803,7611,1008,800,54.253951199678276,66.3006306278041,117,54.58987420729806,11627,confirmation38,0,regr_temporal_risk_05,12635,data36-10,deepocsort,19238,True
69.44003299475456,44.71175986074511,7611,1008,800,54.291423069791236,66.97204530480344,135,54.49630938767024,11627,confirmation38,0,regr_v1,12635,data36-10,deepocsort,19238,True
82.38120212443813,23.53869634270725,14217,297,57,44.01926742060122,39.65629581365043,45,24.321655057698305,5021,confirmation38,0,geometry_reid_greedy_guard,5318,data36-10,ocsort,19238,True
83.60880090077048,23.541750921685665,14217,297,57,44.348535562533144,39.46896888744095,125,23.905811414907994,5021,confirmation38,0,no_refinement,5318,data36-10,ocsort,19238,True
83.9526108634097,23.53869634270725,14217,297,57,44.4376687226983,40.193842645381984,45,24.321655057698305,5021,confirmation38,0,regr_t_reliable_motion_min5,5318,data36-10,ocsort,19238,True
82.38120212443813,23.53869634270725,14217,297,57,44.01926742060122,39.65629581365043,45,24.321655057698305,5021,confirmation38,0,regr_temporal_risk_05,5318,data36-10,ocsort,19238,True
82.25506646844264,23.54141035369671,14217,297,57,43.98770433291732,39.45267958950969,68,24.20210001039609,5021,confirmation38,0,regr_v1,5318,data36-10,ocsort,19238,True
71.72958252630299,23.03617224775954,6373,349,92,40.565754166650194,40.68777664283282,79,23.463875759621878,2513,confirmation38,0,geometry_reid_greedy_guard,2862,data36-11,bytetrack,8886,True
72.33360659411744,23.037661166314006,6373,349,92,40.73557902703738,40.909090909090914,96,23.27256358316453,2513,confirmation38,0,no_refinement,2862,data36-11,bytetrack,8886,True
72.37931677507177,23.03617224775954,6373,349,92,40.74899050545008,40.97718760640109,80,23.45262210218321,2513,confirmation38,0,regr_t_reliable_motion_min5,2862,data36-11,bytetrack,8886,True
71.63506191120389,23.03617224775954,6373,349,92,40.54166294627727,40.68777664283282,79,23.463875759621878,2513,confirmation38,0,regr_temporal_risk_05,2862,data36-11,bytetrack,8886,True
71.97685716043473,23.037661166314006,6373,349,92,40.634500840149904,40.943139257746,90,23.340085527796532,2513,confirmation38,0,regr_v1,2862,data36-11,bytetrack,8886,True
74.22427132558987,37.82174056556424,4464,603,316,51.72411167200476,60.52763999712458,40,42.52757146072474,4422,confirmation38,0,geometry_reid_greedy_guard,5025,data36-11,deepocsort,8886,True
74.7080777755922,37.84800987440574,4464,603,316,51.93494569903561,61.864711379483865,43,42.493810488408734,4422,confirmation38,0,no_refinement,5025,data36-11,deepocsort,8886,True
74.19566761732513,37.82174056556424,4464,603,316,51.7121303760106,60.441377327294944,40,42.52757146072474,4422,confirmation38,0,regr_t_reliable_motion_min5,5025,data36-11,deepocsort,8886,True
74.19356615752416,37.82174056556424,4464,603,316,51.71158216259579,60.441377327294944,40,42.52757146072474,4422,confirmation38,0,regr_temporal_risk_05,5025,data36-11,deepocsort,8886,True
74.33985910211304,37.815568103560395,4464,603,316,51.76751740858542,60.915822011357925,41,42.51631780328607,4422,confirmation38,0,regr_v1,5025,data36-11,deepocsort,8886,True
80.60285950496629,25.214970532225745,6354,248,26,44.977947656471784,42.70529744556832,36,25.298221922124693,2532,confirmation38,0,geometry_reid_greedy_guard,2780,data36-11,ocsort,8886,True
80.20502844506254,25.22093573946004,6354,248,26,44.866112648426956,41.14520829761701,127,24.274139095205943,2532,confirmation38,0,no_refinement,2780,data36-11,ocsort,8886,True
80.60598452684647,25.214970532225745,6354,248,26,44.978861830019284,42.739585119149666,34,25.320729237002027,2532,confirmation38,0,regr_t_reliable_motion_min5,2780,data36-11,ocsort,8886,True
80.60598452684647,25.214970532225745,6354,248,26,44.978861830019284,42.739585119149666,34,25.320729237002027,2532,confirmation38,0,regr_temporal_risk_05,2780,data36-11,ocsort,8886,True
80.36577314280846,25.21571927616457,6354,248,26,44.90893396975385,41.77953025887193,84,24.758046365068648,2532,confirmation38,0,regr_v1,2780,data36-11,ocsort,8886,True
54.3573671929291,38.693656027502215,1843,565,42,45.80169035449156,52.80373831775701,38,36.45102624058197,2006,confirmation38,0,geometry_reid_greedy_guard,2571,data36-12,bytetrack,3849,True
55.344453711345885,38.693656027502215,1843,565,42,46.2122528578983,52.95950155763239,46,36.243180046765396,2006,confirmation38,0,no_refinement,2571,data36-12,bytetrack,3849,True
54.39811851166375,38.693656027502215,1843,565,42,45.82284153750128,52.80373831775701,38,36.45102624058197,2006,confirmation38,0,regr_t_reliable_motion_min5,2571,data36-12,bytetrack,3849,True
54.39811851166375,38.693656027502215,1843,565,42,45.82284153750128,52.80373831775701,38,36.45102624058197,2006,confirmation38,0,regr_temporal_risk_05,2571,data36-12,bytetrack,3849,True
54.37676510177576,38.693656027502215,1843,565,42,45.807592169160586,52.80373831775701,38,36.45102624058197,2006,confirmation38,0,regr_v1,2571,data36-12,bytetrack,3849,True
79.46617430256372,45.168476681504025,1654,452,42,59.81006758367053,66.7795566502463,4,45.18056638087815,2195,confirmation38,0,geometry_reid_greedy_guard,2647,data36-12,deepocsort,3849,True
79.47719179722256,45.168476681504025,1654,452,42,59.81434241849715,66.8411330049261,4,45.18056638087815,2195,confirmation38,0,no_refinement,2647,data36-12,deepocsort,3849,True
79.47719179722256,45.168476681504025,1654,452,42,59.81434241849715,66.8411330049261,4,45.18056638087815,2195,confirmation38,0,regr_t_reliable_motion_min5,2647,data36-12,deepocsort,3849,True
79.46617430256372,45.168476681504025,1654,452,42,59.81006758367053,66.7795566502463,4,45.18056638087815,2195,confirmation38,0,regr_temporal_risk_05,2647,data36-12,deepocsort,3849,True
79.46617430256372,45.168476681504025,1654,452,42,59.81006758367053,66.7795566502463,4,45.18056638087815,2195,confirmation38,0,regr_v1,2647,data36-12,deepocsort,3849,True
62.490633835909485,41.68970926272785,1850,460,45,50.97399450206562,53.868103994927075,37,39.023122889062094,1999,confirmation38,0,geometry_reid_greedy_guard,2459,data36-12,ocsort,3849,True
62.33181831349863,41.68970926272785,1850,460,45,50.90746826574964,53.519340519974634,45,38.81527669524552,1999,confirmation38,0,no_refinement,2459,data36-12,ocsort,3849,True
62.490633835909485,41.68970926272785,1850,460,45,50.97399450206562,53.868103994927075,37,39.023122889062094,1999,confirmation38,0,regr_t_reliable_motion_min5,2459,data36-12,ocsort,3849,True
62.490633835909485,41.68970926272785,1850,460,45,50.97399450206562,53.868103994927075,37,39.023122889062094,1999,confirmation38,0,regr_temporal_risk_05,2459,data36-12,ocsort,3849,True
62.43517887420793,41.68970926272785,1850,460,45,50.951353842565815,53.804692454026636,38,38.99714211483502,1999,confirmation38,0,regr_v1,2459,data36-12,ocsort,3849,True
66.5205633740383,53.7711084032958,541,99,26,59.771060846681,72.28992944194997,23,62.752808988764045,1239,confirmation38,0,geometry_reid_greedy_guard,1338,data36-13,bytetrack,1780,True
62.19488691733709,53.86335715276621,541,99,26,57.83167497957511,67.60744066709428,37,61.966292134831455,1239,confirmation38,0,no_refinement,1338,data36-13,bytetrack,1780,True
65.12660302915906,53.86335715276621,541,99,26,59.1907850100203,71.19948685054523,27,62.52808988764045,1239,confirmation38,0,regr_t_reliable_motion_min5,1338,data36-13,bytetrack,1780,True
66.5205633740383,53.7711084032958,541,99,26,59.771060846681,72.28992944194997,23,62.752808988764045,1239,confirmation38,0,regr_temporal_risk_05,1338,data36-13,bytetrack,1780,True
64.51071978152885,53.7711084032958,541,99,26,58.85999901630677,70.87876844130852,28,62.47191011235955,1239,confirmation38,0,regr_v1,1338,data36-13,bytetrack,1780,True
84.31844551760021,61.11215803763096,490,98,27,71.63646451279769,80.36616161616162,5,66.68539325842696,1290,confirmation38,0,geometry_reid_greedy_guard,1388,data36-13,deepocsort,1780,True
82.32560521620405,61.11215803763096,490,98,27,70.7784111161654,78.8510101010101,9,66.46067415730337,1290,confirmation38,0,no_refinement,1388,data36-13,deepocsort,1780,True
82.33566346272085,61.11215803763096,490,98,27,70.78284817678382,78.97727272727273,7,66.57303370786516,1290,confirmation38,0,regr_t_reliable_motion_min5,1388,data36-13,deepocsort,1780,True
84.31844551760021,61.11215803763096,490,98,27,71.63646451279769,80.36616161616162,5,66.68539325842696,1290,confirmation38,0,regr_temporal_risk_05,1388,data36-13,deepocsort,1780,True
84.31209552400283,61.11215803763096,490,98,27,71.63368403768143,80.3030303030303,6,66.62921348314606,1290,confirmation38,0,regr_v1,1388,data36-13,deepocsort,1780,True
76.97435237175462,57.29250609830031,595,102,20,66.33088549015652,70.10107597000325,17,59.88764044943821,1185,confirmation38,0,geometry_reid_greedy_guard,1287,data36-13,ocsort,1780,True
75.68135326138518,57.29250609830031,595,102,20,65.76982614653724,69.18813172481252,23,59.55056179775281,1185,confirmation38,0,no_refinement,1287,data36-13,ocsort,1780,True
75.69489599227094,57.29250609830031,595,102,20,65.77585729151092,69.25334202804044,20,59.71910112359551,1185,confirmation38,0,regr_t_reliable_motion_min5,1287,data36-13,ocsort,1780,True
76.97435237175462,57.29250609830031,595,102,20,66.33088549015652,70.10107597000325,17,59.88764044943821,1185,confirmation38,0,regr_temporal_risk_05,1287,data36-13,ocsort,1780,True
75.28010462220755,57.29250609830031,595,102,20,65.59381849524904,69.44897293772416,19,59.7752808988764,1185,confirmation38,0,regr_v1,1287,data36-13,ocsort,1780,True
49.4163438312996,36.20796665191253,6735,805,772,41.92472946301254,48.70599900842836,481,38.53639846743295,6315,confirmation38,0,geometry_reid_greedy_guard,7120,data36-4,bytetrack,13050,True
43.77632039260631,36.22923821010871,6735,805,772,39.393703854971996,41.82449181953396,836,35.81609195402299,6315,confirmation38,0,no_refinement,7120,data36-4,bytetrack,13050,True
49.42372355358021,36.20796665191253,6735,805,772,41.928078192845156,48.666336142786314,460,38.69731800766284,6315,confirmation38,0,regr_t_reliable_motion_min5,7120,data36-4,bytetrack,13050,True
49.42372355358021,36.20796665191253,6735,805,772,41.928078192845156,48.666336142786314,460,38.69731800766284,6315,confirmation38,0,regr_temporal_risk_05,7120,data36-4,bytetrack,13050,True
48.045929482390754,36.21939736785457,6735,805,772,41.31742788460516,45.880019831432826,633,37.371647509578544,6315,confirmation38,0,regr_v1,7120,data36-4,bytetrack,13050,True
72.59133970076824,54.79673966216041,3891,803,427,62.328544393309535,76.04727968016687,41,63.71647509578544,9159,confirmation38,0,geometry_reid_greedy_guard,9962,data36-4,deepocsort,13050,True
71.79749529984699,54.80216784319653,3891,803,427,61.97281181730765,75.36068138362594,66,63.524904214559385,9159,confirmation38,0,no_refinement,9962,data36-4,deepocsort,13050,True
72.33313244718029,54.79673966216041,3891,803,427,62.22367797963248,76.0038240917782,46,63.678160919540225,9159,confirmation38,0,regr_t_reliable_motion_min5,9962,data36-4,deepocsort,13050,True
72.58992116097683,54.79673966216041,3891,803,427,62.32791224394681,76.04727968016687,41,63.71647509578544,9159,confirmation38,0,regr_temporal_risk_05,9962,data36-4,deepocsort,13050,True
72.25345866664395,54.8016511503423,3891,803,427,62.186333535623106,76.05597079784461,49,63.6551724137931,9159,confirmation38,0,regr_v1,9962,data36-4,deepocsort,13050,True
48.18088471637241,33.37522420653036,7975,451,269,39.94246731917352,40.482342807924205,185,34.015325670498086,5075,confirmation38,0,geometry_reid_greedy_guard,5526,data36-4,ocsort,13050,True
47.31436408051006,33.37772051384937,7975,451,269,39.55560945288945,38.296726959517656,320,32.980842911877396,5075,confirmation38,0,no_refinement,5526,data36-4,ocsort,13050,True
47.8102314187698,33.37522420653036,7975,451,269,39.78739392821191,40.32084409991386,188,33.99233716475096,5075,confirmation38,0,regr_t_reliable_motion_min5,5526,data36-4,ocsort,13050,True
48.18325738419375,33.37522420653036,7975,451,269,39.94349312191384,40.482342807924205,184,34.02298850574713,5075,confirmation38,0,regr_temporal_risk_05,5526,data36-4,ocsort,13050,True
47.686257107723804,33.37531524471063,7975,451,269,39.72317117090345,39.66408268733851,234,33.639846743295024,5075,confirmation38,0,regr_v1,5526,data36-4,ocsort,13050,True
67.90694774431655,47.52836257404176,3006,436,328,56.7196922596745,66.9557279780922,236,53.19419699669127,4852,confirmation38,0,geometry_reid_greedy_guard,5288,data36-5,bytetrack,7858,True
65.48585848632003,47.52836257404176,3006,436,328,55.68246892812948,62.969724631066484,367,51.5271061338763,4852,confirmation38,0,no_refinement,5288,data36-5,bytetrack,7858,True
67.80178008603964,47.52836257404176,3006,436,328,56.67627058628524,67.01658299102388,232,53.24510053448714,4852,confirmation38,0,regr_t_reliable_motion_min5,5288,data36-5,bytetrack,7858,True
67.9237202210749,47.52836257404176,3006,436,328,56.72690770022849,67.07743800395558,231,53.25782641893612,4852,confirmation38,0,regr_temporal_risk_05,5288,data36-5,bytetrack,7858,True
67.73697430130075,47.52836257404176,3006,436,328,56.646692332137185,65.72341396622546,301,52.36701450750827,4852,confirmation38,0,regr_v1,5288,data36-5,bytetrack,7858,True
81.57426858577811,62.92043467101559,1667,437,145,71.2458786598238,84.26066547010907,11,73.08475439043013,6191,confirmation38,0,geometry_reid_greedy_guard,6628,data36-5,deepocsort,7858,True
81.2194112226694,62.92043467101559,1667,437,145,71.09244293913606,83.90169819135718,13,73.0593026215322,6191,confirmation38,0,no_refinement,6628,data36-5,deepocsort,7858,True
81.60566069763985,62.92043467101559,1667,437,145,71.25726794354996,84.15021399972386,12,73.07202850598117,6191,confirmation38,0,regr_t_reliable_motion_min5,6628,data36-5,deepocsort,7858,True
81.57426858577811,62.92043467101559,1667,437,145,71.2458786598238,84.26066547010907,11,73.08475439043013,6191,confirmation38,0,regr_temporal_risk_05,6628,data36-5,deepocsort,7858,True
81.53865693942895,62.92043467101559,1667,437,145,71.23030277066951,84.26066547010907,11,73.08475439043013,6191,confirmation38,0,regr_v1,6628,data36-5,deepocsort,7858,True
74.64004336417788,48.35131738484749,3408,317,121,59.96925471283934,64.93465346534654,100,51.323491982692794,4450,confirmation38,0,geometry_reid_greedy_guard,4767,data36-5,ocsort,7858,True
73.62507183642151,48.48175315840429,3408,317,121,59.635557895321035,63.46138613861386,169,50.445405955713916,4450,confirmation38,0,no_refinement,4767,data36-5,ocsort,7858,True
74.4905870391473,48.35131738484749,3408,317,121,59.908948513581116,64.87128712871288,100,51.323491982692794,4450,confirmation38,0,regr_t_reliable_motion_min5,4767,data36-5,ocsort,7858,True
74.64130170521341,48.35131738484749,3408,317,121,59.96977368658557,64.93465346534654,99,51.33621786714176,4450,confirmation38,0,regr_temporal_risk_05,4767,data36-5,ocsort,7858,True
74.69268057876103,48.352294246674624,3408,317,121,59.99111343792713,64.66534653465347,131,50.92898956477475,4450,confirmation38,0,regr_v1,4767,data36-5,ocsort,7858,True
50.75247693462889,46.381416472404716,5850,962,625,48.37039654213611,55.25429437521051,430,49.42737430167598,8470,confirmation38,0,geometry_reid_greedy_guard,9432,data37-1,bytetrack,14320,True
47.459935869035576,46.38216697323927,5850,962,625,46.73536896420227,50.88413607275177,658,47.83519553072625,8470,confirmation38,0,no_refinement,9432,data37-1,bytetrack,14320,True
50.2825768955938,46.38687848349304,5850,962,625,48.14314618808878,54.76591444930953,403,49.615921787709496,8470,confirmation38,0,regr_t_reliable_motion_min5,9432,data37-1,bytetrack,14320,True
50.79049007901099,46.38687848349304,5850,962,625,48.39169698170957,55.32165712361065,399,49.64385474860335,8470,confirmation38,0,regr_temporal_risk_05,9432,data37-1,bytetrack,14320,True
49.904857196945315,46.38272379992402,5850,962,625,47.951502778531676,53.738632536207476,563,48.4986033519553,8470,confirmation38,0,regr_v1,9432,data37-1,bytetrack,14320,True
77.94767390633262,57.29124647281415,4400,729,323,66.44694932888837,76.65505226480836,34,63.94553072625698,9920,confirmation38,0,geometry_reid_greedy_guard,10649,data37-1,deepocsort,14320,True
77.0966807266176,57.27870575679555,4400,729,323,66.06168573275751,75.45356241739756,52,63.81983240223463,9920,confirmation38,0,no_refinement,10649,data37-1,deepocsort,14320,True
78.00327388043804,57.29124647281415,4400,729,323,66.47157990707781,76.73515158796909,35,63.938547486033514,9920,confirmation38,0,regr_t_reliable_motion_min5,10649,data37-1,deepocsort,14320,True
78.00327388043804,57.29124647281415,4400,729,323,66.47157990707781,76.73515158796909,35,63.938547486033514,9920,confirmation38,0,regr_temporal_risk_05,10649,data37-1,deepocsort,14320,True
77.73110865963895,57.283684391731704,4400,729,323,66.345110452297,76.40674436301013,37,63.92458100558659,9920,confirmation38,0,regr_v1,10649,data37-1,deepocsort,14320,True
60.56729420291562,45.14922953788296,6880,621,340,52.17166761237736,55.91349805638711,209,46.159217877094974,7440,confirmation38,0,geometry_reid_greedy_guard,8061,data37-1,ocsort,14320,True
57.95211226132678,45.15949359208021,6880,621,340,51.02484478357056,53.089674277288765,334,45.286312849162016,7440,confirmation38,0,no_refinement,8061,data37-1,ocsort,14320,True
60.08855402694534,45.14922953788296,6880,621,340,51.96247251890483,55.43094589160449,214,46.124301675977655,7440,confirmation38,0,regr_t_reliable_motion_min5,8061,data37-1,ocsort,14320,True
60.551382736884044,45.14922953788296,6880,621,340,52.16468691026756,55.824136544390335,212,46.13826815642458,7440,confirmation38,0,regr_temporal_risk_05,8061,data37-1,ocsort,14320,True
60.418084255160174,45.151377391035545,6880,621,340,52.10604056708862,55.386265135606095,259,45.81005586592179,7440,confirmation38,0,regr_v1,8061,data37-1,ocsort,14320,True
53.9586777553145,61.80773428703979,872,331,118,57.676266770312644,70.53265619463801,84,71.42539964476022,3632,confirmation38,0,geometry_reid_greedy_guard,3963,data37-10,bytetrack,4504,True
54.87048900226091,61.80773428703979,872,331,118,58.16118958711635,68.66658792960907,151,69.93783303730018,3632,confirmation38,0,no_refinement,3963,data37-10,bytetrack,4504,True
53.61851430294307,61.80773428703979,872,331,118,57.49171958668751,70.03661273178221,87,71.35879218472468,3632,confirmation38,0,regr_t_reliable_motion_min5,3963,data37-10,bytetrack,4504,True
53.9586777553145,61.80773428703979,872,331,118,57.676266770312644,70.53265619463801,84,71.42539964476022,3632,confirmation38,0,regr_temporal_risk_05,3963,data37-10,bytetrack,4504,True
53.72896350185482,61.80773428703979,872,331,118,57.55094440046631,68.35951340498406,117,70.69271758436945,3632,confirmation38,0,regr_v1,3963,data37-10,bytetrack,4504,True
79.7469449675406,76.28681768640855,456,153,45,77.3324114436418,87.21424468696152,12,86.21225577264654,4048,confirmation38,0,geometry_reid_greedy_guard,4201,data37-10,deepocsort,4504,True
79.22393147105727,76.28681768640855,456,153,45,77.05114137107142,85.51407237219989,18,86.07904085257549,4048,confirmation38,0,no_refinement,4201,data37-10,deepocsort,4504,True
79.7469449675406,76.28681768640855,456,153,45,77.3324114436418,87.21424468696152,12,86.21225577264654,4048,confirmation38,0,regr_t_reliable_motion_min5,4201,data37-10,deepocsort,4504,True
79.7469449675406,76.28681768640855,456,153,45,77.3324114436418,87.21424468696152,12,86.21225577264654,4048,confirmation38,0,regr_temporal_risk_05,4201,data37-10,deepocsort,4504,True
79.7469449675406,76.28681768640855,456,153,45,77.3324114436418,87.21424468696152,12,86.21225577264654,4048,confirmation38,0,regr_v1,4201,data37-10,deepocsort,4504,True
62.67676698178876,66.64265124321487,1087,169,71,64.44564308450738,67.58961681087763,63,70.71492007104796,3417,confirmation38,0,geometry_reid_greedy_guard,3586,data37-10,ocsort,4504,True
62.17703175653497,66.64265124321487,1087,169,71,64.18528540601037,66.5018541409147,78,70.38188277087033,3417,confirmation38,0,no_refinement,3586,data37-10,ocsort,4504,True
62.67676698178876,66.64265124321487,1087,169,71,64.44564308450738,67.58961681087763,63,70.71492007104796,3417,confirmation38,0,regr_t_reliable_motion_min5,3586,data37-10,ocsort,4504,True
62.67676698178876,66.64265124321487,1087,169,71,64.44564308450738,67.58961681087763,63,70.71492007104796,3417,confirmation38,0,regr_temporal_risk_05,3586,data37-10,ocsort,4504,True
62.65376448772503,66.64265124321487,1087,169,71,64.43367063971941,67.56489493201482,64,70.69271758436945,3417,confirmation38,0,regr_v1,3586,data37-10,ocsort,4504,True
64.85637343581381,60.7925024561165,2468,768,260,62.747584821914906,75.85715739139282,221,67.62805506133533,8211,confirmation38,0,geometry_reid_greedy_guard,8979,data37-11,bytetrack,10679,True
63.34326622976408,60.821539670938485,2468,768,260,62.01285760238924,72.25557025129719,368,66.25152167805975,8211,confirmation38,0,no_refinement,8979,data37-11,bytetrack,10679,True
64.97299623107668,60.7925024561165,2468,768,260,62.804136487359244,75.85715739139282,224,67.5999625433093,8211,confirmation38,0,regr_t_reliable_motion_min5,8979,data37-11,bytetrack,10679,True
64.97482361391822,60.7925024561165,2468,768,260,62.80503374948188,75.85715739139282,224,67.5999625433093,8211,confirmation38,0,regr_temporal_risk_05,8979,data37-11,bytetrack,10679,True
64.75635155892422,60.81163901253844,2468,768,260,62.70503034812877,74.41245294536576,317,66.7290944845023,8211,confirmation38,0,regr_v1,8979,data37-11,bytetrack,10679,True
84.48878743801046,75.73041933206493,1398,367,146,79.80603591125173,89.51640674964332,26,83.22876673845866,9281,confirmation38,0,geometry_reid_greedy_guard,9648,data37-11,deepocsort,10679,True
83.72989255499228,75.73041933206493,1398,367,146,79.42209029033553,87.76504157032518,43,83.0695758029778,9281,confirmation38,0,no_refinement,9648,data37-11,deepocsort,10679,True
85.44434395762005,75.73041933206493,1398,367,146,80.25403440992109,90.0575589117922,27,83.21940256578331,9281,confirmation38,0,regr_t_reliable_motion_min5,9648,data37-11,deepocsort,10679,True
84.48878743801046,75.73041933206493,1398,367,146,79.80603591125173,89.51640674964332,26,83.22876673845866,9281,confirmation38,0,regr_temporal_risk_05,9648,data37-11,deepocsort,10679,True
84.07624385977059,75.73041933206493,1398,367,146,79.60570686888498,89.1130024105869,28,83.21003839310796,9281,confirmation38,0,regr_v1,9648,data37-11,deepocsort,10679,True
70.6811694085628,64.86604856840526,3023,297,164,67.64021552049392,72.58480034349506,112,67.86215937821893,7656,confirmation38,0,geometry_reid_greedy_guard,7953,data37-11,ocsort,10679,True
69.35421762002501,64.86604856840526,3023,297,164,66.99400562752442,70.9424645770717,145,67.55314167993258,7656,confirmation38,0,no_refinement,7953,data37-11,ocsort,10679,True
70.78794197594964,64.86604856840526,3023,297,164,67.69212869643265,72.59553456419064,111,67.87152355089428,7656,confirmation38,0,regr_t_reliable_motion_min5,7953,data37-11,ocsort,10679,True
70.71398306565571,64.86604856840526,3023,297,164,67.65672129846561,72.59553456419064,111,67.87152355089428,7656,confirmation38,0,regr_temporal_risk_05,7953,data37-11,ocsort,10679,True
70.86394546716612,64.86604856840526,3023,297,164,67.72763061320288,72.48819235723487,122,67.7685176514655,7656,confirmation38,0,regr_v1,7953,data37-11,ocsort,10679,True
77.5121350289084,60.349872528197665,463,322,9,68.21090060181847,79.29717341482048,7,61.06194690265486,1571,confirmation38,0,geometry_reid_greedy_guard,1893,data37-12,bytetrack,2034,True
77.85199319139758,60.349872528197665,463,322,9,68.34955422959992,79.04252610134964,9,60.96361848574238,1571,confirmation38,0,no_refinement,1893,data37-12,bytetrack,2034,True
77.5121350289084,60.349872528197665,463,322,9,68.21090060181847,79.29717341482048,7,61.06194690265486,1571,confirmation38,0,regr_t_reliable_motion_min5,1893,data37-12,bytetrack,2034,True
77.5121350289084,60.349872528197665,463,322,9,68.21090060181847,79.29717341482048,7,61.06194690265486,1571,confirmation38,0,regr_temporal_risk_05,1893,data37-12,bytetrack,2034,True
77.5121350289084,60.349872528197665,463,322,9,68.21090060181847,79.29717341482048,7,61.06194690265486,1571,confirmation38,0,regr_v1,1893,data37-12,bytetrack,2034,True
87.54015959693739,74.91058723717593,203,147,18,80.81898708373309,90.62811565304088,1,82.7433628318584,1831,confirmation38,0,geometry_reid_greedy_guard,1978,data37-12,deepocsort,2034,True
87.3186911876156,74.91058723717593,203,147,18,80.71576510897847,90.82751744765703,2,82.69419862340216,1831,confirmation38,0,no_refinement,1978,data37-12,deepocsort,2034,True
87.66920917005416,74.91058723717593,203,147,18,80.88032707571855,91.12662013958126,1,82.7433628318584,1831,confirmation38,0,regr_t_reliable_motion_min5,1978,data37-12,deepocsort,2034,True
87.54015959693739,74.91058723717593,203,147,18,80.81898708373309,90.62811565304088,1,82.7433628318584,1831,confirmation38,0,regr_temporal_risk_05,1978,data37-12,deepocsort,2034,True
87.54015959693739,74.91058723717593,203,147,18,80.81898708373309,90.62811565304088,1,82.7433628318584,1831,confirmation38,0,regr_v1,1978,data37-12,deepocsort,2034,True
88.48991232252229,71.76975956855705,338,151,5,79.6197043988195,87.03942282916775,3,75.81120943952803,1696,confirmation38,0,geometry_reid_greedy_guard,1847,data37-12,ocsort,2034,True
88.40129679228433,71.76975956855705,338,151,5,79.5792399128225,86.62715794898223,10,75.46705998033431,1696,confirmation38,0,no_refinement,1847,data37-12,ocsort,2034,True
88.48991232252229,71.76975956855705,338,151,5,79.6197043988195,87.03942282916775,3,75.81120943952803,1696,confirmation38,0,regr_t_reliable_motion_min5,1847,data37-12,ocsort,2034,True
88.48991232252229,71.76975956855705,338,151,5,79.6197043988195,87.03942282916775,3,75.81120943952803,1696,confirmation38,0,regr_temporal_risk_05,1847,data37-12,ocsort,2034,True
88.49413945736589,71.76975956855705,338,151,5,79.62163486800134,87.03942282916775,3,75.81120943952803,1696,confirmation38,0,regr_v1,1847,data37-12,ocsort,2034,True
40.31466076221084,45.53379011993612,2073,457,382,41.64322140039036,45.143095884687696,597,44.11081322609473,3522,confirmation38,0,geometry_reid_greedy_guard,3979,data37-2,bytetrack,5595,True
40.18260882792482,45.60352231782517,2073,457,382,41.57822435071763,44.286609567578864,652,43.1277926720286,3522,confirmation38,0,no_refinement,3979,data37-2,bytetrack,5595,True
40.24166132635299,45.48149961411275,2073,457,382,41.5860945113551,45.414664716941715,585,44.32529043789097,3522,confirmation38,0,regr_t_reliable_motion_min5,3979,data37-2,bytetrack,5595,True
40.242048258315606,45.48149961411275,2073,457,382,41.58717187808777,45.414664716941715,585,44.32529043789097,3522,confirmation38,0,regr_temporal_risk_05,3979,data37-2,bytetrack,5595,True
39.72647151655042,45.60352231782517,2073,457,382,41.342504717684676,43.82703154376436,624,43.628239499553175,3522,confirmation38,0,regr_v1,3979,data37-2,bytetrack,5595,True
69.32707586576754,58.56163377068001,1360,261,114,62.7244552080777,75.98850460806659,38,70.3485254691689,4235,confirmation38,0,geometry_reid_greedy_guard,4496,data37-2,deepocsort,5595,True
68.63403600377784,58.56312949300055,1360,261,114,62.397873114222236,75.13626003369339,48,70.1697944593387,4235,confirmation38,0,no_refinement,4496,data37-2,deepocsort,5595,True
69.3846948573524,58.56163377068001,1360,261,114,62.75209468349544,75.98850460806659,37,70.36639857015192,4235,confirmation38,0,regr_t_reliable_motion_min5,4496,data37-2,deepocsort,5595,True
69.3846948573524,58.56163377068001,1360,261,114,62.75209468349544,75.98850460806659,37,70.36639857015192,4235,confirmation38,0,regr_temporal_risk_05,4496,data37-2,deepocsort,5595,True
69.39453645691594,58.60986771915846,1360,261,114,62.78228879242283,75.9290456842731,41,70.29490616621985,4235,confirmation38,0,regr_v1,4496,data37-2,deepocsort,5595,True
55.47601313463194,38.47531720487049,2893,270,296,45.302337137085566,48.16155013423602,220,39.535299374441465,2702,confirmation38,0,geometry_reid_greedy_guard,2972,data37-2,ocsort,5595,True
54.68268579593219,38.45633177740261,2893,270,296,44.93120693717279,46.94758958795377,278,38.498659517426276,2702,confirmation38,0,no_refinement,2972,data37-2,ocsort,5595,True
55.4979491228385,38.477966571860414,2893,270,296,45.313641620146434,48.13820473911521,217,39.58891867739053,2702,confirmation38,0,regr_t_reliable_motion_min5,2972,data37-2,ocsort,5595,True
55.4979491228385,38.477966571860414,2893,270,296,45.313641620146434,48.13820473911521,217,39.58891867739053,2702,confirmation38,0,regr_temporal_risk_05,2972,data37-2,ocsort,5595,True
55.10575391833409,38.45633177740261,2893,270,296,45.123549501146876,47.39115209524921,256,38.89186773905273,2702,confirmation38,0,regr_v1,2972,data37-2,ocsort,5595,True
71.52378222567789,28.359725536637214,422,11,9,44.90964714153967,48.24462061155153,8,31.839258114374037,225,confirmation38,0,geometry_reid_greedy_guard,236,data39-1,bytetrack,647,True
71.06105959329136,28.381357301769654,422,11,9,44.77285542978205,47.33861834654587,14,30.911901081916536,225,confirmation38,0,no_refinement,236,data39-1,bytetrack,647,True
71.52378222567789,28.359725536637214,422,11,9,44.90964714153967,48.24462061155153,8,31.839258114374037,225,confirmation38,0,regr_t_reliable_motion_min5,236,data39-1,bytetrack,647,True
71.52378222567789,28.359725536637214,422,11,9,44.90964714153967,48.24462061155153,8,31.839258114374037,225,confirmation38,0,regr_temporal_risk_05,236,data39-1,bytetrack,647,True
71.1928507344876,28.392206260429347,422,11,9,44.824915019063276,47.7916194790487,11,31.375579598145286,225,confirmation38,0,regr_v1,236,data39-1,bytetrack,647,True
71.72083920032655,35.12611586826144,374,10,6,49.8378455797778,57.8494623655914,1,40.49459041731067,273,confirmation38,0,geometry_reid_greedy_guard,283,data39-1,deepocsort,647,True
71.21023882222438,35.12611586826144,374,10,6,49.6515400741643,56.774193548387096,3,40.1854714064915,273,confirmation38,0,no_refinement,283,data39-1,deepocsort,647,True
72.01311032226755,35.12611586826144,374,10,6,49.94426384958916,57.8494623655914,2,40.34003091190108,273,confirmation38,0,regr_t_reliable_motion_min5,283,data39-1,deepocsort,647,True
71.72083920032655,35.12611586826144,374,10,6,49.8378455797778,57.8494623655914,1,40.49459041731067,273,confirmation38,0,regr_temporal_risk_05,283,data39-1,deepocsort,647,True
72.01357269674907,35.12611586826144,374,10,6,49.94351757995767,57.41935483870968,2,40.34003091190108,273,confirmation38,0,regr_v1,283,data39-1,deepocsort,647,True
79.65632428082358,27.121578799302775,447,12,3,46.402576800994886,45.401629802095464,3,28.593508500772796,200,confirmation38,0,geometry_reid_greedy_guard,212,data39-1,ocsort,647,True
79.67905465238798,27.132132882528904,447,12,3,46.418088498238745,45.63445867287544,3,28.593508500772796,200,confirmation38,0,no_refinement,212,data39-1,ocsort,647,True
79.68283444136654,27.121578799302775,447,12,3,46.41061549392183,45.401629802095464,3,28.593508500772796,200,confirmation38,0,regr_t_reliable_motion_min5,212,data39-1,ocsort,647,True
79.68283444136654,27.121578799302775,447,12,3,46.41061549392183,45.401629802095464,3,28.593508500772796,200,confirmation38,0,regr_temporal_risk_05,212,data39-1,ocsort,647,True
79.62423936415574,27.132132882528904,447,12,3,46.40148270348915,45.401629802095464,3,28.593508500772796,200,confirmation38,0,regr_v1,212,data39-1,ocsort,647,True
6.065140678534583,10.51543379461075,394,1,23,7.899295356185069,10.922787193973635,24,9.307359307359308,68,confirmation38,0,geometry_reid_greedy_guard,69,data39-2,bytetrack,462,True
2.828952302539033,10.51543379461075,394,1,23,5.309358985569359,6.779661016949152,43,5.194805194805195,68,confirmation38,0,no_refinement,69,data39-2,bytetrack,462,True
6.065140678534583,10.51543379461075,394,1,23,7.899295356185069,10.922787193973635,24,9.307359307359308,68,confirmation38,0,regr_t_reliable_motion_min5,69,data39-2,bytetrack,462,True
6.065140678534583,10.51543379461075,394,1,23,7.899295356185069,10.922787193973635,24,9.307359307359308,68,confirmation38,0,regr_temporal_risk_05,69,data39-2,bytetrack,462,True
7.095344581497759,10.51543379461075,394,1,23,8.586392418090034,11.67608286252354,25,9.090909090909092,68,confirmation38,0,regr_v1,69,data39-2,bytetrack,462,True
66.84650547276803,64.29456991598005,51,6,10,65.42562034161993,91.92263936291239,1,87.44588744588745,411,confirmation38,0,geometry_reid_greedy_guard,417,data39-2,deepocsort,462,True
66.84650547276803,64.29456991598005,51,6,10,65.42562034161993,91.92263936291239,1,87.44588744588745,411,confirmation38,0,no_refinement,417,data39-2,deepocsort,462,True
66.84650547276803,64.29456991598005,51,6,10,65.42562034161993,91.92263936291239,1,87.44588744588745,411,confirmation38,0,regr_t_reliable_motion_min5,417,data39-2,deepocsort,462,True
66.84650547276803,64.29456991598005,51,6,10,65.42562034161993,91.92263936291239,1,87.44588744588745,411,confirmation38,0,regr_temporal_risk_05,417,data39-2,deepocsort,462,True
66.84650547276803,64.29456991598005,51,6,10,65.42562034161993,91.92263936291239,1,87.44588744588745,411,confirmation38,0,regr_v1,417,data39-2,deepocsort,462,True
13.508807840598951,9.277362729344448,405,0,6,10.877856359367154,18.11175337186898,9,10.38961038961039,57,confirmation38,0,geometry_reid_greedy_guard,57,data39-2,ocsort,462,True
11.959084410681953,9.277362729344448,405,0,6,10.170970086939327,14.258188824662813,17,8.658008658008658,57,confirmation38,0,no_refinement,57,data39-2,ocsort,462,True
13.508807840598951,9.277362729344448,405,0,6,10.877856359367154,18.11175337186898,9,10.38961038961039,57,confirmation38,0,regr_t_reliable_motion_min5,57,data39-2,ocsort,462,True
13.508807840598951,9.277362729344448,405,0,6,10.877856359367154,18.11175337186898,9,10.38961038961039,57,confirmation38,0,regr_temporal_risk_05,57,data39-2,ocsort,462,True
13.508807840598951,9.277362729344448,405,0,6,10.877856359367154,18.11175337186898,9,10.38961038961039,57,confirmation38,0,regr_v1,57,data39-2,ocsort,462,True
7.535706705910071,7.615476874654783,1147,41,57,7.364178439380808,8.635097493036211,47,2.832415420928403,124,confirmation38,0,geometry_reid_greedy_guard,165,data39-3,bytetrack,1271,True
4.51775436012966,7.597379473686917,1147,41,57,5.631913762315674,5.013927576601671,76,0.5507474429583006,124,confirmation38,0,no_refinement,165,data39-3,bytetrack,1271,True
7.535706705910071,7.615476874654783,1147,41,57,7.364178439380808,8.635097493036211,47,2.832415420928403,124,confirmation38,0,regr_t_reliable_motion_min5,165,data39-3,bytetrack,1271,True
7.535706705910071,7.615476874654783,1147,41,57,7.364178439380808,8.635097493036211,47,2.832415420928403,124,confirmation38,0,regr_temporal_risk_05,165,data39-3,bytetrack,1271,True
6.794743671392328,7.597379473686917,1147,41,57,6.963102721260029,7.520891364902507,53,2.3603461841070024,124,confirmation38,0,regr_v1,165,data39-3,bytetrack,1271,True
43.65911198663463,33.948171603737634,673,118,58,38.47509625195673,49.823855057876195,16,36.50668764752164,598,confirmation38,0,geometry_reid_greedy_guard,716,data39-3,deepocsort,1271,True
39.741584329610774,33.948171603737634,673,118,58,36.70899522714762,44.992450931051835,24,35.877261998426434,598,confirmation38,0,no_refinement,716,data39-3,deepocsort,1271,True
43.65911198663463,33.948171603737634,673,118,58,38.47509625195673,49.823855057876195,16,36.50668764752164,598,confirmation38,0,regr_t_reliable_motion_min5,716,data39-3,deepocsort,1271,True
43.65911198663463,33.948171603737634,673,118,58,38.47509625195673,49.823855057876195,16,36.50668764752164,598,confirmation38,0,regr_temporal_risk_05,716,data39-3,deepocsort,1271,True
43.789920092190485,33.948171603737634,673,118,58,38.532132054156605,49.823855057876195,16,36.50668764752164,598,confirmation38,0,regr_v1,716,data39-3,deepocsort,1271,True
3.5014484385227953,2.101146777167176,1237,14,5,2.6846538810328524,4.094010614101592,7,1.0228166797797011,34,confirmation38,0,geometry_reid_greedy_guard,48,data39-3,ocsort,1271,True
1.722854235917749,2.101146777167176,1237,14,5,1.8424042875987356,2.122820318423048,20,0.0,34,confirmation38,0,no_refinement,48,data39-3,ocsort,1271,True
3.5014484385227953,2.101146777167176,1237,14,5,2.6846538810328524,4.094010614101592,7,1.0228166797797011,34,confirmation38,0,regr_t_reliable_motion_min5,48,data39-3,ocsort,1271,True
3.5014484385227953,2.101146777167176,1237,14,5,2.6846538810328524,4.094010614101592,7,1.0228166797797011,34,confirmation38,0,regr_temporal_risk_05,48,data39-3,ocsort,1271,True
3.16185838883822,2.101146777167176,1237,14,5,2.5469407539227222,3.9423805913570886,9,0.865460267505901,34,confirmation38,0,regr_v1,48,data39-3,ocsort,1271,True
49.72658264510305,39.334956936006115,1010,147,102,43.827471621398836,46.777742848160955,83,38.67457962413452,1012,confirmation38,0,geometry_reid_greedy_guard,1159,data39-6,bytetrack,2022,True
48.173320825194885,39.37500950606473,1010,147,102,43.097576151848784,43.256837472492926,125,36.59742828882295,1012,confirmation38,0,no_refinement,1159,data39-6,bytetrack,2022,True
49.73360248232395,39.334956936006115,1010,147,102,43.83100627489351,46.84061615844074,87,38.47675568743818,1012,confirmation38,0,regr_t_reliable_motion_min5,1159,data39-6,bytetrack,2022,True
49.73360248232395,39.334956936006115,1010,147,102,43.83100627489351,46.84061615844074,87,38.47675568743818,1012,confirmation38,0,regr_temporal_risk_05,1159,data39-6,bytetrack,2022,True
48.794297863347694,39.37500950606473,1010,147,102,43.40001412713504,44.70292360892801,104,37.63600395647874,1012,confirmation38,0,regr_v1,1159,data39-6,bytetrack,2022,True
78.21269547845381,53.00848937629867,640,181,51,63.49188897187472,73.13807531380753,5,59.14935707220573,1382,confirmation38,0,geometry_reid_greedy_guard,1563,data39-6,deepocsort,2022,True
76.41718523346135,53.012717446096715,640,181,51,62.67866037894604,71.46443514644352,10,58.902077151335305,1382,confirmation38,0,no_refinement,1563,data39-6,deepocsort,2022,True
76.92395458458236,52.97487399491826,640,181,51,62.89227551481428,71.63179916317992,8,59.00098911968348,1382,confirmation38,0,regr_t_reliable_motion_min5,1563,data39-6,deepocsort,2022,True
78.21269547845381,53.00848937629867,640,181,51,63.49188897187472,73.13807531380753,5,59.14935707220573,1382,confirmation38,0,regr_temporal_risk_05,1563,data39-6,deepocsort,2022,True
78.21269547845381,53.00848937629867,640,181,51,63.49188897187472,73.13807531380753,5,59.14935707220573,1382,confirmation38,0,regr_v1,1563,data39-6,deepocsort,2022,True
60.25970935823533,38.40897324531649,1120,94,32,47.84641285087049,47.58117958913188,34,38.27893175074184,902,confirmation38,0,geometry_reid_greedy_guard,996,data39-6,ocsort,2022,True
59.74378791053471,38.41618738826154,1120,94,32,47.63368445770958,46.38833664678595,49,37.53709198813057,902,confirmation38,0,no_refinement,996,data39-6,ocsort,2022,True
60.300206703470806,38.401779723147925,1120,94,32,47.858041488679106,47.514910536779325,36,38.18001978239367,902,confirmation38,0,regr_t_reliable_motion_min5,996,data39-6,ocsort,2022,True
60.23944083310353,38.401779723147925,1120,94,32,47.83371070077108,47.514910536779325,36,38.18001978239367,902,confirmation38,0,regr_temporal_risk_05,996,data39-6,ocsort,2022,True
59.862062091254586,38.39088591540401,1120,94,32,47.67031187197337,46.98475811795891,39,38.031651829871414,902,confirmation38,0,regr_v1,996,data39-6,ocsort,2022,True
56.53429903376674,21.340470925785326,451,66,8,34.656307362994866,37.6878612716763,10,15.68,174,confirmation38,0,geometry_reid_greedy_guard,240,data40-3,bytetrack,625,True
54.54682297361996,21.340470925785326,451,66,8,34.02440239083943,35.83815028901734,16,14.719999999999999,174,confirmation38,0,no_refinement,240,data40-3,bytetrack,625,True
56.377759568583755,21.340470925785326,451,66,8,34.61386885121826,37.6878612716763,10,15.68,174,confirmation38,0,regr_t_reliable_motion_min5,240,data40-3,bytetrack,625,True
56.53429903376674,21.340470925785326,451,66,8,34.656307362994866,37.6878612716763,10,15.68,174,confirmation38,0,regr_temporal_risk_05,240,data40-3,bytetrack,625,True
55.839098936988854,21.340470925785326,451,66,8,34.43594420173709,37.22543352601156,13,15.2,174,confirmation38,0,regr_v1,240,data40-3,bytetrack,625,True
56.77199921866618,27.866075865729183,401,43,15,39.68495160557809,45.73991031390135,9,27.52,224,confirmation38,0,geometry_reid_greedy_guard,267,data40-3,deepocsort,625,True
53.24437003231539,27.866075865729183,401,43,15,38.38746215685539,42.152466367713004,23,25.28,224,confirmation38,0,no_refinement,267,data40-3,deepocsort,625,True
56.77199921866618,27.866075865729183,401,43,15,39.68495160557809,45.73991031390135,9,27.52,224,confirmation38,0,regr_t_reliable_motion_min5,267,data40-3,deepocsort,625,True
56.77199921866618,27.866075865729183,401,43,15,39.68495160557809,45.73991031390135,9,27.52,224,confirmation38,0,regr_temporal_risk_05,267,data40-3,deepocsort,625,True
56.62203783148264,27.866075865729183,401,43,15,39.63146482032929,45.51569506726457,13,26.88,224,confirmation38,0,regr_v1,267,data40-3,deepocsort,625,True
57.836340850540026,20.49361861601911,460,51,5,34.34332433061684,37.33650416171225,4,17.599999999999998,165,confirmation38,0,geometry_reid_greedy_guard,216,data40-3,ocsort,625,True
55.02445345397384,20.49361861601911,460,51,5,33.48149512207399,32.342449464922716,26,14.08,165,confirmation38,0,no_refinement,216,data40-3,ocsort,625,True
57.836340850540026,20.49361861601911,460,51,5,34.34332433061684,37.33650416171225,4,17.599999999999998,165,confirmation38,0,regr_t_reliable_motion_min5,216,data40-3,ocsort,625,True
57.836340850540026,20.49361861601911,460,51,5,34.34332433061684,37.33650416171225,4,17.599999999999998,165,confirmation38,0,regr_temporal_risk_05,216,data40-3,ocsort,625,True
57.72775422002483,20.49361861601911,460,51,5,34.309769057997656,36.385255648038054,8,16.96,165,confirmation38,0,regr_v1,216,data40-3,ocsort,625,True
23.272140366293534,2.1903118218370645,2678,26,14,6.326645917026391,3.9215686274509802,17,1.1982570806100217,76,confirmation38,0,geometry_reid_greedy_guard,102,data40-4,bytetrack,2754,True
22.929378226411263,2.1903118218370645,2678,26,14,6.252706094074342,3.8515406162464987,18,1.1619462599854757,76,confirmation38,0,no_refinement,102,data40-4,bytetrack,2754,True
23.272140366293534,2.1903118218370645,2678,26,14,6.326645917026391,3.9215686274509802,17,1.1982570806100217,76,confirmation38,0,regr_t_reliable_motion_min5,102,data40-4,bytetrack,2754,True
23.272140366293534,2.1903118218370645,2678,26,14,6.326645917026391,3.9215686274509802,17,1.1982570806100217,76,confirmation38,0,regr_temporal_risk_05,102,data40-4,bytetrack,2754,True
22.929560289617555,2.1903118218370645,2678,26,14,6.254154978299392,3.9215686274509802,17,1.1982570806100217,76,confirmation38,0,regr_v1,102,data40-4,bytetrack,2754,True
40.80027397384398,12.486522579520043,2260,69,62,21.35647998581892,28.519746759119684,6,15.214233841684822,494,confirmation38,0,geometry_reid_greedy_guard,563,data40-4,deepocsort,2754,True
41.08150524461471,12.499976035892088,2260,69,62,21.45069784586969,28.58004220681338,9,15.105301379811184,494,confirmation38,0,no_refinement,563,data40-4,deepocsort,2754,True
40.80027397384398,12.486522579520043,2260,69,62,21.35647998581892,28.519746759119684,6,15.214233841684822,494,confirmation38,0,regr_t_reliable_motion_min5,563,data40-4,deepocsort,2754,True
40.80027397384398,12.486522579520043,2260,69,62,21.35647998581892,28.519746759119684,6,15.214233841684822,494,confirmation38,0,regr_temporal_risk_05,563,data40-4,deepocsort,2754,True
40.90734016336112,12.486522579520043,2260,69,62,21.38864218313429,28.640337654507086,6,15.214233841684822,494,confirmation38,0,regr_v1,563,data40-4,deepocsort,2754,True
25.056596004581273,2.8544706366362105,2645,39,3,7.7395698807369895,6.202618883528601,26,1.597676107480029,109,confirmation38,0,geometry_reid_greedy_guard,148,data40-4,ocsort,2754,True
17.170302144745715,2.8544706366362105,2645,39,3,5.926864196651901,3.5837353549276365,57,0.4720406681190995,109,confirmation38,0,no_refinement,148,data40-4,ocsort,2754,True
25.056596004581273,2.8544706366362105,2645,39,3,7.7395698807369895,6.202618883528601,26,1.597676107480029,109,confirmation38,0,regr_t_reliable_motion_min5,148,data40-4,ocsort,2754,True
25.056596004581273,2.8544706366362105,2645,39,3,7.7395698807369895,6.202618883528601,26,1.597676107480029,109,confirmation38,0,regr_temporal_risk_05,148,data40-4,ocsort,2754,True
22.1101037486403,2.8544706366362105,2645,39,3,7.122546735592043,5.444521019986216,31,1.4161220043572984,109,confirmation38,0,regr_v1,148,data40-4,ocsort,2754,True
65.41060175055226,46.501876376556275,1470,214,54,55.12130975477765,66.914749661705,55,51.47879464285714,2114,confirmation38,0,geometry_reid_greedy_guard,2328,data40-5,bytetrack,3584,True
57.58864384389392,46.368400613878585,1470,214,54,51.63045723536265,60.18267929634641,84,50.66964285714286,2114,confirmation38,0,no_refinement,2328,data40-5,bytetrack,3584,True
63.7785576732753,46.501876376556275,1470,214,54,54.42456360470148,65.59539918809202,56,51.45089285714286,2114,confirmation38,0,regr_t_reliable_motion_min5,2328,data40-5,bytetrack,3584,True
65.41060175055226,46.501876376556275,1470,214,54,55.12130975477765,66.914749661705,55,51.47879464285714,2114,confirmation38,0,regr_temporal_risk_05,2328,data40-5,bytetrack,3584,True
64.01673384070088,46.501876376556275,1470,214,54,54.529998907206476,65.76454668470907,60,51.33928571428571,2114,confirmation38,0,regr_v1,2328,data40-5,bytetrack,3584,True
79.16622605610986,58.869412967454146,957,203,88,67.87997909762667,78.67165575304023,19,67.10379464285714,2627,confirmation38,0,geometry_reid_greedy_guard,2830,data40-5,deepocsort,3584,True
76.03018484686613,58.869412967454146,957,203,88,66.4625748710308,75.08574992204554,30,66.796875,2627,confirmation38,0,no_refinement,2830,data40-5,deepocsort,3584,True
77.61306230279166,58.869412967454146,957,203,88,67.1999314469425,77.39320236981602,20,67.07589285714286,2627,confirmation38,0,regr_t_reliable_motion_min5,2830,data40-5,deepocsort,3584,True
79.16622605610986,58.869412967454146,957,203,88,67.87997909762667,78.67165575304023,19,67.10379464285714,2627,confirmation38,0,regr_temporal_risk_05,2830,data40-5,deepocsort,3584,True
79.15125460437051,58.869412967454146,957,203,88,67.87316041293205,78.6404739632055,20,67.07589285714286,2627,confirmation38,0,regr_v1,2830,data40-5,deepocsort,3584,True
67.32815272273038,49.599545923002324,1546,82,49,57.65934490503675,64.20056100981768,39,53.48772321428571,2038,confirmation38,0,geometry_reid_greedy_guard,2120,data40-5,ocsort,3584,True
56.678904581594566,49.599545923002324,1546,82,49,52.90669088511076,56.34642356241234,52,53.125,2038,confirmation38,0,no_refinement,2120,data40-5,ocsort,3584,True
65.4952233123128,49.599545923002324,1546,82,49,56.8602208042577,62.86816269284713,40,53.45982142857143,2038,confirmation38,0,regr_t_reliable_motion_min5,2120,data40-5,ocsort,3584,True
67.32815272273038,49.599545923002324,1546,82,49,57.65934490503675,64.20056100981768,39,53.48772321428571,2038,confirmation38,0,regr_temporal_risk_05,2120,data40-5,ocsort,3584,True
67.58848958888585,49.599545923002324,1546,82,49,57.7705249056644,64.23562412342217,42,53.40401785714286,2038,confirmation38,0,regr_v1,2120,data40-5,ocsort,3584,True
37.952420039150056,25.40520743210724,237,31,16,30.920720945145725,37.69230769230769,22,20.110192837465565,126,confirmation38,0,geometry_reid_greedy_guard,157,data41-1,bytetrack,363,True
37.97853351637682,25.40520743210724,237,31,16,30.9274756137704,37.69230769230769,22,20.110192837465565,126,confirmation38,0,no_refinement,157,data41-1,bytetrack,363,True
37.952420039150056,25.40520743210724,237,31,16,30.920720945145725,37.69230769230769,22,20.110192837465565,126,confirmation38,0,regr_t_reliable_motion_min5,157,data41-1,bytetrack,363,True
37.952420039150056,25.40520743210724,237,31,16,30.920720945145725,37.69230769230769,22,20.110192837465565,126,confirmation38,0,regr_temporal_risk_05,157,data41-1,bytetrack,363,True
37.952420039150056,25.40520743210724,237,31,16,30.920720945145725,37.69230769230769,22,20.110192837465565,126,confirmation38,0,regr_v1,157,data41-1,bytetrack,363,True
74.24000845477113,27.78916541717711,232,75,1,45.41981642715881,45.342706502636204,1,15.151515151515152,131,confirmation38,0,geometry_reid_greedy_guard,206,data41-1,deepocsort,363,True
72.7558363841511,27.78916541717711,232,75,1,44.96229511007424,43.23374340949033,8,13.223140495867769,131,confirmation38,0,no_refinement,206,data41-1,deepocsort,363,True
74.24000845477113,27.78916541717711,232,75,1,45.41981642715881,45.342706502636204,1,15.151515151515152,131,confirmation38,0,regr_t_reliable_motion_min5,206,data41-1,deepocsort,363,True
74.24000845477113,27.78916541717711,232,75,1,45.41981642715881,45.342706502636204,1,15.151515151515152,131,confirmation38,0,regr_temporal_risk_05,206,data41-1,deepocsort,363,True
74.24000845477113,27.78916541717711,232,75,1,45.41981642715881,45.342706502636204,1,15.151515151515152,131,confirmation38,0,regr_v1,206,data41-1,deepocsort,363,True
47.057529173116635,26.989550552116455,255,9,7,35.62057377569264,36.666666666666664,5,25.895316804407713,108,confirmation38,0,geometry_reid_greedy_guard,117,data41-1,ocsort,363,True
46.422929140616276,26.989550552116455,255,9,7,35.377310392071834,35.833333333333336,13,23.69146005509642,108,confirmation38,0,no_refinement,117,data41-1,ocsort,363,True
47.057529173116635,26.989550552116455,255,9,7,35.62057377569264,36.666666666666664,5,25.895316804407713,108,confirmation38,0,regr_t_reliable_motion_min5,117,data41-1,ocsort,363,True
47.057529173116635,26.989550552116455,255,9,7,35.62057377569264,36.666666666666664,5,25.895316804407713,108,confirmation38,0,regr_temporal_risk_05,117,data41-1,ocsort,363,True
48.37686055606927,26.989550552116455,255,9,7,36.11595137172308,37.916666666666664,5,25.895316804407713,108,confirmation38,0,regr_v1,117,data41-1,ocsort,363,True
53.55169687835997,45.64805177272855,2396,841,158,49.240254566153205,59.31070405417137,203,47.37647238794554,4141,confirmation38,0,geometry_reid_greedy_guard,4982,data42-1,bytetrack,6537,True
51.962829663212176,45.68945848070155,2396,841,158,48.50630533047934,57.244552478513754,234,46.90224873795319,4141,confirmation38,0,no_refinement,4982,data42-1,bytetrack,6537,True
53.55169687835997,45.64805177272855,2396,841,158,49.240254566153205,59.31070405417137,203,47.37647238794554,4141,confirmation38,0,regr_t_reliable_motion_min5,4982,data42-1,bytetrack,6537,True
53.55169687835997,45.64805177272855,2396,841,158,49.240254566153205,59.31070405417137,203,47.37647238794554,4141,confirmation38,0,regr_temporal_risk_05,4982,data42-1,bytetrack,6537,True
53.66183557885438,45.68945848070155,2396,841,158,49.31402741097898,59.11971525306016,209,47.28468716536637,4141,confirmation38,0,regr_v1,4982,data42-1,bytetrack,6537,True
61.77265572693745,51.5469637498378,2454,467,128,56.234613320454464,62.37936321818346,93,53.89322319106624,4083,confirmation38,0,geometry_reid_greedy_guard,4550,data42-1,deepocsort,6537,True
61.86585696412412,51.58412883506066,2454,467,128,56.28800063611603,61.44132768106792,120,53.48018968946,4083,confirmation38,0,no_refinement,4550,data42-1,deepocsort,6537,True
61.77265572693745,51.5469637498378,2454,467,128,56.234613320454464,62.37936321818346,93,53.89322319106624,4083,confirmation38,0,regr_t_reliable_motion_min5,4550,data42-1,deepocsort,6537,True
61.77265572693745,51.5469637498378,2454,467,128,56.234613320454464,62.37936321818346,93,53.89322319106624,4083,confirmation38,0,regr_temporal_risk_05,4550,data42-1,deepocsort,6537,True
61.6687796660048,51.5469637498378,2454,467,128,56.18587905275297,62.32524578334987,98,53.8167355055836,4083,confirmation38,0,regr_v1,4550,data42-1,deepocsort,6537,True
57.09594904674171,49.19584129453356,2716,492,145,52.86714566076532,56.903225806451616,122,49.059201468563565,3821,confirmation38,0,geometry_reid_greedy_guard,4313,data42-1,ocsort,6537,True
55.318848293872634,49.2267373298009,2716,492,145,52.042207879904154,55.13364055299539,160,48.47789505889552,3821,confirmation38,0,no_refinement,4313,data42-1,ocsort,6537,True
57.09594904674171,49.19584129453356,2716,492,145,52.86714566076532,56.903225806451616,122,49.059201468563565,3821,confirmation38,0,regr_t_reliable_motion_min5,4313,data42-1,ocsort,6537,True
57.09594904674171,49.19584129453356,2716,492,145,52.86714566076532,56.903225806451616,122,49.059201468563565,3821,confirmation38,0,regr_temporal_risk_05,4313,data42-1,ocsort,6537,True
55.39241519956971,49.19584129453356,2716,492,145,52.06446944557529,56.00000000000001,126,48.998011320177454,3821,confirmation38,0,regr_v1,4313,data42-1,ocsort,6537,True
59.71304280875721,32.80512295039217,1172,100,51,44.19402414238446,51.39442231075697,44,35.553379040156706,870,confirmation38,0,geometry_reid_greedy_guard,970,data42-2,bytetrack,2042,True
59.52779261643734,32.80512295039217,1172,100,51,44.12376882678821,50.59760956175299,62,34.6718903036239,870,confirmation38,0,no_refinement,970,data42-2,bytetrack,2042,True
59.803092282121675,32.80512295039217,1172,100,51,44.22747264871686,51.39442231075697,46,35.45543584720862,870,confirmation38,0,regr_t_reliable_motion_min5,970,data42-2,bytetrack,2042,True
59.71304280875721,32.80512295039217,1172,100,51,44.19402414238446,51.39442231075697,44,35.553379040156706,870,confirmation38,0,regr_temporal_risk_05,970,data42-2,bytetrack,2042,True
59.719871985622284,32.80512295039217,1172,100,51,44.19649474304399,51.32802124833997,46,35.45543584720862,870,confirmation38,0,regr_v1,970,data42-2,bytetrack,2042,True
70.88925396787182,52.38642151958545,729,100,42,60.401146230272715,70.85383502170767,27,58.080313418217436,1313,confirmation38,0,geometry_reid_greedy_guard,1413,data42-2,deepocsort,2042,True
69.5639773343225,52.38642151958545,729,100,42,59.789758858289034,69.29088277858176,34,57.737512242899115,1313,confirmation38,0,no_refinement,1413,data42-2,deepocsort,2042,True
71.08379680711988,52.38642151958545,729,100,42,60.48508639933728,70.85383502170767,27,58.080313418217436,1313,confirmation38,0,regr_t_reliable_motion_min5,1413,data42-2,deepocsort,2042,True
70.88925396787182,52.38642151958545,729,100,42,60.401146230272715,70.85383502170767,27,58.080313418217436,1313,confirmation38,0,regr_temporal_risk_05,1413,data42-2,deepocsort,2042,True
69.93979914516983,52.38642151958545,729,100,42,59.97011041375851,69.98552821997106,28,58.03134182174339,1313,confirmation38,0,regr_v1,1413,data42-2,deepocsort,2042,True
70.76657123671907,32.98262514048669,1294,67,18,48.23612333452945,49.28246412320616,18,32.46816846229187,748,confirmation38,0,geometry_reid_greedy_guard,815,data42-2,ocsort,2042,True
70.71433135247109,32.98262514048669,1294,67,18,48.21391439142831,47.53237661883094,44,31.1949069539667,748,confirmation38,0,no_refinement,815,data42-2,ocsort,2042,True
71.30547297526483,32.98262514048669,1294,67,18,48.419970479646025,49.28246412320616,18,32.46816846229187,748,confirmation38,0,regr_t_reliable_motion_min5,815,data42-2,ocsort,2042,True
70.76657123671907,32.98262514048669,1294,67,18,48.23612333452945,49.28246412320616,18,32.46816846229187,748,confirmation38,0,regr_temporal_risk_05,815,data42-2,ocsort,2042,True
70.4870791766378,32.96581231475148,1294,67,18,48.126854824753416,49.002450122506126,22,32.27228207639569,748,confirmation38,0,regr_v1,815,data42-2,ocsort,2042,True
62.78465721899044,64.74581791408085,263,35,19,63.70510409527509,75.31172069825436,54,73.27258921791952,1054,confirmation38,0,geometry_reid_greedy_guard,1089,data42-3,bytetrack,1317,True
62.082453650078286,64.74581791408085,263,35,19,63.340318587120606,73.98171238570241,61,72.74107820804859,1054,confirmation38,0,no_refinement,1089,data42-3,bytetrack,1317,True
62.10561281079693,64.74581791408085,263,35,19,63.35233253430829,73.98171238570241,60,72.81700835231587,1054,confirmation38,0,regr_t_reliable_motion_min5,1089,data42-3,bytetrack,1317,True
62.78465721899044,64.74581791408085,263,35,19,63.70510409527509,75.31172069825436,54,73.27258921791952,1054,confirmation38,0,regr_temporal_risk_05,1089,data42-3,bytetrack,1317,True
62.54624697622629,64.74581791408085,263,35,19,63.58297373962459,74.97921862011637,60,72.81700835231587,1054,confirmation38,0,regr_v1,1089,data42-3,bytetrack,1317,True
89.7689211514475,70.59531486771236,276,31,15,79.47202366463692,86.73084972791963,3,76.46165527714503,1041,confirmation38,0,geometry_reid_greedy_guard,1072,data42-3,deepocsort,1317,True
89.4921530792268,70.59531486771236,276,31,15,79.34752756363466,86.14483047300125,9,76.00607441154138,1041,confirmation38,0,no_refinement,1072,data42-3,deepocsort,1317,True
89.7689211514475,70.59531486771236,276,31,15,79.47202366463692,86.73084972791963,3,76.46165527714503,1041,confirmation38,0,regr_t_reliable_motion_min5,1072,data42-3,deepocsort,1317,True
89.7689211514475,70.59531486771236,276,31,15,79.47202366463692,86.73084972791963,3,76.46165527714503,1041,confirmation38,0,regr_temporal_risk_05,1072,data42-3,deepocsort,1317,True
89.7689211514475,70.59531486771236,276,31,15,79.47202366463692,86.73084972791963,3,76.46165527714503,1041,confirmation38,0,regr_v1,1072,data42-3,deepocsort,1317,True
64.7429151080297,66.88609092758168,330,45,21,65.69361160214618,72.54150702426566,35,68.86864085041762,987,confirmation38,0,geometry_reid_greedy_guard,1032,data42-3,ocsort,1317,True
63.2147333930411,66.90450746138355,330,45,21,64.9115506754073,70.07237122179652,58,67.12224753227031,987,confirmation38,0,no_refinement,1032,data42-3,ocsort,1317,True
64.7429151080297,66.88609092758168,330,45,21,65.69361160214618,72.54150702426566,35,68.86864085041762,987,confirmation38,0,regr_t_reliable_motion_min5,1032,data42-3,ocsort,1317,True
64.7429151080297,66.88609092758168,330,45,21,65.69361160214618,72.54150702426566,35,68.86864085041762,987,confirmation38,0,regr_temporal_risk_05,1032,data42-3,ocsort,1317,True
64.65769120559598,66.89271172351013,330,45,21,65.65149328029328,71.86036611323968,45,68.10933940774487,987,confirmation38,0,regr_v1,1032,data42-3,ocsort,1317,True
43.93422941559288,32.16840787414624,4264,1045,249,37.47681787524299,43.504932438033656,237,27.417877241198795,3377,confirmation38,0,geometry_reid_greedy_guard,4422,data46-11,bytetrack,7641,True
37.57406737276339,32.20752574575753,4264,1045,249,34.63828974335445,38.282350990632516,326,26.25310823190682,3377,confirmation38,0,no_refinement,4422,data46-11,bytetrack,7641,True
43.9247613402422,32.16840787414624,4264,1045,249,37.47263513459737,43.504932438033656,238,27.40478994895956,3377,confirmation38,0,regr_t_reliable_motion_min5,4422,data46-11,bytetrack,7641,True
43.9316453167253,32.16840787414624,4264,1045,249,37.47568181606662,43.504932438033656,237,27.417877241198795,3377,confirmation38,0,regr_temporal_risk_05,4422,data46-11,bytetrack,7641,True
41.8112620071153,32.18129863512141,4264,1045,249,36.54375203193862,41.51537760092846,269,26.99908388954325,3377,confirmation38,0,regr_v1,4422,data46-11,bytetrack,7641,True
75.62643869783868,36.162284358517674,4110,808,123,52.09896076644599,57.42904841402338,5,35.571260306242635,3531,confirmation38,0,geometry_reid_greedy_guard,4339,data46-11,deepocsort,7641,True
75.55388778176791,36.162284358517674,4110,808,123,52.07374215529593,57.278797996661105,9,35.5189111372857,3531,confirmation38,0,no_refinement,4339,data46-11,deepocsort,7641,True
75.62643869783868,36.162284358517674,4110,808,123,52.09896076644599,57.42904841402338,5,35.571260306242635,3531,confirmation38,0,regr_t_reliable_motion_min5,4339,data46-11,deepocsort,7641,True
75.62643869783868,36.162284358517674,4110,808,123,52.09896076644599,57.42904841402338,5,35.571260306242635,3531,confirmation38,0,regr_temporal_risk_05,4339,data46-11,deepocsort,7641,True
75.62643869783868,36.162284358517674,4110,808,123,52.09896076644599,57.42904841402338,5,35.571260306242635,3531,confirmation38,0,regr_v1,4339,data46-11,deepocsort,7641,True
49.47739519226319,31.16225222358397,4650,823,175,39.09125264415009,42.56656481885639,116,26.855123674911663,2991,confirmation38,0,geometry_reid_greedy_guard,3814,data46-11,ocsort,7641,True
44.606314948155436,31.16225222358397,4650,823,177,37.09717185195724,38.74290702749891,193,25.847402172490515,2991,confirmation38,0,no_refinement,3814,data46-11,ocsort,7641,True
49.47739519226319,31.16225222358397,4650,823,175,39.09125264415009,42.56656481885639,116,26.855123674911663,2991,confirmation38,0,regr_t_reliable_motion_min5,3814,data46-11,ocsort,7641,True
49.47739519226319,31.16225222358397,4650,823,175,39.09125264415009,42.56656481885639,116,26.855123674911663,2991,confirmation38,0,regr_temporal_risk_05,3814,data46-11,ocsort,7641,True
48.72469945414789,31.16225222358397,4650,823,175,38.78170587214901,41.728502837189005,131,26.658814291323125,2991,confirmation38,0,regr_v1,3814,data46-11,ocsort,7641,True
76.69052267942685,41.233157698046774,1944,780,143,56.02129937531697,62.98439859084046,67,38.74012291483758,2612,confirmation38,0,geometry_reid_greedy_guard,3392,data46-12,bytetrack,4556,True
74.67145904360906,41.2570345594919,1944,780,143,55.25240283221061,58.93306492199295,127,37.42317822651449,2612,confirmation38,0,no_refinement,3392,data46-12,bytetrack,4556,True
76.68591477482279,41.233157698046774,1944,780,143,56.02081343302729,62.934071464519384,60,38.8937664618086,2612,confirmation38,0,regr_t_reliable_motion_min5,3392,data46-12,bytetrack,4556,True
76.73177325251919,41.233157698046774,1944,780,143,56.03712156884214,63.05988928032209,59,38.91571553994732,2612,confirmation38,0,regr_temporal_risk_05,3392,data46-12,bytetrack,4556,True
75.43561684153643,41.2570345594919,1944,780,143,55.55071076773278,60.59386009058883,91,38.21334503950834,2612,confirmation38,0,regr_v1,3392,data46-12,bytetrack,4556,True
85.48806787957372,44.62984642717257,1841,656,62,61.464110281761904,67.7431563012489,2,45.149253731343286,2715,confirmation38,0,geometry_reid_greedy_guard,3371,data46-12,deepocsort,4556,True
85.7627428282026,44.62984642717257,1841,656,62,61.56139278561498,67.94499810773307,3,45.12730465320456,2715,confirmation38,0,no_refinement,3371,data46-12,deepocsort,4556,True
85.7627428282026,44.62984642717257,1841,656,62,61.56139278561498,67.94499810773307,3,45.12730465320456,2715,confirmation38,0,regr_t_reliable_motion_min5,3371,data46-12,deepocsort,4556,True
85.48806787957372,44.62984642717257,1841,656,62,61.464110281761904,67.7431563012489,2,45.149253731343286,2715,confirmation38,0,regr_temporal_risk_05,3371,data46-12,deepocsort,4556,True
85.45719127781935,44.62984642717257,1841,656,62,61.452357824548365,67.7431563012489,2,45.149253731343286,2715,confirmation38,0,regr_v1,3371,data46-12,deepocsort,4556,True
84.50221033588544,41.10436757474427,2112,686,72,58.71948838872976,62.164975279729376,24,38.059701492537314,2444,confirmation38,0,geometry_reid_greedy_guard,3130,data46-12,ocsort,4556,True
83.3150845838068,41.10436757474427,2112,686,72,58.282591532828306,59.53682019255789,72,37.006145741878846,2444,confirmation38,0,no_refinement,3130,data46-12,ocsort,4556,True
84.47417273804433,41.10436757474427,2112,686,72,58.70922027442303,62.06088992974239,26,38.01580333625988,2444,confirmation38,0,regr_t_reliable_motion_min5,3130,data46-12,ocsort,4556,True
84.4895840015576,41.10436757474427,2112,686,72,58.71487973654892,62.13895394223263,25,38.0377524143986,2444,confirmation38,0,regr_temporal_risk_05,3130,data46-12,ocsort,4556,True
83.92813189008709,41.10436757474427,2112,686,72,58.508772916478726,60.811865729898514,46,37.57682177348551,2444,confirmation38,0,regr_v1,3130,data46-12,ocsort,4556,True
13.563034044791108,18.39114621915545,188,12,15,15.565223100666344,14.556962025316455,24,8.94308943089431,58,confirmation38,0,geometry_reid_greedy_guard,70,data47-1,bytetrack,246,True
10.47159234923156,18.39114621915545,188,12,15,13.697312953496136,13.291139240506327,27,7.723577235772358,58,confirmation38,0,no_refinement,70,data47-1,bytetrack,246,True
10.531816172890277,18.39114621915545,188,12,15,13.73917734738038,14.556962025316455,25,8.536585365853659,58,confirmation38,0,regr_t_reliable_motion_min5,70,data47-1,bytetrack,246,True
13.563034044791108,18.39114621915545,188,12,15,15.565223100666344,14.556962025316455,24,8.94308943089431,58,confirmation38,0,regr_temporal_risk_05,70,data47-1,bytetrack,246,True
13.522126686317627,18.39114621915545,188,12,15,15.540656960626,13.924050632911392,25,8.536585365853659,58,confirmation38,0,regr_v1,70,data47-1,bytetrack,246,True
79.60922704393836,62.56909353883112,28,25,8,68.42997429790488,87.93456032719837,3,77.23577235772358,218,confirmation38,0,geometry_reid_greedy_guard,243,data47-1,deepocsort,246,True
79.05820049098897,62.56909353883112,28,25,8,68.16112773501115,87.52556237218813,5,76.42276422764228,218,confirmation38,0,no_refinement,243,data47-1,deepocsort,246,True
79.60922704393836,62.56909353883112,28,25,8,68.42997429790488,87.93456032719837,3,77.23577235772358,218,confirmation38,0,regr_t_reliable_motion_min5,243,data47-1,deepocsort,246,True
79.60922704393836,62.56909353883112,28,25,8,68.42997429790488,87.93456032719837,3,77.23577235772358,218,confirmation38,0,regr_temporal_risk_05,243,data47-1,deepocsort,246,True
79.07385745412695,62.56909353883112,28,25,8,68.16867658757249,87.52556237218813,4,76.82926829268293,218,confirmation38,0,regr_v1,243,data47-1,deepocsort,246,True
15.315288640382304,9.648210893056463,217,7,0,11.892630936473463,17.73049645390071,2,8.130081300813007,29,confirmation38,0,geometry_reid_greedy_guard,36,data47-1,ocsort,246,True
11.503123183728658,9.648210893056463,217,7,0,10.219847182599706,10.638297872340425,13,3.6585365853658534,29,confirmation38,0,no_refinement,36,data47-1,ocsort,246,True
13.407740378569233,9.648210893056463,217,7,0,11.137654522721945,17.02127659574468,3,7.723577235772358,29,confirmation38,0,regr_t_reliable_motion_min5,36,data47-1,ocsort,246,True
15.315288640382304,9.648210893056463,217,7,0,11.892630936473463,17.73049645390071,2,8.130081300813007,29,confirmation38,0,regr_temporal_risk_05,36,data47-1,ocsort,246,True
13.77794477318436,9.648210893056463,217,7,0,11.186117896972851,11.347517730496454,11,4.471544715447155,29,confirmation38,0,regr_v1,36,data47-1,ocsort,246,True
34.05906287498751,28.705774957385877,820,193,56,31.218939483908358,37.6905311778291,47,24.068767908309454,576,confirmation38,0,geometry_reid_greedy_guard,769,data47-2,bytetrack,1396,True
32.37660814309764,28.674130560819837,820,193,56,30.40934724625759,33.903002309468825,82,21.56160458452722,576,confirmation38,0,no_refinement,769,data47-2,bytetrack,1396,True
33.85419632915399,28.705774957385877,820,193,56,31.12343790335187,37.22863741339492,54,23.567335243553007,576,confirmation38,0,regr_t_reliable_motion_min5,769,data47-2,bytetrack,1396,True
34.05906287498751,28.705774957385877,820,193,56,31.218939483908358,37.6905311778291,47,24.068767908309454,576,confirmation38,0,regr_temporal_risk_05,769,data47-2,bytetrack,1396,True
32.98764503168582,28.674130560819837,820,193,56,30.698073533109376,35.01154734411085,73,22.206303724928368,576,confirmation38,0,regr_v1,769,data47-2,bytetrack,1396,True
78.86170010602498,41.15926086358601,612,195,19,56.45180514466308,66.02105263157895,0,42.191977077363894,784,confirmation38,0,geometry_reid_greedy_guard,979,data47-2,deepocsort,1396,True
78.75990880085804,41.15926086358601,612,195,19,56.41309050852467,65.76842105263158,3,41.977077363896846,784,confirmation38,0,no_refinement,979,data47-2,deepocsort,1396,True
78.77939367891757,41.15926086358601,612,195,19,56.42011783846069,65.93684210526317,1,42.12034383954155,784,confirmation38,0,regr_t_reliable_motion_min5,979,data47-2,deepocsort,1396,True
78.86170010602498,41.15926086358601,612,195,19,56.45180514466308,66.02105263157895,0,42.191977077363894,784,confirmation38,0,regr_temporal_risk_05,979,data47-2,deepocsort,1396,True
78.86170010602498,41.15926086358601,612,195,19,56.45180514466308,66.02105263157895,0,42.191977077363894,784,confirmation38,0,regr_v1,979,data47-2,deepocsort,1396,True
39.05902016257466,21.516681912707014,1038,143,40,28.91971422588985,26.673695308381657,28,13.395415472779371,358,confirmation38,0,geometry_reid_greedy_guard,501,data47-2,ocsort,1396,True
38.3015844212919,21.516681912707014,1038,143,40,28.63094553983865,24.77596204533474,48,11.962750716332378,358,confirmation38,0,no_refinement,501,data47-2,ocsort,1396,True
38.939931718318526,21.516681912707014,1038,143,40,28.87479063554871,26.673695308381657,28,13.395415472779371,358,confirmation38,0,regr_t_reliable_motion_min5,501,data47-2,ocsort,1396,True
39.05902016257466,21.516681912707014,1038,143,40,28.91971422588985,26.673695308381657,28,13.395415472779371,358,confirmation38,0,regr_temporal_risk_05,501,data47-2,ocsort,1396,True
38.55224199540334,21.516681912707014,1038,143,40,28.726926783912777,25.51396942540854,37,12.750716332378223,358,confirmation38,0,regr_v1,501,data47-2,ocsort,1396,True
54.93726507972173,37.6109021683726,1289,273,102,45.43362747445096,55.757575757575765,74,38.33396155295891,1364,confirmation38,0,geometry_reid_greedy_guard,1637,data47-3,bytetrack,2653,True
48.3448638754986,37.613560294502726,1289,273,102,42.60842501793531,50.442890442890445,136,35.99698454579721,1364,confirmation38,0,no_refinement,1637,data47-3,bytetrack,2653,True
54.90972049930719,37.58199190413756,1289,273,102,45.40668335288863,55.571095571095576,80,38.107802487749716,1364,confirmation38,0,regr_t_reliable_motion_min5,1637,data47-3,bytetrack,2653,True
55.22650336636573,37.57933560113921,1289,273,102,45.53660611152843,55.94405594405595,73,38.37165473049378,1364,confirmation38,0,regr_temporal_risk_05,1637,data47-3,bytetrack,2653,True
53.944314777857294,37.613560294502726,1289,273,102,45.01914604785798,54.82517482517483,99,37.39163211458726,1364,confirmation38,0,regr_v1,1637,data47-3,bytetrack,2653,True
78.41835514181801,42.52516442464741,1273,193,16,57.57764310169444,65.21533364884051,1,44.7041085563513,1380,confirmation38,0,geometry_reid_greedy_guard,1573,data47-3,deepocsort,2653,True
77.61407023130836,42.52516442464741,1273,193,16,57.27106645365359,64.5527685754851,5,44.55333584621183,1380,confirmation38,0,no_refinement,1573,data47-3,deepocsort,2653,True
77.67727871747756,42.52516442464741,1273,193,16,57.29505312337122,64.60009465215335,4,44.59102902374671,1380,confirmation38,0,regr_t_reliable_motion_min5,1573,data47-3,deepocsort,2653,True
78.41835514181801,42.52516442464741,1273,193,16,57.57764310169444,65.21533364884051,1,44.7041085563513,1380,confirmation38,0,regr_temporal_risk_05,1573,data47-3,deepocsort,2653,True
78.33606335993647,42.52516442464741,1273,193,16,57.54653025272199,65.16800757217227,2,44.66641537881643,1380,confirmation38,0,regr_v1,1573,data47-3,deepocsort,2653,True
61.16174333794143,35.346843632999956,1528,228,53,46.452336930806304,50.124812780828755,36,32.45382585751979,1125,confirmation38,0,geometry_reid_greedy_guard,1353,data47-3,ocsort,2653,True
58.34141150361107,35.36214685049273,1528,228,53,45.37096287284439,48.177733399900156,59,31.586882774217866,1125,confirmation38,0,no_refinement,1353,data47-3,ocsort,2653,True
61.15205832511689,35.33919379967123,1528,228,53,46.44366528668088,50.024962556165754,39,32.340746324915195,1125,confirmation38,0,regr_t_reliable_motion_min5,1353,data47-3,ocsort,2653,True
61.15205832511689,35.33919379967123,1528,228,53,46.44366528668088,50.024962556165754,39,32.340746324915195,1125,confirmation38,0,regr_temporal_risk_05,1353,data47-3,ocsort,2653,True
61.091548450119625,35.36214685049273,1528,228,53,46.43508606733026,49.725411882176736,47,32.03920090463626,1125,confirmation38,0,regr_v1,1353,data47-3,ocsort,2653,True
51.00689498518038,27.621471319907563,482,83,27,37.38517226461227,44.06224406224406,20,27.77777777777778,328,confirmation38,0,geometry_reid_greedy_guard,411,data47-4,bytetrack,810,True
50.253703650921686,27.621471319907563,482,83,27,37.110117407803834,42.42424242424242,32,26.296296296296294,328,confirmation38,0,no_refinement,411,data47-4,bytetrack,810,True
50.944791662532396,27.621471319907563,482,83,27,37.361214571379485,43.57084357084357,23,27.40740740740741,328,confirmation38,0,regr_t_reliable_motion_min5,411,data47-4,bytetrack,810,True
51.00689498518038,27.621471319907563,482,83,27,37.38517226461227,44.06224406224406,20,27.77777777777778,328,confirmation38,0,regr_temporal_risk_05,411,data47-4,bytetrack,810,True
50.67032071193424,27.621471319907563,482,83,27,37.25577927155952,43.73464373464373,22,27.530864197530864,328,confirmation38,0,regr_v1,411,data47-4,bytetrack,810,True
72.9156369316078,46.159151661757654,299,65,20,57.32447449596233,73.59307359307358,1,54.93827160493827,511,confirmation38,0,geometry_reid_greedy_guard,576,data47-4,deepocsort,810,True
72.8584488212006,46.159151661757654,299,65,20,57.28986614624409,73.44877344877345,2,54.81481481481482,511,confirmation38,0,no_refinement,576,data47-4,deepocsort,810,True
73.19948776377929,46.159151661757654,299,65,20,57.421079210946004,73.59307359307358,1,54.93827160493827,511,confirmation38,0,regr_t_reliable_motion_min5,576,data47-4,deepocsort,810,True
72.9156369316078,46.159151661757654,299,65,20,57.32447449596233,73.59307359307358,1,54.93827160493827,511,confirmation38,0,regr_temporal_risk_05,576,data47-4,deepocsort,810,True
72.9156369316078,46.159151661757654,299,65,20,57.32447449596233,73.59307359307358,1,54.93827160493827,511,confirmation38,0,regr_v1,576,data47-4,deepocsort,810,True
57.15999021109497,26.71747708020387,554,52,14,39.04858536224551,39.89266547406082,11,23.827160493827158,256,confirmation38,0,geometry_reid_greedy_guard,308,data47-4,ocsort,810,True
55.90959626848437,26.71747708020387,554,52,14,38.61852449555599,39.35599284436494,16,23.209876543209877,256,confirmation38,0,no_refinement,308,data47-4,ocsort,810,True
56.46840459237882,26.71747708020387,554,52,14,38.81112577664616,39.71377459749553,13,23.580246913580247,256,confirmation38,0,regr_t_reliable_motion_min5,308,data47-4,ocsort,810,True
57.15999021109497,26.71747708020387,554,52,14,39.04858536224551,39.89266547406082,11,23.827160493827158,256,confirmation38,0,regr_temporal_risk_05,308,data47-4,ocsort,810,True
57.15999021109497,26.71747708020387,554,52,14,39.04858536224551,39.89266547406082,11,23.827160493827158,256,confirmation38,0,regr_v1,308,data47-4,ocsort,810,True
15.581236518779882,5.165139282078858,557,1,14,8.416816206375437,6.896551724137931,18,3.5175879396984926,40,confirmation38,0,geometry_reid_greedy_guard,41,data48-1,bytetrack,597,True
15.476207973076296,5.165139282078858,557,1,14,8.383241953422155,6.583072100313479,19,3.350083752093802,40,confirmation38,0,no_refinement,41,data48-1,bytetrack,597,True
15.581236518779882,5.165139282078858,557,1,14,8.416816206375437,6.896551724137931,18,3.5175879396984926,40,confirmation38,0,regr_t_reliable_motion_min5,41,data48-1,bytetrack,597,True
15.581236518779882,5.165139282078858,557,1,14,8.416816206375437,6.896551724137931,18,3.5175879396984926,40,confirmation38,0,regr_temporal_risk_05,41,data48-1,bytetrack,597,True
15.581236518779882,5.165139282078858,557,1,14,8.416816206375437,6.896551724137931,18,3.5175879396984926,40,confirmation38,0,regr_v1,41,data48-1,bytetrack,597,True
57.070056942400136,36.577522239670905,289,1,14,44.966902517828146,67.3289183222958,2,51.08877721943048,308,confirmation38,0,geometry_reid_greedy_guard,309,data48-1,deepocsort,597,True
57.11909072375319,36.577522239670905,289,1,14,44.9870879611607,67.54966887417218,2,51.08877721943048,308,confirmation38,0,no_refinement,309,data48-1,deepocsort,597,True
57.11909072375319,36.577522239670905,289,1,14,44.9870879611607,67.54966887417218,2,51.08877721943048,308,confirmation38,0,regr_t_reliable_motion_min5,309,data48-1,deepocsort,597,True
57.070056942400136,36.577522239670905,289,1,14,44.966902517828146,67.3289183222958,2,51.08877721943048,308,confirmation38,0,regr_temporal_risk_05,309,data48-1,deepocsort,597,True
57.070056942400136,36.577522239670905,289,1,14,44.966902517828146,67.3289183222958,2,51.08877721943048,308,confirmation38,0,regr_v1,309,data48-1,deepocsort,597,True
17.508263796227794,5.096686193840826,559,1,0,8.361310674255714,11.949685534591195,0,6.197654941373535,38,confirmation38,0,geometry_reid_greedy_guard,39,data48-1,ocsort,597,True
12.00118665974614,5.096686193840826,559,1,0,6.666178057637849,5.660377358490567,20,2.8475711892797317,38,confirmation38,0,no_refinement,39,data48-1,ocsort,597,True
17.508263796227794,5.096686193840826,559,1,0,8.361310674255714,11.949685534591195,0,6.197654941373535,38,confirmation38,0,regr_t_reliable_motion_min5,39,data48-1,ocsort,597,True
17.508263796227794,5.096686193840826,559,1,0,8.361310674255714,11.949685534591195,0,6.197654941373535,38,confirmation38,0,regr_temporal_risk_05,39,data48-1,ocsort,597,True
16.243297361520813,5.096686193840826,559,1,0,7.914929332903508,8.80503144654088,10,4.522613065326634,38,confirmation38,0,regr_v1,39,data48-1,ocsort,597,True
47.34452127469833,39.66587567272642,1649,137,77,43.332726496081605,51.96671709531013,124,43.8235294117647,1751,confirmation38,0,geometry_reid_greedy_guard,1888,data49-2,bytetrack,3400,True
44.96937817343672,39.66587567272642,1649,137,77,42.23189966982256,50.11346444780636,142,43.29411764705882,1751,confirmation38,0,no_refinement,1888,data49-2,bytetrack,3400,True
47.34452127469833,39.66587567272642,1649,137,77,43.332726496081605,51.96671709531013,124,43.8235294117647,1751,confirmation38,0,regr_t_reliable_motion_min5,1888,data49-2,bytetrack,3400,True
47.34452127469833,39.66587567272642,1649,137,77,43.332726496081605,51.96671709531013,124,43.8235294117647,1751,confirmation38,0,regr_temporal_risk_05,1888,data49-2,bytetrack,3400,True
47.30651912576864,39.66587567272642,1649,137,77,43.315320553178985,51.96671709531013,124,43.8235294117647,1751,confirmation38,0,regr_v1,1888,data49-2,bytetrack,3400,True
85.96567714780106,47.69824527597841,1533,242,24,64.02298830114334,67.30804138682156,7,47.588235294117645,1867,confirmation38,0,geometry_reid_greedy_guard,2109,data49-2,deepocsort,3400,True
85.05629893148348,47.69824527597841,1533,242,24,63.682634244663184,66.76347794518061,12,47.44117647058824,1867,confirmation38,0,no_refinement,2109,data49-2,deepocsort,3400,True
85.80653638985363,47.69824527597841,1533,242,24,63.96336916923465,67.19912869849337,9,47.529411764705884,1867,confirmation38,0,regr_t_reliable_motion_min5,2109,data49-2,deepocsort,3400,True
85.96567714780106,47.69824527597841,1533,242,24,64.02298830114334,67.30804138682156,7,47.588235294117645,1867,confirmation38,0,regr_temporal_risk_05,2109,data49-2,deepocsort,3400,True
85.88559983000756,47.69824527597841,1533,242,24,63.99299128591615,67.27173715737884,8,47.55882352941177,1867,confirmation38,0,regr_v1,2109,data49-2,deepocsort,3400,True
52.35532673933051,37.51890641880019,2002,98,91,44.31634510650609,45.71078431372549,63,36.38235294117647,1398,confirmation38,0,geometry_reid_greedy_guard,1496,data49-2,ocsort,3400,True
48.02055255101641,37.51890641880019,2002,98,91,42.44510000134462,43.05555555555556,76,36.0,1398,confirmation38,0,no_refinement,1496,data49-2,ocsort,3400,True
52.35999858371244,37.51890641880019,2002,98,91,44.31833612404863,45.71078431372549,63,36.38235294117647,1398,confirmation38,0,regr_t_reliable_motion_min5,1496,data49-2,ocsort,3400,True
52.35532673933051,37.51890641880019,2002,98,91,44.31634510650609,45.71078431372549,63,36.38235294117647,1398,confirmation38,0,regr_temporal_risk_05,1496,data49-2,ocsort,3400,True
50.94019447028112,37.51890641880019,2002,98,91,43.71515502900181,44.97549019607843,67,36.26470588235294,1398,confirmation38,0,regr_v1,1496,data49-2,ocsort,3400,True
15.939410413763166,48.889420457463615,1409,202,284,27.817332936068766,33.69516728624535,477,47.352496217851744,2557,legacy12,0,geometry_reid_greedy_guard,2759,data28-1,bytetrack,3966,True
15.232054378652165,48.90462710669946,1409,202,284,27.18798067736337,30.691449814126393,518,46.31870902672718,2557,legacy12,0,no_refinement,2759,data28-1,bytetrack,3966,True
15.752758705441183,48.889420457463615,1409,202,284,27.65725124429369,33.78438661710037,477,47.352496217851744,2557,legacy12,0,regr_t_reliable_motion_min5,2759,data28-1,bytetrack,3966,True
16.05846854928737,48.889420457463615,1409,202,284,27.92516656410117,34.141263940520446,476,47.37771053958649,2557,legacy12,0,regr_temporal_risk_05,2759,data28-1,bytetrack,3966,True
15.811455360385478,48.90462710669946,1409,202,284,27.705066872713235,32.80297397769517,503,46.69692385274836,2557,legacy12,0,regr_v1,2759,data28-1,bytetrack,3966,True
81.47728564877784,64.37387562275049,974,80,36,72.39122842742036,84.68314862176754,9,73.19717599596571,2992,legacy12,0,geometry_reid_greedy_guard,3072,data28-1,deepocsort,3966,True
81.6014044831045,64.37387562275049,974,80,36,72.44663515881318,84.68314862176754,9,73.19717599596571,2992,legacy12,0,no_refinement,3072,data28-1,deepocsort,3966,True
81.6014044831045,64.37387562275049,974,80,36,72.44663515881318,84.68314862176754,9,73.19717599596571,2992,legacy12,0,regr_t_reliable_motion_min5,3072,data28-1,deepocsort,3966,True
81.47728564877784,64.37387562275049,974,80,36,72.39122842742036,84.68314862176754,9,73.19717599596571,2992,legacy12,0,regr_temporal_risk_05,3072,data28-1,deepocsort,3966,True
81.47165392493557,64.37387562275049,974,80,36,72.38883118322967,84.68314862176754,9,73.19717599596571,2992,legacy12,0,regr_v1,3072,data28-1,deepocsort,3966,True
15.405364932085707,31.189822425808515,2544,51,286,21.886221597773172,27.321198749770176,237,28.593040847201213,1422,legacy12,0,geometry_reid_greedy_guard,1473,data28-1,ocsort,3966,True
14.647243906991408,31.189822425808515,2544,51,286,21.33608918524231,25.07813936385365,287,27.332324760463944,1422,legacy12,0,no_refinement,1473,data28-1,ocsort,3966,True
15.391064482269613,31.189822425808515,2544,51,286,21.876193163969862,27.321198749770176,236,28.618255168935956,1422,legacy12,0,regr_t_reliable_motion_min5,1473,data28-1,ocsort,3966,True
15.391064482269613,31.189822425808515,2544,51,286,21.876193163969862,27.321198749770176,236,28.618255168935956,1422,legacy12,0,regr_temporal_risk_05,1473,data28-1,ocsort,3966,True
15.153540748225037,31.189822425808515,2544,51,286,21.70516861070939,26.622540908255193,264,27.912254160363087,1422,legacy12,0,regr_v1,1473,data28-1,ocsort,3966,True
63.90940980861536,53.820538392225394,260,15,27,58.631960042208306,80.30751034890598,29,68.59504132231406,708,legacy12,0,geometry_reid_greedy_guard,723,data28-2,bytetrack,968,True
60.1625779545474,53.820538392225394,260,15,27,56.88533886313384,76.40449438202246,34,68.07851239669421,708,legacy12,0,no_refinement,723,data28-2,bytetrack,968,True
63.90940980861536,53.820538392225394,260,15,27,58.631960042208306,80.30751034890598,29,68.59504132231406,708,legacy12,0,regr_t_reliable_motion_min5,723,data28-2,bytetrack,968,True
63.90940980861536,53.820538392225394,260,15,27,58.631960042208306,80.30751034890598,29,68.59504132231406,708,legacy12,0,regr_temporal_risk_05,723,data28-2,bytetrack,968,True
63.90940980861536,53.820538392225394,260,15,27,58.631960042208306,80.30751034890598,29,68.59504132231406,708,legacy12,0,regr_v1,723,data28-2,bytetrack,968,True
84.11463974927838,62.55422596603171,230,17,3,72.46929895916364,85.54846198491003,1,74.3801652892562,738,legacy12,0,geometry_reid_greedy_guard,755,data28-2,deepocsort,968,True
84.08763180550143,62.55422596603171,230,17,3,72.45748894637534,85.20023215322112,4,74.07024793388429,738,legacy12,0,no_refinement,755,data28-2,deepocsort,968,True
84.11463974927838,62.55422596603171,230,17,3,72.46929895916364,85.54846198491003,1,74.3801652892562,738,legacy12,0,regr_t_reliable_motion_min5,755,data28-2,deepocsort,968,True
84.11463974927838,62.55422596603171,230,17,3,72.46929895916364,85.54846198491003,1,74.3801652892562,738,legacy12,0,regr_temporal_risk_05,755,data28-2,deepocsort,968,True
84.11463974927838,62.55422596603171,230,17,3,72.46929895916364,85.54846198491003,1,74.3801652892562,738,legacy12,0,regr_v1,755,data28-2,deepocsort,968,True
48.72901214779423,51.06861931365986,373,6,26,49.80553347857642,63.224984066284264,15,59.29752066115702,595,legacy12,0,geometry_reid_greedy_guard,601,data28-2,ocsort,968,True
42.86336202085554,51.06861931365986,373,6,26,46.71182432773319,59.145952836201396,49,55.78512396694215,595,legacy12,0,no_refinement,601,data28-2,ocsort,968,True
48.72901214779423,51.06861931365986,373,6,26,49.80553347857642,63.224984066284264,15,59.29752066115702,595,legacy12,0,regr_t_reliable_motion_min5,601,data28-2,ocsort,968,True
48.72901214779423,51.06861931365986,373,6,26,49.80553347857642,63.224984066284264,15,59.29752066115702,595,legacy12,0,regr_temporal_risk_05,601,data28-2,ocsort,968,True
45.24127668458841,51.06861931365986,373,6,26,47.982654266881866,61.44040790312301,29,57.85123966942148,595,legacy12,0,regr_v1,601,data28-2,ocsort,968,True
22.807017543859647,0.454766549684357,301,44,0,3.0916880190087963,1.146131805157593,0,-13.861386138613863,2,legacy12,0,geometry_reid_greedy_guard,46,data28-3,bytetrack,303,True
22.807017543859647,0.454766549684357,301,44,0,3.0916880190087963,1.146131805157593,0,-13.861386138613863,2,legacy12,0,no_refinement,46,data28-3,bytetrack,303,True
22.807017543859647,0.454766549684357,301,44,0,3.0916880190087963,1.146131805157593,0,-13.861386138613863,2,legacy12,0,regr_t_reliable_motion_min5,46,data28-3,bytetrack,303,True
22.807017543859647,0.454766549684357,301,44,0,3.0916880190087963,1.146131805157593,0,-13.861386138613863,2,legacy12,0,regr_temporal_risk_05,46,data28-3,bytetrack,303,True
22.807017543859647,0.454766549684357,301,44,0,3.0916880190087963,1.146131805157593,0,-13.861386138613863,2,legacy12,0,regr_v1,46,data28-3,bytetrack,303,True
25.657894736842103,1.1992005329780149,299,13,0,5.546977649451533,1.25,2,-3.6303630363036308,4,legacy12,0,geometry_reid_greedy_guard,17,data28-3,deepocsort,303,True
25.657894736842103,1.1992005329780149,299,13,0,5.546977649451533,1.25,2,-3.6303630363036308,4,legacy12,0,no_refinement,17,data28-3,deepocsort,303,True
25.657894736842103,1.1992005329780149,299,13,0,5.546977649451533,1.25,2,-3.6303630363036308,4,legacy12,0,regr_t_reliable_motion_min5,17,data28-3,deepocsort,303,True
25.657894736842103,1.1992005329780149,299,13,0,5.546977649451533,1.25,2,-3.6303630363036308,4,legacy12,0,regr_temporal_risk_05,17,data28-3,deepocsort,303,True
25.657894736842103,1.1992005329780149,299,13,0,5.546977649451533,1.25,2,-3.6303630363036308,4,legacy12,0,regr_v1,17,data28-3,deepocsort,303,True
22.697368421052634,1.3744914154621057,298,30,0,5.572166052997259,1.183431952662722,3,-9.24092409240924,5,legacy12,0,geometry_reid_greedy_guard,35,data28-3,ocsort,303,True
22.697368421052634,1.3744914154621057,298,30,0,5.572166052997259,1.183431952662722,3,-9.24092409240924,5,legacy12,0,no_refinement,35,data28-3,ocsort,303,True
22.697368421052634,1.3744914154621057,298,30,0,5.572166052997259,1.183431952662722,3,-9.24092409240924,5,legacy12,0,regr_t_reliable_motion_min5,35,data28-3,ocsort,303,True
22.697368421052634,1.3744914154621057,298,30,0,5.572166052997259,1.183431952662722,3,-9.24092409240924,5,legacy12,0,regr_temporal_risk_05,35,data28-3,ocsort,303,True
22.697368421052634,1.3744914154621057,298,30,0,5.572166052997259,1.183431952662722,3,-9.24092409240924,5,legacy12,0,regr_v1,35,data28-3,ocsort,303,True
26.879699248120303,2.4566300308713167,224,0,0,7.872077779297257,4.201680672268908,2,2.1645021645021645,7,legacy12,0,geometry_reid_greedy_guard,7,data28-4,bytetrack,231,True
26.879699248120303,2.4566300308713167,224,0,0,7.872077779297257,4.201680672268908,2,2.1645021645021645,7,legacy12,0,no_refinement,7,data28-4,bytetrack,231,True
26.879699248120303,2.4566300308713167,224,0,0,7.872077779297257,4.201680672268908,2,2.1645021645021645,7,legacy12,0,regr_t_reliable_motion_min5,7,data28-4,bytetrack,231,True
26.879699248120303,2.4566300308713167,224,0,0,7.872077779297257,4.201680672268908,2,2.1645021645021645,7,legacy12,0,regr_temporal_risk_05,7,data28-4,bytetrack,231,True
26.879699248120303,2.4566300308713167,224,0,0,7.872077779297257,4.201680672268908,2,2.1645021645021645,7,legacy12,0,regr_v1,7,data28-4,bytetrack,231,True
14.369512872043233,5.4854086597775495,216,0,1,8.736787364802243,4.878048780487805,9,2.5974025974025974,15,legacy12,0,geometry_reid_greedy_guard,15,data28-4,deepocsort,231,True
14.369512872043233,5.4854086597775495,216,0,1,8.736787364802243,4.878048780487805,9,2.5974025974025974,15,legacy12,0,no_refinement,15,data28-4,deepocsort,231,True
14.369512872043233,5.4854086597775495,216,0,1,8.736787364802243,4.878048780487805,9,2.5974025974025974,15,legacy12,0,regr_t_reliable_motion_min5,15,data28-4,deepocsort,231,True
14.369512872043233,5.4854086597775495,216,0,1,8.736787364802243,4.878048780487805,9,2.5974025974025974,15,legacy12,0,regr_temporal_risk_05,15,data28-4,deepocsort,231,True
14.369512872043233,5.4854086597775495,216,0,1,8.736787364802243,4.878048780487805,9,2.5974025974025974,15,legacy12,0,regr_v1,15,data28-4,deepocsort,231,True
13.123718386876279,1.6553999647555648,227,1,0,4.643489632279759,1.694915254237288,2,0.4329004329004329,4,legacy12,0,geometry_reid_greedy_guard,5,data28-4,ocsort,231,True
13.123718386876279,1.6553999647555648,227,1,0,4.643489632279759,1.694915254237288,2,0.4329004329004329,4,legacy12,0,no_refinement,5,data28-4,ocsort,231,True
13.123718386876279,1.6553999647555648,227,1,0,4.643489632279759,1.694915254237288,2,0.4329004329004329,4,legacy12,0,regr_t_reliable_motion_min5,5,data28-4,ocsort,231,True
13.123718386876279,1.6553999647555648,227,1,0,4.643489632279759,1.694915254237288,2,0.4329004329004329,4,legacy12,0,regr_temporal_risk_05,5,data28-4,ocsort,231,True
13.123718386876279,1.6553999647555648,227,1,0,4.643489632279759,1.694915254237288,2,0.4329004329004329,4,legacy12,0,regr_v1,5,data28-4,ocsort,231,True
11.173032734913745,4.256406348411699,174,1,0,6.758545504181974,7.253886010362693,2,3.278688524590164,9,legacy12,0,geometry_reid_greedy_guard,10,data28-5,bytetrack,183,True
11.173032734913745,4.256406348411699,174,1,0,6.758545504181974,7.253886010362693,2,3.278688524590164,9,legacy12,0,no_refinement,10,data28-5,bytetrack,183,True
11.173032734913745,4.256406348411699,174,1,0,6.758545504181974,7.253886010362693,2,3.278688524590164,9,legacy12,0,regr_t_reliable_motion_min5,10,data28-5,bytetrack,183,True
11.173032734913745,4.256406348411699,174,1,0,6.758545504181974,7.253886010362693,2,3.278688524590164,9,legacy12,0,regr_temporal_risk_05,10,data28-5,bytetrack,183,True
11.173032734913745,4.256406348411699,174,1,0,6.758545504181974,7.253886010362693,2,3.278688524590164,9,legacy12,0,regr_v1,10,data28-5,bytetrack,183,True
24.321125648348136,14.840838169495049,151,7,4,18.9137249412811,22.52252252252252,6,10.382513661202186,32,legacy12,0,geometry_reid_greedy_guard,39,data28-5,deepocsort,183,True
19.897638723856513,14.840838169495049,151,7,4,17.10961703929363,17.117117117117118,12,7.103825136612022,32,legacy12,0,no_refinement,39,data28-5,deepocsort,183,True
24.321125648348136,14.840838169495049,151,7,4,18.9137249412811,22.52252252252252,6,10.382513661202186,32,legacy12,0,regr_t_reliable_motion_min5,39,data28-5,deepocsort,183,True
24.321125648348136,14.840838169495049,151,7,4,18.9137249412811,22.52252252252252,6,10.382513661202186,32,legacy12,0,regr_temporal_risk_05,39,data28-5,deepocsort,183,True
23.6125734059664,14.840838169495049,151,7,4,18.636144136819905,21.62162162162162,7,9.836065573770492,32,legacy12,0,regr_v1,39,data28-5,deepocsort,183,True
21.133105641801777,9.070715083786919,163,1,0,13.814232477913018,14.705882352941178,5,7.650273224043716,20,legacy12,0,geometry_reid_greedy_guard,21,data28-5,ocsort,183,True
13.419483192403392,9.070715083786919,163,1,0,10.938953468167652,7.8431372549019605,12,3.825136612021858,20,legacy12,0,no_refinement,21,data28-5,ocsort,183,True
21.133105641801777,9.070715083786919,163,1,0,13.814232477913018,14.705882352941178,5,7.650273224043716,20,legacy12,0,regr_t_reliable_motion_min5,21,data28-5,ocsort,183,True
21.133105641801777,9.070715083786919,163,1,0,13.814232477913018,14.705882352941178,5,7.650273224043716,20,legacy12,0,regr_temporal_risk_05,21,data28-5,ocsort,183,True
20.006238565686576,9.070715083786919,163,1,0,13.438173109594178,13.725490196078432,6,7.103825136612022,20,legacy12,0,regr_v1,21,data28-5,ocsort,183,True
7.781144354404755,1.6587791510340886,237,108,0,3.5541381917311052,2.785515320334262,1,-41.80327868852459,7,legacy12,0,geometry_reid_greedy_guard,115,data28-6,bytetrack,244,True
7.879013074143169,1.6587791510340886,237,108,0,3.5800621230816447,2.785515320334262,1,-41.80327868852459,7,legacy12,0,no_refinement,115,data28-6,bytetrack,244,True
7.879013074143169,1.6587791510340886,237,108,0,3.5800621230816447,2.785515320334262,1,-41.80327868852459,7,legacy12,0,regr_t_reliable_motion_min5,115,data28-6,bytetrack,244,True
7.781144354404755,1.6587791510340886,237,108,0,3.5541381917311052,2.785515320334262,1,-41.80327868852459,7,legacy12,0,regr_temporal_risk_05,115,data28-6,bytetrack,244,True
7.781144354404755,1.6587791510340886,237,108,0,3.5541381917311052,2.785515320334262,1,-41.80327868852459,7,legacy12,0,regr_v1,115,data28-6,bytetrack,244,True
0.0,0.0,244,34,0,0.0,0.0,0,-13.934426229508196,0,legacy12,0,geometry_reid_greedy_guard,34,data28-6,deepocsort,244,True
0.0,0.0,244,34,0,0.0,0.0,0,-13.934426229508196,0,legacy12,0,no_refinement,34,data28-6,deepocsort,244,True
0.0,0.0,244,34,0,0.0,0.0,0,-13.934426229508196,0,legacy12,0,regr_t_reliable_motion_min5,34,data28-6,deepocsort,244,True
0.0,0.0,244,34,0,0.0,0.0,0,-13.934426229508196,0,legacy12,0,regr_temporal_risk_05,34,data28-6,deepocsort,244,True
0.0,0.0,244,34,0,0.0,0.0,0,-13.934426229508196,0,legacy12,0,regr_v1,34,data28-6,deepocsort,244,True
61.9047619047619,2.2370672189455676,236,90,0,11.766755035738349,4.678362573099415,0,-33.60655737704918,8,legacy12,0,geometry_reid_greedy_guard,98,data28-6,ocsort,244,True
61.9047619047619,2.2370672189455676,236,90,0,11.766755035738349,4.678362573099415,0,-33.60655737704918,8,legacy12,0,no_refinement,98,data28-6,ocsort,244,True
61.9047619047619,2.2370672189455676,236,90,0,11.766755035738349,4.678362573099415,0,-33.60655737704918,8,legacy12,0,regr_t_reliable_motion_min5,98,data28-6,ocsort,244,True
61.9047619047619,2.2370672189455676,236,90,0,11.766755035738349,4.678362573099415,0,-33.60655737704918,8,legacy12,0,regr_temporal_risk_05,98,data28-6,ocsort,244,True
61.9047619047619,2.2370672189455676,236,90,0,11.766755035738349,4.678362573099415,0,-33.60655737704918,8,legacy12,0,regr_v1,98,data28-6,ocsort,244,True
69.42442760653265,38.853351101705584,3626,242,139,51.906735789040845,60.1679445052939,119,44.39330543933055,3544,legacy12,0,geometry_reid_greedy_guard,3786,data30-10,bytetrack,7170,True
69.23114193015621,38.83900473232031,3626,242,139,51.82253596745041,59.36473165388828,160,43.82147838214784,3544,legacy12,0,no_refinement,3786,data30-10,bytetrack,7170,True
69.43469817254545,38.853351101705584,3626,242,139,51.91062656029358,60.1679445052939,119,44.39330543933055,3544,legacy12,0,regr_t_reliable_motion_min5,3786,data30-10,bytetrack,7170,True
69.43469817254545,38.853351101705584,3626,242,139,51.91062656029358,60.1679445052939,119,44.39330543933055,3544,legacy12,0,regr_temporal_risk_05,3786,data30-10,bytetrack,7170,True
69.01379139391706,38.833414489890785,3626,242,139,51.738068301173534,59.63855421686747,132,44.21199442119944,3544,legacy12,0,regr_v1,3786,data30-10,bytetrack,7170,True
80.75559166534563,49.7484625360987,2854,246,119,63.029364289191584,72.3491305830208,11,56.610878661087874,4316,legacy12,0,geometry_reid_greedy_guard,4562,data30-10,deepocsort,7170,True
80.73705336117548,49.7484625360987,2854,246,119,63.01979712615303,72.45141493351517,22,56.457461645746164,4316,legacy12,0,no_refinement,4562,data30-10,deepocsort,7170,True
80.78630709864262,49.7484625360987,2854,246,119,63.04120809574955,72.36617797476987,11,56.610878661087874,4316,legacy12,0,regr_t_reliable_motion_min5,4562,data30-10,deepocsort,7170,True
80.75559166534563,49.7484625360987,2854,246,119,63.029364289191584,72.3491305830208,11,56.610878661087874,4316,legacy12,0,regr_temporal_risk_05,4562,data30-10,deepocsort,7170,True
80.70528530079277,49.7484625360987,2854,246,119,63.00847668472574,72.2979884077736,13,56.582984658298464,4316,legacy12,0,regr_v1,4562,data30-10,deepocsort,7170,True
78.22548055287412,38.73398311432559,3962,209,81,54.91580760956178,58.41125909133843,55,41.05997210599721,3208,legacy12,0,geometry_reid_greedy_guard,3417,data30-10,ocsort,7170,True
77.8775592286542,38.74103590356848,3962,209,81,54.79544119701424,57.08888259185794,127,40.055788005578805,3208,legacy12,0,no_refinement,3417,data30-10,ocsort,7170,True
78.22214047292651,38.73398311432559,3962,209,81,54.91484535756553,58.41125909133843,55,41.05997210599721,3208,legacy12,0,regr_t_reliable_motion_min5,3417,data30-10,ocsort,7170,True
78.22214047292651,38.73398311432559,3962,209,81,54.91484535756553,58.41125909133843,55,41.05997210599721,3208,legacy12,0,regr_temporal_risk_05,3417,data30-10,ocsort,7170,True
78.12136346989413,38.74103590356848,3962,209,81,54.88323201806162,58.18456597714178,64,40.93444909344491,3208,legacy12,0,regr_v1,3417,data30-10,ocsort,7170,True
43.6951347293655,33.49184453080649,2516,199,245,38.21369731975732,47.06588623743059,294,32.98440979955456,1974,legacy12,0,geometry_reid_greedy_guard,2173,data30-2,bytetrack,4490,True
39.787727814965315,33.5835480283104,2516,199,245,36.507515902050834,42.41332733003152,404,30.534521158129174,1974,legacy12,0,no_refinement,2173,data30-2,bytetrack,4490,True
43.52776477478901,33.49184453080649,2516,199,245,38.139093228135,46.88578718295062,293,33.00668151447662,1974,legacy12,0,regr_t_reliable_motion_min5,2173,data30-2,bytetrack,4490,True
43.632619458075375,33.49184453080649,2516,199,245,38.18540465781748,46.975836710190606,292,33.02895322939866,1974,legacy12,0,regr_temporal_risk_05,2173,data30-2,bytetrack,4490,True
42.494089735074205,33.4840467833336,2516,199,245,37.67716528875916,45.41497823803092,358,31.55902004454343,1974,legacy12,0,regr_v1,2173,data30-2,bytetrack,4490,True
77.67394311920191,51.686644726745776,1589,235,113,62.97297998377036,74.77052189876737,16,59.02004454342984,2901,legacy12,0,geometry_reid_greedy_guard,3136,data30-2,deepocsort,4490,True
77.24801245011284,51.686644726745776,1589,235,113,62.786613013502816,74.08864411224756,32,58.66369710467706,2901,legacy12,0,no_refinement,3136,data30-2,deepocsort,4490,True
77.67394311920191,51.686644726745776,1589,235,113,62.97297998377036,74.77052189876737,16,59.02004454342984,2901,legacy12,0,regr_t_reliable_motion_min5,3136,data30-2,deepocsort,4490,True
77.67394311920191,51.686644726745776,1589,235,113,62.97297998377036,74.77052189876737,16,59.02004454342984,2901,legacy12,0,regr_temporal_risk_05,3136,data30-2,deepocsort,4490,True
77.41746980116103,51.686644726745776,1589,235,113,62.86181788578955,74.45580907421977,20,58.930957683741646,2901,legacy12,0,regr_v1,3136,data30-2,deepocsort,4490,True
44.90024452646812,23.707040306420318,3273,138,154,32.56116348881113,36.47562018819504,76,22.338530066815146,1217,legacy12,0,geometry_reid_greedy_guard,1355,data30-2,ocsort,4490,True
40.33858175760556,23.707040306420318,3273,138,154,30.858664954479124,33.19076133447391,149,20.71269487750557,1217,legacy12,0,no_refinement,1355,data30-2,ocsort,4490,True
44.564273681218616,23.707040306420318,3273,138,154,32.438501268325815,36.23609923011121,81,22.2271714922049,1217,legacy12,0,regr_t_reliable_motion_min5,1355,data30-2,ocsort,4490,True
44.90024452646812,23.707040306420318,3273,138,154,32.56116348881113,36.47562018819504,76,22.338530066815146,1217,legacy12,0,regr_temporal_risk_05,1355,data30-2,ocsort,4490,True
43.419256437697015,23.707040306420318,3273,138,154,32.022662613074885,35.20958083832335,107,21.648106904231625,1217,legacy12,0,regr_v1,1355,data30-2,ocsort,4490,True
26.883456476358305,29.119876840501117,2248,265,259,27.823262038134732,32.790406300340074,252,26.948480845442536,1537,legacy12,0,geometry_reid_greedy_guard,1802,data30-3,bytetrack,3785,True
22.113407377116285,29.15640290174995,2248,265,259,25.170404115593907,26.52586361195633,375,23.69881109643329,1537,legacy12,0,no_refinement,1802,data30-3,bytetrack,3785,True
26.901322390293707,29.119876840501117,2248,265,259,27.832568240900677,32.82620368713084,253,26.922060766182298,1537,legacy12,0,regr_t_reliable_motion_min5,1802,data30-3,bytetrack,3785,True
26.901322390293707,29.119876840501117,2248,265,259,27.832568240900677,32.82620368713084,253,26.922060766182298,1537,legacy12,0,regr_temporal_risk_05,1802,data30-3,bytetrack,3785,True
26.2908255504271,29.13829095496803,2248,265,259,27.503281693172752,31.322713441918744,285,26.07661822985469,1537,legacy12,0,regr_v1,1802,data30-3,bytetrack,3785,True
72.46386051651508,48.639653472027135,1290,267,110,58.86312821865417,73.83534443256453,18,58.388375165125495,2495,legacy12,0,geometry_reid_greedy_guard,2762,data30-3,deepocsort,3785,True
71.82589217210193,48.639653472027135,1290,267,110,58.5825811995513,73.04108752100198,26,58.17701453104359,2495,legacy12,0,no_refinement,2762,data30-3,deepocsort,3785,True
72.61848225332018,48.639653472027135,1290,267,110,58.926290856442584,73.92698946082174,18,58.388375165125495,2495,legacy12,0,regr_t_reliable_motion_min5,2762,data30-3,deepocsort,3785,True
72.46386051651508,48.639653472027135,1290,267,110,58.86312821865417,73.83534443256453,18,58.388375165125495,2495,legacy12,0,regr_temporal_risk_05,2762,data30-3,deepocsort,3785,True
72.32147981897201,48.639653472027135,1290,267,110,58.80206617543685,73.71315106155491,21,58.30911492734479,2495,legacy12,0,regr_v1,2762,data30-3,deepocsort,3785,True
25.446533214152765,23.085007841567617,2733,122,128,24.101741820806254,25.529340592861466,152,20.554821664464992,1052,legacy12,0,geometry_reid_greedy_guard,1174,data30-3,ocsort,3785,True
22.79756644181847,23.085007841567617,2733,122,128,22.771731208631785,21.697922968340393,239,18.25627476882431,1052,legacy12,0,no_refinement,1174,data30-3,ocsort,3785,True
24.239593214752116,23.085007841567617,2733,122,128,23.509983864149024,24.924379915305504,153,20.528401585204755,1052,legacy12,0,regr_t_reliable_motion_min5,1174,data30-3,ocsort,3785,True
25.446533214152765,23.085007841567617,2733,122,128,24.101741820806254,25.529340592861466,152,20.554821664464992,1052,legacy12,0,regr_temporal_risk_05,1174,data30-3,ocsort,3785,True
24.652899548078203,23.085007841567617,2733,122,128,23.711221145713772,24.601734220608996,172,20.026420079260237,1052,legacy12,0,regr_v1,1174,data30-3,ocsort,3785,True
29.767750748310966,39.752440845009225,1448,210,127,34.29901302489124,38.81769326167838,216,38.314680710994075,1590,legacy12,0,geometry_reid_greedy_guard,1800,data30-4,bytetrack,3038,True
29.2622025525957,39.774300108072254,1448,210,127,34.011313077993336,37.4948325754444,249,37.22843976300197,1590,legacy12,0,no_refinement,1800,data30-4,bytetrack,3038,True
29.763957591366292,39.752440845009225,1448,210,127,34.297251388453915,38.81769326167838,221,38.15009874917709,1590,legacy12,0,regr_t_reliable_motion_min5,1800,data30-4,bytetrack,3038,True
29.772275138418326,39.752440845009225,1448,210,127,34.30181204792755,38.85903265812319,218,38.24884792626728,1590,legacy12,0,regr_temporal_risk_05,1800,data30-4,bytetrack,3038,True
29.594249038862124,39.774300108072254,1448,210,127,34.2065492205501,38.23894171145101,223,38.084265964450296,1590,legacy12,0,regr_v1,1800,data30-4,bytetrack,3038,True
78.86952935481996,58.10840225388173,789,138,73,67.30179043724841,80.33179723502303,14,69.02567478604344,2249,legacy12,0,geometry_reid_greedy_guard,2387,data30-4,deepocsort,3038,True
76.40709688832268,58.10840225388173,789,138,73,66.19927191479177,78.11981566820276,34,68.36734693877551,2249,legacy12,0,no_refinement,2387,data30-4,deepocsort,3038,True
78.27763666959149,58.10840225388173,789,138,73,67.04605892728385,79.81566820276498,15,68.99275839368005,2249,legacy12,0,regr_t_reliable_motion_min5,2387,data30-4,deepocsort,3038,True
78.86952935481996,58.10840225388173,789,138,73,67.30179043724841,80.33179723502303,14,69.02567478604344,2249,legacy12,0,regr_temporal_risk_05,2387,data30-4,deepocsort,3038,True
78.94349380688156,58.10840225388173,789,138,73,67.33437730981797,80.51612903225806,15,68.99275839368005,2249,legacy12,0,regr_v1,2387,data30-4,deepocsort,3038,True
28.53177265439122,35.51933341772164,1753,126,121,31.773915065712146,32.7714093054619,138,33.607636603028304,1285,legacy12,0,geometry_reid_greedy_guard,1411,data30-4,ocsort,3038,True
25.78397662581726,35.51933341772164,1753,126,121,30.207221638290445,30.47875927174646,162,32.81764318630678,1285,legacy12,0,no_refinement,1411,data30-4,ocsort,3038,True
27.100493989668077,35.51933341772164,1753,126,121,30.960205893523778,32.09710047201618,140,33.54180381830151,1285,legacy12,0,regr_t_reliable_motion_min5,1411,data30-4,ocsort,3038,True
28.53177265439122,35.51933341772164,1753,126,121,31.773915065712146,32.7714093054619,138,33.607636603028304,1285,legacy12,0,regr_temporal_risk_05,1411,data30-4,ocsort,3038,True
28.341255346253263,35.51933341772164,1753,126,121,31.670366652942484,32.72645538323219,139,33.57472021066491,1285,legacy12,0,regr_v1,1411,data30-4,ocsort,3038,True
66.80518655711649,24.603776133846928,1821,88,28,40.527624918722395,44.47552447552447,19,27.354935945742277,833,legacy12,0,geometry_reid_greedy_guard,921,data30-5,bytetrack,2654,True
62.03510526913569,24.603776133846928,1821,88,28,39.0528206720099,42.57342657342657,29,26.978146194423513,833,legacy12,0,no_refinement,921,data30-5,bytetrack,2654,True
63.39875584908191,24.603776133846928,1821,88,28,39.48074882988186,43.07692307692308,21,27.279577995478522,833,legacy12,0,regr_t_reliable_motion_min5,921,data30-5,bytetrack,2654,True
66.80518655711649,24.603776133846928,1821,88,28,40.527624918722395,44.47552447552447,19,27.354935945742277,833,legacy12,0,regr_temporal_risk_05,921,data30-5,bytetrack,2654,True
66.78198227283599,24.603776133846928,1821,88,28,40.52052326679607,44.36363636363637,21,27.279577995478522,833,legacy12,0,regr_v1,921,data30-5,bytetrack,2654,True
73.30973222240267,38.76732668116199,1349,104,41,52.96408340546562,63.696775781442284,3,45.139412207987945,1305,legacy12,0,geometry_reid_greedy_guard,1409,data30-5,deepocsort,2654,True
73.37853819957401,38.76732668116199,1349,104,41,52.990325047399324,63.844449913856764,3,45.139412207987945,1305,legacy12,0,no_refinement,1409,data30-5,deepocsort,2654,True
73.3826322687948,38.76732668116199,1349,104,41,52.99188468294752,63.89367462466158,2,45.17709118311982,1305,legacy12,0,regr_t_reliable_motion_min5,1409,data30-5,deepocsort,2654,True
73.30973222240267,38.76732668116199,1349,104,41,52.96408340546562,63.696775781442284,3,45.139412207987945,1305,legacy12,0,regr_temporal_risk_05,1409,data30-5,deepocsort,2654,True
73.30973222240267,38.76732668116199,1349,104,41,52.96408340546562,63.696775781442284,3,45.139412207987945,1305,legacy12,0,regr_v1,1409,data30-5,deepocsort,2654,True
75.43809139933816,26.095755322619148,1845,50,10,44.31674297402376,44.69114716766296,8,28.29691032403919,809,legacy12,0,geometry_reid_greedy_guard,859,data30-5,ocsort,2654,True
67.86818849640565,26.095755322619148,1845,50,10,42.015023071780625,40.70594933105608,29,27.505651846269778,809,legacy12,0,no_refinement,859,data30-5,ocsort,2654,True
72.95966361965014,26.095755322619148,1845,50,10,43.56878033251162,43.381725021349276,9,28.25923134890731,809,legacy12,0,regr_t_reliable_motion_min5,859,data30-5,ocsort,2654,True
75.43809139933816,26.095755322619148,1845,50,10,44.31674297402376,44.69114716766296,8,28.29691032403919,809,legacy12,0,regr_temporal_risk_05,859,data30-5,ocsort,2654,True
75.23822102402382,26.095755322619148,1845,50,10,44.25687689154451,44.349558781668094,14,28.07083647324793,809,legacy12,0,regr_v1,859,data30-5,ocsort,2654,True
71.4275284663004,24.737512545535253,2503,141,56,41.93945722484489,43.25315939665715,54,25.756741882223444,1131,legacy12,0,geometry_reid_greedy_guard,1272,data30-9,bytetrack,3634,True
70.05500345874796,24.72862098546648,2503,141,56,41.5137507158427,41.826335099877696,85,24.903687396807925,1131,legacy12,0,no_refinement,1272,data30-9,bytetrack,3634,True
71.41336033257019,24.737512545535253,2503,141,56,41.93516181230269,43.25315939665715,53,25.784259768849754,1131,legacy12,0,regr_t_reliable_motion_min5,1272,data30-9,bytetrack,3634,True
71.41336033257019,24.737512545535253,2503,141,56,41.93516181230269,43.25315939665715,53,25.784259768849754,1131,legacy12,0,regr_temporal_risk_05,1272,data30-9,bytetrack,3634,True
71.02447872633778,24.737512545535253,2503,141,56,41.81772578452837,42.80472890338361,56,25.70170610897083,1131,legacy12,0,regr_v1,1272,data30-9,bytetrack,3634,True
74.74544671816803,40.16742711177114,1781,185,86,54.12733623990981,64.77433004231312,6,45.7347275729224,1853,legacy12,0,geometry_reid_greedy_guard,2038,data30-9,deepocsort,3634,True
74.63380869512628,40.16742711177114,1781,185,86,54.08131299594031,64.70380818053597,10,45.62465602641717,1853,legacy12,0,no_refinement,2038,data30-9,deepocsort,3634,True
74.68371136175298,40.16742711177114,1781,185,86,54.1014600143475,64.84485190409028,7,45.70720968629609,1853,legacy12,0,regr_t_reliable_motion_min5,2038,data30-9,deepocsort,3634,True
74.74544671816803,40.16742711177114,1781,185,86,54.12733623990981,64.77433004231312,6,45.7347275729224,1853,legacy12,0,regr_temporal_risk_05,2038,data30-9,deepocsort,3634,True
74.66899008012584,40.16742711177114,1781,185,86,54.096848849244026,64.63328631875882,7,45.70720968629609,1853,legacy12,0,regr_v1,2038,data30-9,deepocsort,3634,True
73.71993503927948,26.253457198097724,2531,122,26,43.8193688012454,43.58921588804281,28,26.224545954870663,1103,legacy12,0,geometry_reid_greedy_guard,1225,data30-9,ocsort,3634,True
72.6332864112761,26.253457198097724,2531,122,26,43.478030659029685,40.37867874048158,100,24.243258117776556,1103,legacy12,0,no_refinement,1225,data30-9,ocsort,3634,True
73.73836078769263,26.253457198097724,2531,122,26,43.825058123052216,43.63037662070385,26,26.27958172812328,1103,legacy12,0,regr_t_reliable_motion_min5,1225,data30-9,ocsort,3634,True
73.73836078769263,26.253457198097724,2531,122,26,43.825058123052216,43.63037662070385,26,26.27958172812328,1103,legacy12,0,regr_temporal_risk_05,1225,data30-9,ocsort,3634,True
73.4081963629709,26.253457198097724,2531,122,26,43.72081554010805,42.395554640872604,59,25.371491469455147,1103,legacy12,0,regr_v1,1225,data30-9,ocsort,3634,True
