AssA,DetA,FN,FP,Frag,HOTA,IDF1,IDSW,MOTA,TP,family,invalid_class_instances,method,predicted_boxes,sequence,tracker,valid_gt_boxes,valid_output
75.00092565066933,73.27896888613189,176,2,42,74.06111781139208,82.96795952782462,71,80.43990573448548,1097,confirmation38,0,geometry_greedy,1099,data23-1,bytetrack,1273,True
75.1758433119087,73.19498325255908,176,2,42,74.10732597462379,82.96795952782462,65,80.91123330714846,1097,confirmation38,0,geometry_reid_greedy,1099,data23-1,bytetrack,1273,True
74.56894942662198,73.45408625203422,176,2,42,73.92986936703585,81.70320404721754,89,79.02592301649646,1097,confirmation38,0,no_refinement,1099,data23-1,bytetrack,1273,True
74.98050963357471,73.45408625203422,176,2,42,74.13733443988501,82.63069139966274,71,80.43990573448548,1097,confirmation38,0,partial_hungarian_u080,1099,data23-1,bytetrack,1273,True
74.98050963357471,73.45408625203422,176,2,42,74.13733443988501,82.63069139966274,71,80.43990573448548,1097,confirmation38,0,partial_hungarian_u100,1099,data23-1,bytetrack,1273,True
75.16238764392739,73.19498325255908,176,2,42,74.10060729317827,82.96795952782462,65,80.91123330714846,1097,confirmation38,0,regr_final,1099,data23-1,bytetrack,1273,True
75.02401114393172,73.27896888613189,176,2,42,74.07271443468312,82.88364249578414,66,80.83267871170463,1097,confirmation38,0,regr_final_motion_always,1099,data23-1,bytetrack,1273,True
75.1758433119087,73.19498325255908,176,2,42,74.10732597462379,82.96795952782462,65,80.91123330714846,1097,confirmation38,0,regr_final_no_gap,1099,data23-1,bytetrack,1273,True
75.16238764392739,73.19498325255908,176,2,42,74.10060729317827,82.96795952782462,65,80.91123330714846,1097,confirmation38,0,regr_final_no_motion,1099,data23-1,bytetrack,1273,True
75.16238764392739,73.19498325255908,176,2,42,74.10060729317827,82.96795952782462,65,80.91123330714846,1097,confirmation38,0,regr_final_no_reciprocal,1099,data23-1,bytetrack,1273,True
75.16238764392739,73.19498325255908,176,2,42,74.10060729317827,82.96795952782462,65,80.91123330714846,1097,confirmation38,0,regr_t,1099,data23-1,bytetrack,1273,True
75.16238764392739,73.19498325255908,176,2,42,74.10060729317827,82.96795952782462,65,80.91123330714846,1097,confirmation38,0,regr_tg_old,1099,data23-1,bytetrack,1273,True
75.02538330127744,73.45408625203422,176,2,42,74.15976179476344,82.71500843170321,71,80.43990573448548,1097,confirmation38,0,s2_h_cond_w3_endpoint_c50_r100,1099,data23-1,bytetrack,1273,True
96.15847249999845,94.10840534171247,75,0,4,95.12791654961109,96.2363415621206,2,93.95129615082483,1198,confirmation38,0,geometry_greedy,1198,data23-1,deepocsort,1273,True
96.15847249999845,94.10840534171247,75,0,4,95.12791654961109,96.2363415621206,2,93.95129615082483,1198,confirmation38,0,geometry_reid_greedy,1198,data23-1,deepocsort,1273,True
94.4556344365594,94.10840534171247,75,0,4,94.28186003873891,95.10319708619991,3,93.87274155538098,1198,confirmation38,0,no_refinement,1198,data23-1,deepocsort,1273,True
96.15847249999845,94.10840534171247,75,0,4,95.12791654961109,96.2363415621206,2,93.95129615082483,1198,confirmation38,0,partial_hungarian_u080,1198,data23-1,deepocsort,1273,True
96.15847249999845,94.10840534171247,75,0,4,95.12791654961109,96.2363415621206,2,93.95129615082483,1198,confirmation38,0,partial_hungarian_u100,1198,data23-1,deepocsort,1273,True
96.15847249999845,94.10840534171247,75,0,4,95.12791654961109,96.2363415621206,2,93.95129615082483,1198,confirmation38,0,regr_final,1198,data23-1,deepocsort,1273,True
96.15847249999845,94.10840534171247,75,0,4,95.12791654961109,96.2363415621206,2,93.95129615082483,1198,confirmation38,0,regr_final_motion_always,1198,data23-1,deepocsort,1273,True
96.15847249999845,94.10840534171247,75,0,4,95.12791654961109,96.2363415621206,2,93.95129615082483,1198,confirmation38,0,regr_final_no_gap,1198,data23-1,deepocsort,1273,True
96.15847249999845,94.10840534171247,75,0,4,95.12791654961109,96.2363415621206,2,93.95129615082483,1198,confirmation38,0,regr_final_no_motion,1198,data23-1,deepocsort,1273,True
96.15847249999845,94.10840534171247,75,0,4,95.12791654961109,96.2363415621206,2,93.95129615082483,1198,confirmation38,0,regr_final_no_reciprocal,1198,data23-1,deepocsort,1273,True
96.15847249999845,94.10840534171247,75,0,4,95.12791654961109,96.2363415621206,2,93.95129615082483,1198,confirmation38,0,regr_t,1198,data23-1,deepocsort,1273,True
94.4556344365594,94.10840534171247,75,0,4,94.28186003873891,95.10319708619991,3,93.87274155538098,1198,confirmation38,0,regr_tg_old,1198,data23-1,deepocsort,1273,True
96.15847249999845,94.10840534171247,75,0,4,95.12791654961109,96.2363415621206,2,93.95129615082483,1198,confirmation38,0,s2_h_cond_w3_endpoint_c50_r100,1198,data23-1,deepocsort,1273,True
77.38450473751308,73.36999214454046,339,0,25,75.35051761401836,75.4870865428183,36,70.54202670856246,934,confirmation38,0,geometry_greedy,934,data23-1,ocsort,1273,True
77.3997579741191,73.36999214454046,339,0,25,75.35794340711833,75.4870865428183,34,70.69913589945011,934,confirmation38,0,geometry_reid_greedy,934,data23-1,ocsort,1273,True
77.32972948804931,73.36999214454046,339,0,25,75.32384512939852,75.0339827820571,44,69.91358994501178,934,confirmation38,0,no_refinement,934,data23-1,ocsort,1273,True
77.38958663734778,73.36999214454046,339,0,25,75.35299173656902,75.39646579066607,36,70.54202670856246,934,confirmation38,0,partial_hungarian_u080,934,data23-1,ocsort,1273,True
77.38958663734778,73.36999214454046,339,0,25,75.35299173656902,75.39646579066607,36,70.54202670856246,934,confirmation38,0,partial_hungarian_u100,934,data23-1,ocsort,1273,True
77.3997579741191,73.36999214454046,339,0,25,75.35794340711833,75.4870865428183,34,70.69913589945011,934,confirmation38,0,regr_final,934,data23-1,ocsort,1273,True
77.3997579741191,73.36999214454046,339,0,25,75.35794340711833,75.4870865428183,34,70.69913589945011,934,confirmation38,0,regr_final_motion_always,934,data23-1,ocsort,1273,True
77.3997579741191,73.36999214454046,339,0,25,75.35794340711833,75.4870865428183,34,70.69913589945011,934,confirmation38,0,regr_final_no_gap,934,data23-1,ocsort,1273,True
77.3997579741191,73.36999214454046,339,0,25,75.35794340711833,75.4870865428183,34,70.69913589945011,934,confirmation38,0,regr_final_no_motion,934,data23-1,ocsort,1273,True
77.3997579741191,73.36999214454046,339,0,25,75.35794340711833,75.4870865428183,34,70.69913589945011,934,confirmation38,0,regr_final_no_reciprocal,934,data23-1,ocsort,1273,True
77.3997579741191,73.36999214454046,339,0,25,75.35794340711833,75.4870865428183,34,70.69913589945011,934,confirmation38,0,regr_t,934,data23-1,ocsort,1273,True
77.3997579741191,73.36999214454046,339,0,25,75.35794340711833,75.4870865428183,34,70.69913589945011,934,confirmation38,0,regr_tg_old,934,data23-1,ocsort,1273,True
77.38958663734778,73.36999214454046,339,0,25,75.35299173656902,75.39646579066607,36,70.54202670856246,934,confirmation38,0,s2_h_cond_w3_endpoint_c50_r100,934,data23-1,ocsort,1273,True
52.54990663460932,48.81567232465837,4535,35,814,50.32063133187415,54.958252316138626,642,52.588010552169564,6458,confirmation38,0,geometry_greedy,6493,data24-1,bytetrack,10993,True
53.49880746336798,48.80584916618158,4535,35,814,50.78189187898663,56.22783941438866,638,52.624397343764215,6458,confirmation38,0,geometry_reid_greedy,6493,data24-1,bytetrack,10993,True
50.40660245714715,48.80584916618158,4535,35,814,49.219328860254116,51.023676083724126,1045,48.92204129900846,6458,confirmation38,0,no_refinement,6493,data24-1,bytetrack,10993,True
53.390120989958014,48.79833641178051,4535,35,814,50.71265654718948,55.061191810591325,700,52.06040207404712,6458,confirmation38,0,partial_hungarian_u080,6493,data24-1,bytetrack,10993,True
52.892539107874825,48.79833641178051,4535,35,814,50.476673720924495,55.061191810591325,701,52.05130537614846,6458,confirmation38,0,partial_hungarian_u100,6493,data24-1,bytetrack,10993,True
53.997714229599936,48.80584916618158,4535,35,814,51.01717019682322,56.22783941438866,639,52.615300645865545,6458,confirmation38,0,regr_final,6493,data24-1,bytetrack,10993,True
53.85778888030327,48.80584916618158,4535,35,814,50.94830892875842,55.976209539059816,648,52.53343036477759,6458,confirmation38,0,regr_final_motion_always,6493,data24-1,bytetrack,10993,True
53.99428625943623,48.80584916618158,4535,35,814,51.01547498427475,56.22783941438866,638,52.624397343764215,6458,confirmation38,0,regr_final_no_gap,6493,data24-1,bytetrack,10993,True
53.50223543353169,48.80584916618158,4535,35,814,50.7835947458139,56.22783941438866,639,52.615300645865545,6458,confirmation38,0,regr_final_no_motion,6493,data24-1,bytetrack,10993,True
53.997714229599936,48.80584916618158,4535,35,814,51.01717019682322,56.22783941438866,639,52.615300645865545,6458,confirmation38,0,regr_final_no_reciprocal,6493,data24-1,bytetrack,10993,True
53.50223543353169,48.80584916618158,4535,35,814,50.7835947458139,56.22783941438866,639,52.615300645865545,6458,confirmation38,0,regr_t,6493,data24-1,bytetrack,10993,True
53.90731714894985,48.80584916618158,4535,35,814,50.97268206639907,56.22783941438866,640,52.60620394796689,6458,confirmation38,0,regr_tg_old,6493,data24-1,bytetrack,10993,True
53.32006567591389,48.80584916618158,4535,35,814,50.68190681890138,55.11838041862062,714,51.933048303465846,6458,confirmation38,0,s2_h_cond_w3_endpoint_c50_r100,6493,data24-1,bytetrack,10993,True
76.75788905560249,77.42051455210834,2476,0,247,77.0884896071831,77.35520246027679,158,76.03929773492223,8517,confirmation38,0,geometry_greedy,8517,data24-1,deepocsort,10993,True
77.96627314255599,77.43665017512527,2476,0,247,77.70100988113835,77.76524859046643,135,76.24852178659147,8517,confirmation38,0,geometry_reid_greedy,8517,data24-1,deepocsort,10993,True
76.04929938496322,77.4510893114479,2476,0,247,76.74699347560527,75.1922091235264,243,75.26607841353588,8517,confirmation38,0,no_refinement,8517,data24-1,deepocsort,10993,True
77.83100956285945,77.40438170895193,2476,0,247,77.61740226832315,77.9600205023065,143,76.17574820340216,8517,confirmation38,0,partial_hungarian_u080,8517,data24-1,deepocsort,10993,True
78.22504851723737,77.40438170895193,2476,0,247,77.81363296997509,78.40082009226037,142,76.18484490130083,8517,confirmation38,0,partial_hungarian_u100,8517,data24-1,deepocsort,10993,True
77.92616063044765,77.43665017512527,2476,0,247,77.681019290828,77.76524859046643,135,76.24852178659147,8517,confirmation38,0,regr_final,8517,data24-1,deepocsort,10993,True
77.92616063044765,77.43665017512527,2476,0,247,77.681019290828,77.76524859046643,135,76.24852178659147,8517,confirmation38,0,regr_final_motion_always,8517,data24-1,deepocsort,10993,True
77.96627314255599,77.43665017512527,2476,0,247,77.70100988113835,77.76524859046643,135,76.24852178659147,8517,confirmation38,0,regr_final_no_gap,8517,data24-1,deepocsort,10993,True
77.92616063044765,77.43665017512527,2476,0,247,77.681019290828,77.76524859046643,135,76.24852178659147,8517,confirmation38,0,regr_final_no_motion,8517,data24-1,deepocsort,10993,True
77.91471243624933,77.43665017512527,2476,0,247,77.67531299116752,77.65248590466427,135,76.24852178659147,8517,confirmation38,0,regr_final_no_reciprocal,8517,data24-1,deepocsort,10993,True
77.92616063044765,77.43665017512527,2476,0,247,77.681019290828,77.76524859046643,135,76.24852178659147,8517,confirmation38,0,regr_t,8517,data24-1,deepocsort,10993,True
77.96170271741791,77.43665017512527,2476,0,247,77.69873217703437,77.65248590466427,136,76.2394250886928,8517,confirmation38,0,regr_tg_old,8517,data24-1,deepocsort,10993,True
77.83230314201258,77.43665017512527,2476,0,247,77.63422408957199,77.76524859046643,144,76.1666515055035,8517,confirmation38,0,s2_h_cond_w3_endpoint_c50_r100,8517,data24-1,deepocsort,10993,True
61.5305899948639,40.62827898916796,6518,0,207,49.99881934961793,48.78458753555728,212,38.77922314199945,4475,confirmation38,0,geometry_greedy,4475,data24-1,ocsort,10993,True
61.86279995332006,40.62827898916796,6518,0,207,50.133612025657825,49.00439617274373,206,38.83380332939143,4475,confirmation38,0,geometry_reid_greedy,4475,data24-1,ocsort,10993,True
61.110810628924824,40.62827898916796,6518,0,207,49.8279743089775,48.202741143004914,254,38.39716183025562,4475,confirmation38,0,no_refinement,4475,data24-1,ocsort,10993,True
61.859322607306865,40.62827898916796,6518,0,207,50.132202985312055,49.01732609257823,208,38.815609933594104,4475,confirmation38,0,partial_hungarian_u080,4475,data24-1,ocsort,10993,True
61.859322607306865,40.62827898916796,6518,0,207,50.132202985312055,49.01732609257823,208,38.815609933594104,4475,confirmation38,0,partial_hungarian_u100,4475,data24-1,ocsort,10993,True
61.86279995332006,40.62827898916796,6518,0,207,50.133612025657825,49.00439617274373,206,38.83380332939143,4475,confirmation38,0,regr_final,4475,data24-1,ocsort,10993,True
61.84710130895965,40.62827898916796,6518,0,207,50.127250531625336,48.95267649340574,208,38.815609933594104,4475,confirmation38,0,regr_final_motion_always,4475,data24-1,ocsort,10993,True
61.86279995332006,40.62827898916796,6518,0,207,50.133612025657825,49.00439617274373,206,38.83380332939143,4475,confirmation38,0,regr_final_no_gap,4475,data24-1,ocsort,10993,True
61.86279995332006,40.62827898916796,6518,0,207,50.133612025657825,49.00439617274373,206,38.83380332939143,4475,confirmation38,0,regr_final_no_motion,4475,data24-1,ocsort,10993,True
61.86279995332006,40.62827898916796,6518,0,207,50.133612025657825,49.00439617274373,206,38.83380332939143,4475,confirmation38,0,regr_final_no_reciprocal,4475,data24-1,ocsort,10993,True
61.86279995332006,40.62827898916796,6518,0,207,50.133612025657825,49.00439617274373,206,38.83380332939143,4475,confirmation38,0,regr_t,4475,data24-1,ocsort,10993,True
61.98923087918502,40.62827898916796,6518,0,207,50.184815686344166,49.00439617274373,206,38.83380332939143,4475,confirmation38,0,regr_tg_old,4475,data24-1,ocsort,10993,True
61.8602486871052,40.62827898916796,6518,0,207,50.13257824197287,49.01732609257823,207,38.82470663149277,4475,confirmation38,0,s2_h_cond_w3_endpoint_c50_r100,4475,data24-1,ocsort,10993,True
33.43222418514879,28.742828885263354,132,0,4,30.986173672844288,41.17647058823529,14,27.722772277227726,70,confirmation38,0,geometry_greedy,70,data27-1,bytetrack,202,True
33.43222418514879,28.742828885263354,132,0,4,30.986173672844288,41.17647058823529,14,27.722772277227726,70,confirmation38,0,geometry_reid_greedy,70,data27-1,bytetrack,202,True
29.221354800918657,28.742828885263354,132,0,4,28.961808012705532,35.294117647058826,20,24.752475247524753,70,confirmation38,0,no_refinement,70,data27-1,bytetrack,202,True
32.398531027449714,28.742828885263354,132,0,4,30.501846274238975,38.23529411764706,18,25.742574257425744,70,confirmation38,0,partial_hungarian_u080,70,data27-1,bytetrack,202,True
32.398531027449714,28.742828885263354,132,0,4,30.501846274238975,38.23529411764706,18,25.742574257425744,70,confirmation38,0,partial_hungarian_u100,70,data27-1,bytetrack,202,True
33.43222418514879,28.742828885263354,132,0,4,30.986173672844288,41.17647058823529,14,27.722772277227726,70,confirmation38,0,regr_final,70,data27-1,bytetrack,202,True
33.43222418514879,28.742828885263354,132,0,4,30.986173672844288,41.17647058823529,14,27.722772277227726,70,confirmation38,0,regr_final_motion_always,70,data27-1,bytetrack,202,True
33.43222418514879,28.742828885263354,132,0,4,30.986173672844288,41.17647058823529,14,27.722772277227726,70,confirmation38,0,regr_final_no_gap,70,data27-1,bytetrack,202,True
33.43222418514879,28.742828885263354,132,0,4,30.986173672844288,41.17647058823529,14,27.722772277227726,70,confirmation38,0,regr_final_no_motion,70,data27-1,bytetrack,202,True
33.43222418514879,28.742828885263354,132,0,4,30.986173672844288,41.17647058823529,14,27.722772277227726,70,confirmation38,0,regr_final_no_reciprocal,70,data27-1,bytetrack,202,True
33.43222418514879,28.742828885263354,132,0,4,30.986173672844288,41.17647058823529,14,27.722772277227726,70,confirmation38,0,regr_t,70,data27-1,bytetrack,202,True
31.76635667754626,28.742828885263354,132,0,4,30.200508117702356,37.5,19,25.247524752475247,70,confirmation38,0,regr_tg_old,70,data27-1,bytetrack,202,True
32.488054585083894,28.742828885263354,132,0,4,30.5436573555141,38.970588235294116,17,26.237623762376238,70,confirmation38,0,s2_h_cond_w3_endpoint_c50_r100,70,data27-1,bytetrack,202,True
77.61188764723649,61.88118811881188,77,0,3,69.30162927200726,72.78287461773701,5,59.4059405940594,125,confirmation38,0,geometry_greedy,125,data27-1,deepocsort,202,True
77.61188764723649,61.88118811881188,77,0,3,69.30162927200726,72.78287461773701,5,59.4059405940594,125,confirmation38,0,geometry_reid_greedy,125,data27-1,deepocsort,202,True
77.61188764723649,61.88118811881188,77,0,3,69.30162927200726,72.78287461773701,5,59.4059405940594,125,confirmation38,0,no_refinement,125,data27-1,deepocsort,202,True
77.61188764723649,61.88118811881188,77,0,3,69.30162927200726,72.78287461773701,5,59.4059405940594,125,confirmation38,0,partial_hungarian_u080,125,data27-1,deepocsort,202,True
77.61188764723649,61.88118811881188,77,0,3,69.30162927200726,72.78287461773701,5,59.4059405940594,125,confirmation38,0,partial_hungarian_u100,125,data27-1,deepocsort,202,True
77.61188764723649,61.88118811881188,77,0,3,69.30162927200726,72.78287461773701,5,59.4059405940594,125,confirmation38,0,regr_final,125,data27-1,deepocsort,202,True
77.61188764723649,61.88118811881188,77,0,3,69.30162927200726,72.78287461773701,5,59.4059405940594,125,confirmation38,0,regr_final_motion_always,125,data27-1,deepocsort,202,True
77.61188764723649,61.88118811881188,77,0,3,69.30162927200726,72.78287461773701,5,59.4059405940594,125,confirmation38,0,regr_final_no_gap,125,data27-1,deepocsort,202,True
77.61188764723649,61.88118811881188,77,0,3,69.30162927200726,72.78287461773701,5,59.4059405940594,125,confirmation38,0,regr_final_no_motion,125,data27-1,deepocsort,202,True
77.61188764723649,61.88118811881188,77,0,3,69.30162927200726,72.78287461773701,5,59.4059405940594,125,confirmation38,0,regr_final_no_reciprocal,125,data27-1,deepocsort,202,True
77.61188764723649,61.88118811881188,77,0,3,69.30162927200726,72.78287461773701,5,59.4059405940594,125,confirmation38,0,regr_t,125,data27-1,deepocsort,202,True
77.61188764723649,61.88118811881188,77,0,3,69.30162927200726,72.78287461773701,5,59.4059405940594,125,confirmation38,0,regr_tg_old,125,data27-1,deepocsort,202,True
77.61188764723649,61.88118811881188,77,0,3,69.30162927200726,72.78287461773701,5,59.4059405940594,125,confirmation38,0,s2_h_cond_w3_endpoint_c50_r100,125,data27-1,deepocsort,202,True
18.941775278984583,11.881188118811883,178,0,0,15.001693084244735,18.58407079646018,2,10.891089108910892,24,confirmation38,0,geometry_greedy,24,data27-1,ocsort,202,True
18.941775278984583,11.881188118811883,178,0,0,15.001693084244735,18.58407079646018,2,10.891089108910892,24,confirmation38,0,geometry_reid_greedy,24,data27-1,ocsort,202,True
18.36037993014737,11.881188118811883,178,0,0,14.76966918664528,16.8141592920354,4,9.900990099009901,24,confirmation38,0,no_refinement,24,data27-1,ocsort,202,True
18.941775278984583,11.881188118811883,178,0,0,15.001693084244735,18.58407079646018,2,10.891089108910892,24,confirmation38,0,partial_hungarian_u080,24,data27-1,ocsort,202,True
18.941775278984583,11.881188118811883,178,0,0,15.001693084244735,18.58407079646018,2,10.891089108910892,24,confirmation38,0,partial_hungarian_u100,24,data27-1,ocsort,202,True
18.941775278984583,11.881188118811883,178,0,0,15.001693084244735,18.58407079646018,2,10.891089108910892,24,confirmation38,0,regr_final,24,data27-1,ocsort,202,True
18.941775278984583,11.881188118811883,178,0,0,15.001693084244735,18.58407079646018,2,10.891089108910892,24,confirmation38,0,regr_final_motion_always,24,data27-1,ocsort,202,True
18.941775278984583,11.881188118811883,178,0,0,15.001693084244735,18.58407079646018,2,10.891089108910892,24,confirmation38,0,regr_final_no_gap,24,data27-1,ocsort,202,True
18.941775278984583,11.881188118811883,178,0,0,15.001693084244735,18.58407079646018,2,10.891089108910892,24,confirmation38,0,regr_final_no_motion,24,data27-1,ocsort,202,True
18.941775278984583,11.881188118811883,178,0,0,15.001693084244735,18.58407079646018,2,10.891089108910892,24,confirmation38,0,regr_final_no_reciprocal,24,data27-1,ocsort,202,True
18.941775278984583,11.881188118811883,178,0,0,15.001693084244735,18.58407079646018,2,10.891089108910892,24,confirmation38,0,regr_t,24,data27-1,ocsort,202,True
18.941775278984583,11.881188118811883,178,0,0,15.001693084244735,18.58407079646018,2,10.891089108910892,24,confirmation38,0,regr_tg_old,24,data27-1,ocsort,202,True
18.941775278984583,11.881188118811883,178,0,0,15.001693084244735,18.58407079646018,2,10.891089108910892,24,confirmation38,0,s2_h_cond_w3_endpoint_c50_r100,24,data27-1,ocsort,202,True
3.321029943625802,12.232581034964044,790,1,70,6.327500889791998,10.21355617455896,45,10.39657020364416,143,confirmation38,0,geometry_greedy,144,data31-1,bytetrack,933,True
3.8299294613451655,12.232581034964044,790,1,70,6.80557050320582,11.142061281337048,35,11.468381564844588,143,confirmation38,0,geometry_reid_greedy,144,data31-1,bytetrack,933,True
1.7624977203052439,12.232581034964044,790,1,70,4.541106642484377,5.013927576601671,77,6.966773847802786,143,confirmation38,0,no_refinement,144,data31-1,bytetrack,933,True
3.699172153410609,12.232581034964044,790,1,70,6.684967994283224,10.584958217270195,38,11.14683815648446,143,confirmation38,0,partial_hungarian_u080,144,data31-1,bytetrack,933,True
3.699172153410609,12.232581034964044,790,1,70,6.684967994283224,10.584958217270195,38,11.14683815648446,143,confirmation38,0,partial_hungarian_u100,144,data31-1,bytetrack,933,True
3.8299294613451655,12.232581034964044,790,1,70,6.80557050320582,11.142061281337048,35,11.468381564844588,143,confirmation38,0,regr_final,144,data31-1,bytetrack,933,True
3.560530842135133,12.232581034964044,790,1,70,6.556187156228972,10.399257195914577,37,11.254019292604502,143,confirmation38,0,regr_final_motion_always,144,data31-1,bytetrack,933,True
3.8299294613451655,12.232581034964044,790,1,70,6.80557050320582,11.142061281337048,35,11.468381564844588,143,confirmation38,0,regr_final_no_gap,144,data31-1,bytetrack,933,True
3.8299294613451655,12.232581034964044,790,1,70,6.80557050320582,11.142061281337048,35,11.468381564844588,143,confirmation38,0,regr_final_no_motion,144,data31-1,bytetrack,933,True
3.8299294613451655,12.232581034964044,790,1,70,6.80557050320582,11.142061281337048,35,11.468381564844588,143,confirmation38,0,regr_final_no_reciprocal,144,data31-1,bytetrack,933,True
3.8299294613451655,12.232581034964044,790,1,70,6.80557050320582,11.142061281337048,35,11.468381564844588,143,confirmation38,0,regr_t,144,data31-1,bytetrack,933,True
3.8299294613451655,12.232581034964044,790,1,70,6.80557050320582,11.142061281337048,35,11.468381564844588,143,confirmation38,0,regr_tg_old,144,data31-1,bytetrack,933,True
3.6801561989011278,12.232581034964044,790,1,70,6.668687744993294,10.584958217270195,39,11.039657020364416,143,confirmation38,0,s2_h_cond_w3_endpoint_c50_r100,144,data31-1,bytetrack,933,True
97.07618004953056,96.9989281886388,28,0,5,97.03754643153232,98.4766050054407,0,96.9989281886388,905,confirmation38,0,geometry_greedy,905,data31-1,deepocsort,933,True
97.07618004953056,96.9989281886388,28,0,5,97.03754643153232,98.4766050054407,0,96.9989281886388,905,confirmation38,0,geometry_reid_greedy,905,data31-1,deepocsort,933,True
89.50471629874113,96.9989281886388,28,0,5,93.17650749414298,91.94776931447225,2,96.78456591639872,905,confirmation38,0,no_refinement,905,data31-1,deepocsort,933,True
97.07618004953056,96.9989281886388,28,0,5,97.03754643153232,98.4766050054407,0,96.9989281886388,905,confirmation38,0,partial_hungarian_u080,905,data31-1,deepocsort,933,True
97.07618004953056,96.9989281886388,28,0,5,97.03754643153232,98.4766050054407,0,96.9989281886388,905,confirmation38,0,partial_hungarian_u100,905,data31-1,deepocsort,933,True
97.07618004953056,96.9989281886388,28,0,5,97.03754643153232,98.4766050054407,0,96.9989281886388,905,confirmation38,0,regr_final,905,data31-1,deepocsort,933,True
97.07618004953056,96.9989281886388,28,0,5,97.03754643153232,98.4766050054407,0,96.9989281886388,905,confirmation38,0,regr_final_motion_always,905,data31-1,deepocsort,933,True
97.07618004953056,96.9989281886388,28,0,5,97.03754643153232,98.4766050054407,0,96.9989281886388,905,confirmation38,0,regr_final_no_gap,905,data31-1,deepocsort,933,True
97.07618004953056,96.9989281886388,28,0,5,97.03754643153232,98.4766050054407,0,96.9989281886388,905,confirmation38,0,regr_final_no_motion,905,data31-1,deepocsort,933,True
97.07618004953056,96.9989281886388,28,0,5,97.03754643153232,98.4766050054407,0,96.9989281886388,905,confirmation38,0,regr_final_no_reciprocal,905,data31-1,deepocsort,933,True
97.07618004953056,96.9989281886388,28,0,5,97.03754643153232,98.4766050054407,0,96.9989281886388,905,confirmation38,0,regr_t,905,data31-1,deepocsort,933,True
97.07618004953056,96.9989281886388,28,0,5,97.03754643153232,98.4766050054407,0,96.9989281886388,905,confirmation38,0,regr_tg_old,905,data31-1,deepocsort,933,True
97.07618004953056,96.9989281886388,28,0,5,97.03754643153232,98.4766050054407,0,96.9989281886388,905,confirmation38,0,s2_h_cond_w3_endpoint_c50_r100,905,data31-1,deepocsort,933,True
1.7613221762293185,3.215434083601286,903,0,10,2.3797931333732647,3.7383177570093453,13,1.822079314040729,30,confirmation38,0,geometry_greedy,30,data31-1,ocsort,933,True
1.7619158769787824,3.215434083601286,903,0,10,2.380194186043615,3.7383177570093453,13,1.822079314040729,30,confirmation38,0,geometry_reid_greedy,30,data31-1,ocsort,933,True
1.0124889681443623,3.215434083601286,903,0,10,1.8043257847300413,2.0768431983385254,21,0.964630225080386,30,confirmation38,0,no_refinement,30,data31-1,ocsort,933,True
1.7619158769787824,3.215434083601286,903,0,10,2.380194186043615,3.7383177570093453,13,1.822079314040729,30,confirmation38,0,partial_hungarian_u080,30,data31-1,ocsort,933,True
1.7619158769787824,3.215434083601286,903,0,10,2.380194186043615,3.7383177570093453,13,1.822079314040729,30,confirmation38,0,partial_hungarian_u100,30,data31-1,ocsort,933,True
1.7619158769787824,3.215434083601286,903,0,10,2.380194186043615,3.7383177570093453,13,1.822079314040729,30,confirmation38,0,regr_final,30,data31-1,ocsort,933,True
1.7619158769787824,3.215434083601286,903,0,10,2.380194186043615,3.7383177570093453,13,1.822079314040729,30,confirmation38,0,regr_final_motion_always,30,data31-1,ocsort,933,True
1.7619158769787824,3.215434083601286,903,0,10,2.380194186043615,3.7383177570093453,13,1.822079314040729,30,confirmation38,0,regr_final_no_gap,30,data31-1,ocsort,933,True
1.7619158769787824,3.215434083601286,903,0,10,2.380194186043615,3.7383177570093453,13,1.822079314040729,30,confirmation38,0,regr_final_no_motion,30,data31-1,ocsort,933,True
1.7619158769787824,3.215434083601286,903,0,10,2.380194186043615,3.7383177570093453,13,1.822079314040729,30,confirmation38,0,regr_final_no_reciprocal,30,data31-1,ocsort,933,True
1.7619158769787824,3.215434083601286,903,0,10,2.380194186043615,3.7383177570093453,13,1.822079314040729,30,confirmation38,0,regr_t,30,data31-1,ocsort,933,True
1.7619158769787824,3.215434083601286,903,0,10,2.380194186043615,3.7383177570093453,13,1.822079314040729,30,confirmation38,0,regr_tg_old,30,data31-1,ocsort,933,True
1.7619158769787824,3.215434083601286,903,0,10,2.380194186043615,3.7383177570093453,13,1.822079314040729,30,confirmation38,0,s2_h_cond_w3_endpoint_c50_r100,30,data31-1,ocsort,933,True
17.434428797473107,33.49101302730729,384,0,75,22.57030417380852,28.602150537634408,34,36.37747336377473,273,confirmation38,0,geometry_greedy,273,data33-1,bytetrack,657,True
17.071050511425284,33.49101302730729,384,0,75,22.297347245990938,26.451612903225808,45,34.70319634703196,273,confirmation38,0,geometry_reid_greedy,273,data33-1,bytetrack,657,True
9.040869882912931,33.49101302730729,384,0,75,14.57628141280666,10.75268817204301,117,23.74429223744292,273,confirmation38,0,no_refinement,273,data33-1,bytetrack,657,True
13.611261746413058,33.49101302730729,384,0,75,19.39034051233858,20.43010752688172,71,30.74581430745814,273,confirmation38,0,partial_hungarian_u080,273,data33-1,bytetrack,657,True
13.611261746413058,33.49101302730729,384,0,75,19.39034051233858,20.43010752688172,71,30.74581430745814,273,confirmation38,0,partial_hungarian_u100,273,data33-1,bytetrack,657,True
17.533631815904407,33.49101302730729,384,0,75,22.651075671596587,29.03225806451613,36,36.07305936073059,273,confirmation38,0,regr_final,273,data33-1,bytetrack,657,True
15.472409971909034,33.49101302730729,384,0,75,20.996458055021066,25.376344086021508,49,34.09436834094368,273,confirmation38,0,regr_final_motion_always,273,data33-1,bytetrack,657,True
17.071050511425284,33.49101302730729,384,0,75,22.297347245990938,26.451612903225808,45,34.70319634703196,273,confirmation38,0,regr_final_no_gap,273,data33-1,bytetrack,657,True
17.533631815904407,33.49101302730729,384,0,75,22.651075671596587,29.03225806451613,36,36.07305936073059,273,confirmation38,0,regr_final_no_motion,273,data33-1,bytetrack,657,True
17.37631909193893,33.49101302730729,384,0,75,22.521998771591036,28.172043010752688,37,35.920852359208524,273,confirmation38,0,regr_final_no_reciprocal,273,data33-1,bytetrack,657,True
17.533631815904407,33.49101302730729,384,0,75,22.651075671596587,29.03225806451613,36,36.07305936073059,273,confirmation38,0,regr_t,273,data33-1,bytetrack,657,True
17.533631815904407,33.49101302730729,384,0,75,22.651075671596587,29.03225806451613,36,36.07305936073059,273,confirmation38,0,regr_tg_old,273,data33-1,bytetrack,657,True
13.291550075417167,33.49101302730729,384,0,75,19.097006625878393,19.35483870967742,75,30.136986301369863,273,confirmation38,0,s2_h_cond_w3_endpoint_c50_r100,273,data33-1,bytetrack,657,True
82.0559288453294,89.49771689497717,69,0,19,85.69608094512657,88.35341365461848,8,88.2800608828006,588,confirmation38,0,geometry_greedy,588,data33-1,deepocsort,657,True
82.0559288453294,89.49771689497717,69,0,19,85.69608094512657,88.35341365461848,8,88.2800608828006,588,confirmation38,0,geometry_reid_greedy,588,data33-1,deepocsort,657,True
55.22187642417893,89.49771689497717,69,0,19,70.30100897299111,68.11244979919678,18,86.7579908675799,588,confirmation38,0,no_refinement,588,data33-1,deepocsort,657,True
82.0559288453294,89.49771689497717,69,0,19,85.69608094512657,88.35341365461848,8,88.2800608828006,588,confirmation38,0,partial_hungarian_u080,588,data33-1,deepocsort,657,True
82.0559288453294,89.49771689497717,69,0,19,85.69608094512657,88.35341365461848,8,88.2800608828006,588,confirmation38,0,partial_hungarian_u100,588,data33-1,deepocsort,657,True
82.0559288453294,89.49771689497717,69,0,19,85.69608094512657,88.35341365461848,8,88.2800608828006,588,confirmation38,0,regr_final,588,data33-1,deepocsort,657,True
77.3543013588918,89.49771689497717,69,0,19,83.20476767365466,83.855421686747,9,88.12785388127854,588,confirmation38,0,regr_final_motion_always,588,data33-1,deepocsort,657,True
82.0559288453294,89.49771689497717,69,0,19,85.69608094512657,88.35341365461848,8,88.2800608828006,588,confirmation38,0,regr_final_no_gap,588,data33-1,deepocsort,657,True
82.0559288453294,89.49771689497717,69,0,19,85.69608094512657,88.35341365461848,8,88.2800608828006,588,confirmation38,0,regr_final_no_motion,588,data33-1,deepocsort,657,True
82.0559288453294,89.49771689497717,69,0,19,85.69608094512657,88.35341365461848,8,88.2800608828006,588,confirmation38,0,regr_final_no_reciprocal,588,data33-1,deepocsort,657,True
82.0559288453294,89.49771689497717,69,0,19,85.69608094512657,88.35341365461848,8,88.2800608828006,588,confirmation38,0,regr_t,588,data33-1,deepocsort,657,True
82.0559288453294,89.49771689497717,69,0,19,85.69608094512657,88.35341365461848,8,88.2800608828006,588,confirmation38,0,regr_tg_old,588,data33-1,deepocsort,657,True
82.0559288453294,89.49771689497717,69,0,19,85.69608094512657,88.35341365461848,8,88.2800608828006,588,confirmation38,0,s2_h_cond_w3_endpoint_c50_r100,588,data33-1,deepocsort,657,True
13.022760883320245,14.45966514459665,562,0,15,13.722418213673654,14.893617021276595,20,11.415525114155251,95,confirmation38,0,geometry_greedy,95,data33-1,ocsort,657,True
13.113154621581963,14.45966514459665,562,0,15,13.769960959181956,15.159574468085108,19,11.56773211567732,95,confirmation38,0,geometry_reid_greedy,95,data33-1,ocsort,657,True
11.274770633902165,14.45966514459665,562,0,15,12.768296987004844,10.372340425531915,29,10.045662100456621,95,confirmation38,0,no_refinement,95,data33-1,ocsort,657,True
13.029447103528948,14.45966514459665,562,0,15,13.72594048275976,14.893617021276595,20,11.415525114155251,95,confirmation38,0,partial_hungarian_u080,95,data33-1,ocsort,657,True
13.029447103528948,14.45966514459665,562,0,15,13.72594048275976,14.893617021276595,20,11.415525114155251,95,confirmation38,0,partial_hungarian_u100,95,data33-1,ocsort,657,True
13.113154621581963,14.45966514459665,562,0,15,13.769960959181956,15.159574468085108,19,11.56773211567732,95,confirmation38,0,regr_final,95,data33-1,ocsort,657,True
12.146830168760717,14.45966514459665,562,0,15,13.252890130404174,11.96808510638298,22,11.11111111111111,95,confirmation38,0,regr_final_motion_always,95,data33-1,ocsort,657,True
13.113154621581963,14.45966514459665,562,0,15,13.769960959181956,15.159574468085108,19,11.56773211567732,95,confirmation38,0,regr_final_no_gap,95,data33-1,ocsort,657,True
13.113154621581963,14.45966514459665,562,0,15,13.769960959181956,15.159574468085108,19,11.56773211567732,95,confirmation38,0,regr_final_no_motion,95,data33-1,ocsort,657,True
13.113154621581963,14.45966514459665,562,0,15,13.769960959181956,15.159574468085108,19,11.56773211567732,95,confirmation38,0,regr_final_no_reciprocal,95,data33-1,ocsort,657,True
13.113154621581963,14.45966514459665,562,0,15,13.769960959181956,15.159574468085108,19,11.56773211567732,95,confirmation38,0,regr_t,95,data33-1,ocsort,657,True
13.113154621581963,14.45966514459665,562,0,15,13.769960959181956,15.159574468085108,19,11.56773211567732,95,confirmation38,0,regr_tg_old,95,data33-1,ocsort,657,True
13.113154621581963,14.45966514459665,562,0,15,13.769960959181956,15.159574468085108,19,11.56773211567732,95,confirmation38,0,s2_h_cond_w3_endpoint_c50_r100,95,data33-1,ocsort,657,True
17.07163943178346,38.81934357733881,6108,18,2176,25.69849634193147,22.461712989222914,3074,22.4283305227656,5752,confirmation38,0,geometry_greedy,5770,data34-1,bytetrack,11860,True
17.61477457185388,38.761629863524746,6108,18,2176,26.085776346167254,23.97050482132728,3098,22.225969645868464,5752,confirmation38,0,geometry_reid_greedy,5770,data34-1,bytetrack,11860,True
9.955766654889475,38.77866118985773,6108,18,2176,19.577601237346663,14.770277935337491,3508,18.768971332209105,5752,confirmation38,0,no_refinement,5770,data34-1,bytetrack,11860,True
15.111629022933071,38.77795917697555,6108,18,2176,24.15615044975208,20.998298355076574,3301,20.514333895446878,5752,confirmation38,0,partial_hungarian_u080,5770,data34-1,bytetrack,11860,True
15.08753041621549,38.79338078414835,6108,18,2176,24.141184788987538,20.81678956324447,3302,20.505902192242832,5752,confirmation38,0,partial_hungarian_u100,5770,data34-1,bytetrack,11860,True
17.565810434203968,38.726889704295196,6109,19,2176,26.037301085790453,23.913783323879752,3070,22.445193929173694,5751,confirmation38,0,regr_final,5770,data34-1,bytetrack,11860,True
16.663844082761727,38.75305828285104,6109,19,2176,25.366589941702706,23.176403857061825,3110,22.107925801011806,5751,confirmation38,0,regr_final_motion_always,5770,data34-1,bytetrack,11860,True
17.61477457185388,38.761629863524746,6108,18,2176,26.085776346167254,23.97050482132728,3098,22.225969645868464,5752,confirmation38,0,regr_final_no_gap,5770,data34-1,bytetrack,11860,True
17.565810434203968,38.726889704295196,6109,19,2176,26.037301085790453,23.913783323879752,3070,22.445193929173694,5751,confirmation38,0,regr_final_no_motion,5770,data34-1,bytetrack,11860,True
17.565810434203968,38.726889704295196,6109,19,2176,26.037301085790453,23.913783323879752,3070,22.445193929173694,5751,confirmation38,0,regr_final_no_reciprocal,5770,data34-1,bytetrack,11860,True
17.565810434203968,38.726889704295196,6109,19,2176,26.037301085790453,23.913783323879752,3070,22.445193929173694,5751,confirmation38,0,regr_t,5770,data34-1,bytetrack,11860,True
14.803955663246244,38.726889704295196,6109,19,2176,23.892505321637024,22.382302892796368,3082,22.344013490725125,5751,confirmation38,0,regr_tg_old,5770,data34-1,bytetrack,11860,True
14.850092449896815,38.77114275887116,6108,18,2176,23.946702114547673,20.65796937039138,3353,20.075885328836424,5752,confirmation38,0,s2_h_cond_w3_endpoint_c50_r100,5770,data34-1,bytetrack,11860,True
69.64027353007808,85.92726497932163,1634,0,248,77.35629826543007,76.60056144163724,137,85.06745362563238,10226,confirmation38,0,geometry_greedy,10226,data34-1,deepocsort,11860,True
71.28046245059222,85.90255740000364,1634,0,248,78.25070468101171,78.49316308974011,117,85.23608768971333,10226,confirmation38,0,geometry_reid_greedy,10226,data34-1,deepocsort,11860,True
67.85865958592174,85.9791721630995,1634,0,248,76.38344310479809,74.94340306076246,202,84.5193929173693,10226,confirmation38,0,no_refinement,10226,data34-1,deepocsort,11860,True
71.10124536446283,85.93055559918614,1634,0,248,78.16500808620297,78.26677533279,110,85.29510961214164,10226,confirmation38,0,partial_hungarian_u080,10226,data34-1,deepocsort,11860,True
70.91573589589444,85.93055559918614,1634,0,248,78.06297169802873,78.08566512722992,110,85.29510961214164,10226,confirmation38,0,partial_hungarian_u100,10226,data34-1,deepocsort,11860,True
71.27040880432436,85.90503209872553,1634,0,248,78.24631290302982,78.35733043557005,111,85.2866779089376,10226,confirmation38,0,regr_final,10226,data34-1,deepocsort,11860,True
71.27040880432436,85.90503209872553,1634,0,248,78.24631290302982,78.35733043557005,111,85.2866779089376,10226,confirmation38,0,regr_final_motion_always,10226,data34-1,deepocsort,11860,True
71.28046245059222,85.90255740000364,1634,0,248,78.25070468101171,78.49316308974011,117,85.23608768971333,10226,confirmation38,0,regr_final_no_gap,10226,data34-1,deepocsort,11860,True
71.27040880432436,85.90503209872553,1634,0,248,78.24631290302982,78.35733043557005,111,85.2866779089376,10226,confirmation38,0,regr_final_no_motion,10226,data34-1,deepocsort,11860,True
71.27040880432436,85.90503209872553,1634,0,248,78.24631290302982,78.35733043557005,111,85.2866779089376,10226,confirmation38,0,regr_final_no_reciprocal,10226,data34-1,deepocsort,11860,True
71.27040880432436,85.90503209872553,1634,0,248,78.24631290302982,78.35733043557005,111,85.2866779089376,10226,confirmation38,0,regr_t,10226,data34-1,deepocsort,11860,True
71.27040880432436,85.90503209872553,1634,0,248,78.24631290302982,78.35733043557005,111,85.2866779089376,10226,confirmation38,0,regr_tg_old,10226,data34-1,deepocsort,11860,True
71.12853045687972,85.86717421097573,1634,0,248,78.15116069967432,78.30299737390202,119,85.21922428330522,10226,confirmation38,0,s2_h_cond_w3_endpoint_c50_r100,10226,data34-1,deepocsort,11860,True
47.01747678934285,9.410444023258165,10743,0,187,21.034621472680566,13.300454650535562,98,8.591905564924113,1117,confirmation38,0,geometry_greedy,1117,data34-1,ocsort,11860,True
47.07916336361397,9.410444023258165,10743,0,187,21.04841561972038,13.562456654080297,98,8.591905564924113,1117,confirmation38,0,geometry_reid_greedy,1117,data34-1,ocsort,11860,True
30.049811617447613,9.418212478920742,10743,0,187,16.82306484457165,9.601602835786391,210,7.6475548060708265,1117,confirmation38,0,no_refinement,1117,data34-1,ocsort,11860,True
44.330112691162874,9.410444023258165,10743,0,187,20.424642160614617,13.146335824921016,124,8.372681281618886,1117,confirmation38,0,partial_hungarian_u080,1117,data34-1,ocsort,11860,True
44.32848132091854,9.410444023258165,10743,0,187,20.424266338660836,13.115512059798103,126,8.355817875210793,1117,confirmation38,0,partial_hungarian_u100,1117,data34-1,ocsort,11860,True
47.06137542432298,9.410444023258165,10743,0,187,21.04443887852835,13.485397241273024,102,8.558178752107926,1117,confirmation38,0,regr_final,1117,data34-1,ocsort,11860,True
47.06137542432298,9.410444023258165,10743,0,187,21.04443887852835,13.485397241273024,102,8.558178752107926,1117,confirmation38,0,regr_final_motion_always,1117,data34-1,ocsort,11860,True
47.07916336361397,9.410444023258165,10743,0,187,21.04841561972038,13.562456654080297,98,8.591905564924113,1117,confirmation38,0,regr_final_no_gap,1117,data34-1,ocsort,11860,True
47.06137542432298,9.410444023258165,10743,0,187,21.04443887852835,13.485397241273024,102,8.558178752107926,1117,confirmation38,0,regr_final_no_motion,1117,data34-1,ocsort,11860,True
47.06137542432298,9.410444023258165,10743,0,187,21.04443887852835,13.485397241273024,102,8.558178752107926,1117,confirmation38,0,regr_final_no_reciprocal,1117,data34-1,ocsort,11860,True
47.06137542432298,9.410444023258165,10743,0,187,21.04443887852835,13.485397241273024,102,8.558178752107926,1117,confirmation38,0,regr_t,1117,data34-1,ocsort,11860,True
30.38828105809359,9.410444023258165,10743,0,187,16.910564846752248,10.125606842875857,132,8.30522765598651,1117,confirmation38,0,regr_tg_old,1117,data34-1,ocsort,11860,True
44.27373386675509,9.410444023258165,10743,0,187,20.41164996221574,13.00762888186792,131,8.313659359190556,1117,confirmation38,0,s2_h_cond_w3_endpoint_c50_r100,1117,data34-1,ocsort,11860,True
68.46762286221853,45.2920239860318,1084,2,158,55.37297231141157,56.45987478656801,172,45.25674499564839,1214,confirmation38,0,geometry_greedy,1216,data34-2,bytetrack,2298,True
69.46860986742095,45.219872201037546,1084,2,158,55.751897978046614,58.56573705179283,148,46.30113141862489,1214,confirmation38,0,geometry_reid_greedy,1216,data34-2,bytetrack,2298,True
68.48173083856074,45.2920239860318,1084,2,158,55.375995694704606,55.49231644849175,218,43.2550043516101,1214,confirmation38,0,no_refinement,1216,data34-2,bytetrack,2298,True
69.0559835316006,45.26157675280717,1084,2,158,55.60178228720568,57.99658508821855,159,45.822454308093995,1214,confirmation38,0,partial_hungarian_u080,1216,data34-2,bytetrack,2298,True
69.0559835316006,45.26157675280717,1084,2,158,55.60178228720568,57.99658508821855,159,45.822454308093995,1214,confirmation38,0,partial_hungarian_u100,1216,data34-2,bytetrack,2298,True
69.3795909282303,45.219872201037546,1084,2,158,55.71473529194275,58.281161070005695,155,45.996518711923414,1214,confirmation38,0,regr_final,1216,data34-2,bytetrack,2298,True
69.44657627214134,45.219872201037546,1084,2,158,55.74269454033903,58.33807626636312,149,46.257615317667536,1214,confirmation38,0,regr_final_motion_always,1216,data34-2,bytetrack,2298,True
69.45099019956234,45.219872201037546,1084,2,158,55.74455610086214,58.5088218554354,149,46.257615317667536,1214,confirmation38,0,regr_final_no_gap,1216,data34-2,bytetrack,2298,True
69.3795909282303,45.219872201037546,1084,2,158,55.71473529194275,58.281161070005695,155,45.996518711923414,1214,confirmation38,0,regr_final_no_motion,1216,data34-2,bytetrack,2298,True
69.3795909282303,45.219872201037546,1084,2,158,55.71473529194275,58.281161070005695,155,45.996518711923414,1214,confirmation38,0,regr_final_no_reciprocal,1216,data34-2,bytetrack,2298,True
69.3795909282303,45.219872201037546,1084,2,158,55.71473529194275,58.281161070005695,155,45.996518711923414,1214,confirmation38,0,regr_t,1216,data34-2,bytetrack,2298,True
69.3795909282303,45.219872201037546,1084,2,158,55.71473529194275,58.281161070005695,155,45.996518711923414,1214,confirmation38,0,regr_tg_old,1216,data34-2,bytetrack,2298,True
69.34232295298057,45.219872201037546,1084,2,158,55.698059119310095,58.56573705179283,167,45.47432550043516,1214,confirmation38,0,s2_h_cond_w3_endpoint_c50_r100,1216,data34-2,bytetrack,2298,True
88.95016362081356,87.42384682332464,289,0,20,88.18370302553453,91.94334803807754,10,86.98868581375109,2009,confirmation38,0,geometry_greedy,2009,data34-2,deepocsort,2298,True
89.02774952852027,87.42384682332464,289,0,20,88.22215332787262,91.89691200371487,11,86.94516971279373,2009,confirmation38,0,geometry_reid_greedy,2009,data34-2,deepocsort,2298,True
88.54957879442877,87.42384682332464,289,0,20,87.98491241567531,91.29324355700024,16,86.72758920800696,2009,confirmation38,0,no_refinement,2009,data34-2,deepocsort,2298,True
89.66421534396403,87.42384682332464,289,0,20,88.53694498775248,92.5470164847922,7,87.11923411662315,2009,confirmation38,0,partial_hungarian_u080,2009,data34-2,deepocsort,2298,True
89.66421534396403,87.42384682332464,289,0,20,88.53694498775248,92.5470164847922,7,87.11923411662315,2009,confirmation38,0,partial_hungarian_u100,2009,data34-2,deepocsort,2298,True
89.10196365136251,87.42384682332464,289,0,20,88.25891695411944,91.98978407244022,10,86.98868581375109,2009,confirmation38,0,regr_final,2009,data34-2,deepocsort,2298,True
89.10196365136251,87.42384682332464,289,0,20,88.25891695411944,91.98978407244022,10,86.98868581375109,2009,confirmation38,0,regr_final_motion_always,2009,data34-2,deepocsort,2298,True
89.02774952852027,87.42384682332464,289,0,20,88.22215332787262,91.89691200371487,11,86.94516971279373,2009,confirmation38,0,regr_final_no_gap,2009,data34-2,deepocsort,2298,True
89.10196365136251,87.42384682332464,289,0,20,88.25891695411944,91.98978407244022,10,86.98868581375109,2009,confirmation38,0,regr_final_no_motion,2009,data34-2,deepocsort,2298,True
89.10196365136251,87.42384682332464,289,0,20,88.25891695411944,91.98978407244022,10,86.98868581375109,2009,confirmation38,0,regr_final_no_reciprocal,2009,data34-2,deepocsort,2298,True
89.10196365136251,87.42384682332464,289,0,20,88.25891695411944,91.98978407244022,10,86.98868581375109,2009,confirmation38,0,regr_t,2009,data34-2,deepocsort,2298,True
89.10196365136251,87.42384682332464,289,0,20,88.25891695411944,91.98978407244022,10,86.98868581375109,2009,confirmation38,0,regr_tg_old,2009,data34-2,deepocsort,2298,True
89.60320924710065,87.42384682332464,289,0,20,88.50682030271356,92.50058045042954,8,87.0757180156658,2009,confirmation38,0,s2_h_cond_w3_endpoint_c50_r100,2009,data34-2,deepocsort,2298,True
91.65943245790154,38.207136640556996,1420,0,16,59.17807415179163,54.030226700251895,6,37.94604003481288,878,confirmation38,0,geometry_greedy,878,data34-2,ocsort,2298,True
91.67721458510171,38.207136640556996,1420,0,16,59.18381421029441,54.47103274559194,6,37.94604003481288,878,confirmation38,0,geometry_reid_greedy,878,data34-2,ocsort,2298,True
90.87485561044024,38.207136640556996,1420,0,16,58.924256681768824,53.589420654911834,24,37.1627502175805,878,confirmation38,0,no_refinement,878,data34-2,ocsort,2298,True
91.66896971665082,38.207136640556996,1420,0,16,59.18115284161978,54.47103274559194,7,37.90252393385553,878,confirmation38,0,partial_hungarian_u080,878,data34-2,ocsort,2298,True
91.66896971665082,38.207136640556996,1420,0,16,59.18115284161978,54.47103274559194,7,37.90252393385553,878,confirmation38,0,partial_hungarian_u100,878,data34-2,ocsort,2298,True
91.67721458510171,38.207136640556996,1420,0,16,59.18381421029441,54.47103274559194,6,37.94604003481288,878,confirmation38,0,regr_final,878,data34-2,ocsort,2298,True
91.67721458510171,38.207136640556996,1420,0,16,59.18381421029441,54.47103274559194,6,37.94604003481288,878,confirmation38,0,regr_final_motion_always,878,data34-2,ocsort,2298,True
91.67721458510171,38.207136640556996,1420,0,16,59.18381421029441,54.47103274559194,6,37.94604003481288,878,confirmation38,0,regr_final_no_gap,878,data34-2,ocsort,2298,True
91.67721458510171,38.207136640556996,1420,0,16,59.18381421029441,54.47103274559194,6,37.94604003481288,878,confirmation38,0,regr_final_no_motion,878,data34-2,ocsort,2298,True
91.67721458510171,38.207136640556996,1420,0,16,59.18381421029441,54.47103274559194,6,37.94604003481288,878,confirmation38,0,regr_final_no_reciprocal,878,data34-2,ocsort,2298,True
91.67721458510171,38.207136640556996,1420,0,16,59.18381421029441,54.47103274559194,6,37.94604003481288,878,confirmation38,0,regr_t,878,data34-2,ocsort,2298,True
91.67721458510171,38.207136640556996,1420,0,16,59.18381421029441,54.47103274559194,6,37.94604003481288,878,confirmation38,0,regr_tg_old,878,data34-2,ocsort,2298,True
91.67721458510171,38.207136640556996,1420,0,16,59.18381421029441,54.47103274559194,6,37.94604003481288,878,confirmation38,0,s2_h_cond_w3_endpoint_c50_r100,878,data34-2,ocsort,2298,True
11.219147577622431,22.905437491308987,1865,5,353,15.989171942721212,13.62545018007203,445,10.824345146379045,731,confirmation38,0,geometry_greedy,736,data34-3,bytetrack,2596,True
11.53020151226252,22.905437491308987,1865,5,353,16.212808438490377,14.645858343337334,443,10.901386748844375,731,confirmation38,0,geometry_reid_greedy,736,data34-3,bytetrack,2596,True
10.988044028023571,22.905437491308987,1865,5,353,15.810948032572064,13.145258103241297,491,9.052388289676424,731,confirmation38,0,no_refinement,736,data34-3,bytetrack,2596,True
11.330417730912364,22.905437491308987,1865,5,353,16.065561789910383,14.045618247298918,454,10.477657935285054,731,confirmation38,0,partial_hungarian_u080,736,data34-3,bytetrack,2596,True
11.332541742583897,22.905437491308987,1865,5,353,16.06719740953837,14.105642256902762,453,10.51617873651772,731,confirmation38,0,partial_hungarian_u100,736,data34-3,bytetrack,2596,True
11.560643655005402,22.905437491308987,1865,5,353,16.23471281125119,15.006002400960384,441,10.978428351309708,731,confirmation38,0,regr_final,736,data34-3,bytetrack,2596,True
11.548139433794564,22.905437491308987,1865,5,353,16.22588624028128,14.945978391356544,442,10.939907550077042,731,confirmation38,0,regr_final_motion_always,736,data34-3,bytetrack,2596,True
11.53020151226252,22.905437491308987,1865,5,353,16.212808438490377,14.645858343337334,443,10.901386748844375,731,confirmation38,0,regr_final_no_gap,736,data34-3,bytetrack,2596,True
11.560643655005402,22.905437491308987,1865,5,353,16.23471281125119,15.006002400960384,441,10.978428351309708,731,confirmation38,0,regr_final_no_motion,736,data34-3,bytetrack,2596,True
11.560643655005402,22.905437491308987,1865,5,353,16.23471281125119,15.006002400960384,441,10.978428351309708,731,confirmation38,0,regr_final_no_reciprocal,736,data34-3,bytetrack,2596,True
11.560643655005402,22.905437491308987,1865,5,353,16.23471281125119,15.006002400960384,441,10.978428351309708,731,confirmation38,0,regr_t,736,data34-3,bytetrack,2596,True
11.410089694556524,22.905437491308987,1865,5,353,16.126883655539036,14.945978391356544,445,10.824345146379045,731,confirmation38,0,regr_tg_old,736,data34-3,bytetrack,2596,True
11.409136598255113,22.905437491308987,1865,5,353,16.123964652808496,14.345738295318128,453,10.51617873651772,731,confirmation38,0,s2_h_cond_w3_endpoint_c50_r100,736,data34-3,bytetrack,2596,True
66.3188586378296,77.36166198485608,582,0,92,71.62774925906676,73.44902386117137,66,75.03852080123266,2014,confirmation38,0,geometry_greedy,2014,data34-3,deepocsort,2596,True
70.56877226677398,77.44781996179293,582,0,92,73.92832091868486,76.1822125813449,53,75.53929121725731,2014,confirmation38,0,geometry_reid_greedy,2014,data34-3,deepocsort,2596,True
67.50960364956215,77.34728850296986,582,0,92,72.26120670613466,73.27548806941432,92,74.03697996918336,2014,confirmation38,0,no_refinement,2014,data34-3,deepocsort,2596,True
69.38046621934977,77.44781996179293,582,0,92,73.30324114987064,75.22776572668113,53,75.53929121725731,2014,confirmation38,0,partial_hungarian_u080,2014,data34-3,deepocsort,2596,True
69.38046621934977,77.44781996179293,582,0,92,73.30324114987064,75.22776572668113,53,75.53929121725731,2014,confirmation38,0,partial_hungarian_u100,2014,data34-3,deepocsort,2596,True
70.56980178329442,77.44781996179293,582,0,92,73.92886126093995,76.13882863340564,51,75.61633281972266,2014,confirmation38,0,regr_final,2014,data34-3,deepocsort,2596,True
70.56980178329442,77.44781996179293,582,0,92,73.92886126093995,76.13882863340564,51,75.61633281972266,2014,confirmation38,0,regr_final_motion_always,2014,data34-3,deepocsort,2596,True
70.56877226677398,77.44781996179293,582,0,92,73.92832091868486,76.1822125813449,53,75.53929121725731,2014,confirmation38,0,regr_final_no_gap,2014,data34-3,deepocsort,2596,True
70.56980178329442,77.44781996179293,582,0,92,73.92886126093995,76.13882863340564,51,75.61633281972266,2014,confirmation38,0,regr_final_no_motion,2014,data34-3,deepocsort,2596,True
70.56980178329442,77.44781996179293,582,0,92,73.92886126093995,76.13882863340564,51,75.61633281972266,2014,confirmation38,0,regr_final_no_reciprocal,2014,data34-3,deepocsort,2596,True
70.56980178329442,77.44781996179293,582,0,92,73.92886126093995,76.13882863340564,51,75.61633281972266,2014,confirmation38,0,regr_t,2014,data34-3,deepocsort,2596,True
70.56980178329442,77.44781996179293,582,0,92,73.92886126093995,76.13882863340564,51,75.61633281972266,2014,confirmation38,0,regr_tg_old,2014,data34-3,deepocsort,2596,True
70.86971331070895,77.44781996179293,582,0,92,74.08578712463063,76.529284164859,52,75.57781201849,2014,confirmation38,0,s2_h_cond_w3_endpoint_c50_r100,2014,data34-3,deepocsort,2596,True
18.274713504102674,11.248073959938369,2304,0,12,14.337200880605364,11.911357340720222,120,6.6255778120184905,292,confirmation38,0,geometry_greedy,292,data34-3,ocsort,2596,True
21.3750978664014,11.248073959938369,2304,0,12,15.50576285457132,15.997229916897506,61,8.898305084745763,292,confirmation38,0,geometry_reid_greedy,292,data34-3,ocsort,2596,True
16.99409475405755,11.248073959938369,2304,0,12,13.825730891198482,9.349030470914126,156,5.238828967642527,292,confirmation38,0,no_refinement,292,data34-3,ocsort,2596,True
21.846262813479107,11.248073959938369,2304,0,12,15.675725816505725,17.03601108033241,41,9.668721109399076,292,confirmation38,0,partial_hungarian_u080,292,data34-3,ocsort,2596,True
21.804614800419966,11.248073959938369,2304,0,12,15.660776479571197,17.03601108033241,41,9.668721109399076,292,confirmation38,0,partial_hungarian_u100,292,data34-3,ocsort,2596,True
21.38314672729072,11.248073959938369,2304,0,12,15.508681951886821,15.997229916897506,59,8.975346687211093,292,confirmation38,0,regr_final,292,data34-3,ocsort,2596,True
21.38314672729072,11.248073959938369,2304,0,12,15.508681951886821,15.997229916897506,59,8.975346687211093,292,confirmation38,0,regr_final_motion_always,292,data34-3,ocsort,2596,True
21.3750978664014,11.248073959938369,2304,0,12,15.50576285457132,15.997229916897506,61,8.898305084745763,292,confirmation38,0,regr_final_no_gap,292,data34-3,ocsort,2596,True
21.38314672729072,11.248073959938369,2304,0,12,15.508681951886821,15.997229916897506,59,8.975346687211093,292,confirmation38,0,regr_final_no_motion,292,data34-3,ocsort,2596,True
21.38314672729072,11.248073959938369,2304,0,12,15.508681951886821,15.997229916897506,59,8.975346687211093,292,confirmation38,0,regr_final_no_reciprocal,292,data34-3,ocsort,2596,True
21.38314672729072,11.248073959938369,2304,0,12,15.508681951886821,15.997229916897506,59,8.975346687211093,292,confirmation38,0,regr_t,292,data34-3,ocsort,2596,True
21.246160425920852,11.248073959938369,2304,0,12,15.458925701208138,15.927977839335181,60,8.936825885978427,292,confirmation38,0,regr_tg_old,292,data34-3,ocsort,2596,True
21.580898961135038,11.248073959938369,2304,0,12,15.58022938331795,16.55124653739612,50,9.322033898305085,292,confirmation38,0,s2_h_cond_w3_endpoint_c50_r100,292,data34-3,ocsort,2596,True
54.28853838004342,39.19015219310629,10339,12,1758,46.00259711005541,43.14895733418594,2072,35.424680320199606,8899,confirmation38,0,geometry_greedy,8911,data36-10,bytetrack,19238,True
54.578841320368596,39.1739345062737,10339,12,1758,46.11877931241951,43.511314789157694,2047,35.55463145857158,8899,confirmation38,0,geometry_reid_greedy,8911,data36-10,bytetrack,19238,True
54.22331667441509,39.20037314523675,10339,12,1758,45.9671542161213,42.62318377207006,2471,33.35066015178293,8899,confirmation38,0,no_refinement,8911,data36-10,bytetrack,19238,True
54.60044467289906,39.181670595801734,10339,12,1758,46.132222791764256,44.05129844754698,2160,34.96725231313027,8899,confirmation38,0,partial_hungarian_u080,8911,data36-10,bytetrack,19238,True
54.59230094511975,39.181670595801734,10339,12,1758,46.1287866661945,44.03708835127358,2168,34.92566794885123,8899,confirmation38,0,partial_hungarian_u100,8911,data36-10,bytetrack,19238,True
55.461736705903284,39.17836372301256,10339,12,1758,46.492378056709576,44.09392873636719,2033,35.627404096059884,8899,confirmation38,0,regr_final,8911,data36-10,bytetrack,19238,True
55.46857009550514,39.17987451931902,10339,12,1758,46.496302727027036,44.10103378450389,2041,35.58581973178085,8899,confirmation38,0,regr_final_motion_always,8911,data36-10,bytetrack,19238,True
55.46939981939577,39.1739345062737,10339,12,1758,46.49290234418842,43.973142918043266,2047,35.55463145857158,8899,confirmation38,0,regr_final_no_gap,8911,data36-10,bytetrack,19238,True
54.57125299103789,39.17836372301256,10339,12,1758,46.11823850414364,43.63210060748162,2033,35.627404096059884,8899,confirmation38,0,regr_final_no_motion,8911,data36-10,bytetrack,19238,True
55.461736705903284,39.17836372301256,10339,12,1758,46.492378056709576,44.09392873636719,2033,35.627404096059884,8899,confirmation38,0,regr_final_no_reciprocal,8911,data36-10,bytetrack,19238,True
54.57125299103789,39.17836372301256,10339,12,1758,46.11823850414364,43.63210060748162,2033,35.627404096059884,8899,confirmation38,0,regr_t,8911,data36-10,bytetrack,19238,True
55.461736705903284,39.17836372301256,10339,12,1758,46.492378056709576,44.09392873636719,2033,35.627404096059884,8899,confirmation38,0,regr_tg_old,8911,data36-10,bytetrack,19238,True
55.50490772917978,39.184779287655516,10339,12,1758,46.51418256723295,44.49181143202245,2199,34.76452853726998,8899,confirmation38,0,s2_h_cond_w3_endpoint_c50_r100,8911,data36-10,bytetrack,19238,True
74.84661752708293,87.99162387410793,2289,0,315,81.15340513776019,81.53204189349766,237,86.86973697889594,16949,confirmation38,0,geometry_greedy,16949,data36-10,deepocsort,19238,True
76.80350407342222,88.0183535590487,2289,0,315,82.21993526543491,82.59872329842209,197,87.07765880029109,16949,confirmation38,0,geometry_reid_greedy,16949,data36-10,deepocsort,19238,True
78.52456504766604,88.0183535590487,2289,0,315,83.13604951982377,83.77041478984165,275,86.67221124857053,16949,confirmation38,0,no_refinement,16949,data36-10,deepocsort,19238,True
75.59470156787988,88.00961428422963,2289,0,315,81.56629367462574,82.14552187249565,218,86.96849984405863,16949,confirmation38,0,partial_hungarian_u080,16949,data36-10,deepocsort,19238,True
75.68875720306568,88.00961428422963,2289,0,315,81.6170206698855,82.09578025257689,217,86.97369788959351,16949,confirmation38,0,partial_hungarian_u100,16949,data36-10,deepocsort,19238,True
77.4648530243106,88.02503604637955,2289,0,315,82.57630586164176,83.07403211097908,194,87.09325293689572,16949,confirmation38,0,regr_final,16949,data36-10,deepocsort,19238,True
77.23661550044021,88.02503604637955,2289,0,315,82.45456740043035,83.02429049106033,198,87.07246075475621,16949,confirmation38,0,regr_final_motion_always,16949,data36-10,deepocsort,19238,True
77.2869468808756,88.0183535590487,2289,0,315,82.47829769485926,82.94691463785338,197,87.07765880029109,16949,confirmation38,0,regr_final_no_gap,16949,data36-10,deepocsort,19238,True
76.98142974776017,88.02503604637955,2289,0,315,82.31824185451752,82.7258407715478,194,87.09325293689572,16949,confirmation38,0,regr_final_no_motion,16949,data36-10,deepocsort,19238,True
77.47824482706538,88.02503604637955,2289,0,315,82.58344327408871,83.16798850415896,194,87.09325293689572,16949,confirmation38,0,regr_final_no_reciprocal,16949,data36-10,deepocsort,19238,True
76.98142974776017,88.02503604637955,2289,0,315,82.31824185451752,82.7258407715478,194,87.09325293689572,16949,confirmation38,0,regr_t,16949,data36-10,deepocsort,19238,True
77.4648530243106,88.02503604637955,2289,0,315,82.57630586164176,83.07403211097908,194,87.09325293689572,16949,confirmation38,0,regr_tg_old,16949,data36-10,deepocsort,19238,True
77.31175260482344,88.02503604637955,2289,0,315,82.49466426135116,83.07403211097908,205,87.03607443601206,16949,confirmation38,0,s2_h_cond_w3_endpoint_c50_r100,16949,data36-10,deepocsort,19238,True
84.2425785848872,29.337768998856433,13594,0,123,49.71407557615278,42.90651876858773,147,28.573656305229235,5644,confirmation38,0,geometry_greedy,5644,data36-10,ocsort,19238,True
84.34401941082126,29.337768998856433,13594,0,123,49.7439982099322,43.07531548910859,126,28.68281526146169,5644,confirmation38,0,geometry_reid_greedy,5644,data36-10,ocsort,19238,True
85.03111296929931,29.337768998856433,13594,0,123,49.9462025584425,42.65734265734265,246,28.059049797276224,5644,confirmation38,0,no_refinement,5644,data36-10,ocsort,19238,True
84.35792613435542,29.337768998856433,13594,0,123,49.74809896018453,43.155694879832815,120,28.71400353467096,5644,confirmation38,0,partial_hungarian_u080,5644,data36-10,ocsort,19238,True
84.35374119629515,29.337768998856433,13594,0,123,49.74686496058045,43.131581062615545,120,28.71400353467096,5644,confirmation38,0,partial_hungarian_u100,5644,data36-10,ocsort,19238,True
85.78924546411066,29.337768998856433,13594,0,123,50.16836718503276,43.58170565067117,129,28.667221124857058,5644,confirmation38,0,regr_final,5644,data36-10,ocsort,19238,True
85.78966595986562,29.337768998856433,13594,0,123,50.1684901349402,43.59778152881601,129,28.667221124857058,5644,confirmation38,0,regr_final_motion_always,5644,data36-10,ocsort,19238,True
85.79507355748538,29.337768998856433,13594,0,123,50.1700712503919,43.58170565067117,126,28.68281526146169,5644,confirmation38,0,regr_final_no_gap,5644,data36-10,ocsort,19238,True
84.33819131744652,29.337768998856433,13594,0,123,49.74227954821336,43.07531548910859,129,28.667221124857058,5644,confirmation38,0,regr_final_no_motion,5644,data36-10,ocsort,19238,True
85.78924546411066,29.337768998856433,13594,0,123,50.16836718503276,43.58170565067117,129,28.667221124857058,5644,confirmation38,0,regr_final_no_reciprocal,5644,data36-10,ocsort,19238,True
84.33819131744652,29.337768998856433,13594,0,123,49.74227954821336,43.07531548910859,129,28.667221124857058,5644,confirmation38,0,regr_t,5644,data36-10,ocsort,19238,True
85.78924546411066,29.337768998856433,13594,0,123,50.16836718503276,43.58170565067117,129,28.667221124857058,5644,confirmation38,0,regr_tg_old,5644,data36-10,ocsort,19238,True
85.79333976286698,29.337768998856433,13594,0,123,50.16956431546317,43.54955389438148,128,28.672419170391933,5644,confirmation38,0,s2_h_cond_w3_endpoint_c50_r100,5644,data36-10,ocsort,19238,True
64.31954404243044,41.58419724271086,4689,2,561,51.626263539536424,49.5987772258311,843,37.72225973441368,4197,confirmation38,0,geometry_greedy,4199,data36-11,bytetrack,8886,True
64.45974823577598,41.582647759894584,4689,2,561,51.682653136426936,49.9961788307222,815,38.037362142696374,4197,confirmation38,0,geometry_reid_greedy,4199,data36-11,bytetrack,8886,True
64.10577878222983,41.59309813122636,4689,2,561,51.54290532200331,48.742835307604125,982,36.158001350438894,4197,confirmation38,0,no_refinement,4199,data36-11,bytetrack,8886,True
64.41368699312346,41.58419724271086,4689,2,561,51.66460951265297,49.828047382499044,865,37.474679270763,4197,confirmation38,0,partial_hungarian_u080,4199,data36-11,bytetrack,8886,True
64.41331832851594,41.58419724271086,4689,2,561,51.66445905721084,49.828047382499044,865,37.474679270763,4197,confirmation38,0,partial_hungarian_u100,4199,data36-11,bytetrack,8886,True
64.46387477488264,41.57314962030835,4689,2,561,51.67856671547452,49.965609476499814,827,37.90231825343236,4197,confirmation38,0,regr_final,4199,data36-11,bytetrack,8886,True
64.4712512128062,41.57314962030835,4689,2,561,51.68156687046992,49.9961788307222,834,37.82354265136169,4197,confirmation38,0,regr_final_motion_always,4199,data36-11,bytetrack,8886,True
64.45974823577598,41.582647759894584,4689,2,561,51.682653136426936,49.9961788307222,815,38.037362142696374,4197,confirmation38,0,regr_final_no_gap,4199,data36-11,bytetrack,8886,True
64.46387477488264,41.57314962030835,4689,2,561,51.67856671547452,49.965609476499814,827,37.90231825343236,4197,confirmation38,0,regr_final_no_motion,4199,data36-11,bytetrack,8886,True
64.46387477488264,41.57314962030835,4689,2,561,51.67856671547452,49.965609476499814,827,37.90231825343236,4197,confirmation38,0,regr_final_no_reciprocal,4199,data36-11,bytetrack,8886,True
64.46387477488264,41.57314962030835,4689,2,561,51.67856671547452,49.965609476499814,827,37.90231825343236,4197,confirmation38,0,regr_t,4199,data36-11,bytetrack,8886,True
64.46387477488264,41.57314962030835,4689,2,561,51.67856671547452,49.965609476499814,827,37.90231825343236,4197,confirmation38,0,regr_tg_old,4199,data36-11,bytetrack,8886,True
64.42178355428912,41.582647759894584,4689,2,561,51.666766790838594,49.79747802827666,880,37.305874409182984,4197,confirmation38,0,s2_h_cond_w3_endpoint_c50_r100,4199,data36-11,bytetrack,8886,True
90.88978097789784,93.2178642425006,599,0,55,92.04646242948013,93.91486635998369,44,92.76389826693675,8287,confirmation38,0,geometry_greedy,8287,data36-11,deepocsort,8886,True
90.48359347807559,93.2178642425006,599,0,55,91.84055376775639,93.67029639550456,41,92.79765923925277,8287,confirmation38,0,geometry_reid_greedy,8287,data36-11,deepocsort,8886,True
91.0861042547879,93.2178642425006,599,0,55,92.14581967256808,93.98474349269202,50,92.69637632230476,8287,confirmation38,0,no_refinement,8287,data36-11,deepocsort,8886,True
90.7535530359131,93.19841632664694,599,0,55,91.96786069198649,93.8566354160601,43,92.77515192437542,8287,confirmation38,0,partial_hungarian_u080,8287,data36-11,deepocsort,8886,True
90.7535530359131,93.19841632664694,599,0,55,91.96786069198649,93.8566354160601,43,92.77515192437542,8287,confirmation38,0,partial_hungarian_u100,8287,data36-11,deepocsort,8886,True
90.45989241156506,93.2178642425006,599,0,55,91.82852472738303,93.67029639550456,41,92.79765923925277,8287,confirmation38,0,regr_final,8287,data36-11,deepocsort,8886,True
90.60587102661594,93.2178642425006,599,0,55,91.90258847324019,93.78675828335177,41,92.79765923925277,8287,confirmation38,0,regr_final_motion_always,8287,data36-11,deepocsort,8886,True
90.48359347807559,93.2178642425006,599,0,55,91.84055376775639,93.67029639550456,41,92.79765923925277,8287,confirmation38,0,regr_final_no_gap,8287,data36-11,deepocsort,8886,True
90.45989241156506,93.2178642425006,599,0,55,91.82852472738303,93.67029639550456,41,92.79765923925277,8287,confirmation38,0,regr_final_no_motion,8287,data36-11,deepocsort,8886,True
90.45989241156506,93.2178642425006,599,0,55,91.82852472738303,93.67029639550456,41,92.79765923925277,8287,confirmation38,0,regr_final_no_reciprocal,8287,data36-11,deepocsort,8886,True
90.45989241156506,93.2178642425006,599,0,55,91.82852472738303,93.67029639550456,41,92.79765923925277,8287,confirmation38,0,regr_t,8287,data36-11,deepocsort,8886,True
90.45825417622092,93.2178642425006,599,0,55,91.82769321294332,93.67029639550456,42,92.7864055818141,8287,confirmation38,0,regr_tg_old,8287,data36-11,deepocsort,8886,True
90.82872893386927,93.2178642425006,599,0,55,92.01554274059767,93.89157398241426,41,92.79765923925277,8287,confirmation38,0,s2_h_cond_w3_endpoint_c50_r100,8287,data36-11,deepocsort,8886,True
82.76337052964094,36.82340550057707,5612,0,37,55.205334319044994,50.70723684210526,178,34.84132343011479,3274,confirmation38,0,geometry_greedy,3274,data36-11,ocsort,8886,True
83.24954993808667,36.84447445419761,5612,0,37,55.38308330182856,52.13815789473685,85,35.88791357191087,3274,confirmation38,0,geometry_reid_greedy,3274,data36-11,ocsort,8886,True
82.1228152318072,36.84447445419761,5612,0,37,55.0070174424601,49.29276315789474,268,33.828494260634706,3274,confirmation38,0,no_refinement,3274,data36-11,ocsort,8886,True
83.28280860147756,36.84447445419761,5612,0,37,55.39414512374904,52.30263157894737,67,36.09047940580689,3274,confirmation38,0,partial_hungarian_u080,3274,data36-11,ocsort,8886,True
83.28273212271854,36.84447445419761,5612,0,37,55.394119689469626,52.30263157894737,67,36.09047940580689,3274,confirmation38,0,partial_hungarian_u100,3274,data36-11,ocsort,8886,True
83.25269722946305,36.84447445419761,5612,0,37,55.38413018468377,52.15460526315789,84,35.89916722934954,3274,confirmation38,0,regr_final,3274,data36-11,ocsort,8886,True
83.25269722946305,36.84447445419761,5612,0,37,55.38413018468377,52.15460526315789,84,35.89916722934954,3274,confirmation38,0,regr_final_motion_always,3274,data36-11,ocsort,8886,True
83.24954993808667,36.84447445419761,5612,0,37,55.38308330182856,52.13815789473685,85,35.88791357191087,3274,confirmation38,0,regr_final_no_gap,3274,data36-11,ocsort,8886,True
83.25269722946305,36.84447445419761,5612,0,37,55.38413018468377,52.15460526315789,84,35.89916722934954,3274,confirmation38,0,regr_final_no_motion,3274,data36-11,ocsort,8886,True
83.25269722946305,36.84447445419761,5612,0,37,55.38413018468377,52.15460526315789,84,35.89916722934954,3274,confirmation38,0,regr_final_no_reciprocal,3274,data36-11,ocsort,8886,True
83.25269722946305,36.84447445419761,5612,0,37,55.38413018468377,52.15460526315789,84,35.89916722934954,3274,confirmation38,0,regr_t,3274,data36-11,ocsort,8886,True
83.25269722946305,36.84447445419761,5612,0,37,55.38413018468377,52.15460526315789,84,35.89916722934954,3274,confirmation38,0,regr_tg_old,3274,data36-11,ocsort,8886,True
83.27230113429952,36.84447445419761,5612,0,37,55.390650581889254,52.28618421052632,71,36.04546477605221,3274,confirmation38,0,s2_h_cond_w3_endpoint_c50_r100,3274,data36-11,ocsort,8886,True
64.92086407732349,64.67410296719775,978,22,82,64.72596889276247,71.22515574013646,96,71.52507144712914,2871,confirmation38,0,geometry_greedy,2893,data36-12,bytetrack,3849,True
65.1123745881732,64.67410296719775,978,22,82,64.82327447319554,71.52180361910412,94,71.57703299558327,2871,confirmation38,0,geometry_reid_greedy,2893,data36-12,bytetrack,3849,True
64.71339620625854,64.67410296719775,978,22,82,64.62011324423142,70.27588252743993,146,70.22603273577552,2871,confirmation38,0,no_refinement,2893,data36-12,bytetrack,3849,True
64.94709821859564,64.67410296719775,978,22,82,64.73926680533465,71.22515574013646,103,71.34320602753962,2871,confirmation38,0,partial_hungarian_u080,2893,data36-12,bytetrack,3849,True
64.96578633046306,64.67410296719775,978,22,82,64.74878559338416,71.31415010382676,104,71.31722525331254,2871,confirmation38,0,partial_hungarian_u100,2893,data36-12,bytetrack,3849,True
65.1123745881732,64.67410296719775,978,22,82,64.82327447319554,71.52180361910412,94,71.57703299558327,2871,confirmation38,0,regr_final,2893,data36-12,bytetrack,3849,True
65.16041843240659,64.67410296719775,978,22,82,64.84679540858032,71.52180361910412,94,71.57703299558327,2871,confirmation38,0,regr_final_motion_always,2893,data36-12,bytetrack,3849,True
65.1123745881732,64.67410296719775,978,22,82,64.82327447319554,71.52180361910412,94,71.57703299558327,2871,confirmation38,0,regr_final_no_gap,2893,data36-12,bytetrack,3849,True
65.1123745881732,64.67410296719775,978,22,82,64.82327447319554,71.52180361910412,94,71.57703299558327,2871,confirmation38,0,regr_final_no_motion,2893,data36-12,bytetrack,3849,True
65.1123745881732,64.67410296719775,978,22,82,64.82327447319554,71.52180361910412,94,71.57703299558327,2871,confirmation38,0,regr_final_no_reciprocal,2893,data36-12,bytetrack,3849,True
65.1123745881732,64.67410296719775,978,22,82,64.82327447319554,71.52180361910412,94,71.57703299558327,2871,confirmation38,0,regr_t,2893,data36-12,bytetrack,3849,True
65.20022223471972,64.67410296719775,978,22,82,64.86685843852665,71.37347967962029,95,71.55105222135619,2871,confirmation38,0,regr_tg_old,2893,data36-12,bytetrack,3849,True
65.0618983002127,64.67410296719775,978,22,82,64.79777189355123,71.37347967962029,107,71.23928293063133,2871,confirmation38,0,s2_h_cond_w3_endpoint_c50_r100,2893,data36-12,bytetrack,3849,True
92.33219730212981,91.69617517896634,318,0,23,92.01363664813292,94.74254742547426,9,91.50428682774748,3531,confirmation38,0,geometry_greedy,3531,data36-12,deepocsort,3849,True
92.53534328929615,91.69617517896634,318,0,23,92.11480358267575,94.8780487804878,8,91.53026760197453,3531,confirmation38,0,geometry_reid_greedy,3531,data36-12,deepocsort,3849,True
91.6354961481663,91.7381137957911,318,0,23,91.6867906155203,93.82113821138212,15,91.34840218238503,3531,confirmation38,0,no_refinement,3531,data36-12,deepocsort,3849,True
92.5366910671387,91.69617517896634,318,0,23,92.11547440656747,94.8780487804878,8,91.53026760197453,3531,confirmation38,0,partial_hungarian_u080,3531,data36-12,deepocsort,3849,True
92.5366910671387,91.69617517896634,318,0,23,92.11547440656747,94.8780487804878,8,91.53026760197453,3531,confirmation38,0,partial_hungarian_u100,3531,data36-12,deepocsort,3849,True
92.53534328929615,91.69617517896634,318,0,23,92.11480358267575,94.8780487804878,8,91.53026760197453,3531,confirmation38,0,regr_final,3531,data36-12,deepocsort,3849,True
92.53534328929615,91.69617517896634,318,0,23,92.11480358267575,94.8780487804878,8,91.53026760197453,3531,confirmation38,0,regr_final_motion_always,3531,data36-12,deepocsort,3849,True
92.53534328929615,91.69617517896634,318,0,23,92.11480358267575,94.8780487804878,8,91.53026760197453,3531,confirmation38,0,regr_final_no_gap,3531,data36-12,deepocsort,3849,True
92.53534328929615,91.69617517896634,318,0,23,92.11480358267575,94.8780487804878,8,91.53026760197453,3531,confirmation38,0,regr_final_no_motion,3531,data36-12,deepocsort,3849,True
92.53534328929615,91.69617517896634,318,0,23,92.11480358267575,94.8780487804878,8,91.53026760197453,3531,confirmation38,0,regr_final_no_reciprocal,3531,data36-12,deepocsort,3849,True
92.53534328929615,91.69617517896634,318,0,23,92.11480358267575,94.8780487804878,8,91.53026760197453,3531,confirmation38,0,regr_t,3531,data36-12,deepocsort,3849,True
92.53534328929615,91.69617517896634,318,0,23,92.11480358267575,94.8780487804878,8,91.53026760197453,3531,confirmation38,0,regr_tg_old,3531,data36-12,deepocsort,3849,True
92.53534328929615,91.69617517896634,318,0,23,92.11480358267575,94.8780487804878,8,91.53026760197453,3531,confirmation38,0,s2_h_cond_w3_endpoint_c50_r100,3531,data36-12,deepocsort,3849,True
74.5019380825886,68.35541699142634,1218,0,33,71.36253249643522,72.12962962962963,55,66.92647440893738,2631,confirmation38,0,geometry_greedy,2631,data36-12,ocsort,3849,True
74.53738634015042,68.35541699142634,1218,0,33,71.37950773668888,72.34567901234567,44,67.21226292543517,2631,confirmation38,0,geometry_reid_greedy,2631,data36-12,ocsort,3849,True
73.95279522154323,68.35541699142634,1218,0,33,71.09904468451141,71.48148148148148,77,66.3548973759418,2631,confirmation38,0,no_refinement,2631,data36-12,ocsort,3849,True
74.53518658880587,68.35541699142634,1218,0,33,71.37845445098675,72.34567901234567,43,67.23824369966225,2631,confirmation38,0,partial_hungarian_u080,2631,data36-12,ocsort,3849,True
74.53518658880587,68.35541699142634,1218,0,33,71.37845445098675,72.34567901234567,43,67.23824369966225,2631,confirmation38,0,partial_hungarian_u100,2631,data36-12,ocsort,3849,True
74.53738634015042,68.35541699142634,1218,0,33,71.37950773668888,72.34567901234567,44,67.21226292543517,2631,confirmation38,0,regr_final,2631,data36-12,ocsort,3849,True
74.5409710355483,68.35541699142634,1218,0,33,71.38122412848308,72.34567901234567,44,67.21226292543517,2631,confirmation38,0,regr_final_motion_always,2631,data36-12,ocsort,3849,True
74.53738634015042,68.35541699142634,1218,0,33,71.37950773668888,72.34567901234567,44,67.21226292543517,2631,confirmation38,0,regr_final_no_gap,2631,data36-12,ocsort,3849,True
74.53738634015042,68.35541699142634,1218,0,33,71.37950773668888,72.34567901234567,44,67.21226292543517,2631,confirmation38,0,regr_final_no_motion,2631,data36-12,ocsort,3849,True
74.53738634015042,68.35541699142634,1218,0,33,71.37950773668888,72.34567901234567,44,67.21226292543517,2631,confirmation38,0,regr_final_no_reciprocal,2631,data36-12,ocsort,3849,True
74.53738634015042,68.35541699142634,1218,0,33,71.37950773668888,72.34567901234567,44,67.21226292543517,2631,confirmation38,0,regr_t,2631,data36-12,ocsort,3849,True
74.56781190394767,68.35541699142634,1218,0,33,71.3940745218578,72.34567901234567,44,67.21226292543517,2631,confirmation38,0,regr_tg_old,2631,data36-12,ocsort,3849,True
74.53518658880587,68.35541699142634,1218,0,33,71.37845445098675,72.34567901234567,43,67.23824369966225,2631,confirmation38,0,s2_h_cond_w3_endpoint_c50_r100,2631,data36-12,ocsort,3849,True
65.78381924032075,68.96844909832137,304,3,57,67.33437438484845,80.02454740718011,59,79.43820224719101,1476,confirmation38,0,geometry_greedy,1479,data36-13,bytetrack,1780,True
67.17139963188217,68.96844909832137,304,3,57,68.03971451567269,80.8837066584842,54,79.71910112359551,1476,confirmation38,0,geometry_reid_greedy,1479,data36-13,bytetrack,1780,True
63.23891569919052,69.08184538433294,304,3,57,66.06050992984173,75.60601411475912,94,77.47191011235955,1476,confirmation38,0,no_refinement,1479,data36-13,bytetrack,1780,True
66.64864241343129,68.96844909832137,304,3,57,67.77272918404765,79.77907333537895,72,78.70786516853933,1476,confirmation38,0,partial_hungarian_u080,1479,data36-13,bytetrack,1780,True
66.64864241343129,68.96844909832137,304,3,57,67.77272918404765,79.77907333537895,72,78.70786516853933,1476,confirmation38,0,partial_hungarian_u100,1479,data36-13,bytetrack,1780,True
66.18458630830132,68.96844909832137,304,3,57,67.53795353200704,80.27002147898128,56,79.60674157303372,1476,confirmation38,0,regr_final,1479,data36-13,bytetrack,1780,True
66.12844815072832,68.96844909832137,304,3,57,67.50920411637985,80.08591592513041,57,79.5505617977528,1476,confirmation38,0,regr_final_motion_always,1479,data36-13,bytetrack,1780,True
66.18458630830132,68.96844909832137,304,3,57,67.53795353200704,80.27002147898128,56,79.60674157303372,1476,confirmation38,0,regr_final_no_gap,1479,data36-13,bytetrack,1780,True
67.17139963188217,68.96844909832137,304,3,57,68.03971451567269,80.8837066584842,54,79.71910112359551,1476,confirmation38,0,regr_final_no_motion,1479,data36-13,bytetrack,1780,True
66.18458630830132,68.96844909832137,304,3,57,67.53795353200704,80.27002147898128,56,79.60674157303372,1476,confirmation38,0,regr_final_no_reciprocal,1479,data36-13,bytetrack,1780,True
67.17139963188217,68.96844909832137,304,3,57,68.03971451567269,80.8837066584842,54,79.71910112359551,1476,confirmation38,0,regr_t,1479,data36-13,bytetrack,1780,True
65.37289912406864,69.08184538433294,304,3,57,67.17573701980103,79.10401963792575,58,79.49438202247191,1476,confirmation38,0,regr_tg_old,1479,data36-13,bytetrack,1780,True
64.92996856269328,69.08184538433294,304,3,57,66.94609072508074,78.30622890457195,81,78.20224719101122,1476,confirmation38,0,s2_h_cond_w3_endpoint_c50_r100,1479,data36-13,bytetrack,1780,True
86.15453840634156,91.57303370786518,150,0,21,88.82247716411356,90.14662756598241,16,90.67415730337078,1630,confirmation38,0,geometry_greedy,1630,data36-13,deepocsort,1780,True
87.49381182616271,91.57303370786518,150,0,21,89.51018813289808,90.85043988269794,14,90.78651685393258,1630,confirmation38,0,geometry_reid_greedy,1630,data36-13,deepocsort,1780,True
84.668368298351,91.57303370786518,150,0,21,88.05304846610842,88.32844574780059,20,90.4494382022472,1630,confirmation38,0,no_refinement,1630,data36-13,deepocsort,1780,True
86.7867138355449,91.57303370786518,150,0,21,89.14775752343522,90.6158357771261,15,90.73033707865169,1630,confirmation38,0,partial_hungarian_u080,1630,data36-13,deepocsort,1780,True
86.7867138355449,91.57303370786518,150,0,21,89.14775752343522,90.6158357771261,15,90.73033707865169,1630,confirmation38,0,partial_hungarian_u100,1630,data36-13,deepocsort,1780,True
87.49381182616271,91.57303370786518,150,0,21,89.51018813289808,90.85043988269794,14,90.78651685393258,1630,confirmation38,0,regr_final,1630,data36-13,deepocsort,1780,True
87.49381182616271,91.57303370786518,150,0,21,89.51018813289808,90.85043988269794,14,90.78651685393258,1630,confirmation38,0,regr_final_motion_always,1630,data36-13,deepocsort,1780,True
87.49381182616271,91.57303370786518,150,0,21,89.51018813289808,90.85043988269794,14,90.78651685393258,1630,confirmation38,0,regr_final_no_gap,1630,data36-13,deepocsort,1780,True
87.49381182616271,91.57303370786518,150,0,21,89.51018813289808,90.85043988269794,14,90.78651685393258,1630,confirmation38,0,regr_final_no_motion,1630,data36-13,deepocsort,1780,True
87.49381182616271,91.57303370786518,150,0,21,89.51018813289808,90.85043988269794,14,90.78651685393258,1630,confirmation38,0,regr_final_no_reciprocal,1630,data36-13,deepocsort,1780,True
87.49381182616271,91.57303370786518,150,0,21,89.51018813289808,90.85043988269794,14,90.78651685393258,1630,confirmation38,0,regr_t,1630,data36-13,deepocsort,1780,True
86.50096008756869,91.57303370786518,150,0,21,89.0008726578657,89.91202346041057,16,90.67415730337078,1630,confirmation38,0,regr_tg_old,1630,data36-13,deepocsort,1780,True
87.49381182616271,91.57303370786518,150,0,21,89.51018813289808,90.85043988269794,14,90.78651685393258,1630,confirmation38,0,s2_h_cond_w3_endpoint_c50_r100,1630,data36-13,deepocsort,1780,True
79.35075610918754,73.25842696629212,476,0,22,76.24376414596131,76.39429312581063,30,71.57303370786516,1304,confirmation38,0,geometry_greedy,1304,data36-13,ocsort,1780,True
79.37597274344834,73.25842696629212,476,0,22,76.2558778200363,76.58884565499352,25,71.85393258426967,1304,confirmation38,0,geometry_reid_greedy,1304,data36-13,ocsort,1780,True
79.2029197446619,73.25842696629212,476,0,22,76.17270713077889,75.74578469520104,43,70.84269662921349,1304,confirmation38,0,no_refinement,1304,data36-13,ocsort,1780,True
79.37597274344834,73.25842696629212,476,0,22,76.2558778200363,76.58884565499352,25,71.85393258426967,1304,confirmation38,0,partial_hungarian_u080,1304,data36-13,ocsort,1780,True
79.37597274344834,73.25842696629212,476,0,22,76.2558778200363,76.58884565499352,25,71.85393258426967,1304,confirmation38,0,partial_hungarian_u100,1304,data36-13,ocsort,1780,True
79.32484799907206,73.25842696629212,476,0,22,76.23131629292676,76.39429312581063,26,71.79775280898878,1304,confirmation38,0,regr_final,1304,data36-13,ocsort,1780,True
79.32484799907206,73.25842696629212,476,0,22,76.23131629292676,76.39429312581063,26,71.79775280898878,1304,confirmation38,0,regr_final_motion_always,1304,data36-13,ocsort,1780,True
79.32484799907206,73.25842696629212,476,0,22,76.23131629292676,76.39429312581063,26,71.79775280898878,1304,confirmation38,0,regr_final_no_gap,1304,data36-13,ocsort,1780,True
79.37597274344834,73.25842696629212,476,0,22,76.2558778200363,76.58884565499352,25,71.85393258426967,1304,confirmation38,0,regr_final_no_motion,1304,data36-13,ocsort,1780,True
79.32484799907206,73.25842696629212,476,0,22,76.23131629292676,76.39429312581063,26,71.79775280898878,1304,confirmation38,0,regr_final_no_reciprocal,1304,data36-13,ocsort,1780,True
79.37597274344834,73.25842696629212,476,0,22,76.2558778200363,76.58884565499352,25,71.85393258426967,1304,confirmation38,0,regr_t,1304,data36-13,ocsort,1780,True
79.32484799907206,73.25842696629212,476,0,22,76.23131629292676,76.39429312581063,26,71.79775280898878,1304,confirmation38,0,regr_tg_old,1304,data36-13,ocsort,1780,True
79.32484799907206,73.25842696629212,476,0,22,76.23131629292676,76.39429312581063,26,71.79775280898878,1304,confirmation38,0,s2_h_cond_w3_endpoint_c50_r100,1304,data36-13,ocsort,1780,True
52.09171445338616,47.96494106012716,5514,14,1059,49.786615357346996,53.85436893203883,780,51.662835249042146,7536,confirmation38,0,geometry_greedy,7550,data36-4,bytetrack,13050,True
52.89552709775327,47.93980627524467,5514,14,1059,50.16664843009636,55.49514563106796,719,52.13026819923372,7536,confirmation38,0,geometry_reid_greedy,7550,data36-4,bytetrack,13050,True
48.32730489255678,47.997802136427694,5514,14,1059,47.929441053642044,47.80582524271845,1231,48.206896551724135,7536,confirmation38,0,no_refinement,7550,data36-4,bytetrack,13050,True
52.402281002151256,47.97545847949401,5514,14,1059,49.944415064332745,54.15533980582524,820,51.35632183908045,7536,confirmation38,0,partial_hungarian_u080,7550,data36-4,bytetrack,13050,True
52.39243765337167,47.97545847949401,5514,14,1059,49.93957355854892,54.15533980582524,821,51.34865900383142,7536,confirmation38,0,partial_hungarian_u100,7550,data36-4,bytetrack,13050,True
52.87418633610752,47.94800580675022,5514,14,1059,50.16027812530388,55.32038834951456,717,52.1455938697318,7536,confirmation38,0,regr_final,7550,data36-4,bytetrack,13050,True
52.32896547595411,47.969400604894766,5514,14,1059,49.907102329055334,54.66019417475728,728,52.06130268199234,7536,confirmation38,0,regr_final_motion_always,7550,data36-4,bytetrack,13050,True
52.88737539655214,47.93980627524467,5514,14,1059,50.16267499993992,55.47572815533981,723,52.09961685823755,7536,confirmation38,0,regr_final_no_gap,7550,data36-4,bytetrack,13050,True
52.87418633610752,47.94800580675022,5514,14,1059,50.16027812530388,55.32038834951456,717,52.1455938697318,7536,confirmation38,0,regr_final_no_motion,7550,data36-4,bytetrack,13050,True
52.87418633610752,47.94800580675022,5514,14,1059,50.16027812530388,55.32038834951456,717,52.1455938697318,7536,confirmation38,0,regr_final_no_reciprocal,7550,data36-4,bytetrack,13050,True
52.87418633610752,47.94800580675022,5514,14,1059,50.16027812530388,55.32038834951456,717,52.1455938697318,7536,confirmation38,0,regr_t,7550,data36-4,bytetrack,13050,True
52.87418633610752,47.94800580675022,5514,14,1059,50.16027812530388,55.32038834951456,717,52.1455938697318,7536,confirmation38,0,regr_tg_old,7550,data36-4,bytetrack,13050,True
52.36446375496515,47.97684473014529,5514,14,1059,49.92657958648641,53.97087378640777,853,51.10344827586207,7536,confirmation38,0,s2_h_cond_w3_endpoint_c50_r100,7550,data36-4,bytetrack,13050,True
85.55440701913271,89.61999507960533,1350,0,146,87.5636084740407,89.63232323232323,58,89.21072796934865,11700,confirmation38,0,geometry_greedy,11700,data36-4,deepocsort,13050,True
85.96821920182973,89.63299386268639,1350,0,146,87.78148360420546,89.9070707070707,52,89.25670498084291,11700,confirmation38,0,geometry_reid_greedy,11700,data36-4,deepocsort,13050,True
82.84436327124067,89.61999507960533,1350,0,146,86.16560460391342,86.88484848484849,99,88.89655172413794,11700,confirmation38,0,no_refinement,11700,data36-4,deepocsort,13050,True
85.84371779024892,89.63299386268639,1350,0,146,87.71789685981408,89.78585858585859,54,89.24137931034483,11700,confirmation38,0,partial_hungarian_u080,11700,data36-4,deepocsort,13050,True
85.84371779024892,89.63299386268639,1350,0,146,87.71789685981408,89.78585858585859,54,89.24137931034483,11700,confirmation38,0,partial_hungarian_u100,11700,data36-4,deepocsort,13050,True
85.96724289829713,89.63299386268639,1350,0,146,87.7809851547985,89.9070707070707,52,89.25670498084291,11700,confirmation38,0,regr_final,11700,data36-4,deepocsort,13050,True
86.02256239068427,89.63299386268639,1350,0,146,87.80922392586324,89.93131313131313,53,89.24904214559388,11700,confirmation38,0,regr_final_motion_always,11700,data36-4,deepocsort,13050,True
85.96821920182973,89.63299386268639,1350,0,146,87.78148360420546,89.9070707070707,52,89.25670498084291,11700,confirmation38,0,regr_final_no_gap,11700,data36-4,deepocsort,13050,True
85.96724289829713,89.63299386268639,1350,0,146,87.7809851547985,89.9070707070707,52,89.25670498084291,11700,confirmation38,0,regr_final_no_motion,11700,data36-4,deepocsort,13050,True
85.96724289829713,89.63299386268639,1350,0,146,87.7809851547985,89.9070707070707,52,89.25670498084291,11700,confirmation38,0,regr_final_no_reciprocal,11700,data36-4,deepocsort,13050,True
85.96724289829713,89.63299386268639,1350,0,146,87.7809851547985,89.9070707070707,52,89.25670498084291,11700,confirmation38,0,regr_t,11700,data36-4,deepocsort,13050,True
85.92375382642382,89.63299386268639,1350,0,146,87.75877904255198,89.86666666666666,54,89.24137931034483,11700,confirmation38,0,regr_tg_old,11700,data36-4,deepocsort,13050,True
85.77419492011842,89.63299386268639,1350,0,146,87.68236930264138,89.75353535353536,55,89.23371647509578,11700,confirmation38,0,s2_h_cond_w3_endpoint_c50_r100,11700,data36-4,deepocsort,13050,True
53.49965826228017,40.763155185284745,7723,0,255,46.69919263181356,43.510910377101816,220,39.13409961685824,5327,confirmation38,0,geometry_greedy,5327,data36-4,ocsort,13050,True
54.00484458495159,40.763155185284745,7723,0,255,46.91916015179558,43.848288621646624,182,39.42528735632184,5327,confirmation38,0,geometry_reid_greedy,5327,data36-4,ocsort,13050,True
52.728972359560856,40.772234519007796,7723,0,255,46.36677514175057,41.33427654132883,339,38.22222222222222,5327,confirmation38,0,no_refinement,5327,data36-4,ocsort,13050,True
53.99010868009802,40.763155185284745,7723,0,255,46.9127584685771,44.07683517440278,183,39.417624521072796,5327,confirmation38,0,partial_hungarian_u080,5327,data36-4,ocsort,13050,True
53.88882762296047,40.763155185284745,7723,0,255,46.868735528177666,43.978886651793005,185,39.40229885057471,5327,confirmation38,0,partial_hungarian_u100,5327,data36-4,ocsort,13050,True
54.00443664771277,40.763155185284745,7723,0,255,46.91898294437083,43.848288621646624,182,39.42528735632184,5327,confirmation38,0,regr_final,5327,data36-4,ocsort,13050,True
54.89212165888897,40.763155185284745,7723,0,255,47.303021221381265,44.1965500353703,186,39.394636015325666,5327,confirmation38,0,regr_final_motion_always,5327,data36-4,ocsort,13050,True
54.00484458495159,40.763155185284745,7723,0,255,46.91916015179558,43.848288621646624,182,39.42528735632184,5327,confirmation38,0,regr_final_no_gap,5327,data36-4,ocsort,13050,True
54.00443664771277,40.763155185284745,7723,0,255,46.91898294437083,43.848288621646624,182,39.42528735632184,5327,confirmation38,0,regr_final_no_motion,5327,data36-4,ocsort,13050,True
54.00443664771277,40.763155185284745,7723,0,255,46.91898294437083,43.848288621646624,182,39.42528735632184,5327,confirmation38,0,regr_final_no_reciprocal,5327,data36-4,ocsort,13050,True
54.00443664771277,40.763155185284745,7723,0,255,46.91898294437083,43.848288621646624,182,39.42528735632184,5327,confirmation38,0,regr_t,5327,data36-4,ocsort,13050,True
53.923904391273005,40.763155185284745,7723,0,255,46.8839867155111,43.837405452467756,183,39.417624521072796,5327,confirmation38,0,regr_tg_old,5327,data36-4,ocsort,13050,True
53.716054073826044,40.763155185284745,7723,0,255,46.793541991855555,43.66327474560592,183,39.417624521072796,5327,confirmation38,0,s2_h_cond_w3_endpoint_c50_r100,5327,data36-4,ocsort,13050,True
72.04150044708524,61.492007400470946,2195,3,412,66.51421450974418,74.26796805678794,335,67.76533469076101,5663,confirmation38,0,geometry_greedy,5666,data36-5,bytetrack,7858,True
72.4804642073571,61.492007400470946,2195,3,412,66.718994670548,75.33274179236912,294,68.28709595316874,5663,confirmation38,0,geometry_reid_greedy,5666,data36-5,bytetrack,7858,True
70.58181143406523,61.492007400470946,2195,3,412,65.82814108598419,71.26589766341318,504,65.6146602188852,5663,confirmation38,0,no_refinement,5666,data36-5,bytetrack,7858,True
72.22210503757623,61.492007400470946,2195,3,412,66.59866087409883,74.3566992014197,362,67.42173581063884,5663,confirmation38,0,partial_hungarian_u080,5666,data36-5,bytetrack,7858,True
72.22427069218816,61.492007400470946,2195,3,412,66.59965327867785,74.41585329784087,363,67.40900992618987,5663,confirmation38,0,partial_hungarian_u100,5666,data36-5,bytetrack,7858,True
72.66723325599264,61.492007400470946,2195,3,412,66.80515740035604,75.52499260573795,296,68.2616441842708,5663,confirmation38,0,regr_final,5666,data36-5,bytetrack,7858,True
72.58124336497428,61.48200094972297,2195,3,412,66.75966358946282,75.27358769594794,301,68.19801476202596,5663,confirmation38,0,regr_final_motion_always,5666,data36-5,bytetrack,7858,True
72.62575985755075,61.492007400470946,2195,3,412,66.78578511800242,75.4066844128956,294,68.28709595316874,5663,confirmation38,0,regr_final_no_gap,5666,data36-5,bytetrack,7858,True
72.52193760579897,61.492007400470946,2195,3,412,66.73838586580031,75.45104998521147,296,68.2616441842708,5663,confirmation38,0,regr_final_no_motion,5666,data36-5,bytetrack,7858,True
72.66723325599264,61.492007400470946,2195,3,412,66.80515740035604,75.52499260573795,296,68.2616441842708,5663,confirmation38,0,regr_final_no_reciprocal,5666,data36-5,bytetrack,7858,True
72.52193760579897,61.492007400470946,2195,3,412,66.73838586580031,75.45104998521147,296,68.2616441842708,5663,confirmation38,0,regr_t,5666,data36-5,bytetrack,7858,True
72.66723325599264,61.492007400470946,2195,3,412,66.80515740035604,75.52499260573795,296,68.2616441842708,5663,confirmation38,0,regr_tg_old,5666,data36-5,bytetrack,7858,True
72.2923492046005,61.492007400470946,2195,3,412,66.63052708622206,74.23839100857734,391,67.05268516161873,5663,confirmation38,0,s2_h_cond_w3_endpoint_c50_r100,5666,data36-5,bytetrack,7858,True
95.53296300419632,95.80045813184016,330,0,41,95.66661707457908,96.46431821136098,7,95.71137694069738,7528,confirmation38,0,geometry_greedy,7528,data36-5,deepocsort,7858,True
95.53296300419632,95.80045813184016,330,0,41,95.66661707457908,96.46431821136098,7,95.71137694069738,7528,confirmation38,0,geometry_reid_greedy,7528,data36-5,deepocsort,7858,True
93.85757225474609,95.80045813184016,330,0,41,94.82403925770598,95.08644222020018,30,95.4186815983711,7528,confirmation38,0,no_refinement,7528,data36-5,deepocsort,7858,True
95.53296300419632,95.80045813184016,330,0,41,95.66661707457908,96.46431821136098,7,95.71137694069738,7528,confirmation38,0,partial_hungarian_u080,7528,data36-5,deepocsort,7858,True
95.53296300419632,95.80045813184016,330,0,41,95.66661707457908,96.46431821136098,7,95.71137694069738,7528,confirmation38,0,partial_hungarian_u100,7528,data36-5,deepocsort,7858,True
95.53296300419632,95.80045813184016,330,0,41,95.66661707457908,96.46431821136098,7,95.71137694069738,7528,confirmation38,0,regr_final,7528,data36-5,deepocsort,7858,True
95.53296300419632,95.80045813184016,330,0,41,95.66661707457908,96.46431821136098,7,95.71137694069738,7528,confirmation38,0,regr_final_motion_always,7528,data36-5,deepocsort,7858,True
95.53296300419632,95.80045813184016,330,0,41,95.66661707457908,96.46431821136098,7,95.71137694069738,7528,confirmation38,0,regr_final_no_gap,7528,data36-5,deepocsort,7858,True
95.53296300419632,95.80045813184016,330,0,41,95.66661707457908,96.46431821136098,7,95.71137694069738,7528,confirmation38,0,regr_final_no_motion,7528,data36-5,deepocsort,7858,True
95.53296300419632,95.80045813184016,330,0,41,95.66661707457908,96.46431821136098,7,95.71137694069738,7528,confirmation38,0,regr_final_no_reciprocal,7528,data36-5,deepocsort,7858,True
95.53296300419632,95.80045813184016,330,0,41,95.66661707457908,96.46431821136098,7,95.71137694069738,7528,confirmation38,0,regr_t,7528,data36-5,deepocsort,7858,True
95.53459725186897,95.80045813184016,330,0,41,95.6674353381018,96.4383205511504,8,95.69865105624841,7528,confirmation38,0,regr_tg_old,7528,data36-5,deepocsort,7858,True
95.53459725186897,95.80045813184016,330,0,41,95.6674353381018,96.4383205511504,8,95.69865105624841,7528,confirmation38,0,s2_h_cond_w3_endpoint_c50_r100,7528,data36-5,deepocsort,7858,True
83.520570011091,61.61691608176507,2936,0,92,71.73753853854691,72.08137715179969,119,61.12242300839908,4922,confirmation38,0,geometry_greedy,4922,data36-5,ocsort,7858,True
83.46172888911758,61.75015155875825,2936,0,92,71.78976609209755,72.2848200312989,101,61.35148892848052,4922,confirmation38,0,geometry_reid_greedy,4922,data36-5,ocsort,7858,True
82.48733162011125,62.028293393919,2936,0,92,71.5300334240293,70.9076682316119,185,60.28251463476712,4922,confirmation38,0,no_refinement,4922,data36-5,ocsort,7858,True
83.47005720972001,61.75015155875825,2936,0,92,71.79334784445378,72.34741784037558,95,61.42784423517435,4922,confirmation38,0,partial_hungarian_u080,4922,data36-5,ocsort,7858,True
83.47005720972001,61.75015155875825,2936,0,92,71.79334784445378,72.34741784037558,95,61.42784423517435,4922,confirmation38,0,partial_hungarian_u100,4922,data36-5,ocsort,7858,True
83.39613959955673,61.75015155875825,2936,0,92,71.76155192461509,72.22222222222221,102,61.338763044031566,4922,confirmation38,0,regr_final,4922,data36-5,ocsort,7858,True
83.39613959955673,61.75015155875825,2936,0,92,71.76155192461509,72.22222222222221,102,61.338763044031566,4922,confirmation38,0,regr_final_motion_always,4922,data36-5,ocsort,7858,True
83.39613959955673,61.75015155875825,2936,0,92,71.76155192461509,72.22222222222221,102,61.338763044031566,4922,confirmation38,0,regr_final_no_gap,4922,data36-5,ocsort,7858,True
83.46172888911758,61.75015155875825,2936,0,92,71.78976609209755,72.2848200312989,101,61.35148892848052,4922,confirmation38,0,regr_final_no_motion,4922,data36-5,ocsort,7858,True
83.39613959955673,61.75015155875825,2936,0,92,71.76155192461509,72.22222222222221,102,61.338763044031566,4922,confirmation38,0,regr_final_no_reciprocal,4922,data36-5,ocsort,7858,True
83.46172888911758,61.75015155875825,2936,0,92,71.78976609209755,72.2848200312989,101,61.35148892848052,4922,confirmation38,0,regr_t,4922,data36-5,ocsort,7858,True
83.39613959955673,61.75015155875825,2936,0,92,71.76155192461509,72.22222222222221,102,61.338763044031566,4922,confirmation38,0,regr_tg_old,4922,data36-5,ocsort,7858,True
83.40067758484263,61.75015155875825,2936,0,92,71.76350436086814,72.25352112676056,99,61.376940697378465,4922,confirmation38,0,s2_h_cond_w3_endpoint_c50_r100,4922,data36-5,ocsort,7858,True
51.68436805339049,65.64910422611435,3118,18,860,58.11029609256949,63.578700078308536,785,72.61871508379888,11202,confirmation38,0,geometry_greedy,11220,data37-1,bytetrack,14320,True
51.97759046618815,65.62256424490333,3118,18,860,58.266988196397676,64.10336726703211,755,72.82821229050279,11202,confirmation38,0,geometry_reid_greedy,11220,data37-1,bytetrack,14320,True
49.28057650503994,65.64203206758667,3118,18,860,56.71511668231266,59.608457321848086,1134,70.18156424581005,11202,confirmation38,0,no_refinement,11220,data37-1,bytetrack,14320,True
51.45496023655757,65.64424273897626,3118,18,860,57.9773873366619,63.030540328895846,887,71.9064245810056,11202,confirmation38,0,partial_hungarian_u080,11220,data37-1,bytetrack,14320,True
51.456657793740256,65.64424273897626,3118,18,860,57.978366600691146,63.030540328895846,887,71.9064245810056,11202,confirmation38,0,partial_hungarian_u100,11220,data37-1,bytetrack,14320,True
51.839383125505165,65.63906020650725,3118,18,860,58.19511236436313,63.703993735317155,762,72.77932960893855,11202,confirmation38,0,regr_final,11220,data37-1,bytetrack,14320,True
51.91490378985234,65.63906020650725,3118,18,860,58.23659576739504,63.719655442443226,775,72.68854748603351,11202,confirmation38,0,regr_final_motion_always,11220,data37-1,bytetrack,14320,True
51.97759046618815,65.62256424490333,3118,18,860,58.266988196397676,64.10336726703211,755,72.82821229050279,11202,confirmation38,0,regr_final_no_gap,11220,data37-1,bytetrack,14320,True
51.839383125505165,65.63906020650725,3118,18,860,58.19511236436313,63.703993735317155,762,72.77932960893855,11202,confirmation38,0,regr_final_no_motion,11220,data37-1,bytetrack,14320,True
51.837047872872,65.63906020650725,3118,18,860,58.19375336957976,63.703993735317155,761,72.78631284916202,11202,confirmation38,0,regr_final_no_reciprocal,11220,data37-1,bytetrack,14320,True
51.839383125505165,65.63906020650725,3118,18,860,58.19511236436313,63.703993735317155,762,72.77932960893855,11202,confirmation38,0,regr_t,11220,data37-1,bytetrack,14320,True
51.14242668153154,65.63906020650725,3118,18,860,57.797657758795054,62.98355520751762,766,72.7513966480447,11202,confirmation38,0,regr_tg_old,11220,data37-1,bytetrack,14320,True
51.429058604714065,65.61543116630864,3118,18,860,57.950498929550456,63.40642129992169,901,71.80865921787709,11202,confirmation38,0,s2_h_cond_w3_endpoint_c50_r100,11220,data37-1,bytetrack,14320,True
93.67988243238649,95.1351730066782,695,0,83,94.40472351767536,95.25138665235283,22,94.99301675977654,13625,confirmation38,0,geometry_greedy,13625,data37-1,deepocsort,14320,True
93.74365193661008,95.1351730066782,695,0,83,94.43684950942499,95.26570048309179,21,95.0,13625,confirmation38,0,geometry_reid_greedy,13625,data37-1,deepocsort,14320,True
91.62168568812307,95.1351730066782,695,0,83,93.36190288329628,93.47647164072285,55,94.76256983240224,13625,confirmation38,0,no_refinement,13625,data37-1,deepocsort,14320,True
93.90361521421653,95.1351730066782,695,0,83,94.51738823812282,95.45178028269817,22,94.99301675977654,13625,confirmation38,0,partial_hungarian_u080,13625,data37-1,deepocsort,14320,True
93.90361521421653,95.1351730066782,695,0,83,94.51738823812282,95.45178028269817,22,94.99301675977654,13625,confirmation38,0,partial_hungarian_u100,13625,data37-1,deepocsort,14320,True
93.79486484381513,95.1351730066782,695,0,83,94.46264179056747,95.28717122920021,21,95.0,13625,confirmation38,0,regr_final,13625,data37-1,deepocsort,14320,True
94.04048564971383,95.1351730066782,695,0,83,94.5862456804206,95.56629092860976,22,94.99301675977654,13625,confirmation38,0,regr_final_motion_always,13625,data37-1,deepocsort,14320,True
93.74365193661008,95.1351730066782,695,0,83,94.43684950942499,95.26570048309179,21,95.0,13625,confirmation38,0,regr_final_no_gap,13625,data37-1,deepocsort,14320,True
93.79486484381513,95.1351730066782,695,0,83,94.46264179056747,95.28717122920021,21,95.0,13625,confirmation38,0,regr_final_no_motion,13625,data37-1,deepocsort,14320,True
93.88994197532936,95.1351730066782,695,0,83,94.51050668263775,95.37305421363392,20,95.00698324022346,13625,confirmation38,0,regr_final_no_reciprocal,13625,data37-1,deepocsort,14320,True
93.79486484381513,95.1351730066782,695,0,83,94.46264179056747,95.28717122920021,21,95.0,13625,confirmation38,0,regr_t,13625,data37-1,deepocsort,14320,True
93.53032129865659,95.1351730066782,695,0,83,94.3293341900108,95.10824834496331,22,94.99301675977654,13625,confirmation38,0,regr_tg_old,13625,data37-1,deepocsort,14320,True
93.48910460990828,95.1351730066782,695,0,83,94.30854750191962,94.97942386831276,24,94.97905027932961,13625,confirmation38,0,s2_h_cond_w3_endpoint_c50_r100,13625,data37-1,deepocsort,14320,True
65.20390645588714,61.51609684817804,5495,0,415,63.333165021888384,63.434867141931306,318,59.40642458100559,8825,confirmation38,0,geometry_greedy,8825,data37-1,ocsort,14320,True
65.47703566928969,61.51609684817804,5495,0,415,63.4656728227374,63.720025923525604,297,59.55307262569832,8825,confirmation38,0,geometry_reid_greedy,8825,data37-1,ocsort,14320,True
61.840652478200795,61.557629682162904,5495,0,415,61.69897867427486,59.89198531000216,470,58.3449720670391,8825,confirmation38,0,no_refinement,8825,data37-1,ocsort,14320,True
64.99171697330975,61.51609684817804,5495,0,415,63.2300300512463,63.080578958738386,333,59.30167597765363,8825,confirmation38,0,partial_hungarian_u080,8825,data37-1,ocsort,14320,True
64.99171697330975,61.51609684817804,5495,0,415,63.2300300512463,63.080578958738386,333,59.30167597765363,8825,confirmation38,0,partial_hungarian_u100,8825,data37-1,ocsort,14320,True
65.36803253704502,61.51609684817804,5495,0,415,63.41282345740304,63.46943184273061,305,59.49720670391061,8825,confirmation38,0,regr_final,8825,data37-1,ocsort,14320,True
65.39652943158765,61.51609684817804,5495,0,415,63.42664413305235,63.408943616331825,307,59.48324022346368,8825,confirmation38,0,regr_final_motion_always,8825,data37-1,ocsort,14320,True
65.47703566928969,61.51609684817804,5495,0,415,63.4656728227374,63.720025923525604,297,59.55307262569832,8825,confirmation38,0,regr_final_no_gap,8825,data37-1,ocsort,14320,True
65.36803253704502,61.51609684817804,5495,0,415,63.41282345740304,63.46943184273061,305,59.49720670391061,8825,confirmation38,0,regr_final_no_motion,8825,data37-1,ocsort,14320,True
65.36803253704502,61.51609684817804,5495,0,415,63.41282345740304,63.46943184273061,305,59.49720670391061,8825,confirmation38,0,regr_final_no_reciprocal,8825,data37-1,ocsort,14320,True
65.36803253704502,61.51609684817804,5495,0,415,63.41282345740304,63.46943184273061,305,59.49720670391061,8825,confirmation38,0,regr_t,8825,data37-1,ocsort,14320,True
64.19256457336486,61.51609684817804,5495,0,415,62.84008250221093,62.61395549794773,313,59.44134078212291,8825,confirmation38,0,regr_tg_old,8825,data37-1,ocsort,14320,True
64.37796968002253,61.51609684817804,5495,0,415,62.93076637906376,62.570749621948586,333,59.30167597765363,8825,confirmation38,0,s2_h_cond_w3_endpoint_c50_r100,8825,data37-1,ocsort,14320,True
62.259366908154625,73.16572613796899,678,2,138,67.44274172548934,75.37205952952473,112,82.41563055062167,3826,confirmation38,0,geometry_greedy,3828,data37-10,bytetrack,4504,True
63.45736682192371,73.16572613796899,678,2,138,68.09131629910343,76.52424387902064,100,82.68206039076377,3826,confirmation38,0,geometry_reid_greedy,3828,data37-10,bytetrack,4504,True
63.47811450596475,73.16572613796899,678,2,138,68.09494595440995,73.71579452712434,183,80.8392539964476,3826,confirmation38,0,no_refinement,3828,data37-10,bytetrack,4504,True
63.3377312493256,73.16572613796899,678,2,138,68.02355910190036,76.06817090734518,120,82.2380106571936,3826,confirmation38,0,partial_hungarian_u080,3828,data37-10,bytetrack,4504,True
63.3377312493256,73.16572613796899,678,2,138,68.02355910190036,76.06817090734518,120,82.2380106571936,3826,confirmation38,0,partial_hungarian_u100,3828,data37-10,bytetrack,4504,True
64.58608340970588,73.16572613796899,678,2,138,68.69636362124085,77.14834373499761,101,82.65985790408526,3826,confirmation38,0,regr_final,3828,data37-10,bytetrack,4504,True
64.34855345871749,73.16572613796899,678,2,138,68.56837822152896,76.76428228516563,111,82.43783303730018,3826,confirmation38,0,regr_final_motion_always,3828,data37-10,bytetrack,4504,True
64.58608340970588,73.16572613796899,678,2,138,68.69636362124085,77.14834373499761,101,82.65985790408526,3826,confirmation38,0,regr_final_no_gap,3828,data37-10,bytetrack,4504,True
63.45736682192371,73.16572613796899,678,2,138,68.09131629910343,76.52424387902064,100,82.68206039076377,3826,confirmation38,0,regr_final_no_motion,3828,data37-10,bytetrack,4504,True
64.50666851920164,73.16572613796899,678,2,138,68.6535481305335,77.00432069131061,102,82.63765541740675,3826,confirmation38,0,regr_final_no_reciprocal,3828,data37-10,bytetrack,4504,True
63.45736682192371,73.16572613796899,678,2,138,68.09131629910343,76.52424387902064,100,82.68206039076377,3826,confirmation38,0,regr_t,3828,data37-10,bytetrack,4504,True
64.22922946797857,73.16572613796899,678,2,138,68.50426388597842,76.64426308209313,105,82.57104795737122,3826,confirmation38,0,regr_tg_old,3828,data37-10,bytetrack,4504,True
63.980761559993304,73.16572613796899,678,2,138,68.36938727760239,76.02016322611618,123,82.17140319715807,3826,confirmation38,0,s2_h_cond_w3_endpoint_c50_r100,3828,data37-10,bytetrack,4504,True
84.50325778718832,92.71758436944936,328,0,42,88.5151847615818,89.28571428571429,30,92.05150976909414,4176,confirmation38,0,geometry_greedy,4176,data37-10,deepocsort,4504,True
85.44971450233778,92.71758436944936,328,0,42,89.00950013181662,89.86175115207374,29,92.07371225577265,4176,confirmation38,0,geometry_reid_greedy,4176,data37-10,deepocsort,4504,True
82.94394074993232,92.71758436944936,328,0,42,87.69470807532494,87.53456221198157,41,91.80728241563055,4176,confirmation38,0,no_refinement,4176,data37-10,deepocsort,4504,True
85.44971450233778,92.71758436944936,328,0,42,89.00950013181662,89.86175115207374,29,92.07371225577265,4176,confirmation38,0,partial_hungarian_u080,4176,data37-10,deepocsort,4504,True
85.44971450233778,92.71758436944936,328,0,42,89.00950013181662,89.86175115207374,29,92.07371225577265,4176,confirmation38,0,partial_hungarian_u100,4176,data37-10,deepocsort,4504,True
85.05292835119941,92.71758436944936,328,0,42,88.80260165260398,89.76958525345621,30,92.05150976909414,4176,confirmation38,0,regr_final,4176,data37-10,deepocsort,4504,True
85.05292835119941,92.71758436944936,328,0,42,88.80260165260398,89.76958525345621,30,92.05150976909414,4176,confirmation38,0,regr_final_motion_always,4176,data37-10,deepocsort,4504,True
85.05292835119941,92.71758436944936,328,0,42,88.80260165260398,89.76958525345621,30,92.05150976909414,4176,confirmation38,0,regr_final_no_gap,4176,data37-10,deepocsort,4504,True
85.44971450233778,92.71758436944936,328,0,42,89.00950013181662,89.86175115207374,29,92.07371225577265,4176,confirmation38,0,regr_final_no_motion,4176,data37-10,deepocsort,4504,True
85.05292835119941,92.71758436944936,328,0,42,88.80260165260398,89.76958525345621,30,92.05150976909414,4176,confirmation38,0,regr_final_no_reciprocal,4176,data37-10,deepocsort,4504,True
85.44971450233778,92.71758436944936,328,0,42,89.00950013181662,89.86175115207374,29,92.07371225577265,4176,confirmation38,0,regr_t,4176,data37-10,deepocsort,4504,True
85.58476428241727,92.71758436944936,328,0,42,89.07981030005881,89.90783410138249,30,92.05150976909414,4176,confirmation38,0,regr_tg_old,4176,data37-10,deepocsort,4504,True
85.58476428241727,92.71758436944936,328,0,42,89.07981030005881,89.90783410138249,30,92.05150976909414,4176,confirmation38,0,s2_h_cond_w3_endpoint_c50_r100,4176,data37-10,deepocsort,4504,True
67.04517220480241,75.15937143027318,1105,0,57,70.98641354591776,68.4044033911173,63,74.06749555950266,3399,confirmation38,0,geometry_greedy,3399,data37-10,ocsort,4504,True
68.04202855913547,75.15937143027318,1105,0,57,71.51219389368373,69.03707452866,63,74.06749555950266,3399,confirmation38,0,geometry_reid_greedy,3399,data37-10,ocsort,4504,True
68.27735792636716,75.4047670943743,1105,0,57,71.75261679354583,68.73339238263951,78,73.73445825932504,3399,confirmation38,0,no_refinement,3399,data37-10,ocsort,4504,True
68.04202855913547,75.15937143027318,1105,0,57,71.51219389368373,69.03707452866,63,74.06749555950266,3399,confirmation38,0,partial_hungarian_u080,3399,data37-10,ocsort,4504,True
68.04202855913547,75.15937143027318,1105,0,57,71.51219389368373,69.03707452866,63,74.06749555950266,3399,confirmation38,0,partial_hungarian_u100,3399,data37-10,ocsort,4504,True
68.04202855913547,75.15937143027318,1105,0,57,71.51219389368373,69.03707452866,63,74.06749555950266,3399,confirmation38,0,regr_final,3399,data37-10,ocsort,4504,True
68.4118024859355,75.15937143027318,1105,0,57,71.70624660905209,69.03707452866,63,74.06749555950266,3399,confirmation38,0,regr_final_motion_always,3399,data37-10,ocsort,4504,True
68.04202855913547,75.15937143027318,1105,0,57,71.51219389368373,69.03707452866,63,74.06749555950266,3399,confirmation38,0,regr_final_no_gap,3399,data37-10,ocsort,4504,True
68.04202855913547,75.15937143027318,1105,0,57,71.51219389368373,69.03707452866,63,74.06749555950266,3399,confirmation38,0,regr_final_no_motion,3399,data37-10,ocsort,4504,True
68.04202855913547,75.15937143027318,1105,0,57,71.51219389368373,69.03707452866,63,74.06749555950266,3399,confirmation38,0,regr_final_no_reciprocal,3399,data37-10,ocsort,4504,True
68.04202855913547,75.15937143027318,1105,0,57,71.51219389368373,69.03707452866,63,74.06749555950266,3399,confirmation38,0,regr_t,3399,data37-10,ocsort,4504,True
68.04202855913547,75.15937143027318,1105,0,57,71.51219389368373,69.03707452866,63,74.06749555950266,3399,confirmation38,0,regr_tg_old,3399,data37-10,ocsort,4504,True
68.04202855913547,75.15937143027318,1105,0,57,71.51219389368373,69.03707452866,63,74.06749555950266,3399,confirmation38,0,s2_h_cond_w3_endpoint_c50_r100,3399,data37-10,ocsort,4504,True
71.95165955905928,71.48651468929626,1696,0,348,71.69023360801968,81.71091445427729,341,80.925180260324,8983,confirmation38,0,geometry_greedy,8983,data37-11,bytetrack,10679,True
71.99589363572707,71.48651468929626,1696,0,348,71.71242947507487,81.87366493744278,332,81.0094578144021,8983,confirmation38,0,geometry_reid_greedy,8983,data37-11,bytetrack,10679,True
67.66692445436567,71.48651468929626,1696,0,348,69.51432999210819,76.50289899298139,525,79.20217248806068,8983,confirmation38,0,no_refinement,8983,data37-11,bytetrack,10679,True
71.48478992921042,71.48651468929626,1696,0,348,71.45514089338985,80.63269250330588,408,80.29778069107594,8983,confirmation38,0,partial_hungarian_u080,8983,data37-11,bytetrack,10679,True
71.48837600649422,71.48651468929626,1696,0,348,71.45693021268653,80.65303631370155,413,80.25095982769922,8983,confirmation38,0,partial_hungarian_u100,8983,data37-11,bytetrack,10679,True
72.10944711834631,71.46250837646897,1696,0,348,71.75743857397848,82.03641542060828,332,81.0094578144021,8983,confirmation38,0,regr_final,8983,data37-11,bytetrack,10679,True
72.00946098774784,71.48651468929626,1696,0,348,71.71937961583023,81.94486827382768,333,81.00009364172675,8983,confirmation38,0,regr_final_motion_always,8983,data37-11,bytetrack,10679,True
71.98878833117223,71.48651468929626,1696,0,348,71.70887013817637,81.87366493744278,332,81.0094578144021,8983,confirmation38,0,regr_final_no_gap,8983,data37-11,bytetrack,10679,True
72.11655373964307,71.46250837646897,1696,0,348,71.7609947695125,82.03641542060828,332,81.0094578144021,8983,confirmation38,0,regr_final_no_motion,8983,data37-11,bytetrack,10679,True
72.10944711834631,71.46250837646897,1696,0,348,71.75743857397848,82.03641542060828,332,81.0094578144021,8983,confirmation38,0,regr_final_no_reciprocal,8983,data37-11,bytetrack,10679,True
72.11655373964307,71.46250837646897,1696,0,348,71.7609947695125,82.03641542060828,332,81.0094578144021,8983,confirmation38,0,regr_t,8983,data37-11,bytetrack,10679,True
72.10944711834631,71.46250837646897,1696,0,348,71.75743857397848,82.03641542060828,332,81.0094578144021,8983,confirmation38,0,regr_tg_old,8983,data37-11,bytetrack,10679,True
71.46806552598592,71.48651468929626,1696,0,348,71.44667971183783,80.48011392533822,424,80.14795392827043,8983,confirmation38,0,s2_h_cond_w3_endpoint_c50_r100,8983,data37-11,bytetrack,10679,True
92.80073733183582,93.37078651685393,706,0,47,93.08532555681094,94.08289754018982,15,93.24843150107688,9973,confirmation38,0,geometry_greedy,9973,data37-11,deepocsort,10679,True
92.51908506171797,93.37078651685393,706,0,47,92.94396021276648,93.90858028278133,16,93.23906732840153,9973,confirmation38,0,geometry_reid_greedy,9973,data37-11,deepocsort,10679,True
89.76266035744868,93.38889409120704,706,0,47,91.55782643480984,91.5552973077668,27,93.13606142897275,9973,confirmation38,0,no_refinement,9973,data37-11,deepocsort,10679,True
92.79956900360904,93.37078651685393,706,0,47,93.0847395994211,94.08289754018982,15,93.24843150107688,9973,confirmation38,0,partial_hungarian_u080,9973,data37-11,deepocsort,10679,True
92.79956900360904,93.37078651685393,706,0,47,93.0847395994211,94.08289754018982,15,93.24843150107688,9973,confirmation38,0,partial_hungarian_u100,9973,data37-11,deepocsort,10679,True
92.51908506171797,93.37078651685393,706,0,47,92.94396021276648,93.90858028278133,16,93.23906732840153,9973,confirmation38,0,regr_final,9973,data37-11,deepocsort,10679,True
92.51908506171797,93.37078651685393,706,0,47,92.94396021276648,93.90858028278133,16,93.23906732840153,9973,confirmation38,0,regr_final_motion_always,9973,data37-11,deepocsort,10679,True
92.51908506171797,93.37078651685393,706,0,47,92.94396021276648,93.90858028278133,16,93.23906732840153,9973,confirmation38,0,regr_final_no_gap,9973,data37-11,deepocsort,10679,True
92.51908506171797,93.37078651685393,706,0,47,92.94396021276648,93.90858028278133,16,93.23906732840153,9973,confirmation38,0,regr_final_no_motion,9973,data37-11,deepocsort,10679,True
92.51908506171797,93.37078651685393,706,0,47,92.94396021276648,93.90858028278133,16,93.23906732840153,9973,confirmation38,0,regr_final_no_reciprocal,9973,data37-11,deepocsort,10679,True
92.51908506171797,93.37078651685393,706,0,47,92.94396021276648,93.90858028278133,16,93.23906732840153,9973,confirmation38,0,regr_t,9973,data37-11,deepocsort,10679,True
92.42602449212313,93.37078651685393,706,0,47,92.89720448676343,93.79236877784234,17,93.2297031557262,9973,confirmation38,0,regr_tg_old,9973,data37-11,deepocsort,10679,True
92.51908506171797,93.37078651685393,706,0,47,92.94396021276648,93.90858028278133,16,93.23906732840153,9973,confirmation38,0,s2_h_cond_w3_endpoint_c50_r100,9973,data37-11,deepocsort,10679,True
73.7217205047022,71.37868168275648,3047,0,189,72.54074174013205,72.18611763420894,134,70.2125667197303,7632,confirmation38,0,geometry_greedy,7632,data37-11,ocsort,10679,True
73.67221697715698,71.37868168275648,3047,0,189,72.51638239458393,72.16427284146143,134,70.2125667197303,7632,confirmation38,0,geometry_reid_greedy,7632,data37-11,ocsort,10679,True
72.48624672202367,71.37868168275648,3047,0,189,71.93033240018816,71.01742122221616,175,69.8286356400412,7632,confirmation38,0,no_refinement,7632,data37-11,ocsort,10679,True
73.78931539907352,71.37868168275648,3047,0,189,72.57399015322633,72.06597127409754,141,70.1470175110029,7632,confirmation38,0,partial_hungarian_u080,7632,data37-11,ocsort,10679,True
73.78931539907352,71.37868168275648,3047,0,189,72.57399015322633,72.06597127409754,141,70.1470175110029,7632,confirmation38,0,partial_hungarian_u100,7632,data37-11,ocsort,10679,True
73.67221697715698,71.37868168275648,3047,0,189,72.51638239458393,72.16427284146143,134,70.2125667197303,7632,confirmation38,0,regr_final,7632,data37-11,ocsort,10679,True
73.73449152858697,71.37868168275648,3047,0,189,72.54702468796881,72.19704003058271,135,70.20320254705497,7632,confirmation38,0,regr_final_motion_always,7632,data37-11,ocsort,10679,True
73.67221697715698,71.37868168275648,3047,0,189,72.51638239458393,72.16427284146143,134,70.2125667197303,7632,confirmation38,0,regr_final_no_gap,7632,data37-11,ocsort,10679,True
73.67221697715698,71.37868168275648,3047,0,189,72.51638239458393,72.16427284146143,134,70.2125667197303,7632,confirmation38,0,regr_final_no_motion,7632,data37-11,ocsort,10679,True
73.67221697715698,71.37868168275648,3047,0,189,72.51638239458393,72.16427284146143,134,70.2125667197303,7632,confirmation38,0,regr_final_no_reciprocal,7632,data37-11,ocsort,10679,True
73.67221697715698,71.37868168275648,3047,0,189,72.51638239458393,72.16427284146143,134,70.2125667197303,7632,confirmation38,0,regr_t,7632,data37-11,ocsort,10679,True
73.51561960231035,71.37868168275648,3047,0,189,72.43927112542049,71.98951449948119,135,70.20320254705497,7632,confirmation38,0,regr_tg_old,7632,data37-11,ocsort,10679,True
73.65016208896729,71.37868168275648,3047,0,189,72.50552714600316,72.06597127409754,141,70.1470175110029,7632,confirmation38,0,s2_h_cond_w3_endpoint_c50_r100,7632,data37-11,ocsort,10679,True
89.69969392133119,80.59287984291015,246,0,5,84.99574522237629,92.67399267399267,7,87.56145526057031,1788,confirmation38,0,geometry_greedy,1788,data37-12,bytetrack,2034,True
89.69969392133119,80.59287984291015,246,0,5,84.99574522237629,92.67399267399267,7,87.56145526057031,1788,confirmation38,0,geometry_reid_greedy,1788,data37-12,bytetrack,2034,True
88.97642917734989,80.59287984291015,246,0,5,84.64859440886849,91.67974882260597,12,87.31563421828909,1788,confirmation38,0,no_refinement,1788,data37-12,bytetrack,2034,True
89.69969392133119,80.59287984291015,246,0,5,84.99574522237629,92.67399267399267,7,87.56145526057031,1788,confirmation38,0,partial_hungarian_u080,1788,data37-12,bytetrack,2034,True
89.69969392133119,80.59287984291015,246,0,5,84.99574522237629,92.67399267399267,7,87.56145526057031,1788,confirmation38,0,partial_hungarian_u100,1788,data37-12,bytetrack,2034,True
89.69969392133119,80.59287984291015,246,0,5,84.99574522237629,92.67399267399267,7,87.56145526057031,1788,confirmation38,0,regr_final,1788,data37-12,bytetrack,2034,True
89.00715676704107,80.59287984291015,246,0,5,84.66340817699486,91.73207744636316,9,87.46312684365782,1788,confirmation38,0,regr_final_motion_always,1788,data37-12,bytetrack,2034,True
89.69969392133119,80.59287984291015,246,0,5,84.99574522237629,92.67399267399267,7,87.56145526057031,1788,confirmation38,0,regr_final_no_gap,1788,data37-12,bytetrack,2034,True
89.69969392133119,80.59287984291015,246,0,5,84.99574522237629,92.67399267399267,7,87.56145526057031,1788,confirmation38,0,regr_final_no_motion,1788,data37-12,bytetrack,2034,True
89.69969392133119,80.59287984291015,246,0,5,84.99574522237629,92.67399267399267,7,87.56145526057031,1788,confirmation38,0,regr_final_no_reciprocal,1788,data37-12,bytetrack,2034,True
89.69969392133119,80.59287984291015,246,0,5,84.99574522237629,92.67399267399267,7,87.56145526057031,1788,confirmation38,0,regr_t,1788,data37-12,bytetrack,2034,True
89.69969392133119,80.59287984291015,246,0,5,84.99574522237629,92.67399267399267,7,87.56145526057031,1788,confirmation38,0,regr_tg_old,1788,data37-12,bytetrack,2034,True
89.69969392133119,80.59287984291015,246,0,5,84.99574522237629,92.67399267399267,7,87.56145526057031,1788,confirmation38,0,s2_h_cond_w3_endpoint_c50_r100,1788,data37-12,bytetrack,2034,True
94.04892588032418,91.93706981317602,164,0,2,92.9870026644239,95.23565573770492,2,91.83874139626353,1870,confirmation38,0,geometry_greedy,1870,data37-12,deepocsort,2034,True
94.04892588032418,91.93706981317602,164,0,2,92.9870026644239,95.23565573770492,2,91.83874139626353,1870,confirmation38,0,geometry_reid_greedy,1870,data37-12,deepocsort,2034,True
94.04892588032418,91.93706981317602,164,0,2,92.9870026644239,95.23565573770492,2,91.83874139626353,1870,confirmation38,0,no_refinement,1870,data37-12,deepocsort,2034,True
94.04892588032418,91.93706981317602,164,0,2,92.9870026644239,95.23565573770492,2,91.83874139626353,1870,confirmation38,0,partial_hungarian_u080,1870,data37-12,deepocsort,2034,True
94.04892588032418,91.93706981317602,164,0,2,92.9870026644239,95.23565573770492,2,91.83874139626353,1870,confirmation38,0,partial_hungarian_u100,1870,data37-12,deepocsort,2034,True
94.04892588032418,91.93706981317602,164,0,2,92.9870026644239,95.23565573770492,2,91.83874139626353,1870,confirmation38,0,regr_final,1870,data37-12,deepocsort,2034,True
94.04892588032418,91.93706981317602,164,0,2,92.9870026644239,95.23565573770492,2,91.83874139626353,1870,confirmation38,0,regr_final_motion_always,1870,data37-12,deepocsort,2034,True
94.04892588032418,91.93706981317602,164,0,2,92.9870026644239,95.23565573770492,2,91.83874139626353,1870,confirmation38,0,regr_final_no_gap,1870,data37-12,deepocsort,2034,True
94.04892588032418,91.93706981317602,164,0,2,92.9870026644239,95.23565573770492,2,91.83874139626353,1870,confirmation38,0,regr_final_no_motion,1870,data37-12,deepocsort,2034,True
94.04892588032418,91.93706981317602,164,0,2,92.9870026644239,95.23565573770492,2,91.83874139626353,1870,confirmation38,0,regr_final_no_reciprocal,1870,data37-12,deepocsort,2034,True
94.04892588032418,91.93706981317602,164,0,2,92.9870026644239,95.23565573770492,2,91.83874139626353,1870,confirmation38,0,regr_t,1870,data37-12,deepocsort,2034,True
94.04892588032418,91.93706981317602,164,0,2,92.9870026644239,95.23565573770492,2,91.83874139626353,1870,confirmation38,0,regr_tg_old,1870,data37-12,deepocsort,2034,True
94.04892588032418,91.93706981317602,164,0,2,92.9870026644239,95.23565573770492,2,91.83874139626353,1870,confirmation38,0,s2_h_cond_w3_endpoint_c50_r100,1870,data37-12,deepocsort,2034,True
92.24193813292779,83.5299901671583,335,0,3,87.77794817175372,89.68657915885348,3,83.38249754178958,1699,confirmation38,0,geometry_greedy,1699,data37-12,ocsort,2034,True
92.24193813292779,83.5299901671583,335,0,3,87.77794817175372,89.68657915885348,3,83.38249754178958,1699,confirmation38,0,geometry_reid_greedy,1699,data37-12,ocsort,2034,True
92.1175362069504,83.5299901671583,335,0,3,87.71873741447386,89.52585052236806,8,83.13667649950835,1699,confirmation38,0,no_refinement,1699,data37-12,ocsort,2034,True
92.15896879537556,83.5299901671583,335,0,3,87.7384622460023,89.57942673452986,4,83.33333333333334,1699,confirmation38,0,partial_hungarian_u080,1699,data37-12,ocsort,2034,True
92.15896879537556,83.5299901671583,335,0,3,87.7384622460023,89.57942673452986,4,83.33333333333334,1699,confirmation38,0,partial_hungarian_u100,1699,data37-12,ocsort,2034,True
92.24193813292779,83.5299901671583,335,0,3,87.77794817175372,89.68657915885348,3,83.38249754178958,1699,confirmation38,0,regr_final,1699,data37-12,ocsort,2034,True
92.24193813292779,83.5299901671583,335,0,3,87.77794817175372,89.68657915885348,3,83.38249754178958,1699,confirmation38,0,regr_final_motion_always,1699,data37-12,ocsort,2034,True
92.24193813292779,83.5299901671583,335,0,3,87.77794817175372,89.68657915885348,3,83.38249754178958,1699,confirmation38,0,regr_final_no_gap,1699,data37-12,ocsort,2034,True
92.24193813292779,83.5299901671583,335,0,3,87.77794817175372,89.68657915885348,3,83.38249754178958,1699,confirmation38,0,regr_final_no_motion,1699,data37-12,ocsort,2034,True
92.24193813292779,83.5299901671583,335,0,3,87.77794817175372,89.68657915885348,3,83.38249754178958,1699,confirmation38,0,regr_final_no_reciprocal,1699,data37-12,ocsort,2034,True
92.24193813292779,83.5299901671583,335,0,3,87.77794817175372,89.68657915885348,3,83.38249754178958,1699,confirmation38,0,regr_t,1699,data37-12,ocsort,2034,True
92.24193813292779,83.5299901671583,335,0,3,87.77794817175372,89.68657915885348,3,83.38249754178958,1699,confirmation38,0,regr_tg_old,1699,data37-12,ocsort,2034,True
92.15896879537556,83.5299901671583,335,0,3,87.7384622460023,89.57942673452986,4,83.33333333333334,1699,confirmation38,0,s2_h_cond_w3_endpoint_c50_r100,1699,data37-12,ocsort,2034,True
46.92405809731303,66.62813689685677,911,9,318,54.406964984189884,54.801710730948685,677,71.45665773011618,4684,confirmation38,0,geometry_greedy,4693,data37-2,bytetrack,5595,True
47.78188668178249,66.6334713946007,911,9,318,54.966638282241185,55.94867807153966,670,71.58176943699732,4684,confirmation38,0,geometry_reid_greedy,4693,data37-2,bytetrack,5595,True
45.72853131613559,66.64412725051028,911,9,318,53.64480308277129,53.28538102643857,746,70.22341376228776,4684,confirmation38,0,no_refinement,4693,data37-2,bytetrack,5595,True
47.26572900046575,66.62886108051335,911,9,318,54.6307546787707,55.36547433903577,683,71.34941912421804,4684,confirmation38,0,partial_hungarian_u080,4693,data37-2,bytetrack,5595,True
47.24064847291752,66.62886108051335,911,9,318,54.61484717979833,55.346034214618975,686,71.29579982126899,4684,confirmation38,0,partial_hungarian_u100,4693,data37-2,bytetrack,5595,True
47.78836073746503,66.63853839929762,911,9,318,54.97389589515378,56.43468118195957,663,71.70688114387846,4684,confirmation38,0,regr_final,4693,data37-2,bytetrack,5595,True
48.05704014563722,66.62738433790003,911,9,318,55.139021130665654,56.04587869362364,667,71.63538873994638,4684,confirmation38,0,regr_final_motion_always,4693,data37-2,bytetrack,5595,True
47.78188668178249,66.6334713946007,911,9,318,54.966638282241185,55.94867807153966,670,71.58176943699732,4684,confirmation38,0,regr_final_no_gap,4693,data37-2,bytetrack,5595,True
47.78836073746503,66.63853839929762,911,9,318,54.97389589515378,56.43468118195957,663,71.70688114387846,4684,confirmation38,0,regr_final_no_motion,4693,data37-2,bytetrack,5595,True
47.78836073746503,66.63853839929762,911,9,318,54.97389589515378,56.43468118195957,663,71.70688114387846,4684,confirmation38,0,regr_final_no_reciprocal,4693,data37-2,bytetrack,5595,True
47.78836073746503,66.63853839929762,911,9,318,54.97389589515378,56.43468118195957,663,71.70688114387846,4684,confirmation38,0,regr_t,4693,data37-2,bytetrack,5595,True
46.81764933159687,66.63853839929762,911,9,318,54.3580263403844,55.30715396578538,664,71.68900804289544,4684,confirmation38,0,regr_tg_old,4693,data37-2,bytetrack,5595,True
46.90100786027895,66.62768819298714,911,9,318,54.40623821497825,54.976671850699844,688,71.26005361930295,4684,confirmation38,0,s2_h_cond_w3_endpoint_c50_r100,4693,data37-2,bytetrack,5595,True
75.86433251883363,93.19034852546916,381,0,53,84.08224300101772,84.7441946526043,51,92.27882037533513,5214,confirmation38,0,geometry_greedy,5214,data37-2,deepocsort,5595,True
77.35509518594695,93.19034852546916,381,0,53,84.90434783095175,85.55833102044592,48,92.33243967828419,5214,confirmation38,0,geometry_reid_greedy,5214,data37-2,deepocsort,5595,True
74.41671996318057,93.19034852546916,381,0,53,83.27616747600143,82.11675455638819,67,91.9928507596068,5214,confirmation38,0,no_refinement,5214,data37-2,deepocsort,5595,True
77.47574986476519,93.19034852546916,381,0,53,84.97053684760111,85.59533721898418,50,92.29669347631814,5214,confirmation38,0,partial_hungarian_u080,5214,data37-2,deepocsort,5595,True
77.47574986476519,93.19034852546916,381,0,53,84.97053684760111,85.59533721898418,50,92.29669347631814,5214,confirmation38,0,partial_hungarian_u100,5214,data37-2,deepocsort,5595,True
77.3767680967083,93.15582558970694,381,0,53,84.90051067874774,85.55833102044592,48,92.33243967828419,5214,confirmation38,0,regr_final,5214,data37-2,deepocsort,5595,True
77.4811196986864,93.15582558970694,381,0,53,84.95774051342254,85.26228143213989,49,92.31456657730116,5214,confirmation38,0,regr_final_motion_always,5214,data37-2,deepocsort,5595,True
77.35509518594695,93.19034852546916,381,0,53,84.90434783095175,85.55833102044592,48,92.33243967828419,5214,confirmation38,0,regr_final_no_gap,5214,data37-2,deepocsort,5595,True
77.3767680967083,93.15582558970694,381,0,53,84.90051067874774,85.55833102044592,48,92.33243967828419,5214,confirmation38,0,regr_final_no_motion,5214,data37-2,deepocsort,5595,True
77.3767680967083,93.15582558970694,381,0,53,84.90051067874774,85.55833102044592,48,92.33243967828419,5214,confirmation38,0,regr_final_no_reciprocal,5214,data37-2,deepocsort,5595,True
77.3767680967083,93.15582558970694,381,0,53,84.90051067874774,85.55833102044592,48,92.33243967828419,5214,confirmation38,0,regr_t,5214,data37-2,deepocsort,5595,True
77.3767680967083,93.15582558970694,381,0,53,84.90051067874774,85.55833102044592,48,92.33243967828419,5214,confirmation38,0,regr_tg_old,5214,data37-2,deepocsort,5595,True
77.74041218210877,93.15582558970694,381,0,53,85.0997783693263,85.55833102044592,48,92.33243967828419,5214,confirmation38,0,s2_h_cond_w3_endpoint_c50_r100,5214,data37-2,deepocsort,5595,True
57.1650111029411,59.28507596067918,2278,0,326,58.21539337263755,54.7576301615799,299,53.94101876675603,3317,confirmation38,0,geometry_greedy,3317,data37-2,ocsort,5595,True
58.09740275542404,59.28507596067918,2278,0,326,58.688235068653114,56.395870736086174,260,54.63806970509384,3317,confirmation38,0,geometry_reid_greedy,3317,data37-2,ocsort,5595,True
55.45858546937165,59.28507596067918,2278,0,326,57.33992023209936,53.343806104129264,340,53.20822162645219,3317,confirmation38,0,no_refinement,3317,data37-2,ocsort,5595,True
57.42617282384395,59.28507596067918,2278,0,326,58.34822206368141,54.95960502692998,281,54.2627345844504,3317,confirmation38,0,partial_hungarian_u080,3317,data37-2,ocsort,5595,True
57.41605420520647,59.28507596067918,2278,0,326,58.343081294341495,54.95960502692998,282,54.244861483467375,3317,confirmation38,0,partial_hungarian_u100,3317,data37-2,ocsort,5595,True
58.136264167021146,59.28507596067918,2278,0,326,58.70786009736653,56.37342908438061,258,54.673815907059875,3317,confirmation38,0,regr_final,3317,data37-2,ocsort,5595,True
56.93688524519912,59.28507596067918,2278,0,326,58.0991184677195,55.74506283662477,259,54.65594280607685,3317,confirmation38,0,regr_final_motion_always,3317,data37-2,ocsort,5595,True
58.09740275542404,59.28507596067918,2278,0,326,58.688235068653114,56.395870736086174,260,54.63806970509384,3317,confirmation38,0,regr_final_no_gap,3317,data37-2,ocsort,5595,True
58.136264167021146,59.28507596067918,2278,0,326,58.70786009736653,56.37342908438061,258,54.673815907059875,3317,confirmation38,0,regr_final_no_motion,3317,data37-2,ocsort,5595,True
58.136264167021146,59.28507596067918,2278,0,326,58.70786009736653,56.37342908438061,258,54.673815907059875,3317,confirmation38,0,regr_final_no_reciprocal,3317,data37-2,ocsort,5595,True
58.136264167021146,59.28507596067918,2278,0,326,58.70786009736653,56.37342908438061,258,54.673815907059875,3317,confirmation38,0,regr_t,3317,data37-2,ocsort,5595,True
58.136264167021146,59.28507596067918,2278,0,326,58.70786009736653,56.37342908438061,258,54.673815907059875,3317,confirmation38,0,regr_tg_old,3317,data37-2,ocsort,5595,True
57.86832849207894,59.28507596067918,2278,0,326,58.5724188536758,55.81238779174147,275,54.36997319034853,3317,confirmation38,0,s2_h_cond_w3_endpoint_c50_r100,3317,data37-2,ocsort,5595,True
58.159818628327166,50.915650131660364,250,1,55,53.9458958982983,57.0334928229665,69,50.540958268933544,397,confirmation38,0,geometry_greedy,398,data39-1,bytetrack,647,True
58.34349781469521,50.915650131660364,250,1,55,54.03724327499035,57.0334928229665,73,49.92272024729521,397,confirmation38,0,geometry_reid_greedy,398,data39-1,bytetrack,647,True
57.41314533570846,50.915650131660364,250,1,55,53.57330118006489,54.92822966507177,87,47.75888717156105,397,confirmation38,0,no_refinement,398,data39-1,bytetrack,647,True
58.515573050276046,50.915650131660364,250,1,55,54.12145464929146,57.224880382775126,68,50.695517774343124,397,confirmation38,0,partial_hungarian_u080,398,data39-1,bytetrack,647,True
58.515573050276046,50.915650131660364,250,1,55,54.12145464929146,57.224880382775126,68,50.695517774343124,397,confirmation38,0,partial_hungarian_u100,398,data39-1,bytetrack,647,True
58.31035476631704,50.915650131660364,250,1,55,54.02237633515641,57.79904306220096,70,50.38639876352396,397,confirmation38,0,regr_final,398,data39-1,bytetrack,647,True
58.54850196566523,50.915650131660364,250,1,55,54.13711524553445,57.99043062200957,69,50.540958268933544,397,confirmation38,0,regr_final_motion_always,398,data39-1,bytetrack,647,True
58.34349781469521,50.915650131660364,250,1,55,54.03724327499035,57.0334928229665,73,49.92272024729521,397,confirmation38,0,regr_final_no_gap,398,data39-1,bytetrack,647,True
58.31035476631704,50.915650131660364,250,1,55,54.02237633515641,57.79904306220096,70,50.38639876352396,397,confirmation38,0,regr_final_no_motion,398,data39-1,bytetrack,647,True
58.31035476631704,50.915650131660364,250,1,55,54.02237633515641,57.79904306220096,70,50.38639876352396,397,confirmation38,0,regr_final_no_reciprocal,398,data39-1,bytetrack,647,True
58.31035476631704,50.915650131660364,250,1,55,54.02237633515641,57.79904306220096,70,50.38639876352396,397,confirmation38,0,regr_t,398,data39-1,bytetrack,647,True
58.31035476631704,50.915650131660364,250,1,55,54.02237633515641,57.79904306220096,70,50.38639876352396,397,confirmation38,0,regr_tg_old,398,data39-1,bytetrack,647,True
58.400999093731265,50.915650131660364,250,1,55,54.067046440415226,57.79904306220096,71,50.23183925811438,397,confirmation38,0,s2_h_cond_w3_endpoint_c50_r100,398,data39-1,bytetrack,647,True
73.33757246637511,73.10664605873262,174,0,13,73.22201822611788,76.78571428571429,9,71.71561051004637,473,confirmation38,0,geometry_greedy,473,data39-1,deepocsort,647,True
74.3440229228678,73.10664605873262,174,0,13,73.7227384895895,76.78571428571429,6,72.17928902627511,473,confirmation38,0,geometry_reid_greedy,473,data39-1,deepocsort,647,True
75.04994449095986,73.10664605873262,174,0,13,74.0719226740344,78.39285714285714,11,71.4064914992272,473,confirmation38,0,no_refinement,473,data39-1,deepocsort,647,True
75.25602236765923,73.10664605873262,174,0,13,74.17354913323567,78.39285714285714,6,72.17928902627511,473,confirmation38,0,partial_hungarian_u080,473,data39-1,deepocsort,647,True
75.25602236765923,73.10664605873262,174,0,13,74.17354913323567,78.39285714285714,6,72.17928902627511,473,confirmation38,0,partial_hungarian_u100,473,data39-1,deepocsort,647,True
74.3440229228678,73.10664605873262,174,0,13,73.7227384895895,76.78571428571429,6,72.17928902627511,473,confirmation38,0,regr_final,473,data39-1,deepocsort,647,True
74.3440229228678,73.10664605873262,174,0,13,73.7227384895895,76.78571428571429,6,72.17928902627511,473,confirmation38,0,regr_final_motion_always,473,data39-1,deepocsort,647,True
74.3440229228678,73.10664605873262,174,0,13,73.7227384895895,76.78571428571429,6,72.17928902627511,473,confirmation38,0,regr_final_no_gap,473,data39-1,deepocsort,647,True
74.3440229228678,73.10664605873262,174,0,13,73.7227384895895,76.78571428571429,6,72.17928902627511,473,confirmation38,0,regr_final_no_motion,473,data39-1,deepocsort,647,True
74.3440229228678,73.10664605873262,174,0,13,73.7227384895895,76.78571428571429,6,72.17928902627511,473,confirmation38,0,regr_final_no_reciprocal,473,data39-1,deepocsort,647,True
74.3440229228678,73.10664605873262,174,0,13,73.7227384895895,76.78571428571429,6,72.17928902627511,473,confirmation38,0,regr_t,473,data39-1,deepocsort,647,True
76.5887964794562,73.10664605873262,174,0,13,74.82746846103984,80.0,7,72.02472952086553,473,confirmation38,0,regr_tg_old,473,data39-1,deepocsort,647,True
72.64636634421727,73.10664605873262,174,0,13,72.87614281628603,75.89285714285714,8,71.87017001545595,473,confirmation38,0,s2_h_cond_w3_endpoint_c50_r100,473,data39-1,deepocsort,647,True
81.6801009820814,38.33075734157651,399,0,10,55.954089487539925,51.62011173184358,9,36.93972179289026,248,confirmation38,0,geometry_greedy,248,data39-1,ocsort,647,True
81.8579170024419,38.33075734157651,399,0,10,56.01496186830364,52.06703910614525,7,37.24884080370943,248,confirmation38,0,geometry_reid_greedy,248,data39-1,ocsort,647,True
81.79174276719974,38.33075734157651,399,0,10,55.9923159420485,52.513966480446925,12,36.476043276661514,248,confirmation38,0,no_refinement,248,data39-1,ocsort,647,True
81.83552847200251,38.33075734157651,399,0,10,56.00730116493743,51.84357541899441,8,37.09428129829985,248,confirmation38,0,partial_hungarian_u080,248,data39-1,ocsort,647,True
81.83552847200251,38.33075734157651,399,0,10,56.00730116493743,51.84357541899441,8,37.09428129829985,248,confirmation38,0,partial_hungarian_u100,248,data39-1,ocsort,647,True
81.8579170024419,38.33075734157651,399,0,10,56.01496186830364,52.06703910614525,7,37.24884080370943,248,confirmation38,0,regr_final,248,data39-1,ocsort,647,True
81.8579170024419,38.33075734157651,399,0,10,56.01496186830364,52.06703910614525,7,37.24884080370943,248,confirmation38,0,regr_final_motion_always,248,data39-1,ocsort,647,True
81.8579170024419,38.33075734157651,399,0,10,56.01496186830364,52.06703910614525,7,37.24884080370943,248,confirmation38,0,regr_final_no_gap,248,data39-1,ocsort,647,True
81.8579170024419,38.33075734157651,399,0,10,56.01496186830364,52.06703910614525,7,37.24884080370943,248,confirmation38,0,regr_final_no_motion,248,data39-1,ocsort,647,True
81.8579170024419,38.33075734157651,399,0,10,56.01496186830364,52.06703910614525,7,37.24884080370943,248,confirmation38,0,regr_final_no_reciprocal,248,data39-1,ocsort,647,True
81.8579170024419,38.33075734157651,399,0,10,56.01496186830364,52.06703910614525,7,37.24884080370943,248,confirmation38,0,regr_t,248,data39-1,ocsort,647,True
81.8579170024419,38.33075734157651,399,0,10,56.01496186830364,52.06703910614525,7,37.24884080370943,248,confirmation38,0,regr_tg_old,248,data39-1,ocsort,647,True
81.93260532329863,38.33075734157651,399,0,10,56.04051046350772,52.06703910614525,6,37.403400309119014,248,confirmation38,0,s2_h_cond_w3_endpoint_c50_r100,248,data39-1,ocsort,647,True
8.497053962361152,11.809821024288757,395,0,25,9.996100624560448,13.610586011342155,24,9.307359307359308,67,confirmation38,0,geometry_greedy,67,data39-2,bytetrack,462,True
7.818004020687348,11.809821024288757,395,0,25,9.587143047932052,13.23251417769376,21,9.956709956709958,67,confirmation38,0,geometry_reid_greedy,67,data39-2,bytetrack,462,True
5.092752015652289,11.809821024288757,395,0,25,7.6993173504116825,8.695652173913043,40,5.844155844155844,67,confirmation38,0,no_refinement,67,data39-2,bytetrack,462,True
8.190647345295595,11.809821024288757,395,0,25,9.814759130291069,13.23251417769376,20,10.173160173160174,67,confirmation38,0,partial_hungarian_u080,67,data39-2,bytetrack,462,True
8.190647345295595,11.809821024288757,395,0,25,9.814759130291069,13.23251417769376,20,10.173160173160174,67,confirmation38,0,partial_hungarian_u100,67,data39-2,bytetrack,462,True
7.818004020687348,11.809821024288757,395,0,25,9.587143047932052,13.23251417769376,21,9.956709956709958,67,confirmation38,0,regr_final,67,data39-2,bytetrack,462,True
7.818004020687348,11.809821024288757,395,0,25,9.587143047932052,13.23251417769376,21,9.956709956709958,67,confirmation38,0,regr_final_motion_always,67,data39-2,bytetrack,462,True
7.818004020687348,11.809821024288757,395,0,25,9.587143047932052,13.23251417769376,21,9.956709956709958,67,confirmation38,0,regr_final_no_gap,67,data39-2,bytetrack,462,True
7.818004020687348,11.809821024288757,395,0,25,9.587143047932052,13.23251417769376,21,9.956709956709958,67,confirmation38,0,regr_final_no_motion,67,data39-2,bytetrack,462,True
7.818004020687348,11.809821024288757,395,0,25,9.587143047932052,13.23251417769376,21,9.956709956709958,67,confirmation38,0,regr_final_no_reciprocal,67,data39-2,bytetrack,462,True
7.818004020687348,11.809821024288757,395,0,25,9.587143047932052,13.23251417769376,21,9.956709956709958,67,confirmation38,0,regr_t,67,data39-2,bytetrack,462,True
7.818004020687348,11.809821024288757,395,0,25,9.587143047932052,13.23251417769376,21,9.956709956709958,67,confirmation38,0,regr_tg_old,67,data39-2,bytetrack,462,True
7.691965824747885,11.809821024288757,395,0,25,9.503754111948766,13.23251417769376,23,9.523809523809524,67,confirmation38,0,s2_h_cond_w3_endpoint_c50_r100,67,data39-2,bytetrack,462,True
86.43504732865811,94.5887445887446,25,0,6,90.42003436897431,90.98998887652948,4,93.72294372294373,437,confirmation38,0,geometry_greedy,437,data39-2,deepocsort,462,True
86.43504732865811,94.5887445887446,25,0,6,90.42003436897431,90.98998887652948,4,93.72294372294373,437,confirmation38,0,geometry_reid_greedy,437,data39-2,deepocsort,462,True
82.81982641871348,94.5887445887446,25,0,6,88.50888886436124,87.65294771968854,7,93.07359307359307,437,confirmation38,0,no_refinement,437,data39-2,deepocsort,462,True
86.43504732865811,94.5887445887446,25,0,6,90.42003436897431,90.98998887652948,4,93.72294372294373,437,confirmation38,0,partial_hungarian_u080,437,data39-2,deepocsort,462,True
86.43504732865811,94.5887445887446,25,0,6,90.42003436897431,90.98998887652948,4,93.72294372294373,437,confirmation38,0,partial_hungarian_u100,437,data39-2,deepocsort,462,True
86.43504732865811,94.5887445887446,25,0,6,90.42003436897431,90.98998887652948,4,93.72294372294373,437,confirmation38,0,regr_final,437,data39-2,deepocsort,462,True
86.43504732865811,94.5887445887446,25,0,6,90.42003436897431,90.98998887652948,4,93.72294372294373,437,confirmation38,0,regr_final_motion_always,437,data39-2,deepocsort,462,True
86.43504732865811,94.5887445887446,25,0,6,90.42003436897431,90.98998887652948,4,93.72294372294373,437,confirmation38,0,regr_final_no_gap,437,data39-2,deepocsort,462,True
86.43504732865811,94.5887445887446,25,0,6,90.42003436897431,90.98998887652948,4,93.72294372294373,437,confirmation38,0,regr_final_no_motion,437,data39-2,deepocsort,462,True
86.43504732865811,94.5887445887446,25,0,6,90.42003436897431,90.98998887652948,4,93.72294372294373,437,confirmation38,0,regr_final_no_reciprocal,437,data39-2,deepocsort,462,True
86.43504732865811,94.5887445887446,25,0,6,90.42003436897431,90.98998887652948,4,93.72294372294373,437,confirmation38,0,regr_t,437,data39-2,deepocsort,462,True
86.43504732865811,94.5887445887446,25,0,6,90.42003436897431,90.98998887652948,4,93.72294372294373,437,confirmation38,0,regr_tg_old,437,data39-2,deepocsort,462,True
86.43504732865811,94.5887445887446,25,0,6,90.42003436897431,90.98998887652948,4,93.72294372294373,437,confirmation38,0,s2_h_cond_w3_endpoint_c50_r100,437,data39-2,deepocsort,462,True
6.704121766930291,9.956709956709958,416,0,6,8.1701282699717,12.598425196850393,11,7.575757575757576,46,confirmation38,0,geometry_greedy,46,data39-2,ocsort,462,True
7.310592426611508,9.956709956709958,416,0,6,8.531673247581109,13.385826771653544,9,8.008658008658008,46,confirmation38,0,geometry_reid_greedy,46,data39-2,ocsort,462,True
5.883434781560239,9.956709956709958,416,0,6,7.653734622340555,11.023622047244094,16,6.493506493506493,46,confirmation38,0,no_refinement,46,data39-2,ocsort,462,True
7.310592426611508,9.956709956709958,416,0,6,8.531673247581109,13.385826771653544,9,8.008658008658008,46,confirmation38,0,partial_hungarian_u080,46,data39-2,ocsort,462,True
7.310592426611508,9.956709956709958,416,0,6,8.531673247581109,13.385826771653544,9,8.008658008658008,46,confirmation38,0,partial_hungarian_u100,46,data39-2,ocsort,462,True
7.310592426611508,9.956709956709958,416,0,6,8.531673247581109,13.385826771653544,9,8.008658008658008,46,confirmation38,0,regr_final,46,data39-2,ocsort,462,True
7.310592426611508,9.956709956709958,416,0,6,8.531673247581109,13.385826771653544,9,8.008658008658008,46,confirmation38,0,regr_final_motion_always,46,data39-2,ocsort,462,True
7.310592426611508,9.956709956709958,416,0,6,8.531673247581109,13.385826771653544,9,8.008658008658008,46,confirmation38,0,regr_final_no_gap,46,data39-2,ocsort,462,True
7.310592426611508,9.956709956709958,416,0,6,8.531673247581109,13.385826771653544,9,8.008658008658008,46,confirmation38,0,regr_final_no_motion,46,data39-2,ocsort,462,True
7.310592426611508,9.956709956709958,416,0,6,8.531673247581109,13.385826771653544,9,8.008658008658008,46,confirmation38,0,regr_final_no_reciprocal,46,data39-2,ocsort,462,True
7.310592426611508,9.956709956709958,416,0,6,8.531673247581109,13.385826771653544,9,8.008658008658008,46,confirmation38,0,regr_t,46,data39-2,ocsort,462,True
7.310592426611508,9.956709956709958,416,0,6,8.531673247581109,13.385826771653544,9,8.008658008658008,46,confirmation38,0,regr_tg_old,46,data39-2,ocsort,462,True
7.310592426611508,9.956709956709958,416,0,6,8.531673247581109,13.385826771653544,9,8.008658008658008,46,confirmation38,0,s2_h_cond_w3_endpoint_c50_r100,46,data39-2,ocsort,462,True
8.724800122166817,19.613011293427864,951,1,141,12.973976962910072,16.70854271356784,134,14.555468135326516,320,confirmation38,0,geometry_greedy,321,data39-3,bytetrack,1271,True
12.795204529618484,19.613011293427864,951,1,141,15.751631111550568,21.105527638190953,128,15.027537372147915,320,confirmation38,0,geometry_reid_greedy,321,data39-3,bytetrack,1271,True
5.251174290570663,19.613011293427864,951,1,141,9.989224519466095,10.175879396984925,192,9.99213217938631,320,confirmation38,0,no_refinement,321,data39-3,bytetrack,1271,True
10.685987809376181,19.613011293427864,951,1,141,14.358626405511812,17.713567839195978,145,13.690007867820613,320,confirmation38,0,partial_hungarian_u080,321,data39-3,bytetrack,1271,True
10.685721337832028,19.613011293427864,951,1,141,14.358445608405953,17.713567839195978,145,13.690007867820613,320,confirmation38,0,partial_hungarian_u100,321,data39-3,bytetrack,1271,True
12.795204529618484,19.613011293427864,951,1,141,15.751631111550568,21.105527638190953,128,15.027537372147915,320,confirmation38,0,regr_final,321,data39-3,bytetrack,1271,True
12.7642240742862,19.613011293427864,951,1,141,15.731807483889959,21.105527638190953,129,14.948859166011013,320,confirmation38,0,regr_final_motion_always,321,data39-3,bytetrack,1271,True
12.795204529618484,19.613011293427864,951,1,141,15.751631111550568,21.105527638190953,128,15.027537372147915,320,confirmation38,0,regr_final_no_gap,321,data39-3,bytetrack,1271,True
12.795204529618484,19.613011293427864,951,1,141,15.751631111550568,21.105527638190953,128,15.027537372147915,320,confirmation38,0,regr_final_no_motion,321,data39-3,bytetrack,1271,True
12.795204529618484,19.613011293427864,951,1,141,15.751631111550568,21.105527638190953,128,15.027537372147915,320,confirmation38,0,regr_final_no_reciprocal,321,data39-3,bytetrack,1271,True
12.795204529618484,19.613011293427864,951,1,141,15.751631111550568,21.105527638190953,128,15.027537372147915,320,confirmation38,0,regr_t,321,data39-3,bytetrack,1271,True
12.795204529618484,19.613011293427864,951,1,141,15.751631111550568,21.105527638190953,128,15.027537372147915,320,confirmation38,0,regr_tg_old,321,data39-3,bytetrack,1271,True
10.912650323672976,19.613011293427864,951,1,141,14.51641562345187,18.21608040201005,144,13.768686073957515,320,confirmation38,0,s2_h_cond_w3_endpoint_c50_r100,321,data39-3,bytetrack,1271,True
80.04450399824579,89.3784421715185,135,0,17,84.58281782818004,84.00498545907769,10,88.59166011014949,1136,confirmation38,0,geometry_greedy,1136,data39-3,deepocsort,1271,True
80.83342281855417,89.3784421715185,135,0,17,84.998620029469,84.58662235147486,9,88.67033831628639,1136,confirmation38,0,geometry_reid_greedy,1136,data39-3,deepocsort,1271,True
77.83802693607673,89.3784421715185,135,0,17,83.40888195660719,81.34607395097632,17,88.04091266719118,1136,confirmation38,0,no_refinement,1136,data39-3,deepocsort,1271,True
80.83342281855417,89.3784421715185,135,0,17,84.998620029469,84.58662235147486,9,88.67033831628639,1136,confirmation38,0,partial_hungarian_u080,1136,data39-3,deepocsort,1271,True
80.83342281855417,89.3784421715185,135,0,17,84.998620029469,84.58662235147486,9,88.67033831628639,1136,confirmation38,0,partial_hungarian_u100,1136,data39-3,deepocsort,1271,True
80.83342281855417,89.3784421715185,135,0,17,84.998620029469,84.58662235147486,9,88.67033831628639,1136,confirmation38,0,regr_final,1136,data39-3,deepocsort,1271,True
80.83342281855417,89.3784421715185,135,0,17,84.998620029469,84.58662235147486,9,88.67033831628639,1136,confirmation38,0,regr_final_motion_always,1136,data39-3,deepocsort,1271,True
80.83342281855417,89.3784421715185,135,0,17,84.998620029469,84.58662235147486,9,88.67033831628639,1136,confirmation38,0,regr_final_no_gap,1136,data39-3,deepocsort,1271,True
80.83342281855417,89.3784421715185,135,0,17,84.998620029469,84.58662235147486,9,88.67033831628639,1136,confirmation38,0,regr_final_no_motion,1136,data39-3,deepocsort,1271,True
80.83342281855417,89.3784421715185,135,0,17,84.998620029469,84.58662235147486,9,88.67033831628639,1136,confirmation38,0,regr_final_no_reciprocal,1136,data39-3,deepocsort,1271,True
80.83342281855417,89.3784421715185,135,0,17,84.998620029469,84.58662235147486,9,88.67033831628639,1136,confirmation38,0,regr_t,1136,data39-3,deepocsort,1271,True
80.83342281855417,89.3784421715185,135,0,17,84.998620029469,84.58662235147486,9,88.67033831628639,1136,confirmation38,0,regr_tg_old,1136,data39-3,deepocsort,1271,True
80.83342281855417,89.3784421715185,135,0,17,84.998620029469,84.58662235147486,9,88.67033831628639,1136,confirmation38,0,s2_h_cond_w3_endpoint_c50_r100,1136,data39-3,deepocsort,1271,True
7.698982090221103,5.428796223446105,1202,0,8,6.464998445148424,6.567164179104477,18,4.012588512981904,69,confirmation38,0,geometry_greedy,69,data39-3,ocsort,1271,True
13.1575977855711,5.428796223446105,1202,0,8,8.451622161924375,8.656716417910449,12,4.484657749803304,69,confirmation38,0,geometry_reid_greedy,69,data39-3,ocsort,1271,True
6.685965585472335,5.428796223446105,1202,0,8,6.024677976498234,4.626865671641791,32,2.911093627065303,69,confirmation38,0,no_refinement,69,data39-3,ocsort,1271,True
13.155000222332811,5.428796223446105,1202,0,8,8.45078786424278,8.656716417910449,11,4.563335955940205,69,confirmation38,0,partial_hungarian_u080,69,data39-3,ocsort,1271,True
13.155000222332811,5.428796223446105,1202,0,8,8.45078786424278,8.656716417910449,11,4.563335955940205,69,confirmation38,0,partial_hungarian_u100,69,data39-3,ocsort,1271,True
13.1575977855711,5.428796223446105,1202,0,8,8.451622161924375,8.656716417910449,12,4.484657749803304,69,confirmation38,0,regr_final,69,data39-3,ocsort,1271,True
13.1575977855711,5.428796223446105,1202,0,8,8.451622161924375,8.656716417910449,12,4.484657749803304,69,confirmation38,0,regr_final_motion_always,69,data39-3,ocsort,1271,True
13.1575977855711,5.428796223446105,1202,0,8,8.451622161924375,8.656716417910449,12,4.484657749803304,69,confirmation38,0,regr_final_no_gap,69,data39-3,ocsort,1271,True
13.1575977855711,5.428796223446105,1202,0,8,8.451622161924375,8.656716417910449,12,4.484657749803304,69,confirmation38,0,regr_final_no_motion,69,data39-3,ocsort,1271,True
13.1575977855711,5.428796223446105,1202,0,8,8.451622161924375,8.656716417910449,12,4.484657749803304,69,confirmation38,0,regr_final_no_reciprocal,69,data39-3,ocsort,1271,True
13.1575977855711,5.428796223446105,1202,0,8,8.451622161924375,8.656716417910449,12,4.484657749803304,69,confirmation38,0,regr_t,69,data39-3,ocsort,1271,True
13.1575977855711,5.428796223446105,1202,0,8,8.451622161924375,8.656716417910449,12,4.484657749803304,69,confirmation38,0,regr_tg_old,69,data39-3,ocsort,1271,True
13.155000222332811,5.428796223446105,1202,0,8,8.45078786424278,8.656716417910449,11,4.563335955940205,69,confirmation38,0,s2_h_cond_w3_endpoint_c50_r100,69,data39-3,ocsort,1271,True
52.98883618328919,56.388094953922696,701,4,132,54.47802530865115,56.8270092620257,144,58.01186943620178,1321,confirmation38,0,geometry_greedy,1325,data39-6,bytetrack,2022,True
53.9184944105706,56.335658662630586,701,4,132,54.94200896816485,59.87451449058858,123,59.05044510385756,1321,confirmation38,0,geometry_reid_greedy,1325,data39-6,bytetrack,2022,True
51.92193696785892,56.388094953922696,701,4,132,53.90975383476038,53.3014639976098,203,55.093966369930754,1321,confirmation38,0,no_refinement,1325,data39-6,bytetrack,2022,True
53.017655482797856,56.335658662630586,701,4,132,54.46847300426975,57.24529429339707,144,58.01186943620178,1321,confirmation38,0,partial_hungarian_u080,1325,data39-6,bytetrack,2022,True
53.11104854445089,56.335658662630586,701,4,132,54.51817442371373,57.5440693158052,144,58.01186943620178,1321,confirmation38,0,partial_hungarian_u100,1325,data39-6,bytetrack,2022,True
53.92024336629064,56.335658662630586,701,4,132,54.942904023692954,59.87451449058858,123,59.05044510385756,1321,confirmation38,0,regr_final,1325,data39-6,bytetrack,2022,True
53.87784593349891,56.335658662630586,701,4,132,54.920850099217155,59.75500448162534,125,58.95153313550939,1321,confirmation38,0,regr_final_motion_always,1325,data39-6,bytetrack,2022,True
53.9184944105706,56.335658662630586,701,4,132,54.94200896816485,59.87451449058858,123,59.05044510385756,1321,confirmation38,0,regr_final_no_gap,1325,data39-6,bytetrack,2022,True
53.92024336629064,56.335658662630586,701,4,132,54.942904023692954,59.87451449058858,123,59.05044510385756,1321,confirmation38,0,regr_final_no_motion,1325,data39-6,bytetrack,2022,True
53.92024336629064,56.335658662630586,701,4,132,54.942904023692954,59.87451449058858,123,59.05044510385756,1321,confirmation38,0,regr_final_no_reciprocal,1325,data39-6,bytetrack,2022,True
53.92024336629064,56.335658662630586,701,4,132,54.942904023692954,59.87451449058858,123,59.05044510385756,1321,confirmation38,0,regr_t,1325,data39-6,bytetrack,2022,True
53.92024336629064,56.335658662630586,701,4,132,54.942904023692954,59.87451449058858,123,59.05044510385756,1321,confirmation38,0,regr_tg_old,1325,data39-6,bytetrack,2022,True
53.166792176371644,56.388094953922696,701,4,132,54.573273755514464,57.42455930684195,155,57.467853610286845,1321,confirmation38,0,s2_h_cond_w3_endpoint_c50_r100,1325,data39-6,bytetrack,2022,True
86.72008004028858,92.53214638971315,151,0,13,89.57898827970553,91.65168250706395,9,92.08704253214638,1871,confirmation38,0,geometry_greedy,1871,data39-6,deepocsort,2022,True
86.93958876176315,92.53214638971315,151,0,13,89.69228926928405,91.65168250706395,9,92.08704253214638,1871,confirmation38,0,geometry_reid_greedy,1871,data39-6,deepocsort,2022,True
85.69913667602454,92.53214638971315,151,0,13,89.05012667244183,90.47007449267916,12,91.93867457962413,1871,confirmation38,0,no_refinement,1871,data39-6,deepocsort,2022,True
86.93958876176315,92.53214638971315,151,0,13,89.69228926928405,91.65168250706395,9,92.08704253214638,1871,confirmation38,0,partial_hungarian_u080,1871,data39-6,deepocsort,2022,True
86.93958876176315,92.53214638971315,151,0,13,89.69228926928405,91.65168250706395,9,92.08704253214638,1871,confirmation38,0,partial_hungarian_u100,1871,data39-6,deepocsort,2022,True
86.11713377108799,92.53214638971315,151,0,13,89.26703326967254,91.29206267659903,10,92.03758654797231,1871,confirmation38,0,regr_final,1871,data39-6,deepocsort,2022,True
86.02518133348636,92.53214638971315,151,0,13,89.2193626538084,91.29206267659903,11,91.98813056379822,1871,confirmation38,0,regr_final_motion_always,1871,data39-6,deepocsort,2022,True
86.93958876176315,92.53214638971315,151,0,13,89.69228926928405,91.65168250706395,9,92.08704253214638,1871,confirmation38,0,regr_final_no_gap,1871,data39-6,deepocsort,2022,True
86.11713377108799,92.53214638971315,151,0,13,89.26703326967254,91.29206267659903,10,92.03758654797231,1871,confirmation38,0,regr_final_no_motion,1871,data39-6,deepocsort,2022,True
86.11713377108799,92.53214638971315,151,0,13,89.26703326967254,91.29206267659903,10,92.03758654797231,1871,confirmation38,0,regr_final_no_reciprocal,1871,data39-6,deepocsort,2022,True
86.11713377108799,92.53214638971315,151,0,13,89.26703326967254,91.29206267659903,10,92.03758654797231,1871,confirmation38,0,regr_t,1871,data39-6,deepocsort,2022,True
85.296447022561,92.53214638971315,151,0,13,88.84066255051245,90.47007449267916,11,91.98813056379822,1871,confirmation38,0,regr_tg_old,1871,data39-6,deepocsort,2022,True
86.93958876176315,92.53214638971315,151,0,13,89.69228926928405,91.65168250706395,9,92.08704253214638,1871,confirmation38,0,s2_h_cond_w3_endpoint_c50_r100,1871,data39-6,deepocsort,2022,True
64.13942397150278,52.37388724035609,963,0,24,57.95887299408846,55.24180460889322,41,50.346191889218595,1059,confirmation38,0,geometry_greedy,1059,data39-6,ocsort,2022,True
64.80977984850075,52.37388724035609,963,0,24,58.260965507427706,55.95585848750406,29,50.939663699307616,1059,confirmation38,0,geometry_reid_greedy,1059,data39-6,ocsort,2022,True
63.93955097027996,52.37388724035609,963,0,24,57.86849602950161,54.26809477442389,56,49.604352126607324,1059,confirmation38,0,no_refinement,1059,data39-6,ocsort,2022,True
64.73915499459095,52.37388724035609,963,0,24,58.22921263182804,55.89094449853943,31,50.84075173095945,1059,confirmation38,0,partial_hungarian_u080,1059,data39-6,ocsort,2022,True
64.73915499459095,52.37388724035609,963,0,24,58.22921263182804,55.89094449853943,31,50.84075173095945,1059,confirmation38,0,partial_hungarian_u100,1059,data39-6,ocsort,2022,True
64.80977984850075,52.37388724035609,963,0,24,58.260965507427706,55.95585848750406,29,50.939663699307616,1059,confirmation38,0,regr_final,1059,data39-6,ocsort,2022,True
64.80977984850075,52.37388724035609,963,0,24,58.260965507427706,55.95585848750406,29,50.939663699307616,1059,confirmation38,0,regr_final_motion_always,1059,data39-6,ocsort,2022,True
64.80977984850075,52.37388724035609,963,0,24,58.260965507427706,55.95585848750406,29,50.939663699307616,1059,confirmation38,0,regr_final_no_gap,1059,data39-6,ocsort,2022,True
64.80977984850075,52.37388724035609,963,0,24,58.260965507427706,55.95585848750406,29,50.939663699307616,1059,confirmation38,0,regr_final_no_motion,1059,data39-6,ocsort,2022,True
64.80977984850075,52.37388724035609,963,0,24,58.260965507427706,55.95585848750406,29,50.939663699307616,1059,confirmation38,0,regr_final_no_reciprocal,1059,data39-6,ocsort,2022,True
64.80977984850075,52.37388724035609,963,0,24,58.260965507427706,55.95585848750406,29,50.939663699307616,1059,confirmation38,0,regr_t,1059,data39-6,ocsort,2022,True
64.80977984850075,52.37388724035609,963,0,24,58.260965507427706,55.95585848750406,29,50.939663699307616,1059,confirmation38,0,regr_tg_old,1059,data39-6,ocsort,2022,True
64.72341634139538,52.37388724035609,963,0,24,58.22213418687829,55.63128854268095,30,50.89020771513353,1059,confirmation38,0,s2_h_cond_w3_endpoint_c50_r100,1059,data39-6,ocsort,2022,True
65.72740497354904,36.962614257150065,352,0,12,49.25608062790694,57.23830734966593,12,41.760000000000005,273,confirmation38,0,geometry_greedy,273,data40-3,bytetrack,625,True
65.72740497354904,36.962614257150065,352,0,12,49.25608062790694,57.23830734966593,12,41.760000000000005,273,confirmation38,0,geometry_reid_greedy,273,data40-3,bytetrack,625,True
64.36335587695643,36.962614257150065,352,0,12,48.735875493393046,55.45657015590201,20,40.48,273,confirmation38,0,no_refinement,273,data40-3,bytetrack,625,True
64.51159201231789,36.962614257150065,352,0,12,48.79269235282142,56.347438752783965,15,41.28,273,confirmation38,0,partial_hungarian_u080,273,data40-3,bytetrack,625,True
64.51062253173102,36.962614257150065,352,0,12,48.79233203359938,56.347438752783965,15,41.28,273,confirmation38,0,partial_hungarian_u100,273,data40-3,bytetrack,625,True
65.72740497354904,36.962614257150065,352,0,12,49.25608062790694,57.23830734966593,12,41.760000000000005,273,confirmation38,0,regr_final,273,data40-3,bytetrack,625,True
65.72740497354904,36.962614257150065,352,0,12,49.25608062790694,57.23830734966593,12,41.760000000000005,273,confirmation38,0,regr_final_motion_always,273,data40-3,bytetrack,625,True
65.72740497354904,36.962614257150065,352,0,12,49.25608062790694,57.23830734966593,12,41.760000000000005,273,confirmation38,0,regr_final_no_gap,273,data40-3,bytetrack,625,True
65.72740497354904,36.962614257150065,352,0,12,49.25608062790694,57.23830734966593,12,41.760000000000005,273,confirmation38,0,regr_final_no_motion,273,data40-3,bytetrack,625,True
65.72740497354904,36.962614257150065,352,0,12,49.25608062790694,57.23830734966593,12,41.760000000000005,273,confirmation38,0,regr_final_no_reciprocal,273,data40-3,bytetrack,625,True
65.72740497354904,36.962614257150065,352,0,12,49.25608062790694,57.23830734966593,12,41.760000000000005,273,confirmation38,0,regr_t,273,data40-3,bytetrack,625,True
65.72740497354904,36.962614257150065,352,0,12,49.25608062790694,57.23830734966593,12,41.760000000000005,273,confirmation38,0,regr_tg_old,273,data40-3,bytetrack,625,True
64.51062253173102,36.962614257150065,352,0,12,48.79233203359938,56.347438752783965,15,41.28,273,confirmation38,0,s2_h_cond_w3_endpoint_c50_r100,273,data40-3,bytetrack,625,True
74.56265492689263,55.84000000000001,276,0,15,64.52579833770122,65.70841889117042,6,54.879999999999995,349,confirmation38,0,geometry_greedy,349,data40-3,deepocsort,625,True
74.66612302220702,55.84000000000001,276,0,15,64.57055295999903,65.70841889117042,6,54.879999999999995,349,confirmation38,0,geometry_reid_greedy,349,data40-3,deepocsort,625,True
66.29142807887331,55.84000000000001,276,0,15,60.84170727325363,59.13757700205339,26,51.68000000000001,349,confirmation38,0,no_refinement,349,data40-3,deepocsort,625,True
74.72251998404809,55.84000000000001,276,0,15,64.59493413503296,65.70841889117042,6,54.879999999999995,349,confirmation38,0,partial_hungarian_u080,349,data40-3,deepocsort,625,True
74.66612302220702,55.84000000000001,276,0,15,64.57055295999903,65.70841889117042,6,54.879999999999995,349,confirmation38,0,partial_hungarian_u100,349,data40-3,deepocsort,625,True
74.66612302220702,55.84000000000001,276,0,15,64.57055295999903,65.70841889117042,6,54.879999999999995,349,confirmation38,0,regr_final,349,data40-3,deepocsort,625,True
71.39545421236704,55.84000000000001,276,0,15,63.14049543057592,63.860369609856264,7,54.72,349,confirmation38,0,regr_final_motion_always,349,data40-3,deepocsort,625,True
74.66612302220702,55.84000000000001,276,0,15,64.57055295999903,65.70841889117042,6,54.879999999999995,349,confirmation38,0,regr_final_no_gap,349,data40-3,deepocsort,625,True
74.66612302220702,55.84000000000001,276,0,15,64.57055295999903,65.70841889117042,6,54.879999999999995,349,confirmation38,0,regr_final_no_motion,349,data40-3,deepocsort,625,True
74.66612302220702,55.84000000000001,276,0,15,64.57055295999903,65.70841889117042,6,54.879999999999995,349,confirmation38,0,regr_final_no_reciprocal,349,data40-3,deepocsort,625,True
74.66612302220702,55.84000000000001,276,0,15,64.57055295999903,65.70841889117042,6,54.879999999999995,349,confirmation38,0,regr_t,349,data40-3,deepocsort,625,True
74.66612302220702,55.84000000000001,276,0,15,64.57055295999903,65.70841889117042,6,54.879999999999995,349,confirmation38,0,regr_tg_old,349,data40-3,deepocsort,625,True
74.66612302220702,55.84000000000001,276,0,15,64.57055295999903,65.70841889117042,6,54.879999999999995,349,confirmation38,0,s2_h_cond_w3_endpoint_c50_r100,349,data40-3,deepocsort,625,True
68.20313556582313,34.72,408,0,1,48.66223244822804,49.4061757719715,8,33.44,217,confirmation38,0,geometry_greedy,217,data40-3,ocsort,625,True
68.29864662626619,34.72,408,0,1,48.69629360499589,49.8812351543943,4,34.08,217,confirmation38,0,geometry_reid_greedy,217,data40-3,ocsort,625,True
64.92206503111065,34.72,408,0,1,47.47730086978578,42.75534441805225,32,29.599999999999998,217,confirmation38,0,no_refinement,217,data40-3,ocsort,625,True
68.29864662626619,34.72,408,0,1,48.69629360499589,49.8812351543943,4,34.08,217,confirmation38,0,partial_hungarian_u080,217,data40-3,ocsort,625,True
68.29864662626619,34.72,408,0,1,48.69629360499589,49.8812351543943,4,34.08,217,confirmation38,0,partial_hungarian_u100,217,data40-3,ocsort,625,True
68.29864662626619,34.72,408,0,1,48.69629360499589,49.8812351543943,4,34.08,217,confirmation38,0,regr_final,217,data40-3,ocsort,625,True
67.19715174034957,34.72,408,0,1,48.302019713723546,48.218527315914486,5,33.92,217,confirmation38,0,regr_final_motion_always,217,data40-3,ocsort,625,True
68.29864662626619,34.72,408,0,1,48.69629360499589,49.8812351543943,4,34.08,217,confirmation38,0,regr_final_no_gap,217,data40-3,ocsort,625,True
68.29864662626619,34.72,408,0,1,48.69629360499589,49.8812351543943,4,34.08,217,confirmation38,0,regr_final_no_motion,217,data40-3,ocsort,625,True
68.29864662626619,34.72,408,0,1,48.69629360499589,49.8812351543943,4,34.08,217,confirmation38,0,regr_final_no_reciprocal,217,data40-3,ocsort,625,True
68.29864662626619,34.72,408,0,1,48.69629360499589,49.8812351543943,4,34.08,217,confirmation38,0,regr_t,217,data40-3,ocsort,625,True
68.29864662626619,34.72,408,0,1,48.69629360499589,49.8812351543943,4,34.08,217,confirmation38,0,regr_tg_old,217,data40-3,ocsort,625,True
68.29864662626619,34.72,408,0,1,48.69629360499589,49.8812351543943,4,34.08,217,confirmation38,0,s2_h_cond_w3_endpoint_c50_r100,217,data40-3,ocsort,625,True
7.946963280608391,15.805474945317421,2248,0,257,11.059649761114139,10.858895705521473,289,7.879448075526508,506,confirmation38,0,geometry_greedy,506,data40-4,bytetrack,2754,True
9.2082290307459,15.805474945317421,2248,0,257,11.945041360096225,12.699386503067483,276,8.351488743645605,506,confirmation38,0,geometry_reid_greedy,506,data40-4,bytetrack,2754,True
7.461988565625754,15.805474945317421,2248,0,257,10.583760173721798,8.71165644171779,360,5.3013798111837325,506,confirmation38,0,no_refinement,506,data40-4,bytetrack,2754,True
9.222579659858447,15.805474945317421,2248,0,257,11.944217615837099,12.392638036809817,282,8.133623819898329,506,confirmation38,0,partial_hungarian_u080,506,data40-4,bytetrack,2754,True
9.220220715975385,15.805474945317421,2248,0,257,11.942644162258471,12.392638036809817,282,8.133623819898329,506,confirmation38,0,partial_hungarian_u100,506,data40-4,bytetrack,2754,True
9.297690670102714,15.805474945317421,2248,0,257,11.998043521975173,12.63803680981595,274,8.424110384894698,506,confirmation38,0,regr_final,506,data40-4,bytetrack,2754,True
9.297690670102714,15.805474945317421,2248,0,257,11.998043521975173,12.63803680981595,274,8.424110384894698,506,confirmation38,0,regr_final_motion_always,506,data40-4,bytetrack,2754,True
9.2082290307459,15.805474945317421,2248,0,257,11.945041360096225,12.699386503067483,276,8.351488743645605,506,confirmation38,0,regr_final_no_gap,506,data40-4,bytetrack,2754,True
9.297690670102714,15.805474945317421,2248,0,257,11.998043521975173,12.63803680981595,274,8.424110384894698,506,confirmation38,0,regr_final_no_motion,506,data40-4,bytetrack,2754,True
9.297690670102714,15.805474945317421,2248,0,257,11.998043521975173,12.63803680981595,274,8.424110384894698,506,confirmation38,0,regr_final_no_reciprocal,506,data40-4,bytetrack,2754,True
9.297690670102714,15.805474945317421,2248,0,257,11.998043521975173,12.63803680981595,274,8.424110384894698,506,confirmation38,0,regr_t,506,data40-4,bytetrack,2754,True
9.297690670102714,15.805474945317421,2248,0,257,11.998043521975173,12.63803680981595,274,8.424110384894698,506,confirmation38,0,regr_tg_old,506,data40-4,bytetrack,2754,True
9.20511170148372,15.805474945317421,2248,0,257,11.931060051038644,12.515337423312884,288,7.915758896151052,506,confirmation38,0,s2_h_cond_w3_endpoint_c50_r100,506,data40-4,bytetrack,2754,True
92.25628421123032,93.89978213507626,168,0,17,93.07440565497156,94.7940074906367,6,93.68191721132898,2586,confirmation38,0,geometry_greedy,2586,data40-4,deepocsort,2754,True
93.4057576805705,93.89978213507626,168,0,17,93.65244415586436,95.6179775280899,3,93.79084967320262,2586,confirmation38,0,geometry_reid_greedy,2586,data40-4,deepocsort,2754,True
92.38331693439366,93.89978213507626,168,0,17,93.1384632311231,94.7940074906367,6,93.68191721132898,2586,confirmation38,0,no_refinement,2586,data40-4,deepocsort,2754,True
93.4057576805705,93.89978213507626,168,0,17,93.65244415586436,95.6179775280899,3,93.79084967320262,2586,confirmation38,0,partial_hungarian_u080,2586,data40-4,deepocsort,2754,True
93.4057576805705,93.89978213507626,168,0,17,93.65244415586436,95.6179775280899,3,93.79084967320262,2586,confirmation38,0,partial_hungarian_u100,2586,data40-4,deepocsort,2754,True
93.4057576805705,93.89978213507626,168,0,17,93.65244415586436,95.6179775280899,3,93.79084967320262,2586,confirmation38,0,regr_final,2586,data40-4,deepocsort,2754,True
93.4057576805705,93.89978213507626,168,0,17,93.65244415586436,95.6179775280899,3,93.79084967320262,2586,confirmation38,0,regr_final_motion_always,2586,data40-4,deepocsort,2754,True
93.4057576805705,93.89978213507626,168,0,17,93.65244415586436,95.6179775280899,3,93.79084967320262,2586,confirmation38,0,regr_final_no_gap,2586,data40-4,deepocsort,2754,True
93.4057576805705,93.89978213507626,168,0,17,93.65244415586436,95.6179775280899,3,93.79084967320262,2586,confirmation38,0,regr_final_no_motion,2586,data40-4,deepocsort,2754,True
93.4057576805705,93.89978213507626,168,0,17,93.65244415586436,95.6179775280899,3,93.79084967320262,2586,confirmation38,0,regr_final_no_reciprocal,2586,data40-4,deepocsort,2754,True
93.4057576805705,93.89978213507626,168,0,17,93.65244415586436,95.6179775280899,3,93.79084967320262,2586,confirmation38,0,regr_t,2586,data40-4,deepocsort,2754,True
93.2427176103378,93.89978213507626,168,0,17,93.570673126216,95.50561797752809,4,93.75453885257808,2586,confirmation38,0,regr_tg_old,2586,data40-4,deepocsort,2754,True
93.4057576805705,93.89978213507626,168,0,17,93.65244415586436,95.6179775280899,3,93.79084967320262,2586,confirmation38,0,s2_h_cond_w3_endpoint_c50_r100,2586,data40-4,deepocsort,2754,True
17.03264012359785,9.077705156136528,2504,0,4,12.43451989714931,11.51797603195739,85,5.991285403050109,250,confirmation38,0,geometry_greedy,250,data40-4,ocsort,2754,True
21.239262071510044,9.077705156136528,2504,0,4,13.885379318516353,13.515312916111851,55,7.080610021786492,250,confirmation38,0,geometry_reid_greedy,250,data40-4,ocsort,2754,True
10.713981590307684,9.077705156136528,2504,0,4,9.861965621775811,6.125166444740346,156,3.413217138707335,250,confirmation38,0,no_refinement,250,data40-4,ocsort,2754,True
20.97802617332928,9.077705156136528,2504,0,4,13.79972232906149,13.715046604527299,45,7.443718228031954,250,confirmation38,0,partial_hungarian_u080,250,data40-4,ocsort,2754,True
20.94096823435182,9.077705156136528,2504,0,4,13.787528252571848,13.648468708388814,46,7.4074074074074066,250,confirmation38,0,partial_hungarian_u100,250,data40-4,ocsort,2754,True
21.239262071510044,9.077705156136528,2504,0,4,13.885379318516353,13.515312916111851,55,7.080610021786492,250,confirmation38,0,regr_final,250,data40-4,ocsort,2754,True
21.239262071510044,9.077705156136528,2504,0,4,13.885379318516353,13.515312916111851,55,7.080610021786492,250,confirmation38,0,regr_final_motion_always,250,data40-4,ocsort,2754,True
21.239262071510044,9.077705156136528,2504,0,4,13.885379318516353,13.515312916111851,55,7.080610021786492,250,confirmation38,0,regr_final_no_gap,250,data40-4,ocsort,2754,True
21.239262071510044,9.077705156136528,2504,0,4,13.885379318516353,13.515312916111851,55,7.080610021786492,250,confirmation38,0,regr_final_no_motion,250,data40-4,ocsort,2754,True
21.239262071510044,9.077705156136528,2504,0,4,13.885379318516353,13.515312916111851,55,7.080610021786492,250,confirmation38,0,regr_final_no_reciprocal,250,data40-4,ocsort,2754,True
21.239262071510044,9.077705156136528,2504,0,4,13.885379318516353,13.515312916111851,55,7.080610021786492,250,confirmation38,0,regr_t,250,data40-4,ocsort,2754,True
21.239262071510044,9.077705156136528,2504,0,4,13.885379318516353,13.515312916111851,55,7.080610021786492,250,confirmation38,0,regr_tg_old,250,data40-4,ocsort,2754,True
21.215982459892366,9.077705156136528,2504,0,4,13.877767593120552,13.581890812250332,49,7.298474945533768,250,confirmation38,0,s2_h_cond_w3_endpoint_c50_r100,250,data40-4,ocsort,2754,True
71.40677994956292,57.481389576173825,1129,2,111,64.05155566142906,74.45787121337527,101,65.625,2455,confirmation38,0,geometry_greedy,2457,data40-5,bytetrack,3584,True
71.52517691678786,57.481389576173825,1129,2,111,64.10482137647492,74.75583512663466,94,65.8203125,2455,confirmation38,0,geometry_reid_greedy,2457,data40-5,bytetrack,3584,True
61.48779482852657,57.55137698219039,1129,2,111,59.467805881946234,65.71759642443304,183,63.33705357142857,2455,confirmation38,0,no_refinement,2457,data40-5,bytetrack,3584,True
71.36507394837717,57.518140831289735,1129,2,111,64.05349622242035,74.55719251779507,115,65.234375,2455,confirmation38,0,partial_hungarian_u080,2457,data40-5,bytetrack,3584,True
71.36088250295319,57.518140831289735,1129,2,111,64.05159351837317,74.45787121337527,116,65.20647321428571,2455,confirmation38,0,partial_hungarian_u100,2457,data40-5,bytetrack,3584,True
71.63464705129194,57.481389576173825,1129,2,111,64.15414567207635,75.18622744578713,93,65.84821428571429,2455,confirmation38,0,regr_final,2457,data40-5,bytetrack,3584,True
71.61816319214127,57.481389576173825,1129,2,111,64.14672086836956,75.18622744578713,94,65.8203125,2455,confirmation38,0,regr_final_motion_always,2457,data40-5,bytetrack,3584,True
71.52517691678786,57.481389576173825,1129,2,111,64.10482137647492,74.75583512663466,94,65.8203125,2455,confirmation38,0,regr_final_no_gap,2457,data40-5,bytetrack,3584,True
71.63464705129194,57.481389576173825,1129,2,111,64.15414567207635,75.18622744578713,93,65.84821428571429,2455,confirmation38,0,regr_final_no_motion,2457,data40-5,bytetrack,3584,True
71.63464705129194,57.481389576173825,1129,2,111,64.15414567207635,75.18622744578713,93,65.84821428571429,2455,confirmation38,0,regr_final_no_reciprocal,2457,data40-5,bytetrack,3584,True
71.63464705129194,57.481389576173825,1129,2,111,64.15414567207635,75.18622744578713,93,65.84821428571429,2455,confirmation38,0,regr_t,2457,data40-5,bytetrack,3584,True
69.59650473273742,57.481389576173825,1129,2,111,63.23738997001701,73.86194338685648,94,65.8203125,2455,confirmation38,0,regr_tg_old,2457,data40-5,bytetrack,3584,True
69.41176116442192,57.518140831289735,1129,2,111,63.17351564858229,73.49776527065055,123,65.01116071428571,2455,confirmation38,0,s2_h_cond_w3_endpoint_c50_r100,2457,data40-5,bytetrack,3584,True
88.91506848063338,85.21205357142858,530,0,50,87.04387157450529,88.79180476047001,26,84.48660714285714,3054,confirmation38,0,geometry_greedy,3054,data40-5,deepocsort,3584,True
89.1805347298345,85.21205357142858,530,0,50,87.173714518353,88.85206387466104,25,84.51450892857143,3054,confirmation38,0,geometry_reid_greedy,3054,data40-5,deepocsort,3584,True
84.31495659549567,85.21205357142858,530,0,50,84.76231826872157,84.48327809581198,43,84.01227678571429,3054,confirmation38,0,no_refinement,3054,data40-5,deepocsort,3584,True
89.1805347298345,85.21205357142858,530,0,50,87.173714518353,88.85206387466104,25,84.51450892857143,3054,confirmation38,0,partial_hungarian_u080,3054,data40-5,deepocsort,3584,True
89.1805347298345,85.21205357142858,530,0,50,87.173714518353,88.85206387466104,25,84.51450892857143,3054,confirmation38,0,partial_hungarian_u100,3054,data40-5,deepocsort,3584,True
89.1805347298345,85.21205357142858,530,0,50,87.173714518353,88.85206387466104,25,84.51450892857143,3054,confirmation38,0,regr_final,3054,data40-5,deepocsort,3584,True
89.1805347298345,85.21205357142858,530,0,50,87.173714518353,88.85206387466104,25,84.51450892857143,3054,confirmation38,0,regr_final_motion_always,3054,data40-5,deepocsort,3584,True
89.1805347298345,85.21205357142858,530,0,50,87.173714518353,88.85206387466104,25,84.51450892857143,3054,confirmation38,0,regr_final_no_gap,3054,data40-5,deepocsort,3584,True
89.1805347298345,85.21205357142858,530,0,50,87.173714518353,88.85206387466104,25,84.51450892857143,3054,confirmation38,0,regr_final_no_motion,3054,data40-5,deepocsort,3584,True
89.1805347298345,85.21205357142858,530,0,50,87.173714518353,88.85206387466104,25,84.51450892857143,3054,confirmation38,0,regr_final_no_reciprocal,3054,data40-5,deepocsort,3584,True
89.1805347298345,85.21205357142858,530,0,50,87.173714518353,88.85206387466104,25,84.51450892857143,3054,confirmation38,0,regr_t,3054,data40-5,deepocsort,3584,True
89.1805347298345,85.21205357142858,530,0,50,87.173714518353,88.85206387466104,25,84.51450892857143,3054,confirmation38,0,regr_tg_old,3054,data40-5,deepocsort,3584,True
89.1805347298345,85.21205357142858,530,0,50,87.173714518353,88.85206387466104,25,84.51450892857143,3054,confirmation38,0,s2_h_cond_w3_endpoint_c50_r100,3054,data40-5,deepocsort,3584,True
77.50215513296335,58.31476161138631,1488,0,47,67.22737295796469,68.16901408450704,39,57.39397321428571,2096,confirmation38,0,geometry_greedy,2096,data40-5,ocsort,3584,True
77.24260028511783,58.31476161138631,1488,0,47,67.11470624518877,68.16901408450704,35,57.50558035714286,2096,confirmation38,0,geometry_reid_greedy,2096,data40-5,ocsort,3584,True
62.9176786861296,58.398405557955115,1488,0,47,60.61593945782761,58.20422535211267,61,56.78013392857143,2096,confirmation38,0,no_refinement,2096,data40-5,ocsort,3584,True
77.24260028511783,58.31476161138631,1488,0,47,67.11470624518877,68.16901408450704,35,57.50558035714286,2096,confirmation38,0,partial_hungarian_u080,2096,data40-5,ocsort,3584,True
77.24260028511783,58.31476161138631,1488,0,47,67.11470624518877,68.16901408450704,35,57.50558035714286,2096,confirmation38,0,partial_hungarian_u100,2096,data40-5,ocsort,3584,True
77.24260028511783,58.31476161138631,1488,0,47,67.11470624518877,68.16901408450704,35,57.50558035714286,2096,confirmation38,0,regr_final,2096,data40-5,ocsort,3584,True
77.52105255552624,58.31476161138631,1488,0,47,67.23556851562715,68.30985915492957,34,57.53348214285714,2096,confirmation38,0,regr_final_motion_always,2096,data40-5,ocsort,3584,True
77.24260028511783,58.31476161138631,1488,0,47,67.11470624518877,68.16901408450704,35,57.50558035714286,2096,confirmation38,0,regr_final_no_gap,2096,data40-5,ocsort,3584,True
77.24260028511783,58.31476161138631,1488,0,47,67.11470624518877,68.16901408450704,35,57.50558035714286,2096,confirmation38,0,regr_final_no_motion,2096,data40-5,ocsort,3584,True
77.24260028511783,58.31476161138631,1488,0,47,67.11470624518877,68.16901408450704,35,57.50558035714286,2096,confirmation38,0,regr_final_no_reciprocal,2096,data40-5,ocsort,3584,True
77.24260028511783,58.31476161138631,1488,0,47,67.11470624518877,68.16901408450704,35,57.50558035714286,2096,confirmation38,0,regr_t,2096,data40-5,ocsort,3584,True
74.87356400574463,58.31476161138631,1488,0,47,66.07748477391286,66.83098591549296,36,57.47767857142857,2096,confirmation38,0,regr_tg_old,2096,data40-5,ocsort,3584,True
74.87356400574463,58.31476161138631,1488,0,47,66.07748477391286,66.83098591549296,36,57.47767857142857,2096,confirmation38,0,s2_h_cond_w3_endpoint_c50_r100,2096,data40-5,ocsort,3584,True
49.913827532978964,30.41157648437702,218,0,13,38.9349054222893,50.39370078740157,14,36.08815426997245,145,confirmation38,0,geometry_greedy,145,data41-1,bytetrack,363,True
49.9259943603308,30.41157648437702,218,0,13,38.93918631538861,50.39370078740157,14,36.08815426997245,145,confirmation38,0,geometry_reid_greedy,145,data41-1,bytetrack,363,True
47.70763201000664,30.41157648437702,218,0,13,38.05396135251702,49.21259842519685,15,35.81267217630854,145,confirmation38,0,no_refinement,145,data41-1,bytetrack,363,True
49.9259943603308,30.41157648437702,218,0,13,38.93918631538861,50.39370078740157,14,36.08815426997245,145,confirmation38,0,partial_hungarian_u080,145,data41-1,bytetrack,363,True
49.9259943603308,30.41157648437702,218,0,13,38.93918631538861,50.39370078740157,14,36.08815426997245,145,confirmation38,0,partial_hungarian_u100,145,data41-1,bytetrack,363,True
49.9259943603308,30.41157648437702,218,0,13,38.93918631538861,50.39370078740157,14,36.08815426997245,145,confirmation38,0,regr_final,145,data41-1,bytetrack,363,True
49.9259943603308,30.41157648437702,218,0,13,38.93918631538861,50.39370078740157,14,36.08815426997245,145,confirmation38,0,regr_final_motion_always,145,data41-1,bytetrack,363,True
49.9259943603308,30.41157648437702,218,0,13,38.93918631538861,50.39370078740157,14,36.08815426997245,145,confirmation38,0,regr_final_no_gap,145,data41-1,bytetrack,363,True
49.9259943603308,30.41157648437702,218,0,13,38.93918631538861,50.39370078740157,14,36.08815426997245,145,confirmation38,0,regr_final_no_motion,145,data41-1,bytetrack,363,True
49.9259943603308,30.41157648437702,218,0,13,38.93918631538861,50.39370078740157,14,36.08815426997245,145,confirmation38,0,regr_final_no_reciprocal,145,data41-1,bytetrack,363,True
49.9259943603308,30.41157648437702,218,0,13,38.93918631538861,50.39370078740157,14,36.08815426997245,145,confirmation38,0,regr_t,145,data41-1,bytetrack,363,True
47.70763201000664,30.41157648437702,218,0,13,38.05396135251702,49.21259842519685,15,35.81267217630854,145,confirmation38,0,regr_tg_old,145,data41-1,bytetrack,363,True
47.70763201000664,30.41157648437702,218,0,13,38.05396135251702,49.21259842519685,15,35.81267217630854,145,confirmation38,0,s2_h_cond_w3_endpoint_c50_r100,145,data41-1,bytetrack,363,True
81.99194360336483,37.74104683195592,226,0,1,55.627886741972134,54.400000000000006,1,37.46556473829201,137,confirmation38,0,geometry_greedy,137,data41-1,deepocsort,363,True
81.99194360336483,37.74104683195592,226,0,1,55.627886741972134,54.400000000000006,1,37.46556473829201,137,confirmation38,0,geometry_reid_greedy,137,data41-1,deepocsort,363,True
78.93686729281407,37.74104683195592,226,0,1,54.581681957099725,50.8,10,34.9862258953168,137,confirmation38,0,no_refinement,137,data41-1,deepocsort,363,True
81.99194360336483,37.74104683195592,226,0,1,55.627886741972134,54.400000000000006,1,37.46556473829201,137,confirmation38,0,partial_hungarian_u080,137,data41-1,deepocsort,363,True
81.99194360336483,37.74104683195592,226,0,1,55.627886741972134,54.400000000000006,1,37.46556473829201,137,confirmation38,0,partial_hungarian_u100,137,data41-1,deepocsort,363,True
81.99194360336483,37.74104683195592,226,0,1,55.627886741972134,54.400000000000006,1,37.46556473829201,137,confirmation38,0,regr_final,137,data41-1,deepocsort,363,True
81.99194360336483,37.74104683195592,226,0,1,55.627886741972134,54.400000000000006,1,37.46556473829201,137,confirmation38,0,regr_final_motion_always,137,data41-1,deepocsort,363,True
81.99194360336483,37.74104683195592,226,0,1,55.627886741972134,54.400000000000006,1,37.46556473829201,137,confirmation38,0,regr_final_no_gap,137,data41-1,deepocsort,363,True
81.99194360336483,37.74104683195592,226,0,1,55.627886741972134,54.400000000000006,1,37.46556473829201,137,confirmation38,0,regr_final_no_motion,137,data41-1,deepocsort,363,True
81.99194360336483,37.74104683195592,226,0,1,55.627886741972134,54.400000000000006,1,37.46556473829201,137,confirmation38,0,regr_final_no_reciprocal,137,data41-1,deepocsort,363,True
81.99194360336483,37.74104683195592,226,0,1,55.627886741972134,54.400000000000006,1,37.46556473829201,137,confirmation38,0,regr_t,137,data41-1,deepocsort,363,True
81.99194360336483,37.74104683195592,226,0,1,55.627886741972134,54.400000000000006,1,37.46556473829201,137,confirmation38,0,regr_tg_old,137,data41-1,deepocsort,363,True
81.99194360336483,37.74104683195592,226,0,1,55.627886741972134,54.400000000000006,1,37.46556473829201,137,confirmation38,0,s2_h_cond_w3_endpoint_c50_r100,137,data41-1,deepocsort,363,True
51.067069261893714,29.75206611570248,255,0,8,38.97885094528852,38.21656050955414,6,28.09917355371901,108,confirmation38,0,geometry_greedy,108,data41-1,ocsort,363,True
51.067069261893714,29.75206611570248,255,0,8,38.97885094528852,38.21656050955414,6,28.09917355371901,108,confirmation38,0,geometry_reid_greedy,108,data41-1,ocsort,363,True
49.27250799309622,29.75206611570248,255,0,8,38.287842920398084,36.09341825902335,16,25.344352617079892,108,confirmation38,0,no_refinement,108,data41-1,ocsort,363,True
53.48345898836093,29.75206611570248,255,0,8,39.89039242622435,39.490445859872615,6,28.09917355371901,108,confirmation38,0,partial_hungarian_u080,108,data41-1,ocsort,363,True
52.97130278993023,29.75206611570248,255,0,8,39.69893830873693,39.490445859872615,6,28.09917355371901,108,confirmation38,0,partial_hungarian_u100,108,data41-1,ocsort,363,True
51.067069261893714,29.75206611570248,255,0,8,38.97885094528852,38.21656050955414,6,28.09917355371901,108,confirmation38,0,regr_final,108,data41-1,ocsort,363,True
52.97130278993023,29.75206611570248,255,0,8,39.69893830873693,39.490445859872615,6,28.09917355371901,108,confirmation38,0,regr_final_motion_always,108,data41-1,ocsort,363,True
51.067069261893714,29.75206611570248,255,0,8,38.97885094528852,38.21656050955414,6,28.09917355371901,108,confirmation38,0,regr_final_no_gap,108,data41-1,ocsort,363,True
51.067069261893714,29.75206611570248,255,0,8,38.97885094528852,38.21656050955414,6,28.09917355371901,108,confirmation38,0,regr_final_no_motion,108,data41-1,ocsort,363,True
51.067069261893714,29.75206611570248,255,0,8,38.97885094528852,38.21656050955414,6,28.09917355371901,108,confirmation38,0,regr_final_no_reciprocal,108,data41-1,ocsort,363,True
51.067069261893714,29.75206611570248,255,0,8,38.97885094528852,38.21656050955414,6,28.09917355371901,108,confirmation38,0,regr_t,108,data41-1,ocsort,363,True
51.067069261893714,29.75206611570248,255,0,8,38.97885094528852,38.21656050955414,6,28.09917355371901,108,confirmation38,0,regr_tg_old,108,data41-1,ocsort,363,True
52.97130278993023,29.75206611570248,255,0,8,39.69893830873693,39.490445859872615,6,28.09917355371901,108,confirmation38,0,s2_h_cond_w3_endpoint_c50_r100,108,data41-1,ocsort,363,True
60.29105176109276,61.83002017254387,1737,17,201,60.98839934083716,69.03293993306325,262,69.16016521340063,4800,confirmation38,0,geometry_greedy,4817,data42-1,bytetrack,6537,True
60.47812547406487,61.83002017254387,1737,17,201,61.08313760121905,69.2971639950678,259,69.20605782469022,4800,confirmation38,0,geometry_reid_greedy,4817,data42-1,bytetrack,6537,True
58.979639556753185,61.86001640743643,1737,17,201,60.32685180496743,67.27144618636603,326,68.18112283922288,4800,confirmation38,0,no_refinement,4817,data42-1,bytetrack,6537,True
60.42174186174086,61.83002017254387,1737,17,201,61.054672279040446,69.06816980799718,265,69.11427260211106,4800,confirmation38,0,partial_hungarian_u080,4817,data42-1,bytetrack,6537,True
60.42393333486415,61.83002017254387,1737,17,201,61.055806167151594,69.06816980799718,269,69.05308245372494,4800,confirmation38,0,partial_hungarian_u100,4817,data42-1,bytetrack,6537,True
60.47812547406487,61.83002017254387,1737,17,201,61.08313760121905,69.2971639950678,259,69.20605782469022,4800,confirmation38,0,regr_final,4817,data42-1,bytetrack,6537,True
60.32439713564977,61.83002017254387,1737,17,201,61.004634236551894,69.15624449533205,260,69.1907602875937,4800,confirmation38,0,regr_final_motion_always,4817,data42-1,bytetrack,6537,True
60.47812547406487,61.83002017254387,1737,17,201,61.08313760121905,69.2971639950678,259,69.20605782469022,4800,confirmation38,0,regr_final_no_gap,4817,data42-1,bytetrack,6537,True
60.47812547406487,61.83002017254387,1737,17,201,61.08313760121905,69.2971639950678,259,69.20605782469022,4800,confirmation38,0,regr_final_no_motion,4817,data42-1,bytetrack,6537,True
60.47812547406487,61.83002017254387,1737,17,201,61.08313760121905,69.2971639950678,259,69.20605782469022,4800,confirmation38,0,regr_final_no_reciprocal,4817,data42-1,bytetrack,6537,True
60.47812547406487,61.83002017254387,1737,17,201,61.08313760121905,69.2971639950678,259,69.20605782469022,4800,confirmation38,0,regr_t,4817,data42-1,bytetrack,6537,True
59.77128471154699,61.86001640743643,1737,17,201,60.73512419629746,68.66302624625683,261,69.17546275049718,4800,confirmation38,0,regr_tg_old,4817,data42-1,bytetrack,6537,True
60.3797265796706,61.83002017254387,1737,17,201,61.032949448980936,69.01532499559626,270,69.03778491662842,4800,confirmation38,0,s2_h_cond_w3_endpoint_c50_r100,4817,data42-1,bytetrack,6537,True
67.59192268419527,70.71382047813272,1913,0,131,69.13525212545849,68.00465908072754,111,69.03778491662842,4624,confirmation38,0,geometry_greedy,4624,data42-1,deepocsort,6537,True
69.47601998147806,70.68771282500515,1913,0,131,70.07924763138345,69.47406146402653,102,69.17546275049718,4624,confirmation38,0,geometry_reid_greedy,4624,data42-1,deepocsort,6537,True
67.2884385347192,70.71382047813272,1913,0,131,68.97987070727682,67.61042917301317,144,68.53296619244301,4624,confirmation38,0,no_refinement,4624,data42-1,deepocsort,6537,True
69.80117536779052,70.68771282500515,1913,0,131,70.24304548586812,69.93996953677986,103,69.16016521340063,4624,confirmation38,0,partial_hungarian_u080,4624,data42-1,deepocsort,6537,True
69.80117536779052,70.68771282500515,1913,0,131,70.24304548586812,69.93996953677986,103,69.16016521340063,4624,confirmation38,0,partial_hungarian_u100,4624,data42-1,deepocsort,6537,True
69.47601998147806,70.68771282500515,1913,0,131,70.07924763138345,69.47406146402653,102,69.17546275049718,4624,confirmation38,0,regr_final,4624,data42-1,deepocsort,6537,True
70.01530203731679,70.68771282500515,1913,0,131,70.3507040735028,70.06540632559806,103,69.16016521340063,4624,confirmation38,0,regr_final_motion_always,4624,data42-1,deepocsort,6537,True
69.47601998147806,70.68771282500515,1913,0,131,70.07924763138345,69.47406146402653,102,69.17546275049718,4624,confirmation38,0,regr_final_no_gap,4624,data42-1,deepocsort,6537,True
69.47601998147806,70.68771282500515,1913,0,131,70.07924763138345,69.47406146402653,102,69.17546275049718,4624,confirmation38,0,regr_final_no_motion,4624,data42-1,deepocsort,6537,True
69.47601998147806,70.68771282500515,1913,0,131,70.07924763138345,69.47406146402653,102,69.17546275049718,4624,confirmation38,0,regr_final_no_reciprocal,4624,data42-1,deepocsort,6537,True
69.47601998147806,70.68771282500515,1913,0,131,70.07924763138345,69.47406146402653,102,69.17546275049718,4624,confirmation38,0,regr_t,4624,data42-1,deepocsort,6537,True
69.47601998147806,70.68771282500515,1913,0,131,70.07924763138345,69.47406146402653,102,69.17546275049718,4624,confirmation38,0,regr_tg_old,4624,data42-1,deepocsort,6537,True
69.8417205919482,70.68771282500515,1913,0,131,70.26344347018937,69.93996953677986,102,69.17546275049718,4624,confirmation38,0,s2_h_cond_w3_endpoint_c50_r100,4624,data42-1,deepocsort,6537,True
59.846413130576146,59.79139655939346,2617,0,147,59.81889848523397,60.05546523859615,130,57.97766559583907,3920,confirmation38,0,geometry_greedy,3920,data42-1,ocsort,6537,True
61.729386079082616,59.79139655939346,2617,0,147,60.752664122373886,61.16477001051926,128,58.00826067003213,3920,confirmation38,0,geometry_reid_greedy,3920,data42-1,ocsort,6537,True
59.02664714467226,59.79139655939346,2617,0,147,59.407791262897106,58.75490102323803,180,57.2127887410127,3920,confirmation38,0,no_refinement,3920,data42-1,ocsort,6537,True
62.15751046428978,59.79139655939346,2617,0,147,60.96297525744865,61.24127378789328,131,57.96236805874254,3920,confirmation38,0,partial_hungarian_u080,3920,data42-1,ocsort,6537,True
62.15751046428978,59.79139655939346,2617,0,147,60.96297525744865,61.24127378789328,131,57.96236805874254,3920,confirmation38,0,partial_hungarian_u100,3920,data42-1,ocsort,6537,True
61.729386079082616,59.79139655939346,2617,0,147,60.752664122373886,61.16477001051926,128,58.00826067003213,3920,confirmation38,0,regr_final,3920,data42-1,ocsort,6537,True
62.17815958946393,59.79139655939346,2617,0,147,60.973100562767826,61.18389595486276,128,58.00826067003213,3920,confirmation38,0,regr_final_motion_always,3920,data42-1,ocsort,6537,True
61.729386079082616,59.79139655939346,2617,0,147,60.752664122373886,61.16477001051926,128,58.00826067003213,3920,confirmation38,0,regr_final_no_gap,3920,data42-1,ocsort,6537,True
61.729386079082616,59.79139655939346,2617,0,147,60.752664122373886,61.16477001051926,128,58.00826067003213,3920,confirmation38,0,regr_final_no_motion,3920,data42-1,ocsort,6537,True
61.729386079082616,59.79139655939346,2617,0,147,60.752664122373886,61.16477001051926,128,58.00826067003213,3920,confirmation38,0,regr_final_no_reciprocal,3920,data42-1,ocsort,6537,True
61.729386079082616,59.79139655939346,2617,0,147,60.752664122373886,61.16477001051926,128,58.00826067003213,3920,confirmation38,0,regr_t,3920,data42-1,ocsort,6537,True
61.729386079082616,59.79139655939346,2617,0,147,60.752664122373886,61.16477001051926,128,58.00826067003213,3920,confirmation38,0,regr_tg_old,3920,data42-1,ocsort,6537,True
62.108100497098874,59.79139655939346,2617,0,147,60.93874023459469,61.22214784354978,132,57.94707052164602,3920,confirmation38,0,s2_h_cond_w3_endpoint_c50_r100,3920,data42-1,ocsort,6537,True
61.48687232305229,41.20775453736596,1050,0,90,50.3020770023241,56.09756097560976,66,45.34769833496572,992,confirmation38,0,geometry_greedy,992,data42-2,bytetrack,2042,True
61.60906603284031,41.20775453736596,1050,0,90,50.35306690111302,56.36123928806855,67,45.29872673849167,992,confirmation38,0,geometry_reid_greedy,992,data42-2,bytetrack,2042,True
60.640796369196806,41.20775453736596,1050,0,90,49.951635023153315,54.779169413315756,100,43.68266405484819,992,confirmation38,0,no_refinement,992,data42-2,bytetrack,2042,True
61.44233403625741,41.20775453736596,1050,0,90,50.284085664839964,56.163480553724455,69,45.20078354554358,992,confirmation38,0,partial_hungarian_u080,992,data42-2,bytetrack,2042,True
61.438475506143156,41.20775453736596,1050,0,90,50.28263100266147,56.163480553724455,69,45.20078354554358,992,confirmation38,0,partial_hungarian_u100,992,data42-2,bytetrack,2042,True
61.60906603284031,41.20775453736596,1050,0,90,50.35306690111302,56.36123928806855,67,45.29872673849167,992,confirmation38,0,regr_final,992,data42-2,bytetrack,2042,True
61.60906603284031,41.20775453736596,1050,0,90,50.35306690111302,56.36123928806855,67,45.29872673849167,992,confirmation38,0,regr_final_motion_always,992,data42-2,bytetrack,2042,True
61.60906603284031,41.20775453736596,1050,0,90,50.35306690111302,56.36123928806855,67,45.29872673849167,992,confirmation38,0,regr_final_no_gap,992,data42-2,bytetrack,2042,True
61.60906603284031,41.20775453736596,1050,0,90,50.35306690111302,56.36123928806855,67,45.29872673849167,992,confirmation38,0,regr_final_no_motion,992,data42-2,bytetrack,2042,True
61.60906603284031,41.20775453736596,1050,0,90,50.35306690111302,56.36123928806855,67,45.29872673849167,992,confirmation38,0,regr_final_no_reciprocal,992,data42-2,bytetrack,2042,True
61.60906603284031,41.20775453736596,1050,0,90,50.35306690111302,56.36123928806855,67,45.29872673849167,992,confirmation38,0,regr_t,992,data42-2,bytetrack,2042,True
61.60906603284031,41.20775453736596,1050,0,90,50.35306690111302,56.36123928806855,67,45.29872673849167,992,confirmation38,0,regr_tg_old,992,data42-2,bytetrack,2042,True
61.38676111157283,41.20775453736596,1050,0,90,50.26219052885573,56.03164139749506,71,45.1028403525955,992,confirmation38,0,s2_h_cond_w3_endpoint_c50_r100,992,data42-2,bytetrack,2042,True
72.84945261805723,75.56317335945153,499,0,50,74.19390687461748,77.54532775453278,34,73.89813907933399,1543,confirmation38,0,geometry_greedy,1543,data42-2,deepocsort,2042,True
74.95775191153115,75.56317335945153,499,0,50,75.25985385533104,78.99581589958159,30,74.09402546523016,1543,confirmation38,0,geometry_reid_greedy,1543,data42-2,deepocsort,2042,True
69.71248578867933,75.56317335945153,499,0,50,72.57889947476663,74.14225941422595,56,72.820763956905,1543,confirmation38,0,no_refinement,1543,data42-2,deepocsort,2042,True
75.50605894810592,75.56317335945153,499,0,50,75.53461075549865,79.442119944212,30,74.09402546523016,1543,confirmation38,0,partial_hungarian_u080,1543,data42-2,deepocsort,2042,True
75.50605894810592,75.56317335945153,499,0,50,75.53461075549865,79.442119944212,30,74.09402546523016,1543,confirmation38,0,partial_hungarian_u100,1543,data42-2,deepocsort,2042,True
75.6542270419646,75.56317335945153,499,0,50,75.60868649399538,79.38633193863319,30,74.09402546523016,1543,confirmation38,0,regr_final,1543,data42-2,deepocsort,2042,True
75.6542270419646,75.56317335945153,499,0,50,75.60868649399538,79.38633193863319,30,74.09402546523016,1543,confirmation38,0,regr_final_motion_always,1543,data42-2,deepocsort,2042,True
75.6542270419646,75.56317335945153,499,0,50,75.60868649399538,79.38633193863319,30,74.09402546523016,1543,confirmation38,0,regr_final_no_gap,1543,data42-2,deepocsort,2042,True
74.95775191153115,75.56317335945153,499,0,50,75.25985385533104,78.99581589958159,30,74.09402546523016,1543,confirmation38,0,regr_final_no_motion,1543,data42-2,deepocsort,2042,True
75.6542270419646,75.56317335945153,499,0,50,75.60868649399538,79.38633193863319,30,74.09402546523016,1543,confirmation38,0,regr_final_no_reciprocal,1543,data42-2,deepocsort,2042,True
74.95775191153115,75.56317335945153,499,0,50,75.25985385533104,78.99581589958159,30,74.09402546523016,1543,confirmation38,0,regr_t,1543,data42-2,deepocsort,2042,True
75.6542270419646,75.56317335945153,499,0,50,75.60868649399538,79.38633193863319,30,74.09402546523016,1543,confirmation38,0,regr_tg_old,1543,data42-2,deepocsort,2042,True
76.20253407853939,75.56317335945153,499,0,50,75.88218033903735,79.8326359832636,30,74.09402546523016,1543,confirmation38,0,s2_h_cond_w3_endpoint_c50_r100,1543,data42-2,deepocsort,2042,True
68.57360198926183,38.348105055701325,1255,0,17,51.28028560854481,50.33580770590314,29,37.12047012732615,787,confirmation38,0,geometry_greedy,787,data42-2,ocsort,2042,True
69.13922322055716,38.348105055701325,1255,0,17,51.49134095604067,50.75998586072817,23,37.414299706170425,787,confirmation38,0,geometry_reid_greedy,787,data42-2,ocsort,2042,True
68.37057900143752,38.348105055701325,1255,0,17,51.204317645811,48.21491693177801,57,35.74926542605289,787,confirmation38,0,no_refinement,787,data42-2,ocsort,2042,True
69.13922322055716,38.348105055701325,1255,0,17,51.49134095604067,50.75998586072817,23,37.414299706170425,787,confirmation38,0,partial_hungarian_u080,787,data42-2,ocsort,2042,True
69.13922322055716,38.348105055701325,1255,0,17,51.49134095604067,50.75998586072817,23,37.414299706170425,787,confirmation38,0,partial_hungarian_u100,787,data42-2,ocsort,2042,True
69.76661323751763,38.348105055701325,1255,0,17,51.72443726298395,50.75998586072817,23,37.414299706170425,787,confirmation38,0,regr_final,787,data42-2,ocsort,2042,True
69.76661323751763,38.348105055701325,1255,0,17,51.72443726298395,50.75998586072817,23,37.414299706170425,787,confirmation38,0,regr_final_motion_always,787,data42-2,ocsort,2042,True
69.76661323751763,38.348105055701325,1255,0,17,51.72443726298395,50.75998586072817,23,37.414299706170425,787,confirmation38,0,regr_final_no_gap,787,data42-2,ocsort,2042,True
69.13922322055716,38.348105055701325,1255,0,17,51.49134095604067,50.75998586072817,23,37.414299706170425,787,confirmation38,0,regr_final_no_motion,787,data42-2,ocsort,2042,True
69.76661323751763,38.348105055701325,1255,0,17,51.72443726298395,50.75998586072817,23,37.414299706170425,787,confirmation38,0,regr_final_no_reciprocal,787,data42-2,ocsort,2042,True
69.13922322055716,38.348105055701325,1255,0,17,51.49134095604067,50.75998586072817,23,37.414299706170425,787,confirmation38,0,regr_t,787,data42-2,ocsort,2042,True
69.76661323751763,38.348105055701325,1255,0,17,51.72443726298395,50.75998586072817,23,37.414299706170425,787,confirmation38,0,regr_tg_old,787,data42-2,ocsort,2042,True
69.76661323751763,38.348105055701325,1255,0,17,51.72443726298395,50.75998586072817,23,37.414299706170425,787,confirmation38,0,s2_h_cond_w3_endpoint_c50_r100,787,data42-2,ocsort,2042,True
59.81612946604747,78.8384911582783,115,0,56,68.62321548282694,76.93529178245335,109,82.9916476841306,1202,confirmation38,0,geometry_greedy,1202,data42-3,bytetrack,1317,True
59.95061721894089,78.8384911582783,115,0,56,68.70123501122445,77.41167129813418,105,83.2953682611997,1202,confirmation38,0,geometry_reid_greedy,1202,data42-3,bytetrack,1317,True
59.032126035626185,78.8384911582783,115,0,56,68.16675013547977,75.50615323541088,115,82.53606681852695,1202,confirmation38,0,no_refinement,1202,data42-3,bytetrack,1317,True
59.722778252752754,78.8384911582783,115,0,56,68.56885625547523,76.77649861055976,108,83.06757782839787,1202,confirmation38,0,partial_hungarian_u080,1202,data42-3,bytetrack,1317,True
59.722778252752754,78.8384911582783,115,0,56,68.56885625547523,76.77649861055976,108,83.06757782839787,1202,confirmation38,0,partial_hungarian_u100,1202,data42-3,bytetrack,1317,True
59.92600336604811,78.8384911582783,115,0,56,68.68700662793901,77.41167129813418,105,83.2953682611997,1202,confirmation38,0,regr_final,1202,data42-3,bytetrack,1317,True
59.93762871190167,78.8384911582783,115,0,56,68.693726222229,77.49106788408099,104,83.37129840546697,1202,confirmation38,0,regr_final_motion_always,1202,data42-3,bytetrack,1317,True
59.95061721894089,78.8384911582783,115,0,56,68.70123501122445,77.41167129813418,105,83.2953682611997,1202,confirmation38,0,regr_final_no_gap,1202,data42-3,bytetrack,1317,True
59.92600336604811,78.8384911582783,115,0,56,68.68700662793901,77.41167129813418,105,83.2953682611997,1202,confirmation38,0,regr_final_no_motion,1202,data42-3,bytetrack,1317,True
59.92600336604811,78.8384911582783,115,0,56,68.68700662793901,77.41167129813418,105,83.2953682611997,1202,confirmation38,0,regr_final_no_reciprocal,1202,data42-3,bytetrack,1317,True
59.92600336604811,78.8384911582783,115,0,56,68.68700662793901,77.41167129813418,105,83.2953682611997,1202,confirmation38,0,regr_t,1202,data42-3,bytetrack,1317,True
59.107217564849854,78.8384911582783,115,0,56,68.21064332566723,75.7443429932513,108,83.06757782839787,1202,confirmation38,0,regr_tg_old,1202,data42-3,bytetrack,1317,True
59.76238181681875,78.8384911582783,115,0,56,68.59187871862223,76.93529178245335,109,82.9916476841306,1202,confirmation38,0,s2_h_cond_w3_endpoint_c50_r100,1202,data42-3,bytetrack,1317,True
97.83964078877048,94.38116932422173,74,0,5,96.09484743682137,96.953125,1,94.30523917995444,1243,confirmation38,0,geometry_greedy,1243,data42-3,deepocsort,1317,True
97.83964078877048,94.38116932422173,74,0,5,96.09484743682137,96.953125,1,94.30523917995444,1243,confirmation38,0,geometry_reid_greedy,1243,data42-3,deepocsort,1317,True
97.07587985658247,94.38116932422173,74,0,5,95.71904227499311,96.171875,8,93.77372817008353,1243,confirmation38,0,no_refinement,1243,data42-3,deepocsort,1317,True
97.83964078877048,94.38116932422173,74,0,5,96.09484743682137,96.953125,1,94.30523917995444,1243,confirmation38,0,partial_hungarian_u080,1243,data42-3,deepocsort,1317,True
97.83964078877048,94.38116932422173,74,0,5,96.09484743682137,96.953125,1,94.30523917995444,1243,confirmation38,0,partial_hungarian_u100,1243,data42-3,deepocsort,1317,True
97.83964078877048,94.38116932422173,74,0,5,96.09484743682137,96.953125,1,94.30523917995444,1243,confirmation38,0,regr_final,1243,data42-3,deepocsort,1317,True
97.83964078877048,94.38116932422173,74,0,5,96.09484743682137,96.953125,1,94.30523917995444,1243,confirmation38,0,regr_final_motion_always,1243,data42-3,deepocsort,1317,True
97.83964078877048,94.38116932422173,74,0,5,96.09484743682137,96.953125,1,94.30523917995444,1243,confirmation38,0,regr_final_no_gap,1243,data42-3,deepocsort,1317,True
97.83964078877048,94.38116932422173,74,0,5,96.09484743682137,96.953125,1,94.30523917995444,1243,confirmation38,0,regr_final_no_motion,1243,data42-3,deepocsort,1317,True
97.83964078877048,94.38116932422173,74,0,5,96.09484743682137,96.953125,1,94.30523917995444,1243,confirmation38,0,regr_final_no_reciprocal,1243,data42-3,deepocsort,1317,True
97.83964078877048,94.38116932422173,74,0,5,96.09484743682137,96.953125,1,94.30523917995444,1243,confirmation38,0,regr_t,1243,data42-3,deepocsort,1317,True
97.83964078877048,94.38116932422173,74,0,5,96.09484743682137,96.953125,1,94.30523917995444,1243,confirmation38,0,regr_tg_old,1243,data42-3,deepocsort,1317,True
97.83964078877048,94.38116932422173,74,0,5,96.09484743682137,96.953125,1,94.30523917995444,1243,confirmation38,0,s2_h_cond_w3_endpoint_c50_r100,1243,data42-3,deepocsort,1317,True
69.47251677150462,80.78967350037965,253,0,27,74.91770116080384,77.44645107097858,49,77.06909643128323,1064,confirmation38,0,geometry_greedy,1064,data42-3,ocsort,1317,True
69.6517866413864,80.78967350037965,253,0,27,75.01429931336898,78.28643427131458,38,77.90432801822324,1064,confirmation38,0,geometry_reid_greedy,1064,data42-3,ocsort,1317,True
67.53843746839166,80.67416216837715,253,0,27,73.81467904671145,74.9265014699706,72,75.32270311313592,1064,confirmation38,0,no_refinement,1064,data42-3,ocsort,1317,True
69.68647179624182,80.78967350037965,253,0,27,75.03297477650605,78.37043259134818,39,77.82839787395595,1064,confirmation38,0,partial_hungarian_u080,1064,data42-3,ocsort,1317,True
69.68647179624182,80.78967350037965,253,0,27,75.03297477650605,78.37043259134818,39,77.82839787395595,1064,confirmation38,0,partial_hungarian_u100,1064,data42-3,ocsort,1317,True
69.6517866413864,80.78967350037965,253,0,27,75.01429931336898,78.28643427131458,38,77.90432801822324,1064,confirmation38,0,regr_final,1064,data42-3,ocsort,1317,True
69.6517866413864,80.78967350037965,253,0,27,75.01429931336898,78.28643427131458,38,77.90432801822324,1064,confirmation38,0,regr_final_motion_always,1064,data42-3,ocsort,1317,True
69.6517866413864,80.78967350037965,253,0,27,75.01429931336898,78.28643427131458,38,77.90432801822324,1064,confirmation38,0,regr_final_no_gap,1064,data42-3,ocsort,1317,True
69.6517866413864,80.78967350037965,253,0,27,75.01429931336898,78.28643427131458,38,77.90432801822324,1064,confirmation38,0,regr_final_no_motion,1064,data42-3,ocsort,1317,True
69.6517866413864,80.78967350037965,253,0,27,75.01429931336898,78.28643427131458,38,77.90432801822324,1064,confirmation38,0,regr_final_no_reciprocal,1064,data42-3,ocsort,1317,True
69.6517866413864,80.78967350037965,253,0,27,75.01429931336898,78.28643427131458,38,77.90432801822324,1064,confirmation38,0,regr_t,1064,data42-3,ocsort,1317,True
69.6517866413864,80.78967350037965,253,0,27,75.01429931336898,78.28643427131458,38,77.90432801822324,1064,confirmation38,0,regr_tg_old,1064,data42-3,ocsort,1317,True
69.68647179624182,80.78967350037965,253,0,27,75.03297477650605,78.37043259134818,39,77.82839787395595,1064,confirmation38,0,s2_h_cond_w3_endpoint_c50_r100,1064,data42-3,ocsort,1317,True
43.14626643594464,67.18076065752628,1531,36,493,53.705460750418666,63.05940378617538,560,72.16332940714565,6110,confirmation38,0,geometry_greedy,6146,data46-11,bytetrack,7641,True
45.094943527418486,67.14818219361395,1531,36,493,54.91063543890547,65.20635381156161,538,72.45124983640885,6110,confirmation38,0,geometry_reid_greedy,6146,data46-11,bytetrack,7641,True
37.58549515628597,67.10806620173578,1531,36,493,50.06106071623934,55.6466236309567,751,69.66365658945163,6110,confirmation38,0,no_refinement,6146,data46-11,bytetrack,7641,True
43.74485581674436,67.14283900316197,1531,36,493,54.06271942935281,63.43657068252702,597,71.67909959429394,6110,confirmation38,0,partial_hungarian_u080,6146,data46-11,bytetrack,7641,True
43.23539793673083,67.14283900316197,1531,36,493,53.74630431666713,63.08841662435628,603,71.60057584085853,6110,confirmation38,0,partial_hungarian_u100,6146,data46-11,bytetrack,7641,True
45.45888764875159,67.13599282300032,1531,36,493,55.12937400051451,65.42395009791832,535,72.49051171312655,6110,confirmation38,0,regr_final,6146,data46-11,bytetrack,7641,True
42.67351797607139,67.07030660848625,1531,36,493,53.37028055487391,62.23253789801987,549,72.30728962177726,6110,confirmation38,0,regr_final_motion_always,6146,data46-11,bytetrack,7641,True
45.094943527418486,67.14818219361395,1531,36,493,54.91063543890547,65.20635381156161,538,72.45124983640885,6110,confirmation38,0,regr_final_no_gap,6146,data46-11,bytetrack,7641,True
45.45888764875159,67.13599282300032,1531,36,493,55.12937400051451,65.42395009791832,535,72.49051171312655,6110,confirmation38,0,regr_final_no_motion,6146,data46-11,bytetrack,7641,True
45.45888764875159,67.13599282300032,1531,36,493,55.12937400051451,65.42395009791832,535,72.49051171312655,6110,confirmation38,0,regr_final_no_reciprocal,6146,data46-11,bytetrack,7641,True
45.45888764875159,67.13599282300032,1531,36,493,55.12937400051451,65.42395009791832,535,72.49051171312655,6110,confirmation38,0,regr_t,6146,data46-11,bytetrack,7641,True
44.86148086432589,67.13599282300032,1531,36,493,54.76296960974886,64.88721259157177,541,72.41198795969113,6110,confirmation38,0,regr_tg_old,6146,data46-11,bytetrack,7641,True
42.95435035005505,67.13571560897456,1531,36,493,53.56526271470895,62.78378182345688,613,71.46970291846617,6110,confirmation38,0,s2_h_cond_w3_endpoint_c50_r100,6146,data46-11,bytetrack,7641,True
94.27766613597171,94.67731108938807,381,0,32,94.47727295769106,95.38957116972016,22,94.72582122758801,7260,confirmation38,0,geometry_greedy,7260,data46-11,deepocsort,7641,True
94.41622677458746,94.67731108938807,381,0,32,94.5466745814979,95.44325884168848,21,94.73890851982725,7260,confirmation38,0,geometry_reid_greedy,7260,data46-11,deepocsort,7641,True
93.94391506586915,94.67731108938807,381,0,32,94.3098961059697,94.97349171196564,27,94.66038476639184,7260,confirmation38,0,no_refinement,7260,data46-11,deepocsort,7641,True
94.41622677458746,94.67731108938807,381,0,32,94.5466745814979,95.44325884168848,21,94.73890851982725,7260,confirmation38,0,partial_hungarian_u080,7260,data46-11,deepocsort,7641,True
94.41622677458746,94.67731108938807,381,0,32,94.5466745814979,95.44325884168848,21,94.73890851982725,7260,confirmation38,0,partial_hungarian_u100,7260,data46-11,deepocsort,7641,True
94.41622677458746,94.67731108938807,381,0,32,94.5466745814979,95.44325884168848,21,94.73890851982725,7260,confirmation38,0,regr_final,7260,data46-11,deepocsort,7641,True
94.41622677458746,94.67731108938807,381,0,32,94.5466745814979,95.44325884168848,21,94.73890851982725,7260,confirmation38,0,regr_final_motion_always,7260,data46-11,deepocsort,7641,True
94.41622677458746,94.67731108938807,381,0,32,94.5466745814979,95.44325884168848,21,94.73890851982725,7260,confirmation38,0,regr_final_no_gap,7260,data46-11,deepocsort,7641,True
94.41622677458746,94.67731108938807,381,0,32,94.5466745814979,95.44325884168848,21,94.73890851982725,7260,confirmation38,0,regr_final_no_motion,7260,data46-11,deepocsort,7641,True
94.41622677458746,94.67731108938807,381,0,32,94.5466745814979,95.44325884168848,21,94.73890851982725,7260,confirmation38,0,regr_final_no_reciprocal,7260,data46-11,deepocsort,7641,True
94.41622677458746,94.67731108938807,381,0,32,94.5466745814979,95.44325884168848,21,94.73890851982725,7260,confirmation38,0,regr_t,7260,data46-11,deepocsort,7641,True
94.41622677458746,94.67731108938807,381,0,32,94.5466745814979,95.44325884168848,21,94.73890851982725,7260,confirmation38,0,regr_tg_old,7260,data46-11,deepocsort,7641,True
94.41622677458746,94.67731108938807,381,0,32,94.5466745814979,95.44325884168848,21,94.73890851982725,7260,confirmation38,0,s2_h_cond_w3_endpoint_c50_r100,7260,data46-11,deepocsort,7641,True
48.10398295692556,64.40780018191936,2701,0,305,55.662117902642215,59.677291153326436,287,60.89517078916372,4940,confirmation38,0,geometry_greedy,4940,data46-11,ocsort,7641,True
51.598797291251316,64.44624644106095,2701,0,305,57.66583651404503,62.26850011922741,239,61.523360816647035,4940,confirmation38,0,geometry_reid_greedy,4940,data46-11,ocsort,7641,True
40.63041321832863,64.40780018191936,2701,0,305,51.155795978984166,52.82568953183372,422,59.1283863368669,4940,confirmation38,0,no_refinement,4940,data46-11,ocsort,7641,True
49.67758965388365,64.43041932223935,2701,0,305,56.57515208704065,60.6470073920992,250,61.379400602015444,4940,confirmation38,0,partial_hungarian_u080,4940,data46-11,ocsort,7641,True
49.91932690804548,64.43041932223935,2701,0,305,56.71263581026014,60.853668229870436,252,61.353226017536976,4940,confirmation38,0,partial_hungarian_u100,4940,data46-11,ocsort,7641,True
51.17886555899015,64.44624644106095,2701,0,305,57.430703359261734,62.0459422939353,237,61.54953540112551,4940,confirmation38,0,regr_final,4940,data46-11,ocsort,7641,True
46.523983995489466,64.46547607048485,2701,0,305,54.76486713646819,57.78554963834354,258,61.274702264101556,4940,confirmation38,0,regr_final_motion_always,4940,data46-11,ocsort,7641,True
51.598797291251316,64.44624644106095,2701,0,305,57.66583651404503,62.26850011922741,239,61.523360816647035,4940,confirmation38,0,regr_final_no_gap,4940,data46-11,ocsort,7641,True
51.17886555899015,64.44624644106095,2701,0,305,57.430703359261734,62.0459422939353,237,61.54953540112551,4940,confirmation38,0,regr_final_no_motion,4940,data46-11,ocsort,7641,True
51.17886555899015,64.44624644106095,2701,0,305,57.430703359261734,62.0459422939353,237,61.54953540112551,4940,confirmation38,0,regr_final_no_reciprocal,4940,data46-11,ocsort,7641,True
51.17886555899015,64.44624644106095,2701,0,305,57.430703359261734,62.0459422939353,237,61.54953540112551,4940,confirmation38,0,regr_t,4940,data46-11,ocsort,7641,True
47.02943053996664,64.44624644106095,2701,0,305,55.05333918252657,58.6121929894285,267,61.156916633948434,4940,confirmation38,0,regr_tg_old,4940,data46-11,ocsort,7641,True
50.61249995322312,64.40893149269634,2701,0,305,57.09550700766347,61.29878388045466,254,61.3270514330585,4940,confirmation38,0,s2_h_cond_w3_endpoint_c50_r100,4940,data46-11,ocsort,7641,True
77.05187383488487,75.12344843474142,575,3,191,75.96366516685298,86.3231850117096,122,84.63564530289727,3981,confirmation38,0,geometry_greedy,3984,data46-12,bytetrack,4556,True
78.01132674198382,75.12344843474142,575,3,191,76.44528620820131,88.00936768149883,118,84.72344161545216,3981,confirmation38,0,geometry_reid_greedy,3984,data46-12,bytetrack,4556,True
74.58033510185098,75.12344843474142,575,3,191,74.70732473714371,80.91334894613583,219,82.5065847234416,3981,confirmation38,0,no_refinement,3984,data46-12,bytetrack,4556,True
76.74957428132437,75.12344843474142,575,3,191,75.81241101512958,86.0655737704918,148,84.06496927129061,3981,confirmation38,0,partial_hungarian_u080,3984,data46-12,bytetrack,4556,True
76.72968538439513,75.12344843474142,575,3,191,75.80237312230793,86.04215456674473,149,84.04302019315189,3981,confirmation38,0,partial_hungarian_u100,3984,data46-12,bytetrack,4556,True
78.08267024804935,75.12344843474142,575,3,191,76.48099614280942,88.19672131147541,120,84.67954345917471,3981,confirmation38,0,regr_final,3984,data46-12,bytetrack,4556,True
77.90576613241292,75.12344843474142,575,3,191,76.39262530590628,87.89227166276346,121,84.65759438103599,3981,confirmation38,0,regr_final_motion_always,3984,data46-12,bytetrack,4556,True
78.01132674198382,75.12344843474142,575,3,191,76.44528620820131,88.00936768149883,118,84.72344161545216,3981,confirmation38,0,regr_final_no_gap,3984,data46-12,bytetrack,4556,True
78.08267024804935,75.12344843474142,575,3,191,76.48099614280942,88.19672131147541,120,84.67954345917471,3981,confirmation38,0,regr_final_no_motion,3984,data46-12,bytetrack,4556,True
78.08267024804935,75.12344843474142,575,3,191,76.48099614280942,88.19672131147541,120,84.67954345917471,3981,confirmation38,0,regr_final_no_reciprocal,3984,data46-12,bytetrack,4556,True
78.08267024804935,75.12344843474142,575,3,191,76.48099614280942,88.19672131147541,120,84.67954345917471,3981,confirmation38,0,regr_t,3984,data46-12,bytetrack,4556,True
77.36294890525927,75.12344843474142,575,3,191,76.1214385403436,87.07259953161592,127,84.52589991220368,3981,confirmation38,0,regr_tg_old,3984,data46-12,bytetrack,4556,True
77.03550759741469,75.12344843474142,575,3,191,75.9562238401883,86.37002341920375,163,83.73573309920982,3981,confirmation38,0,s2_h_cond_w3_endpoint_c50_r100,3984,data46-12,bytetrack,4556,True
97.69893646728993,97.87093942054432,97,0,13,97.78490012492597,98.41375485302274,0,97.87093942054433,4459,confirmation38,0,geometry_greedy,4459,data46-12,deepocsort,4556,True
98.22719157168318,97.87093942054432,97,0,13,98.04890369485223,98.92401552967277,0,97.87093942054433,4459,confirmation38,0,geometry_reid_greedy,4459,data46-12,deepocsort,4556,True
97.7716081357378,97.87093942054432,97,0,13,97.8212611700646,98.56905158069883,3,97.80509218612818,4459,confirmation38,0,no_refinement,4459,data46-12,deepocsort,4556,True
98.22719157168318,97.87093942054432,97,0,13,98.04890369485223,98.92401552967277,0,97.87093942054433,4459,confirmation38,0,partial_hungarian_u080,4459,data46-12,deepocsort,4556,True
98.22719157168318,97.87093942054432,97,0,13,98.04890369485223,98.92401552967277,0,97.87093942054433,4459,confirmation38,0,partial_hungarian_u100,4459,data46-12,deepocsort,4556,True
98.22719157168318,97.87093942054432,97,0,13,98.04890369485223,98.92401552967277,0,97.87093942054433,4459,confirmation38,0,regr_final,4459,data46-12,deepocsort,4556,True
98.22719157168318,97.87093942054432,97,0,13,98.04890369485223,98.92401552967277,0,97.87093942054433,4459,confirmation38,0,regr_final_motion_always,4459,data46-12,deepocsort,4556,True
98.22719157168318,97.87093942054432,97,0,13,98.04890369485223,98.92401552967277,0,97.87093942054433,4459,confirmation38,0,regr_final_no_gap,4459,data46-12,deepocsort,4556,True
98.22719157168318,97.87093942054432,97,0,13,98.04890369485223,98.92401552967277,0,97.87093942054433,4459,confirmation38,0,regr_final_no_motion,4459,data46-12,deepocsort,4556,True
98.22719157168318,97.87093942054432,97,0,13,98.04890369485223,98.92401552967277,0,97.87093942054433,4459,confirmation38,0,regr_final_no_reciprocal,4459,data46-12,deepocsort,4556,True
98.22719157168318,97.87093942054432,97,0,13,98.04890369485223,98.92401552967277,0,97.87093942054433,4459,confirmation38,0,regr_t,4459,data46-12,deepocsort,4556,True
97.81251191172048,97.87093942054432,97,0,13,97.84172130478522,98.61342207432058,1,97.84899034240561,4459,confirmation38,0,regr_tg_old,4459,data46-12,deepocsort,4556,True
98.22719157168318,97.87093942054432,97,0,13,98.04890369485223,98.92401552967277,0,97.87093942054433,4459,confirmation38,0,s2_h_cond_w3_endpoint_c50_r100,4459,data46-12,deepocsort,4556,True
89.1389404779045,76.89882303173404,1051,0,88,82.7929923382648,84.15829301575486,76,75.26338893766462,3505,confirmation38,0,geometry_greedy,3505,data46-12,ocsort,4556,True
89.43774407469247,76.89882303173404,1051,0,88,82.93164187993544,84.90261754124798,55,75.7243195785777,3505,confirmation38,0,geometry_reid_greedy,3505,data46-12,ocsort,4556,True
86.27431181624698,76.93151887620718,1051,0,88,81.46909750343005,80.16375139560849,138,73.90254609306409,3505,confirmation38,0,no_refinement,3505,data46-12,ocsort,4556,True
89.38331157560235,76.89677954145448,1051,0,88,82.90530010410836,84.72894181863292,56,75.70237050043899,3505,confirmation38,0,partial_hungarian_u080,3505,data46-12,ocsort,4556,True
89.38331157560235,76.89677954145448,1051,0,88,82.90530010410836,84.72894181863292,56,75.70237050043899,3505,confirmation38,0,partial_hungarian_u100,3505,data46-12,ocsort,4556,True
89.43804735482985,76.89882303173404,1051,0,88,82.93178248890551,84.90261754124798,55,75.7243195785777,3505,confirmation38,0,regr_final,3505,data46-12,ocsort,4556,True
89.43804735482985,76.89882303173404,1051,0,88,82.93178248890551,84.90261754124798,55,75.7243195785777,3505,confirmation38,0,regr_final_motion_always,3505,data46-12,ocsort,4556,True
89.43774407469247,76.89882303173404,1051,0,88,82.93164187993544,84.90261754124798,55,75.7243195785777,3505,confirmation38,0,regr_final_no_gap,3505,data46-12,ocsort,4556,True
89.43804735482985,76.89882303173404,1051,0,88,82.93178248890551,84.90261754124798,55,75.7243195785777,3505,confirmation38,0,regr_final_no_motion,3505,data46-12,ocsort,4556,True
89.43804735482985,76.89882303173404,1051,0,88,82.93178248890551,84.90261754124798,55,75.7243195785777,3505,confirmation38,0,regr_final_no_reciprocal,3505,data46-12,ocsort,4556,True
89.43804735482985,76.89882303173404,1051,0,88,82.93178248890551,84.90261754124798,55,75.7243195785777,3505,confirmation38,0,regr_t,3505,data46-12,ocsort,4556,True
88.01419034607889,76.89882303173404,1051,0,88,82.26899549785186,83.711698300459,57,75.68042142230026,3505,confirmation38,0,regr_tg_old,3505,data46-12,ocsort,4556,True
89.27937298582033,76.89677954145448,1051,0,88,82.85708323739472,84.5800769135343,58,75.65847234416154,3505,confirmation38,0,s2_h_cond_w3_endpoint_c50_r100,3505,data46-12,ocsort,4556,True
11.353200312479474,25.560825053202237,169,0,23,17.019940856848443,17.3374613003096,40,15.040650406504067,77,confirmation38,0,geometry_greedy,77,data47-1,bytetrack,246,True
11.648797937768629,25.560825053202237,169,0,23,17.24286848744127,17.956656346749224,39,15.447154471544716,77,confirmation38,0,geometry_reid_greedy,77,data47-1,bytetrack,246,True
8.701329827659327,25.560825053202237,169,0,23,14.888225669703017,14.860681114551083,44,13.414634146341465,77,confirmation38,0,no_refinement,77,data47-1,bytetrack,246,True
11.42771463300715,25.560825053202237,169,0,23,17.073445539370862,16.718266253869967,37,16.260162601626014,77,confirmation38,0,partial_hungarian_u080,77,data47-1,bytetrack,246,True
11.42771463300715,25.560825053202237,169,0,23,17.073445539370862,16.718266253869967,37,16.260162601626014,77,confirmation38,0,partial_hungarian_u100,77,data47-1,bytetrack,246,True
11.327362535766946,25.560825053202237,169,0,23,17.000798691936893,16.09907120743034,39,15.447154471544716,77,confirmation38,0,regr_final,77,data47-1,bytetrack,246,True
11.327362535766946,25.560825053202237,169,0,23,17.000798691936893,16.09907120743034,39,15.447154471544716,77,confirmation38,0,regr_final_motion_always,77,data47-1,bytetrack,246,True
11.648797937768629,25.560825053202237,169,0,23,17.24286848744127,17.956656346749224,39,15.447154471544716,77,confirmation38,0,regr_final_no_gap,77,data47-1,bytetrack,246,True
11.327362535766946,25.560825053202237,169,0,23,17.000798691936893,16.09907120743034,39,15.447154471544716,77,confirmation38,0,regr_final_no_motion,77,data47-1,bytetrack,246,True
11.327362535766946,25.560825053202237,169,0,23,17.000798691936893,16.09907120743034,39,15.447154471544716,77,confirmation38,0,regr_final_no_reciprocal,77,data47-1,bytetrack,246,True
11.327362535766946,25.560825053202237,169,0,23,17.000798691936893,16.09907120743034,39,15.447154471544716,77,confirmation38,0,regr_t,77,data47-1,bytetrack,246,True
9.213581035561559,25.560825053202237,169,0,23,15.32607234937678,16.09907120743034,40,15.040650406504067,77,confirmation38,0,regr_tg_old,77,data47-1,bytetrack,246,True
11.436511706676992,25.560825053202237,169,0,23,17.079840858261637,16.718266253869967,37,16.260162601626014,77,confirmation38,0,s2_h_cond_w3_endpoint_c50_r100,77,data47-1,bytetrack,246,True
95.56218562358039,95.24479964663826,8,0,2,95.40335988088302,97.52066115702479,4,95.1219512195122,238,confirmation38,0,geometry_greedy,238,data47-1,deepocsort,246,True
95.56218562358039,95.24479964663826,8,0,2,95.40335988088302,97.52066115702479,4,95.1219512195122,238,confirmation38,0,geometry_reid_greedy,238,data47-1,deepocsort,246,True
87.59090873354629,95.24479964663826,8,0,2,91.33771700048766,91.73553719008265,8,93.4959349593496,238,confirmation38,0,no_refinement,238,data47-1,deepocsort,246,True
93.56180952831951,95.24479964663826,8,0,2,94.39955209273228,96.28099173553719,5,94.71544715447155,238,confirmation38,0,partial_hungarian_u080,238,data47-1,deepocsort,246,True
93.56180952831951,95.24479964663826,8,0,2,94.39955209273228,96.28099173553719,5,94.71544715447155,238,confirmation38,0,partial_hungarian_u100,238,data47-1,deepocsort,246,True
95.56218562358039,95.24479964663826,8,0,2,95.40335988088302,97.52066115702479,4,95.1219512195122,238,confirmation38,0,regr_final,238,data47-1,deepocsort,246,True
95.56218562358039,95.24479964663826,8,0,2,95.40335988088302,97.52066115702479,4,95.1219512195122,238,confirmation38,0,regr_final_motion_always,238,data47-1,deepocsort,246,True
95.56218562358039,95.24479964663826,8,0,2,95.40335988088302,97.52066115702479,4,95.1219512195122,238,confirmation38,0,regr_final_no_gap,238,data47-1,deepocsort,246,True
95.56218562358039,95.24479964663826,8,0,2,95.40335988088302,97.52066115702479,4,95.1219512195122,238,confirmation38,0,regr_final_no_motion,238,data47-1,deepocsort,246,True
95.56218562358039,95.24479964663826,8,0,2,95.40335988088302,97.52066115702479,4,95.1219512195122,238,confirmation38,0,regr_final_no_reciprocal,238,data47-1,deepocsort,246,True
95.56218562358039,95.24479964663826,8,0,2,95.40335988088302,97.52066115702479,4,95.1219512195122,238,confirmation38,0,regr_t,238,data47-1,deepocsort,246,True
95.56218562358039,95.24479964663826,8,0,2,95.40335988088302,97.52066115702479,4,95.1219512195122,238,confirmation38,0,regr_tg_old,238,data47-1,deepocsort,246,True
93.56180952831951,95.24479964663826,8,0,2,94.39955209273228,96.28099173553719,5,94.71544715447155,238,confirmation38,0,s2_h_cond_w3_endpoint_c50_r100,238,data47-1,deepocsort,246,True
9.90210537727683,13.414634146341466,213,0,2,11.525325197784623,12.186379928315413,15,7.317073170731707,33,confirmation38,0,geometry_greedy,33,data47-1,ocsort,246,True
11.263421316017611,13.414634146341466,213,0,2,12.292057443344467,16.48745519713262,7,10.569105691056912,33,confirmation38,0,geometry_reid_greedy,33,data47-1,ocsort,246,True
8.056171470805618,13.414634146341466,213,0,2,10.395700693125546,10.75268817204301,17,6.504065040650407,33,confirmation38,0,no_refinement,33,data47-1,ocsort,246,True
11.8890059332487,13.414634146341466,213,0,2,12.628802989920073,17.921146953405017,5,11.38211382113821,33,confirmation38,0,partial_hungarian_u080,33,data47-1,ocsort,246,True
11.8890059332487,13.414634146341466,213,0,2,12.628802989920073,17.921146953405017,5,11.38211382113821,33,confirmation38,0,partial_hungarian_u100,33,data47-1,ocsort,246,True
11.263421316017611,13.414634146341466,213,0,2,12.292057443344467,16.48745519713262,7,10.569105691056912,33,confirmation38,0,regr_final,33,data47-1,ocsort,246,True
11.263421316017611,13.414634146341466,213,0,2,12.292057443344467,16.48745519713262,7,10.569105691056912,33,confirmation38,0,regr_final_motion_always,33,data47-1,ocsort,246,True
11.263421316017611,13.414634146341466,213,0,2,12.292057443344467,16.48745519713262,7,10.569105691056912,33,confirmation38,0,regr_final_no_gap,33,data47-1,ocsort,246,True
11.263421316017611,13.414634146341466,213,0,2,12.292057443344467,16.48745519713262,7,10.569105691056912,33,confirmation38,0,regr_final_no_motion,33,data47-1,ocsort,246,True
11.263421316017611,13.414634146341466,213,0,2,12.292057443344467,16.48745519713262,7,10.569105691056912,33,confirmation38,0,regr_final_no_reciprocal,33,data47-1,ocsort,246,True
11.263421316017611,13.414634146341466,213,0,2,12.292057443344467,16.48745519713262,7,10.569105691056912,33,confirmation38,0,regr_t,33,data47-1,ocsort,246,True
9.933044375884577,13.414634146341466,213,0,2,11.543316519175342,15.770609318996415,8,10.16260162601626,33,confirmation38,0,regr_tg_old,33,data47-1,ocsort,246,True
11.8890059332487,13.414634146341466,213,0,2,12.628802989920073,17.921146953405017,5,11.38211382113821,33,confirmation38,0,s2_h_cond_w3_endpoint_c50_r100,33,data47-1,ocsort,246,True
32.411187068470525,51.542403738938205,513,0,129,40.82961453943927,46.95041684949539,144,52.93696275071633,883,confirmation38,0,geometry_greedy,883,data47-2,bytetrack,1396,True
33.84399073580806,51.47479228288854,513,0,129,41.70151205744877,49.49539271610355,138,53.36676217765043,883,confirmation38,0,geometry_reid_greedy,883,data47-2,bytetrack,1396,True
30.71100290046796,51.542403738938205,513,0,129,39.73317336746009,42.21149627029399,190,49.64183381088825,883,confirmation38,0,no_refinement,883,data47-2,bytetrack,1396,True
32.6971701217971,51.542403738938205,513,0,129,41.00996757799757,47.03817463799913,150,52.50716332378224,883,confirmation38,0,partial_hungarian_u080,883,data47-2,bytetrack,1396,True
32.6971701217971,51.542403738938205,513,0,129,41.00996757799757,47.03817463799913,150,52.50716332378224,883,confirmation38,0,partial_hungarian_u100,883,data47-2,bytetrack,1396,True
33.92377697968973,51.47479228288854,513,0,129,41.750522093746575,49.9341816586222,137,53.43839541547278,883,confirmation38,0,regr_final,883,data47-2,bytetrack,1396,True
33.967837763239736,51.47479228288854,513,0,129,41.77793166749004,50.10969723562966,138,53.36676217765043,883,confirmation38,0,regr_final_motion_always,883,data47-2,bytetrack,1396,True
33.84399073580806,51.47479228288854,513,0,129,41.70151205744877,49.49539271610355,138,53.36676217765043,883,confirmation38,0,regr_final_no_gap,883,data47-2,bytetrack,1396,True
33.92377697968973,51.47479228288854,513,0,129,41.750522093746575,49.9341816586222,137,53.43839541547278,883,confirmation38,0,regr_final_no_motion,883,data47-2,bytetrack,1396,True
33.92377697968973,51.47479228288854,513,0,129,41.750522093746575,49.9341816586222,137,53.43839541547278,883,confirmation38,0,regr_final_no_reciprocal,883,data47-2,bytetrack,1396,True
33.92377697968973,51.47479228288854,513,0,129,41.750522093746575,49.9341816586222,137,53.43839541547278,883,confirmation38,0,regr_t,883,data47-2,bytetrack,1396,True
32.46376246373028,51.542403738938205,513,0,129,40.86037616341181,45.809565598946904,152,52.363896848137536,883,confirmation38,0,regr_tg_old,883,data47-2,bytetrack,1396,True
32.737782761887125,51.542403738938205,513,0,129,41.034878489967355,46.77490127248794,154,52.220630372492835,883,confirmation38,0,s2_h_cond_w3_endpoint_c50_r100,883,data47-2,bytetrack,1396,True
92.00629279369335,79.08309455587391,292,0,10,85.30030687365124,87.68,4,78.79656160458453,1104,confirmation38,0,geometry_greedy,1104,data47-2,deepocsort,1396,True
92.00629279369335,79.08309455587391,292,0,10,85.30030687365124,87.68,4,78.79656160458453,1104,confirmation38,0,geometry_reid_greedy,1104,data47-2,deepocsort,1396,True
88.59546718272779,79.08309455587391,292,0,10,83.70426338265864,84.88,9,78.43839541547278,1104,confirmation38,0,no_refinement,1104,data47-2,deepocsort,1396,True
92.00629279369335,79.08309455587391,292,0,10,85.30030687365124,87.68,4,78.79656160458453,1104,confirmation38,0,partial_hungarian_u080,1104,data47-2,deepocsort,1396,True
92.00629279369335,79.08309455587391,292,0,10,85.30030687365124,87.68,4,78.79656160458453,1104,confirmation38,0,partial_hungarian_u100,1104,data47-2,deepocsort,1396,True
92.00629279369335,79.08309455587391,292,0,10,85.30030687365124,87.68,4,78.79656160458453,1104,confirmation38,0,regr_final,1104,data47-2,deepocsort,1396,True
92.00629279369335,79.08309455587391,292,0,10,85.30030687365124,87.68,4,78.79656160458453,1104,confirmation38,0,regr_final_motion_always,1104,data47-2,deepocsort,1396,True
92.00629279369335,79.08309455587391,292,0,10,85.30030687365124,87.68,4,78.79656160458453,1104,confirmation38,0,regr_final_no_gap,1104,data47-2,deepocsort,1396,True
92.00629279369335,79.08309455587391,292,0,10,85.30030687365124,87.68,4,78.79656160458453,1104,confirmation38,0,regr_final_no_motion,1104,data47-2,deepocsort,1396,True
92.00629279369335,79.08309455587391,292,0,10,85.30030687365124,87.68,4,78.79656160458453,1104,confirmation38,0,regr_final_no_reciprocal,1104,data47-2,deepocsort,1396,True
92.00629279369335,79.08309455587391,292,0,10,85.30030687365124,87.68,4,78.79656160458453,1104,confirmation38,0,regr_t,1104,data47-2,deepocsort,1396,True
89.04139806344128,79.08309455587391,292,0,10,83.91465487290247,85.28,6,78.65329512893983,1104,confirmation38,0,regr_tg_old,1104,data47-2,deepocsort,1396,True
92.00629279369335,79.08309455587391,292,0,10,85.30030687365124,87.68,4,78.79656160458453,1104,confirmation38,0,s2_h_cond_w3_endpoint_c50_r100,1104,data47-2,deepocsort,1396,True
35.59254862523307,35.315186246418335,903,0,56,35.45359620242785,35.25674960296453,47,31.94842406876791,493,confirmation38,0,geometry_greedy,493,data47-2,ocsort,1396,True
35.81680760276909,35.315186246418335,903,0,56,35.56511255772886,35.68025410269984,45,32.09169054441261,493,confirmation38,0,geometry_reid_greedy,493,data47-2,ocsort,1396,True
35.10395749384599,35.315186246418335,903,0,56,35.209413469717504,33.66860772895712,66,30.587392550143267,493,confirmation38,0,no_refinement,493,data47-2,ocsort,1396,True
35.73866865971592,35.315186246418335,903,0,56,35.52629645652502,35.46850185283218,46,32.02005730659026,493,confirmation38,0,partial_hungarian_u080,493,data47-2,ocsort,1396,True
35.73866865971592,35.315186246418335,903,0,56,35.52629645652502,35.46850185283218,46,32.02005730659026,493,confirmation38,0,partial_hungarian_u100,493,data47-2,ocsort,1396,True
35.81475836641853,35.315186246418335,903,0,56,35.56409512528809,35.68025410269984,44,32.16332378223496,493,confirmation38,0,regr_final,493,data47-2,ocsort,1396,True
35.81475836641853,35.315186246418335,903,0,56,35.56409512528809,35.68025410269984,44,32.16332378223496,493,confirmation38,0,regr_final_motion_always,493,data47-2,ocsort,1396,True
35.81680760276909,35.315186246418335,903,0,56,35.56511255772886,35.68025410269984,45,32.09169054441261,493,confirmation38,0,regr_final_no_gap,493,data47-2,ocsort,1396,True
35.81475836641853,35.315186246418335,903,0,56,35.56409512528809,35.68025410269984,44,32.16332378223496,493,confirmation38,0,regr_final_no_motion,493,data47-2,ocsort,1396,True
35.81475836641853,35.315186246418335,903,0,56,35.56409512528809,35.68025410269984,44,32.16332378223496,493,confirmation38,0,regr_final_no_reciprocal,493,data47-2,ocsort,1396,True
35.81475836641853,35.315186246418335,903,0,56,35.56409512528809,35.68025410269984,44,32.16332378223496,493,confirmation38,0,regr_t,493,data47-2,ocsort,1396,True
35.42495087705424,35.315186246418335,903,0,56,35.370025982368055,34.51561672842774,50,31.733524355300858,493,confirmation38,0,regr_tg_old,493,data47-2,ocsort,1396,True
35.792777700573424,35.315186246418335,903,0,56,35.55318003740874,35.57437797776601,46,32.02005730659026,493,confirmation38,0,s2_h_cond_w3_endpoint_c50_r100,493,data47-2,ocsort,1396,True
57.28953642431313,63.49929246821636,647,1,167,60.24449429887036,66.52360515021459,232,66.83000376931776,2006,confirmation38,0,geometry_greedy,2007,data47-3,bytetrack,2653,True
58.09930132093466,63.457759558818225,647,1,167,60.65348467162558,68.75536480686695,218,67.35770825480589,2006,confirmation38,0,geometry_reid_greedy,2007,data47-3,bytetrack,2653,True
51.003836224172346,63.49929246821636,647,1,167,56.81721589454294,60.72961373390557,297,64.37994722955145,2006,confirmation38,0,no_refinement,2007,data47-3,bytetrack,2653,True
58.24367000561974,63.457759558818225,647,1,167,60.728982599886415,68.45493562231759,231,66.86769694685262,2006,confirmation38,0,partial_hungarian_u080,2007,data47-3,bytetrack,2653,True
58.2679708561608,63.41115812987111,647,1,167,60.71926330774829,68.36909871244636,231,66.86769694685262,2006,confirmation38,0,partial_hungarian_u100,2007,data47-3,bytetrack,2653,True
58.05461933402195,63.457759558818225,647,1,167,60.62998982805689,68.62660944206009,221,67.24462872220128,2006,confirmation38,0,regr_final,2007,data47-3,bytetrack,2653,True
57.6785708326361,63.457759558818225,647,1,167,60.431162583012885,67.25321888412017,227,67.01846965699208,2006,confirmation38,0,regr_final_motion_always,2007,data47-3,bytetrack,2653,True
58.09930132093466,63.457759558818225,647,1,167,60.65348467162558,68.75536480686695,218,67.35770825480589,2006,confirmation38,0,regr_final_no_gap,2007,data47-3,bytetrack,2653,True
58.05461933402195,63.457759558818225,647,1,167,60.62998982805689,68.62660944206009,221,67.24462872220128,2006,confirmation38,0,regr_final_no_motion,2007,data47-3,bytetrack,2653,True
58.05461933402195,63.457759558818225,647,1,167,60.62998982805689,68.62660944206009,221,67.24462872220128,2006,confirmation38,0,regr_final_no_reciprocal,2007,data47-3,bytetrack,2653,True
58.05461933402195,63.457759558818225,647,1,167,60.62998982805689,68.62660944206009,221,67.24462872220128,2006,confirmation38,0,regr_t,2007,data47-3,bytetrack,2653,True
57.213602273122966,63.457759558818225,647,1,167,60.184635989249344,67.08154506437768,236,66.67923105917829,2006,confirmation38,0,regr_tg_old,2007,data47-3,bytetrack,2653,True
57.77997829123001,63.41115812987111,647,1,167,60.46298101664506,67.85407725321888,239,66.56615152657369,2006,confirmation38,0,s2_h_cond_w3_endpoint_c50_r100,2007,data47-3,bytetrack,2653,True
96.18169826538183,84.16886543535618,420,0,6,89.97502108164775,91.24027834629554,3,84.0557859027516,2233,confirmation38,0,geometry_greedy,2233,data47-3,deepocsort,2653,True
96.24820618301734,84.16886543535618,420,0,6,90.0061237617353,91.24027834629554,3,84.0557859027516,2233,confirmation38,0,geometry_reid_greedy,2233,data47-3,deepocsort,2653,True
93.91738414809815,84.16886543535618,420,0,6,88.90961516282661,89.52108063855914,8,83.86732001507727,2233,confirmation38,0,no_refinement,2233,data47-3,deepocsort,2653,True
96.12198786084384,84.16886543535618,420,0,6,89.94708812206376,91.19934506753991,4,84.01809272521673,2233,confirmation38,0,partial_hungarian_u080,2233,data47-3,deepocsort,2653,True
96.12198786084384,84.16886543535618,420,0,6,89.94708812206376,91.19934506753991,4,84.01809272521673,2233,confirmation38,0,partial_hungarian_u100,2233,data47-3,deepocsort,2653,True
96.24820618301734,84.16886543535618,420,0,6,90.0061237617353,91.24027834629554,3,84.0557859027516,2233,confirmation38,0,regr_final,2233,data47-3,deepocsort,2653,True
96.24820618301734,84.16886543535618,420,0,6,90.0061237617353,91.24027834629554,3,84.0557859027516,2233,confirmation38,0,regr_final_motion_always,2233,data47-3,deepocsort,2653,True
96.24820618301734,84.16886543535618,420,0,6,90.0061237617353,91.24027834629554,3,84.0557859027516,2233,confirmation38,0,regr_final_no_gap,2233,data47-3,deepocsort,2653,True
96.24820618301734,84.16886543535618,420,0,6,90.0061237617353,91.24027834629554,3,84.0557859027516,2233,confirmation38,0,regr_final_no_motion,2233,data47-3,deepocsort,2653,True
96.24820618301734,84.16886543535618,420,0,6,90.0061237617353,91.24027834629554,3,84.0557859027516,2233,confirmation38,0,regr_final_no_reciprocal,2233,data47-3,deepocsort,2653,True
96.24820618301734,84.16886543535618,420,0,6,90.0061237617353,91.24027834629554,3,84.0557859027516,2233,confirmation38,0,regr_t,2233,data47-3,deepocsort,2653,True
93.94723935036711,84.16886543535618,420,0,6,88.92374568642649,89.56201391731477,7,83.90501319261213,2233,confirmation38,0,regr_tg_old,2233,data47-3,deepocsort,2653,True
96.24820618301734,84.16886543535618,420,0,6,90.0061237617353,91.24027834629554,3,84.0557859027516,2233,confirmation38,0,s2_h_cond_w3_endpoint_c50_r100,2233,data47-3,deepocsort,2653,True
67.64151460594843,56.61515265736903,1151,0,83,61.88323420274207,62.33453670276775,78,53.675084809649455,1502,confirmation38,0,geometry_greedy,1502,data47-3,ocsort,2653,True
69.56543658107199,56.61515265736903,1151,0,83,62.75713355240114,63.730445246690735,63,54.24048247267245,1502,confirmation38,0,geometry_reid_greedy,1502,data47-3,ocsort,2653,True
66.551805029987,56.61515265736903,1151,0,83,61.38273862737124,60.89049338146811,102,52.770448548812666,1502,confirmation38,0,no_refinement,1502,data47-3,ocsort,2653,True
69.3743033245973,56.61515265736903,1151,0,83,62.670860638902184,63.4416365824308,69,54.01432340746325,1502,confirmation38,0,partial_hungarian_u080,1502,data47-3,ocsort,2653,True
69.3743033245973,56.61515265736903,1151,0,83,62.670860638902184,63.4416365824308,69,54.01432340746325,1502,confirmation38,0,partial_hungarian_u100,1502,data47-3,ocsort,2653,True
69.56543658107199,56.61515265736903,1151,0,83,62.75713355240114,63.730445246690735,63,54.24048247267245,1502,confirmation38,0,regr_final,1502,data47-3,ocsort,2653,True
69.56543658107199,56.61515265736903,1151,0,83,62.75713355240114,63.730445246690735,63,54.24048247267245,1502,confirmation38,0,regr_final_motion_always,1502,data47-3,ocsort,2653,True
69.56543658107199,56.61515265736903,1151,0,83,62.75713355240114,63.730445246690735,63,54.24048247267245,1502,confirmation38,0,regr_final_no_gap,1502,data47-3,ocsort,2653,True
69.56543658107199,56.61515265736903,1151,0,83,62.75713355240114,63.730445246690735,63,54.24048247267245,1502,confirmation38,0,regr_final_no_motion,1502,data47-3,ocsort,2653,True
69.56543658107199,56.61515265736903,1151,0,83,62.75713355240114,63.730445246690735,63,54.24048247267245,1502,confirmation38,0,regr_final_no_reciprocal,1502,data47-3,ocsort,2653,True
69.56543658107199,56.61515265736903,1151,0,83,62.75713355240114,63.730445246690735,63,54.24048247267245,1502,confirmation38,0,regr_t,1502,data47-3,ocsort,2653,True
69.52917967331041,56.61515265736903,1151,0,83,62.740777181559594,63.58604091456077,67,54.089709762532976,1502,confirmation38,0,regr_tg_old,1502,data47-3,ocsort,2653,True
69.59706323789342,56.61515265736903,1151,0,83,62.77139762437904,63.63417569193742,67,54.089709762532976,1502,confirmation38,0,s2_h_cond_w3_endpoint_c50_r100,1502,data47-3,ocsort,2653,True
50.13020668640272,38.29383182476162,428,0,32,43.78807743271211,50.671140939597315,36,42.71604938271605,382,confirmation38,0,geometry_greedy,382,data47-4,bytetrack,810,True
50.29735033229451,38.29383182476162,428,0,32,43.86102630706091,51.006711409395976,31,43.333333333333336,382,confirmation38,0,geometry_reid_greedy,382,data47-4,bytetrack,810,True
47.68899228575389,38.29383182476162,428,0,32,42.70306874234911,46.308724832214764,49,41.11111111111111,382,confirmation38,0,no_refinement,382,data47-4,bytetrack,810,True
49.38649384922367,38.29383182476162,428,0,32,43.460496127877605,49.664429530201346,32,43.20987654320987,382,confirmation38,0,partial_hungarian_u080,382,data47-4,bytetrack,810,True
49.38649384922367,38.29383182476162,428,0,32,43.460496127877605,49.664429530201346,32,43.20987654320987,382,confirmation38,0,partial_hungarian_u100,382,data47-4,bytetrack,810,True
50.29735033229451,38.29383182476162,428,0,32,43.86102630706091,51.006711409395976,31,43.333333333333336,382,confirmation38,0,regr_final,382,data47-4,bytetrack,810,True
50.29735033229451,38.29383182476162,428,0,32,43.86102630706091,51.006711409395976,31,43.333333333333336,382,confirmation38,0,regr_final_motion_always,382,data47-4,bytetrack,810,True
50.29735033229451,38.29383182476162,428,0,32,43.86102630706091,51.006711409395976,31,43.333333333333336,382,confirmation38,0,regr_final_no_gap,382,data47-4,bytetrack,810,True
50.29735033229451,38.29383182476162,428,0,32,43.86102630706091,51.006711409395976,31,43.333333333333336,382,confirmation38,0,regr_final_no_motion,382,data47-4,bytetrack,810,True
50.29735033229451,38.29383182476162,428,0,32,43.86102630706091,51.006711409395976,31,43.333333333333336,382,confirmation38,0,regr_final_no_reciprocal,382,data47-4,bytetrack,810,True
50.29735033229451,38.29383182476162,428,0,32,43.86102630706091,51.006711409395976,31,43.333333333333336,382,confirmation38,0,regr_t,382,data47-4,bytetrack,810,True
47.78969486936672,38.29383182476162,428,0,32,42.74841047978417,46.4765100671141,46,41.48148148148148,382,confirmation38,0,regr_tg_old,382,data47-4,bytetrack,810,True
49.38649384922367,38.29383182476162,428,0,32,43.460496127877605,49.664429530201346,32,43.20987654320987,382,confirmation38,0,s2_h_cond_w3_endpoint_c50_r100,382,data47-4,bytetrack,810,True
86.12600305608488,80.61728395061728,157,0,11,83.32613301902427,87.08133971291866,6,79.87654320987654,653,confirmation38,0,geometry_greedy,653,data47-4,deepocsort,810,True
86.3468094923342,80.61728395061728,157,0,11,83.43287876534863,87.35475051264525,5,80.0,653,confirmation38,0,geometry_reid_greedy,653,data47-4,deepocsort,810,True
81.61148927204108,80.61728395061728,157,0,11,81.11286337121192,81.3397129186603,11,79.25925925925927,653,confirmation38,0,no_refinement,653,data47-4,deepocsort,810,True
86.3468094923342,80.61728395061728,157,0,11,83.43287876534863,87.35475051264525,5,80.0,653,confirmation38,0,partial_hungarian_u080,653,data47-4,deepocsort,810,True
86.3468094923342,80.61728395061728,157,0,11,83.43287876534863,87.35475051264525,5,80.0,653,confirmation38,0,partial_hungarian_u100,653,data47-4,deepocsort,810,True
86.3468094923342,80.61728395061728,157,0,11,83.43287876534863,87.35475051264525,5,80.0,653,confirmation38,0,regr_final,653,data47-4,deepocsort,810,True
86.3468094923342,80.61728395061728,157,0,11,83.43287876534863,87.35475051264525,5,80.0,653,confirmation38,0,regr_final_motion_always,653,data47-4,deepocsort,810,True
86.3468094923342,80.61728395061728,157,0,11,83.43287876534863,87.35475051264525,5,80.0,653,confirmation38,0,regr_final_no_gap,653,data47-4,deepocsort,810,True
86.3468094923342,80.61728395061728,157,0,11,83.43287876534863,87.35475051264525,5,80.0,653,confirmation38,0,regr_final_no_motion,653,data47-4,deepocsort,810,True
86.3468094923342,80.61728395061728,157,0,11,83.43287876534863,87.35475051264525,5,80.0,653,confirmation38,0,regr_final_no_reciprocal,653,data47-4,deepocsort,810,True
86.3468094923342,80.61728395061728,157,0,11,83.43287876534863,87.35475051264525,5,80.0,653,confirmation38,0,regr_t,653,data47-4,deepocsort,810,True
84.69149234291746,80.61728395061728,157,0,11,82.62928104740173,85.16746411483254,7,79.75308641975309,653,confirmation38,0,regr_tg_old,653,data47-4,deepocsort,810,True
86.3468094923342,80.61728395061728,157,0,11,83.43287876534863,87.35475051264525,5,80.0,653,confirmation38,0,s2_h_cond_w3_endpoint_c50_r100,653,data47-4,deepocsort,810,True
66.27507784908893,30.37037037037037,564,0,8,44.864224729755016,41.66666666666667,8,29.38271604938272,246,confirmation38,0,geometry_greedy,246,data47-4,ocsort,810,True
66.27507784908893,30.37037037037037,564,0,8,44.864224729755016,41.66666666666667,8,29.38271604938272,246,confirmation38,0,geometry_reid_greedy,246,data47-4,ocsort,810,True
64.77613101942697,30.37037037037037,564,0,8,44.35397490890341,41.09848484848485,12,28.888888888888886,246,confirmation38,0,no_refinement,246,data47-4,ocsort,810,True
66.27507784908893,30.37037037037037,564,0,8,44.864224729755016,41.66666666666667,8,29.38271604938272,246,confirmation38,0,partial_hungarian_u080,246,data47-4,ocsort,810,True
66.27507784908893,30.37037037037037,564,0,8,44.864224729755016,41.66666666666667,8,29.38271604938272,246,confirmation38,0,partial_hungarian_u100,246,data47-4,ocsort,810,True
66.27507784908893,30.37037037037037,564,0,8,44.864224729755016,41.66666666666667,8,29.38271604938272,246,confirmation38,0,regr_final,246,data47-4,ocsort,810,True
66.27507784908893,30.37037037037037,564,0,8,44.864224729755016,41.66666666666667,8,29.38271604938272,246,confirmation38,0,regr_final_motion_always,246,data47-4,ocsort,810,True
66.27507784908893,30.37037037037037,564,0,8,44.864224729755016,41.66666666666667,8,29.38271604938272,246,confirmation38,0,regr_final_no_gap,246,data47-4,ocsort,810,True
66.27507784908893,30.37037037037037,564,0,8,44.864224729755016,41.66666666666667,8,29.38271604938272,246,confirmation38,0,regr_final_no_motion,246,data47-4,ocsort,810,True
66.27507784908893,30.37037037037037,564,0,8,44.864224729755016,41.66666666666667,8,29.38271604938272,246,confirmation38,0,regr_final_no_reciprocal,246,data47-4,ocsort,810,True
66.27507784908893,30.37037037037037,564,0,8,44.864224729755016,41.66666666666667,8,29.38271604938272,246,confirmation38,0,regr_t,246,data47-4,ocsort,810,True
66.23373845264415,30.37037037037037,564,0,8,44.850230409899176,41.47727272727273,9,29.259259259259256,246,confirmation38,0,regr_tg_old,246,data47-4,ocsort,810,True
66.27507784908893,30.37037037037037,564,0,8,44.864224729755016,41.66666666666667,8,29.38271604938272,246,confirmation38,0,s2_h_cond_w3_endpoint_c50_r100,246,data47-4,ocsort,810,True
8.509069426065825,12.095275156501959,512,0,43,10.064414172306256,8.211143695014663,52,5.527638190954774,85,confirmation38,0,geometry_greedy,85,data48-1,bytetrack,597,True
8.778426199408813,12.095275156501959,512,0,43,10.229577007968919,8.797653958944283,53,5.360134003350084,85,confirmation38,0,geometry_reid_greedy,85,data48-1,bytetrack,597,True
8.064293741612698,12.165488293544144,512,0,43,9.811664136682785,6.744868035190615,61,4.0201005025125625,85,confirmation38,0,no_refinement,85,data48-1,bytetrack,597,True
8.777833229069474,12.095275156501959,512,0,43,10.229197849259284,8.797653958944283,52,5.527638190954774,85,confirmation38,0,partial_hungarian_u080,85,data48-1,bytetrack,597,True
8.777833229069474,12.095275156501959,512,0,43,10.229197849259284,8.797653958944283,52,5.527638190954774,85,confirmation38,0,partial_hungarian_u100,85,data48-1,bytetrack,597,True
8.778426199408813,12.095275156501959,512,0,43,10.229577007968919,8.797653958944283,53,5.360134003350084,85,confirmation38,0,regr_final,85,data48-1,bytetrack,597,True
8.778426199408813,12.095275156501959,512,0,43,10.229577007968919,8.797653958944283,53,5.360134003350084,85,confirmation38,0,regr_final_motion_always,85,data48-1,bytetrack,597,True
8.778426199408813,12.095275156501959,512,0,43,10.229577007968919,8.797653958944283,53,5.360134003350084,85,confirmation38,0,regr_final_no_gap,85,data48-1,bytetrack,597,True
8.778426199408813,12.095275156501959,512,0,43,10.229577007968919,8.797653958944283,53,5.360134003350084,85,confirmation38,0,regr_final_no_motion,85,data48-1,bytetrack,597,True
8.778426199408813,12.095275156501959,512,0,43,10.229577007968919,8.797653958944283,53,5.360134003350084,85,confirmation38,0,regr_final_no_reciprocal,85,data48-1,bytetrack,597,True
8.778426199408813,12.095275156501959,512,0,43,10.229577007968919,8.797653958944283,53,5.360134003350084,85,confirmation38,0,regr_t,85,data48-1,bytetrack,597,True
8.778426199408813,12.095275156501959,512,0,43,10.229577007968919,8.797653958944283,53,5.360134003350084,85,confirmation38,0,regr_tg_old,85,data48-1,bytetrack,597,True
8.778426199408813,12.095275156501959,512,0,43,10.229577007968919,8.797653958944283,53,5.360134003350084,85,confirmation38,0,s2_h_cond_w3_endpoint_c50_r100,85,data48-1,bytetrack,597,True
99.63302015578576,99.32998324958122,4,0,1,99.48138631512624,99.66386554621849,0,99.32998324958125,593,confirmation38,0,geometry_greedy,593,data48-1,deepocsort,597,True
99.63302015578576,99.32998324958122,4,0,1,99.48138631512624,99.66386554621849,0,99.32998324958125,593,confirmation38,0,geometry_reid_greedy,593,data48-1,deepocsort,597,True
99.63302015578576,99.32998324958122,4,0,1,99.48138631512624,99.66386554621849,0,99.32998324958125,593,confirmation38,0,no_refinement,593,data48-1,deepocsort,597,True
99.63302015578576,99.32998324958122,4,0,1,99.48138631512624,99.66386554621849,0,99.32998324958125,593,confirmation38,0,partial_hungarian_u080,593,data48-1,deepocsort,597,True
99.63302015578576,99.32998324958122,4,0,1,99.48138631512624,99.66386554621849,0,99.32998324958125,593,confirmation38,0,partial_hungarian_u100,593,data48-1,deepocsort,597,True
99.63302015578576,99.32998324958122,4,0,1,99.48138631512624,99.66386554621849,0,99.32998324958125,593,confirmation38,0,regr_final,593,data48-1,deepocsort,597,True
99.63302015578576,99.32998324958122,4,0,1,99.48138631512624,99.66386554621849,0,99.32998324958125,593,confirmation38,0,regr_final_motion_always,593,data48-1,deepocsort,597,True
99.63302015578576,99.32998324958122,4,0,1,99.48138631512624,99.66386554621849,0,99.32998324958125,593,confirmation38,0,regr_final_no_gap,593,data48-1,deepocsort,597,True
99.63302015578576,99.32998324958122,4,0,1,99.48138631512624,99.66386554621849,0,99.32998324958125,593,confirmation38,0,regr_final_no_motion,593,data48-1,deepocsort,597,True
99.63302015578576,99.32998324958122,4,0,1,99.48138631512624,99.66386554621849,0,99.32998324958125,593,confirmation38,0,regr_final_no_reciprocal,593,data48-1,deepocsort,597,True
99.63302015578576,99.32998324958122,4,0,1,99.48138631512624,99.66386554621849,0,99.32998324958125,593,confirmation38,0,regr_t,593,data48-1,deepocsort,597,True
99.63302015578576,99.32998324958122,4,0,1,99.48138631512624,99.66386554621849,0,99.32998324958125,593,confirmation38,0,regr_tg_old,593,data48-1,deepocsort,597,True
99.63302015578576,99.32998324958122,4,0,1,99.48138631512624,99.66386554621849,0,99.32998324958125,593,confirmation38,0,s2_h_cond_w3_endpoint_c50_r100,593,data48-1,deepocsort,597,True
14.584069460704796,9.045226130653266,543,0,0,11.485478056103252,10.75268817204301,21,5.527638190954774,54,confirmation38,0,geometry_greedy,54,data48-1,ocsort,597,True
16.931396135896097,9.045226130653266,543,0,0,12.375310370121998,15.668202764976957,2,8.710217755443885,54,confirmation38,0,geometry_reid_greedy,54,data48-1,ocsort,597,True
12.088537101148198,9.045226130653266,543,0,0,10.456746705772172,6.7588325652841785,31,3.8525963149078724,54,confirmation38,0,no_refinement,54,data48-1,ocsort,597,True
16.931396135896097,9.045226130653266,543,0,0,12.375310370121998,15.668202764976957,2,8.710217755443885,54,confirmation38,0,partial_hungarian_u080,54,data48-1,ocsort,597,True
16.931396135896097,9.045226130653266,543,0,0,12.375310370121998,15.668202764976957,2,8.710217755443885,54,confirmation38,0,partial_hungarian_u100,54,data48-1,ocsort,597,True
16.931396135896097,9.045226130653266,543,0,0,12.375310370121998,15.668202764976957,2,8.710217755443885,54,confirmation38,0,regr_final,54,data48-1,ocsort,597,True
16.931396135896097,9.045226130653266,543,0,0,12.375310370121998,15.668202764976957,2,8.710217755443885,54,confirmation38,0,regr_final_motion_always,54,data48-1,ocsort,597,True
16.931396135896097,9.045226130653266,543,0,0,12.375310370121998,15.668202764976957,2,8.710217755443885,54,confirmation38,0,regr_final_no_gap,54,data48-1,ocsort,597,True
16.931396135896097,9.045226130653266,543,0,0,12.375310370121998,15.668202764976957,2,8.710217755443885,54,confirmation38,0,regr_final_no_motion,54,data48-1,ocsort,597,True
16.931396135896097,9.045226130653266,543,0,0,12.375310370121998,15.668202764976957,2,8.710217755443885,54,confirmation38,0,regr_final_no_reciprocal,54,data48-1,ocsort,597,True
16.931396135896097,9.045226130653266,543,0,0,12.375310370121998,15.668202764976957,2,8.710217755443885,54,confirmation38,0,regr_t,54,data48-1,ocsort,597,True
16.931396135896097,9.045226130653266,543,0,0,12.375310370121998,15.668202764976957,2,8.710217755443885,54,confirmation38,0,regr_tg_old,54,data48-1,ocsort,597,True
16.931396135896097,9.045226130653266,543,0,0,12.375310370121998,15.668202764976957,2,8.710217755443885,54,confirmation38,0,s2_h_cond_w3_endpoint_c50_r100,54,data48-1,ocsort,597,True
44.641905246183384,59.91473902383353,858,1,249,51.67544507416889,63.133097762073035,321,65.29411764705883,2542,confirmation38,0,geometry_greedy,2543,data49-2,bytetrack,3400,True
45.437754081104146,59.91473902383353,858,1,249,52.136594213315234,65.185933030456,310,65.61764705882352,2542,confirmation38,0,geometry_reid_greedy,2543,data49-2,bytetrack,3400,True
37.60717395832723,59.91473902383353,858,1,249,47.41411055853791,53.10449268046441,451,61.47058823529412,2542,confirmation38,0,no_refinement,2543,data49-2,bytetrack,3400,True
41.99944687053279,59.91473902383353,858,1,249,50.115507971867835,59.801447080599026,394,63.14705882352941,2542,confirmation38,0,partial_hungarian_u080,2543,data49-2,bytetrack,3400,True
41.97489147878805,59.91473902383353,858,1,249,50.101030534103565,59.6668349318526,397,63.05882352941177,2542,confirmation38,0,partial_hungarian_u100,2543,data49-2,bytetrack,3400,True
45.437754081104146,59.91473902383353,858,1,249,52.136594213315234,65.185933030456,310,65.61764705882352,2542,confirmation38,0,regr_final,2543,data49-2,bytetrack,3400,True
45.2098259017106,59.91473902383353,858,1,249,52.00589754003474,64.84940265858994,315,65.47058823529412,2542,confirmation38,0,regr_final_motion_always,2543,data49-2,bytetrack,3400,True
45.437754081104146,59.91473902383353,858,1,249,52.136594213315234,65.185933030456,310,65.61764705882352,2542,confirmation38,0,regr_final_no_gap,2543,data49-2,bytetrack,3400,True
45.437754081104146,59.91473902383353,858,1,249,52.136594213315234,65.185933030456,310,65.61764705882352,2542,confirmation38,0,regr_final_no_motion,2543,data49-2,bytetrack,3400,True
45.437754081104146,59.91473902383353,858,1,249,52.136594213315234,65.185933030456,310,65.61764705882352,2542,confirmation38,0,regr_final_no_reciprocal,2543,data49-2,bytetrack,3400,True
45.437754081104146,59.91473902383353,858,1,249,52.136594213315234,65.185933030456,310,65.61764705882352,2542,confirmation38,0,regr_t,2543,data49-2,bytetrack,3400,True
43.02692467138064,59.91473902383353,858,1,249,50.729322373119444,61.11391553087666,364,64.02941176470588,2542,confirmation38,0,regr_tg_old,2543,data49-2,bytetrack,3400,True
41.78273078123565,59.91473902383353,858,1,249,49.98418769941069,59.498569745919575,410,62.67647058823529,2542,confirmation38,0,s2_h_cond_w3_endpoint_c50_r100,2543,data49-2,bytetrack,3400,True
94.73385885428691,93.85294117647057,209,0,13,94.29237128459255,96.22212107419207,6,93.67647058823529,3191,confirmation38,0,geometry_greedy,3191,data49-2,deepocsort,3400,True
94.73385885428691,93.85294117647057,209,0,13,94.29237128459255,96.22212107419207,6,93.67647058823529,3191,confirmation38,0,geometry_reid_greedy,3191,data49-2,deepocsort,3400,True
94.61297217746167,93.85294117647057,209,0,13,94.23219042504721,96.10074343802154,8,93.61764705882352,3191,confirmation38,0,no_refinement,3191,data49-2,deepocsort,3400,True
94.73385885428691,93.85294117647057,209,0,13,94.29237128459255,96.22212107419207,6,93.67647058823529,3191,confirmation38,0,partial_hungarian_u080,3191,data49-2,deepocsort,3400,True
94.73385885428691,93.85294117647057,209,0,13,94.29237128459255,96.22212107419207,6,93.67647058823529,3191,confirmation38,0,partial_hungarian_u100,3191,data49-2,deepocsort,3400,True
94.73385885428691,93.85294117647057,209,0,13,94.29237128459255,96.22212107419207,6,93.67647058823529,3191,confirmation38,0,regr_final,3191,data49-2,deepocsort,3400,True
94.73385885428691,93.85294117647057,209,0,13,94.29237128459255,96.22212107419207,6,93.67647058823529,3191,confirmation38,0,regr_final_motion_always,3191,data49-2,deepocsort,3400,True
94.73385885428691,93.85294117647057,209,0,13,94.29237128459255,96.22212107419207,6,93.67647058823529,3191,confirmation38,0,regr_final_no_gap,3191,data49-2,deepocsort,3400,True
94.73385885428691,93.85294117647057,209,0,13,94.29237128459255,96.22212107419207,6,93.67647058823529,3191,confirmation38,0,regr_final_no_motion,3191,data49-2,deepocsort,3400,True
94.73385885428691,93.85294117647057,209,0,13,94.29237128459255,96.22212107419207,6,93.67647058823529,3191,confirmation38,0,regr_final_no_reciprocal,3191,data49-2,deepocsort,3400,True
94.73385885428691,93.85294117647057,209,0,13,94.29237128459255,96.22212107419207,6,93.67647058823529,3191,confirmation38,0,regr_t,3191,data49-2,deepocsort,3400,True
94.52020466793903,93.85294117647057,209,0,13,94.18598201796294,96.10074343802154,7,93.64705882352942,3191,confirmation38,0,regr_tg_old,3191,data49-2,deepocsort,3400,True
94.73385885428691,93.85294117647057,209,0,13,94.29237128459255,96.22212107419207,6,93.67647058823529,3191,confirmation38,0,s2_h_cond_w3_endpoint_c50_r100,3191,data49-2,deepocsort,3400,True
50.38163669106941,44.4607699089039,1884,0,114,47.32870541812472,50.36615134255492,88,42.0,1516,confirmation38,0,geometry_greedy,1516,data49-2,ocsort,3400,True
52.87478029910169,44.4607699089039,1884,0,114,48.48560034548615,51.464605370219694,81,42.205882352941174,1516,confirmation38,0,geometry_reid_greedy,1516,data49-2,ocsort,3400,True
47.96037096129867,44.4607699089039,1884,0,114,46.17742974718252,46.13506916192026,114,41.23529411764706,1516,confirmation38,0,no_refinement,1516,data49-2,ocsort,3400,True
52.4947366732313,44.4607699089039,1884,0,114,48.3110381657964,50.569568755085434,89,41.970588235294116,1516,confirmation38,0,partial_hungarian_u080,1516,data49-2,ocsort,3400,True
52.4947366732313,44.4607699089039,1884,0,114,48.3110381657964,50.569568755085434,89,41.970588235294116,1516,confirmation38,0,partial_hungarian_u100,1516,data49-2,ocsort,3400,True
52.87478029910169,44.4607699089039,1884,0,114,48.48560034548615,51.464605370219694,81,42.205882352941174,1516,confirmation38,0,regr_final,1516,data49-2,ocsort,3400,True
52.648795184755656,44.4607699089039,1884,0,114,48.38187644862928,51.22050447518307,81,42.205882352941174,1516,confirmation38,0,regr_final_motion_always,1516,data49-2,ocsort,3400,True
52.87478029910169,44.4607699089039,1884,0,114,48.48560034548615,51.464605370219694,81,42.205882352941174,1516,confirmation38,0,regr_final_no_gap,1516,data49-2,ocsort,3400,True
52.87478029910169,44.4607699089039,1884,0,114,48.48560034548615,51.464605370219694,81,42.205882352941174,1516,confirmation38,0,regr_final_no_motion,1516,data49-2,ocsort,3400,True
52.87478029910169,44.4607699089039,1884,0,114,48.48560034548615,51.464605370219694,81,42.205882352941174,1516,confirmation38,0,regr_final_no_reciprocal,1516,data49-2,ocsort,3400,True
52.87478029910169,44.4607699089039,1884,0,114,48.48560034548615,51.464605370219694,81,42.205882352941174,1516,confirmation38,0,regr_t,1516,data49-2,ocsort,3400,True
52.82688008817132,44.4607699089039,1884,0,114,48.46363338221188,51.139137510170876,88,42.0,1516,confirmation38,0,regr_tg_old,1516,data49-2,ocsort,3400,True
53.042423910097526,44.4607699089039,1884,0,114,48.56240320327434,50.89503661513426,89,41.970588235294116,1516,confirmation38,0,s2_h_cond_w3_endpoint_c50_r100,1516,data49-2,ocsort,3400,True
18.05930409729111,55.178320569014886,1176,55,304,31.496287186707644,37.82117163412128,534,55.49672213817448,2790,legacy12,0,geometry_greedy,2845,data28-1,bytetrack,3966,True
18.829242587253866,55.178320569014886,1176,55,304,32.16201192134582,38.4965496990163,519,55.87493696419566,2790,legacy12,0,geometry_reid_greedy,2845,data28-1,bytetrack,3966,True
16.829566687274657,55.178320569014886,1176,55,304,30.389773759204598,33.88636029951549,601,53.80736258194655,2790,legacy12,0,no_refinement,2845,data28-1,bytetrack,3966,True
18.158964433492557,55.178320569014886,1176,55,304,31.582299834219324,36.793422404933196,563,54.76550680786687,2790,legacy12,0,partial_hungarian_u080,2845,data28-1,bytetrack,3966,True
18.109168044356135,55.178320569014886,1176,55,304,31.539087728837263,36.793422404933196,564,54.74029248613213,2790,legacy12,0,partial_hungarian_u100,2845,data28-1,bytetrack,3966,True
19.03263517597193,55.178320569014886,1176,55,304,32.335973443567454,38.79019233592717,518,55.90015128593041,2790,legacy12,0,regr_final,2845,data28-1,bytetrack,3966,True
19.196613934011204,55.178320569014886,1176,55,304,32.47541581391482,39.083834972838055,517,55.92536560766516,2790,legacy12,0,regr_final_motion_always,2845,data28-1,bytetrack,3966,True
18.829242587253866,55.178320569014886,1176,55,304,32.16201192134582,38.4965496990163,519,55.87493696419566,2790,legacy12,0,regr_final_no_gap,2845,data28-1,bytetrack,3966,True
19.03263517597193,55.178320569014886,1176,55,304,32.335973443567454,38.79019233592717,518,55.90015128593041,2790,legacy12,0,regr_final_no_motion,2845,data28-1,bytetrack,3966,True
18.792166524457027,55.178320569014886,1176,55,304,32.130467250917135,38.43782117163413,523,55.77407967725668,2790,legacy12,0,regr_final_no_reciprocal,2845,data28-1,bytetrack,3966,True
19.03263517597193,55.178320569014886,1176,55,304,32.335973443567454,38.79019233592717,518,55.90015128593041,2790,legacy12,0,regr_t,2845,data28-1,bytetrack,3966,True
19.03263517597193,55.178320569014886,1176,55,304,32.335973443567454,38.79019233592717,518,55.90015128593041,2790,legacy12,0,regr_tg_old,2845,data28-1,bytetrack,3966,True
17.93499777145379,55.178320569014886,1176,55,304,31.385182687245326,36.82278666862429,563,54.76550680786687,2790,legacy12,0,s2_h_cond_w3_endpoint_c50_r100,2845,data28-1,bytetrack,3966,True
94.61435430448056,84.11497730711042,630,0,14,89.21033721070832,90.60531361270885,13,83.78719112455875,3336,legacy12,0,geometry_greedy,3336,data28-1,deepocsort,3966,True
94.61489932301119,84.11497730711042,630,0,14,89.21059415489634,90.60531361270885,13,83.78719112455875,3336,legacy12,0,geometry_reid_greedy,3336,data28-1,deepocsort,3966,True
94.63322806660976,84.11497730711042,630,0,14,89.21923464882158,90.60531361270885,13,83.78719112455875,3336,legacy12,0,no_refinement,3336,data28-1,deepocsort,3966,True
94.61489932301119,84.11497730711042,630,0,14,89.21059415489634,90.60531361270885,13,83.78719112455875,3336,legacy12,0,partial_hungarian_u080,3336,data28-1,deepocsort,3966,True
94.61489932301119,84.11497730711042,630,0,14,89.21059415489634,90.60531361270885,13,83.78719112455875,3336,legacy12,0,partial_hungarian_u100,3336,data28-1,deepocsort,3966,True
94.61489932301119,84.11497730711042,630,0,14,89.21059415489634,90.60531361270885,13,83.78719112455875,3336,legacy12,0,regr_final,3336,data28-1,deepocsort,3966,True
94.61489932301119,84.11497730711042,630,0,14,89.21059415489634,90.60531361270885,13,83.78719112455875,3336,legacy12,0,regr_final_motion_always,3336,data28-1,deepocsort,3966,True
94.61489932301119,84.11497730711042,630,0,14,89.21059415489634,90.60531361270885,13,83.78719112455875,3336,legacy12,0,regr_final_no_gap,3336,data28-1,deepocsort,3966,True
94.61489932301119,84.11497730711042,630,0,14,89.21059415489634,90.60531361270885,13,83.78719112455875,3336,legacy12,0,regr_final_no_motion,3336,data28-1,deepocsort,3966,True
94.61489932301119,84.11497730711042,630,0,14,89.21059415489634,90.60531361270885,13,83.78719112455875,3336,legacy12,0,regr_final_no_reciprocal,3336,data28-1,deepocsort,3966,True
94.61489932301119,84.11497730711042,630,0,14,89.21059415489634,90.60531361270885,13,83.78719112455875,3336,legacy12,0,regr_t,3336,data28-1,deepocsort,3966,True
94.63322806660976,84.11497730711042,630,0,14,89.21923464882158,90.60531361270885,13,83.78719112455875,3336,legacy12,0,regr_tg_old,3336,data28-1,deepocsort,3966,True
94.61489932301119,84.11497730711042,630,0,14,89.21059415489634,90.60531361270885,13,83.78719112455875,3336,legacy12,0,s2_h_cond_w3_endpoint_c50_r100,3336,data28-1,deepocsort,3966,True
13.060147168043839,34.26626323751892,2607,0,295,21.154726204347988,23.43661971830986,266,27.55925365607665,1359,legacy12,0,geometry_greedy,1359,data28-1,ocsort,3966,True
15.270845616738518,34.26626323751892,2607,0,295,22.875200890105294,24.826291079812208,263,27.634896621280884,1359,legacy12,0,geometry_reid_greedy,1359,data28-1,ocsort,3966,True
13.678659672826921,34.26626323751892,2607,0,295,21.649862657428603,22.910798122065728,308,26.500252143217345,1359,legacy12,0,no_refinement,1359,data28-1,ocsort,3966,True
14.889926481165983,34.26626323751892,2607,0,295,22.588097316749305,24.112676056338028,275,27.332324760463944,1359,legacy12,0,partial_hungarian_u080,1359,data28-1,ocsort,3966,True
14.6224981333318,34.26626323751892,2607,0,295,22.384333142331407,24.0,276,27.307110438729197,1359,legacy12,0,partial_hungarian_u100,1359,data28-1,ocsort,3966,True
15.225130869252897,34.26626323751892,2607,0,295,22.840935668038966,25.12676056338028,262,27.66011094301563,1359,legacy12,0,regr_final,1359,data28-1,ocsort,3966,True
15.358906602429068,34.26626323751892,2607,0,295,22.941062239558608,25.16431924882629,264,27.60968229954614,1359,legacy12,0,regr_final_motion_always,1359,data28-1,ocsort,3966,True
15.270845616738518,34.26626323751892,2607,0,295,22.875200890105294,24.826291079812208,263,27.634896621280884,1359,legacy12,0,regr_final_no_gap,1359,data28-1,ocsort,3966,True
15.225130869252897,34.26626323751892,2607,0,295,22.840935668038966,25.12676056338028,262,27.66011094301563,1359,legacy12,0,regr_final_no_motion,1359,data28-1,ocsort,3966,True
15.225130869252897,34.26626323751892,2607,0,295,22.840935668038966,25.12676056338028,262,27.66011094301563,1359,legacy12,0,regr_final_no_reciprocal,1359,data28-1,ocsort,3966,True
15.225130869252897,34.26626323751892,2607,0,295,22.840935668038966,25.12676056338028,262,27.66011094301563,1359,legacy12,0,regr_t,1359,data28-1,ocsort,3966,True
15.225130869252897,34.26626323751892,2607,0,295,22.840935668038966,25.12676056338028,262,27.66011094301563,1359,legacy12,0,regr_tg_old,1359,data28-1,ocsort,3966,True
14.560559794803074,34.26626323751892,2607,0,295,22.336874777245725,24.0,275,27.332324760463944,1359,legacy12,0,s2_h_cond_w3_endpoint_c50_r100,1359,data28-1,ocsort,3966,True
68.77706658473382,62.32292321344336,222,0,21,65.45590535627733,83.31388564760793,31,73.86363636363636,746,legacy12,0,geometry_greedy,746,data28-2,bytetrack,968,True
68.77706658473382,62.32292321344336,222,0,21,65.45590535627733,83.31388564760793,31,73.86363636363636,746,legacy12,0,geometry_reid_greedy,746,data28-2,bytetrack,968,True
66.33444904821778,62.32292321344336,222,0,21,64.28195365387226,80.63010501750291,36,73.34710743801654,746,legacy12,0,no_refinement,746,data28-2,bytetrack,968,True
68.77706658473382,62.32292321344336,222,0,21,65.45590535627733,83.31388564760793,31,73.86363636363636,746,legacy12,0,partial_hungarian_u080,746,data28-2,bytetrack,968,True
68.77706658473382,62.32292321344336,222,0,21,65.45590535627733,83.31388564760793,31,73.86363636363636,746,legacy12,0,partial_hungarian_u100,746,data28-2,bytetrack,968,True
68.77706658473382,62.32292321344336,222,0,21,65.45590535627733,83.31388564760793,31,73.86363636363636,746,legacy12,0,regr_final,746,data28-2,bytetrack,968,True
68.77706658473382,62.32292321344336,222,0,21,65.45590535627733,83.31388564760793,31,73.86363636363636,746,legacy12,0,regr_final_motion_always,746,data28-2,bytetrack,968,True
68.77706658473382,62.32292321344336,222,0,21,65.45590535627733,83.31388564760793,31,73.86363636363636,746,legacy12,0,regr_final_no_gap,746,data28-2,bytetrack,968,True
68.77706658473382,62.32292321344336,222,0,21,65.45590535627733,83.31388564760793,31,73.86363636363636,746,legacy12,0,regr_final_no_motion,746,data28-2,bytetrack,968,True
68.77706658473382,62.32292321344336,222,0,21,65.45590535627733,83.31388564760793,31,73.86363636363636,746,legacy12,0,regr_final_no_reciprocal,746,data28-2,bytetrack,968,True
68.77706658473382,62.32292321344336,222,0,21,65.45590535627733,83.31388564760793,31,73.86363636363636,746,legacy12,0,regr_t,746,data28-2,bytetrack,968,True
67.18885400139033,62.32292321344336,222,0,21,64.69549111218296,82.03033838973163,32,73.7603305785124,746,legacy12,0,regr_tg_old,746,data28-2,bytetrack,968,True
68.77706658473382,62.32292321344336,222,0,21,65.45590535627733,83.31388564760793,31,73.86363636363636,746,legacy12,0,s2_h_cond_w3_endpoint_c50_r100,746,data28-2,bytetrack,968,True
97.57605870084122,76.34297520661158,229,0,3,86.30901824350221,86.46748681898066,1,76.2396694214876,739,legacy12,0,geometry_greedy,739,data28-2,deepocsort,968,True
97.57605870084122,76.34297520661158,229,0,3,86.30901824350221,86.46748681898066,1,76.2396694214876,739,legacy12,0,geometry_reid_greedy,739,data28-2,deepocsort,968,True
97.534885877917,76.34297520661158,229,0,3,86.29080700953902,86.11599297012302,4,75.92975206611571,739,legacy12,0,no_refinement,739,data28-2,deepocsort,968,True
97.57605870084122,76.34297520661158,229,0,3,86.30901824350221,86.46748681898066,1,76.2396694214876,739,legacy12,0,partial_hungarian_u080,739,data28-2,deepocsort,968,True
97.57605870084122,76.34297520661158,229,0,3,86.30901824350221,86.46748681898066,1,76.2396694214876,739,legacy12,0,partial_hungarian_u100,739,data28-2,deepocsort,968,True
97.57605870084122,76.34297520661158,229,0,3,86.30901824350221,86.46748681898066,1,76.2396694214876,739,legacy12,0,regr_final,739,data28-2,deepocsort,968,True
97.57605870084122,76.34297520661158,229,0,3,86.30901824350221,86.46748681898066,1,76.2396694214876,739,legacy12,0,regr_final_motion_always,739,data28-2,deepocsort,968,True
97.57605870084122,76.34297520661158,229,0,3,86.30901824350221,86.46748681898066,1,76.2396694214876,739,legacy12,0,regr_final_no_gap,739,data28-2,deepocsort,968,True
97.57605870084122,76.34297520661158,229,0,3,86.30901824350221,86.46748681898066,1,76.2396694214876,739,legacy12,0,regr_final_no_motion,739,data28-2,deepocsort,968,True
97.57605870084122,76.34297520661158,229,0,3,86.30901824350221,86.46748681898066,1,76.2396694214876,739,legacy12,0,regr_final_no_reciprocal,739,data28-2,deepocsort,968,True
97.57605870084122,76.34297520661158,229,0,3,86.30901824350221,86.46748681898066,1,76.2396694214876,739,legacy12,0,regr_t,739,data28-2,deepocsort,968,True
97.57605870084122,76.34297520661158,229,0,3,86.30901824350221,86.46748681898066,1,76.2396694214876,739,legacy12,0,regr_tg_old,739,data28-2,deepocsort,968,True
97.57605870084122,76.34297520661158,229,0,3,86.30901824350221,86.46748681898066,1,76.2396694214876,739,legacy12,0,s2_h_cond_w3_endpoint_c50_r100,739,data28-2,deepocsort,968,True
55.251145944440935,62.70661157024794,361,0,26,58.86095605364508,63.87301587301587,29,59.71074380165289,607,legacy12,0,geometry_greedy,607,data28-2,ocsort,968,True
59.49937948892159,62.70661157024794,361,0,26,61.081948874299876,65.77777777777779,14,61.2603305785124,607,legacy12,0,geometry_reid_greedy,607,data28-2,ocsort,968,True
52.72421238221398,62.70661157024794,361,0,26,57.49918874383141,61.58730158730159,49,57.64462809917356,607,legacy12,0,no_refinement,607,data28-2,ocsort,968,True
59.01574710554115,62.70661157024794,361,0,26,60.83319431260497,65.52380952380953,16,61.053719008264466,607,legacy12,0,partial_hungarian_u080,607,data28-2,ocsort,968,True
59.01574710554115,62.70661157024794,361,0,26,60.83319431260497,65.52380952380953,16,61.053719008264466,607,legacy12,0,partial_hungarian_u100,607,data28-2,ocsort,968,True
59.49937948892159,62.70661157024794,361,0,26,61.081948874299876,65.77777777777779,14,61.2603305785124,607,legacy12,0,regr_final,607,data28-2,ocsort,968,True
59.49937948892159,62.70661157024794,361,0,26,61.081948874299876,65.77777777777779,14,61.2603305785124,607,legacy12,0,regr_final_motion_always,607,data28-2,ocsort,968,True
59.49937948892159,62.70661157024794,361,0,26,61.081948874299876,65.77777777777779,14,61.2603305785124,607,legacy12,0,regr_final_no_gap,607,data28-2,ocsort,968,True
59.49937948892159,62.70661157024794,361,0,26,61.081948874299876,65.77777777777779,14,61.2603305785124,607,legacy12,0,regr_final_no_motion,607,data28-2,ocsort,968,True
59.49937948892159,62.70661157024794,361,0,26,61.081948874299876,65.77777777777779,14,61.2603305785124,607,legacy12,0,regr_final_no_reciprocal,607,data28-2,ocsort,968,True
59.49937948892159,62.70661157024794,361,0,26,61.081948874299876,65.77777777777779,14,61.2603305785124,607,legacy12,0,regr_t,607,data28-2,ocsort,968,True
59.49937948892159,62.70661157024794,361,0,26,61.081948874299876,65.77777777777779,14,61.2603305785124,607,legacy12,0,regr_tg_old,607,data28-2,ocsort,968,True
59.49937948892159,62.70661157024794,361,0,26,61.081948874299876,65.77777777777779,14,61.2603305785124,607,legacy12,0,s2_h_cond_w3_endpoint_c50_r100,607,data28-2,ocsort,968,True
43.47200340895386,16.2829278243805,243,0,6,26.372172836183733,26.997245179063363,9,16.831683168316832,60,legacy12,0,geometry_greedy,60,data28-3,bytetrack,303,True
43.67110276343757,16.2829278243805,243,0,6,26.433783708123944,26.997245179063363,9,16.831683168316832,60,legacy12,0,geometry_reid_greedy,60,data28-3,bytetrack,303,True
43.67110276343757,16.2829278243805,243,0,6,26.433783708123944,26.997245179063363,9,16.831683168316832,60,legacy12,0,no_refinement,60,data28-3,bytetrack,303,True
43.67110276343757,16.2829278243805,243,0,6,26.433783708123944,26.997245179063363,9,16.831683168316832,60,legacy12,0,partial_hungarian_u080,60,data28-3,bytetrack,303,True
43.67110276343757,16.2829278243805,243,0,6,26.433783708123944,26.997245179063363,9,16.831683168316832,60,legacy12,0,partial_hungarian_u100,60,data28-3,bytetrack,303,True
43.67110276343757,16.2829278243805,243,0,6,26.433783708123944,26.997245179063363,9,16.831683168316832,60,legacy12,0,regr_final,60,data28-3,bytetrack,303,True
43.67110276343757,16.2829278243805,243,0,6,26.433783708123944,26.997245179063363,9,16.831683168316832,60,legacy12,0,regr_final_motion_always,60,data28-3,bytetrack,303,True
43.67110276343757,16.2829278243805,243,0,6,26.433783708123944,26.997245179063363,9,16.831683168316832,60,legacy12,0,regr_final_no_gap,60,data28-3,bytetrack,303,True
43.67110276343757,16.2829278243805,243,0,6,26.433783708123944,26.997245179063363,9,16.831683168316832,60,legacy12,0,regr_final_no_motion,60,data28-3,bytetrack,303,True
43.67110276343757,16.2829278243805,243,0,6,26.433783708123944,26.997245179063363,9,16.831683168316832,60,legacy12,0,regr_final_no_reciprocal,60,data28-3,bytetrack,303,True
43.67110276343757,16.2829278243805,243,0,6,26.433783708123944,26.997245179063363,9,16.831683168316832,60,legacy12,0,regr_t,60,data28-3,bytetrack,303,True
43.67110276343757,16.2829278243805,243,0,6,26.433783708123944,26.997245179063363,9,16.831683168316832,60,legacy12,0,regr_tg_old,60,data28-3,bytetrack,303,True
43.67110276343757,16.2829278243805,243,0,6,26.433783708123944,26.997245179063363,9,16.831683168316832,60,legacy12,0,s2_h_cond_w3_endpoint_c50_r100,60,data28-3,bytetrack,303,True
48.539377289377285,7.9207920792079225,279,0,0,19.607914605163508,12.844036697247708,3,6.9306930693069315,24,legacy12,0,geometry_greedy,24,data28-3,deepocsort,303,True
48.539377289377285,7.9207920792079225,279,0,0,19.607914605163508,12.844036697247708,3,6.9306930693069315,24,legacy12,0,geometry_reid_greedy,24,data28-3,deepocsort,303,True
48.539377289377285,7.9207920792079225,279,0,0,19.607914605163508,12.844036697247708,3,6.9306930693069315,24,legacy12,0,no_refinement,24,data28-3,deepocsort,303,True
48.539377289377285,7.9207920792079225,279,0,0,19.607914605163508,12.844036697247708,3,6.9306930693069315,24,legacy12,0,partial_hungarian_u080,24,data28-3,deepocsort,303,True
48.539377289377285,7.9207920792079225,279,0,0,19.607914605163508,12.844036697247708,3,6.9306930693069315,24,legacy12,0,partial_hungarian_u100,24,data28-3,deepocsort,303,True
48.539377289377285,7.9207920792079225,279,0,0,19.607914605163508,12.844036697247708,3,6.9306930693069315,24,legacy12,0,regr_final,24,data28-3,deepocsort,303,True
48.539377289377285,7.9207920792079225,279,0,0,19.607914605163508,12.844036697247708,3,6.9306930693069315,24,legacy12,0,regr_final_motion_always,24,data28-3,deepocsort,303,True
48.539377289377285,7.9207920792079225,279,0,0,19.607914605163508,12.844036697247708,3,6.9306930693069315,24,legacy12,0,regr_final_no_gap,24,data28-3,deepocsort,303,True
48.539377289377285,7.9207920792079225,279,0,0,19.607914605163508,12.844036697247708,3,6.9306930693069315,24,legacy12,0,regr_final_no_motion,24,data28-3,deepocsort,303,True
48.539377289377285,7.9207920792079225,279,0,0,19.607914605163508,12.844036697247708,3,6.9306930693069315,24,legacy12,0,regr_final_no_reciprocal,24,data28-3,deepocsort,303,True
48.539377289377285,7.9207920792079225,279,0,0,19.607914605163508,12.844036697247708,3,6.9306930693069315,24,legacy12,0,regr_t,24,data28-3,deepocsort,303,True
48.539377289377285,7.9207920792079225,279,0,0,19.607914605163508,12.844036697247708,3,6.9306930693069315,24,legacy12,0,regr_tg_old,24,data28-3,deepocsort,303,True
48.539377289377285,7.9207920792079225,279,0,0,19.607914605163508,12.844036697247708,3,6.9306930693069315,24,legacy12,0,s2_h_cond_w3_endpoint_c50_r100,24,data28-3,deepocsort,303,True
60.53542202478375,15.51155115511551,256,0,0,30.643079078870965,25.142857142857146,3,14.521452145214523,47,legacy12,0,geometry_greedy,47,data28-3,ocsort,303,True
60.53542202478375,15.51155115511551,256,0,0,30.643079078870965,25.142857142857146,3,14.521452145214523,47,legacy12,0,geometry_reid_greedy,47,data28-3,ocsort,303,True
60.53542202478375,15.51155115511551,256,0,0,30.643079078870965,25.142857142857146,3,14.521452145214523,47,legacy12,0,no_refinement,47,data28-3,ocsort,303,True
60.53542202478375,15.51155115511551,256,0,0,30.643079078870965,25.142857142857146,3,14.521452145214523,47,legacy12,0,partial_hungarian_u080,47,data28-3,ocsort,303,True
60.53542202478375,15.51155115511551,256,0,0,30.643079078870965,25.142857142857146,3,14.521452145214523,47,legacy12,0,partial_hungarian_u100,47,data28-3,ocsort,303,True
60.53542202478375,15.51155115511551,256,0,0,30.643079078870965,25.142857142857146,3,14.521452145214523,47,legacy12,0,regr_final,47,data28-3,ocsort,303,True
60.53542202478375,15.51155115511551,256,0,0,30.643079078870965,25.142857142857146,3,14.521452145214523,47,legacy12,0,regr_final_motion_always,47,data28-3,ocsort,303,True
60.53542202478375,15.51155115511551,256,0,0,30.643079078870965,25.142857142857146,3,14.521452145214523,47,legacy12,0,regr_final_no_gap,47,data28-3,ocsort,303,True
60.53542202478375,15.51155115511551,256,0,0,30.643079078870965,25.142857142857146,3,14.521452145214523,47,legacy12,0,regr_final_no_motion,47,data28-3,ocsort,303,True
60.53542202478375,15.51155115511551,256,0,0,30.643079078870965,25.142857142857146,3,14.521452145214523,47,legacy12,0,regr_final_no_reciprocal,47,data28-3,ocsort,303,True
60.53542202478375,15.51155115511551,256,0,0,30.643079078870965,25.142857142857146,3,14.521452145214523,47,legacy12,0,regr_t,47,data28-3,ocsort,303,True
60.53542202478375,15.51155115511551,256,0,0,30.643079078870965,25.142857142857146,3,14.521452145214523,47,legacy12,0,regr_tg_old,47,data28-3,ocsort,303,True
60.53542202478375,15.51155115511551,256,0,0,30.643079078870965,25.142857142857146,3,14.521452145214523,47,legacy12,0,s2_h_cond_w3_endpoint_c50_r100,47,data28-3,ocsort,303,True
23.784580777061972,4.519783994290178,218,0,0,10.22552835256771,6.557377049180328,4,3.896103896103896,13,legacy12,0,geometry_greedy,13,data28-4,bytetrack,231,True
23.784580777061972,4.519783994290178,218,0,0,10.22552835256771,6.557377049180328,4,3.896103896103896,13,legacy12,0,geometry_reid_greedy,13,data28-4,bytetrack,231,True
23.99741792598935,4.519783994290178,218,0,0,10.273126410163782,6.557377049180328,4,3.896103896103896,13,legacy12,0,no_refinement,13,data28-4,bytetrack,231,True
23.784580777061972,4.519783994290178,218,0,0,10.22552835256771,6.557377049180328,4,3.896103896103896,13,legacy12,0,partial_hungarian_u080,13,data28-4,bytetrack,231,True
23.784580777061972,4.519783994290178,218,0,0,10.22552835256771,6.557377049180328,4,3.896103896103896,13,legacy12,0,partial_hungarian_u100,13,data28-4,bytetrack,231,True
23.784580777061972,4.519783994290178,218,0,0,10.22552835256771,6.557377049180328,4,3.896103896103896,13,legacy12,0,regr_final,13,data28-4,bytetrack,231,True
23.784580777061972,4.519783994290178,218,0,0,10.22552835256771,6.557377049180328,4,3.896103896103896,13,legacy12,0,regr_final_motion_always,13,data28-4,bytetrack,231,True
23.784580777061972,4.519783994290178,218,0,0,10.22552835256771,6.557377049180328,4,3.896103896103896,13,legacy12,0,regr_final_no_gap,13,data28-4,bytetrack,231,True
23.784580777061972,4.519783994290178,218,0,0,10.22552835256771,6.557377049180328,4,3.896103896103896,13,legacy12,0,regr_final_no_motion,13,data28-4,bytetrack,231,True
23.784580777061972,4.519783994290178,218,0,0,10.22552835256771,6.557377049180328,4,3.896103896103896,13,legacy12,0,regr_final_no_reciprocal,13,data28-4,bytetrack,231,True
23.784580777061972,4.519783994290178,218,0,0,10.22552835256771,6.557377049180328,4,3.896103896103896,13,legacy12,0,regr_t,13,data28-4,bytetrack,231,True
23.784580777061972,4.519783994290178,218,0,0,10.22552835256771,6.557377049180328,4,3.896103896103896,13,legacy12,0,regr_tg_old,13,data28-4,bytetrack,231,True
23.784580777061972,4.519783994290178,218,0,0,10.22552835256771,6.557377049180328,4,3.896103896103896,13,legacy12,0,s2_h_cond_w3_endpoint_c50_r100,13,data28-4,bytetrack,231,True
14.029341029341024,6.493506493506492,216,0,0,9.544611939395073,5.691056910569105,8,3.0303030303030303,15,legacy12,0,geometry_greedy,15,data28-4,deepocsort,231,True
14.029341029341024,6.493506493506492,216,0,0,9.544611939395073,5.691056910569105,8,3.0303030303030303,15,legacy12,0,geometry_reid_greedy,15,data28-4,deepocsort,231,True
14.611351611351612,6.493506493506492,216,0,0,9.740580401968781,5.691056910569105,8,3.0303030303030303,15,legacy12,0,no_refinement,15,data28-4,deepocsort,231,True
14.611351611351612,6.493506493506492,216,0,0,9.740580401968781,5.691056910569105,8,3.0303030303030303,15,legacy12,0,partial_hungarian_u080,15,data28-4,deepocsort,231,True
14.029341029341024,6.493506493506492,216,0,0,9.544611939395073,5.691056910569105,8,3.0303030303030303,15,legacy12,0,partial_hungarian_u100,15,data28-4,deepocsort,231,True
14.029341029341024,6.493506493506492,216,0,0,9.544611939395073,5.691056910569105,8,3.0303030303030303,15,legacy12,0,regr_final,15,data28-4,deepocsort,231,True
14.029341029341024,6.493506493506492,216,0,0,9.544611939395073,5.691056910569105,8,3.0303030303030303,15,legacy12,0,regr_final_motion_always,15,data28-4,deepocsort,231,True
14.029341029341024,6.493506493506492,216,0,0,9.544611939395073,5.691056910569105,8,3.0303030303030303,15,legacy12,0,regr_final_no_gap,15,data28-4,deepocsort,231,True
14.029341029341024,6.493506493506492,216,0,0,9.544611939395073,5.691056910569105,8,3.0303030303030303,15,legacy12,0,regr_final_no_motion,15,data28-4,deepocsort,231,True
14.029341029341024,6.493506493506492,216,0,0,9.544611939395073,5.691056910569105,8,3.0303030303030303,15,legacy12,0,regr_final_no_reciprocal,15,data28-4,deepocsort,231,True
14.029341029341024,6.493506493506492,216,0,0,9.544611939395073,5.691056910569105,8,3.0303030303030303,15,legacy12,0,regr_t,15,data28-4,deepocsort,231,True
14.611351611351612,6.493506493506492,216,0,0,9.740580401968781,5.691056910569105,8,3.0303030303030303,15,legacy12,0,regr_tg_old,15,data28-4,deepocsort,231,True
14.029341029341024,6.493506493506492,216,0,0,9.544611939395073,5.691056910569105,8,3.0303030303030303,15,legacy12,0,s2_h_cond_w3_endpoint_c50_r100,15,data28-4,deepocsort,231,True
23.492578849721706,3.03030303030303,224,0,0,8.437394910631157,4.201680672268908,2,2.1645021645021645,7,legacy12,0,geometry_greedy,7,data28-4,ocsort,231,True
23.492578849721706,3.03030303030303,224,0,0,8.437394910631157,4.201680672268908,2,2.1645021645021645,7,legacy12,0,geometry_reid_greedy,7,data28-4,ocsort,231,True
23.492578849721706,3.03030303030303,224,0,0,8.437394910631157,4.201680672268908,2,2.1645021645021645,7,legacy12,0,no_refinement,7,data28-4,ocsort,231,True
23.492578849721706,3.03030303030303,224,0,0,8.437394910631157,4.201680672268908,2,2.1645021645021645,7,legacy12,0,partial_hungarian_u080,7,data28-4,ocsort,231,True
23.492578849721706,3.03030303030303,224,0,0,8.437394910631157,4.201680672268908,2,2.1645021645021645,7,legacy12,0,partial_hungarian_u100,7,data28-4,ocsort,231,True
23.492578849721706,3.03030303030303,224,0,0,8.437394910631157,4.201680672268908,2,2.1645021645021645,7,legacy12,0,regr_final,7,data28-4,ocsort,231,True
23.492578849721706,3.03030303030303,224,0,0,8.437394910631157,4.201680672268908,2,2.1645021645021645,7,legacy12,0,regr_final_motion_always,7,data28-4,ocsort,231,True
23.492578849721706,3.03030303030303,224,0,0,8.437394910631157,4.201680672268908,2,2.1645021645021645,7,legacy12,0,regr_final_no_gap,7,data28-4,ocsort,231,True
23.492578849721706,3.03030303030303,224,0,0,8.437394910631157,4.201680672268908,2,2.1645021645021645,7,legacy12,0,regr_final_no_motion,7,data28-4,ocsort,231,True
23.492578849721706,3.03030303030303,224,0,0,8.437394910631157,4.201680672268908,2,2.1645021645021645,7,legacy12,0,regr_final_no_reciprocal,7,data28-4,ocsort,231,True
23.492578849721706,3.03030303030303,224,0,0,8.437394910631157,4.201680672268908,2,2.1645021645021645,7,legacy12,0,regr_t,7,data28-4,ocsort,231,True
23.492578849721706,3.03030303030303,224,0,0,8.437394910631157,4.201680672268908,2,2.1645021645021645,7,legacy12,0,regr_tg_old,7,data28-4,ocsort,231,True
23.492578849721706,3.03030303030303,224,0,0,8.437394910631157,4.201680672268908,2,2.1645021645021645,7,legacy12,0,s2_h_cond_w3_endpoint_c50_r100,7,data28-4,ocsort,231,True
10.441996087647743,10.186872459794568,162,0,4,10.193613122036869,14.705882352941178,7,7.650273224043716,21,legacy12,0,geometry_greedy,21,data28-5,bytetrack,183,True
9.947650539136815,10.186872459794568,162,0,4,9.929400740296508,13.725490196078432,8,7.103825136612022,21,legacy12,0,geometry_reid_greedy,21,data28-5,bytetrack,183,True
9.947650539136815,10.186872459794568,162,0,4,9.929400740296508,13.725490196078432,8,7.103825136612022,21,legacy12,0,no_refinement,21,data28-5,bytetrack,183,True
9.947650539136815,10.186872459794568,162,0,4,9.929400740296508,13.725490196078432,8,7.103825136612022,21,legacy12,0,partial_hungarian_u080,21,data28-5,bytetrack,183,True
9.947650539136815,10.186872459794568,162,0,4,9.929400740296508,13.725490196078432,8,7.103825136612022,21,legacy12,0,partial_hungarian_u100,21,data28-5,bytetrack,183,True
9.947650539136815,10.186872459794568,162,0,4,9.929400740296508,13.725490196078432,8,7.103825136612022,21,legacy12,0,regr_final,21,data28-5,bytetrack,183,True
9.947650539136815,10.186872459794568,162,0,4,9.929400740296508,13.725490196078432,8,7.103825136612022,21,legacy12,0,regr_final_motion_always,21,data28-5,bytetrack,183,True
9.947650539136815,10.186872459794568,162,0,4,9.929400740296508,13.725490196078432,8,7.103825136612022,21,legacy12,0,regr_final_no_gap,21,data28-5,bytetrack,183,True
9.947650539136815,10.186872459794568,162,0,4,9.929400740296508,13.725490196078432,8,7.103825136612022,21,legacy12,0,regr_final_no_motion,21,data28-5,bytetrack,183,True
9.947650539136815,10.186872459794568,162,0,4,9.929400740296508,13.725490196078432,8,7.103825136612022,21,legacy12,0,regr_final_no_reciprocal,21,data28-5,bytetrack,183,True
9.947650539136815,10.186872459794568,162,0,4,9.929400740296508,13.725490196078432,8,7.103825136612022,21,legacy12,0,regr_t,21,data28-5,bytetrack,183,True
9.947650539136815,10.186872459794568,162,0,4,9.929400740296508,13.725490196078432,8,7.103825136612022,21,legacy12,0,regr_tg_old,21,data28-5,bytetrack,183,True
9.947650539136815,10.186872459794568,162,0,4,9.929400740296508,13.725490196078432,8,7.103825136612022,21,legacy12,0,s2_h_cond_w3_endpoint_c50_r100,21,data28-5,bytetrack,183,True
62.69807934374466,52.45901639344264,87,0,5,57.35049757526841,60.93189964157706,8,48.08743169398907,96,legacy12,0,geometry_greedy,96,data28-5,deepocsort,183,True
61.5556062254651,52.45901639344264,87,0,5,56.82558012101568,60.215053763440864,9,47.540983606557376,96,legacy12,0,geometry_reid_greedy,96,data28-5,deepocsort,183,True
39.55673163082437,52.45901639344264,87,0,5,45.553344916618656,45.16129032258064,20,41.53005464480874,96,legacy12,0,no_refinement,96,data28-5,deepocsort,183,True
61.5556062254651,52.45901639344264,87,0,5,56.82558012101568,60.215053763440864,9,47.540983606557376,96,legacy12,0,partial_hungarian_u080,96,data28-5,deepocsort,183,True
61.5556062254651,52.45901639344264,87,0,5,56.82558012101568,60.215053763440864,9,47.540983606557376,96,legacy12,0,partial_hungarian_u100,96,data28-5,deepocsort,183,True
61.5556062254651,52.45901639344264,87,0,5,56.82558012101568,60.215053763440864,9,47.540983606557376,96,legacy12,0,regr_final,96,data28-5,deepocsort,183,True
61.5556062254651,52.45901639344264,87,0,5,56.82558012101568,60.215053763440864,9,47.540983606557376,96,legacy12,0,regr_final_motion_always,96,data28-5,deepocsort,183,True
61.5556062254651,52.45901639344264,87,0,5,56.82558012101568,60.215053763440864,9,47.540983606557376,96,legacy12,0,regr_final_no_gap,96,data28-5,deepocsort,183,True
61.5556062254651,52.45901639344264,87,0,5,56.82558012101568,60.215053763440864,9,47.540983606557376,96,legacy12,0,regr_final_no_motion,96,data28-5,deepocsort,183,True
61.5556062254651,52.45901639344264,87,0,5,56.82558012101568,60.215053763440864,9,47.540983606557376,96,legacy12,0,regr_final_no_reciprocal,96,data28-5,deepocsort,183,True
61.5556062254651,52.45901639344264,87,0,5,56.82558012101568,60.215053763440864,9,47.540983606557376,96,legacy12,0,regr_t,96,data28-5,deepocsort,183,True
61.5556062254651,52.45901639344264,87,0,5,56.82558012101568,60.215053763440864,9,47.540983606557376,96,legacy12,0,regr_tg_old,96,data28-5,deepocsort,183,True
61.5556062254651,52.45901639344264,87,0,5,56.82558012101568,60.215053763440864,9,47.540983606557376,96,legacy12,0,s2_h_cond_w3_endpoint_c50_r100,96,data28-5,deepocsort,183,True
25.75522894071281,16.393442622950822,153,0,0,20.547916387812606,20.657276995305164,8,12.021857923497267,30,legacy12,0,geometry_greedy,30,data28-5,ocsort,183,True
25.35831626557432,16.393442622950822,153,0,0,20.388970123925663,19.718309859154928,10,10.92896174863388,30,legacy12,0,geometry_reid_greedy,30,data28-5,ocsort,183,True
12.811379928315414,16.393442622950822,153,0,0,14.492157250584278,9.389671361502346,20,5.46448087431694,30,legacy12,0,no_refinement,30,data28-5,ocsort,183,True
25.3251214138311,16.393442622950822,153,0,0,20.375620844943672,19.718309859154928,9,11.475409836065573,30,legacy12,0,partial_hungarian_u080,30,data28-5,ocsort,183,True
25.3251214138311,16.393442622950822,153,0,0,20.375620844943672,19.718309859154928,9,11.475409836065573,30,legacy12,0,partial_hungarian_u100,30,data28-5,ocsort,183,True
25.35831626557432,16.393442622950822,153,0,0,20.388970123925663,19.718309859154928,10,10.92896174863388,30,legacy12,0,regr_final,30,data28-5,ocsort,183,True
25.35831626557432,16.393442622950822,153,0,0,20.388970123925663,19.718309859154928,10,10.92896174863388,30,legacy12,0,regr_final_motion_always,30,data28-5,ocsort,183,True
25.35831626557432,16.393442622950822,153,0,0,20.388970123925663,19.718309859154928,10,10.92896174863388,30,legacy12,0,regr_final_no_gap,30,data28-5,ocsort,183,True
25.35831626557432,16.393442622950822,153,0,0,20.388970123925663,19.718309859154928,10,10.92896174863388,30,legacy12,0,regr_final_no_motion,30,data28-5,ocsort,183,True
25.35831626557432,16.393442622950822,153,0,0,20.388970123925663,19.718309859154928,10,10.92896174863388,30,legacy12,0,regr_final_no_reciprocal,30,data28-5,ocsort,183,True
25.35831626557432,16.393442622950822,153,0,0,20.388970123925663,19.718309859154928,10,10.92896174863388,30,legacy12,0,regr_t,30,data28-5,ocsort,183,True
25.35831626557432,16.393442622950822,153,0,0,20.388970123925663,19.718309859154928,10,10.92896174863388,30,legacy12,0,regr_tg_old,30,data28-5,ocsort,183,True
25.3251214138311,16.393442622950822,153,0,0,20.375620844943672,19.718309859154928,9,11.475409836065573,30,legacy12,0,s2_h_cond_w3_endpoint_c50_r100,30,data28-5,ocsort,183,True
76.6355653609871,55.10841800120577,91,0,1,64.98323310260425,74.55919395465995,1,62.295081967213115,153,legacy12,0,geometry_greedy,153,data28-6,bytetrack,244,True
76.6355653609871,55.10841800120577,91,0,1,64.98323310260425,74.55919395465995,1,62.295081967213115,153,legacy12,0,geometry_reid_greedy,153,data28-6,bytetrack,244,True
78.54437245481178,55.10841800120577,91,0,1,65.7879661250357,74.55919395465995,1,62.295081967213115,153,legacy12,0,no_refinement,153,data28-6,bytetrack,244,True
76.62564683021132,55.10841800120577,91,0,1,64.97938200282557,74.55919395465995,1,62.295081967213115,153,legacy12,0,partial_hungarian_u080,153,data28-6,bytetrack,244,True
76.62564683021132,55.10841800120577,91,0,1,64.97938200282557,74.55919395465995,1,62.295081967213115,153,legacy12,0,partial_hungarian_u100,153,data28-6,bytetrack,244,True
78.54437245481178,55.10841800120577,91,0,1,65.7879661250357,74.55919395465995,1,62.295081967213115,153,legacy12,0,regr_final,153,data28-6,bytetrack,244,True
78.54437245481178,55.10841800120577,91,0,1,65.7879661250357,74.55919395465995,1,62.295081967213115,153,legacy12,0,regr_final_motion_always,153,data28-6,bytetrack,244,True
78.54437245481178,55.10841800120577,91,0,1,65.7879661250357,74.55919395465995,1,62.295081967213115,153,legacy12,0,regr_final_no_gap,153,data28-6,bytetrack,244,True
76.62564683021132,55.10841800120577,91,0,1,64.97938200282557,74.55919395465995,1,62.295081967213115,153,legacy12,0,regr_final_no_motion,153,data28-6,bytetrack,244,True
78.54437245481178,55.10841800120577,91,0,1,65.7879661250357,74.55919395465995,1,62.295081967213115,153,legacy12,0,regr_final_no_reciprocal,153,data28-6,bytetrack,244,True
76.62564683021132,55.10841800120577,91,0,1,64.97938200282557,74.55919395465995,1,62.295081967213115,153,legacy12,0,regr_t,153,data28-6,bytetrack,244,True
78.54437245481178,55.10841800120577,91,0,1,65.7879661250357,74.55919395465995,1,62.295081967213115,153,legacy12,0,regr_tg_old,153,data28-6,bytetrack,244,True
78.54437245481178,55.10841800120577,91,0,1,65.7879661250357,74.55919395465995,1,62.295081967213115,153,legacy12,0,s2_h_cond_w3_endpoint_c50_r100,153,data28-6,bytetrack,244,True
86.62462843154397,35.24590163934426,158,0,2,55.255435327603244,50.90909090909091,2,34.42622950819672,86,legacy12,0,geometry_greedy,86,data28-6,deepocsort,244,True
86.62462843154397,35.24590163934426,158,0,2,55.255435327603244,50.90909090909091,2,34.42622950819672,86,legacy12,0,geometry_reid_greedy,86,data28-6,deepocsort,244,True
86.62462843154397,35.24590163934426,158,0,2,55.255435327603244,50.90909090909091,2,34.42622950819672,86,legacy12,0,no_refinement,86,data28-6,deepocsort,244,True
86.62462843154397,35.24590163934426,158,0,2,55.255435327603244,50.90909090909091,2,34.42622950819672,86,legacy12,0,partial_hungarian_u080,86,data28-6,deepocsort,244,True
86.62462843154397,35.24590163934426,158,0,2,55.255435327603244,50.90909090909091,2,34.42622950819672,86,legacy12,0,partial_hungarian_u100,86,data28-6,deepocsort,244,True
86.62462843154397,35.24590163934426,158,0,2,55.255435327603244,50.90909090909091,2,34.42622950819672,86,legacy12,0,regr_final,86,data28-6,deepocsort,244,True
86.62462843154397,35.24590163934426,158,0,2,55.255435327603244,50.90909090909091,2,34.42622950819672,86,legacy12,0,regr_final_motion_always,86,data28-6,deepocsort,244,True
86.62462843154397,35.24590163934426,158,0,2,55.255435327603244,50.90909090909091,2,34.42622950819672,86,legacy12,0,regr_final_no_gap,86,data28-6,deepocsort,244,True
86.62462843154397,35.24590163934426,158,0,2,55.255435327603244,50.90909090909091,2,34.42622950819672,86,legacy12,0,regr_final_no_motion,86,data28-6,deepocsort,244,True
86.62462843154397,35.24590163934426,158,0,2,55.255435327603244,50.90909090909091,2,34.42622950819672,86,legacy12,0,regr_final_no_reciprocal,86,data28-6,deepocsort,244,True
86.62462843154397,35.24590163934426,158,0,2,55.255435327603244,50.90909090909091,2,34.42622950819672,86,legacy12,0,regr_t,86,data28-6,deepocsort,244,True
86.62462843154397,35.24590163934426,158,0,2,55.255435327603244,50.90909090909091,2,34.42622950819672,86,legacy12,0,regr_tg_old,86,data28-6,deepocsort,244,True
86.62462843154397,35.24590163934426,158,0,2,55.255435327603244,50.90909090909091,2,34.42622950819672,86,legacy12,0,s2_h_cond_w3_endpoint_c50_r100,86,data28-6,deepocsort,244,True
83.98856184033401,59.42622950819671,99,0,1,70.64788427113061,73.52185089974293,1,59.01639344262295,145,legacy12,0,geometry_greedy,145,data28-6,ocsort,244,True
83.98856184033401,59.42622950819671,99,0,1,70.64788427113061,73.52185089974293,1,59.01639344262295,145,legacy12,0,geometry_reid_greedy,145,data28-6,ocsort,244,True
85.03132832080202,59.42622950819671,99,0,1,71.08509852408457,73.52185089974293,1,59.01639344262295,145,legacy12,0,no_refinement,145,data28-6,ocsort,244,True
83.98856184033401,59.42622950819671,99,0,1,70.64788427113061,73.52185089974293,1,59.01639344262295,145,legacy12,0,partial_hungarian_u080,145,data28-6,ocsort,244,True
83.98856184033401,59.42622950819671,99,0,1,70.64788427113061,73.52185089974293,1,59.01639344262295,145,legacy12,0,partial_hungarian_u100,145,data28-6,ocsort,244,True
83.98856184033401,59.42622950819671,99,0,1,70.64788427113061,73.52185089974293,1,59.01639344262295,145,legacy12,0,regr_final,145,data28-6,ocsort,244,True
83.98856184033401,59.42622950819671,99,0,1,70.64788427113061,73.52185089974293,1,59.01639344262295,145,legacy12,0,regr_final_motion_always,145,data28-6,ocsort,244,True
83.98856184033401,59.42622950819671,99,0,1,70.64788427113061,73.52185089974293,1,59.01639344262295,145,legacy12,0,regr_final_no_gap,145,data28-6,ocsort,244,True
83.98856184033401,59.42622950819671,99,0,1,70.64788427113061,73.52185089974293,1,59.01639344262295,145,legacy12,0,regr_final_no_motion,145,data28-6,ocsort,244,True
83.98856184033401,59.42622950819671,99,0,1,70.64788427113061,73.52185089974293,1,59.01639344262295,145,legacy12,0,regr_final_no_reciprocal,145,data28-6,ocsort,244,True
83.98856184033401,59.42622950819671,99,0,1,70.64788427113061,73.52185089974293,1,59.01639344262295,145,legacy12,0,regr_t,145,data28-6,ocsort,244,True
85.03132832080202,59.42622950819671,99,0,1,71.08509852408457,73.52185089974293,1,59.01639344262295,145,legacy12,0,regr_tg_old,145,data28-6,ocsort,244,True
83.98856184033401,59.42622950819671,99,0,1,70.64788427113061,73.52185089974293,1,59.01639344262295,145,legacy12,0,s2_h_cond_w3_endpoint_c50_r100,145,data28-6,ocsort,244,True
68.27727813333547,51.707675376262486,2735,3,257,59.41094335928953,67.67746381805651,277,57.94979079497908,4435,legacy12,0,geometry_greedy,4438,data30-10,bytetrack,7170,True
68.4589392837794,51.75067371173982,2735,3,257,59.51474982069672,67.95313576843556,260,58.18688981868898,4435,legacy12,0,geometry_reid_greedy,4438,data30-10,bytetrack,7170,True
67.75947618353689,51.75067371173982,2735,3,257,59.208507406560315,66.69538249483115,328,57.23849372384937,4435,legacy12,0,no_refinement,4438,data30-10,bytetrack,7170,True
68.44334052400495,51.707675376262486,2735,3,257,59.48333063500163,67.90144727773949,267,58.08926080892608,4435,legacy12,0,partial_hungarian_u080,4438,data30-10,bytetrack,7170,True
68.44330394159762,51.707675376262486,2735,3,257,59.4833146518255,67.8842177808408,267,58.08926080892608,4435,legacy12,0,partial_hungarian_u100,4438,data30-10,bytetrack,7170,True
68.45891841894182,51.75067371173982,2735,3,257,59.51474068187851,67.95313576843556,260,58.18688981868898,4435,legacy12,0,regr_final,4438,data30-10,bytetrack,7170,True
68.45034536587342,51.75067371173982,2735,3,257,59.51101464334053,67.95313576843556,261,58.172942817294285,4435,legacy12,0,regr_final_motion_always,4438,data30-10,bytetrack,7170,True
68.4589392837794,51.75067371173982,2735,3,257,59.51474982069672,67.95313576843556,260,58.18688981868898,4435,legacy12,0,regr_final_no_gap,4438,data30-10,bytetrack,7170,True
68.45891841894182,51.75067371173982,2735,3,257,59.51474068187851,67.95313576843556,260,58.18688981868898,4435,legacy12,0,regr_final_no_motion,4438,data30-10,bytetrack,7170,True
68.45891841894182,51.75067371173982,2735,3,257,59.51474068187851,67.95313576843556,260,58.18688981868898,4435,legacy12,0,regr_final_no_reciprocal,4438,data30-10,bytetrack,7170,True
68.45891841894182,51.75067371173982,2735,3,257,59.51474068187851,67.95313576843556,260,58.18688981868898,4435,legacy12,0,regr_t,4438,data30-10,bytetrack,7170,True
68.45891841894182,51.75067371173982,2735,3,257,59.51474068187851,67.95313576843556,260,58.18688981868898,4435,legacy12,0,regr_tg_old,4438,data30-10,bytetrack,7170,True
68.4658758790748,51.722502098151445,2735,3,257,59.501678332054844,67.93590627153688,265,58.11715481171548,4435,legacy12,0,s2_h_cond_w3_endpoint_c50_r100,4438,data30-10,bytetrack,7170,True
93.1585476487916,93.3179674636436,479,0,41,93.23822344285169,94.82721304379194,20,93.04044630404464,6691,legacy12,0,geometry_greedy,6691,data30-10,deepocsort,7170,True
93.09719464736122,93.3179674636436,479,0,41,93.20751564868284,94.63963638987086,18,93.06834030683403,6691,legacy12,0,geometry_reid_greedy,6691,data30-10,deepocsort,7170,True
92.72917661513436,93.3179674636436,479,0,41,93.02310615493103,94.35105692229997,33,92.85913528591352,6691,legacy12,0,no_refinement,6691,data30-10,deepocsort,7170,True
93.1048444845031,93.3179674636436,479,0,41,93.21134502114813,94.63963638987086,18,93.06834030683403,6691,legacy12,0,partial_hungarian_u080,6691,data30-10,deepocsort,7170,True
93.09719464736122,93.3179674636436,479,0,41,93.20751564868284,94.63963638987086,18,93.06834030683403,6691,legacy12,0,partial_hungarian_u100,6691,data30-10,deepocsort,7170,True
93.09719464736122,93.3179674636436,479,0,41,93.20751564868284,94.63963638987086,18,93.06834030683403,6691,legacy12,0,regr_final,6691,data30-10,deepocsort,7170,True
93.07873247674465,93.3179674636436,479,0,41,93.19827316622366,94.5530625495996,19,93.05439330543933,6691,legacy12,0,regr_final_motion_always,6691,data30-10,deepocsort,7170,True
93.09719464736122,93.3179674636436,479,0,41,93.20751564868284,94.63963638987086,18,93.06834030683403,6691,legacy12,0,regr_final_no_gap,6691,data30-10,deepocsort,7170,True
93.09719464736122,93.3179674636436,479,0,41,93.20751564868284,94.63963638987086,18,93.06834030683403,6691,legacy12,0,regr_final_no_motion,6691,data30-10,deepocsort,7170,True
93.09719464736122,93.3179674636436,479,0,41,93.20751564868284,94.63963638987086,18,93.06834030683403,6691,legacy12,0,regr_final_no_reciprocal,6691,data30-10,deepocsort,7170,True
93.09719464736122,93.3179674636436,479,0,41,93.20751564868284,94.63963638987086,18,93.06834030683403,6691,legacy12,0,regr_t,6691,data30-10,deepocsort,7170,True
93.09719464736122,93.3179674636436,479,0,41,93.20751564868284,94.63963638987086,18,93.06834030683403,6691,legacy12,0,regr_tg_old,6691,data30-10,deepocsort,7170,True
93.09719464736122,93.3179674636436,479,0,41,93.20751564868284,94.63963638987086,18,93.06834030683403,6691,legacy12,0,s2_h_cond_w3_endpoint_c50_r100,6691,data30-10,deepocsort,7170,True
79.37401695740587,52.168373400435506,3422,0,85,64.34914741902635,64.3341271295109,100,50.87866108786611,3748,legacy12,0,geometry_greedy,3748,data30-10,ocsort,7170,True
79.6584377840308,52.168373400435506,3422,0,85,64.46433541661646,64.81040483605057,76,51.21338912133891,3748,legacy12,0,geometry_reid_greedy,3748,data30-10,ocsort,7170,True
78.84795762151269,52.168373400435506,3422,0,85,64.13555271792058,62.19087745008244,221,49.19107391910739,3748,legacy12,0,no_refinement,3748,data30-10,ocsort,7170,True
79.6529467371853,52.168373400435506,3422,0,85,64.46211353822741,64.84704158270745,71,51.28312412831241,3748,legacy12,0,partial_hungarian_u080,3748,data30-10,ocsort,7170,True
79.6529467371853,52.168373400435506,3422,0,85,64.46211353822741,64.84704158270745,71,51.28312412831241,3748,legacy12,0,partial_hungarian_u100,3748,data30-10,ocsort,7170,True
79.6584377840308,52.168373400435506,3422,0,85,64.46433541661646,64.81040483605057,76,51.21338912133891,3748,legacy12,0,regr_final,3748,data30-10,ocsort,7170,True
79.70774558819083,52.168373400435506,3422,0,85,64.4842837273036,64.8653599560359,76,51.21338912133891,3748,legacy12,0,regr_final_motion_always,3748,data30-10,ocsort,7170,True
79.6584377840308,52.168373400435506,3422,0,85,64.46433541661646,64.81040483605057,76,51.21338912133891,3748,legacy12,0,regr_final_no_gap,3748,data30-10,ocsort,7170,True
79.6584377840308,52.168373400435506,3422,0,85,64.46433541661646,64.81040483605057,76,51.21338912133891,3748,legacy12,0,regr_final_no_motion,3748,data30-10,ocsort,7170,True
79.6584377840308,52.168373400435506,3422,0,85,64.46433541661646,64.81040483605057,76,51.21338912133891,3748,legacy12,0,regr_final_no_reciprocal,3748,data30-10,ocsort,7170,True
79.6584377840308,52.168373400435506,3422,0,85,64.46433541661646,64.81040483605057,76,51.21338912133891,3748,legacy12,0,regr_t,3748,data30-10,ocsort,7170,True
79.6584377840308,52.168373400435506,3422,0,85,64.46433541661646,64.81040483605057,76,51.21338912133891,3748,legacy12,0,regr_tg_old,3748,data30-10,ocsort,7170,True
79.67863543546815,52.168373400435506,3422,0,85,64.47250746629523,64.9019967026928,70,51.29707112970712,3748,legacy12,0,s2_h_cond_w3_endpoint_c50_r100,3748,data30-10,ocsort,7170,True
42.71792793382097,42.94108643295302,2104,6,374,42.82478229297009,52.45568148793956,413,43.808463251670375,2386,legacy12,0,geometry_greedy,2392,data30-2,bytetrack,4490,True
42.968510078787446,42.93767592566295,2104,6,374,42.94639708790939,52.94972391746585,408,43.919821826280625,2386,legacy12,0,geometry_reid_greedy,2392,data30-2,bytetrack,4490,True
38.65806153091121,42.95884847323204,2104,6,374,40.74407870133334,46.61435629177565,597,39.71046770601336,2386,legacy12,0,no_refinement,2392,data30-2,bytetrack,4490,True
41.40668644733767,42.95884847323204,2104,6,374,42.17122596456514,50.39232781168265,497,41.937639198218264,2386,legacy12,0,partial_hungarian_u080,2392,data30-2,bytetrack,4490,True
41.33423048844835,42.95884847323204,2104,6,374,42.134291716422354,50.363266492298756,497,41.937639198218264,2386,legacy12,0,partial_hungarian_u100,2392,data30-2,bytetrack,4490,True
42.968510078787446,42.93767592566295,2104,6,374,42.94639708790939,52.94972391746585,408,43.919821826280625,2386,legacy12,0,regr_final,2392,data30-2,bytetrack,4490,True
42.86354560047441,42.93767592566295,2104,6,374,42.89414198680038,52.86253995931415,415,43.76391982182628,2386,legacy12,0,regr_final_motion_always,2392,data30-2,bytetrack,4490,True
42.968510078787446,42.93767592566295,2104,6,374,42.94639708790939,52.94972391746585,408,43.919821826280625,2386,legacy12,0,regr_final_no_gap,2392,data30-2,bytetrack,4490,True
42.968510078787446,42.93767592566295,2104,6,374,42.94639708790939,52.94972391746585,408,43.919821826280625,2386,legacy12,0,regr_final_no_motion,2392,data30-2,bytetrack,4490,True
42.968510078787446,42.93767592566295,2104,6,374,42.94639708790939,52.94972391746585,408,43.919821826280625,2386,legacy12,0,regr_final_no_reciprocal,2392,data30-2,bytetrack,4490,True
42.968510078787446,42.93767592566295,2104,6,374,42.94639708790939,52.94972391746585,408,43.919821826280625,2386,legacy12,0,regr_t,2392,data30-2,bytetrack,4490,True
42.88086203005805,42.93767592566295,2104,6,374,42.902818688672006,52.94972391746585,409,43.897550111358576,2386,legacy12,0,regr_tg_old,2392,data30-2,bytetrack,4490,True
41.324422678672775,42.95884847323204,2104,6,374,42.1287567682529,50.30514385353095,500,41.87082405345212,2386,legacy12,0,s2_h_cond_w3_endpoint_c50_r100,2392,data30-2,bytetrack,4490,True
90.92259808795987,89.2317624738791,482,0,69,90.07321266260065,92.28053659684632,25,88.70824053452115,4008,legacy12,0,geometry_greedy,4008,data30-2,deepocsort,4490,True
92.10765083402039,89.2317624738791,482,0,69,90.65830357401133,93.36314426923981,17,88.88641425389756,4008,legacy12,0,geometry_reid_greedy,4008,data30-2,deepocsort,4490,True
89.14415690180564,89.2317624738791,482,0,69,89.18794864418113,90.75076488585549,55,88.04008908685968,4008,legacy12,0,no_refinement,4008,data30-2,deepocsort,4490,True
92.2080391687372,89.2317624738791,482,0,69,90.7076944633786,93.36314426923981,18,88.8641425389755,4008,legacy12,0,partial_hungarian_u080,4008,data30-2,deepocsort,4490,True
92.2080391687372,89.2317624738791,482,0,69,90.7076944633786,93.36314426923981,18,88.8641425389755,4008,legacy12,0,partial_hungarian_u100,4008,data30-2,deepocsort,4490,True
92.10765083402039,89.2317624738791,482,0,69,90.65830357401133,93.36314426923981,17,88.88641425389756,4008,legacy12,0,regr_final,4008,data30-2,deepocsort,4490,True
92.10765083402039,89.2317624738791,482,0,69,90.65830357401133,93.36314426923981,17,88.88641425389756,4008,legacy12,0,regr_final_motion_always,4008,data30-2,deepocsort,4490,True
92.10765083402039,89.2317624738791,482,0,69,90.65830357401133,93.36314426923981,17,88.88641425389756,4008,legacy12,0,regr_final_no_gap,4008,data30-2,deepocsort,4490,True
92.10765083402039,89.2317624738791,482,0,69,90.65830357401133,93.36314426923981,17,88.88641425389756,4008,legacy12,0,regr_final_no_motion,4008,data30-2,deepocsort,4490,True
92.10765083402039,89.2317624738791,482,0,69,90.65830357401133,93.36314426923981,17,88.88641425389756,4008,legacy12,0,regr_final_no_reciprocal,4008,data30-2,deepocsort,4490,True
92.10765083402039,89.2317624738791,482,0,69,90.65830357401133,93.36314426923981,17,88.88641425389756,4008,legacy12,0,regr_t,4008,data30-2,deepocsort,4490,True
91.67406549907747,89.2317624738791,482,0,69,90.44467051022785,93.01012002824194,19,88.84187082405344,4008,legacy12,0,regr_tg_old,4008,data30-2,deepocsort,4490,True
92.07437747994088,89.2317624738791,482,0,69,90.64192720215601,93.3160743704401,19,88.84187082405344,4008,legacy12,0,s2_h_cond_w3_endpoint_c50_r100,4008,data30-2,deepocsort,4490,True
43.571806492244306,30.218418751036623,3131,0,160,36.28596244674275,38.844246879808516,119,27.616926503340757,1359,legacy12,0,geometry_greedy,1359,data30-2,ocsort,4490,True
45.874086510058156,30.218418751036623,3131,0,160,37.23227541152793,40.10942041374594,93,28.19599109131403,1359,legacy12,0,geometry_reid_greedy,1359,data30-2,ocsort,4490,True
42.04795596011574,30.218418751036623,3131,0,160,35.64579509284124,36.313899811933666,188,26.080178173719375,1359,legacy12,0,no_refinement,1359,data30-2,ocsort,4490,True
46.00694363342722,30.218418751036623,3131,0,160,37.28615111831702,40.04103265515473,95,28.15144766146993,1359,legacy12,0,partial_hungarian_u080,1359,data30-2,ocsort,4490,True
45.94512945797152,30.218418751036623,3131,0,160,37.26109416335673,40.04103265515473,95,28.15144766146993,1359,legacy12,0,partial_hungarian_u100,1359,data30-2,ocsort,4490,True
45.874086510058156,30.218418751036623,3131,0,160,37.23227541152793,40.10942041374594,93,28.19599109131403,1359,legacy12,0,regr_final,1359,data30-2,ocsort,4490,True
46.01904656446734,30.218418751036623,3131,0,160,37.29105518378773,40.10942041374594,93,28.19599109131403,1359,legacy12,0,regr_final_motion_always,1359,data30-2,ocsort,4490,True
45.874086510058156,30.218418751036623,3131,0,160,37.23227541152793,40.10942041374594,93,28.19599109131403,1359,legacy12,0,regr_final_no_gap,1359,data30-2,ocsort,4490,True
45.874086510058156,30.218418751036623,3131,0,160,37.23227541152793,40.10942041374594,93,28.19599109131403,1359,legacy12,0,regr_final_no_motion,1359,data30-2,ocsort,4490,True
45.874086510058156,30.218418751036623,3131,0,160,37.23227541152793,40.10942041374594,93,28.19599109131403,1359,legacy12,0,regr_final_no_reciprocal,1359,data30-2,ocsort,4490,True
45.874086510058156,30.218418751036623,3131,0,160,37.23227541152793,40.10942041374594,93,28.19599109131403,1359,legacy12,0,regr_t,1359,data30-2,ocsort,4490,True
45.40106549636077,30.218418751036623,3131,0,160,37.039821579149944,39.73328774149427,100,28.040089086859687,1359,legacy12,0,regr_tg_old,1359,data30-2,ocsort,4490,True
45.890561168926794,30.218418751036623,3131,0,160,37.2389603849127,40.07522653445033,95,28.15144766146993,1359,legacy12,0,s2_h_cond_w3_endpoint_c50_r100,1359,data30-2,ocsort,4490,True
28.942232537297517,44.23866937077038,1702,5,390,35.76275893290371,42.15903286225098,388,44.64993394980185,2083,legacy12,0,geometry_greedy,2088,data30-3,bytetrack,3785,True
29.90745681416125,44.259997777808444,1702,5,390,36.363997165229854,43.41903626766559,378,44.91413474240423,2083,legacy12,0,geometry_reid_greedy,2088,data30-3,bytetrack,3785,True
23.472151483832697,44.259997777808444,1702,5,390,32.190402097337575,33.74765877745616,551,40.3434610303831,2083,legacy12,0,no_refinement,2088,data30-3,bytetrack,3785,True
29.390647750891585,44.259997777808444,1702,5,390,36.04714990863035,42.874169930189,385,44.72919418758256,2083,legacy12,0,partial_hungarian_u080,2088,data30-3,bytetrack,3785,True
29.390647750891585,44.259997777808444,1702,5,390,36.04714990863035,42.874169930189,385,44.72919418758256,2083,legacy12,0,partial_hungarian_u100,2088,data30-3,bytetrack,3785,True
29.83831431081432,44.259997777808444,1702,5,390,36.321829933039794,43.350927975481014,378,44.91413474240423,2083,legacy12,0,regr_final,2088,data30-3,bytetrack,3785,True
29.732422922043284,44.259997777808444,1702,5,390,36.25700913087083,43.146603098927294,380,44.861294583883755,2083,legacy12,0,regr_final_motion_always,2088,data30-3,bytetrack,3785,True
29.90745681416125,44.259997777808444,1702,5,390,36.363997165229854,43.41903626766559,378,44.91413474240423,2083,legacy12,0,regr_final_no_gap,2088,data30-3,bytetrack,3785,True
29.83831431081432,44.259997777808444,1702,5,390,36.321829933039794,43.350927975481014,378,44.91413474240423,2083,legacy12,0,regr_final_no_motion,2088,data30-3,bytetrack,3785,True
29.83831431081432,44.259997777808444,1702,5,390,36.321829933039794,43.350927975481014,378,44.91413474240423,2083,legacy12,0,regr_final_no_reciprocal,2088,data30-3,bytetrack,3785,True
29.83831431081432,44.259997777808444,1702,5,390,36.321829933039794,43.350927975481014,378,44.91413474240423,2083,legacy12,0,regr_t,2088,data30-3,bytetrack,3785,True
29.386520527619698,44.259997777808444,1702,5,390,36.0450708807923,43.01038651455815,382,44.80845442536327,2083,legacy12,0,regr_tg_old,2088,data30-3,bytetrack,3785,True
29.397653431431138,44.259997777808444,1702,5,390,36.0515797619185,42.908224076281286,392,44.5442536327609,2083,legacy12,0,s2_h_cond_w3_endpoint_c50_r100,2088,data30-3,bytetrack,3785,True
91.70050064242889,90.06605019815058,376,0,48,90.87960108878417,92.71615234917986,16,89.6433289299868,3409,legacy12,0,geometry_greedy,3409,data30-3,deepocsort,3785,True
91.58318072621408,90.06605019815058,376,0,48,90.8214476464315,92.68835140394773,17,89.61690885072655,3409,legacy12,0,geometry_reid_greedy,3409,data30-3,deepocsort,3785,True
88.39007640854163,90.06605019815058,376,0,48,89.22412823239056,89.8804559355018,41,88.98282694848085,3409,legacy12,0,no_refinement,3409,data30-3,deepocsort,3785,True
91.58318072621408,90.06605019815058,376,0,48,90.8214476464315,92.68835140394773,17,89.61690885072655,3409,legacy12,0,partial_hungarian_u080,3409,data30-3,deepocsort,3785,True
91.58318072621408,90.06605019815058,376,0,48,90.8214476464315,92.68835140394773,17,89.61690885072655,3409,legacy12,0,partial_hungarian_u100,3409,data30-3,deepocsort,3785,True
91.58318072621408,90.06605019815058,376,0,48,90.8214476464315,92.68835140394773,17,89.61690885072655,3409,legacy12,0,regr_final,3409,data30-3,deepocsort,3785,True
91.58318072621408,90.06605019815058,376,0,48,90.8214476464315,92.68835140394773,17,89.61690885072655,3409,legacy12,0,regr_final_motion_always,3409,data30-3,deepocsort,3785,True
91.58318072621408,90.06605019815058,376,0,48,90.8214476464315,92.68835140394773,17,89.61690885072655,3409,legacy12,0,regr_final_no_gap,3409,data30-3,deepocsort,3785,True
91.58318072621408,90.06605019815058,376,0,48,90.8214476464315,92.68835140394773,17,89.61690885072655,3409,legacy12,0,regr_final_no_motion,3409,data30-3,deepocsort,3785,True
91.58318072621408,90.06605019815058,376,0,48,90.8214476464315,92.68835140394773,17,89.61690885072655,3409,legacy12,0,regr_final_no_reciprocal,3409,data30-3,deepocsort,3785,True
91.58318072621408,90.06605019815058,376,0,48,90.8214476464315,92.68835140394773,17,89.61690885072655,3409,legacy12,0,regr_t,3409,data30-3,deepocsort,3785,True
91.34799111262384,90.06605019815058,376,0,48,90.70475595606767,92.41034195162635,18,89.59048877146631,3409,legacy12,0,regr_tg_old,3409,data30-3,deepocsort,3785,True
91.58318072621408,90.06605019815058,376,0,48,90.8214476464315,92.68835140394773,17,89.61690885072655,3409,legacy12,0,s2_h_cond_w3_endpoint_c50_r100,3409,data30-3,deepocsort,3785,True
23.929430714558304,32.07397622192866,2571,0,159,27.70400678138511,28.525705141028208,190,27.054161162483485,1214,legacy12,0,geometry_greedy,1214,data30-3,ocsort,3785,True
24.390875853196526,32.07397622192866,2571,0,159,27.969847553167675,29.12582516503301,185,27.186261558784675,1214,legacy12,0,geometry_reid_greedy,1214,data30-3,ocsort,3785,True
21.084415338821696,32.07397622192866,2571,0,159,26.00501944299668,23.604720944188838,323,23.54029062087186,1214,legacy12,0,no_refinement,1214,data30-3,ocsort,3785,True
24.72402869953126,32.07397622192866,2571,0,159,28.160218547075367,29.645929185837165,178,27.37120211360634,1214,legacy12,0,partial_hungarian_u080,1214,data30-3,ocsort,3785,True
24.499605662846093,32.07397622192866,2571,0,159,28.032120317178205,29.60592118423685,179,27.344782034346103,1214,legacy12,0,partial_hungarian_u100,1214,data30-3,ocsort,3785,True
24.390875853196526,32.07397622192866,2571,0,159,27.969847553167675,29.12582516503301,185,27.186261558784675,1214,legacy12,0,regr_final,1214,data30-3,ocsort,3785,True
24.622759621212094,32.07397622192866,2571,0,159,28.102487551977003,29.445889177835564,186,27.159841479524438,1214,legacy12,0,regr_final_motion_always,1214,data30-3,ocsort,3785,True
24.390875853196526,32.07397622192866,2571,0,159,27.969847553167675,29.12582516503301,185,27.186261558784675,1214,legacy12,0,regr_final_no_gap,1214,data30-3,ocsort,3785,True
24.390875853196526,32.07397622192866,2571,0,159,27.969847553167675,29.12582516503301,185,27.186261558784675,1214,legacy12,0,regr_final_no_motion,1214,data30-3,ocsort,3785,True
24.390875853196526,32.07397622192866,2571,0,159,27.969847553167675,29.12582516503301,185,27.186261558784675,1214,legacy12,0,regr_final_no_reciprocal,1214,data30-3,ocsort,3785,True
24.390875853196526,32.07397622192866,2571,0,159,27.969847553167675,29.12582516503301,185,27.186261558784675,1214,legacy12,0,regr_t,1214,data30-3,ocsort,3785,True
23.00162779090426,32.07397622192866,2571,0,159,27.161621137758267,28.285657131426284,189,27.080581241743722,1214,legacy12,0,regr_tg_old,1214,data30-3,ocsort,3785,True
24.4253356891732,32.07397622192866,2571,0,159,27.98959871286416,29.485897179435888,187,27.1334214002642,1214,legacy12,0,s2_h_cond_w3_endpoint_c50_r100,1214,data30-3,ocsort,3785,True
31.50624935440927,53.31528199525065,1097,3,174,40.9165624762528,43.67723805700522,259,55.266622778143514,1941,legacy12,0,geometry_greedy,1944,data30-4,bytetrack,3038,True
32.14797947393836,53.31528199525065,1097,3,174,41.334733584544416,45.28301886792453,253,55.464121132323896,1941,legacy12,0,geometry_reid_greedy,1944,data30-4,bytetrack,3038,True
29.2145185432089,53.31528199525065,1097,3,174,39.38625951953944,41.188277800080286,325,53.094140882159316,1941,legacy12,0,no_refinement,1944,data30-4,bytetrack,3038,True
31.875380153436268,53.31528199525065,1097,3,174,41.157059069890835,44.35969490164592,266,55.036208031599735,1941,legacy12,0,partial_hungarian_u080,1944,data30-4,bytetrack,3038,True
31.901320423168766,53.31528199525065,1097,3,174,41.17398835963493,44.56041750301084,266,55.036208031599735,1941,legacy12,0,partial_hungarian_u100,1944,data30-4,bytetrack,3038,True
32.13703635730078,53.31528199525065,1097,3,174,41.327662233753145,45.242874347651544,254,55.431204739960506,1941,legacy12,0,regr_final,1944,data30-4,bytetrack,3038,True
32.1657109230437,53.31528199525065,1097,3,174,41.346061924541104,45.242874347651544,254,55.431204739960506,1941,legacy12,0,regr_final_motion_always,1944,data30-4,bytetrack,3038,True
32.14797947393836,53.31528199525065,1097,3,174,41.334733584544416,45.28301886792453,253,55.464121132323896,1941,legacy12,0,regr_final_no_gap,1944,data30-4,bytetrack,3038,True
32.00101760543079,53.31528199525065,1097,3,174,41.239374754465494,44.92171818546768,253,55.464121132323896,1941,legacy12,0,regr_final_no_motion,1944,data30-4,bytetrack,3038,True
32.13703635730078,53.31528199525065,1097,3,174,41.327662233753145,45.242874347651544,254,55.431204739960506,1941,legacy12,0,regr_final_no_reciprocal,1944,data30-4,bytetrack,3038,True
32.00101760543079,53.31528199525065,1097,3,174,41.239374754465494,44.92171818546768,253,55.464121132323896,1941,legacy12,0,regr_t,1944,data30-4,bytetrack,3038,True
31.123015119521273,53.31528199525065,1097,3,174,40.664477527762834,44.35969490164592,255,55.3982883475971,1941,legacy12,0,regr_tg_old,1944,data30-4,bytetrack,3038,True
31.829519983204296,53.31528199525065,1097,3,174,41.12741787973315,44.60056202328382,271,54.87162606978275,1941,legacy12,0,s2_h_cond_w3_endpoint_c50_r100,1944,data30-4,bytetrack,3038,True
87.19605152018438,88.87425938117183,338,0,56,88.03115641532202,88.60230045311955,30,87.88676761026991,2700,legacy12,0,geometry_greedy,2700,data30-4,deepocsort,3038,True
88.2789271935095,88.87425938117183,338,0,56,88.57609312499365,89.85709306378529,28,87.95260039499671,2700,legacy12,0,geometry_reid_greedy,2700,data30-4,deepocsort,3038,True
85.31083049320432,88.87425938117183,338,0,56,87.07431812696683,86.7898222377135,57,86.99802501645819,2700,legacy12,0,no_refinement,2700,data30-4,deepocsort,3038,True
88.02458381194377,88.87425938117183,338,0,56,88.44840130619879,89.54339491111885,27,87.98551678736011,2700,legacy12,0,partial_hungarian_u080,2700,data30-4,deepocsort,3038,True
88.02458381194377,88.87425938117183,338,0,56,88.44840130619879,89.54339491111885,27,87.98551678736011,2700,legacy12,0,partial_hungarian_u100,2700,data30-4,deepocsort,3038,True
88.2789271935095,88.87425938117183,338,0,56,88.57609312499365,89.85709306378529,28,87.95260039499671,2700,legacy12,0,regr_final,2700,data30-4,deepocsort,3038,True
88.2789271935095,88.87425938117183,338,0,56,88.57609312499365,89.85709306378529,28,87.95260039499671,2700,legacy12,0,regr_final_motion_always,2700,data30-4,deepocsort,3038,True
88.2789271935095,88.87425938117183,338,0,56,88.57609312499365,89.85709306378529,28,87.95260039499671,2700,legacy12,0,regr_final_no_gap,2700,data30-4,deepocsort,3038,True
88.2789271935095,88.87425938117183,338,0,56,88.57609312499365,89.85709306378529,28,87.95260039499671,2700,legacy12,0,regr_final_no_motion,2700,data30-4,deepocsort,3038,True
88.2789271935095,88.87425938117183,338,0,56,88.57609312499365,89.85709306378529,28,87.95260039499671,2700,legacy12,0,regr_final_no_reciprocal,2700,data30-4,deepocsort,3038,True
88.2789271935095,88.87425938117183,338,0,56,88.57609312499365,89.85709306378529,28,87.95260039499671,2700,legacy12,0,regr_t,2700,data30-4,deepocsort,3038,True
88.2789271935095,88.87425938117183,338,0,56,88.57609312499365,89.85709306378529,28,87.95260039499671,2700,legacy12,0,regr_tg_old,2700,data30-4,deepocsort,3038,True
88.19148818107664,88.87425938117183,338,0,56,88.5322155817675,89.82223771348902,29,87.91968400263332,2700,legacy12,0,s2_h_cond_w3_endpoint_c50_r100,2700,data30-4,deepocsort,3038,True
33.379115289437664,47.685274891980626,1588,0,123,39.89601834106971,38.814616755793224,145,42.95589203423305,1450,legacy12,0,geometry_greedy,1450,data30-4,ocsort,3038,True
34.09365691955515,47.7287689269256,1588,0,123,40.339165496912884,39.48306595365419,148,42.857142857142854,1450,legacy12,0,geometry_reid_greedy,1450,data30-4,ocsort,3038,True
28.703361513569543,47.685274891980626,1588,0,123,36.996319824069424,34.180035650623886,190,41.474654377880185,1450,legacy12,0,no_refinement,1450,data30-4,ocsort,3038,True
33.280169594186,47.685274891980626,1588,0,123,39.83684258259661,38.50267379679144,144,42.98880842659645,1450,legacy12,0,partial_hungarian_u080,1450,data30-4,ocsort,3038,True
33.280169594186,47.685274891980626,1588,0,123,39.83684258259661,38.50267379679144,144,42.98880842659645,1450,legacy12,0,partial_hungarian_u100,1450,data30-4,ocsort,3038,True
34.09365691955515,47.7287689269256,1588,0,123,40.339165496912884,39.48306595365419,148,42.857142857142854,1450,legacy12,0,regr_final,1450,data30-4,ocsort,3038,True
33.91768779327074,47.7287689269256,1588,0,123,40.234928646893664,39.037433155080215,148,42.857142857142854,1450,legacy12,0,regr_final_motion_always,1450,data30-4,ocsort,3038,True
34.09365691955515,47.7287689269256,1588,0,123,40.339165496912884,39.48306595365419,148,42.857142857142854,1450,legacy12,0,regr_final_no_gap,1450,data30-4,ocsort,3038,True
34.09365691955515,47.7287689269256,1588,0,123,40.339165496912884,39.48306595365419,148,42.857142857142854,1450,legacy12,0,regr_final_no_motion,1450,data30-4,ocsort,3038,True
34.09365691955515,47.7287689269256,1588,0,123,40.339165496912884,39.48306595365419,148,42.857142857142854,1450,legacy12,0,regr_final_no_reciprocal,1450,data30-4,ocsort,3038,True
34.09365691955515,47.7287689269256,1588,0,123,40.339165496912884,39.48306595365419,148,42.857142857142854,1450,legacy12,0,regr_t,1450,data30-4,ocsort,3038,True
31.06436214898996,47.7287689269256,1588,0,123,38.50537316883809,37.65597147950089,153,42.69256089532587,1450,legacy12,0,regr_tg_old,1450,data30-4,ocsort,3038,True
34.26242484428306,47.64180947153233,1588,0,123,40.40202763741962,39.3048128342246,146,42.92297564186965,1450,legacy12,0,s2_h_cond_w3_endpoint_c50_r100,1450,data30-4,ocsort,3038,True
65.5900389048957,44.44337163050574,1243,1,84,53.988494644147934,61.28873585833743,76,50.263752825923135,1411,legacy12,0,geometry_greedy,1412,data30-5,bytetrack,2654,True
65.65970345700221,44.44337163050574,1243,1,84,54.01726750421989,61.633054599114615,70,50.48982667671439,1411,legacy12,0,geometry_reid_greedy,1412,data30-5,bytetrack,2654,True
61.31575497245674,44.44337163050574,1243,1,84,52.19579595730176,58.632562715199214,103,49.24642049736247,1411,legacy12,0,no_refinement,1412,data30-5,bytetrack,2654,True
65.652198521896,44.44337163050574,1243,1,84,54.014099803232355,61.6822429906542,77,50.22607385079125,1411,legacy12,0,partial_hungarian_u080,1412,data30-5,bytetrack,2654,True
65.64979798751335,44.44337163050574,1243,1,84,54.01316047386749,61.6822429906542,77,50.22607385079125,1411,legacy12,0,partial_hungarian_u100,1412,data30-5,bytetrack,2654,True
65.65970345700221,44.44337163050574,1243,1,84,54.01726750421989,61.633054599114615,70,50.48982667671439,1411,legacy12,0,regr_final,1412,data30-5,bytetrack,2654,True
65.65970345700221,44.44337163050574,1243,1,84,54.01726750421989,61.633054599114615,70,50.48982667671439,1411,legacy12,0,regr_final_motion_always,1412,data30-5,bytetrack,2654,True
65.65970345700221,44.44337163050574,1243,1,84,54.01726750421989,61.633054599114615,70,50.48982667671439,1411,legacy12,0,regr_final_no_gap,1412,data30-5,bytetrack,2654,True
65.65970345700221,44.44337163050574,1243,1,84,54.01726750421989,61.633054599114615,70,50.48982667671439,1411,legacy12,0,regr_final_no_motion,1412,data30-5,bytetrack,2654,True
65.65970345700221,44.44337163050574,1243,1,84,54.01726750421989,61.633054599114615,70,50.48982667671439,1411,legacy12,0,regr_final_no_reciprocal,1412,data30-5,bytetrack,2654,True
65.65970345700221,44.44337163050574,1243,1,84,54.01726750421989,61.633054599114615,70,50.48982667671439,1411,legacy12,0,regr_t,1412,data30-5,bytetrack,2654,True
62.02589824566731,44.44337163050574,1243,1,84,52.49819260889853,59.37038858829317,75,50.30143180105501,1411,legacy12,0,regr_tg_old,1412,data30-5,bytetrack,2654,True
62.96612493559688,44.44337163050574,1243,1,84,52.89613342032901,60.05902606984752,81,50.07535795026376,1411,legacy12,0,s2_h_cond_w3_endpoint_c50_r100,1412,data30-5,bytetrack,2654,True
88.48792866146682,90.73678854105815,231,0,15,89.60528498904911,92.33799487886547,11,90.88168801808591,2423,legacy12,0,geometry_greedy,2423,data30-5,deepocsort,2654,True
88.87866654915678,90.73678854105815,231,0,15,89.80290252341231,92.49556824896592,11,90.88168801808591,2423,legacy12,0,geometry_reid_greedy,2423,data30-5,deepocsort,2654,True
87.84506682232305,90.73678854105815,231,0,15,89.27920271443061,91.70770139846366,18,90.61793519216278,2423,legacy12,0,no_refinement,2423,data30-5,deepocsort,2654,True
88.6970175290371,90.73678854105815,231,0,15,89.7110868194082,92.41678156391569,9,90.95704596834966,2423,legacy12,0,partial_hungarian_u080,2423,data30-5,deepocsort,2654,True
88.6970175290371,90.73678854105815,231,0,15,89.7110868194082,92.41678156391569,9,90.95704596834966,2423,legacy12,0,partial_hungarian_u100,2423,data30-5,deepocsort,2654,True
88.51509637322324,90.73678854105815,231,0,15,89.61903928375638,92.33799487886547,11,90.88168801808591,2423,legacy12,0,regr_final,2423,data30-5,deepocsort,2654,True
88.51509637322324,90.73678854105815,231,0,15,89.61903928375638,92.33799487886547,11,90.88168801808591,2423,legacy12,0,regr_final_motion_always,2423,data30-5,deepocsort,2654,True
88.87866654915678,90.73678854105815,231,0,15,89.80290252341231,92.49556824896592,11,90.88168801808591,2423,legacy12,0,regr_final_no_gap,2423,data30-5,deepocsort,2654,True
88.51509637322324,90.73678854105815,231,0,15,89.61903928375638,92.33799487886547,11,90.88168801808591,2423,legacy12,0,regr_final_no_motion,2423,data30-5,deepocsort,2654,True
88.51509637322324,90.73678854105815,231,0,15,89.61903928375638,92.33799487886547,11,90.88168801808591,2423,legacy12,0,regr_final_no_reciprocal,2423,data30-5,deepocsort,2654,True
88.51509637322324,90.73678854105815,231,0,15,89.61903928375638,92.33799487886547,11,90.88168801808591,2423,legacy12,0,regr_t,2423,data30-5,deepocsort,2654,True
88.51509637322324,90.73678854105815,231,0,15,89.61903928375638,92.33799487886547,11,90.88168801808591,2423,legacy12,0,regr_tg_old,2423,data30-5,deepocsort,2654,True
88.51509637322324,90.73678854105815,231,0,15,89.61903928375638,92.33799487886547,11,90.88168801808591,2423,legacy12,0,s2_h_cond_w3_endpoint_c50_r100,2423,data30-5,deepocsort,2654,True
75.83935719508867,46.11906556141673,1430,0,18,59.14085125034973,57.400722021660656,21,45.32780708364733,1224,legacy12,0,geometry_greedy,1224,data30-5,ocsort,2654,True
76.01845421865153,46.11906556141673,1430,0,18,59.210641560344094,57.503867973182054,19,45.40316503391108,1224,legacy12,0,geometry_reid_greedy,1224,data30-5,ocsort,2654,True
69.54224986861647,46.11906556141673,1430,0,18,56.632354542073806,52.965446106240336,53,44.122079879427275,1224,legacy12,0,no_refinement,1224,data30-5,ocsort,2654,True
75.87104940644839,46.11906556141673,1430,0,18,59.15320702877808,57.503867973182054,19,45.40316503391108,1224,legacy12,0,partial_hungarian_u080,1224,data30-5,ocsort,2654,True
75.87104940644839,46.11906556141673,1430,0,18,59.15320702877808,57.503867973182054,19,45.40316503391108,1224,legacy12,0,partial_hungarian_u100,1224,data30-5,ocsort,2654,True
76.01845421865153,46.11906556141673,1430,0,18,59.210641560344094,57.503867973182054,19,45.40316503391108,1224,legacy12,0,regr_final,1224,data30-5,ocsort,2654,True
75.97065971609706,46.11906556141673,1430,0,18,59.192025106349924,57.503867973182054,19,45.40316503391108,1224,legacy12,0,regr_final_motion_always,1224,data30-5,ocsort,2654,True
76.01845421865153,46.11906556141673,1430,0,18,59.210641560344094,57.503867973182054,19,45.40316503391108,1224,legacy12,0,regr_final_no_gap,1224,data30-5,ocsort,2654,True
76.01845421865153,46.11906556141673,1430,0,18,59.210641560344094,57.503867973182054,19,45.40316503391108,1224,legacy12,0,regr_final_no_motion,1224,data30-5,ocsort,2654,True
76.01845421865153,46.11906556141673,1430,0,18,59.210641560344094,57.503867973182054,19,45.40316503391108,1224,legacy12,0,regr_final_no_reciprocal,1224,data30-5,ocsort,2654,True
76.01845421865153,46.11906556141673,1430,0,18,59.210641560344094,57.503867973182054,19,45.40316503391108,1224,legacy12,0,regr_t,1224,data30-5,ocsort,2654,True
73.3266552768526,46.11906556141673,1430,0,18,58.152874581679704,55.853532748839605,24,45.214770158251696,1224,legacy12,0,regr_tg_old,1224,data30-5,ocsort,2654,True
75.13453018351267,46.11906556141673,1430,0,18,58.86539155955446,57.194430118617845,20,45.365486058779204,1224,legacy12,0,s2_h_cond_w3_endpoint_c50_r100,1224,data30-5,ocsort,2654,True
66.13945364612161,32.49558696259048,2258,23,130,46.3419784789408,47.56606397774687,150,33.10401761144744,1376,legacy12,0,geometry_greedy,1399,data30-9,bytetrack,3634,True
66.77747163299776,32.49558696259048,2258,23,130,46.56566393427926,48.281343135306976,133,33.57182168409466,1376,legacy12,0,geometry_reid_greedy,1399,data30-9,bytetrack,3634,True
64.70676461488992,32.49558696259048,2258,23,130,45.829964775725855,46.05603020067554,197,31.810676940011007,1376,legacy12,0,no_refinement,1399,data30-9,bytetrack,3634,True
66.3796340761535,32.49558696259048,2258,23,130,46.42608186072106,47.883965825551364,129,33.68189323059989,1376,legacy12,0,partial_hungarian_u080,1399,data30-9,bytetrack,3634,True
66.47883336682538,32.49558696259048,2258,23,130,46.46093183910781,48.00317901847804,133,33.57182168409466,1376,legacy12,0,partial_hungarian_u100,1399,data30-9,bytetrack,3634,True
66.7839181701753,32.49558696259048,2258,23,130,46.56791428220132,48.281343135306976,133,33.57182168409466,1376,legacy12,0,regr_final,1399,data30-9,bytetrack,3634,True
66.7839181701753,32.49558696259048,2258,23,130,46.56791428220132,48.281343135306976,133,33.57182168409466,1376,legacy12,0,regr_final_motion_always,1399,data30-9,bytetrack,3634,True
66.77747163299776,32.49558696259048,2258,23,130,46.56566393427926,48.281343135306976,133,33.57182168409466,1376,legacy12,0,regr_final_no_gap,1399,data30-9,bytetrack,3634,True
66.7839181701753,32.49558696259048,2258,23,130,46.56791428220132,48.281343135306976,133,33.57182168409466,1376,legacy12,0,regr_final_no_motion,1399,data30-9,bytetrack,3634,True
66.7839181701753,32.49558696259048,2258,23,130,46.56791428220132,48.281343135306976,133,33.57182168409466,1376,legacy12,0,regr_final_no_reciprocal,1399,data30-9,bytetrack,3634,True
66.7839181701753,32.49558696259048,2258,23,130,46.56791428220132,48.281343135306976,133,33.57182168409466,1376,legacy12,0,regr_t,1399,data30-9,bytetrack,3634,True
66.7839181701753,32.49558696259048,2258,23,130,46.56791428220132,48.281343135306976,133,33.57182168409466,1376,legacy12,0,regr_tg_old,1399,data30-9,bytetrack,3634,True
66.82880017207738,32.49558696259048,2258,23,130,46.58326497701169,48.281343135306976,136,33.48926802421574,1376,legacy12,0,s2_h_cond_w3_endpoint_c50_r100,1399,data30-9,bytetrack,3634,True
91.10191867922242,90.47881122729775,346,0,30,90.78983039207638,93.38341519791967,18,89.98348926802421,3288,legacy12,0,geometry_greedy,3288,data30-9,deepocsort,3634,True
91.25076859723387,90.47881122729775,346,0,30,90.86397012157764,93.44120196475008,17,90.01100715465053,3288,legacy12,0,geometry_reid_greedy,3288,data30-9,deepocsort,3634,True
90.95975780888864,90.47881122729775,346,0,30,90.71896580137559,93.26784166425888,32,89.59823885525591,3288,legacy12,0,no_refinement,3288,data30-9,deepocsort,3634,True
91.05434595053751,90.47881122729775,346,0,30,90.76612241736308,93.35452181450448,18,89.98348926802421,3288,legacy12,0,partial_hungarian_u080,3288,data30-9,deepocsort,3634,True
91.05434595053751,90.47881122729775,346,0,30,90.76612241736308,93.35452181450448,18,89.98348926802421,3288,legacy12,0,partial_hungarian_u100,3288,data30-9,deepocsort,3634,True
91.25076859723387,90.47881122729775,346,0,30,90.86397012157764,93.44120196475008,17,90.01100715465053,3288,legacy12,0,regr_final,3288,data30-9,deepocsort,3634,True
91.25076859723387,90.47881122729775,346,0,30,90.86397012157764,93.44120196475008,17,90.01100715465053,3288,legacy12,0,regr_final_motion_always,3288,data30-9,deepocsort,3634,True
91.25076859723387,90.47881122729775,346,0,30,90.86397012157764,93.44120196475008,17,90.01100715465053,3288,legacy12,0,regr_final_no_gap,3288,data30-9,deepocsort,3634,True
91.25076859723387,90.47881122729775,346,0,30,90.86397012157764,93.44120196475008,17,90.01100715465053,3288,legacy12,0,regr_final_no_motion,3288,data30-9,deepocsort,3634,True
91.25076859723387,90.47881122729775,346,0,30,90.86397012157764,93.44120196475008,17,90.01100715465053,3288,legacy12,0,regr_final_no_reciprocal,3288,data30-9,deepocsort,3634,True
91.25076859723387,90.47881122729775,346,0,30,90.86397012157764,93.44120196475008,17,90.01100715465053,3288,legacy12,0,regr_t,3288,data30-9,deepocsort,3634,True
91.25076859723387,90.47881122729775,346,0,30,90.86397012157764,93.44120196475008,17,90.01100715465053,3288,legacy12,0,regr_tg_old,3288,data30-9,deepocsort,3634,True
91.25076859723387,90.47881122729775,346,0,30,90.86397012157764,93.44120196475008,17,90.01100715465053,3288,legacy12,0,s2_h_cond_w3_endpoint_c50_r100,3288,data30-9,deepocsort,3634,True
69.51344273447148,35.663181067694,2338,0,29,49.790265061337394,47.099391480730226,118,32.416070445789764,1296,legacy12,0,geometry_greedy,1296,data30-9,ocsort,3634,True
70.2971898698966,35.663181067694,2338,0,29,50.07016487770123,49.046653144016226,62,33.95707209686296,1296,legacy12,0,geometry_reid_greedy,1296,data30-9,ocsort,3634,True
67.81286515989107,35.663181067694,2338,0,29,49.17745915474197,43.40770791075051,198,30.214639515685192,1296,legacy12,0,no_refinement,1296,data30-9,ocsort,3634,True
70.46850109172918,35.663181067694,2338,0,29,50.13113717045853,49.33062880324543,51,34.259768849752334,1296,legacy12,0,partial_hungarian_u080,1296,data30-9,ocsort,3634,True
70.46850109172918,35.663181067694,2338,0,29,50.13113717045853,49.33062880324543,51,34.259768849752334,1296,legacy12,0,partial_hungarian_u100,1296,data30-9,ocsort,3634,True
70.2971898698966,35.663181067694,2338,0,29,50.07016487770123,49.046653144016226,62,33.95707209686296,1296,legacy12,0,regr_final,1296,data30-9,ocsort,3634,True
70.2971898698966,35.663181067694,2338,0,29,50.07016487770123,49.046653144016226,62,33.95707209686296,1296,legacy12,0,regr_final_motion_always,1296,data30-9,ocsort,3634,True
70.2971898698966,35.663181067694,2338,0,29,50.07016487770123,49.046653144016226,62,33.95707209686296,1296,legacy12,0,regr_final_no_gap,1296,data30-9,ocsort,3634,True
70.2971898698966,35.663181067694,2338,0,29,50.07016487770123,49.046653144016226,62,33.95707209686296,1296,legacy12,0,regr_final_no_motion,1296,data30-9,ocsort,3634,True
70.2971898698966,35.663181067694,2338,0,29,50.07016487770123,49.046653144016226,62,33.95707209686296,1296,legacy12,0,regr_final_no_reciprocal,1296,data30-9,ocsort,3634,True
70.2971898698966,35.663181067694,2338,0,29,50.07016487770123,49.046653144016226,62,33.95707209686296,1296,legacy12,0,regr_t,1296,data30-9,ocsort,3634,True
70.2971898698966,35.663181067694,2338,0,29,50.07016487770123,49.046653144016226,62,33.95707209686296,1296,legacy12,0,regr_tg_old,1296,data30-9,ocsort,3634,True
70.15935886188072,35.663181067694,2338,0,29,50.02105475381915,49.08722109533469,59,34.039625756741884,1296,legacy12,0,s2_h_cond_w3_endpoint_c50_r100,1296,data30-9,ocsort,3634,True
