AssA,DetA,FN,FP,Frag,HOTA,IDF1,IDSW,MOTA,TP,accepted_correct,accepted_false,accepted_unknown,box_preserving,class_instances,duplicate_frame_identity_count,duplicate_free,eligible_source_tracklets,family,input_rows,method,output_rows,predicted_boxes,protocol,sequence,tie_ambiguous,tie_excluded_correct,tie_excluded_false,tracker,valid_common_box_protocol,valid_gt_boxes
16.829566687274657,55.178320569014886,1176,55,304,30.389773759204598,33.88636029951549,601,53.80736258194655,2790,0,0,0,True,8,0,True,238,legacy12,2845,no_refinement,2845,2845,oracle_aabb,data28-1,0,0,0,bytetrack,True,3966
18.14532796265034,55.178320569014886,1176,55,304,31.568483359813747,36.734693877551024,571,54.563792233988906,2790,12,16,53,True,8,0,True,238,legacy12,2845,ace_v1,2845,2845,oracle_aabb,data28-1,3,12,13,bytetrack,True,3966
18.41718756807034,55.178320569014886,1176,55,304,31.804145464966606,36.99897225077081,565,54.71507816439738,2790,14,17,56,True,8,0,True,238,legacy12,2845,cost_r,2845,2845,oracle_aabb,data28-1,5,13,13,bytetrack,True,3966
18.83581632095986,55.178320569014886,1176,55,304,32.17015010318135,38.29099985317868,522,55.79929399899143,2790,19,28,74,True,8,0,True,238,legacy12,2845,cost_g_legacy,2845,2845,oracle_aabb,data28-1,6,18,23,bytetrack,True,3966
18.109168044356135,55.178320569014886,1176,55,304,31.539087728837263,36.793422404933196,564,54.74029248613213,2790,15,26,66,True,8,0,True,238,legacy12,2845,cost_h,2845,2845,oracle_aabb,data28-1,7,13,21,bytetrack,True,3966
18.060230413620843,55.178320569014886,1176,55,304,31.49617687294186,36.734693877551024,564,54.74029248613213,2790,14,24,63,True,8,0,True,238,legacy12,2845,path_g,2845,2845,oracle_aabb,data28-1,5,13,20,bytetrack,True,3966
18.340378177894014,55.178320569014886,1176,55,304,31.738651387616212,37.057700778152984,566,54.68986384266263,2790,15,21,62,True,8,0,True,238,legacy12,2845,cost_h_margin_reassign,2845,2845,oracle_aabb,data28-1,5,14,17,bytetrack,True,3966
18.170344640461717,55.178320569014886,1176,55,304,31.592922906754637,36.793422404933196,563,54.76550680786687,2790,15,26,65,True,8,0,True,238,legacy12,2845,cost_h_motion_reassign,2845,2845,oracle_aabb,data28-1,7,13,21,bytetrack,True,3966
18.37013876028577,55.178320569014886,1176,55,304,31.764080716641363,36.96960798707972,566,54.68986384266263,2790,15,17,61,True,8,0,True,238,legacy12,2845,cost_h_full_postfilter,2845,2845,oracle_aabb,data28-1,7,13,12,bytetrack,True,3966
18.339129568214226,55.178320569014886,1176,55,304,31.737552127300095,37.057700778152984,566,54.68986384266263,2790,15,21,61,True,8,0,True,238,legacy12,2845,cost_h_full_reassign,2845,2845,oracle_aabb,data28-1,5,14,17,bytetrack,True,3966
18.140479285711468,55.178320569014886,1176,55,304,31.56598461832309,36.793422404933196,564,54.74029248613213,2790,16,25,64,True,8,0,True,238,legacy12,2845,cost_h_soft_information,2845,2845,oracle_aabb,data28-1,7,14,20,bytetrack,True,3966
18.258073656413362,55.178320569014886,1176,55,304,31.666733231637977,36.99897225077081,564,54.74029248613213,2790,14,21,60,True,8,0,True,238,legacy12,2845,path_g_full_reassign,2845,2845,oracle_aabb,data28-1,5,13,17,bytetrack,True,3966
13.678659672826921,34.26626323751892,2607,0,295,21.649862657428603,22.910798122065728,308,26.500252143217345,1359,0,0,0,True,8,0,True,197,legacy12,1359,no_refinement,1359,1359,oracle_aabb,data28-1,0,0,0,ocsort,True,3966
13.71566877404598,34.26626323751892,2607,0,295,21.679130902554142,23.624413145539904,284,27.105395864851232,1359,15,60,0,True,8,0,True,197,legacy12,1359,ace_v1,1359,1359,oracle_aabb,data28-1,14,15,46,ocsort,True,3966
15.03133431694108,34.26626323751892,2607,0,295,22.69510208206728,24.413145539906104,275,27.332324760463944,1359,22,54,0,True,8,0,True,197,legacy12,1359,cost_r,1359,1359,oracle_aabb,data28-1,13,22,41,ocsort,True,3966
14.911063701215246,34.26626323751892,2607,0,295,22.604124268311185,24.976525821596244,266,27.55925365607665,1359,29,79,0,True,8,0,True,197,legacy12,1359,cost_g_legacy,1359,1359,oracle_aabb,data28-1,18,28,62,ocsort,True,3966
14.6224981333318,34.26626323751892,2607,0,295,22.384333142331407,24.0,276,27.307110438729197,1359,24,71,0,True,8,0,True,197,legacy12,1359,cost_h,1359,1359,oracle_aabb,data28-1,16,23,56,ocsort,True,3966
15.079671793304787,34.26626323751892,2607,0,295,22.731564029005366,24.60093896713615,274,27.35753908219869,1359,25,62,0,True,8,0,True,197,legacy12,1359,path_g,1359,1359,oracle_aabb,data28-1,14,24,49,ocsort,True,3966
15.08839968726407,34.26626323751892,2607,0,295,22.738141426173968,24.525821596244132,276,27.307110438729197,1359,23,56,0,True,8,0,True,197,legacy12,1359,cost_h_margin_reassign,1359,1359,oracle_aabb,data28-1,13,23,43,ocsort,True,3966
14.644801274625962,34.26626323751892,2607,0,295,22.401397624645785,24.0,276,27.307110438729197,1359,24,69,0,True,8,0,True,197,legacy12,1359,cost_h_motion_reassign,1359,1359,oracle_aabb,data28-1,16,23,54,ocsort,True,3966
14.892419876840401,34.26626323751892,2607,0,295,22.58998848480168,23.924882629107984,277,27.281896116994453,1359,22,50,0,True,8,0,True,197,legacy12,1359,cost_h_full_postfilter,1359,1359,oracle_aabb,data28-1,13,22,37,ocsort,True,3966
15.091864526164569,34.26626323751892,2607,0,295,22.740752023592552,24.525821596244132,276,27.307110438729197,1359,23,55,0,True,8,0,True,197,legacy12,1359,cost_h_full_reassign,1359,1359,oracle_aabb,data28-1,13,23,42,ocsort,True,3966
14.765871197033547,34.26626323751892,2607,0,295,22.4938042440324,24.037558685446008,276,27.307110438729197,1359,24,67,0,True,8,0,True,197,legacy12,1359,cost_h_soft_information,1359,1359,oracle_aabb,data28-1,14,24,53,ocsort,True,3966
15.102319833494152,34.26626323751892,2607,0,295,22.748627802830505,24.525821596244132,275,27.332324760463944,1359,23,54,0,True,8,0,True,197,legacy12,1359,path_g_full_reassign,1359,1359,oracle_aabb,data28-1,13,23,41,ocsort,True,3966
94.63322806660976,84.11497730711042,630,0,14,89.21923464882158,90.60531361270885,13,83.78719112455875,3336,0,0,0,True,8,0,True,47,legacy12,3336,no_refinement,3336,3336,oracle_aabb,data28-1,0,0,0,deepocsort,True,3966
94.61489932301119,84.11497730711042,630,0,14,89.21059415489634,90.60531361270885,13,83.78719112455875,3336,0,1,0,True,8,0,True,47,legacy12,3336,ace_v1,3336,3336,oracle_aabb,data28-1,0,0,1,deepocsort,True,3966
94.61489932301119,84.11497730711042,630,0,14,89.21059415489634,90.60531361270885,13,83.78719112455875,3336,0,1,0,True,8,0,True,47,legacy12,3336,cost_r,3336,3336,oracle_aabb,data28-1,0,0,1,deepocsort,True,3966
94.61489932301119,84.11497730711042,630,0,14,89.21059415489634,90.60531361270885,13,83.78719112455875,3336,0,1,0,True,8,0,True,47,legacy12,3336,cost_g_legacy,3336,3336,oracle_aabb,data28-1,0,0,1,deepocsort,True,3966
94.61489932301119,84.11497730711042,630,0,14,89.21059415489634,90.60531361270885,13,83.78719112455875,3336,0,1,0,True,8,0,True,47,legacy12,3336,cost_h,3336,3336,oracle_aabb,data28-1,0,0,1,deepocsort,True,3966
94.61489932301119,84.11497730711042,630,0,14,89.21059415489634,90.60531361270885,13,83.78719112455875,3336,0,1,0,True,8,0,True,47,legacy12,3336,path_g,3336,3336,oracle_aabb,data28-1,0,0,1,deepocsort,True,3966
94.61489932301119,84.11497730711042,630,0,14,89.21059415489634,90.60531361270885,13,83.78719112455875,3336,0,1,0,True,8,0,True,47,legacy12,3336,cost_h_margin_reassign,3336,3336,oracle_aabb,data28-1,0,0,1,deepocsort,True,3966
94.61489932301119,84.11497730711042,630,0,14,89.21059415489634,90.60531361270885,13,83.78719112455875,3336,0,1,0,True,8,0,True,47,legacy12,3336,cost_h_motion_reassign,3336,3336,oracle_aabb,data28-1,0,0,1,deepocsort,True,3966
94.61489932301119,84.11497730711042,630,0,14,89.21059415489634,90.60531361270885,13,83.78719112455875,3336,0,1,0,True,8,0,True,47,legacy12,3336,cost_h_full_postfilter,3336,3336,oracle_aabb,data28-1,0,0,1,deepocsort,True,3966
94.61489932301119,84.11497730711042,630,0,14,89.21059415489634,90.60531361270885,13,83.78719112455875,3336,0,1,0,True,8,0,True,47,legacy12,3336,cost_h_full_reassign,3336,3336,oracle_aabb,data28-1,0,0,1,deepocsort,True,3966
94.61489932301119,84.11497730711042,630,0,14,89.21059415489634,90.60531361270885,13,83.78719112455875,3336,0,1,0,True,8,0,True,47,legacy12,3336,cost_h_soft_information,3336,3336,oracle_aabb,data28-1,0,0,1,deepocsort,True,3966
94.61489932301119,84.11497730711042,630,0,14,89.21059415489634,90.60531361270885,13,83.78719112455875,3336,0,1,0,True,8,0,True,47,legacy12,3336,path_g_full_reassign,3336,3336,oracle_aabb,data28-1,0,0,1,deepocsort,True,3966
66.33444904821778,62.32292321344336,222,0,21,64.28195365387226,80.63010501750291,36,73.34710743801654,746,0,0,0,True,6,0,True,32,legacy12,746,no_refinement,746,746,oracle_aabb,data28-2,0,0,0,bytetrack,True,968
68.77706658473382,62.32292321344336,222,0,21,65.45590535627733,83.31388564760793,31,73.86363636363636,746,2,0,3,True,6,0,True,32,legacy12,746,ace_v1,746,746,oracle_aabb,data28-2,0,2,0,bytetrack,True,968
68.77706658473382,62.32292321344336,222,0,21,65.45590535627733,83.31388564760793,31,73.86363636363636,746,2,0,3,True,6,0,True,32,legacy12,746,cost_r,746,746,oracle_aabb,data28-2,0,2,0,bytetrack,True,968
68.77706658473382,62.32292321344336,222,0,21,65.45590535627733,83.31388564760793,31,73.86363636363636,746,2,0,3,True,6,0,True,32,legacy12,746,cost_g_legacy,746,746,oracle_aabb,data28-2,0,2,0,bytetrack,True,968
68.77706658473382,62.32292321344336,222,0,21,65.45590535627733,83.31388564760793,31,73.86363636363636,746,2,0,3,True,6,0,True,32,legacy12,746,cost_h,746,746,oracle_aabb,data28-2,0,2,0,bytetrack,True,968
68.77706658473382,62.32292321344336,222,0,21,65.45590535627733,83.31388564760793,31,73.86363636363636,746,2,0,3,True,6,0,True,32,legacy12,746,path_g,746,746,oracle_aabb,data28-2,0,2,0,bytetrack,True,968
68.77706658473382,62.32292321344336,222,0,21,65.45590535627733,83.31388564760793,31,73.86363636363636,746,2,0,3,True,6,0,True,32,legacy12,746,cost_h_margin_reassign,746,746,oracle_aabb,data28-2,0,2,0,bytetrack,True,968
68.77706658473382,62.32292321344336,222,0,21,65.45590535627733,83.31388564760793,31,73.86363636363636,746,2,0,3,True,6,0,True,32,legacy12,746,cost_h_motion_reassign,746,746,oracle_aabb,data28-2,0,2,0,bytetrack,True,968
68.77706658473382,62.32292321344336,222,0,21,65.45590535627733,83.31388564760793,31,73.86363636363636,746,2,0,3,True,6,0,True,32,legacy12,746,cost_h_full_postfilter,746,746,oracle_aabb,data28-2,0,2,0,bytetrack,True,968
68.77706658473382,62.32292321344336,222,0,21,65.45590535627733,83.31388564760793,31,73.86363636363636,746,2,0,3,True,6,0,True,32,legacy12,746,cost_h_full_reassign,746,746,oracle_aabb,data28-2,0,2,0,bytetrack,True,968
68.77706658473382,62.32292321344336,222,0,21,65.45590535627733,83.31388564760793,31,73.86363636363636,746,2,0,3,True,6,0,True,32,legacy12,746,cost_h_soft_information,746,746,oracle_aabb,data28-2,0,2,0,bytetrack,True,968
68.77706658473382,62.32292321344336,222,0,21,65.45590535627733,83.31388564760793,31,73.86363636363636,746,2,0,3,True,6,0,True,32,legacy12,746,path_g_full_reassign,746,746,oracle_aabb,data28-2,0,2,0,bytetrack,True,968
52.72421238221398,62.70661157024794,361,0,26,57.49918874383141,61.58730158730159,49,57.64462809917356,607,0,0,0,True,6,0,True,58,legacy12,607,no_refinement,607,607,oracle_aabb,data28-2,0,0,0,ocsort,True,968
55.251145944440935,62.70661157024794,361,0,26,58.86095605364508,63.87301587301587,29,59.71074380165289,607,20,14,0,True,6,0,True,58,legacy12,607,ace_v1,607,607,oracle_aabb,data28-2,0,20,14,ocsort,True,968
57.445346084165095,62.70661157024794,361,0,26,60.018355554098655,64.88888888888889,21,60.537190082644635,607,28,6,0,True,6,0,True,58,legacy12,607,cost_r,607,607,oracle_aabb,data28-2,0,28,6,ocsort,True,968
57.445346084165095,62.70661157024794,361,0,26,60.018355554098655,64.88888888888889,21,60.537190082644635,607,28,6,0,True,6,0,True,58,legacy12,607,cost_g_legacy,607,607,oracle_aabb,data28-2,0,28,6,ocsort,True,968
59.01574710554115,62.70661157024794,361,0,26,60.83319431260497,65.52380952380953,16,61.053719008264466,607,33,3,0,True,6,0,True,58,legacy12,607,cost_h,607,607,oracle_aabb,data28-2,0,33,3,ocsort,True,968
57.445346084165095,62.70661157024794,361,0,26,60.018355554098655,64.88888888888889,21,60.537190082644635,607,28,6,0,True,6,0,True,58,legacy12,607,path_g,607,607,oracle_aabb,data28-2,0,28,6,ocsort,True,968
59.01574710554115,62.70661157024794,361,0,26,60.83319431260497,65.52380952380953,16,61.053719008264466,607,33,3,0,True,6,0,True,58,legacy12,607,cost_h_margin_reassign,607,607,oracle_aabb,data28-2,0,33,3,ocsort,True,968
59.01574710554115,62.70661157024794,361,0,26,60.83319431260497,65.52380952380953,16,61.053719008264466,607,33,3,0,True,6,0,True,58,legacy12,607,cost_h_motion_reassign,607,607,oracle_aabb,data28-2,0,33,3,ocsort,True,968
57.74243640711263,62.70661157024794,361,0,26,60.17335399411067,64.88888888888889,21,60.537190082644635,607,28,3,0,True,6,0,True,58,legacy12,607,cost_h_full_postfilter,607,607,oracle_aabb,data28-2,0,28,3,ocsort,True,968
57.445346084165095,62.70661157024794,361,0,26,60.018355554098655,64.88888888888889,21,60.537190082644635,607,28,6,0,True,6,0,True,58,legacy12,607,cost_h_full_reassign,607,607,oracle_aabb,data28-2,0,28,6,ocsort,True,968
57.98140005894705,62.70661157024794,361,0,26,60.29773736878975,65.14285714285715,19,60.74380165289256,607,30,5,0,True,6,0,True,58,legacy12,607,cost_h_soft_information,607,607,oracle_aabb,data28-2,0,30,5,ocsort,True,968
57.445346084165095,62.70661157024794,361,0,26,60.018355554098655,64.88888888888889,21,60.537190082644635,607,28,6,0,True,6,0,True,58,legacy12,607,path_g_full_reassign,607,607,oracle_aabb,data28-2,0,28,6,ocsort,True,968
97.534885877917,76.34297520661158,229,0,3,86.29080700953902,86.11599297012302,4,75.92975206611571,739,0,0,0,True,6,0,True,8,legacy12,739,no_refinement,739,739,oracle_aabb,data28-2,0,0,0,deepocsort,True,968
97.57605870084122,76.34297520661158,229,0,3,86.30901824350221,86.46748681898066,1,76.2396694214876,739,3,0,0,True,6,0,True,8,legacy12,739,ace_v1,739,739,oracle_aabb,data28-2,0,3,0,deepocsort,True,968
97.57605870084122,76.34297520661158,229,0,3,86.30901824350221,86.46748681898066,1,76.2396694214876,739,3,0,0,True,6,0,True,8,legacy12,739,cost_r,739,739,oracle_aabb,data28-2,0,3,0,deepocsort,True,968
97.57605870084122,76.34297520661158,229,0,3,86.30901824350221,86.46748681898066,1,76.2396694214876,739,3,0,0,True,6,0,True,8,legacy12,739,cost_g_legacy,739,739,oracle_aabb,data28-2,0,3,0,deepocsort,True,968
97.57605870084122,76.34297520661158,229,0,3,86.30901824350221,86.46748681898066,1,76.2396694214876,739,3,0,0,True,6,0,True,8,legacy12,739,cost_h,739,739,oracle_aabb,data28-2,0,3,0,deepocsort,True,968
97.57605870084122,76.34297520661158,229,0,3,86.30901824350221,86.46748681898066,1,76.2396694214876,739,3,0,0,True,6,0,True,8,legacy12,739,path_g,739,739,oracle_aabb,data28-2,0,3,0,deepocsort,True,968
97.57605870084122,76.34297520661158,229,0,3,86.30901824350221,86.46748681898066,1,76.2396694214876,739,3,0,0,True,6,0,True,8,legacy12,739,cost_h_margin_reassign,739,739,oracle_aabb,data28-2,0,3,0,deepocsort,True,968
97.57605870084122,76.34297520661158,229,0,3,86.30901824350221,86.46748681898066,1,76.2396694214876,739,3,0,0,True,6,0,True,8,legacy12,739,cost_h_motion_reassign,739,739,oracle_aabb,data28-2,0,3,0,deepocsort,True,968
97.57605870084122,76.34297520661158,229,0,3,86.30901824350221,86.46748681898066,1,76.2396694214876,739,3,0,0,True,6,0,True,8,legacy12,739,cost_h_full_postfilter,739,739,oracle_aabb,data28-2,0,3,0,deepocsort,True,968
97.57605870084122,76.34297520661158,229,0,3,86.30901824350221,86.46748681898066,1,76.2396694214876,739,3,0,0,True,6,0,True,8,legacy12,739,cost_h_full_reassign,739,739,oracle_aabb,data28-2,0,3,0,deepocsort,True,968
97.57605870084122,76.34297520661158,229,0,3,86.30901824350221,86.46748681898066,1,76.2396694214876,739,3,0,0,True,6,0,True,8,legacy12,739,cost_h_soft_information,739,739,oracle_aabb,data28-2,0,3,0,deepocsort,True,968
97.57605870084122,76.34297520661158,229,0,3,86.30901824350221,86.46748681898066,1,76.2396694214876,739,3,0,0,True,6,0,True,8,legacy12,739,path_g_full_reassign,739,739,oracle_aabb,data28-2,0,3,0,deepocsort,True,968
43.67110276343757,16.2829278243805,243,0,6,26.433783708123944,26.997245179063363,9,16.831683168316832,60,0,0,0,True,6,0,True,13,legacy12,60,no_refinement,60,60,oracle_aabb,data28-3,0,0,0,bytetrack,True,303
43.67110276343757,16.2829278243805,243,0,6,26.433783708123944,26.997245179063363,9,16.831683168316832,60,0,0,0,True,6,0,True,13,legacy12,60,ace_v1,60,60,oracle_aabb,data28-3,0,0,0,bytetrack,True,303
43.67110276343757,16.2829278243805,243,0,6,26.433783708123944,26.997245179063363,9,16.831683168316832,60,0,0,0,True,6,0,True,13,legacy12,60,cost_r,60,60,oracle_aabb,data28-3,0,0,0,bytetrack,True,303
43.67110276343757,16.2829278243805,243,0,6,26.433783708123944,26.997245179063363,9,16.831683168316832,60,0,0,0,True,6,0,True,13,legacy12,60,cost_g_legacy,60,60,oracle_aabb,data28-3,0,0,0,bytetrack,True,303
43.67110276343757,16.2829278243805,243,0,6,26.433783708123944,26.997245179063363,9,16.831683168316832,60,0,0,0,True,6,0,True,13,legacy12,60,cost_h,60,60,oracle_aabb,data28-3,0,0,0,bytetrack,True,303
43.67110276343757,16.2829278243805,243,0,6,26.433783708123944,26.997245179063363,9,16.831683168316832,60,0,0,0,True,6,0,True,13,legacy12,60,path_g,60,60,oracle_aabb,data28-3,0,0,0,bytetrack,True,303
43.67110276343757,16.2829278243805,243,0,6,26.433783708123944,26.997245179063363,9,16.831683168316832,60,0,0,0,True,6,0,True,13,legacy12,60,cost_h_margin_reassign,60,60,oracle_aabb,data28-3,0,0,0,bytetrack,True,303
43.67110276343757,16.2829278243805,243,0,6,26.433783708123944,26.997245179063363,9,16.831683168316832,60,0,0,0,True,6,0,True,13,legacy12,60,cost_h_motion_reassign,60,60,oracle_aabb,data28-3,0,0,0,bytetrack,True,303
43.67110276343757,16.2829278243805,243,0,6,26.433783708123944,26.997245179063363,9,16.831683168316832,60,0,0,0,True,6,0,True,13,legacy12,60,cost_h_full_postfilter,60,60,oracle_aabb,data28-3,0,0,0,bytetrack,True,303
43.67110276343757,16.2829278243805,243,0,6,26.433783708123944,26.997245179063363,9,16.831683168316832,60,0,0,0,True,6,0,True,13,legacy12,60,cost_h_full_reassign,60,60,oracle_aabb,data28-3,0,0,0,bytetrack,True,303
43.67110276343757,16.2829278243805,243,0,6,26.433783708123944,26.997245179063363,9,16.831683168316832,60,0,0,0,True,6,0,True,13,legacy12,60,cost_h_soft_information,60,60,oracle_aabb,data28-3,0,0,0,bytetrack,True,303
43.67110276343757,16.2829278243805,243,0,6,26.433783708123944,26.997245179063363,9,16.831683168316832,60,0,0,0,True,6,0,True,13,legacy12,60,path_g_full_reassign,60,60,oracle_aabb,data28-3,0,0,0,bytetrack,True,303
60.53542202478375,15.51155115511551,256,0,0,30.643079078870965,25.142857142857146,3,14.521452145214523,47,0,0,0,True,6,0,True,7,legacy12,47,no_refinement,47,47,oracle_aabb,data28-3,0,0,0,ocsort,True,303
60.53542202478375,15.51155115511551,256,0,0,30.643079078870965,25.142857142857146,3,14.521452145214523,47,0,0,0,True,6,0,True,7,legacy12,47,ace_v1,47,47,oracle_aabb,data28-3,0,0,0,ocsort,True,303
60.53542202478375,15.51155115511551,256,0,0,30.643079078870965,25.142857142857146,3,14.521452145214523,47,0,0,0,True,6,0,True,7,legacy12,47,cost_r,47,47,oracle_aabb,data28-3,0,0,0,ocsort,True,303
60.53542202478375,15.51155115511551,256,0,0,30.643079078870965,25.142857142857146,3,14.521452145214523,47,0,0,0,True,6,0,True,7,legacy12,47,cost_g_legacy,47,47,oracle_aabb,data28-3,0,0,0,ocsort,True,303
60.53542202478375,15.51155115511551,256,0,0,30.643079078870965,25.142857142857146,3,14.521452145214523,47,0,0,0,True,6,0,True,7,legacy12,47,cost_h,47,47,oracle_aabb,data28-3,0,0,0,ocsort,True,303
60.53542202478375,15.51155115511551,256,0,0,30.643079078870965,25.142857142857146,3,14.521452145214523,47,0,0,0,True,6,0,True,7,legacy12,47,path_g,47,47,oracle_aabb,data28-3,0,0,0,ocsort,True,303
60.53542202478375,15.51155115511551,256,0,0,30.643079078870965,25.142857142857146,3,14.521452145214523,47,0,0,0,True,6,0,True,7,legacy12,47,cost_h_margin_reassign,47,47,oracle_aabb,data28-3,0,0,0,ocsort,True,303
60.53542202478375,15.51155115511551,256,0,0,30.643079078870965,25.142857142857146,3,14.521452145214523,47,0,0,0,True,6,0,True,7,legacy12,47,cost_h_motion_reassign,47,47,oracle_aabb,data28-3,0,0,0,ocsort,True,303
60.53542202478375,15.51155115511551,256,0,0,30.643079078870965,25.142857142857146,3,14.521452145214523,47,0,0,0,True,6,0,True,7,legacy12,47,cost_h_full_postfilter,47,47,oracle_aabb,data28-3,0,0,0,ocsort,True,303
60.53542202478375,15.51155115511551,256,0,0,30.643079078870965,25.142857142857146,3,14.521452145214523,47,0,0,0,True,6,0,True,7,legacy12,47,cost_h_full_reassign,47,47,oracle_aabb,data28-3,0,0,0,ocsort,True,303
60.53542202478375,15.51155115511551,256,0,0,30.643079078870965,25.142857142857146,3,14.521452145214523,47,0,0,0,True,6,0,True,7,legacy12,47,cost_h_soft_information,47,47,oracle_aabb,data28-3,0,0,0,ocsort,True,303
60.53542202478375,15.51155115511551,256,0,0,30.643079078870965,25.142857142857146,3,14.521452145214523,47,0,0,0,True,6,0,True,7,legacy12,47,path_g_full_reassign,47,47,oracle_aabb,data28-3,0,0,0,ocsort,True,303
48.539377289377285,7.9207920792079225,279,0,0,19.607914605163508,12.844036697247708,3,6.9306930693069315,24,0,0,0,True,6,0,True,5,legacy12,24,no_refinement,24,24,oracle_aabb,data28-3,0,0,0,deepocsort,True,303
48.539377289377285,7.9207920792079225,279,0,0,19.607914605163508,12.844036697247708,3,6.9306930693069315,24,0,0,0,True,6,0,True,5,legacy12,24,ace_v1,24,24,oracle_aabb,data28-3,0,0,0,deepocsort,True,303
48.539377289377285,7.9207920792079225,279,0,0,19.607914605163508,12.844036697247708,3,6.9306930693069315,24,0,0,0,True,6,0,True,5,legacy12,24,cost_r,24,24,oracle_aabb,data28-3,0,0,0,deepocsort,True,303
48.539377289377285,7.9207920792079225,279,0,0,19.607914605163508,12.844036697247708,3,6.9306930693069315,24,0,0,0,True,6,0,True,5,legacy12,24,cost_g_legacy,24,24,oracle_aabb,data28-3,0,0,0,deepocsort,True,303
48.539377289377285,7.9207920792079225,279,0,0,19.607914605163508,12.844036697247708,3,6.9306930693069315,24,0,0,0,True,6,0,True,5,legacy12,24,cost_h,24,24,oracle_aabb,data28-3,0,0,0,deepocsort,True,303
48.539377289377285,7.9207920792079225,279,0,0,19.607914605163508,12.844036697247708,3,6.9306930693069315,24,0,0,0,True,6,0,True,5,legacy12,24,path_g,24,24,oracle_aabb,data28-3,0,0,0,deepocsort,True,303
48.539377289377285,7.9207920792079225,279,0,0,19.607914605163508,12.844036697247708,3,6.9306930693069315,24,0,0,0,True,6,0,True,5,legacy12,24,cost_h_margin_reassign,24,24,oracle_aabb,data28-3,0,0,0,deepocsort,True,303
48.539377289377285,7.9207920792079225,279,0,0,19.607914605163508,12.844036697247708,3,6.9306930693069315,24,0,0,0,True,6,0,True,5,legacy12,24,cost_h_motion_reassign,24,24,oracle_aabb,data28-3,0,0,0,deepocsort,True,303
48.539377289377285,7.9207920792079225,279,0,0,19.607914605163508,12.844036697247708,3,6.9306930693069315,24,0,0,0,True,6,0,True,5,legacy12,24,cost_h_full_postfilter,24,24,oracle_aabb,data28-3,0,0,0,deepocsort,True,303
48.539377289377285,7.9207920792079225,279,0,0,19.607914605163508,12.844036697247708,3,6.9306930693069315,24,0,0,0,True,6,0,True,5,legacy12,24,cost_h_full_reassign,24,24,oracle_aabb,data28-3,0,0,0,deepocsort,True,303
48.539377289377285,7.9207920792079225,279,0,0,19.607914605163508,12.844036697247708,3,6.9306930693069315,24,0,0,0,True,6,0,True,5,legacy12,24,cost_h_soft_information,24,24,oracle_aabb,data28-3,0,0,0,deepocsort,True,303
48.539377289377285,7.9207920792079225,279,0,0,19.607914605163508,12.844036697247708,3,6.9306930693069315,24,0,0,0,True,6,0,True,5,legacy12,24,path_g_full_reassign,24,24,oracle_aabb,data28-3,0,0,0,deepocsort,True,303
23.99741792598935,4.519783994290178,218,0,0,10.273126410163782,6.557377049180328,4,3.896103896103896,13,0,0,0,True,5,0,True,6,legacy12,13,no_refinement,13,13,oracle_aabb,data28-4,0,0,0,bytetrack,True,231
23.784580777061972,4.519783994290178,218,0,0,10.22552835256771,6.557377049180328,4,3.896103896103896,13,0,0,1,True,5,0,True,6,legacy12,13,ace_v1,13,13,oracle_aabb,data28-4,0,0,0,bytetrack,True,231
23.784580777061972,4.519783994290178,218,0,0,10.22552835256771,6.557377049180328,4,3.896103896103896,13,0,0,1,True,5,0,True,6,legacy12,13,cost_r,13,13,oracle_aabb,data28-4,0,0,0,bytetrack,True,231
23.784580777061972,4.519783994290178,218,0,0,10.22552835256771,6.557377049180328,4,3.896103896103896,13,0,0,1,True,5,0,True,6,legacy12,13,cost_g_legacy,13,13,oracle_aabb,data28-4,0,0,0,bytetrack,True,231
23.784580777061972,4.519783994290178,218,0,0,10.22552835256771,6.557377049180328,4,3.896103896103896,13,0,0,1,True,5,0,True,6,legacy12,13,cost_h,13,13,oracle_aabb,data28-4,0,0,0,bytetrack,True,231
23.784580777061972,4.519783994290178,218,0,0,10.22552835256771,6.557377049180328,4,3.896103896103896,13,0,0,1,True,5,0,True,6,legacy12,13,path_g,13,13,oracle_aabb,data28-4,0,0,0,bytetrack,True,231
23.784580777061972,4.519783994290178,218,0,0,10.22552835256771,6.557377049180328,4,3.896103896103896,13,0,0,1,True,5,0,True,6,legacy12,13,cost_h_margin_reassign,13,13,oracle_aabb,data28-4,0,0,0,bytetrack,True,231
23.784580777061972,4.519783994290178,218,0,0,10.22552835256771,6.557377049180328,4,3.896103896103896,13,0,0,1,True,5,0,True,6,legacy12,13,cost_h_motion_reassign,13,13,oracle_aabb,data28-4,0,0,0,bytetrack,True,231
23.784580777061972,4.519783994290178,218,0,0,10.22552835256771,6.557377049180328,4,3.896103896103896,13,0,0,1,True,5,0,True,6,legacy12,13,cost_h_full_postfilter,13,13,oracle_aabb,data28-4,0,0,0,bytetrack,True,231
23.784580777061972,4.519783994290178,218,0,0,10.22552835256771,6.557377049180328,4,3.896103896103896,13,0,0,1,True,5,0,True,6,legacy12,13,cost_h_full_reassign,13,13,oracle_aabb,data28-4,0,0,0,bytetrack,True,231
23.784580777061972,4.519783994290178,218,0,0,10.22552835256771,6.557377049180328,4,3.896103896103896,13,0,0,1,True,5,0,True,6,legacy12,13,cost_h_soft_information,13,13,oracle_aabb,data28-4,0,0,0,bytetrack,True,231
23.784580777061972,4.519783994290178,218,0,0,10.22552835256771,6.557377049180328,4,3.896103896103896,13,0,0,1,True,5,0,True,6,legacy12,13,path_g_full_reassign,13,13,oracle_aabb,data28-4,0,0,0,bytetrack,True,231
23.492578849721706,3.03030303030303,224,0,0,8.437394910631157,4.201680672268908,2,2.1645021645021645,7,0,0,0,True,5,0,True,3,legacy12,7,no_refinement,7,7,oracle_aabb,data28-4,0,0,0,ocsort,True,231
23.492578849721706,3.03030303030303,224,0,0,8.437394910631157,4.201680672268908,2,2.1645021645021645,7,0,0,0,True,5,0,True,3,legacy12,7,ace_v1,7,7,oracle_aabb,data28-4,0,0,0,ocsort,True,231
23.492578849721706,3.03030303030303,224,0,0,8.437394910631157,4.201680672268908,2,2.1645021645021645,7,0,0,0,True,5,0,True,3,legacy12,7,cost_r,7,7,oracle_aabb,data28-4,0,0,0,ocsort,True,231
23.492578849721706,3.03030303030303,224,0,0,8.437394910631157,4.201680672268908,2,2.1645021645021645,7,0,0,0,True,5,0,True,3,legacy12,7,cost_g_legacy,7,7,oracle_aabb,data28-4,0,0,0,ocsort,True,231
23.492578849721706,3.03030303030303,224,0,0,8.437394910631157,4.201680672268908,2,2.1645021645021645,7,0,0,0,True,5,0,True,3,legacy12,7,cost_h,7,7,oracle_aabb,data28-4,0,0,0,ocsort,True,231
23.492578849721706,3.03030303030303,224,0,0,8.437394910631157,4.201680672268908,2,2.1645021645021645,7,0,0,0,True,5,0,True,3,legacy12,7,path_g,7,7,oracle_aabb,data28-4,0,0,0,ocsort,True,231
23.492578849721706,3.03030303030303,224,0,0,8.437394910631157,4.201680672268908,2,2.1645021645021645,7,0,0,0,True,5,0,True,3,legacy12,7,cost_h_margin_reassign,7,7,oracle_aabb,data28-4,0,0,0,ocsort,True,231
23.492578849721706,3.03030303030303,224,0,0,8.437394910631157,4.201680672268908,2,2.1645021645021645,7,0,0,0,True,5,0,True,3,legacy12,7,cost_h_motion_reassign,7,7,oracle_aabb,data28-4,0,0,0,ocsort,True,231
23.492578849721706,3.03030303030303,224,0,0,8.437394910631157,4.201680672268908,2,2.1645021645021645,7,0,0,0,True,5,0,True,3,legacy12,7,cost_h_full_postfilter,7,7,oracle_aabb,data28-4,0,0,0,ocsort,True,231
23.492578849721706,3.03030303030303,224,0,0,8.437394910631157,4.201680672268908,2,2.1645021645021645,7,0,0,0,True,5,0,True,3,legacy12,7,cost_h_full_reassign,7,7,oracle_aabb,data28-4,0,0,0,ocsort,True,231
23.492578849721706,3.03030303030303,224,0,0,8.437394910631157,4.201680672268908,2,2.1645021645021645,7,0,0,0,True,5,0,True,3,legacy12,7,cost_h_soft_information,7,7,oracle_aabb,data28-4,0,0,0,ocsort,True,231
23.492578849721706,3.03030303030303,224,0,0,8.437394910631157,4.201680672268908,2,2.1645021645021645,7,0,0,0,True,5,0,True,3,legacy12,7,path_g_full_reassign,7,7,oracle_aabb,data28-4,0,0,0,ocsort,True,231
14.611351611351612,6.493506493506492,216,0,0,9.740580401968781,5.691056910569105,8,3.0303030303030303,15,0,0,0,True,5,0,True,8,legacy12,15,no_refinement,15,15,oracle_aabb,data28-4,0,0,0,deepocsort,True,231
14.029341029341024,6.493506493506492,216,0,0,9.544611939395073,5.691056910569105,8,3.0303030303030303,15,0,1,0,True,5,0,True,8,legacy12,15,ace_v1,15,15,oracle_aabb,data28-4,0,0,1,deepocsort,True,231
14.029341029341024,6.493506493506492,216,0,0,9.544611939395073,5.691056910569105,8,3.0303030303030303,15,0,1,0,True,5,0,True,8,legacy12,15,cost_r,15,15,oracle_aabb,data28-4,0,0,1,deepocsort,True,231
14.029341029341024,6.493506493506492,216,0,0,9.544611939395073,5.691056910569105,8,3.0303030303030303,15,0,1,0,True,5,0,True,8,legacy12,15,cost_g_legacy,15,15,oracle_aabb,data28-4,0,0,1,deepocsort,True,231
14.029341029341024,6.493506493506492,216,0,0,9.544611939395073,5.691056910569105,8,3.0303030303030303,15,0,1,0,True,5,0,True,8,legacy12,15,cost_h,15,15,oracle_aabb,data28-4,0,0,1,deepocsort,True,231
14.029341029341024,6.493506493506492,216,0,0,9.544611939395073,5.691056910569105,8,3.0303030303030303,15,0,1,0,True,5,0,True,8,legacy12,15,path_g,15,15,oracle_aabb,data28-4,0,0,1,deepocsort,True,231
14.029341029341024,6.493506493506492,216,0,0,9.544611939395073,5.691056910569105,8,3.0303030303030303,15,0,1,0,True,5,0,True,8,legacy12,15,cost_h_margin_reassign,15,15,oracle_aabb,data28-4,0,0,1,deepocsort,True,231
14.029341029341024,6.493506493506492,216,0,0,9.544611939395073,5.691056910569105,8,3.0303030303030303,15,0,1,0,True,5,0,True,8,legacy12,15,cost_h_motion_reassign,15,15,oracle_aabb,data28-4,0,0,1,deepocsort,True,231
14.029341029341024,6.493506493506492,216,0,0,9.544611939395073,5.691056910569105,8,3.0303030303030303,15,0,1,0,True,5,0,True,8,legacy12,15,cost_h_full_postfilter,15,15,oracle_aabb,data28-4,0,0,1,deepocsort,True,231
14.029341029341024,6.493506493506492,216,0,0,9.544611939395073,5.691056910569105,8,3.0303030303030303,15,0,1,0,True,5,0,True,8,legacy12,15,cost_h_full_reassign,15,15,oracle_aabb,data28-4,0,0,1,deepocsort,True,231
14.029341029341024,6.493506493506492,216,0,0,9.544611939395073,5.691056910569105,8,3.0303030303030303,15,0,1,0,True,5,0,True,8,legacy12,15,cost_h_soft_information,15,15,oracle_aabb,data28-4,0,0,1,deepocsort,True,231
14.029341029341024,6.493506493506492,216,0,0,9.544611939395073,5.691056910569105,8,3.0303030303030303,15,0,1,0,True,5,0,True,8,legacy12,15,path_g_full_reassign,15,15,oracle_aabb,data28-4,0,0,1,deepocsort,True,231
9.947650539136815,10.186872459794568,162,0,4,9.929400740296508,13.725490196078432,8,7.103825136612022,21,0,0,0,True,4,0,True,10,legacy12,21,no_refinement,21,21,oracle_aabb,data28-5,0,0,0,bytetrack,True,183
9.947650539136815,10.186872459794568,162,0,4,9.929400740296508,13.725490196078432,8,7.103825136612022,21,0,0,0,True,4,0,True,10,legacy12,21,ace_v1,21,21,oracle_aabb,data28-5,0,0,0,bytetrack,True,183
9.947650539136815,10.186872459794568,162,0,4,9.929400740296508,13.725490196078432,8,7.103825136612022,21,0,0,0,True,4,0,True,10,legacy12,21,cost_r,21,21,oracle_aabb,data28-5,0,0,0,bytetrack,True,183
9.947650539136815,10.186872459794568,162,0,4,9.929400740296508,13.725490196078432,8,7.103825136612022,21,0,0,0,True,4,0,True,10,legacy12,21,cost_g_legacy,21,21,oracle_aabb,data28-5,0,0,0,bytetrack,True,183
9.947650539136815,10.186872459794568,162,0,4,9.929400740296508,13.725490196078432,8,7.103825136612022,21,0,0,0,True,4,0,True,10,legacy12,21,cost_h,21,21,oracle_aabb,data28-5,0,0,0,bytetrack,True,183
9.947650539136815,10.186872459794568,162,0,4,9.929400740296508,13.725490196078432,8,7.103825136612022,21,0,0,0,True,4,0,True,10,legacy12,21,path_g,21,21,oracle_aabb,data28-5,0,0,0,bytetrack,True,183
9.947650539136815,10.186872459794568,162,0,4,9.929400740296508,13.725490196078432,8,7.103825136612022,21,0,0,0,True,4,0,True,10,legacy12,21,cost_h_margin_reassign,21,21,oracle_aabb,data28-5,0,0,0,bytetrack,True,183
9.947650539136815,10.186872459794568,162,0,4,9.929400740296508,13.725490196078432,8,7.103825136612022,21,0,0,0,True,4,0,True,10,legacy12,21,cost_h_motion_reassign,21,21,oracle_aabb,data28-5,0,0,0,bytetrack,True,183
9.947650539136815,10.186872459794568,162,0,4,9.929400740296508,13.725490196078432,8,7.103825136612022,21,0,0,0,True,4,0,True,10,legacy12,21,cost_h_full_postfilter,21,21,oracle_aabb,data28-5,0,0,0,bytetrack,True,183
9.947650539136815,10.186872459794568,162,0,4,9.929400740296508,13.725490196078432,8,7.103825136612022,21,0,0,0,True,4,0,True,10,legacy12,21,cost_h_full_reassign,21,21,oracle_aabb,data28-5,0,0,0,bytetrack,True,183
9.947650539136815,10.186872459794568,162,0,4,9.929400740296508,13.725490196078432,8,7.103825136612022,21,0,0,0,True,4,0,True,10,legacy12,21,cost_h_soft_information,21,21,oracle_aabb,data28-5,0,0,0,bytetrack,True,183
9.947650539136815,10.186872459794568,162,0,4,9.929400740296508,13.725490196078432,8,7.103825136612022,21,0,0,0,True,4,0,True,10,legacy12,21,path_g_full_reassign,21,21,oracle_aabb,data28-5,0,0,0,bytetrack,True,183
12.811379928315414,16.393442622950822,153,0,0,14.492157250584278,9.389671361502346,20,5.46448087431694,30,0,0,0,True,4,0,True,19,legacy12,30,no_refinement,30,30,oracle_aabb,data28-5,0,0,0,ocsort,True,183
24.583174292851705,16.393442622950822,153,0,0,20.074931064884485,18.779342723004692,10,10.92896174863388,30,10,1,0,True,4,0,True,19,legacy12,30,ace_v1,30,30,oracle_aabb,data28-5,1,9,1,ocsort,True,183
24.583174292851705,16.393442622950822,153,0,0,20.074931064884485,18.779342723004692,10,10.92896174863388,30,10,1,0,True,4,0,True,19,legacy12,30,cost_r,30,30,oracle_aabb,data28-5,1,9,1,ocsort,True,183
25.3251214138311,16.393442622950822,153,0,0,20.375620844943672,19.718309859154928,9,11.475409836065573,30,10,3,0,True,4,0,True,19,legacy12,30,cost_g_legacy,30,30,oracle_aabb,data28-5,1,9,3,ocsort,True,183
25.3251214138311,16.393442622950822,153,0,0,20.375620844943672,19.718309859154928,9,11.475409836065573,30,11,2,0,True,4,0,True,19,legacy12,30,cost_h,30,30,oracle_aabb,data28-5,1,10,2,ocsort,True,183
25.3251214138311,16.393442622950822,153,0,0,20.375620844943672,19.718309859154928,9,11.475409836065573,30,11,2,0,True,4,0,True,19,legacy12,30,path_g,30,30,oracle_aabb,data28-5,1,10,2,ocsort,True,183
25.345079054756464,16.393442622950822,153,0,0,20.383647839832364,19.718309859154928,9,11.475409836065573,30,11,1,0,True,4,0,True,19,legacy12,30,cost_h_margin_reassign,30,30,oracle_aabb,data28-5,1,10,1,ocsort,True,183
25.3251214138311,16.393442622950822,153,0,0,20.375620844943672,19.718309859154928,9,11.475409836065573,30,11,2,0,True,4,0,True,19,legacy12,30,cost_h_motion_reassign,30,30,oracle_aabb,data28-5,1,10,2,ocsort,True,183
24.583174292851705,16.393442622950822,153,0,0,20.074931064884485,18.779342723004692,10,10.92896174863388,30,10,1,0,True,4,0,True,19,legacy12,30,cost_h_full_postfilter,30,30,oracle_aabb,data28-5,1,9,1,ocsort,True,183
24.583174292851705,16.393442622950822,153,0,0,20.074931064884485,18.779342723004692,10,10.92896174863388,30,10,1,0,True,4,0,True,19,legacy12,30,cost_h_full_reassign,30,30,oracle_aabb,data28-5,1,9,1,ocsort,True,183
25.3251214138311,16.393442622950822,153,0,0,20.375620844943672,19.718309859154928,9,11.475409836065573,30,11,2,0,True,4,0,True,19,legacy12,30,cost_h_soft_information,30,30,oracle_aabb,data28-5,1,10,2,ocsort,True,183
24.583174292851705,16.393442622950822,153,0,0,20.074931064884485,18.779342723004692,10,10.92896174863388,30,10,1,0,True,4,0,True,19,legacy12,30,path_g_full_reassign,30,30,oracle_aabb,data28-5,1,9,1,ocsort,True,183
39.55673163082437,52.45901639344264,87,0,5,45.553344916618656,45.16129032258064,20,41.53005464480874,96,0,0,0,True,4,0,True,25,legacy12,96,no_refinement,96,96,oracle_aabb,data28-5,0,0,0,deepocsort,True,183
61.31751098736985,52.45901639344264,87,0,5,56.715573823170786,59.49820788530465,10,46.994535519125684,96,10,1,0,True,4,0,True,25,legacy12,96,ace_v1,96,96,oracle_aabb,data28-5,0,10,1,deepocsort,True,183
61.31751098736985,52.45901639344264,87,0,5,56.715573823170786,59.49820788530465,10,46.994535519125684,96,10,1,0,True,4,0,True,25,legacy12,96,cost_r,96,96,oracle_aabb,data28-5,0,10,1,deepocsort,True,183
61.5556062254651,52.45901639344264,87,0,5,56.82558012101568,60.215053763440864,9,47.540983606557376,96,10,2,0,True,4,0,True,25,legacy12,96,cost_g_legacy,96,96,oracle_aabb,data28-5,0,10,2,deepocsort,True,183
61.5556062254651,52.45901639344264,87,0,5,56.82558012101568,60.215053763440864,9,47.540983606557376,96,11,1,0,True,4,0,True,25,legacy12,96,cost_h,96,96,oracle_aabb,data28-5,0,11,1,deepocsort,True,183
61.5556062254651,52.45901639344264,87,0,5,56.82558012101568,60.215053763440864,9,47.540983606557376,96,11,1,0,True,4,0,True,25,legacy12,96,path_g,96,96,oracle_aabb,data28-5,0,11,1,deepocsort,True,183
61.5556062254651,52.45901639344264,87,0,5,56.82558012101568,60.215053763440864,9,47.540983606557376,96,11,1,0,True,4,0,True,25,legacy12,96,cost_h_margin_reassign,96,96,oracle_aabb,data28-5,0,11,1,deepocsort,True,183
61.5556062254651,52.45901639344264,87,0,5,56.82558012101568,60.215053763440864,9,47.540983606557376,96,11,1,0,True,4,0,True,25,legacy12,96,cost_h_motion_reassign,96,96,oracle_aabb,data28-5,0,11,1,deepocsort,True,183
61.31751098736985,52.45901639344264,87,0,5,56.715573823170786,59.49820788530465,10,46.994535519125684,96,10,1,0,True,4,0,True,25,legacy12,96,cost_h_full_postfilter,96,96,oracle_aabb,data28-5,0,10,1,deepocsort,True,183
61.31751098736985,52.45901639344264,87,0,5,56.715573823170786,59.49820788530465,10,46.994535519125684,96,10,1,0,True,4,0,True,25,legacy12,96,cost_h_full_reassign,96,96,oracle_aabb,data28-5,0,10,1,deepocsort,True,183
61.5556062254651,52.45901639344264,87,0,5,56.82558012101568,60.215053763440864,9,47.540983606557376,96,11,1,0,True,4,0,True,25,legacy12,96,cost_h_soft_information,96,96,oracle_aabb,data28-5,0,11,1,deepocsort,True,183
61.31751098736985,52.45901639344264,87,0,5,56.715573823170786,59.49820788530465,10,46.994535519125684,96,10,1,0,True,4,0,True,25,legacy12,96,path_g_full_reassign,96,96,oracle_aabb,data28-5,0,10,1,deepocsort,True,183
78.54437245481178,55.10841800120577,91,0,1,65.7879661250357,74.55919395465995,1,62.295081967213115,153,0,0,0,True,4,0,True,7,legacy12,153,no_refinement,153,153,oracle_aabb,data28-6,0,0,0,bytetrack,True,244
76.6355653609871,55.10841800120577,91,0,1,64.98323310260425,74.55919395465995,1,62.295081967213115,153,0,1,0,True,4,0,True,7,legacy12,153,ace_v1,153,153,oracle_aabb,data28-6,0,0,1,bytetrack,True,244
76.62564683021132,55.10841800120577,91,0,1,64.97938200282557,74.55919395465995,1,62.295081967213115,153,0,1,0,True,4,0,True,7,legacy12,153,cost_r,153,153,oracle_aabb,data28-6,0,0,1,bytetrack,True,244
76.62564683021132,55.10841800120577,91,0,1,64.97938200282557,74.55919395465995,1,62.295081967213115,153,0,1,0,True,4,0,True,7,legacy12,153,cost_g_legacy,153,153,oracle_aabb,data28-6,0,0,1,bytetrack,True,244
76.62564683021132,55.10841800120577,91,0,1,64.97938200282557,74.55919395465995,1,62.295081967213115,153,0,1,0,True,4,0,True,7,legacy12,153,cost_h,153,153,oracle_aabb,data28-6,0,0,1,bytetrack,True,244
76.62564683021132,55.10841800120577,91,0,1,64.97938200282557,74.55919395465995,1,62.295081967213115,153,0,1,0,True,4,0,True,7,legacy12,153,path_g,153,153,oracle_aabb,data28-6,0,0,1,bytetrack,True,244
76.62564683021132,55.10841800120577,91,0,1,64.97938200282557,74.55919395465995,1,62.295081967213115,153,0,1,0,True,4,0,True,7,legacy12,153,cost_h_margin_reassign,153,153,oracle_aabb,data28-6,0,0,1,bytetrack,True,244
76.62564683021132,55.10841800120577,91,0,1,64.97938200282557,74.55919395465995,1,62.295081967213115,153,0,1,0,True,4,0,True,7,legacy12,153,cost_h_motion_reassign,153,153,oracle_aabb,data28-6,0,0,1,bytetrack,True,244
76.62564683021132,55.10841800120577,91,0,1,64.97938200282557,74.55919395465995,1,62.295081967213115,153,0,1,0,True,4,0,True,7,legacy12,153,cost_h_full_postfilter,153,153,oracle_aabb,data28-6,0,0,1,bytetrack,True,244
76.62564683021132,55.10841800120577,91,0,1,64.97938200282557,74.55919395465995,1,62.295081967213115,153,0,1,0,True,4,0,True,7,legacy12,153,cost_h_full_reassign,153,153,oracle_aabb,data28-6,0,0,1,bytetrack,True,244
76.62564683021132,55.10841800120577,91,0,1,64.97938200282557,74.55919395465995,1,62.295081967213115,153,0,1,0,True,4,0,True,7,legacy12,153,cost_h_soft_information,153,153,oracle_aabb,data28-6,0,0,1,bytetrack,True,244
76.62564683021132,55.10841800120577,91,0,1,64.97938200282557,74.55919395465995,1,62.295081967213115,153,0,1,0,True,4,0,True,7,legacy12,153,path_g_full_reassign,153,153,oracle_aabb,data28-6,0,0,1,bytetrack,True,244
85.03132832080202,59.42622950819671,99,0,1,71.08509852408457,73.52185089974293,1,59.01639344262295,145,0,0,0,True,4,0,True,4,legacy12,145,no_refinement,145,145,oracle_aabb,data28-6,0,0,0,ocsort,True,244
83.98856184033401,59.42622950819671,99,0,1,70.64788427113061,73.52185089974293,1,59.01639344262295,145,0,1,0,True,4,0,True,4,legacy12,145,ace_v1,145,145,oracle_aabb,data28-6,0,0,1,ocsort,True,244
83.98856184033401,59.42622950819671,99,0,1,70.64788427113061,73.52185089974293,1,59.01639344262295,145,0,1,0,True,4,0,True,4,legacy12,145,cost_r,145,145,oracle_aabb,data28-6,0,0,1,ocsort,True,244
83.98856184033401,59.42622950819671,99,0,1,70.64788427113061,73.52185089974293,1,59.01639344262295,145,0,1,0,True,4,0,True,4,legacy12,145,cost_g_legacy,145,145,oracle_aabb,data28-6,0,0,1,ocsort,True,244
83.98856184033401,59.42622950819671,99,0,1,70.64788427113061,73.52185089974293,1,59.01639344262295,145,0,1,0,True,4,0,True,4,legacy12,145,cost_h,145,145,oracle_aabb,data28-6,0,0,1,ocsort,True,244
83.98856184033401,59.42622950819671,99,0,1,70.64788427113061,73.52185089974293,1,59.01639344262295,145,0,1,0,True,4,0,True,4,legacy12,145,path_g,145,145,oracle_aabb,data28-6,0,0,1,ocsort,True,244
83.98856184033401,59.42622950819671,99,0,1,70.64788427113061,73.52185089974293,1,59.01639344262295,145,0,1,0,True,4,0,True,4,legacy12,145,cost_h_margin_reassign,145,145,oracle_aabb,data28-6,0,0,1,ocsort,True,244
85.03132832080202,59.42622950819671,99,0,1,71.08509852408457,73.52185089974293,1,59.01639344262295,145,0,0,0,True,4,0,True,4,legacy12,145,cost_h_motion_reassign,145,145,oracle_aabb,data28-6,0,0,0,ocsort,True,244
85.03132832080202,59.42622950819671,99,0,1,71.08509852408457,73.52185089974293,1,59.01639344262295,145,0,0,0,True,4,0,True,4,legacy12,145,cost_h_full_postfilter,145,145,oracle_aabb,data28-6,0,0,0,ocsort,True,244
85.03132832080202,59.42622950819671,99,0,1,71.08509852408457,73.52185089974293,1,59.01639344262295,145,0,0,0,True,4,0,True,4,legacy12,145,cost_h_full_reassign,145,145,oracle_aabb,data28-6,0,0,0,ocsort,True,244
83.98856184033401,59.42622950819671,99,0,1,70.64788427113061,73.52185089974293,1,59.01639344262295,145,0,1,0,True,4,0,True,4,legacy12,145,cost_h_soft_information,145,145,oracle_aabb,data28-6,0,0,1,ocsort,True,244
85.03132832080202,59.42622950819671,99,0,1,71.08509852408457,73.52185089974293,1,59.01639344262295,145,0,0,0,True,4,0,True,4,legacy12,145,path_g_full_reassign,145,145,oracle_aabb,data28-6,0,0,0,ocsort,True,244
86.62462843154397,35.24590163934426,158,0,2,55.255435327603244,50.90909090909091,2,34.42622950819672,86,0,0,0,True,4,0,True,6,legacy12,86,no_refinement,86,86,oracle_aabb,data28-6,0,0,0,deepocsort,True,244
86.62462843154397,35.24590163934426,158,0,2,55.255435327603244,50.90909090909091,2,34.42622950819672,86,0,0,0,True,4,0,True,6,legacy12,86,ace_v1,86,86,oracle_aabb,data28-6,0,0,0,deepocsort,True,244
86.62462843154397,35.24590163934426,158,0,2,55.255435327603244,50.90909090909091,2,34.42622950819672,86,0,0,0,True,4,0,True,6,legacy12,86,cost_r,86,86,oracle_aabb,data28-6,0,0,0,deepocsort,True,244
86.62462843154397,35.24590163934426,158,0,2,55.255435327603244,50.90909090909091,2,34.42622950819672,86,0,0,0,True,4,0,True,6,legacy12,86,cost_g_legacy,86,86,oracle_aabb,data28-6,0,0,0,deepocsort,True,244
86.62462843154397,35.24590163934426,158,0,2,55.255435327603244,50.90909090909091,2,34.42622950819672,86,0,0,0,True,4,0,True,6,legacy12,86,cost_h,86,86,oracle_aabb,data28-6,0,0,0,deepocsort,True,244
86.62462843154397,35.24590163934426,158,0,2,55.255435327603244,50.90909090909091,2,34.42622950819672,86,0,0,0,True,4,0,True,6,legacy12,86,path_g,86,86,oracle_aabb,data28-6,0,0,0,deepocsort,True,244
86.62462843154397,35.24590163934426,158,0,2,55.255435327603244,50.90909090909091,2,34.42622950819672,86,0,0,0,True,4,0,True,6,legacy12,86,cost_h_margin_reassign,86,86,oracle_aabb,data28-6,0,0,0,deepocsort,True,244
86.62462843154397,35.24590163934426,158,0,2,55.255435327603244,50.90909090909091,2,34.42622950819672,86,0,0,0,True,4,0,True,6,legacy12,86,cost_h_motion_reassign,86,86,oracle_aabb,data28-6,0,0,0,deepocsort,True,244
86.62462843154397,35.24590163934426,158,0,2,55.255435327603244,50.90909090909091,2,34.42622950819672,86,0,0,0,True,4,0,True,6,legacy12,86,cost_h_full_postfilter,86,86,oracle_aabb,data28-6,0,0,0,deepocsort,True,244
86.62462843154397,35.24590163934426,158,0,2,55.255435327603244,50.90909090909091,2,34.42622950819672,86,0,0,0,True,4,0,True,6,legacy12,86,cost_h_full_reassign,86,86,oracle_aabb,data28-6,0,0,0,deepocsort,True,244
86.62462843154397,35.24590163934426,158,0,2,55.255435327603244,50.90909090909091,2,34.42622950819672,86,0,0,0,True,4,0,True,6,legacy12,86,cost_h_soft_information,86,86,oracle_aabb,data28-6,0,0,0,deepocsort,True,244
86.62462843154397,35.24590163934426,158,0,2,55.255435327603244,50.90909090909091,2,34.42622950819672,86,0,0,0,True,4,0,True,6,legacy12,86,path_g_full_reassign,86,86,oracle_aabb,data28-6,0,0,0,deepocsort,True,244
67.75947618353689,51.75067371173982,2735,3,257,59.208507406560315,66.69538249483115,328,57.23849372384937,4435,0,0,0,True,7,0,True,391,legacy12,4438,no_refinement,4438,4438,oracle_aabb,data30-10,0,0,0,bytetrack,True,7170
68.2540025410085,51.707675376262486,2735,3,257,59.400745679108816,67.64300482425914,282,57.88005578800558,4435,2,3,91,True,7,0,True,391,legacy12,4438,ace_v1,4438,4438,oracle_aabb,data30-10,0,2,3,bytetrack,True,7170
68.38340533118367,51.707675376262486,2735,3,257,59.45717675035714,67.81529979324604,270,58.047419804741985,4435,2,3,95,True,7,0,True,391,legacy12,4438,cost_r,4438,4438,oracle_aabb,data30-10,0,2,3,bytetrack,True,7170
68.4546745008489,51.707675376262486,2735,3,257,59.48828887866826,67.91867677463817,262,58.15899581589959,4435,2,3,117,True,7,0,True,391,legacy12,4438,cost_g_legacy,4438,4438,oracle_aabb,data30-10,0,2,3,bytetrack,True,7170
68.44330394159762,51.707675376262486,2735,3,257,59.4833146518255,67.8842177808408,267,58.08926080892608,4435,2,2,107,True,7,0,True,391,legacy12,4438,cost_h,4438,4438,oracle_aabb,data30-10,0,2,2,bytetrack,True,7170
68.44690913927423,51.707675376262486,2735,3,257,59.484910629572454,67.8842177808408,268,58.07531380753138,4435,2,3,104,True,7,0,True,391,legacy12,4438,path_g,4438,4438,oracle_aabb,data30-10,0,2,3,bytetrack,True,7170
68.43260465794349,51.707675376262486,2735,3,257,59.47864732672695,67.84975878704343,268,58.07531380753138,4435,2,3,103,True,7,0,True,391,legacy12,4438,cost_h_margin_reassign,4438,4438,oracle_aabb,data30-10,0,2,3,bytetrack,True,7170
68.44357620256763,51.707675376262486,2735,3,257,59.48343280481142,67.8842177808408,267,58.08926080892608,4435,2,2,107,True,7,0,True,391,legacy12,4438,cost_h_motion_reassign,4438,4438,oracle_aabb,data30-10,0,2,2,bytetrack,True,7170
68.40996839222812,51.707675376262486,2735,3,257,59.46874228194498,67.8669882839421,269,58.06136680613668,4435,2,2,94,True,7,0,True,391,legacy12,4438,cost_h_full_postfilter,4438,4438,oracle_aabb,data30-10,0,2,2,bytetrack,True,7170
68.40502318204865,51.707675376262486,2735,3,257,59.466599442776925,67.83252929014473,269,58.06136680613668,4435,2,3,96,True,7,0,True,391,legacy12,4438,cost_h_full_reassign,4438,4438,oracle_aabb,data30-10,0,2,3,bytetrack,True,7170
68.44762355222088,51.707675376262486,2735,3,257,59.48522277123388,67.90144727773949,267,58.08926080892608,4435,2,3,105,True,7,0,True,391,legacy12,4438,cost_h_soft_information,4438,4438,oracle_aabb,data30-10,0,2,3,bytetrack,True,7170
68.38726175755951,51.707675376262486,2735,3,257,59.458854575482114,67.81529979324604,269,58.06136680613668,4435,2,3,95,True,7,0,True,391,legacy12,4438,path_g_full_reassign,4438,4438,oracle_aabb,data30-10,0,2,3,bytetrack,True,7170
78.84795762151269,52.168373400435506,3422,0,85,64.13555271792058,62.19087745008244,221,49.19107391910739,3748,0,0,0,True,7,0,True,301,legacy12,3748,no_refinement,3748,3748,oracle_aabb,data30-10,0,0,0,ocsort,True,7170
79.40342232775951,52.168373400435506,3422,0,85,64.36106589706884,64.31580875618245,98,50.906555090655516,3748,123,21,0,True,7,0,True,301,legacy12,3748,ace_v1,3748,3748,oracle_aabb,data30-10,1,123,20,ocsort,True,7170
79.68992543126608,52.168373400435506,3422,0,85,64.47707499196783,64.81040483605057,76,51.21338912133891,3748,145,8,0,True,7,0,True,301,legacy12,3748,cost_r,3748,3748,oracle_aabb,data30-10,3,143,7,ocsort,True,7170
79.54408702582325,52.168373400435506,3422,0,85,64.41804909773326,64.71881296940832,74,51.24128312412831,3748,148,14,0,True,7,0,True,301,legacy12,3748,cost_g_legacy,3748,3748,oracle_aabb,data30-10,3,146,13,ocsort,True,7170
79.6529467371853,52.168373400435506,3422,0,85,64.46211353822741,64.84704158270745,71,51.28312412831241,3748,150,11,0,True,7,0,True,301,legacy12,3748,cost_h,3748,3748,oracle_aabb,data30-10,3,148,10,ocsort,True,7170
79.64735912089607,52.168373400435506,3422,0,85,64.45985250569088,64.81040483605057,74,51.24128312412831,3748,147,14,0,True,7,0,True,301,legacy12,3748,path_g,3748,3748,oracle_aabb,data30-10,3,145,13,ocsort,True,7170
79.66043218080611,52.168373400435506,3422,0,85,64.46514240353841,64.88367832936434,69,51.31101813110182,3748,152,8,0,True,7,0,True,301,legacy12,3748,cost_h_margin_reassign,3748,3748,oracle_aabb,data30-10,3,150,7,ocsort,True,7170
79.6529467371853,52.168373400435506,3422,0,85,64.46211353822741,64.84704158270745,71,51.28312412831241,3748,150,11,0,True,7,0,True,301,legacy12,3748,cost_h_motion_reassign,3748,3748,oracle_aabb,data30-10,3,148,10,ocsort,True,7170
79.64078152445362,52.168373400435506,3422,0,85,64.4571907754109,64.75544971606521,76,51.21338912133891,3748,145,7,0,True,7,0,True,301,legacy12,3748,cost_h_full_postfilter,3748,3748,oracle_aabb,data30-10,3,143,6,ocsort,True,7170
79.64061762710605,52.168373400435506,3422,0,85,64.45712445030743,64.75544971606521,76,51.21338912133891,3748,145,9,0,True,7,0,True,301,legacy12,3748,cost_h_full_reassign,3748,3748,oracle_aabb,data30-10,3,143,8,ocsort,True,7170
79.64907948021104,52.168373400435506,3422,0,85,64.46054865864767,64.828723209379,72,51.26917712691771,3748,149,12,0,True,7,0,True,301,legacy12,3748,cost_h_soft_information,3748,3748,oracle_aabb,data30-10,3,147,11,ocsort,True,7170
79.64061762710605,52.168373400435506,3422,0,85,64.45712445030743,64.75544971606521,76,51.21338912133891,3748,145,9,0,True,7,0,True,301,legacy12,3748,path_g_full_reassign,3748,3748,oracle_aabb,data30-10,3,143,8,ocsort,True,7170
92.72917661513436,93.3179674636436,479,0,41,93.02310615493103,94.35105692229997,33,92.85913528591352,6691,0,0,0,True,7,0,True,141,legacy12,6691,no_refinement,6691,6691,oracle_aabb,data30-10,0,0,0,deepocsort,True,7170
93.18092781502881,93.3179674636436,479,0,41,93.24942242394675,94.82721304379194,22,93.01255230125523,6691,11,6,0,True,7,0,True,141,legacy12,6691,ace_v1,6691,6691,oracle_aabb,data30-10,0,11,6,deepocsort,True,7170
93.13322416949693,93.3179674636436,479,0,41,93.22555001268181,94.63963638987086,18,93.06834030683403,6691,15,4,0,True,7,0,True,141,legacy12,6691,cost_r,6691,6691,oracle_aabb,data30-10,0,15,4,deepocsort,True,7170
93.09719464736122,93.3179674636436,479,0,41,93.20751564868284,94.63963638987086,18,93.06834030683403,6691,15,5,0,True,7,0,True,141,legacy12,6691,cost_g_legacy,6691,6691,oracle_aabb,data30-10,0,15,5,deepocsort,True,7170
93.09719464736122,93.3179674636436,479,0,41,93.20751564868284,94.63963638987086,18,93.06834030683403,6691,15,5,0,True,7,0,True,141,legacy12,6691,cost_h,6691,6691,oracle_aabb,data30-10,0,15,5,deepocsort,True,7170
93.09719464736122,93.3179674636436,479,0,41,93.20751564868284,94.63963638987086,18,93.06834030683403,6691,15,5,0,True,7,0,True,141,legacy12,6691,path_g,6691,6691,oracle_aabb,data30-10,0,15,5,deepocsort,True,7170
93.09719464736122,93.3179674636436,479,0,41,93.20751564868284,94.63963638987086,18,93.06834030683403,6691,15,5,0,True,7,0,True,141,legacy12,6691,cost_h_margin_reassign,6691,6691,oracle_aabb,data30-10,0,15,5,deepocsort,True,7170
93.24610102542607,93.3179674636436,479,0,41,93.28202728240149,94.84164201717049,18,93.06834030683403,6691,15,3,0,True,7,0,True,141,legacy12,6691,cost_h_motion_reassign,6691,6691,oracle_aabb,data30-10,0,15,3,deepocsort,True,7170
93.28213054756176,93.3179674636436,479,0,41,93.3000472437301,94.84164201717049,18,93.06834030683403,6691,15,2,0,True,7,0,True,141,legacy12,6691,cost_h_full_postfilter,6691,6691,oracle_aabb,data30-10,0,15,2,deepocsort,True,7170
93.28213054756176,93.3179674636436,479,0,41,93.3000472437301,94.84164201717049,18,93.06834030683403,6691,15,2,0,True,7,0,True,141,legacy12,6691,cost_h_full_reassign,6691,6691,oracle_aabb,data30-10,0,15,2,deepocsort,True,7170
93.09719464736122,93.3179674636436,479,0,41,93.20751564868284,94.63963638987086,18,93.06834030683403,6691,15,5,0,True,7,0,True,141,legacy12,6691,cost_h_soft_information,6691,6691,oracle_aabb,data30-10,0,15,5,deepocsort,True,7170
93.28213054756176,93.3179674636436,479,0,41,93.3000472437301,94.84164201717049,18,93.06834030683403,6691,15,2,0,True,7,0,True,141,legacy12,6691,path_g_full_reassign,6691,6691,oracle_aabb,data30-10,0,15,2,deepocsort,True,7170
38.65806153091121,42.95884847323204,2104,6,374,40.74407870133334,46.61435629177565,597,39.71046770601336,2386,0,0,0,True,7,0,True,359,legacy12,2392,no_refinement,2392,2392,oracle_aabb,data30-2,0,0,0,bytetrack,True,4490
40.76781283225102,42.94108643295302,2104,6,374,41.83540185311971,49.52048823016565,520,41.42538975501114,2386,17,6,108,True,7,0,True,359,legacy12,2392,ace_v1,2392,2392,oracle_aabb,data30-2,1,17,5,bytetrack,True,4490
41.102507448855,42.94108643295302,2104,6,374,42.00563302295826,49.95640802092415,506,41.73719376391982,2386,16,5,117,True,7,0,True,359,legacy12,2392,cost_r,2392,2392,oracle_aabb,data30-2,1,16,4,bytetrack,True,4490
42.89664445509659,42.95884847323204,2104,6,374,42.92101701987453,52.86253995931415,410,43.87527839643652,2386,26,7,159,True,7,0,True,359,legacy12,2392,cost_g_legacy,2392,2392,oracle_aabb,data30-2,1,26,6,bytetrack,True,4490
41.33423048844835,42.95884847323204,2104,6,374,42.134291716422354,50.363266492298756,497,41.937639198218264,2386,19,6,141,True,7,0,True,359,legacy12,2392,cost_h,2392,2392,oracle_aabb,data30-2,0,19,6,bytetrack,True,4490
41.18001695960529,42.94108643295302,2104,6,374,42.04691602140751,50.15983725661145,500,41.87082405345212,2386,17,6,133,True,7,0,True,359,legacy12,2392,path_g,2392,2392,oracle_aabb,data30-2,1,17,5,bytetrack,True,4490
41.133319329113206,42.94108643295302,2104,6,374,42.02306125329949,50.04359197907585,498,41.915367483296215,2386,16,5,131,True,7,0,True,359,legacy12,2392,cost_h_margin_reassign,2392,2392,oracle_aabb,data30-2,0,16,5,bytetrack,True,4490
41.368473404678525,42.95884847323204,2104,6,374,42.151781411542686,50.421389131066555,497,41.937639198218264,2386,19,6,140,True,7,0,True,359,legacy12,2392,cost_h_motion_reassign,2392,2392,oracle_aabb,data30-2,0,19,6,bytetrack,True,4490
40.942072523005876,42.95884847323204,2104,6,374,41.93212749141581,49.49142691078175,509,41.670378619153674,2386,17,5,108,True,7,0,True,359,legacy12,2392,cost_h_full_postfilter,2392,2392,oracle_aabb,data30-2,0,17,5,bytetrack,True,4490
41.16268611264034,42.94108643295302,2104,6,374,42.03645996411937,50.04359197907585,505,41.759465478841875,2386,16,5,118,True,7,0,True,359,legacy12,2392,cost_h_full_reassign,2392,2392,oracle_aabb,data30-2,0,16,5,bytetrack,True,4490
41.378713398367736,42.94108643295302,2104,6,374,42.14814619841651,50.363266492298756,500,41.87082405345212,2386,19,6,138,True,7,0,True,359,legacy12,2392,cost_h_soft_information,2392,2392,oracle_aabb,data30-2,0,19,6,bytetrack,True,4490
41.15324301144627,42.94108643295302,2104,6,374,42.03162590431654,50.04359197907585,505,41.759465478841875,2386,16,6,116,True,7,0,True,359,legacy12,2392,path_g_full_reassign,2392,2392,oracle_aabb,data30-2,1,16,5,bytetrack,True,4490
42.04795596011574,30.218418751036623,3131,0,160,35.64579509284124,36.313899811933666,188,26.080178173719375,1359,0,0,0,True,7,0,True,205,legacy12,1359,no_refinement,1359,1359,oracle_aabb,data30-2,0,0,0,ocsort,True,4490
44.40452500728562,30.218418751036623,3131,0,160,36.6310592079945,38.50230808685245,134,27.28285077951002,1359,59,20,0,True,7,0,True,205,legacy12,1359,ace_v1,1359,1359,oracle_aabb,data30-2,2,59,18,ocsort,True,4490
45.751855222955115,30.218418751036623,3131,0,160,37.1826397050683,39.42554282783382,113,27.75055679287305,1359,80,10,0,True,7,0,True,205,legacy12,1359,cost_r,1359,1359,oracle_aabb,data30-2,2,80,8,ocsort,True,4490
45.59732777816279,30.218418751036623,3131,0,160,37.11979417433922,39.870063258676694,96,28.129175946547885,1359,91,13,0,True,7,0,True,205,legacy12,1359,cost_g_legacy,1359,1359,oracle_aabb,data30-2,2,91,11,ocsort,True,4490
45.94512945797152,30.218418751036623,3131,0,160,37.26109416335673,40.04103265515473,95,28.15144766146993,1359,93,9,0,True,7,0,True,205,legacy12,1359,cost_h,1359,1359,oracle_aabb,data30-2,2,93,7,ocsort,True,4490
45.7484125699747,30.218418751036623,3131,0,160,37.18124075240982,39.56231834501624,109,27.839643652561247,1359,84,12,0,True,7,0,True,205,legacy12,1359,path_g,1359,1359,oracle_aabb,data30-2,2,84,10,ocsort,True,4490
45.807650344077,30.218418751036623,3131,0,160,37.20530521412339,39.596512224311844,108,27.8619153674833,1359,85,9,0,True,7,0,True,205,legacy12,1359,cost_h_margin_reassign,1359,1359,oracle_aabb,data30-2,2,85,7,ocsort,True,4490
45.94691227918186,30.218418751036623,3131,0,160,37.26181708261086,40.04103265515473,95,28.15144766146993,1359,93,8,0,True,7,0,True,205,legacy12,1359,cost_h_motion_reassign,1359,1359,oracle_aabb,data30-2,1,93,7,ocsort,True,4490
45.69642195707429,30.218418751036623,3131,0,160,37.16010750106425,39.25457343135579,113,27.75055679287305,1359,75,7,0,True,7,0,True,205,legacy12,1359,cost_h_full_postfilter,1359,1359,oracle_aabb,data30-2,1,75,6,ocsort,True,4490
45.75363804416545,30.218418751036623,3131,0,160,37.183364149638074,39.42554282783382,113,27.75055679287305,1359,80,9,0,True,7,0,True,205,legacy12,1359,cost_h_full_reassign,1359,1359,oracle_aabb,data30-2,1,80,8,ocsort,True,4490
45.86664764481241,30.218418751036623,3131,0,160,37.22925652675186,39.9042571379723,99,28.06236080178174,1359,90,11,0,True,7,0,True,205,legacy12,1359,cost_h_soft_information,1359,1359,oracle_aabb,data30-2,2,90,9,ocsort,True,4490
45.75363804416545,30.218418751036623,3131,0,160,37.183364149638074,39.42554282783382,113,27.75055679287305,1359,80,9,0,True,7,0,True,205,legacy12,1359,path_g_full_reassign,1359,1359,oracle_aabb,data30-2,1,80,8,ocsort,True,4490
89.14415690180564,89.2317624738791,482,0,69,89.18794864418113,90.75076488585549,55,88.04008908685968,4008,0,0,0,True,7,0,True,94,legacy12,4008,no_refinement,4008,4008,oracle_aabb,data30-2,0,0,0,deepocsort,True,4490
91.36749579751925,89.2317624738791,482,0,69,90.2933144408603,92.77477053424336,28,88.64142538975501,4008,29,7,0,True,7,0,True,94,legacy12,4008,ace_v1,4008,4008,oracle_aabb,data30-2,0,29,7,deepocsort,True,4490
92.05027345755418,89.2317624738791,482,0,69,90.6300617816453,93.22193457284067,22,88.7750556792873,4008,34,3,0,True,7,0,True,94,legacy12,4008,cost_r,4008,4008,oracle_aabb,data30-2,0,34,3,deepocsort,True,4490
92.24131252281671,89.2317624738791,482,0,69,90.72405896375109,93.41021416803954,16,88.9086859688196,4008,38,6,0,True,7,0,True,94,legacy12,4008,cost_g_legacy,4008,4008,oracle_aabb,data30-2,0,38,6,deepocsort,True,4490
92.2080391687372,89.2317624738791,482,0,69,90.7076944633786,93.36314426923981,18,88.8641425389755,4008,38,5,0,True,7,0,True,94,legacy12,4008,cost_h,4008,4008,oracle_aabb,data30-2,0,38,5,deepocsort,True,4490
92.2080391687372,89.2317624738791,482,0,69,90.7076944633786,93.36314426923981,18,88.8641425389755,4008,38,5,0,True,7,0,True,94,legacy12,4008,path_g,4008,4008,oracle_aabb,data30-2,0,38,5,deepocsort,True,4490
92.27248663001485,89.2317624738791,482,0,69,90.73938833471162,93.4337491174394,18,88.8641425389755,4008,38,3,0,True,7,0,True,94,legacy12,4008,cost_h_margin_reassign,4008,4008,oracle_aabb,data30-2,0,38,3,deepocsort,True,4490
91.46953663852693,89.2317624738791,482,0,69,90.34372102944911,92.68063073664392,21,88.79732739420936,4008,34,4,0,True,7,0,True,94,legacy12,4008,cost_h_motion_reassign,4008,4008,oracle_aabb,data30-2,0,34,4,deepocsort,True,4490
91.48647015652402,89.2317624738791,482,0,69,90.3520831916979,92.65709578724406,24,88.73051224944321,4008,31,3,0,True,7,0,True,94,legacy12,4008,cost_h_full_postfilter,4008,4008,oracle_aabb,data30-2,0,31,3,deepocsort,True,4490
91.48647015652402,89.2317624738791,482,0,69,90.3520831916979,92.65709578724406,24,88.73051224944321,4008,31,3,0,True,7,0,True,94,legacy12,4008,cost_h_full_reassign,4008,4008,oracle_aabb,data30-2,0,31,3,deepocsort,True,4490
92.2080391687372,89.2317624738791,482,0,69,90.7076944633786,93.36314426923981,18,88.8641425389755,4008,38,5,0,True,7,0,True,94,legacy12,4008,cost_h_soft_information,4008,4008,oracle_aabb,data30-2,0,38,5,deepocsort,True,4490
91.48647015652402,89.2317624738791,482,0,69,90.3520831916979,92.65709578724406,24,88.73051224944321,4008,31,3,0,True,7,0,True,94,legacy12,4008,path_g_full_reassign,4008,4008,oracle_aabb,data30-2,0,31,3,deepocsort,True,4490
23.472151483832697,44.259997777808444,1702,5,390,32.190402097337575,33.74765877745616,551,40.3434610303831,2083,0,0,0,True,8,0,True,375,legacy12,2088,no_refinement,2088,2088,oracle_aabb,data30-3,0,0,0,bytetrack,True,3785
28.97354768774088,44.23866937077038,1702,5,390,35.77984411070171,41.64822067086668,418,43.85733157199472,2083,14,11,154,True,8,0,True,375,legacy12,2088,ace_v1,2088,2088,oracle_aabb,data30-3,1,14,10,bytetrack,True,3785
29.357737587452327,44.259997777808444,1702,5,390,36.02642901937166,42.15903286225098,400,44.332892998679,2083,14,10,158,True,8,0,True,375,legacy12,2088,cost_r,2088,2088,oracle_aabb,data30-3,1,14,9,bytetrack,True,3785
29.45177704587617,44.259997777808444,1702,5,390,36.08377017488392,42.84011578409672,376,44.966974900924704,2083,15,18,191,True,8,0,True,375,legacy12,2088,cost_g_legacy,2088,2088,oracle_aabb,data30-3,1,15,17,bytetrack,True,3785
29.390647750891585,44.259997777808444,1702,5,390,36.04714990863035,42.874169930189,385,44.72919418758256,2083,17,12,189,True,8,0,True,375,legacy12,2088,cost_h,2088,2088,oracle_aabb,data30-3,2,16,11,bytetrack,True,3785
29.333994192989078,44.259997777808444,1702,5,390,36.012680843612515,42.66984505363528,388,44.64993394980185,2083,16,13,185,True,8,0,True,375,legacy12,2088,path_g,2088,2088,oracle_aabb,data30-3,2,15,12,bytetrack,True,3785
29.387549103303616,44.259997777808444,1702,5,390,36.04529082615558,42.56768261535842,385,44.72919418758256,2083,16,9,179,True,8,0,True,375,legacy12,2088,cost_h_margin_reassign,2088,2088,oracle_aabb,data30-3,2,15,8,bytetrack,True,3785
29.390647750891585,44.259997777808444,1702,5,390,36.04714990863035,42.874169930189,385,44.72919418758256,2083,17,12,189,True,8,0,True,375,legacy12,2088,cost_h_motion_reassign,2088,2088,oracle_aabb,data30-3,2,16,11,bytetrack,True,3785
29.38479343345034,44.259997777808444,1702,5,390,36.04286760024793,42.22714115443556,402,44.28005284015852,2083,16,9,152,True,8,0,True,375,legacy12,2088,cost_h_full_postfilter,2088,2088,oracle_aabb,data30-3,2,15,8,bytetrack,True,3785
29.374350673390847,44.259997777808444,1702,5,390,36.03663258032541,42.22714115443556,398,44.38573315719947,2083,15,10,159,True,8,0,True,375,legacy12,2088,cost_h_full_reassign,2088,2088,oracle_aabb,data30-3,2,14,9,bytetrack,True,3785
29.37631043749952,44.259997777808444,1702,5,390,36.038677879833585,42.84011578409672,385,44.72919418758256,2083,17,12,187,True,8,0,True,375,legacy12,2088,cost_h_soft_information,2088,2088,oracle_aabb,data30-3,3,16,10,bytetrack,True,3785
29.374350673390847,44.259997777808444,1702,5,390,36.03663258032541,42.22714115443556,398,44.38573315719947,2083,15,10,159,True,8,0,True,375,legacy12,2088,path_g_full_reassign,2088,2088,oracle_aabb,data30-3,2,14,9,bytetrack,True,3785
21.084415338821696,32.07397622192866,2571,0,159,26.00501944299668,23.604720944188838,323,23.54029062087186,1214,0,0,0,True,8,0,True,304,legacy12,1214,no_refinement,1214,1214,oracle_aabb,data30-3,0,0,0,ocsort,True,3785
24.261335550163672,32.07397622192866,2571,0,159,27.89547453527511,28.605721144228845,203,26.710700132100396,1214,116,30,0,True,8,0,True,304,legacy12,1214,ace_v1,1214,1214,oracle_aabb,data30-3,3,114,29,ocsort,True,3785
24.667563152428336,32.07397622192866,2571,0,159,28.128043550945918,29.045809161832363,194,26.948480845442536,1214,128,20,0,True,8,0,True,304,legacy12,1214,cost_r,1214,1214,oracle_aabb,data30-3,3,126,19,ocsort,True,3785
24.409125436991925,32.07397622192866,2571,0,159,27.980309306084393,29.325865173034604,173,27.503302509907527,1214,140,31,0,True,8,0,True,304,legacy12,1214,cost_g_legacy,1214,1214,oracle_aabb,data30-3,4,137,30,ocsort,True,3785
24.499605662846093,32.07397622192866,2571,0,159,28.032120317178205,29.60592118423685,179,27.344782034346103,1214,141,25,0,True,8,0,True,304,legacy12,1214,cost_h,1214,1214,oracle_aabb,data30-3,5,138,23,ocsort,True,3785
24.748720925762093,32.07397622192866,2571,0,159,28.174277035907096,29.405881176235248,185,27.186261558784675,1214,137,23,0,True,8,0,True,304,legacy12,1214,path_g,1214,1214,oracle_aabb,data30-3,4,134,22,ocsort,True,3785
24.772606269844495,32.07397622192866,2571,0,159,28.187869455746274,29.485897179435888,182,27.26552179656539,1214,139,21,0,True,8,0,True,304,legacy12,1214,cost_h_margin_reassign,1214,1214,oracle_aabb,data30-3,3,137,20,ocsort,True,3785
24.506659442552273,32.07397622192866,2571,0,159,28.0361554468391,29.60592118423685,179,27.344782034346103,1214,141,24,0,True,8,0,True,304,legacy12,1214,cost_h_motion_reassign,1214,1214,oracle_aabb,data30-3,5,138,22,ocsort,True,3785
24.605680170284693,32.07397622192866,2571,0,159,28.09273928804546,28.92578515703141,196,26.89564068692206,1214,124,18,0,True,8,0,True,304,legacy12,1214,cost_h_full_postfilter,1214,1214,oracle_aabb,data30-3,2,122,18,ocsort,True,3785
24.644675246509138,32.07397622192866,2571,0,159,28.114991158698377,29.045809161832363,194,26.948480845442536,1214,128,20,0,True,8,0,True,304,legacy12,1214,cost_h_full_reassign,1214,1214,oracle_aabb,data30-3,3,126,19,ocsort,True,3785
24.65712315703393,32.07397622192866,2571,0,159,28.122090637786386,29.365873174634928,184,27.212681638044916,1214,138,25,0,True,8,0,True,304,legacy12,1214,cost_h_soft_information,1214,1214,oracle_aabb,data30-3,5,135,23,ocsort,True,3785
24.644675246509138,32.07397622192866,2571,0,159,28.114991158698377,29.045809161832363,194,26.948480845442536,1214,128,20,0,True,8,0,True,304,legacy12,1214,path_g_full_reassign,1214,1214,oracle_aabb,data30-3,3,126,19,ocsort,True,3785
88.39007640854163,90.06605019815058,376,0,48,89.22412823239056,89.8804559355018,41,88.98282694848085,3409,0,0,0,True,8,0,True,66,legacy12,3409,no_refinement,3409,3409,oracle_aabb,data30-3,0,0,0,deepocsort,True,3785
91.0779820690647,90.06605019815058,376,0,48,90.57060287410393,92.32693911592995,19,89.56406869220608,3409,22,1,0,True,8,0,True,66,legacy12,3409,ace_v1,3409,3409,oracle_aabb,data30-3,1,21,1,deepocsort,True,3785
91.53103118741154,90.06605019815058,376,0,48,90.7955860690039,92.66055045871559,19,89.56406869220608,3409,23,1,0,True,8,0,True,66,legacy12,3409,cost_r,3409,3409,oracle_aabb,data30-3,1,22,1,deepocsort,True,3785
91.58318072621408,90.06605019815058,376,0,48,90.8214476464315,92.68835140394773,17,89.61690885072655,3409,24,1,0,True,8,0,True,66,legacy12,3409,cost_g_legacy,3409,3409,oracle_aabb,data30-3,1,23,1,deepocsort,True,3785
91.58318072621408,90.06605019815058,376,0,48,90.8214476464315,92.68835140394773,17,89.61690885072655,3409,24,1,0,True,8,0,True,66,legacy12,3409,cost_h,3409,3409,oracle_aabb,data30-3,1,23,1,deepocsort,True,3785
91.53103118741154,90.06605019815058,376,0,48,90.7955860690039,92.66055045871559,19,89.56406869220608,3409,23,1,0,True,8,0,True,66,legacy12,3409,path_g,3409,3409,oracle_aabb,data30-3,1,22,1,deepocsort,True,3785
91.53103118741154,90.06605019815058,376,0,48,90.7955860690039,92.66055045871559,19,89.56406869220608,3409,23,1,0,True,8,0,True,66,legacy12,3409,cost_h_margin_reassign,3409,3409,oracle_aabb,data30-3,1,22,1,deepocsort,True,3785
90.70967595127192,90.06605019815058,376,0,48,90.38729018886022,91.88212399221574,19,89.56406869220608,3409,22,1,0,True,8,0,True,66,legacy12,3409,cost_h_motion_reassign,3409,3409,oracle_aabb,data30-3,1,21,1,deepocsort,True,3785
90.5597460272147,90.06605019815058,376,0,48,90.3125607632675,91.79872115651932,21,89.51122853368561,3409,20,1,0,True,8,0,True,66,legacy12,3409,cost_h_full_postfilter,3409,3409,oracle_aabb,data30-3,1,19,1,deepocsort,True,3785
90.65752641246941,90.06605019815058,376,0,48,90.36130435482677,91.8543230469836,21,89.51122853368561,3409,21,1,0,True,8,0,True,66,legacy12,3409,cost_h_full_reassign,3409,3409,oracle_aabb,data30-3,1,20,1,deepocsort,True,3785
91.53103118741154,90.06605019815058,376,0,48,90.7955860690039,92.66055045871559,19,89.56406869220608,3409,23,1,0,True,8,0,True,66,legacy12,3409,cost_h_soft_information,3409,3409,oracle_aabb,data30-3,1,22,1,deepocsort,True,3785
90.65752641246941,90.06605019815058,376,0,48,90.36130435482677,91.8543230469836,21,89.51122853368561,3409,21,1,0,True,8,0,True,66,legacy12,3409,path_g_full_reassign,3409,3409,oracle_aabb,data30-3,1,20,1,deepocsort,True,3785
29.2145185432089,53.31528199525065,1097,3,174,39.38625951953944,41.188277800080286,325,53.094140882159316,1941,0,0,0,True,8,0,True,206,legacy12,1944,no_refinement,1944,1944,oracle_aabb,data30-4,0,0,0,bytetrack,True,3038
31.288027812899717,53.31528199525065,1097,3,174,40.771918494890286,43.275792854275394,279,54.60829493087558,1941,6,7,53,True,8,0,True,206,legacy12,1944,ace_v1,1944,1944,oracle_aabb,data30-4,1,6,6,bytetrack,True,3038
31.49050870331204,53.31528199525065,1097,3,174,40.90539120307996,43.516659975913285,273,54.80579328505596,1941,7,7,54,True,8,0,True,206,legacy12,1944,cost_r,1944,1944,oracle_aabb,data30-4,2,7,5,bytetrack,True,3038
31.574722789523772,53.31528199525065,1097,3,174,40.96120949710576,43.83781613809715,254,55.431204739960506,1941,7,8,73,True,8,0,True,206,legacy12,1944,cost_g_legacy,1944,1944,oracle_aabb,data30-4,2,7,6,bytetrack,True,3038
31.901320423168766,53.31528199525065,1097,3,174,41.17398835963493,44.56041750301084,266,55.036208031599735,1941,7,9,73,True,8,0,True,206,legacy12,1944,cost_h,1944,1944,oracle_aabb,data30-4,2,7,7,bytetrack,True,3038
31.51982128150293,53.31528199525065,1097,3,174,40.92481096148555,43.63709353673224,267,55.00329163923634,1941,7,8,67,True,8,0,True,206,legacy12,1944,path_g,1944,1944,oracle_aabb,data30-4,2,7,6,bytetrack,True,3038
31.86393263850792,53.31528199525065,1097,3,174,41.14955025496534,44.31955038137294,269,54.93745885450954,1941,7,8,65,True,8,0,True,206,legacy12,1944,cost_h_margin_reassign,1944,1944,oracle_aabb,data30-4,2,7,6,bytetrack,True,3038
31.901320423168766,53.31528199525065,1097,3,174,41.17398835963493,44.56041750301084,266,55.036208031599735,1941,7,9,73,True,8,0,True,206,legacy12,1944,cost_h_motion_reassign,1944,1944,oracle_aabb,data30-4,2,7,7,bytetrack,True,3038
31.828920796507376,53.31528199525065,1097,3,174,41.126493141820596,44.199116820553996,278,54.64121132323897,1941,7,8,49,True,8,0,True,206,legacy12,1944,cost_h_full_postfilter,1944,1944,oracle_aabb,data30-4,2,7,6,bytetrack,True,3038
31.82753492513805,53.31528199525065,1097,3,174,41.12555904790792,44.158972300281015,273,54.80579328505596,1941,7,8,56,True,8,0,True,206,legacy12,1944,cost_h_full_reassign,1944,1944,oracle_aabb,data30-4,2,7,6,bytetrack,True,3038
31.84949776249576,53.31528199525065,1097,3,174,41.14010814061887,44.23926134082698,268,54.97037524687294,1941,7,9,70,True,8,0,True,206,legacy12,1944,cost_h_soft_information,1944,1944,oracle_aabb,data30-4,2,7,7,bytetrack,True,3038
31.491525928278037,53.31528199525065,1097,3,174,40.90606060129188,43.516659975913285,272,54.83870967741935,1941,7,7,56,True,8,0,True,206,legacy12,1944,path_g_full_reassign,1944,1944,oracle_aabb,data30-4,2,7,5,bytetrack,True,3038
28.703361513569543,47.685274891980626,1588,0,123,36.996319824069424,34.180035650623886,190,41.474654377880185,1450,0,0,0,True,8,0,True,143,legacy12,1450,no_refinement,1450,1450,oracle_aabb,data30-4,0,0,0,ocsort,True,3038
32.941616308136936,47.685274891980626,1588,0,123,39.633698048120145,38.012477718360074,148,42.857142857142854,1450,39,13,0,True,8,0,True,143,legacy12,1450,ace_v1,1450,1450,oracle_aabb,data30-4,1,39,12,ocsort,True,3038
33.0855245896945,47.685274891980626,1588,0,123,39.720175310679465,37.967914438502675,145,42.95589203423305,1450,42,9,0,True,8,0,True,143,legacy12,1450,cost_r,1450,1450,oracle_aabb,data30-4,0,42,9,ocsort,True,3038
33.67283260477339,47.685274891980626,1588,0,123,40.07116506817905,38.948306595365416,141,43.08755760368664,1450,45,13,0,True,8,0,True,143,legacy12,1450,cost_g_legacy,1450,1450,oracle_aabb,data30-4,0,45,13,ocsort,True,3038
33.280169594186,47.685274891980626,1588,0,123,39.83684258259661,38.50267379679144,144,42.98880842659645,1450,45,13,0,True,8,0,True,143,legacy12,1450,cost_h,1450,1450,oracle_aabb,data30-4,0,45,13,ocsort,True,3038
33.02662494888613,47.685274891980626,1588,0,123,39.6848041602824,38.05704099821747,142,43.05464121132324,1450,44,12,0,True,8,0,True,143,legacy12,1450,path_g,1450,1450,oracle_aabb,data30-4,0,44,12,ocsort,True,3038
33.0391039140819,47.685274891980626,1588,0,123,39.69230081648412,38.05704099821747,142,43.05464121132324,1450,44,11,0,True,8,0,True,143,legacy12,1450,cost_h_margin_reassign,1450,1450,oracle_aabb,data30-4,0,44,11,ocsort,True,3038
33.280169594186,47.685274891980626,1588,0,123,39.83684258259661,38.50267379679144,144,42.98880842659645,1450,45,13,0,True,8,0,True,143,legacy12,1450,cost_h_motion_reassign,1450,1450,oracle_aabb,data30-4,0,45,13,ocsort,True,3038
33.03582767801893,47.685274891980626,1588,0,123,39.69033277630833,37.967914438502675,146,42.92297564186965,1450,42,11,0,True,8,0,True,143,legacy12,1450,cost_h_full_postfilter,1450,1450,oracle_aabb,data30-4,0,42,11,ocsort,True,3038
33.020998562467405,47.685274891980626,1588,0,123,39.68142368244486,37.967914438502675,144,42.98880842659645,1450,42,11,0,True,8,0,True,143,legacy12,1450,cost_h_full_reassign,1450,1450,oracle_aabb,data30-4,0,42,11,ocsort,True,3038
33.280169594186,47.685274891980626,1588,0,123,39.83684258259661,38.50267379679144,144,42.98880842659645,1450,45,13,0,True,8,0,True,143,legacy12,1450,cost_h_soft_information,1450,1450,oracle_aabb,data30-4,0,45,13,ocsort,True,3038
33.020998562467405,47.685274891980626,1588,0,123,39.68142368244486,37.967914438502675,144,42.98880842659645,1450,42,11,0,True,8,0,True,143,legacy12,1450,path_g_full_reassign,1450,1450,oracle_aabb,data30-4,0,42,11,ocsort,True,3038
85.31083049320432,88.87425938117183,338,0,56,87.07431812696683,86.7898222377135,57,86.99802501645819,2700,0,0,0,True,8,0,True,85,legacy12,2700,no_refinement,2700,2700,oracle_aabb,data30-4,0,0,0,deepocsort,True,3038
87.21725037453864,88.87425938117183,338,0,56,88.041856706338,88.60230045311955,31,87.85385121790652,2700,26,5,0,True,8,0,True,85,legacy12,2700,ace_v1,2700,2700,oracle_aabb,data30-4,0,26,5,deepocsort,True,3038
87.89077258135833,88.87425938117183,338,0,56,88.38114798760664,89.43882886023005,29,87.91968400263332,2700,28,3,0,True,8,0,True,85,legacy12,2700,cost_r,2700,2700,oracle_aabb,data30-4,0,28,3,deepocsort,True,3038
88.02458381194377,88.87425938117183,338,0,56,88.44840130619879,89.54339491111885,27,87.98551678736011,2700,30,3,0,True,8,0,True,85,legacy12,2700,cost_g_legacy,2700,2700,oracle_aabb,data30-4,0,30,3,deepocsort,True,3038
88.02458381194377,88.87425938117183,338,0,56,88.44840130619879,89.54339491111885,27,87.98551678736011,2700,30,3,0,True,8,0,True,85,legacy12,2700,cost_h,2700,2700,oracle_aabb,data30-4,0,30,3,deepocsort,True,3038
88.02458381194377,88.87425938117183,338,0,56,88.44840130619879,89.54339491111885,27,87.98551678736011,2700,30,3,0,True,8,0,True,85,legacy12,2700,path_g,2700,2700,oracle_aabb,data30-4,0,30,3,deepocsort,True,3038
88.02458381194377,88.87425938117183,338,0,56,88.44840130619879,89.54339491111885,27,87.98551678736011,2700,30,3,0,True,8,0,True,85,legacy12,2700,cost_h_margin_reassign,2700,2700,oracle_aabb,data30-4,0,30,3,deepocsort,True,3038
87.8822122144985,88.87425938117183,338,0,56,88.37684381863006,89.40397350993378,29,87.91968400263332,2700,28,3,0,True,8,0,True,85,legacy12,2700,cost_h_motion_reassign,2700,2700,oracle_aabb,data30-4,0,28,3,deepocsort,True,3038
87.67818977762752,88.87425938117183,338,0,56,88.27419883730737,89.15998605785988,32,87.82093482554312,2700,25,2,0,True,8,0,True,85,legacy12,2700,cost_h_full_postfilter,2700,2700,oracle_aabb,data30-4,0,25,2,deepocsort,True,3038
87.82008557172671,88.87425938117183,338,0,56,88.34560013932979,89.36911815963751,31,87.85385121790652,2700,26,3,0,True,8,0,True,85,legacy12,2700,cost_h_full_reassign,2700,2700,oracle_aabb,data30-4,0,26,3,deepocsort,True,3038
88.02458381194377,88.87425938117183,338,0,56,88.44840130619879,89.54339491111885,27,87.98551678736011,2700,30,3,0,True,8,0,True,85,legacy12,2700,cost_h_soft_information,2700,2700,oracle_aabb,data30-4,0,30,3,deepocsort,True,3038
87.82008557172671,88.87425938117183,338,0,56,88.34560013932979,89.36911815963751,31,87.85385121790652,2700,26,3,0,True,8,0,True,85,legacy12,2700,path_g_full_reassign,2700,2700,oracle_aabb,data30-4,0,26,3,deepocsort,True,3038
61.31575497245674,44.44337163050574,1243,1,84,52.19579595730176,58.632562715199214,103,49.24642049736247,1411,0,0,0,True,6,0,True,127,legacy12,1412,no_refinement,1412,1412,oracle_aabb,data30-5,0,0,0,bytetrack,True,2654
65.55012059645077,44.44337163050574,1243,1,84,53.97202931875117,61.33792424987703,85,49.92464204973624,1411,4,1,37,True,6,0,True,127,legacy12,1412,ace_v1,1412,1412,oracle_aabb,data30-5,1,4,0,bytetrack,True,2654
65.5439628394693,44.44337163050574,1243,1,84,53.96950798410751,61.38711264141663,80,50.113036925395626,1411,4,1,38,True,6,0,True,127,legacy12,1412,cost_r,1412,1412,oracle_aabb,data30-5,1,4,0,bytetrack,True,2654
65.58656289136,44.44337163050574,1243,1,84,53.98707194293748,61.43630103295622,72,50.41446872645064,1411,4,1,50,True,6,0,True,127,legacy12,1412,cost_g_legacy,1412,1412,oracle_aabb,data30-5,1,4,0,bytetrack,True,2654
65.64979798751335,44.44337163050574,1243,1,84,54.01316047386749,61.6822429906542,77,50.22607385079125,1411,4,1,49,True,6,0,True,127,legacy12,1412,cost_h,1412,1412,oracle_aabb,data30-5,1,4,0,bytetrack,True,2654
65.67793940718157,44.44337163050574,1243,1,84,54.02472374156022,61.780619773733406,74,50.33911077618689,1411,4,1,46,True,6,0,True,127,legacy12,1412,path_g,1412,1412,oracle_aabb,data30-5,1,4,0,bytetrack,True,2654
65.59564474639474,44.44337163050574,1243,1,84,53.99081665536668,61.48548942449582,78,50.188394875659384,1411,4,1,43,True,6,0,True,127,legacy12,1412,cost_h_margin_reassign,1412,1412,oracle_aabb,data30-5,1,4,0,bytetrack,True,2654
65.64979798751335,44.44337163050574,1243,1,84,54.01316047386749,61.6822429906542,77,50.22607385079125,1411,4,1,49,True,6,0,True,127,legacy12,1412,cost_h_motion_reassign,1412,1412,oracle_aabb,data30-5,1,4,0,bytetrack,True,2654
65.52604147564914,44.44337163050574,1243,1,84,53.962122963137624,61.28873585833743,83,50.0,1411,4,1,33,True,6,0,True,127,legacy12,1412,cost_h_full_postfilter,1412,1412,oracle_aabb,data30-5,1,4,0,bytetrack,True,2654
65.56613865984113,44.44337163050574,1243,1,84,53.978662409306324,61.53467781603541,80,50.113036925395626,1411,4,1,39,True,6,0,True,127,legacy12,1412,cost_h_full_reassign,1412,1412,oracle_aabb,data30-5,1,4,0,bytetrack,True,2654
65.63906700732662,44.44337163050574,1243,1,84,54.00869270299251,61.633054599114615,76,50.263752825923135,1411,4,1,45,True,6,0,True,127,legacy12,1412,cost_h_soft_information,1412,1412,oracle_aabb,data30-5,1,4,0,bytetrack,True,2654
65.56613865984113,44.44337163050574,1243,1,84,53.978662409306324,61.53467781603541,80,50.113036925395626,1411,4,1,39,True,6,0,True,127,legacy12,1412,path_g_full_reassign,1412,1412,oracle_aabb,data30-5,1,4,0,bytetrack,True,2654
69.54224986861647,46.11906556141673,1430,0,18,56.632354542073806,52.965446106240336,53,44.122079879427275,1224,0,0,0,True,6,0,True,75,legacy12,1224,no_refinement,1224,1224,oracle_aabb,data30-5,0,0,0,ocsort,True,2654
75.83167982393154,46.11906556141673,1430,0,18,59.13785770073399,57.34914904589995,22,45.29012810851545,1224,31,4,0,True,6,0,True,75,legacy12,1224,ace_v1,1224,1224,oracle_aabb,data30-5,0,31,4,ocsort,True,2654
75.84450767293698,46.11906556141673,1430,0,18,59.14285943240787,57.34914904589995,22,45.29012810851545,1224,31,4,0,True,6,0,True,75,legacy12,1224,cost_r,1224,1224,oracle_aabb,data30-5,0,31,4,ocsort,True,2654
75.83935719508867,46.11906556141673,1430,0,18,59.14085125034973,57.400722021660656,21,45.32780708364733,1224,31,8,0,True,6,0,True,75,legacy12,1224,cost_g_legacy,1224,1224,oracle_aabb,data30-5,0,31,8,ocsort,True,2654
75.87104940644839,46.11906556141673,1430,0,18,59.15320702877808,57.503867973182054,19,45.40316503391108,1224,34,5,0,True,6,0,True,75,legacy12,1224,cost_h,1224,1224,oracle_aabb,data30-5,0,34,5,ocsort,True,2654
75.84095419972276,46.11906556141673,1430,0,18,59.141473933081976,57.400722021660656,21,45.32780708364733,1224,32,6,0,True,6,0,True,75,legacy12,1224,path_g,1224,1224,oracle_aabb,data30-5,0,32,6,ocsort,True,2654
75.88223443601579,46.11906556141673,1430,0,18,59.157567097552324,57.503867973182054,19,45.40316503391108,1224,34,4,0,True,6,0,True,75,legacy12,1224,cost_h_margin_reassign,1224,1224,oracle_aabb,data30-5,0,34,4,ocsort,True,2654
75.87104940644839,46.11906556141673,1430,0,18,59.15320702877808,57.503867973182054,19,45.40316503391108,1224,34,5,0,True,6,0,True,75,legacy12,1224,cost_h_motion_reassign,1224,1224,oracle_aabb,data30-5,0,34,5,ocsort,True,2654
75.84483251741146,46.11906556141673,1430,0,18,59.14298608766021,57.34914904589995,22,45.29012810851545,1224,31,3,0,True,6,0,True,75,legacy12,1224,cost_h_full_postfilter,1224,1224,oracle_aabb,data30-5,0,31,3,ocsort,True,2654
75.84450767293698,46.11906556141673,1430,0,18,59.14285943240787,57.34914904589995,22,45.29012810851545,1224,31,4,0,True,6,0,True,75,legacy12,1224,cost_h_full_reassign,1224,1224,oracle_aabb,data30-5,0,31,4,ocsort,True,2654
75.87104940644839,46.11906556141673,1430,0,18,59.15320702877808,57.503867973182054,19,45.40316503391108,1224,34,5,0,True,6,0,True,75,legacy12,1224,cost_h_soft_information,1224,1224,oracle_aabb,data30-5,0,34,5,ocsort,True,2654
75.84450767293698,46.11906556141673,1430,0,18,59.14285943240787,57.34914904589995,22,45.29012810851545,1224,31,4,0,True,6,0,True,75,legacy12,1224,path_g_full_reassign,1224,1224,oracle_aabb,data30-5,0,31,4,ocsort,True,2654
87.84506682232305,90.73678854105815,231,0,15,89.27920271443061,91.70770139846366,18,90.61793519216278,2423,0,0,0,True,6,0,True,42,legacy12,2423,no_refinement,2423,2423,oracle_aabb,data30-5,0,0,0,deepocsort,True,2654
88.5950558459373,90.73678854105815,231,0,15,89.65950840842251,92.33799487886547,11,90.88168801808591,2423,7,4,0,True,6,0,True,42,legacy12,2423,ace_v1,2423,2423,oracle_aabb,data30-5,0,7,4,deepocsort,True,2654
88.62354526447625,90.73678854105815,231,0,15,89.67392307296214,92.33799487886547,11,90.88168801808591,2423,7,4,0,True,6,0,True,42,legacy12,2423,cost_r,2423,2423,oracle_aabb,data30-5,0,7,4,deepocsort,True,2654
88.6970175290371,90.73678854105815,231,0,15,89.7110868194082,92.41678156391569,9,90.95704596834966,2423,8,5,0,True,6,0,True,42,legacy12,2423,cost_g_legacy,2423,2423,oracle_aabb,data30-5,0,8,5,deepocsort,True,2654
88.6970175290371,90.73678854105815,231,0,15,89.7110868194082,92.41678156391569,9,90.95704596834966,2423,9,4,0,True,6,0,True,42,legacy12,2423,cost_h,2423,2423,oracle_aabb,data30-5,0,9,4,deepocsort,True,2654
88.60640232872511,90.73678854105815,231,0,15,89.66524961559107,92.37738822139059,10,90.91936699321779,2423,8,5,0,True,6,0,True,42,legacy12,2423,path_g,2423,2423,oracle_aabb,data30-5,0,8,5,deepocsort,True,2654
88.77447851236374,90.73678854105815,231,0,15,89.75025147509325,92.41678156391569,11,90.88168801808591,2423,7,5,0,True,6,0,True,42,legacy12,2423,cost_h_margin_reassign,2423,2423,oracle_aabb,data30-5,0,7,5,deepocsort,True,2654
88.96556480548891,90.73678854105815,231,0,15,89.84679264468211,92.77132164664171,9,90.95704596834966,2423,9,2,0,True,6,0,True,42,legacy12,2423,cost_h_motion_reassign,2423,2423,oracle_aabb,data30-5,0,9,2,deepocsort,True,2654
88.94159634402884,90.73678854105815,231,0,15,89.83468891990327,92.69253496159149,11,90.88168801808591,2423,7,1,0,True,6,0,True,42,legacy12,2423,cost_h_full_postfilter,2423,2423,oracle_aabb,data30-5,0,7,1,deepocsort,True,2654
88.89209254092805,90.73678854105815,231,0,15,89.80968505478938,92.69253496159149,11,90.88168801808591,2423,7,2,0,True,6,0,True,42,legacy12,2423,cost_h_full_reassign,2423,2423,oracle_aabb,data30-5,0,7,2,deepocsort,True,2654
88.60640232872511,90.73678854105815,231,0,15,89.66524961559107,92.37738822139059,10,90.91936699321779,2423,8,5,0,True,6,0,True,42,legacy12,2423,cost_h_soft_information,2423,2423,oracle_aabb,data30-5,0,8,5,deepocsort,True,2654
88.89209254092805,90.73678854105815,231,0,15,89.80968505478938,92.69253496159149,11,90.88168801808591,2423,7,2,0,True,6,0,True,42,legacy12,2423,path_g_full_reassign,2423,2423,oracle_aabb,data30-5,0,7,2,deepocsort,True,2654
64.70676461488992,32.49558696259048,2258,23,130,45.829964775725855,46.05603020067554,197,31.810676940011007,1376,0,0,0,True,6,0,True,236,legacy12,1399,no_refinement,1399,1399,oracle_aabb,data30-9,0,0,0,bytetrack,True,3634
66.03026971799785,32.49558696259048,2258,23,130,46.30230163255436,47.3276375918935,154,32.993946064942214,1376,0,1,85,True,6,0,True,236,legacy12,1399,ace_v1,1399,1399,oracle_aabb,data30-9,0,0,1,bytetrack,True,3634
66.43130014135961,32.49558696259048,2258,23,130,46.44341628191878,47.80449036360024,136,33.48926802421574,1376,0,1,92,True,6,0,True,236,legacy12,1399,cost_r,1399,1399,oracle_aabb,data30-9,0,0,1,bytetrack,True,3634
66.49118639815204,32.49558696259048,2258,23,130,46.464906996521876,48.04291674945361,128,33.709411117226196,1376,0,1,108,True,6,0,True,236,legacy12,1399,cost_g_legacy,1399,1399,oracle_aabb,data30-9,0,0,1,bytetrack,True,3634
66.47883336682538,32.49558696259048,2258,23,130,46.46093183910781,48.00317901847804,133,33.57182168409466,1376,0,2,108,True,6,0,True,236,legacy12,1399,cost_h,1399,1399,oracle_aabb,data30-9,1,0,1,bytetrack,True,3634
66.47099507056423,32.49558696259048,2258,23,130,46.45777762146091,47.963441287502484,130,33.654375343973584,1376,0,1,105,True,6,0,True,236,legacy12,1399,path_g,1399,1399,oracle_aabb,data30-9,0,0,1,bytetrack,True,3634
66.45393940458854,32.49558696259048,2258,23,130,46.45172860255142,47.963441287502484,129,33.68189323059989,1376,0,1,102,True,6,0,True,236,legacy12,1399,cost_h_margin_reassign,1399,1399,oracle_aabb,data30-9,0,0,1,bytetrack,True,3634
66.47883336682538,32.49558696259048,2258,23,130,46.46093183910781,48.00317901847804,133,33.57182168409466,1376,0,2,108,True,6,0,True,236,legacy12,1399,cost_h_motion_reassign,1399,1399,oracle_aabb,data30-9,1,0,1,bytetrack,True,3634
66.25352410057961,32.49558696259048,2258,23,130,46.38049954281486,47.60580170872243,140,33.37919647771051,1376,0,1,84,True,6,0,True,236,legacy12,1399,cost_h_full_postfilter,1399,1399,oracle_aabb,data30-9,0,0,1,bytetrack,True,3634
66.45956655468443,32.49558696259048,2258,23,130,46.45336067950523,47.8442280945758,135,33.516785910842046,1376,0,1,94,True,6,0,True,236,legacy12,1399,cost_h_full_reassign,1399,1399,oracle_aabb,data30-9,0,0,1,bytetrack,True,3634
66.46886314867653,32.49558696259048,2258,23,130,46.45700953405324,48.00317901847804,128,33.709411117226196,1376,0,1,106,True,6,0,True,236,legacy12,1399,cost_h_soft_information,1399,1399,oracle_aabb,data30-9,0,0,1,bytetrack,True,3634
66.45956655468443,32.49558696259048,2258,23,130,46.45336067950523,47.8442280945758,135,33.516785910842046,1376,0,1,94,True,6,0,True,236,legacy12,1399,path_g_full_reassign,1399,1399,oracle_aabb,data30-9,0,0,1,bytetrack,True,3634
67.81286515989107,35.663181067694,2338,0,29,49.17745915474197,43.40770791075051,198,30.214639515685192,1296,0,0,0,True,6,0,True,261,legacy12,1296,no_refinement,1296,1296,oracle_aabb,data30-9,0,0,0,ocsort,True,3634
69.52043823650392,35.663181067694,2338,0,29,49.79277032596075,46.36916835699797,129,32.11337369290039,1296,65,40,0,True,6,0,True,261,legacy12,1296,ace_v1,1296,1296,oracle_aabb,data30-9,6,64,35,ocsort,True,3634
70.34409182286862,35.663181067694,2338,0,29,50.08686538126992,48.60040567951319,69,33.76444689047881,1296,123,14,0,True,6,0,True,261,legacy12,1296,cost_r,1296,1296,oracle_aabb,data30-9,9,119,9,ocsort,True,3634
70.49371405155065,35.663181067694,2338,0,29,50.140104590583924,49.08722109533469,58,34.06714364336819,1296,133,24,0,True,6,0,True,261,legacy12,1296,cost_g_legacy,1296,1296,oracle_aabb,data30-9,12,128,17,ocsort,True,3634
70.46850109172918,35.663181067694,2338,0,29,50.13113717045853,49.33062880324543,51,34.259768849752334,1296,140,17,0,True,6,0,True,261,legacy12,1296,cost_h,1296,1296,oracle_aabb,data30-9,12,133,12,ocsort,True,3634
70.49519638045481,35.663181067694,2338,0,29,50.14063175627933,49.08722109533469,58,34.06714364336819,1296,133,21,0,True,6,0,True,261,legacy12,1296,path_g,1296,1296,oracle_aabb,data30-9,12,128,14,ocsort,True,3634
70.56646586062712,35.663181067694,2338,0,29,50.165971029122844,49.3711967545639,50,34.28728673637865,1296,141,13,0,True,6,0,True,261,legacy12,1296,cost_h_margin_reassign,1296,1296,oracle_aabb,data30-9,12,134,8,ocsort,True,3634
70.46850109172918,35.663181067694,2338,0,29,50.13113717045853,49.33062880324543,51,34.259768849752334,1296,140,17,0,True,6,0,True,261,legacy12,1296,cost_h_motion_reassign,1296,1296,oracle_aabb,data30-9,12,133,12,ocsort,True,3634
70.2876767117732,35.663181067694,2338,0,29,50.06677682255475,48.55983772819473,70,33.73692900385251,1296,122,9,0,True,6,0,True,261,legacy12,1296,cost_h_full_postfilter,1296,1296,oracle_aabb,data30-9,8,118,5,ocsort,True,3634
70.34409182286862,35.663181067694,2338,0,29,50.08686538126992,48.60040567951319,69,33.76444689047881,1296,123,14,0,True,6,0,True,261,legacy12,1296,cost_h_full_reassign,1296,1296,oracle_aabb,data30-9,9,119,9,ocsort,True,3634
70.55804335429488,35.663181067694,2338,0,29,50.16297714377029,49.33062880324543,52,34.232250963126035,1296,139,15,0,True,6,0,True,261,legacy12,1296,cost_h_soft_information,1296,1296,oracle_aabb,data30-9,12,134,8,ocsort,True,3634
70.34409182286862,35.663181067694,2338,0,29,50.08686538126992,48.60040567951319,69,33.76444689047881,1296,123,14,0,True,6,0,True,261,legacy12,1296,path_g_full_reassign,1296,1296,oracle_aabb,data30-9,9,119,9,ocsort,True,3634
90.95975780888864,90.47881122729775,346,0,30,90.71896580137559,93.26784166425888,32,89.59823885525591,3288,0,0,0,True,6,0,True,93,legacy12,3288,no_refinement,3288,3288,oracle_aabb,data30-9,0,0,0,deepocsort,True,3634
90.99704410920818,90.47881122729775,346,0,30,90.73755769359859,93.32562843108929,19,89.9559713813979,3288,13,3,0,True,6,0,True,93,legacy12,3288,ace_v1,3288,3288,oracle_aabb,data30-9,0,13,3,deepocsort,True,3634
91.05434595053751,90.47881122729775,346,0,30,90.76612241736308,93.35452181450448,18,89.98348926802421,3288,14,2,0,True,6,0,True,93,legacy12,3288,cost_r,3288,3288,oracle_aabb,data30-9,0,14,2,deepocsort,True,3634
91.05434595053751,90.47881122729775,346,0,30,90.76612241736308,93.35452181450448,18,89.98348926802421,3288,14,2,0,True,6,0,True,93,legacy12,3288,cost_g_legacy,3288,3288,oracle_aabb,data30-9,0,14,2,deepocsort,True,3634
91.05434595053751,90.47881122729775,346,0,30,90.76612241736308,93.35452181450448,18,89.98348926802421,3288,14,2,0,True,6,0,True,93,legacy12,3288,cost_h,3288,3288,oracle_aabb,data30-9,0,14,2,deepocsort,True,3634
91.05434595053751,90.47881122729775,346,0,30,90.76612241736308,93.35452181450448,18,89.98348926802421,3288,14,2,0,True,6,0,True,93,legacy12,3288,path_g,3288,3288,oracle_aabb,data30-9,0,14,2,deepocsort,True,3634
91.05434595053751,90.47881122729775,346,0,30,90.76612241736308,93.35452181450448,18,89.98348926802421,3288,14,2,0,True,6,0,True,93,legacy12,3288,cost_h_margin_reassign,3288,3288,oracle_aabb,data30-9,0,14,2,deepocsort,True,3634
91.38143669971684,90.47881122729775,346,0,30,90.92900395821421,93.61456226524126,18,89.98348926802421,3288,14,1,0,True,6,0,True,93,legacy12,3288,cost_h_motion_reassign,3288,3288,oracle_aabb,data30-9,0,14,1,deepocsort,True,3634
91.38143669971684,90.47881122729775,346,0,30,90.92900395821421,93.61456226524126,18,89.98348926802421,3288,14,1,0,True,6,0,True,93,legacy12,3288,cost_h_full_postfilter,3288,3288,oracle_aabb,data30-9,0,14,1,deepocsort,True,3634
91.38143669971684,90.47881122729775,346,0,30,90.92900395821421,93.61456226524126,18,89.98348926802421,3288,14,1,0,True,6,0,True,93,legacy12,3288,cost_h_full_reassign,3288,3288,oracle_aabb,data30-9,0,14,1,deepocsort,True,3634
91.05434595053751,90.47881122729775,346,0,30,90.76612241736308,93.35452181450448,18,89.98348926802421,3288,14,2,0,True,6,0,True,93,legacy12,3288,cost_h_soft_information,3288,3288,oracle_aabb,data30-9,0,14,2,deepocsort,True,3634
91.38143669971684,90.47881122729775,346,0,30,90.92900395821421,93.61456226524126,18,89.98348926802421,3288,14,1,0,True,6,0,True,93,legacy12,3288,path_g_full_reassign,3288,3288,oracle_aabb,data30-9,0,14,1,deepocsort,True,3634
74.56894942662198,73.45408625203422,176,2,42,73.92986936703585,81.70320404721754,89,79.02592301649646,1097,0,0,0,True,3,0,True,55,confirmation38,1099,no_refinement,1099,1099,oracle_aabb,data23-1,0,0,0,bytetrack,True,1273
74.76238228086059,73.45408625203422,176,2,42,74.02737930803299,82.46205733558179,77,79.96857816182246,1097,0,2,16,True,3,0,True,55,confirmation38,1099,ace_v1,1099,1099,oracle_aabb,data23-1,0,0,2,bytetrack,True,1273
74.76530050153065,73.45408625203422,176,2,42,74.02888488014766,82.46205733558179,74,80.20424194815396,1097,0,2,19,True,3,0,True,55,confirmation38,1099,cost_r,1099,1099,oracle_aabb,data23-1,0,0,2,bytetrack,True,1273
74.94310625575818,73.27896888613189,176,2,42,74.03205444367426,82.63069139966274,69,80.59701492537313,1097,0,3,27,True,3,0,True,55,confirmation38,1099,cost_g_legacy,1099,1099,oracle_aabb,data23-1,0,0,3,bytetrack,True,1273
74.98050963357471,73.45408625203422,176,2,42,74.13733443988501,82.63069139966274,71,80.43990573448548,1097,0,1,30,True,3,0,True,55,confirmation38,1099,cost_h,1099,1099,oracle_aabb,data23-1,0,0,1,bytetrack,True,1273
74.83092173558448,73.45408625203422,176,2,42,74.06197409803902,82.63069139966274,72,80.36135113904163,1097,0,2,24,True,3,0,True,55,confirmation38,1099,path_g,1099,1099,oracle_aabb,data23-1,0,0,2,bytetrack,True,1273
74.90999390322963,73.45408625203422,176,2,42,74.10165440632012,82.63069139966274,71,80.43990573448548,1097,0,1,25,True,3,0,True,55,confirmation38,1099,cost_h_margin_reassign,1099,1099,oracle_aabb,data23-1,0,0,1,bytetrack,True,1273
74.98050963357471,73.45408625203422,176,2,42,74.13733443988501,82.63069139966274,71,80.43990573448548,1097,0,1,30,True,3,0,True,55,confirmation38,1099,cost_h_motion_reassign,1099,1099,oracle_aabb,data23-1,0,0,1,bytetrack,True,1273
74.89620378903976,73.36984937434113,176,2,42,74.05332438065902,82.29342327150084,75,80.12568735271013,1097,0,1,18,True,3,0,True,55,confirmation38,1099,cost_h_full_postfilter,1099,1099,oracle_aabb,data23-1,0,0,1,bytetrack,True,1273
74.8127738227579,73.45408625203422,176,2,42,74.05279494811089,82.46205733558179,71,80.43990573448548,1097,0,1,23,True,3,0,True,55,confirmation38,1099,cost_h_full_reassign,1099,1099,oracle_aabb,data23-1,0,0,1,bytetrack,True,1273
74.93303841250402,73.45408625203422,176,2,42,74.11331191793384,82.63069139966274,72,80.36135113904163,1097,0,1,29,True,3,0,True,55,confirmation38,1099,cost_h_soft_information,1099,1099,oracle_aabb,data23-1,0,0,1,bytetrack,True,1273
74.77211574638233,73.45408625203422,176,2,42,74.03232511646169,82.46205733558179,73,80.2827965435978,1097,0,2,21,True,3,0,True,55,confirmation38,1099,path_g_full_reassign,1099,1099,oracle_aabb,data23-1,0,0,2,bytetrack,True,1273
77.32972948804931,73.36999214454046,339,0,25,75.32384512939852,75.0339827820571,44,69.91358994501178,934,0,0,0,True,3,0,True,32,confirmation38,934,no_refinement,934,934,oracle_aabb,data23-1,0,0,0,ocsort,True,1273
77.36498927855459,73.36999214454046,339,0,25,75.34101575921316,75.30584503851382,39,70.30636292223095,934,5,4,0,True,3,0,True,32,confirmation38,934,ace_v1,934,934,oracle_aabb,data23-1,0,5,4,ocsort,True,1273
77.37433340074176,73.36999214454046,339,0,25,75.34556545544984,75.39646579066607,38,70.38491751767478,934,6,3,0,True,3,0,True,32,confirmation38,934,cost_r,934,934,oracle_aabb,data23-1,0,6,3,ocsort,True,1273
77.38450473751308,73.36999214454046,339,0,25,75.35051761401836,75.4870865428183,36,70.54202670856246,934,7,4,0,True,3,0,True,32,confirmation38,934,cost_g_legacy,934,934,oracle_aabb,data23-1,0,7,4,ocsort,True,1273
77.38958663734778,73.36999214454046,339,0,25,75.35299173656902,75.39646579066607,36,70.54202670856246,934,8,2,0,True,3,0,True,32,confirmation38,934,cost_h,934,934,oracle_aabb,data23-1,0,8,2,ocsort,True,1273
77.37433340074176,73.36999214454046,339,0,25,75.34556545544984,75.39646579066607,38,70.38491751767478,934,6,3,0,True,3,0,True,32,confirmation38,934,path_g,934,934,oracle_aabb,data23-1,0,6,3,ocsort,True,1273
77.38958663734778,73.36999214454046,339,0,25,75.35299173656902,75.39646579066607,36,70.54202670856246,934,8,2,0,True,3,0,True,32,confirmation38,934,cost_h_margin_reassign,934,934,oracle_aabb,data23-1,0,8,2,ocsort,True,1273
77.38958663734778,73.36999214454046,339,0,25,75.35299173656902,75.39646579066607,36,70.54202670856246,934,8,2,0,True,3,0,True,32,confirmation38,934,cost_h_motion_reassign,934,934,oracle_aabb,data23-1,0,8,2,ocsort,True,1273
77.37446205752663,73.36999214454046,339,0,25,75.34562809711505,75.39646579066607,38,70.38491751767478,934,6,2,0,True,3,0,True,32,confirmation38,934,cost_h_full_postfilter,934,934,oracle_aabb,data23-1,0,6,2,ocsort,True,1273
77.37433340074176,73.36999214454046,339,0,25,75.34556545544984,75.39646579066607,38,70.38491751767478,934,6,3,0,True,3,0,True,32,confirmation38,934,cost_h_full_reassign,934,934,oracle_aabb,data23-1,0,6,3,ocsort,True,1273
77.37433340074176,73.36999214454046,339,0,25,75.34556545544984,75.39646579066607,38,70.38491751767478,934,6,3,0,True,3,0,True,32,confirmation38,934,cost_h_soft_information,934,934,oracle_aabb,data23-1,0,6,3,ocsort,True,1273
77.37433340074176,73.36999214454046,339,0,25,75.34556545544984,75.39646579066607,38,70.38491751767478,934,6,3,0,True,3,0,True,32,confirmation38,934,path_g_full_reassign,934,934,oracle_aabb,data23-1,0,6,3,ocsort,True,1273
94.4556344365594,94.10840534171247,75,0,4,94.28186003873891,95.10319708619991,3,93.87274155538098,1198,0,0,0,True,3,0,True,11,confirmation38,1198,no_refinement,1198,1198,oracle_aabb,data23-1,0,0,0,deepocsort,True,1273
96.15847249999845,94.10840534171247,75,0,4,95.12791654961109,96.2363415621206,2,93.95129615082483,1198,1,0,0,True,3,0,True,11,confirmation38,1198,ace_v1,1198,1198,oracle_aabb,data23-1,0,1,0,deepocsort,True,1273
96.15847249999845,94.10840534171247,75,0,4,95.12791654961109,96.2363415621206,2,93.95129615082483,1198,1,0,0,True,3,0,True,11,confirmation38,1198,cost_r,1198,1198,oracle_aabb,data23-1,0,1,0,deepocsort,True,1273
96.15847249999845,94.10840534171247,75,0,4,95.12791654961109,96.2363415621206,2,93.95129615082483,1198,1,0,0,True,3,0,True,11,confirmation38,1198,cost_g_legacy,1198,1198,oracle_aabb,data23-1,0,1,0,deepocsort,True,1273
96.15847249999845,94.10840534171247,75,0,4,95.12791654961109,96.2363415621206,2,93.95129615082483,1198,1,0,0,True,3,0,True,11,confirmation38,1198,cost_h,1198,1198,oracle_aabb,data23-1,0,1,0,deepocsort,True,1273
96.15847249999845,94.10840534171247,75,0,4,95.12791654961109,96.2363415621206,2,93.95129615082483,1198,1,0,0,True,3,0,True,11,confirmation38,1198,path_g,1198,1198,oracle_aabb,data23-1,0,1,0,deepocsort,True,1273
96.15847249999845,94.10840534171247,75,0,4,95.12791654961109,96.2363415621206,2,93.95129615082483,1198,1,0,0,True,3,0,True,11,confirmation38,1198,cost_h_margin_reassign,1198,1198,oracle_aabb,data23-1,0,1,0,deepocsort,True,1273
96.15847249999845,94.10840534171247,75,0,4,95.12791654961109,96.2363415621206,2,93.95129615082483,1198,1,0,0,True,3,0,True,11,confirmation38,1198,cost_h_motion_reassign,1198,1198,oracle_aabb,data23-1,0,1,0,deepocsort,True,1273
96.15847249999845,94.10840534171247,75,0,4,95.12791654961109,96.2363415621206,2,93.95129615082483,1198,1,0,0,True,3,0,True,11,confirmation38,1198,cost_h_full_postfilter,1198,1198,oracle_aabb,data23-1,0,1,0,deepocsort,True,1273
96.15847249999845,94.10840534171247,75,0,4,95.12791654961109,96.2363415621206,2,93.95129615082483,1198,1,0,0,True,3,0,True,11,confirmation38,1198,cost_h_full_reassign,1198,1198,oracle_aabb,data23-1,0,1,0,deepocsort,True,1273
96.15847249999845,94.10840534171247,75,0,4,95.12791654961109,96.2363415621206,2,93.95129615082483,1198,1,0,0,True,3,0,True,11,confirmation38,1198,cost_h_soft_information,1198,1198,oracle_aabb,data23-1,0,1,0,deepocsort,True,1273
96.15847249999845,94.10840534171247,75,0,4,95.12791654961109,96.2363415621206,2,93.95129615082483,1198,1,0,0,True,3,0,True,11,confirmation38,1198,path_g_full_reassign,1198,1198,oracle_aabb,data23-1,0,1,0,deepocsort,True,1273
50.40660245714715,48.80584916618158,4535,35,814,49.219328860254116,51.023676083724126,1045,48.92204129900846,6458,0,0,0,True,6,0,True,895,confirmation38,6493,no_refinement,6493,6493,oracle_aabb,data24-1,0,0,0,bytetrack,True,10993
52.62357036533301,48.80584916618158,4535,35,814,50.34707633845499,54.6265583895688,742,51.678340762303286,6458,21,9,350,True,6,0,True,895,confirmation38,6493,ace_v1,6493,6493,oracle_aabb,data24-1,2,20,8,bytetrack,True,10993
52.81570235399329,48.80584916618158,4535,35,814,50.442246007940085,54.82099965686835,718,51.89666151187119,6458,23,7,356,True,6,0,True,895,confirmation38,6493,cost_r,6493,6493,oracle_aabb,data24-1,2,22,6,bytetrack,True,10993
53.42051567159572,48.80584916618158,4535,35,814,50.74308694487263,55.8503946013954,642,52.588010552169564,6458,24,10,441,True,6,0,True,895,confirmation38,6493,cost_g_legacy,6493,6493,oracle_aabb,data24-1,2,23,9,bytetrack,True,10993
52.892539107874825,48.79833641178051,4535,35,814,50.476673720924495,55.061191810591325,701,52.05130537614846,6458,25,9,408,True,6,0,True,895,confirmation38,6493,cost_h,6493,6493,oracle_aabb,data24-1,2,24,8,bytetrack,True,10993
52.85560929589843,48.80584916618158,4535,35,814,50.462038221205816,54.90106370810934,707,51.99672518875648,6458,24,7,398,True,6,0,True,895,confirmation38,6493,path_g,6493,6493,oracle_aabb,data24-1,2,23,6,bytetrack,True,10993
52.84964011864939,48.80584916618158,4535,35,814,50.459131782450584,54.92393915132106,705,52.014918584553804,6458,24,7,383,True,6,0,True,895,confirmation38,6493,cost_h_margin_reassign,6493,6493,oracle_aabb,data24-1,2,23,6,bytetrack,True,10993
52.892539107874825,48.79833641178051,4535,35,814,50.476673720924495,55.061191810591325,701,52.05130537614846,6458,25,9,408,True,6,0,True,895,confirmation38,6493,cost_h_motion_reassign,6493,6493,oracle_aabb,data24-1,2,24,8,bytetrack,True,10993
52.82304268794664,48.79833641178051,4535,35,814,50.44208746583404,54.83243737847421,720,51.87846811607386,6458,24,8,350,True,6,0,True,895,confirmation38,6493,cost_h_full_postfilter,6493,6493,oracle_aabb,data24-1,2,23,7,bytetrack,True,10993
52.82811787516174,48.80584916618158,4535,35,814,50.44838355635704,54.85531282168592,711,51.960338397161834,6458,24,7,365,True,6,0,True,895,confirmation38,6493,cost_h_full_reassign,6493,6493,oracle_aabb,data24-1,2,23,6,bytetrack,True,10993
52.87504190354922,48.80584916618158,4535,35,814,50.4717144990221,55.084067253803035,706,52.00582188665515,6458,24,9,401,True,6,0,True,895,confirmation38,6493,cost_h_soft_information,6493,6493,oracle_aabb,data24-1,2,23,8,bytetrack,True,10993
52.826299568619326,48.80584916618158,4535,35,814,50.447484673003714,54.84387510008006,714,51.933048303465846,6458,24,7,364,True,6,0,True,895,confirmation38,6493,path_g_full_reassign,6493,6493,oracle_aabb,data24-1,2,23,6,bytetrack,True,10993
61.110810628924824,40.62827898916796,6518,0,207,49.8279743089775,48.202741143004914,254,38.39716183025562,4475,0,0,0,True,6,0,True,286,confirmation38,4475,no_refinement,4475,4475,oracle_aabb,data24-1,0,0,0,ocsort,True,10993
61.693631528217075,40.62827898916796,6518,0,207,50.06501805674735,48.79751745539178,214,38.761029746202134,4475,32,26,0,True,6,0,True,286,confirmation38,4475,ace_v1,4475,4475,oracle_aabb,data24-1,3,31,24,ocsort,True,10993
61.858622028275725,40.62827898916796,6518,0,207,50.13191910191822,49.00439617274373,209,38.80651323569545,4475,38,22,0,True,6,0,True,286,confirmation38,4475,cost_r,4475,4475,oracle_aabb,data24-1,4,36,20,ocsort,True,10993
61.86180132295459,40.62827898916796,6518,0,207,50.13320737901788,49.01732609257823,207,38.82470663149277,4475,39,24,0,True,6,0,True,286,confirmation38,4475,cost_g_legacy,4475,4475,oracle_aabb,data24-1,5,36,22,ocsort,True,10993
61.859322607306865,40.62827898916796,6518,0,207,50.132202985312055,49.01732609257823,208,38.815609933594104,4475,38,24,0,True,6,0,True,286,confirmation38,4475,cost_h,4475,4475,oracle_aabb,data24-1,4,36,22,ocsort,True,10993
61.859322607306865,40.62827898916796,6518,0,207,50.132202985312055,49.01732609257823,208,38.815609933594104,4475,38,24,0,True,6,0,True,286,confirmation38,4475,path_g,4475,4475,oracle_aabb,data24-1,4,36,22,ocsort,True,10993
61.859326108147926,40.62827898916796,6518,0,207,50.132204403892665,49.01732609257823,208,38.815609933594104,4475,38,23,0,True,6,0,True,286,confirmation38,4475,cost_h_margin_reassign,4475,4475,oracle_aabb,data24-1,4,36,21,ocsort,True,10993
61.859322607306865,40.62827898916796,6518,0,207,50.132202985312055,49.01732609257823,208,38.815609933594104,4475,38,24,0,True,6,0,True,286,confirmation38,4475,cost_h_motion_reassign,4475,4475,oracle_aabb,data24-1,4,36,22,ocsort,True,10993
61.858622028275725,40.62827898916796,6518,0,207,50.13191910191822,49.00439617274373,209,38.80651323569545,4475,38,22,0,True,6,0,True,286,confirmation38,4475,cost_h_full_postfilter,4475,4475,oracle_aabb,data24-1,4,36,20,ocsort,True,10993
61.858622028275725,40.62827898916796,6518,0,207,50.13191910191822,49.00439617274373,209,38.80651323569545,4475,38,22,0,True,6,0,True,286,confirmation38,4475,cost_h_full_reassign,4475,4475,oracle_aabb,data24-1,4,36,20,ocsort,True,10993
61.859322607306865,40.62827898916796,6518,0,207,50.132202985312055,49.01732609257823,208,38.815609933594104,4475,38,24,0,True,6,0,True,286,confirmation38,4475,cost_h_soft_information,4475,4475,oracle_aabb,data24-1,4,36,22,ocsort,True,10993
61.858622028275725,40.62827898916796,6518,0,207,50.13191910191822,49.00439617274373,209,38.80651323569545,4475,38,22,0,True,6,0,True,286,confirmation38,4475,path_g_full_reassign,4475,4475,oracle_aabb,data24-1,4,36,20,ocsort,True,10993
76.04929938496322,77.4510893114479,2476,0,247,76.74699347560527,75.1922091235264,243,75.26607841353588,8517,0,0,0,True,6,0,True,365,confirmation38,8517,no_refinement,8517,8517,oracle_aabb,data24-1,0,0,0,deepocsort,True,10993
76.8909014986041,77.42051455210834,2476,0,247,77.15525336308397,76.50435674013326,176,75.87555717274628,8517,61,49,0,True,6,0,True,365,confirmation38,8517,ace_v1,8517,8517,oracle_aabb,data24-1,0,61,49,deepocsort,True,10993
77.42805394922034,77.42051455210834,2476,0,247,77.42428391617736,77.22193746796515,157,76.04839443282088,8517,78,37,0,True,6,0,True,365,confirmation38,8517,cost_r,8517,8517,oracle_aabb,data24-1,0,78,37,deepocsort,True,10993
77.82925812291387,77.42051455210834,2476,0,247,77.6246170551969,77.88826242952332,139,76.21213499499682,8517,89,55,0,True,6,0,True,365,confirmation38,8517,cost_g_legacy,8517,8517,oracle_aabb,data24-1,0,89,55,deepocsort,True,10993
78.22504851723737,77.40438170895193,2476,0,247,77.81363296997509,78.40082009226037,142,76.18484490130083,8517,92,46,0,True,6,0,True,365,confirmation38,8517,cost_h,8517,8517,oracle_aabb,data24-1,0,92,46,deepocsort,True,10993
77.63141227560382,77.42051455210834,2476,0,247,77.52589145523883,77.52947206560738,147,76.13936141180751,8517,87,44,0,True,6,0,True,365,confirmation38,8517,path_g,8517,8517,oracle_aabb,data24-1,0,87,44,deepocsort,True,10993
77.60917975474698,77.42051455210834,2476,0,247,77.51478950983854,77.49871860584315,153,76.08478122441554,8517,82,43,0,True,6,0,True,365,confirmation38,8517,cost_h_margin_reassign,8517,8517,oracle_aabb,data24-1,0,82,43,deepocsort,True,10993
78.12503830918683,77.40438170895193,2476,0,247,77.76387495361897,78.32906201947719,144,76.1666515055035,8517,89,43,0,True,6,0,True,365,confirmation38,8517,cost_h_motion_reassign,8517,8517,oracle_aabb,data24-1,0,89,43,deepocsort,True,10993
77.37975004181321,77.42051455210834,2476,0,247,77.40012937089035,77.24243977447462,160,76.0211043391249,8517,76,31,0,True,6,0,True,365,confirmation38,8517,cost_h_full_postfilter,8517,8517,oracle_aabb,data24-1,0,76,31,deepocsort,True,10993
77.45523275487427,77.42051455210834,2476,0,247,77.43787146490666,77.28344438749359,157,76.04839443282088,8517,77,39,0,True,6,0,True,365,confirmation38,8517,cost_h_full_reassign,8517,8517,oracle_aabb,data24-1,0,77,39,deepocsort,True,10993
77.67057921007292,77.42051455210834,2476,0,247,77.54544583724616,77.82675550999487,145,76.15755480760484,8517,86,48,0,True,6,0,True,365,confirmation38,8517,cost_h_soft_information,8517,8517,oracle_aabb,data24-1,0,86,48,deepocsort,True,10993
77.50237278750545,77.42051455210834,2476,0,247,77.46143261349545,77.37570476678627,155,76.06658782861821,8517,80,35,0,True,6,0,True,365,confirmation38,8517,path_g_full_reassign,8517,8517,oracle_aabb,data24-1,0,80,35,deepocsort,True,10993
29.221354800918657,28.742828885263354,132,0,4,28.961808012705532,35.294117647058826,20,24.752475247524753,70,0,0,0,True,4,0,True,18,confirmation38,70,no_refinement,70,70,oracle_aabb,data27-1,0,0,0,bytetrack,True,202
32.398531027449714,28.742828885263354,132,0,4,30.501846274238975,38.23529411764706,18,25.742574257425744,70,1,0,3,True,4,0,True,18,confirmation38,70,ace_v1,70,70,oracle_aabb,data27-1,0,1,0,bytetrack,True,202
32.398531027449714,28.742828885263354,132,0,4,30.501846274238975,38.23529411764706,18,25.742574257425744,70,1,0,3,True,4,0,True,18,confirmation38,70,cost_r,70,70,oracle_aabb,data27-1,0,1,0,bytetrack,True,202
33.43222418514879,28.742828885263354,132,0,4,30.986173672844288,41.17647058823529,14,27.722772277227726,70,1,0,5,True,4,0,True,18,confirmation38,70,cost_g_legacy,70,70,oracle_aabb,data27-1,0,1,0,bytetrack,True,202
32.398531027449714,28.742828885263354,132,0,4,30.501846274238975,38.23529411764706,18,25.742574257425744,70,1,0,3,True,4,0,True,18,confirmation38,70,cost_h,70,70,oracle_aabb,data27-1,0,1,0,bytetrack,True,202
32.398531027449714,28.742828885263354,132,0,4,30.501846274238975,38.23529411764706,18,25.742574257425744,70,1,0,3,True,4,0,True,18,confirmation38,70,path_g,70,70,oracle_aabb,data27-1,0,1,0,bytetrack,True,202
32.398531027449714,28.742828885263354,132,0,4,30.501846274238975,38.23529411764706,18,25.742574257425744,70,1,0,3,True,4,0,True,18,confirmation38,70,cost_h_margin_reassign,70,70,oracle_aabb,data27-1,0,1,0,bytetrack,True,202
32.398531027449714,28.742828885263354,132,0,4,30.501846274238975,38.23529411764706,18,25.742574257425744,70,1,0,3,True,4,0,True,18,confirmation38,70,cost_h_motion_reassign,70,70,oracle_aabb,data27-1,0,1,0,bytetrack,True,202
32.398531027449714,28.742828885263354,132,0,4,30.501846274238975,38.23529411764706,18,25.742574257425744,70,1,0,3,True,4,0,True,18,confirmation38,70,cost_h_full_postfilter,70,70,oracle_aabb,data27-1,0,1,0,bytetrack,True,202
32.398531027449714,28.742828885263354,132,0,4,30.501846274238975,38.23529411764706,18,25.742574257425744,70,1,0,3,True,4,0,True,18,confirmation38,70,cost_h_full_reassign,70,70,oracle_aabb,data27-1,0,1,0,bytetrack,True,202
32.398531027449714,28.742828885263354,132,0,4,30.501846274238975,38.23529411764706,18,25.742574257425744,70,1,0,3,True,4,0,True,18,confirmation38,70,cost_h_soft_information,70,70,oracle_aabb,data27-1,0,1,0,bytetrack,True,202
32.398531027449714,28.742828885263354,132,0,4,30.501846274238975,38.23529411764706,18,25.742574257425744,70,1,0,3,True,4,0,True,18,confirmation38,70,path_g_full_reassign,70,70,oracle_aabb,data27-1,0,1,0,bytetrack,True,202
18.36037993014737,11.881188118811883,178,0,0,14.76966918664528,16.8141592920354,4,9.900990099009901,24,0,0,0,True,4,0,True,4,confirmation38,24,no_refinement,24,24,oracle_aabb,data27-1,0,0,0,ocsort,True,202
18.941775278984583,11.881188118811883,178,0,0,15.001693084244735,18.58407079646018,2,10.891089108910892,24,2,0,0,True,4,0,True,4,confirmation38,24,ace_v1,24,24,oracle_aabb,data27-1,0,2,0,ocsort,True,202
18.554178379759776,11.881188118811883,178,0,0,14.847413367988318,17.699115044247787,3,10.396039603960396,24,1,0,0,True,4,0,True,4,confirmation38,24,cost_r,24,24,oracle_aabb,data27-1,0,1,0,ocsort,True,202
18.941775278984583,11.881188118811883,178,0,0,15.001693084244735,18.58407079646018,2,10.891089108910892,24,2,0,0,True,4,0,True,4,confirmation38,24,cost_g_legacy,24,24,oracle_aabb,data27-1,0,2,0,ocsort,True,202
18.941775278984583,11.881188118811883,178,0,0,15.001693084244735,18.58407079646018,2,10.891089108910892,24,2,0,0,True,4,0,True,4,confirmation38,24,cost_h,24,24,oracle_aabb,data27-1,0,2,0,ocsort,True,202
18.941775278984583,11.881188118811883,178,0,0,15.001693084244735,18.58407079646018,2,10.891089108910892,24,2,0,0,True,4,0,True,4,confirmation38,24,path_g,24,24,oracle_aabb,data27-1,0,2,0,ocsort,True,202
18.941775278984583,11.881188118811883,178,0,0,15.001693084244735,18.58407079646018,2,10.891089108910892,24,2,0,0,True,4,0,True,4,confirmation38,24,cost_h_margin_reassign,24,24,oracle_aabb,data27-1,0,2,0,ocsort,True,202
18.941775278984583,11.881188118811883,178,0,0,15.001693084244735,18.58407079646018,2,10.891089108910892,24,2,0,0,True,4,0,True,4,confirmation38,24,cost_h_motion_reassign,24,24,oracle_aabb,data27-1,0,2,0,ocsort,True,202
18.554178379759776,11.881188118811883,178,0,0,14.847413367988318,17.699115044247787,3,10.396039603960396,24,1,0,0,True,4,0,True,4,confirmation38,24,cost_h_full_postfilter,24,24,oracle_aabb,data27-1,0,1,0,ocsort,True,202
18.554178379759776,11.881188118811883,178,0,0,14.847413367988318,17.699115044247787,3,10.396039603960396,24,1,0,0,True,4,0,True,4,confirmation38,24,cost_h_full_reassign,24,24,oracle_aabb,data27-1,0,1,0,ocsort,True,202
18.941775278984583,11.881188118811883,178,0,0,15.001693084244735,18.58407079646018,2,10.891089108910892,24,2,0,0,True,4,0,True,4,confirmation38,24,cost_h_soft_information,24,24,oracle_aabb,data27-1,0,2,0,ocsort,True,202
18.554178379759776,11.881188118811883,178,0,0,14.847413367988318,17.699115044247787,3,10.396039603960396,24,1,0,0,True,4,0,True,4,confirmation38,24,path_g_full_reassign,24,24,oracle_aabb,data27-1,0,1,0,ocsort,True,202
77.61188764723649,61.88118811881188,77,0,3,69.30162927200726,72.78287461773701,5,59.4059405940594,125,0,0,0,True,4,0,True,5,confirmation38,125,no_refinement,125,125,oracle_aabb,data27-1,0,0,0,deepocsort,True,202
77.61188764723649,61.88118811881188,77,0,3,69.30162927200726,72.78287461773701,5,59.4059405940594,125,0,0,0,True,4,0,True,5,confirmation38,125,ace_v1,125,125,oracle_aabb,data27-1,0,0,0,deepocsort,True,202
77.61188764723649,61.88118811881188,77,0,3,69.30162927200726,72.78287461773701,5,59.4059405940594,125,0,0,0,True,4,0,True,5,confirmation38,125,cost_r,125,125,oracle_aabb,data27-1,0,0,0,deepocsort,True,202
77.61188764723649,61.88118811881188,77,0,3,69.30162927200726,72.78287461773701,5,59.4059405940594,125,0,0,0,True,4,0,True,5,confirmation38,125,cost_g_legacy,125,125,oracle_aabb,data27-1,0,0,0,deepocsort,True,202
77.61188764723649,61.88118811881188,77,0,3,69.30162927200726,72.78287461773701,5,59.4059405940594,125,0,0,0,True,4,0,True,5,confirmation38,125,cost_h,125,125,oracle_aabb,data27-1,0,0,0,deepocsort,True,202
77.61188764723649,61.88118811881188,77,0,3,69.30162927200726,72.78287461773701,5,59.4059405940594,125,0,0,0,True,4,0,True,5,confirmation38,125,path_g,125,125,oracle_aabb,data27-1,0,0,0,deepocsort,True,202
77.61188764723649,61.88118811881188,77,0,3,69.30162927200726,72.78287461773701,5,59.4059405940594,125,0,0,0,True,4,0,True,5,confirmation38,125,cost_h_margin_reassign,125,125,oracle_aabb,data27-1,0,0,0,deepocsort,True,202
77.61188764723649,61.88118811881188,77,0,3,69.30162927200726,72.78287461773701,5,59.4059405940594,125,0,0,0,True,4,0,True,5,confirmation38,125,cost_h_motion_reassign,125,125,oracle_aabb,data27-1,0,0,0,deepocsort,True,202
77.61188764723649,61.88118811881188,77,0,3,69.30162927200726,72.78287461773701,5,59.4059405940594,125,0,0,0,True,4,0,True,5,confirmation38,125,cost_h_full_postfilter,125,125,oracle_aabb,data27-1,0,0,0,deepocsort,True,202
77.61188764723649,61.88118811881188,77,0,3,69.30162927200726,72.78287461773701,5,59.4059405940594,125,0,0,0,True,4,0,True,5,confirmation38,125,cost_h_full_reassign,125,125,oracle_aabb,data27-1,0,0,0,deepocsort,True,202
77.61188764723649,61.88118811881188,77,0,3,69.30162927200726,72.78287461773701,5,59.4059405940594,125,0,0,0,True,4,0,True,5,confirmation38,125,cost_h_soft_information,125,125,oracle_aabb,data27-1,0,0,0,deepocsort,True,202
77.61188764723649,61.88118811881188,77,0,3,69.30162927200726,72.78287461773701,5,59.4059405940594,125,0,0,0,True,4,0,True,5,confirmation38,125,path_g_full_reassign,125,125,oracle_aabb,data27-1,0,0,0,deepocsort,True,202
1.7624977203052439,12.232581034964044,790,1,70,4.541106642484377,5.013927576601671,77,6.966773847802786,143,0,0,0,True,1,0,True,75,confirmation38,144,no_refinement,144,144,oracle_aabb,data31-1,0,0,0,bytetrack,True,933
3.1825067838452425,12.232581034964044,790,1,70,6.190012589119269,9.656453110492109,44,10.503751339764202,143,0,0,38,True,1,0,True,75,confirmation38,144,ace_v1,144,144,oracle_aabb,data31-1,0,0,0,bytetrack,True,933
3.617599645775247,12.232581034964044,790,1,70,6.608701632578836,10.584958217270195,38,11.14683815648446,143,0,0,40,True,1,0,True,75,confirmation38,144,cost_r,144,144,oracle_aabb,data31-1,0,0,0,bytetrack,True,933
3.7389119594664364,12.232581034964044,790,1,70,6.722044099187223,10.95636025998143,35,11.468381564844588,143,0,0,43,True,1,0,True,75,confirmation38,144,cost_g_legacy,144,144,oracle_aabb,data31-1,0,0,0,bytetrack,True,933
3.699172153410609,12.232581034964044,790,1,70,6.684967994283224,10.584958217270195,38,11.14683815648446,143,0,0,42,True,1,0,True,75,confirmation38,144,cost_h,144,144,oracle_aabb,data31-1,0,0,0,bytetrack,True,933
3.6666529863929513,12.232581034964044,790,1,70,6.65469146074705,10.770659238625813,36,11.361200428724544,143,0,0,42,True,1,0,True,75,confirmation38,144,path_g,144,144,oracle_aabb,data31-1,0,0,0,bytetrack,True,933
3.67947870876883,12.232581034964044,790,1,70,6.666622344077257,10.584958217270195,39,11.039657020364416,143,0,0,41,True,1,0,True,75,confirmation38,144,cost_h_margin_reassign,144,144,oracle_aabb,data31-1,0,0,0,bytetrack,True,933
3.5943816740407066,12.232581034964044,790,1,70,6.587086149863065,10.21355617455896,39,11.039657020364416,143,0,0,41,True,1,0,True,75,confirmation38,144,cost_h_motion_reassign,144,144,oracle_aabb,data31-1,0,0,0,bytetrack,True,933
3.531721473078838,12.232581034964044,790,1,70,6.527679617416153,10.21355617455896,40,10.932475884244374,143,0,0,39,True,1,0,True,75,confirmation38,144,cost_h_full_postfilter,144,144,oracle_aabb,data31-1,0,0,0,bytetrack,True,933
3.5128091664053454,12.232581034964044,790,1,70,6.5096169287762695,10.21355617455896,39,11.039657020364416,143,0,0,39,True,1,0,True,75,confirmation38,144,cost_h_full_reassign,144,144,oracle_aabb,data31-1,0,0,0,bytetrack,True,933
3.6666529863929513,12.232581034964044,790,1,70,6.65469146074705,10.770659238625813,36,11.361200428724544,143,0,0,42,True,1,0,True,75,confirmation38,144,cost_h_soft_information,144,144,oracle_aabb,data31-1,0,0,0,bytetrack,True,933
3.5128091664053454,12.232581034964044,790,1,70,6.5096169287762695,10.21355617455896,39,11.039657020364416,143,0,0,39,True,1,0,True,75,confirmation38,144,path_g_full_reassign,144,144,oracle_aabb,data31-1,0,0,0,bytetrack,True,933
1.0124889681443623,3.215434083601286,903,0,10,1.8043257847300413,2.0768431983385254,21,0.964630225080386,30,0,0,0,True,1,0,True,23,confirmation38,30,no_refinement,30,30,oracle_aabb,data31-1,0,0,0,ocsort,True,933
1.2622979377558357,3.215434083601286,903,0,10,2.014655259025655,2.907580477673936,19,1.1789924973204717,30,4,0,0,True,1,0,True,23,confirmation38,30,ace_v1,30,30,oracle_aabb,data31-1,0,4,0,ocsort,True,933
1.3869085296561472,3.215434083601286,903,0,10,2.111755894295958,3.115264797507788,16,1.5005359056806002,30,5,0,0,True,1,0,True,23,confirmation38,30,cost_r,30,30,oracle_aabb,data31-1,0,5,0,ocsort,True,933
1.7619158769787824,3.215434083601286,903,0,10,2.380194186043615,3.7383177570093453,13,1.822079314040729,30,8,0,0,True,1,0,True,23,confirmation38,30,cost_g_legacy,30,30,oracle_aabb,data31-1,0,8,0,ocsort,True,933
1.7619158769787824,3.215434083601286,903,0,10,2.380194186043615,3.7383177570093453,13,1.822079314040729,30,8,0,0,True,1,0,True,23,confirmation38,30,cost_h,30,30,oracle_aabb,data31-1,0,8,0,ocsort,True,933
1.7619158769787824,3.215434083601286,903,0,10,2.380194186043615,3.7383177570093453,13,1.822079314040729,30,8,0,0,True,1,0,True,23,confirmation38,30,path_g,30,30,oracle_aabb,data31-1,0,8,0,ocsort,True,933
1.6373052850784713,3.215434083601286,903,0,10,2.2944819064228503,3.5306334371754935,14,1.714898177920686,30,7,0,0,True,1,0,True,23,confirmation38,30,cost_h_margin_reassign,30,30,oracle_aabb,data31-1,0,7,0,ocsort,True,933
1.7619158769787824,3.215434083601286,903,0,10,2.380194186043615,3.7383177570093453,13,1.822079314040729,30,8,0,0,True,1,0,True,23,confirmation38,30,cost_h_motion_reassign,30,30,oracle_aabb,data31-1,0,8,0,ocsort,True,933
1.3869085296561472,3.215434083601286,903,0,10,2.111755894295958,3.115264797507788,16,1.5005359056806002,30,5,0,0,True,1,0,True,23,confirmation38,30,cost_h_full_postfilter,30,30,oracle_aabb,data31-1,0,5,0,ocsort,True,933
1.3869085296561472,3.215434083601286,903,0,10,2.111755894295958,3.115264797507788,16,1.5005359056806002,30,5,0,0,True,1,0,True,23,confirmation38,30,cost_h_full_reassign,30,30,oracle_aabb,data31-1,0,5,0,ocsort,True,933
1.7619158769787824,3.215434083601286,903,0,10,2.380194186043615,3.7383177570093453,13,1.822079314040729,30,8,0,0,True,1,0,True,23,confirmation38,30,cost_h_soft_information,30,30,oracle_aabb,data31-1,0,8,0,ocsort,True,933
1.3869085296561472,3.215434083601286,903,0,10,2.111755894295958,3.115264797507788,16,1.5005359056806002,30,5,0,0,True,1,0,True,23,confirmation38,30,path_g_full_reassign,30,30,oracle_aabb,data31-1,0,5,0,ocsort,True,933
89.50471629874113,96.9989281886388,28,0,5,93.17650749414298,91.94776931447225,2,96.78456591639872,905,0,0,0,True,1,0,True,2,confirmation38,905,no_refinement,905,905,oracle_aabb,data31-1,0,0,0,deepocsort,True,933
97.07618004953056,96.9989281886388,28,0,5,97.03754643153232,98.4766050054407,0,96.9989281886388,905,2,0,0,True,1,0,True,2,confirmation38,905,ace_v1,905,905,oracle_aabb,data31-1,0,2,0,deepocsort,True,933
97.07618004953056,96.9989281886388,28,0,5,97.03754643153232,98.4766050054407,0,96.9989281886388,905,2,0,0,True,1,0,True,2,confirmation38,905,cost_r,905,905,oracle_aabb,data31-1,0,2,0,deepocsort,True,933
97.07618004953056,96.9989281886388,28,0,5,97.03754643153232,98.4766050054407,0,96.9989281886388,905,2,0,0,True,1,0,True,2,confirmation38,905,cost_g_legacy,905,905,oracle_aabb,data31-1,0,2,0,deepocsort,True,933
97.07618004953056,96.9989281886388,28,0,5,97.03754643153232,98.4766050054407,0,96.9989281886388,905,2,0,0,True,1,0,True,2,confirmation38,905,cost_h,905,905,oracle_aabb,data31-1,0,2,0,deepocsort,True,933
97.07618004953056,96.9989281886388,28,0,5,97.03754643153232,98.4766050054407,0,96.9989281886388,905,2,0,0,True,1,0,True,2,confirmation38,905,path_g,905,905,oracle_aabb,data31-1,0,2,0,deepocsort,True,933
97.07618004953056,96.9989281886388,28,0,5,97.03754643153232,98.4766050054407,0,96.9989281886388,905,2,0,0,True,1,0,True,2,confirmation38,905,cost_h_margin_reassign,905,905,oracle_aabb,data31-1,0,2,0,deepocsort,True,933
97.07618004953056,96.9989281886388,28,0,5,97.03754643153232,98.4766050054407,0,96.9989281886388,905,2,0,0,True,1,0,True,2,confirmation38,905,cost_h_motion_reassign,905,905,oracle_aabb,data31-1,0,2,0,deepocsort,True,933
97.07618004953056,96.9989281886388,28,0,5,97.03754643153232,98.4766050054407,0,96.9989281886388,905,2,0,0,True,1,0,True,2,confirmation38,905,cost_h_full_postfilter,905,905,oracle_aabb,data31-1,0,2,0,deepocsort,True,933
97.07618004953056,96.9989281886388,28,0,5,97.03754643153232,98.4766050054407,0,96.9989281886388,905,2,0,0,True,1,0,True,2,confirmation38,905,cost_h_full_reassign,905,905,oracle_aabb,data31-1,0,2,0,deepocsort,True,933
97.07618004953056,96.9989281886388,28,0,5,97.03754643153232,98.4766050054407,0,96.9989281886388,905,2,0,0,True,1,0,True,2,confirmation38,905,cost_h_soft_information,905,905,oracle_aabb,data31-1,0,2,0,deepocsort,True,933
97.07618004953056,96.9989281886388,28,0,5,97.03754643153232,98.4766050054407,0,96.9989281886388,905,2,0,0,True,1,0,True,2,confirmation38,905,path_g_full_reassign,905,905,oracle_aabb,data31-1,0,2,0,deepocsort,True,933
9.040869882912931,33.49101302730729,384,0,75,14.57628141280666,10.75268817204301,117,23.74429223744292,273,0,0,0,True,1,0,True,104,confirmation38,273,no_refinement,273,273,oracle_aabb,data33-1,0,0,0,bytetrack,True,657
11.711268102215671,33.49101302730729,384,0,75,17.56185341039502,16.7741935483871,76,29.98477929984779,273,1,0,49,True,1,0,True,104,confirmation38,273,ace_v1,273,273,oracle_aabb,data33-1,0,1,0,bytetrack,True,657
12.484609198925325,33.49101302730729,384,0,75,18.33196380415404,19.13978494623656,69,31.05022831050228,273,2,0,54,True,1,0,True,104,confirmation38,273,cost_r,273,273,oracle_aabb,data33-1,0,2,0,bytetrack,True,657
17.563112122380193,33.49101302730729,384,0,75,22.669743694465623,29.03225806451613,32,36.68188736681887,273,3,0,70,True,1,0,True,104,confirmation38,273,cost_g_legacy,273,273,oracle_aabb,data33-1,0,3,0,bytetrack,True,657
13.611261746413058,33.49101302730729,384,0,75,19.39034051233858,20.43010752688172,71,30.74581430745814,273,2,0,66,True,1,0,True,104,confirmation38,273,cost_h,273,273,oracle_aabb,data33-1,0,2,0,bytetrack,True,657
13.018922729593665,33.49101302730729,384,0,75,18.844224514628284,19.56989247311828,66,31.506849315068493,273,2,0,64,True,1,0,True,104,confirmation38,273,path_g,273,273,oracle_aabb,data33-1,0,2,0,bytetrack,True,657
13.088922084627688,33.49101302730729,384,0,75,18.911230916250783,19.56989247311828,68,31.202435312024352,273,2,0,61,True,1,0,True,104,confirmation38,273,cost_h_margin_reassign,273,273,oracle_aabb,data33-1,0,2,0,bytetrack,True,657
13.611261746413058,33.49101302730729,384,0,75,19.39034051233858,20.43010752688172,71,30.74581430745814,273,2,0,66,True,1,0,True,104,confirmation38,273,cost_h_motion_reassign,273,273,oracle_aabb,data33-1,0,2,0,bytetrack,True,657
12.39953447189478,33.49101302730729,384,0,75,18.24909704360457,18.27956989247312,73,30.441400304414003,273,2,0,53,True,1,0,True,104,confirmation38,273,cost_h_full_postfilter,273,273,oracle_aabb,data33-1,0,2,0,bytetrack,True,657
12.616006770801341,33.49101302730729,384,0,75,18.45923818142092,19.13978494623656,69,31.05022831050228,273,2,0,56,True,1,0,True,104,confirmation38,273,cost_h_full_reassign,273,273,oracle_aabb,data33-1,0,2,0,bytetrack,True,657
13.579654308652813,33.49101302730729,384,0,75,19.36162218877869,20.21505376344086,67,31.35464231354642,273,2,1,64,True,1,0,True,104,confirmation38,273,cost_h_soft_information,273,273,oracle_aabb,data33-1,1,2,0,bytetrack,True,657
12.618635796631608,33.49101302730729,384,0,75,18.46010022818066,19.13978494623656,68,31.202435312024352,273,2,0,56,True,1,0,True,104,confirmation38,273,path_g_full_reassign,273,273,oracle_aabb,data33-1,0,2,0,bytetrack,True,657
11.274770633902165,14.45966514459665,562,0,15,12.768296987004844,10.372340425531915,29,10.045662100456621,95,0,0,0,True,1,0,True,41,confirmation38,95,no_refinement,95,95,oracle_aabb,data33-1,0,0,0,ocsort,True,657
13.069565857368328,14.45966514459665,562,0,15,13.747055898729704,14.893617021276595,20,11.415525114155251,95,9,1,0,True,1,0,True,41,confirmation38,95,ace_v1,95,95,oracle_aabb,data33-1,0,9,1,ocsort,True,657
13.029447103528948,14.45966514459665,562,0,15,13.72594048275976,14.893617021276595,20,11.415525114155251,95,9,2,0,True,1,0,True,41,confirmation38,95,cost_r,95,95,oracle_aabb,data33-1,0,9,2,ocsort,True,657
13.029447103528948,14.45966514459665,562,0,15,13.72594048275976,14.893617021276595,20,11.415525114155251,95,9,2,0,True,1,0,True,41,confirmation38,95,cost_g_legacy,95,95,oracle_aabb,data33-1,0,9,2,ocsort,True,657
13.029447103528948,14.45966514459665,562,0,15,13.72594048275976,14.893617021276595,20,11.415525114155251,95,9,2,0,True,1,0,True,41,confirmation38,95,cost_h,95,95,oracle_aabb,data33-1,0,9,2,ocsort,True,657
13.029447103528948,14.45966514459665,562,0,15,13.72594048275976,14.893617021276595,20,11.415525114155251,95,9,2,0,True,1,0,True,41,confirmation38,95,path_g,95,95,oracle_aabb,data33-1,0,9,2,ocsort,True,657
13.029447103528948,14.45966514459665,562,0,15,13.72594048275976,14.893617021276595,20,11.415525114155251,95,9,2,0,True,1,0,True,41,confirmation38,95,cost_h_margin_reassign,95,95,oracle_aabb,data33-1,0,9,2,ocsort,True,657
13.029447103528948,14.45966514459665,562,0,15,13.72594048275976,14.893617021276595,20,11.415525114155251,95,9,2,0,True,1,0,True,41,confirmation38,95,cost_h_motion_reassign,95,95,oracle_aabb,data33-1,0,9,2,ocsort,True,657
13.029447103528948,14.45966514459665,562,0,15,13.72594048275976,14.893617021276595,20,11.415525114155251,95,9,2,0,True,1,0,True,41,confirmation38,95,cost_h_full_postfilter,95,95,oracle_aabb,data33-1,0,9,2,ocsort,True,657
13.029447103528948,14.45966514459665,562,0,15,13.72594048275976,14.893617021276595,20,11.415525114155251,95,9,2,0,True,1,0,True,41,confirmation38,95,cost_h_full_reassign,95,95,oracle_aabb,data33-1,0,9,2,ocsort,True,657
13.029447103528948,14.45966514459665,562,0,15,13.72594048275976,14.893617021276595,20,11.415525114155251,95,9,2,0,True,1,0,True,41,confirmation38,95,cost_h_soft_information,95,95,oracle_aabb,data33-1,0,9,2,ocsort,True,657
13.029447103528948,14.45966514459665,562,0,15,13.72594048275976,14.893617021276595,20,11.415525114155251,95,9,2,0,True,1,0,True,41,confirmation38,95,path_g_full_reassign,95,95,oracle_aabb,data33-1,0,9,2,ocsort,True,657
55.22187642417893,89.49771689497717,69,0,19,70.30100897299111,68.11244979919678,18,86.7579908675799,588,0,0,0,True,1,0,True,26,confirmation38,588,no_refinement,588,588,oracle_aabb,data33-1,0,0,0,deepocsort,True,657
82.0559288453294,89.49771689497717,69,0,19,85.69608094512657,88.35341365461848,8,88.2800608828006,588,10,0,0,True,1,0,True,26,confirmation38,588,ace_v1,588,588,oracle_aabb,data33-1,0,10,0,deepocsort,True,657
82.0559288453294,89.49771689497717,69,0,19,85.69608094512657,88.35341365461848,8,88.2800608828006,588,10,0,0,True,1,0,True,26,confirmation38,588,cost_r,588,588,oracle_aabb,data33-1,0,10,0,deepocsort,True,657
82.0559288453294,89.49771689497717,69,0,19,85.69608094512657,88.35341365461848,8,88.2800608828006,588,10,0,0,True,1,0,True,26,confirmation38,588,cost_g_legacy,588,588,oracle_aabb,data33-1,0,10,0,deepocsort,True,657
82.0559288453294,89.49771689497717,69,0,19,85.69608094512657,88.35341365461848,8,88.2800608828006,588,10,0,0,True,1,0,True,26,confirmation38,588,cost_h,588,588,oracle_aabb,data33-1,0,10,0,deepocsort,True,657
82.0559288453294,89.49771689497717,69,0,19,85.69608094512657,88.35341365461848,8,88.2800608828006,588,10,0,0,True,1,0,True,26,confirmation38,588,path_g,588,588,oracle_aabb,data33-1,0,10,0,deepocsort,True,657
82.0559288453294,89.49771689497717,69,0,19,85.69608094512657,88.35341365461848,8,88.2800608828006,588,10,0,0,True,1,0,True,26,confirmation38,588,cost_h_margin_reassign,588,588,oracle_aabb,data33-1,0,10,0,deepocsort,True,657
82.0559288453294,89.49771689497717,69,0,19,85.69608094512657,88.35341365461848,8,88.2800608828006,588,10,0,0,True,1,0,True,26,confirmation38,588,cost_h_motion_reassign,588,588,oracle_aabb,data33-1,0,10,0,deepocsort,True,657
82.0559288453294,89.49771689497717,69,0,19,85.69608094512657,88.35341365461848,8,88.2800608828006,588,10,0,0,True,1,0,True,26,confirmation38,588,cost_h_full_postfilter,588,588,oracle_aabb,data33-1,0,10,0,deepocsort,True,657
82.0559288453294,89.49771689497717,69,0,19,85.69608094512657,88.35341365461848,8,88.2800608828006,588,10,0,0,True,1,0,True,26,confirmation38,588,cost_h_full_reassign,588,588,oracle_aabb,data33-1,0,10,0,deepocsort,True,657
82.0559288453294,89.49771689497717,69,0,19,85.69608094512657,88.35341365461848,8,88.2800608828006,588,10,0,0,True,1,0,True,26,confirmation38,588,cost_h_soft_information,588,588,oracle_aabb,data33-1,0,10,0,deepocsort,True,657
82.0559288453294,89.49771689497717,69,0,19,85.69608094512657,88.35341365461848,8,88.2800608828006,588,10,0,0,True,1,0,True,26,confirmation38,588,path_g_full_reassign,588,588,oracle_aabb,data33-1,0,10,0,deepocsort,True,657
9.955766654889475,38.77866118985773,6108,18,2176,19.577601237346663,14.770277935337491,3508,18.768971332209105,5752,0,0,0,True,5,0,True,904,confirmation38,5770,no_refinement,5770,5770,oracle_aabb,data34-1,0,0,0,bytetrack,True,11860
14.242516957327144,38.80797560780074,6108,18,2176,23.453476312057457,18.33238797504254,3391,19.75548060708263,5752,33,53,266,True,5,0,True,904,confirmation38,5770,ace_v1,5770,5770,oracle_aabb,data34-1,27,29,30,bytetrack,True,11860
14.702227988938754,38.81023647943159,6108,18,2176,23.832115127562446,19.376063528077143,3313,20.413153456998316,5752,41,67,290,True,5,0,True,904,confirmation38,5770,cost_r,5770,5770,oracle_aabb,data34-1,36,36,36,bytetrack,True,11860
17.557130157988382,38.83363878796995,6108,18,2176,26.066622400663285,23.732274532047644,3018,22.900505902192243,5752,63,145,558,True,5,0,True,904,confirmation38,5770,cost_g_legacy,5770,5770,oracle_aabb,data34-1,84,51,73,bytetrack,True,11860
15.08753041621549,38.79338078414835,6108,18,2176,24.141184788987538,20.81678956324447,3302,20.505902192242832,5752,58,129,515,True,5,0,True,904,confirmation38,5770,cost_h,5770,5770,oracle_aabb,data34-1,71,51,65,bytetrack,True,11860
14.973783435327533,38.82693447764595,6108,18,2176,24.05871744973292,20.306296086216676,3291,20.598650927487352,5752,52,118,478,True,5,0,True,904,confirmation38,5770,path_g,5770,5770,oracle_aabb,data34-1,64,45,61,bytetrack,True,11860
14.920802052318265,38.81048026811229,6108,18,2176,24.00998042383661,20.12478729438457,3285,20.649241146711635,5752,55,91,398,True,5,0,True,904,confirmation38,5770,cost_h_margin_reassign,5770,5770,oracle_aabb,data34-1,51,48,47,bytetrack,True,11860
15.07292458499139,38.788804877879244,6108,18,2176,24.12801766462828,20.81678956324447,3304,20.489038785834737,5752,57,127,513,True,5,0,True,904,confirmation38,5770,cost_h_motion_reassign,5770,5770,oracle_aabb,data34-1,67,51,66,bytetrack,True,11860
14.720624495661811,38.796083292171765,6108,18,2176,23.843784345852555,19.614293817356778,3333,20.244519392917372,5752,42,72,299,True,5,0,True,904,confirmation38,5770,cost_h_full_postfilter,5770,5770,oracle_aabb,data34-1,35,38,41,bytetrack,True,11860
14.853667007145832,38.80469313367605,6108,18,2176,23.953834845650015,19.931934203062962,3304,20.489038785834737,5752,49,92,349,True,5,0,True,904,confirmation38,5770,cost_h_full_reassign,5770,5770,oracle_aabb,data34-1,49,43,49,bytetrack,True,11860
16.006033680713198,38.81479037004751,6108,18,2176,24.87853525548195,21.191151446398184,3286,20.64080944350759,5752,55,126,499,True,5,0,True,904,confirmation38,5770,cost_h_soft_information,5770,5770,oracle_aabb,data34-1,75,46,60,bytetrack,True,11860
14.813924050879724,38.81716942652068,6108,18,2176,23.925117941047848,19.67101531480431,3306,20.472175379426645,5752,46,93,341,True,5,0,True,904,confirmation38,5770,path_g_full_reassign,5770,5770,oracle_aabb,data34-1,50,39,50,bytetrack,True,11860
30.049811617447613,9.418212478920742,10743,0,187,16.82306484457165,9.601602835786391,210,7.6475548060708265,1117,0,0,0,True,5,0,True,221,confirmation38,1117,no_refinement,1117,1117,oracle_aabb,data34-1,0,0,0,ocsort,True,11860
39.766207350017936,9.410444023258165,10743,0,187,19.34470581159309,12.190799106110811,158,8.086003372681281,1117,47,45,0,True,5,0,True,221,confirmation38,1117,ace_v1,1117,1117,oracle_aabb,data34-1,20,43,29,ocsort,True,11860
44.16853392554253,9.410444023258165,10743,0,187,20.387385265093727,13.03845264699083,143,8.21247892074199,1117,64,33,0,True,5,0,True,221,confirmation38,1117,cost_r,1117,1117,oracle_aabb,data34-1,19,55,23,ocsort,True,11860
47.07518306800932,9.410444023258165,10743,0,187,21.047525839458746,13.485397241273024,93,8.63406408094435,1117,81,64,0,True,5,0,True,221,confirmation38,1117,cost_g_legacy,1117,1117,oracle_aabb,data34-1,27,72,46,ocsort,True,11860
44.32848132091854,9.410444023258165,10743,0,187,20.424266338660836,13.115512059798103,126,8.355817875210793,1117,73,58,0,True,5,0,True,221,confirmation38,1117,cost_h,1117,1117,oracle_aabb,data34-1,26,65,40,ocsort,True,11860
44.233540289493654,9.410444023258165,10743,0,187,20.40238266265578,13.16174770748247,127,8.347386172006747,1117,74,54,0,True,5,0,True,221,confirmation38,1117,path_g,1117,1117,oracle_aabb,data34-1,25,64,39,ocsort,True,11860
44.21981324492446,9.410444023258165,10743,0,187,20.399216669856475,13.146335824921016,131,8.313659359190556,1117,72,49,0,True,5,0,True,221,confirmation38,1117,cost_h_margin_reassign,1117,1117,oracle_aabb,data34-1,24,63,34,ocsort,True,11860
44.32848132091854,9.410444023258165,10743,0,187,20.424266338660836,13.115512059798103,126,8.355817875210793,1117,73,58,0,True,5,0,True,221,confirmation38,1117,cost_h_motion_reassign,1117,1117,oracle_aabb,data34-1,26,65,40,ocsort,True,11860
42.893259242973365,9.410444023258165,10743,0,187,20.090907851995592,12.791862526007552,146,8.187183811129849,1117,59,31,0,True,5,0,True,221,confirmation38,1117,cost_h_full_postfilter,1117,1117,oracle_aabb,data34-1,15,53,22,ocsort,True,11860
44.1688894296718,9.410444023258165,10743,0,187,20.387467312019975,13.023040764429375,143,8.21247892074199,1117,64,35,0,True,5,0,True,221,confirmation38,1117,cost_h_full_reassign,1117,1117,oracle_aabb,data34-1,21,55,23,ocsort,True,11860
44.243427743107446,9.410444023258165,10743,0,187,20.40466279141892,13.13092394235956,128,8.338954468802697,1117,72,57,0,True,5,0,True,221,confirmation38,1117,cost_h_soft_information,1117,1117,oracle_aabb,data34-1,26,63,40,ocsort,True,11860
44.1688894296718,9.410444023258165,10743,0,187,20.387467312019975,13.023040764429375,143,8.21247892074199,1117,64,35,0,True,5,0,True,221,confirmation38,1117,path_g_full_reassign,1117,1117,oracle_aabb,data34-1,21,55,23,ocsort,True,11860
67.85865958592174,85.9791721630995,1634,0,248,76.38344310479809,74.94340306076246,202,84.5193929173693,10226,0,0,0,True,5,0,True,204,confirmation38,10226,no_refinement,10226,10226,oracle_aabb,data34-1,0,0,0,deepocsort,True,11860
70.41358398146747,85.9445581648387,1634,0,248,77.79243787297999,77.42461287693561,153,84.93254637436762,10226,52,44,0,True,5,0,True,204,confirmation38,10226,ace_v1,10226,10226,oracle_aabb,data34-1,0,52,44,deepocsort,True,11860
73.4272351015927,85.94290799497803,1634,0,248,79.43896723312771,80.16843249117088,119,85.21922428330522,10226,80,30,0,True,5,0,True,204,confirmation38,10226,cost_r,10226,10226,oracle_aabb,data34-1,0,80,30,deepocsort,True,11860
72.62753715218523,85.91902911725734,1634,0,248,78.994219321918,79.24477044281446,110,85.29510961214164,10226,87,52,0,True,5,0,True,204,confirmation38,10226,cost_g_legacy,10226,10226,oracle_aabb,data34-1,0,87,52,deepocsort,True,11860
70.91573589589444,85.93055559918614,1634,0,248,78.06297169802873,78.08566512722992,110,85.29510961214164,10226,87,51,0,True,5,0,True,204,confirmation38,10226,cost_h,10226,10226,oracle_aabb,data34-1,0,87,51,deepocsort,True,11860
72.28285021832033,85.9429082728194,1634,0,248,78.81749585485554,79.15421534003441,114,85.26138279932547,10226,85,48,0,True,5,0,True,204,confirmation38,10226,path_g,10226,10226,oracle_aabb,data34-1,0,85,48,deepocsort,True,11860
72.50961646004407,85.96926905666287,1634,0,248,78.95313961372065,79.41682513809654,112,85.27824620573355,10226,86,38,0,True,5,0,True,204,confirmation38,10226,cost_h_margin_reassign,10226,10226,oracle_aabb,data34-1,0,86,38,deepocsort,True,11860
71.74632344511669,85.95938525472434,1634,0,248,78.53196315126176,79.00932717558634,136,85.07588532883642,10226,65,40,0,True,5,0,True,204,confirmation38,10226,cost_h_motion_reassign,10226,10226,oracle_aabb,data34-1,0,65,40,deepocsort,True,11860
71.22268743717628,85.95526274830291,1634,0,248,78.24298270726435,78.257719822512,137,85.06745362563238,10226,62,21,0,True,5,0,True,204,confirmation38,10226,cost_h_full_postfilter,10226,10226,oracle_aabb,data34-1,0,62,21,deepocsort,True,11860
72.60709665330627,85.94290799497803,1634,0,248,78.99407903114589,79.69754595671466,134,85.09274873524451,10226,65,26,0,True,5,0,True,204,confirmation38,10226,cost_h_full_reassign,10226,10226,oracle_aabb,data34-1,0,65,26,deepocsort,True,11860
72.42510789147043,85.9429082728194,1634,0,248,78.89501665102529,79.19043738114642,111,85.2866779089376,10226,88,46,0,True,5,0,True,204,confirmation38,10226,cost_h_soft_information,10226,10226,oracle_aabb,data34-1,0,88,46,deepocsort,True,11860
72.60709665330627,85.94290799497803,1634,0,248,78.99407903114589,79.69754595671466,134,85.09274873524451,10226,65,26,0,True,5,0,True,204,confirmation38,10226,path_g_full_reassign,10226,10226,oracle_aabb,data34-1,0,65,26,deepocsort,True,11860
68.48173083856074,45.2920239860318,1084,2,158,55.375995694704606,55.49231644849175,218,43.2550043516101,1214,0,0,0,True,5,0,True,161,confirmation38,1216,no_refinement,1216,1216,oracle_aabb,data34-2,0,0,0,bytetrack,True,2298
68.6553563953801,45.2920239860318,1084,2,158,55.45016765551017,56.80136596471258,187,44.60400348128808,1214,0,3,67,True,5,0,True,161,confirmation38,1216,ace_v1,1216,1216,oracle_aabb,data34-2,0,0,3,bytetrack,True,2298
69.01860136904023,45.26157675280717,1084,2,158,55.585486607435385,57.48434832100171,171,45.300261096605745,1214,0,2,72,True,5,0,True,161,confirmation38,1216,cost_r,1216,1216,oracle_aabb,data34-2,0,0,2,bytetrack,True,2298
68.94343040051119,45.26157675280717,1084,2,158,55.55550624608252,57.48434832100171,152,46.12706701479547,1214,0,3,113,True,5,0,True,161,confirmation38,1216,cost_g_legacy,1216,1216,oracle_aabb,data34-2,0,0,3,bytetrack,True,2298
69.0559835316006,45.26157675280717,1084,2,158,55.60178228720568,57.99658508821855,159,45.822454308093995,1214,1,2,107,True,5,0,True,161,confirmation38,1216,cost_h,1216,1216,oracle_aabb,data34-2,0,1,2,bytetrack,True,2298
68.97309699582568,45.26157675280717,1084,2,158,55.5671144079964,57.76892430278885,164,45.60487380330722,1214,0,2,105,True,5,0,True,161,confirmation38,1216,path_g,1216,1216,oracle_aabb,data34-2,0,0,2,bytetrack,True,2298
69.07321408181367,45.26157675280717,1084,2,158,55.608746637922245,57.71200910643142,165,45.561357702349866,1214,0,2,90,True,5,0,True,161,confirmation38,1216,cost_h_margin_reassign,1216,1216,oracle_aabb,data34-2,0,0,2,bytetrack,True,2298
69.05201006460292,45.26157675280717,1084,2,158,55.60049780391827,57.99658508821855,161,45.735422106179286,1214,0,3,106,True,5,0,True,161,confirmation38,1216,cost_h_motion_reassign,1216,1216,oracle_aabb,data34-2,0,0,3,bytetrack,True,2298
69.07564104764585,45.26157675280717,1084,2,158,55.609332599110814,57.76892430278885,170,45.3437771975631,1214,1,1,70,True,5,0,True,161,confirmation38,1216,cost_h_full_postfilter,1216,1216,oracle_aabb,data34-2,0,1,1,bytetrack,True,2298
69.07108407076447,45.26157675280717,1084,2,158,55.60783269171947,57.598178713716564,167,45.47432550043516,1214,0,2,78,True,5,0,True,161,confirmation38,1216,cost_h_full_reassign,1216,1216,oracle_aabb,data34-2,0,0,2,bytetrack,True,2298
69.0729451278315,45.219872201037546,1084,2,158,55.58486587048138,57.99658508821855,165,45.561357702349866,1214,1,2,104,True,5,0,True,161,confirmation38,1216,cost_h_soft_information,1216,1216,oracle_aabb,data34-2,0,1,2,bytetrack,True,2298
69.02692398438933,45.26157675280717,1084,2,158,55.58900979909423,57.48434832100171,171,45.300261096605745,1214,0,2,77,True,5,0,True,161,confirmation38,1216,path_g_full_reassign,1216,1216,oracle_aabb,data34-2,0,0,2,bytetrack,True,2298
90.87485561044024,38.207136640556996,1420,0,16,58.924256681768824,53.589420654911834,24,37.1627502175805,878,0,0,0,True,5,0,True,44,confirmation38,878,no_refinement,878,878,oracle_aabb,data34-2,0,0,0,ocsort,True,2298
91.65685026237036,38.207136640556996,1420,0,16,59.177240574544,54.40806045340051,8,37.85900783289817,878,16,5,0,True,5,0,True,44,confirmation38,878,ace_v1,878,878,oracle_aabb,data34-2,0,16,5,ocsort,True,2298
91.6404959125506,38.207136640556996,1420,0,16,59.17196083567984,54.40806045340051,8,37.85900783289817,878,16,4,0,True,5,0,True,44,confirmation38,878,cost_r,878,878,oracle_aabb,data34-2,0,16,4,ocsort,True,2298
91.66896971665082,38.207136640556996,1420,0,16,59.18115284161978,54.47103274559194,7,37.90252393385553,878,17,4,0,True,5,0,True,44,confirmation38,878,cost_g_legacy,878,878,oracle_aabb,data34-2,0,17,4,ocsort,True,2298
91.66896971665082,38.207136640556996,1420,0,16,59.18115284161978,54.47103274559194,7,37.90252393385553,878,17,4,0,True,5,0,True,44,confirmation38,878,cost_h,878,878,oracle_aabb,data34-2,0,17,4,ocsort,True,2298
91.66896971665082,38.207136640556996,1420,0,16,59.18115284161978,54.47103274559194,7,37.90252393385553,878,17,4,0,True,5,0,True,44,confirmation38,878,path_g,878,878,oracle_aabb,data34-2,0,17,4,ocsort,True,2298
91.66896971665082,38.207136640556996,1420,0,16,59.18115284161978,54.47103274559194,7,37.90252393385553,878,17,4,0,True,5,0,True,44,confirmation38,878,cost_h_margin_reassign,878,878,oracle_aabb,data34-2,0,17,4,ocsort,True,2298
91.66896971665082,38.207136640556996,1420,0,16,59.18115284161978,54.47103274559194,7,37.90252393385553,878,17,4,0,True,5,0,True,44,confirmation38,878,cost_h_motion_reassign,878,878,oracle_aabb,data34-2,0,17,4,ocsort,True,2298
91.6404959125506,38.207136640556996,1420,0,16,59.17196083567984,54.40806045340051,8,37.85900783289817,878,16,4,0,True,5,0,True,44,confirmation38,878,cost_h_full_postfilter,878,878,oracle_aabb,data34-2,0,16,4,ocsort,True,2298
91.6404959125506,38.207136640556996,1420,0,16,59.17196083567984,54.40806045340051,8,37.85900783289817,878,16,4,0,True,5,0,True,44,confirmation38,878,cost_h_full_reassign,878,878,oracle_aabb,data34-2,0,16,4,ocsort,True,2298
91.66896971665082,38.207136640556996,1420,0,16,59.18115284161978,54.47103274559194,7,37.90252393385553,878,17,4,0,True,5,0,True,44,confirmation38,878,cost_h_soft_information,878,878,oracle_aabb,data34-2,0,17,4,ocsort,True,2298
91.6404959125506,38.207136640556996,1420,0,16,59.17196083567984,54.40806045340051,8,37.85900783289817,878,16,4,0,True,5,0,True,44,confirmation38,878,path_g_full_reassign,878,878,oracle_aabb,data34-2,0,16,4,ocsort,True,2298
88.54957879442877,87.42384682332464,289,0,20,87.98491241567531,91.29324355700024,16,86.72758920800696,2009,0,0,0,True,5,0,True,20,confirmation38,2009,no_refinement,2009,2009,oracle_aabb,data34-2,0,0,0,deepocsort,True,2298
88.96762992161435,87.42384682332464,289,0,20,88.19236049965691,91.89691200371487,12,86.90165361183638,2009,4,6,0,True,5,0,True,20,confirmation38,2009,ace_v1,2009,2009,oracle_aabb,data34-2,0,4,6,deepocsort,True,2298
89.04444468684437,87.42384682332464,289,0,20,88.23042498350941,91.94334803807754,12,86.90165361183638,2009,4,5,0,True,5,0,True,20,confirmation38,2009,cost_r,2009,2009,oracle_aabb,data34-2,0,4,5,deepocsort,True,2298
89.11377501041822,87.42384682332464,289,0,20,88.26476656264954,92.03622010680289,10,86.98868581375109,2009,5,8,0,True,5,0,True,20,confirmation38,2009,cost_g_legacy,2009,2009,oracle_aabb,data34-2,0,5,8,deepocsort,True,2298
89.66421534396403,87.42384682332464,289,0,20,88.53694498775248,92.5470164847922,7,87.11923411662315,2009,9,5,0,True,5,0,True,20,confirmation38,2009,cost_h,2009,2009,oracle_aabb,data34-2,0,9,5,deepocsort,True,2298
89.11377501041822,87.42384682332464,289,0,20,88.26476656264954,92.03622010680289,10,86.98868581375109,2009,5,8,0,True,5,0,True,20,confirmation38,2009,path_g,2009,2009,oracle_aabb,data34-2,0,5,8,deepocsort,True,2298
89.16146563809811,87.42384682332464,289,0,20,88.28838153737,92.1290921755282,10,86.98868581375109,2009,6,6,0,True,5,0,True,20,confirmation38,2009,cost_h_margin_reassign,2009,2009,oracle_aabb,data34-2,0,6,6,deepocsort,True,2298
89.44584384902463,87.42384682332464,289,0,20,88.4290662149055,92.36127234734154,8,87.0757180156658,2009,8,5,0,True,5,0,True,20,confirmation38,2009,cost_h_motion_reassign,2009,2009,oracle_aabb,data34-2,0,8,5,deepocsort,True,2298
89.34781562750933,87.42384682332464,289,0,20,88.38059598926694,92.31483631297888,10,86.98868581375109,2009,6,3,0,True,5,0,True,20,confirmation38,2009,cost_h_full_postfilter,2009,2009,oracle_aabb,data34-2,0,6,3,deepocsort,True,2298
89.1533056468751,87.42384682332464,289,0,20,88.28434140132354,92.08265614116554,11,86.94516971279373,2009,5,5,0,True,5,0,True,20,confirmation38,2009,cost_h_full_reassign,2009,2009,oracle_aabb,data34-2,0,5,5,deepocsort,True,2298
89.40829851730308,87.42384682332464,289,0,20,88.41050499974979,92.2684002786162,8,87.0757180156658,2009,8,6,0,True,5,0,True,20,confirmation38,2009,cost_h_soft_information,2009,2009,oracle_aabb,data34-2,0,8,6,deepocsort,True,2298
89.1533056468751,87.42384682332464,289,0,20,88.28434140132354,92.08265614116554,11,86.94516971279373,2009,5,5,0,True,5,0,True,20,confirmation38,2009,path_g_full_reassign,2009,2009,oracle_aabb,data34-2,0,5,5,deepocsort,True,2298
10.988044028023571,22.905437491308987,1865,5,353,15.810948032572064,13.145258103241297,491,9.052388289676424,731,0,0,0,True,6,0,True,266,confirmation38,736,no_refinement,736,736,oracle_aabb,data34-3,0,0,0,bytetrack,True,2596
11.199348128456188,22.905437491308987,1865,5,353,15.969034713739488,13.565426170468186,470,9.861325115562405,731,0,5,76,True,6,0,True,266,confirmation38,736,ace_v1,736,736,oracle_aabb,data34-3,1,0,4,bytetrack,True,2596
11.30319796235653,22.905437491308987,1865,5,353,16.04310528546958,13.925570228091235,462,10.16949152542373,731,0,7,72,True,6,0,True,266,confirmation38,736,cost_r,736,736,oracle_aabb,data34-3,2,0,5,bytetrack,True,2596
11.34911378939036,22.921028733203688,1865,5,353,16.08901995088267,14.165666266506602,442,10.939907550077042,731,0,17,131,True,6,0,True,266,confirmation38,736,cost_g_legacy,736,736,oracle_aabb,data34-3,5,0,12,bytetrack,True,2596
11.332541742583897,22.905437491308987,1865,5,353,16.06719740953837,14.105642256902762,453,10.51617873651772,731,0,11,117,True,6,0,True,266,confirmation38,736,cost_h,736,736,oracle_aabb,data34-3,2,0,9,bytetrack,True,2596
11.299854928566191,22.905437491308987,1865,5,353,16.04296868370752,13.985594237695079,457,10.362095531587057,731,0,11,110,True,6,0,True,266,confirmation38,736,path_g,736,736,oracle_aabb,data34-3,3,0,8,bytetrack,True,2596
11.322755020394002,22.905437491308987,1865,5,353,16.05853905783609,14.105642256902762,458,10.323574730354391,731,0,9,102,True,6,0,True,266,confirmation38,736,cost_h_margin_reassign,736,736,oracle_aabb,data34-3,2,0,7,bytetrack,True,2596
11.332627581442454,22.905437491308987,1865,5,353,16.066933278278327,13.985594237695079,454,10.477657935285054,731,0,11,115,True,6,0,True,266,confirmation38,736,cost_h_motion_reassign,736,736,oracle_aabb,data34-3,2,0,9,bytetrack,True,2596
11.293572423969088,22.905437491308987,1865,5,353,16.036667785127737,13.865546218487395,463,10.130970724191062,731,0,8,72,True,6,0,True,266,confirmation38,736,cost_h_full_postfilter,736,736,oracle_aabb,data34-3,2,0,6,bytetrack,True,2596
11.301333413709337,22.905437491308987,1865,5,353,16.04214956595608,13.865546218487395,461,10.208012326656394,731,0,9,81,True,6,0,True,266,confirmation38,736,cost_h_full_reassign,736,736,oracle_aabb,data34-3,3,0,6,bytetrack,True,2596
11.311279177282248,22.905437491308987,1865,5,353,16.051402345331415,14.105642256902762,455,10.439137134052388,731,0,9,115,True,6,0,True,266,confirmation38,736,cost_h_soft_information,736,736,oracle_aabb,data34-3,3,0,6,bytetrack,True,2596
11.301307505124655,22.905437491308987,1865,5,353,16.04213465860748,13.865546218487395,460,10.24653312788906,731,0,9,81,True,6,0,True,266,confirmation38,736,path_g_full_reassign,736,736,oracle_aabb,data34-3,3,0,6,bytetrack,True,2596
16.99409475405755,11.248073959938369,2304,0,12,13.825730891198482,9.349030470914126,156,5.238828967642527,292,0,0,0,True,6,0,True,211,confirmation38,292,no_refinement,292,292,oracle_aabb,data34-3,0,0,0,ocsort,True,2596
18.411950610009686,11.248073959938369,2304,0,12,14.390934028343025,11.218836565096952,126,6.3944530046224966,292,29,48,0,True,6,0,True,211,confirmation38,292,ace_v1,292,292,oracle_aabb,data34-3,6,29,42,ocsort,True,2596
20.830721105868115,11.248073959938369,2304,0,12,15.307040590449011,15.166204986149584,68,8.628659476117104,292,82,20,0,True,6,0,True,211,confirmation38,292,cost_r,292,292,oracle_aabb,data34-3,10,82,10,ocsort,True,2596
21.386446472010327,11.248073959938369,2304,0,12,15.509878518461553,16.274238227146814,51,9.28351309707242,292,97,35,0,True,6,0,True,211,confirmation38,292,cost_g_legacy,292,292,oracle_aabb,data34-3,12,97,23,ocsort,True,2596
21.804614800419966,11.248073959938369,2304,0,12,15.660776479571197,17.03601108033241,41,9.668721109399076,292,108,25,0,True,6,0,True,211,confirmation38,292,cost_h,292,292,oracle_aabb,data34-3,11,108,14,ocsort,True,2596
21.325093477583394,11.248073959938369,2304,0,12,15.487615330917059,16.20498614958449,53,9.206471494607088,292,96,34,0,True,6,0,True,211,confirmation38,292,path_g,292,292,oracle_aabb,data34-3,11,96,23,ocsort,True,2596
21.453650258313093,11.248073959938369,2304,0,12,15.534228169309108,16.481994459833796,48,9.399075500770417,292,101,25,0,True,6,0,True,211,confirmation38,292,cost_h_margin_reassign,292,292,oracle_aabb,data34-3,11,101,14,ocsort,True,2596
21.804614800419966,11.248073959938369,2304,0,12,15.660776479571197,17.03601108033241,41,9.668721109399076,292,108,25,0,True,6,0,True,211,confirmation38,292,cost_h_motion_reassign,292,292,oracle_aabb,data34-3,11,108,14,ocsort,True,2596
20.851567797500785,11.248073959938369,2304,0,12,15.314698063199216,15.166204986149584,68,8.628659476117104,292,82,14,0,True,6,0,True,211,confirmation38,292,cost_h_full_postfilter,292,292,oracle_aabb,data34-3,10,82,4,ocsort,True,2596
20.830721105868115,11.248073959938369,2304,0,12,15.307040590449011,15.166204986149584,68,8.628659476117104,292,82,20,0,True,6,0,True,211,confirmation38,292,cost_h_full_reassign,292,292,oracle_aabb,data34-3,10,82,10,ocsort,True,2596
21.57775539541433,11.248073959938369,2304,0,12,15.579094600684584,16.62049861495845,46,9.476117103235747,292,103,30,0,True,6,0,True,211,confirmation38,292,cost_h_soft_information,292,292,oracle_aabb,data34-3,11,103,19,ocsort,True,2596
20.830721105868115,11.248073959938369,2304,0,12,15.307040590449011,15.166204986149584,68,8.628659476117104,292,82,20,0,True,6,0,True,211,confirmation38,292,path_g_full_reassign,292,292,oracle_aabb,data34-3,10,82,10,ocsort,True,2596
67.50960364956215,77.34728850296986,582,0,92,72.26120670613466,73.27548806941432,92,74.03697996918336,2014,0,0,0,True,6,0,True,143,confirmation38,2014,no_refinement,2014,2014,oracle_aabb,data34-3,0,0,0,deepocsort,True,2596
67.0473396258175,77.36166198485608,582,0,92,72.02007272869552,73.66594360086768,71,74.84591679506933,2014,21,23,0,True,6,0,True,143,confirmation38,2014,ace_v1,2014,2014,oracle_aabb,data34-3,0,21,23,deepocsort,True,2596
69.57577899170911,77.44781996179293,582,0,92,73.40634663059232,75.96529284164859,58,75.346687211094,2014,33,19,0,True,6,0,True,143,confirmation38,2014,cost_r,2014,2014,oracle_aabb,data34-3,0,33,19,deepocsort,True,2596
68.87278116561562,77.31851386275373,582,0,92,72.97355650009845,75.09761388286334,58,75.346687211094,2014,35,34,0,True,6,0,True,143,confirmation38,2014,cost_g_legacy,2014,2014,oracle_aabb,data34-3,0,35,34,deepocsort,True,2596
69.38046621934977,77.44781996179293,582,0,92,73.30324114987064,75.22776572668113,53,75.53929121725731,2014,38,30,0,True,6,0,True,143,confirmation38,2014,cost_h,2014,2014,oracle_aabb,data34-3,0,38,30,deepocsort,True,2596
69.31528558895592,77.44781996179293,582,0,92,73.26879996115007,75.66160520607376,56,75.42372881355932,2014,35,31,0,True,6,0,True,143,confirmation38,2014,path_g,2014,2014,oracle_aabb,data34-3,0,35,31,deepocsort,True,2596
70.21610330527888,77.44781996179293,582,0,92,73.7433619052599,75.92190889370933,53,75.53929121725731,2014,38,26,0,True,6,0,True,143,confirmation38,2014,cost_h_margin_reassign,2014,2014,oracle_aabb,data34-3,0,38,26,deepocsort,True,2596
69.95726851296271,77.44781996179293,582,0,92,73.60731637087366,75.44468546637744,55,75.46224961479199,2014,36,25,0,True,6,0,True,143,confirmation38,2014,cost_h_motion_reassign,2014,2014,oracle_aabb,data34-3,0,36,25,deepocsort,True,2596
69.98032846056587,77.44781996179293,582,0,92,73.61944842059081,75.35791757049891,60,75.26964560862865,2014,31,16,0,True,6,0,True,143,confirmation38,2014,cost_h_full_postfilter,2014,2014,oracle_aabb,data34-3,0,31,16,deepocsort,True,2596
70.16394954804572,77.44781996179293,582,0,92,73.71596999393715,75.61822125813448,58,75.346687211094,2014,33,20,0,True,6,0,True,143,confirmation38,2014,cost_h_full_reassign,2014,2014,oracle_aabb,data34-3,0,33,20,deepocsort,True,2596
69.63329222983538,77.44781996179293,582,0,92,73.43667854568885,75.40130151843817,55,75.46224961479199,2014,36,32,0,True,6,0,True,143,confirmation38,2014,cost_h_soft_information,2014,2014,oracle_aabb,data34-3,0,36,32,deepocsort,True,2596
70.16394954804572,77.44781996179293,582,0,92,73.71596999393715,75.61822125813448,58,75.346687211094,2014,33,20,0,True,6,0,True,143,confirmation38,2014,path_g_full_reassign,2014,2014,oracle_aabb,data34-3,0,33,20,deepocsort,True,2596
54.22331667441509,39.20037314523675,10339,12,1758,45.9671542161213,42.62318377207006,2471,33.35066015178293,8899,0,0,0,True,7,0,True,1208,confirmation38,8911,no_refinement,8911,8911,oracle_aabb,data36-10,0,0,0,bytetrack,True,19238
54.37093271711505,39.19566223126123,10339,12,1758,46.039660525942374,43.34079363387687,2279,34.348684894479675,8899,11,40,423,True,7,0,True,1208,confirmation38,8911,ace_v1,8911,8911,oracle_aabb,data36-10,23,11,17,bytetrack,True,19238
54.64445174151322,39.19214748944026,10339,12,1758,46.15613728699153,43.987353014316675,2176,34.8840835845722,8899,14,54,449,True,7,0,True,1208,confirmation38,8911,cost_r,8911,8911,oracle_aabb,data36-10,31,14,23,bytetrack,True,19238
54.46594607440668,39.1908674392725,10339,12,1758,46.080378408984785,43.39052897083378,2032,35.63260214159476,8899,16,148,756,True,7,0,True,1208,confirmation38,8911,cost_g_legacy,8911,8911,oracle_aabb,data36-10,101,16,47,bytetrack,True,19238
54.59230094511975,39.181670595801734,10339,12,1758,46.1287866661945,44.03708835127358,2168,34.92566794885123,8899,14,109,713,True,7,0,True,1208,confirmation38,8911,cost_h,8911,8911,oracle_aabb,data36-10,73,13,37,bytetrack,True,19238
54.582203915116914,39.19326801350702,10339,12,1758,46.13083310080475,43.95182777363317,2146,35.04002495061857,8899,17,100,656,True,7,0,True,1208,confirmation38,8911,path_g,8911,8911,oracle_aabb,data36-10,63,16,38,bytetrack,True,19238
54.66606694047936,39.18743735075135,10339,12,1758,46.16333987236357,44.1649792177342,2141,35.066015178292965,8899,14,83,596,True,7,0,True,1208,confirmation38,8911,cost_h_margin_reassign,8911,8911,oracle_aabb,data36-10,53,14,30,bytetrack,True,19238
54.61258115097948,39.181670595801734,10339,12,1758,46.13756191922416,44.065508543820386,2174,34.89447967564196,8899,13,110,699,True,7,0,True,1208,confirmation38,8911,cost_h_motion_reassign,8911,8911,oracle_aabb,data36-10,73,12,38,bytetrack,True,19238
54.59917367793356,39.18525975819471,10339,12,1758,46.13256459854651,43.94472272549647,2207,34.72294417299096,8899,11,61,425,True,7,0,True,1208,confirmation38,8911,cost_h_full_postfilter,8911,8911,oracle_aabb,data36-10,41,11,20,bytetrack,True,19238
54.65306684105824,39.19214748944026,10339,12,1758,46.16039734584581,44.07261359195709,2164,34.94646013099075,8899,12,80,514,True,7,0,True,1208,confirmation38,8911,cost_h_full_reassign,8911,8911,oracle_aabb,data36-10,50,12,30,bytetrack,True,19238
54.578393642161394,39.19166704864886,10339,12,1758,46.128357348547574,43.96603786990657,2144,35.050421041688324,8899,17,104,679,True,7,0,True,1208,confirmation38,8911,cost_h_soft_information,8911,8911,oracle_aabb,data36-10,69,16,36,bytetrack,True,19238
54.6365508564824,39.19214748944026,10339,12,1758,46.15314737418568,44.00866815872678,2166,34.936064039920986,8899,13,77,506,True,7,0,True,1208,confirmation38,8911,path_g_full_reassign,8911,8911,oracle_aabb,data36-10,48,13,29,bytetrack,True,19238
85.03111296929931,29.337768998856433,13594,0,123,49.9462025584425,42.65734265734265,246,28.059049797276224,5644,0,0,0,True,7,0,True,394,confirmation38,5644,no_refinement,5644,5644,oracle_aabb,data36-10,0,0,0,ocsort,True,19238
84.2221647458929,29.337768998856433,13594,0,123,49.70805180148016,42.94670846394985,162,28.49568562220605,5644,83,65,0,True,7,0,True,394,confirmation38,5644,ace_v1,5644,5644,oracle_aabb,data36-10,12,79,57,ocsort,True,19238
84.32943665994344,29.337768998856433,13594,0,123,49.73969775273182,43.195884575194924,132,28.651626988252417,5644,112,45,0,True,7,0,True,394,confirmation38,5644,cost_r,5644,5644,oracle_aabb,data36-10,11,109,37,ocsort,True,19238
84.3496542557325,29.337768998856433,13594,0,123,49.74565982764816,43.12354312354312,119,28.719201580205844,5644,125,85,0,True,7,0,True,394,confirmation38,5644,cost_g_legacy,5644,5644,oracle_aabb,data36-10,20,119,71,ocsort,True,19238
84.35374119629515,29.337768998856433,13594,0,123,49.74686496058045,43.131581062615545,120,28.71400353467096,5644,123,87,0,True,7,0,True,394,confirmation38,5644,cost_h,5644,5644,oracle_aabb,data36-10,20,117,73,ocsort,True,19238
84.34961486544627,29.337768998856433,13594,0,123,49.74564821233079,43.155694879832815,121,28.708805489136086,5644,123,79,0,True,7,0,True,394,confirmation38,5644,path_g,5644,5644,oracle_aabb,data36-10,19,118,65,ocsort,True,19238
84.35622756177257,29.337768998856433,13594,0,123,49.747598111087235,43.21999839241219,119,28.719201580205844,5644,124,70,0,True,7,0,True,394,confirmation38,5644,cost_h_margin_reassign,5644,5644,oracle_aabb,data36-10,18,119,57,ocsort,True,19238
84.35871171252082,29.337768998856433,13594,0,123,49.748330597750325,43.171770757977654,121,28.708805489136086,5644,123,85,0,True,7,0,True,394,confirmation38,5644,cost_h_motion_reassign,5644,5644,oracle_aabb,data36-10,20,118,70,ocsort,True,19238
84.32125976755579,29.337768998856433,13594,0,123,49.73728622224094,43.187846636122494,136,28.630834806112905,5644,109,37,0,True,7,0,True,394,confirmation38,5644,cost_h_full_postfilter,5644,5644,oracle_aabb,data36-10,9,107,30,ocsort,True,19238
84.32983964737217,29.337768998856433,13594,0,123,49.73981659882966,43.21196045333976,132,28.651626988252417,5644,112,43,0,True,7,0,True,394,confirmation38,5644,cost_h_full_reassign,5644,5644,oracle_aabb,data36-10,12,109,34,ocsort,True,19238
84.35386041752811,29.337768998856433,13594,0,123,49.746900115396315,43.147656940760385,118,28.72439962574072,5644,124,82,0,True,7,0,True,394,confirmation38,5644,cost_h_soft_information,5644,5644,oracle_aabb,data36-10,18,119,69,ocsort,True,19238
84.32983964737217,29.337768998856433,13594,0,123,49.73981659882966,43.21196045333976,132,28.651626988252417,5644,112,43,0,True,7,0,True,394,confirmation38,5644,path_g_full_reassign,5644,5644,oracle_aabb,data36-10,12,109,34,ocsort,True,19238
78.52456504766604,88.0183535590487,2289,0,315,83.13604951982377,83.77041478984165,275,86.67221124857053,16949,0,0,0,True,7,0,True,490,confirmation38,16949,no_refinement,16949,16949,oracle_aabb,data36-10,0,0,0,deepocsort,True,19238
76.64282583348607,88.00036133307071,2289,0,315,82.12549039237845,83.0629784176638,244,86.83335066015178,16949,27,108,0,True,7,0,True,490,confirmation38,16949,ace_v1,16949,16949,oracle_aabb,data36-10,4,27,104,deepocsort,True,19238
77.35236441302477,88.00961428422963,2289,0,315,82.5090995940395,83.52170669024788,228,86.91651938870984,16949,44,93,0,True,7,0,True,490,confirmation38,16949,cost_r,16949,16949,oracle_aabb,data36-10,3,44,90,deepocsort,True,19238
75.09850019087774,88.00961428422963,2289,0,315,81.29815356611445,81.63152513333517,223,86.94250961638424,16949,49,161,0,True,7,0,True,490,confirmation38,16949,cost_g_legacy,16949,16949,oracle_aabb,data36-10,3,49,158,deepocsort,True,19238
75.68875720306568,88.00961428422963,2289,0,315,81.6170206698855,82.09578025257689,217,86.97369788959351,16949,56,155,0,True,7,0,True,490,confirmation38,16949,cost_h,16949,16949,oracle_aabb,data36-10,4,56,151,deepocsort,True,19238
75.72343191862491,88.00961428422963,2289,0,315,81.63571379172679,82.36659573880122,222,86.94770766191911,16949,50,147,0,True,7,0,True,490,confirmation38,16949,path_g,16949,16949,oracle_aabb,data36-10,3,50,144,deepocsort,True,19238
76.71877912434508,88.00961428422963,2289,0,315,82.17049280489842,83.16246165750131,218,86.96849984405863,16949,54,124,0,True,7,0,True,490,confirmation38,16949,cost_h_margin_reassign,16949,16949,oracle_aabb,data36-10,3,54,121,deepocsort,True,19238
77.80881592103019,88.01629607728442,2289,0,315,82.75532345446037,83.8477906430486,205,87.03607443601206,16949,67,91,0,True,7,0,True,490,confirmation38,16949,cost_h_motion_reassign,16949,16949,oracle_aabb,data36-10,3,67,88,deepocsort,True,19238
78.28584948220599,88.0183535590487,2289,0,315,83.00958599389737,84.27335783568685,223,86.94250961638424,16949,50,59,0,True,7,0,True,490,confirmation38,16949,cost_h_full_postfilter,16949,16949,oracle_aabb,data36-10,3,50,56,deepocsort,True,19238
78.00384415732674,88.0183535590487,2289,0,315,82.85994038153537,84.1683477491917,216,86.97889593512839,16949,56,77,0,True,7,0,True,490,confirmation38,16949,cost_h_full_reassign,16949,16949,oracle_aabb,data36-10,2,56,75,deepocsort,True,19238
76.28781691734942,88.00961428422963,2289,0,315,81.93937441875401,82.61530383839501,215,86.98409398066327,16949,57,145,0,True,7,0,True,490,confirmation38,16949,cost_h_soft_information,16949,16949,oracle_aabb,data36-10,4,57,141,deepocsort,True,19238
77.98213836097743,88.0183535590487,2289,0,315,82.84841103947907,84.16282090253407,219,86.96330179852374,16949,53,78,0,True,7,0,True,490,confirmation38,16949,path_g_full_reassign,16949,16949,oracle_aabb,data36-10,2,53,76,deepocsort,True,19238
64.10577878222983,41.59309813122636,4689,2,561,51.54290532200331,48.742835307604125,982,36.158001350438894,4197,0,0,0,True,7,0,True,598,confirmation38,4199,no_refinement,4199,4199,oracle_aabb,data36-11,0,0,0,bytetrack,True,8886
64.34705097595082,41.58419724271086,4689,2,561,51.637059074953065,49.461215131830336,893,37.15957686248031,4197,0,14,164,True,7,0,True,598,confirmation38,4199,ace_v1,4199,4199,oracle_aabb,data36-11,6,0,8,bytetrack,True,8886
64.38636562899781,41.59271702372768,4689,2,561,51.658473781197415,49.70576996560948,874,37.37339635381499,4197,1,11,178,True,7,0,True,598,confirmation38,4199,cost_r,4199,4199,oracle_aabb,data36-11,4,1,7,bytetrack,True,8886
64.38311359970828,41.57208363409542,4689,2,561,51.644907077514254,49.828047382499044,830,37.86855728111636,4197,1,31,266,True,7,0,True,598,confirmation38,4199,cost_g_legacy,4199,4199,oracle_aabb,data36-11,17,1,14,bytetrack,True,8886
64.41331832851594,41.58419724271086,4689,2,561,51.66445905721084,49.828047382499044,865,37.474679270763,4197,1,26,244,True,7,0,True,598,confirmation38,4199,cost_h,4199,4199,oracle_aabb,data36-11,13,1,13,bytetrack,True,8886
64.39038453932471,41.59271702372768,4689,2,561,51.6603362903179,49.84333205961024,865,37.474679270763,4197,1,22,235,True,7,0,True,598,confirmation38,4199,path_g,4199,4199,oracle_aabb,data36-11,10,1,12,bytetrack,True,8886
64.42423934954581,41.58419724271086,4689,2,561,51.66884108701827,49.873901413832634,864,37.48593292820166,4197,1,20,222,True,7,0,True,598,confirmation38,4199,cost_h_margin_reassign,4199,4199,oracle_aabb,data36-11,10,1,10,bytetrack,True,8886
64.41634224915225,41.58419724271086,4689,2,561,51.665688751961305,49.81276270538785,865,37.474679270763,4197,1,26,243,True,7,0,True,598,confirmation38,4199,cost_h_motion_reassign,4199,4199,oracle_aabb,data36-11,13,1,13,bytetrack,True,8886
64.4036567619215,41.59271702372768,4689,2,561,51.66559992772171,49.78219335116545,874,37.37339635381499,4197,1,13,180,True,7,0,True,598,confirmation38,4199,cost_h_full_postfilter,4199,4199,oracle_aabb,data36-11,7,1,6,bytetrack,True,8886
64.39115545405951,41.59271702372768,4689,2,561,51.66052639144078,49.73633931983187,871,37.40715732613099,4197,1,18,191,True,7,0,True,598,confirmation38,4199,cost_h_full_reassign,4199,4199,oracle_aabb,data36-11,10,1,8,bytetrack,True,8886
64.40705536390765,41.59271702372768,4689,2,561,51.667201962021856,49.828047382499044,864,37.48593292820166,4197,1,24,240,True,7,0,True,598,confirmation38,4199,cost_h_soft_information,4199,4199,oracle_aabb,data36-11,11,1,13,bytetrack,True,8886
64.3925829450437,41.59271702372768,4689,2,561,51.66110681426679,49.75162399694306,872,37.39590366869233,4197,1,16,191,True,7,0,True,598,confirmation38,4199,path_g_full_reassign,4199,4199,oracle_aabb,data36-11,8,1,8,bytetrack,True,8886
82.1228152318072,36.84447445419761,5612,0,37,55.0070174424601,49.29276315789474,268,33.828494260634706,3274,0,0,0,True,7,0,True,414,confirmation38,3274,no_refinement,3274,3274,oracle_aabb,data36-11,0,0,0,ocsort,True,8886
82.68948424529529,36.84447445419761,5612,0,37,55.196472621958,50.36184210526316,194,34.661264911096104,3274,73,69,0,True,7,0,True,414,confirmation38,3274,ace_v1,3274,3274,oracle_aabb,data36-11,7,73,62,ocsort,True,8886
83.06574038548658,36.84447445419761,5612,0,37,55.32190840573084,51.64473684210527,113,35.57281116362818,3274,151,34,0,True,7,0,True,414,confirmation38,3274,cost_r,3274,3274,oracle_aabb,data36-11,12,149,24,ocsort,True,8886
83.20014578812439,36.84447445419761,5612,0,37,55.36664741589531,52.02302631578948,93,35.79788431240153,3274,169,62,0,True,7,0,True,414,confirmation38,3274,cost_g_legacy,3274,3274,oracle_aabb,data36-11,17,165,49,ocsort,True,8886
83.28273212271854,36.84447445419761,5612,0,37,55.394119689469626,52.30263157894737,67,36.09047940580689,3274,193,39,0,True,7,0,True,414,confirmation38,3274,cost_h,3274,3274,oracle_aabb,data36-11,18,188,26,ocsort,True,8886
83.1988209588442,36.84447445419761,5612,0,37,55.36620660147754,52.03947368421053,94,35.78663065496286,3274,171,58,0,True,7,0,True,414,confirmation38,3274,path_g,3274,3274,oracle_aabb,data36-11,17,167,45,ocsort,True,8886
83.2673085515921,36.84447445419761,5612,0,37,55.388990086468695,52.26973684210526,75,36.000450146297545,3274,190,38,0,True,7,0,True,414,confirmation38,3274,cost_h_margin_reassign,3274,3274,oracle_aabb,data36-11,18,184,26,ocsort,True,8886
83.28273212271854,36.84447445419761,5612,0,37,55.394119689469626,52.30263157894737,67,36.09047940580689,3274,193,39,0,True,7,0,True,414,confirmation38,3274,cost_h_motion_reassign,3274,3274,oracle_aabb,data36-11,18,188,26,ocsort,True,8886
83.0686542534966,36.84447445419761,5612,0,37,55.32287871746669,51.661184210526315,113,35.57281116362818,3274,151,21,0,True,7,0,True,414,confirmation38,3274,cost_h_full_postfilter,3274,3274,oracle_aabb,data36-11,12,149,11,ocsort,True,8886
83.06574038548658,36.84447445419761,5612,0,37,55.32190840573084,51.64473684210527,113,35.57281116362818,3274,151,34,0,True,7,0,True,414,confirmation38,3274,cost_h_full_reassign,3274,3274,oracle_aabb,data36-11,12,149,24,ocsort,True,8886
83.26211610087157,36.84447445419761,5612,0,37,55.38726306364124,52.23684210526316,73,36.02295746117488,3274,187,45,0,True,7,0,True,414,confirmation38,3274,cost_h_soft_information,3274,3274,oracle_aabb,data36-11,18,183,31,ocsort,True,8886
83.06574038548658,36.84447445419761,5612,0,37,55.32190840573084,51.64473684210527,113,35.57281116362818,3274,151,34,0,True,7,0,True,414,confirmation38,3274,path_g_full_reassign,3274,3274,oracle_aabb,data36-11,12,149,24,ocsort,True,8886
91.0861042547879,93.2178642425006,599,0,55,92.14581967256808,93.98474349269202,50,92.69637632230476,8287,0,0,0,True,7,0,True,221,confirmation38,8287,no_refinement,8287,8287,oracle_aabb,data36-11,0,0,0,deepocsort,True,8886
90.98766196336197,93.2178642425006,599,0,55,92.0960124110822,93.99638968147673,43,92.77515192437542,8287,6,18,0,True,7,0,True,221,confirmation38,8287,ace_v1,8287,8287,oracle_aabb,data36-11,1,6,17,deepocsort,True,8886
90.99949298751906,93.19841632664694,599,0,55,92.09239172568724,93.9730973039073,42,92.7864055818141,8287,7,18,0,True,7,0,True,221,confirmation38,8287,cost_r,8287,8287,oracle_aabb,data36-11,0,7,18,deepocsort,True,8886
90.91109041710986,93.19841632664694,599,0,55,92.0476487172707,93.90322017119898,42,92.7864055818141,8287,7,20,0,True,7,0,True,221,confirmation38,8287,cost_g_legacy,8287,8287,oracle_aabb,data36-11,0,7,20,deepocsort,True,8886
90.7535530359131,93.19841632664694,599,0,55,91.96786069198649,93.8566354160601,43,92.77515192437542,8287,6,22,0,True,7,0,True,221,confirmation38,8287,cost_h,8287,8287,oracle_aabb,data36-11,1,6,21,deepocsort,True,8886
90.91333510581141,93.19841632664694,599,0,55,92.04878508598358,93.90322017119898,42,92.7864055818141,8287,7,20,0,True,7,0,True,221,confirmation38,8287,path_g,8287,8287,oracle_aabb,data36-11,1,7,19,deepocsort,True,8886
90.99836504810168,93.19841632664694,599,0,55,92.09182098097716,93.96145111512257,42,92.7864055818141,8287,7,19,0,True,7,0,True,221,confirmation38,8287,cost_h_margin_reassign,8287,8287,oracle_aabb,data36-11,1,7,18,deepocsort,True,8886
91.46379890649166,93.19841632664694,599,0,55,92.32703390193005,94.2060210796017,42,92.7864055818141,8287,7,11,0,True,7,0,True,221,confirmation38,8287,cost_h_motion_reassign,8287,8287,oracle_aabb,data36-11,1,7,10,deepocsort,True,8886
91.37490472796217,93.19841632664694,599,0,55,92.28215641528777,94.19437489081697,43,92.77515192437542,8287,6,10,0,True,7,0,True,221,confirmation38,8287,cost_h_full_postfilter,8287,8287,oracle_aabb,data36-11,0,6,10,deepocsort,True,8886
91.49751841651415,93.19841632664694,599,0,55,92.34405121062413,94.24095964595585,42,92.7864055818141,8287,7,9,0,True,7,0,True,221,confirmation38,8287,cost_h_full_reassign,8287,8287,oracle_aabb,data36-11,0,7,9,deepocsort,True,8886
90.91333510581141,93.19841632664694,599,0,55,92.04878508598358,93.90322017119898,42,92.7864055818141,8287,7,20,0,True,7,0,True,221,confirmation38,8287,cost_h_soft_information,8287,8287,oracle_aabb,data36-11,1,7,19,deepocsort,True,8886
91.49751841651415,93.19841632664694,599,0,55,92.34405121062413,94.24095964595585,42,92.7864055818141,8287,7,9,0,True,7,0,True,221,confirmation38,8287,path_g_full_reassign,8287,8287,oracle_aabb,data36-11,0,7,9,deepocsort,True,8886
64.71339620625854,64.67410296719775,978,22,82,64.62011324423142,70.27588252743993,146,70.22603273577552,2871,0,0,0,True,7,0,True,154,confirmation38,2893,no_refinement,2893,2893,oracle_aabb,data36-12,0,0,0,bytetrack,True,3849
64.91363706420773,64.67410296719775,978,22,82,64.72234876175239,71.1954909522397,107,71.23928293063133,2871,1,2,54,True,7,0,True,154,confirmation38,2893,ace_v1,2893,2893,oracle_aabb,data36-12,0,1,2,bytetrack,True,3849
64.95033226944717,64.67410296719775,978,22,82,64.7408657710162,71.25482052803322,105,71.29124447908548,2871,1,2,52,True,7,0,True,154,confirmation38,2893,cost_r,2893,2893,oracle_aabb,data36-12,0,1,2,bytetrack,True,3849
64.96764776892996,64.67410296719775,978,22,82,64.74970038101843,71.1954909522397,89,71.70693686671864,2871,1,2,66,True,7,0,True,154,confirmation38,2893,cost_g_legacy,2893,2893,oracle_aabb,data36-12,0,1,2,bytetrack,True,3849
64.96578633046306,64.67410296719775,978,22,82,64.74878559338416,71.31415010382676,104,71.31722525331254,2871,1,3,60,True,7,0,True,154,confirmation38,2893,cost_h,2893,2893,oracle_aabb,data36-12,0,1,3,bytetrack,True,3849
64.93646067308674,64.67410296719775,978,22,82,64.73386449650684,71.16582616434293,104,71.31722525331254,2871,1,3,57,True,7,0,True,154,confirmation38,2893,path_g,2893,2893,oracle_aabb,data36-12,0,1,3,bytetrack,True,3849
64.9468008725911,64.67410296719775,978,22,82,64.73912001339069,71.1954909522397,102,71.36918680176669,2871,1,3,56,True,7,0,True,154,confirmation38,2893,cost_h_margin_reassign,2893,2893,oracle_aabb,data36-12,0,1,3,bytetrack,True,3849
64.9548808953407,64.67410296719775,978,22,82,64.74323322479799,71.25482052803322,103,71.34320602753962,2871,1,3,59,True,7,0,True,154,confirmation38,2893,cost_h_motion_reassign,2893,2893,oracle_aabb,data36-12,0,1,3,bytetrack,True,3849
64.9067078212244,64.67410296719775,978,22,82,64.71884323628177,71.1954909522397,108,71.21330215640425,2871,1,2,47,True,7,0,True,154,confirmation38,2893,cost_h_full_postfilter,2893,2893,oracle_aabb,data36-12,0,1,2,bytetrack,True,3849
64.94990885943537,64.67410296719775,978,22,82,64.7406503952426,71.25482052803322,105,71.29124447908548,2871,1,2,53,True,7,0,True,154,confirmation38,2893,cost_h_full_reassign,2893,2893,oracle_aabb,data36-12,0,1,2,bytetrack,True,3849
64.94588985145481,64.67410296719775,978,22,82,64.73866435640228,71.1954909522397,102,71.36918680176669,2871,1,3,57,True,7,0,True,154,confirmation38,2893,cost_h_soft_information,2893,2893,oracle_aabb,data36-12,0,1,3,bytetrack,True,3849
64.94990885943537,64.67410296719775,978,22,82,64.7406503952426,71.25482052803322,105,71.29124447908548,2871,1,2,53,True,7,0,True,154,confirmation38,2893,path_g_full_reassign,2893,2893,oracle_aabb,data36-12,0,1,2,bytetrack,True,3849
73.95279522154323,68.35541699142634,1218,0,33,71.09904468451141,71.48148148148148,77,66.3548973759418,2631,0,0,0,True,7,0,True,104,confirmation38,2631,no_refinement,2631,2631,oracle_aabb,data36-12,0,0,0,ocsort,True,3849
74.51118991039448,68.35541699142634,1218,0,33,71.36696334335917,72.12962962962963,52,67.0044167316186,2631,25,9,0,True,7,0,True,104,confirmation38,2631,ace_v1,2631,2631,oracle_aabb,data36-12,0,25,9,ocsort,True,3849
74.53655099153856,68.35541699142634,1218,0,33,71.37910775660711,72.34567901234567,43,67.23824369966225,2631,34,4,0,True,7,0,True,104,confirmation38,2631,cost_r,2631,2631,oracle_aabb,data36-12,1,33,4,ocsort,True,3849
74.53518658880587,68.35541699142634,1218,0,33,71.37845445098675,72.34567901234567,43,67.23824369966225,2631,34,5,0,True,7,0,True,104,confirmation38,2631,cost_g_legacy,2631,2631,oracle_aabb,data36-12,1,33,5,ocsort,True,3849
74.53518658880587,68.35541699142634,1218,0,33,71.37845445098675,72.34567901234567,43,67.23824369966225,2631,34,5,0,True,7,0,True,104,confirmation38,2631,cost_h,2631,2631,oracle_aabb,data36-12,1,33,5,ocsort,True,3849
74.53518658880587,68.35541699142634,1218,0,33,71.37845445098675,72.34567901234567,43,67.23824369966225,2631,34,5,0,True,7,0,True,104,confirmation38,2631,path_g,2631,2631,oracle_aabb,data36-12,1,33,5,ocsort,True,3849
74.53655099153856,68.35541699142634,1218,0,33,71.37910775660711,72.34567901234567,43,67.23824369966225,2631,34,4,0,True,7,0,True,104,confirmation38,2631,cost_h_margin_reassign,2631,2631,oracle_aabb,data36-12,1,33,4,ocsort,True,3849
74.53656392383927,68.35541699142634,1218,0,33,71.37911394884459,72.37654320987654,43,67.23824369966225,2631,34,4,0,True,7,0,True,104,confirmation38,2631,cost_h_motion_reassign,2631,2631,oracle_aabb,data36-12,1,33,4,ocsort,True,3849
74.53792832657197,68.35541699142634,1218,0,33,71.37976724842886,72.37654320987654,43,67.23824369966225,2631,34,3,0,True,7,0,True,104,confirmation38,2631,cost_h_full_postfilter,2631,2631,oracle_aabb,data36-12,1,33,3,ocsort,True,3849
74.53792832657197,68.35541699142634,1218,0,33,71.37976724842886,72.37654320987654,43,67.23824369966225,2631,34,3,0,True,7,0,True,104,confirmation38,2631,cost_h_full_reassign,2631,2631,oracle_aabb,data36-12,1,33,3,ocsort,True,3849
74.53518658880587,68.35541699142634,1218,0,33,71.37845445098675,72.34567901234567,43,67.23824369966225,2631,34,5,0,True,7,0,True,104,confirmation38,2631,cost_h_soft_information,2631,2631,oracle_aabb,data36-12,1,33,5,ocsort,True,3849
74.53792832657197,68.35541699142634,1218,0,33,71.37976724842886,72.37654320987654,43,67.23824369966225,2631,34,3,0,True,7,0,True,104,confirmation38,2631,path_g_full_reassign,2631,2631,oracle_aabb,data36-12,1,33,3,ocsort,True,3849
91.6354961481663,91.7381137957911,318,0,23,91.6867906155203,93.82113821138212,15,91.34840218238503,3531,0,0,0,True,7,0,True,59,confirmation38,3531,no_refinement,3531,3531,oracle_aabb,data36-12,0,0,0,deepocsort,True,3849
92.4603303976432,91.69617517896634,318,0,23,92.07746002080317,94.74254742547426,10,91.4783060535204,3531,5,1,0,True,7,0,True,59,confirmation38,3531,ace_v1,3531,3531,oracle_aabb,data36-12,0,5,1,deepocsort,True,3849
92.5366910671387,91.69617517896634,318,0,23,92.11547440656747,94.8780487804878,8,91.53026760197453,3531,7,1,0,True,7,0,True,59,confirmation38,3531,cost_r,3531,3531,oracle_aabb,data36-12,0,7,1,deepocsort,True,3849
92.5366910671387,91.69617517896634,318,0,23,92.11547440656747,94.8780487804878,8,91.53026760197453,3531,7,1,0,True,7,0,True,59,confirmation38,3531,cost_g_legacy,3531,3531,oracle_aabb,data36-12,0,7,1,deepocsort,True,3849
92.5366910671387,91.69617517896634,318,0,23,92.11547440656747,94.8780487804878,8,91.53026760197453,3531,7,1,0,True,7,0,True,59,confirmation38,3531,cost_h,3531,3531,oracle_aabb,data36-12,0,7,1,deepocsort,True,3849
92.5366910671387,91.69617517896634,318,0,23,92.11547440656747,94.8780487804878,8,91.53026760197453,3531,7,1,0,True,7,0,True,59,confirmation38,3531,path_g,3531,3531,oracle_aabb,data36-12,0,7,1,deepocsort,True,3849
92.5366910671387,91.69617517896634,318,0,23,92.11547440656747,94.8780487804878,8,91.53026760197453,3531,7,1,0,True,7,0,True,59,confirmation38,3531,cost_h_margin_reassign,3531,3531,oracle_aabb,data36-12,0,7,1,deepocsort,True,3849
92.67585558814947,91.69617517896634,318,0,23,92.18471391358793,95.06775067750678,8,91.53026760197453,3531,7,0,0,True,7,0,True,59,confirmation38,3531,cost_h_motion_reassign,3531,3531,oracle_aabb,data36-12,0,7,0,deepocsort,True,3849
92.67585558814947,91.69617517896634,318,0,23,92.18471391358793,95.06775067750678,8,91.53026760197453,3531,7,0,0,True,7,0,True,59,confirmation38,3531,cost_h_full_postfilter,3531,3531,oracle_aabb,data36-12,0,7,0,deepocsort,True,3849
92.67585558814947,91.69617517896634,318,0,23,92.18471391358793,95.06775067750678,8,91.53026760197453,3531,7,0,0,True,7,0,True,59,confirmation38,3531,cost_h_full_reassign,3531,3531,oracle_aabb,data36-12,0,7,0,deepocsort,True,3849
92.5366910671387,91.69617517896634,318,0,23,92.11547440656747,94.8780487804878,8,91.53026760197453,3531,7,1,0,True,7,0,True,59,confirmation38,3531,cost_h_soft_information,3531,3531,oracle_aabb,data36-12,0,7,1,deepocsort,True,3849
92.67585558814947,91.69617517896634,318,0,23,92.18471391358793,95.06775067750678,8,91.53026760197453,3531,7,0,0,True,7,0,True,59,confirmation38,3531,path_g_full_reassign,3531,3531,oracle_aabb,data36-12,0,7,0,deepocsort,True,3849
63.23891569919052,69.08184538433294,304,3,57,66.06050992984173,75.60601411475912,94,77.47191011235955,1476,0,0,0,True,6,0,True,72,confirmation38,1479,no_refinement,1479,1479,oracle_aabb,data36-13,0,0,0,bytetrack,True,1780
65.03335365262075,68.96844909832137,304,3,57,66.94603967564517,78.49033445842282,76,78.48314606741573,1476,3,3,20,True,6,0,True,72,confirmation38,1479,ace_v1,1479,1479,oracle_aabb,data36-13,0,3,3,bytetrack,True,1780
66.42572350978536,68.96844909832137,304,3,57,67.65802548405362,79.28812519177661,71,78.76404494382022,1476,5,1,21,True,6,0,True,72,confirmation38,1479,cost_r,1479,1479,oracle_aabb,data36-13,0,5,1,bytetrack,True,1780
67.13111451457382,68.96844909832137,304,3,57,68.01919227640859,80.76096962258362,55,79.66292134831461,1476,5,2,29,True,6,0,True,72,confirmation38,1479,cost_g_legacy,1479,1479,oracle_aabb,data36-13,0,5,2,bytetrack,True,1780
66.64864241343129,68.96844909832137,304,3,57,67.77272918404765,79.77907333537895,72,78.70786516853933,1476,5,1,22,True,6,0,True,72,confirmation38,1479,cost_h,1479,1479,oracle_aabb,data36-13,0,5,1,bytetrack,True,1780
66.42572350978536,68.96844909832137,304,3,57,67.65802548405362,79.28812519177661,71,78.76404494382022,1476,5,1,21,True,6,0,True,72,confirmation38,1479,path_g,1479,1479,oracle_aabb,data36-13,0,5,1,bytetrack,True,1780
66.42572350978536,68.96844909832137,304,3,57,67.65802548405362,79.28812519177661,71,78.76404494382022,1476,5,1,21,True,6,0,True,72,confirmation38,1479,cost_h_margin_reassign,1479,1479,oracle_aabb,data36-13,0,5,1,bytetrack,True,1780
66.64864241343129,68.96844909832137,304,3,57,67.77272918404765,79.77907333537895,72,78.70786516853933,1476,5,1,22,True,6,0,True,72,confirmation38,1479,cost_h_motion_reassign,1479,1479,oracle_aabb,data36-13,0,5,1,bytetrack,True,1780
66.6465906881687,68.96844909832137,304,3,57,67.77167959694316,79.77907333537895,72,78.70786516853933,1476,5,1,21,True,6,0,True,72,confirmation38,1479,cost_h_full_postfilter,1479,1479,oracle_aabb,data36-13,0,5,1,bytetrack,True,1780
66.42572350978536,68.96844909832137,304,3,57,67.65802548405362,79.28812519177661,71,78.76404494382022,1476,5,1,21,True,6,0,True,72,confirmation38,1479,cost_h_full_reassign,1479,1479,oracle_aabb,data36-13,0,5,1,bytetrack,True,1780
66.64864241343129,68.96844909832137,304,3,57,67.77272918404765,79.77907333537895,72,78.70786516853933,1476,5,1,22,True,6,0,True,72,confirmation38,1479,cost_h_soft_information,1479,1479,oracle_aabb,data36-13,0,5,1,bytetrack,True,1780
66.42572350978536,68.96844909832137,304,3,57,67.65802548405362,79.28812519177661,71,78.76404494382022,1476,5,1,21,True,6,0,True,72,confirmation38,1479,path_g_full_reassign,1479,1479,oracle_aabb,data36-13,0,5,1,bytetrack,True,1780
79.2029197446619,73.25842696629212,476,0,22,76.17270713077889,75.74578469520104,43,70.84269662921349,1304,0,0,0,True,6,0,True,48,confirmation38,1304,no_refinement,1304,1304,oracle_aabb,data36-13,0,0,0,ocsort,True,1780
79.34811813627734,73.25842696629212,476,0,22,76.24249679410553,76.32944228274967,30,71.57303370786516,1304,12,5,0,True,6,0,True,48,confirmation38,1304,ace_v1,1304,1304,oracle_aabb,data36-13,0,12,5,ocsort,True,1780
79.37017147167896,73.25842696629212,476,0,22,76.25309115085159,76.52399481193255,26,71.79775280898878,1304,16,2,0,True,6,0,True,48,confirmation38,1304,cost_r,1304,1304,oracle_aabb,data36-13,0,16,2,ocsort,True,1780
79.37597274344834,73.25842696629212,476,0,22,76.2558778200363,76.58884565499352,25,71.85393258426967,1304,17,3,0,True,6,0,True,48,confirmation38,1304,cost_g_legacy,1304,1304,oracle_aabb,data36-13,0,17,3,ocsort,True,1780
79.37597274344834,73.25842696629212,476,0,22,76.2558778200363,76.58884565499352,25,71.85393258426967,1304,17,3,0,True,6,0,True,48,confirmation38,1304,cost_h,1304,1304,oracle_aabb,data36-13,0,17,3,ocsort,True,1780
79.37597274344834,73.25842696629212,476,0,22,76.2558778200363,76.58884565499352,25,71.85393258426967,1304,17,3,0,True,6,0,True,48,confirmation38,1304,path_g,1304,1304,oracle_aabb,data36-13,0,17,3,ocsort,True,1780
79.37597274344834,73.25842696629212,476,0,22,76.2558778200363,76.58884565499352,25,71.85393258426967,1304,17,3,0,True,6,0,True,48,confirmation38,1304,cost_h_margin_reassign,1304,1304,oracle_aabb,data36-13,0,17,3,ocsort,True,1780
79.37597274344834,73.25842696629212,476,0,22,76.2558778200363,76.58884565499352,25,71.85393258426967,1304,17,3,0,True,6,0,True,48,confirmation38,1304,cost_h_motion_reassign,1304,1304,oracle_aabb,data36-13,0,17,3,ocsort,True,1780
79.37017147167896,73.25842696629212,476,0,22,76.25309115085159,76.52399481193255,26,71.79775280898878,1304,16,2,0,True,6,0,True,48,confirmation38,1304,cost_h_full_postfilter,1304,1304,oracle_aabb,data36-13,0,16,2,ocsort,True,1780
79.37017147167896,73.25842696629212,476,0,22,76.25309115085159,76.52399481193255,26,71.79775280898878,1304,16,2,0,True,6,0,True,48,confirmation38,1304,cost_h_full_reassign,1304,1304,oracle_aabb,data36-13,0,16,2,ocsort,True,1780
79.37597274344834,73.25842696629212,476,0,22,76.2558778200363,76.58884565499352,25,71.85393258426967,1304,17,3,0,True,6,0,True,48,confirmation38,1304,cost_h_soft_information,1304,1304,oracle_aabb,data36-13,0,17,3,ocsort,True,1780
79.37017147167896,73.25842696629212,476,0,22,76.25309115085159,76.52399481193255,26,71.79775280898878,1304,16,2,0,True,6,0,True,48,confirmation38,1304,path_g_full_reassign,1304,1304,oracle_aabb,data36-13,0,16,2,ocsort,True,1780
84.668368298351,91.57303370786518,150,0,21,88.05304846610842,88.32844574780059,20,90.4494382022472,1630,0,0,0,True,6,0,True,19,confirmation38,1630,no_refinement,1630,1630,oracle_aabb,data36-13,0,0,0,deepocsort,True,1780
86.45394302970789,91.57303370786518,150,0,21,88.97668143529124,90.14662756598241,16,90.67415730337078,1630,4,1,0,True,6,0,True,19,confirmation38,1630,ace_v1,1630,1630,oracle_aabb,data36-13,0,4,1,deepocsort,True,1780
87.08660772183237,91.57303370786518,150,0,21,89.30165096130634,90.55718475073313,16,90.67415730337078,1630,4,1,0,True,6,0,True,19,confirmation38,1630,cost_r,1630,1630,oracle_aabb,data36-13,0,4,1,deepocsort,True,1780
86.7867138355449,91.57303370786518,150,0,21,89.14775752343522,90.6158357771261,15,90.73033707865169,1630,5,2,0,True,6,0,True,19,confirmation38,1630,cost_g_legacy,1630,1630,oracle_aabb,data36-13,0,5,2,deepocsort,True,1780
86.7867138355449,91.57303370786518,150,0,21,89.14775752343522,90.6158357771261,15,90.73033707865169,1630,5,2,0,True,6,0,True,19,confirmation38,1630,cost_h,1630,1630,oracle_aabb,data36-13,0,5,2,deepocsort,True,1780
86.7867138355449,91.57303370786518,150,0,21,89.14775752343522,90.6158357771261,15,90.73033707865169,1630,5,2,0,True,6,0,True,19,confirmation38,1630,path_g,1630,1630,oracle_aabb,data36-13,0,5,2,deepocsort,True,1780
86.7867138355449,91.57303370786518,150,0,21,89.14775752343522,90.6158357771261,15,90.73033707865169,1630,5,2,0,True,6,0,True,19,confirmation38,1630,cost_h_margin_reassign,1630,1630,oracle_aabb,data36-13,0,5,2,deepocsort,True,1780
87.09342435441586,91.57303370786518,150,0,21,89.30514589955231,90.6158357771261,15,90.73033707865169,1630,5,1,0,True,6,0,True,19,confirmation38,1630,cost_h_motion_reassign,1630,1630,oracle_aabb,data36-13,0,5,1,deepocsort,True,1780
87.08660772183237,91.57303370786518,150,0,21,89.30165096130634,90.55718475073313,16,90.67415730337078,1630,4,1,0,True,6,0,True,19,confirmation38,1630,cost_h_full_postfilter,1630,1630,oracle_aabb,data36-13,0,4,1,deepocsort,True,1780
87.08660772183237,91.57303370786518,150,0,21,89.30165096130634,90.55718475073313,16,90.67415730337078,1630,4,1,0,True,6,0,True,19,confirmation38,1630,cost_h_full_reassign,1630,1630,oracle_aabb,data36-13,0,4,1,deepocsort,True,1780
86.7867138355449,91.57303370786518,150,0,21,89.14775752343522,90.6158357771261,15,90.73033707865169,1630,5,2,0,True,6,0,True,19,confirmation38,1630,cost_h_soft_information,1630,1630,oracle_aabb,data36-13,0,5,2,deepocsort,True,1780
87.08660772183237,91.57303370786518,150,0,21,89.30165096130634,90.55718475073313,16,90.67415730337078,1630,4,1,0,True,6,0,True,19,confirmation38,1630,path_g_full_reassign,1630,1630,oracle_aabb,data36-13,0,4,1,deepocsort,True,1780
48.32730489255678,47.997802136427694,5514,14,1059,47.929441053642044,47.80582524271845,1231,48.206896551724135,7536,0,0,0,True,8,0,True,1019,confirmation38,7550,no_refinement,7550,7550,oracle_aabb,data36-4,0,0,0,bytetrack,True,13050
51.584934448712914,47.982967183836884,5514,14,1059,49.54521352661141,51.932038834951456,964,50.252873563218394,7536,19,8,387,True,8,0,True,1019,confirmation38,7550,ace_v1,7550,7550,oracle_aabb,data36-4,3,18,6,bytetrack,True,13050
52.29173549064875,47.97112865222834,5514,14,1059,49.88808117680962,53.699029126213595,844,51.172413793103445,7536,22,6,457,True,8,0,True,1019,confirmation38,7550,cost_r,7550,7550,oracle_aabb,data36-4,2,21,5,bytetrack,True,13050
52.636656930474714,47.965836092840064,5514,14,1059,50.055376772262626,54.95145631067962,699,52.28352490421456,7536,23,12,643,True,8,0,True,1019,confirmation38,7550,cost_g_legacy,7550,7550,oracle_aabb,data36-4,4,22,9,bytetrack,True,13050
52.39243765337167,47.97545847949401,5514,14,1059,49.93957355854892,54.15533980582524,821,51.34865900383142,7536,24,9,606,True,8,0,True,1019,confirmation38,7550,cost_h,7550,7550,oracle_aabb,data36-4,3,23,7,bytetrack,True,13050
52.41963211721963,47.97112865222834,5514,14,1059,49.9509766549269,54.06796116504854,818,51.371647509578544,7536,26,7,582,True,8,0,True,1019,confirmation38,7550,path_g,7550,7550,oracle_aabb,data36-4,2,25,6,bytetrack,True,13050
52.40103253630455,47.97684473014529,5514,14,1059,49.94458171981434,54.029126213592235,814,51.40229885057471,7536,25,7,534,True,8,0,True,1019,confirmation38,7550,cost_h_margin_reassign,7550,7550,oracle_aabb,data36-4,2,24,6,bytetrack,True,13050
52.3562909266126,47.97545847949401,5514,14,1059,49.921769160970605,53.95145631067961,827,51.30268199233716,7536,24,10,600,True,8,0,True,1019,confirmation38,7550,cost_h_motion_reassign,7550,7550,oracle_aabb,data36-4,3,23,8,bytetrack,True,13050
52.23475852486176,47.982967183836884,5514,14,1059,49.865763584407915,53.582524271844655,865,51.01149425287357,7536,23,7,435,True,8,0,True,1019,confirmation38,7550,cost_h_full_postfilter,7550,7550,oracle_aabb,data36-4,3,22,5,bytetrack,True,13050
52.30353620083189,47.97112865222834,5514,14,1059,49.89380929022785,53.737864077669904,842,51.18773946360153,7536,24,7,477,True,8,0,True,1019,confirmation38,7550,cost_h_full_reassign,7550,7550,oracle_aabb,data36-4,2,23,6,bytetrack,True,13050
52.40680297613295,47.97684473014529,5514,14,1059,49.947543084229046,54.12621359223301,824,51.325670498084285,7536,26,9,588,True,8,0,True,1019,confirmation38,7550,cost_h_soft_information,7550,7550,oracle_aabb,data36-4,3,25,7,bytetrack,True,13050
52.29747647075877,47.97112865222834,5514,14,1059,49.89088587877049,53.689320388349515,842,51.18773946360153,7536,24,7,473,True,8,0,True,1019,confirmation38,7550,path_g_full_reassign,7550,7550,oracle_aabb,data36-4,2,23,6,bytetrack,True,13050
52.728972359560856,40.772234519007796,7723,0,255,46.36677514175057,41.33427654132883,339,38.22222222222222,5327,0,0,0,True,8,0,True,431,confirmation38,5327,no_refinement,5327,5327,oracle_aabb,data36-4,0,0,0,ocsort,True,13050
53.52406279458531,40.763155185284745,7723,0,255,46.70984263099747,43.260597485987915,237,39.003831417624525,5327,97,63,0,True,8,0,True,431,confirmation38,5327,ace_v1,5327,5327,oracle_aabb,data36-4,5,96,59,ocsort,True,13050
53.733851496756266,40.763155185284745,7723,0,255,46.80129326795711,43.81563911411003,199,39.29501915708812,5327,135,44,0,True,8,0,True,431,confirmation38,5327,cost_r,5327,5327,oracle_aabb,data36-4,5,132,42,ocsort,True,13050
53.99707538311004,40.763155185284745,7723,0,255,46.9157851052469,44.08771834358165,189,39.371647509578544,5327,143,62,0,True,8,0,True,431,confirmation38,5327,cost_g_legacy,5327,5327,oracle_aabb,data36-4,7,140,58,ocsort,True,13050
53.88882762296047,40.763155185284745,7723,0,255,46.868735528177666,43.978886651793005,185,39.40229885057471,5327,146,57,0,True,8,0,True,431,confirmation38,5327,cost_h,5327,5327,oracle_aabb,data36-4,8,143,52,ocsort,True,13050
53.945146267729726,40.763155185284745,7723,0,255,46.89322015598075,44.000652990150726,192,39.348659003831415,5327,141,58,0,True,8,0,True,431,confirmation38,5327,path_g,5327,5327,oracle_aabb,data36-4,7,138,54,ocsort,True,13050
53.9510704049491,40.763155185284745,7723,0,255,46.89579494176221,44.03330249768732,187,39.38697318007663,5327,146,51,0,True,8,0,True,431,confirmation38,5327,cost_h_margin_reassign,5327,5327,oracle_aabb,data36-4,6,143,48,ocsort,True,13050
53.88882762296047,40.763155185284745,7723,0,255,46.868735528177666,43.978886651793005,185,39.40229885057471,5327,146,57,0,True,8,0,True,431,confirmation38,5327,cost_h_motion_reassign,5327,5327,oracle_aabb,data36-4,8,143,52,ocsort,True,13050
53.89228842967284,40.763155185284745,7723,0,255,46.87024048870029,43.89182129836208,199,39.29501915708812,5327,134,39,0,True,8,0,True,431,confirmation38,5327,cost_h_full_postfilter,5327,5327,oracle_aabb,data36-4,5,131,37,ocsort,True,13050
53.94230476853629,40.763155185284745,7723,0,255,46.89198511555912,43.95712031343527,198,39.30268199233716,5327,136,44,0,True,8,0,True,431,confirmation38,5327,cost_h_full_reassign,5327,5327,oracle_aabb,data36-4,5,133,42,ocsort,True,13050
53.98868534422149,40.763155185284745,7723,0,255,46.912140085977846,44.06595200522393,185,39.40229885057471,5327,147,54,0,True,8,0,True,431,confirmation38,5327,cost_h_soft_information,5327,5327,oracle_aabb,data36-4,8,144,49,ocsort,True,13050
53.94230476853629,40.763155185284745,7723,0,255,46.89198511555912,43.95712031343527,198,39.30268199233716,5327,136,44,0,True,8,0,True,431,confirmation38,5327,path_g_full_reassign,5327,5327,oracle_aabb,data36-4,5,133,42,ocsort,True,13050
82.84436327124067,89.61999507960533,1350,0,146,86.16560460391342,86.88484848484849,99,88.89655172413794,11700,0,0,0,True,8,0,True,185,confirmation38,11700,no_refinement,11700,11700,oracle_aabb,data36-4,0,0,0,deepocsort,True,13050
84.99452265910769,89.61999507960533,1350,0,146,87.27662170712416,89.24444444444445,66,89.14942528735632,11700,33,19,0,True,8,0,True,185,confirmation38,11700,ace_v1,11700,11700,oracle_aabb,data36-4,0,33,19,deepocsort,True,13050
85.97602332307869,89.63299386268639,1350,0,146,87.78546787769905,89.87474747474748,57,89.2183908045977,11700,41,15,0,True,8,0,True,185,confirmation38,11700,cost_r,11700,11700,oracle_aabb,data36-4,0,41,15,deepocsort,True,13050
85.92517556120099,89.63299386268639,1350,0,146,87.75950508853076,89.89090909090909,54,89.24137931034483,11700,44,22,0,True,8,0,True,185,confirmation38,11700,cost_g_legacy,11700,11700,oracle_aabb,data36-4,0,44,22,deepocsort,True,13050
85.84371779024892,89.63299386268639,1350,0,146,87.71789685981408,89.78585858585859,54,89.24137931034483,11700,42,24,0,True,8,0,True,185,confirmation38,11700,cost_h,11700,11700,oracle_aabb,data36-4,0,42,24,deepocsort,True,13050
86.0205124398684,89.63299386268639,1350,0,146,87.80817765580679,89.89090909090909,54,89.24137931034483,11700,44,20,0,True,8,0,True,185,confirmation38,11700,path_g,11700,11700,oracle_aabb,data36-4,0,44,20,deepocsort,True,13050
86.03469114589369,89.63299386268639,1350,0,146,87.81541404048767,89.93131313131313,54,89.24137931034483,11700,44,19,0,True,8,0,True,185,confirmation38,11700,cost_h_margin_reassign,11700,11700,oracle_aabb,data36-4,0,44,19,deepocsort,True,13050
86.01187218525918,89.61999507960533,1350,0,146,87.79740062082938,89.81818181818181,57,89.2183908045977,11700,42,14,0,True,8,0,True,185,confirmation38,11700,cost_h_motion_reassign,11700,11700,oracle_aabb,data36-4,0,42,14,deepocsort,True,13050
86.05992646034377,89.61999507960533,1350,0,146,87.82192311516681,89.71313131313131,59,89.20306513409962,11700,39,12,0,True,8,0,True,185,confirmation38,11700,cost_h_full_postfilter,11700,11700,oracle_aabb,data36-4,0,39,12,deepocsort,True,13050
86.16954311013754,89.61999507960533,1350,0,146,87.87783579040128,89.86666666666666,58,89.21072796934865,11700,41,13,0,True,8,0,True,185,confirmation38,11700,cost_h_full_reassign,11700,11700,oracle_aabb,data36-4,0,41,13,deepocsort,True,13050
86.05439546404264,89.61999507960533,1350,0,146,87.81910095069202,89.9070707070707,55,89.23371647509578,11700,44,20,0,True,8,0,True,185,confirmation38,11700,cost_h_soft_information,11700,11700,oracle_aabb,data36-4,0,44,20,deepocsort,True,13050
86.16954311013754,89.61999507960533,1350,0,146,87.87783579040128,89.86666666666666,58,89.21072796934865,11700,41,13,0,True,8,0,True,185,confirmation38,11700,path_g_full_reassign,11700,11700,oracle_aabb,data36-4,0,41,13,deepocsort,True,13050
70.58181143406523,61.492007400470946,2195,3,412,65.82814108598419,71.26589766341318,504,65.6146602188852,5663,0,0,0,True,8,0,True,427,confirmation38,5666,no_refinement,5666,5666,oracle_aabb,data36-5,0,0,0,bytetrack,True,7858
71.87516648944423,61.492007400470946,2195,3,412,66.4365228615115,73.39544513457557,411,66.79816747263935,5663,8,7,142,True,8,0,True,427,confirmation38,5666,ace_v1,5666,5666,oracle_aabb,data36-5,0,8,7,bytetrack,True,7858
72.10738385111452,61.492007400470946,2195,3,412,66.54498416911584,73.86867790594499,386,67.11631458386358,5663,8,6,150,True,8,0,True,427,confirmation38,5666,cost_r,5666,5666,oracle_aabb,data36-5,0,8,6,bytetrack,True,7858
72.49564622920882,61.492007400470946,2195,3,412,66.72611489212412,75.49541555752735,291,68.32527360651565,5663,12,10,239,True,8,0,True,427,confirmation38,5666,cost_g_legacy,5666,5666,oracle_aabb,data36-5,0,12,10,bytetrack,True,7858
72.22427069218816,61.492007400470946,2195,3,412,66.59965327867785,74.41585329784087,363,67.40900992618987,5663,10,10,232,True,8,0,True,427,confirmation38,5666,cost_h,5666,5666,oracle_aabb,data36-5,0,10,10,bytetrack,True,7858
72.2059251231375,61.492007400470946,2195,3,412,66.59113830716026,74.32712215320912,367,67.35810638839399,5663,8,9,212,True,8,0,True,427,confirmation38,5666,path_g,5666,5666,oracle_aabb,data36-5,0,8,9,bytetrack,True,7858
72.18556804819856,61.492007400470946,2195,3,412,66.58152088941304,74.22360248447205,370,67.31992873504709,5663,8,6,181,True,8,0,True,427,confirmation38,5666,cost_h_margin_reassign,5666,5666,oracle_aabb,data36-5,0,8,6,bytetrack,True,7858
72.25925867326546,61.492007400470946,2195,3,412,66.61602247518478,74.51937296657793,368,67.34538050394502,5663,10,10,230,True,8,0,True,427,confirmation38,5666,cost_h_motion_reassign,5666,5666,oracle_aabb,data36-5,0,10,10,bytetrack,True,7858
72.0557900248082,61.492007400470946,2195,3,412,66.52086360077857,73.64685004436558,394,67.01450750827182,5663,9,4,136,True,8,0,True,427,confirmation38,5666,cost_h_full_postfilter,5666,5666,oracle_aabb,data36-5,0,9,4,bytetrack,True,7858
72.11949550783908,61.492007400470946,2195,3,412,66.55065887150148,73.88346643005028,383,67.15449223721049,5663,9,7,158,True,8,0,True,427,confirmation38,5666,cost_h_full_reassign,5666,5666,oracle_aabb,data36-5,0,9,7,bytetrack,True,7858
72.23640890058668,61.492007400470946,2195,3,412,66.60536489104682,74.41585329784087,359,67.45991346398574,5663,10,10,219,True,8,0,True,427,confirmation38,5666,cost_h_soft_information,5666,5666,oracle_aabb,data36-5,0,10,10,bytetrack,True,7858
72.11979355638105,61.492007400470946,2195,3,412,66.5507929244295,73.91304347826086,382,67.16721812165946,5663,9,7,158,True,8,0,True,427,confirmation38,5666,path_g_full_reassign,5666,5666,oracle_aabb,data36-5,0,9,7,bytetrack,True,7858
82.48733162011125,62.028293393919,2936,0,92,71.5300334240293,70.9076682316119,185,60.28251463476712,4922,0,0,0,True,8,0,True,250,confirmation38,4922,no_refinement,4922,4922,oracle_aabb,data36-5,0,0,0,ocsort,True,7858
83.34433480912053,61.75015155875825,2936,0,92,71.73925951177242,71.84663536776212,133,60.94426062611351,4922,51,35,0,True,8,0,True,250,confirmation38,4922,ace_v1,4922,4922,oracle_aabb,data36-5,2,51,33,ocsort,True,7858
83.45854486515262,61.75015155875825,2936,0,92,71.78839669492955,72.25352112676056,104,61.31331127513362,4922,78,23,0,True,8,0,True,250,confirmation38,4922,cost_r,4922,4922,oracle_aabb,data36-5,2,78,21,ocsort,True,7858
83.46268120299507,61.75015155875825,2936,0,92,71.79017566180612,72.30046948356808,98,61.38966658182744,4922,83,35,0,True,8,0,True,250,confirmation38,4922,cost_g_legacy,4922,4922,oracle_aabb,data36-5,3,83,32,ocsort,True,7858
83.47005720972001,61.75015155875825,2936,0,92,71.79334784445378,72.34741784037558,95,61.42784423517435,4922,86,30,0,True,8,0,True,250,confirmation38,4922,cost_h,4922,4922,oracle_aabb,data36-5,3,86,27,ocsort,True,7858
83.4647499688664,61.75015155875825,2936,0,92,71.79106538544333,72.31611893583725,98,61.38966658182744,4922,83,33,0,True,8,0,True,250,confirmation38,4922,path_g,4922,4922,oracle_aabb,data36-5,3,83,30,ocsort,True,7858
83.47118199707461,61.75015155875825,2936,0,92,71.79383156690766,72.36306729264476,95,61.42784423517435,4922,86,26,0,True,8,0,True,250,confirmation38,4922,cost_h_margin_reassign,4922,4922,oracle_aabb,data36-5,3,86,23,ocsort,True,7858
83.47005720972001,61.75015155875825,2936,0,92,71.79334784445378,72.34741784037558,95,61.42784423517435,4922,86,30,0,True,8,0,True,250,confirmation38,4922,cost_h_motion_reassign,4922,4922,oracle_aabb,data36-5,3,86,27,ocsort,True,7858
83.4586643215264,61.75015155875825,2936,0,92,71.78844807165396,72.25352112676056,104,61.31331127513362,4922,78,21,0,True,8,0,True,250,confirmation38,4922,cost_h_full_postfilter,4922,4922,oracle_aabb,data36-5,2,78,19,ocsort,True,7858
83.45854486515262,61.75015155875825,2936,0,92,71.78839669492955,72.25352112676056,104,61.31331127513362,4922,78,23,0,True,8,0,True,250,confirmation38,4922,cost_h_full_reassign,4922,4922,oracle_aabb,data36-5,2,78,21,ocsort,True,7858
83.47005720972001,61.75015155875825,2936,0,92,71.79334784445378,72.34741784037558,95,61.42784423517435,4922,86,30,0,True,8,0,True,250,confirmation38,4922,cost_h_soft_information,4922,4922,oracle_aabb,data36-5,3,86,27,ocsort,True,7858
83.45854486515262,61.75015155875825,2936,0,92,71.78839669492955,72.25352112676056,104,61.31331127513362,4922,78,23,0,True,8,0,True,250,confirmation38,4922,path_g_full_reassign,4922,4922,oracle_aabb,data36-5,2,78,21,ocsort,True,7858
93.85757225474609,95.80045813184016,330,0,41,94.82403925770598,95.08644222020018,30,95.4186815983711,7528,0,0,0,True,8,0,True,109,confirmation38,7528,no_refinement,7528,7528,oracle_aabb,data36-5,0,0,0,deepocsort,True,7858
95.4456570720445,95.80045813184016,330,0,41,95.62289304448163,96.41232289093982,9,95.68592517179944,7528,21,3,0,True,8,0,True,109,confirmation38,7528,ace_v1,7528,7528,oracle_aabb,data36-5,0,21,3,deepocsort,True,7858
95.53296300419632,95.80045813184016,330,0,41,95.66661707457908,96.46431821136098,7,95.71137694069738,7528,23,3,0,True,8,0,True,109,confirmation38,7528,cost_r,7528,7528,oracle_aabb,data36-5,0,23,3,deepocsort,True,7858
95.53296300419632,95.80045813184016,330,0,41,95.66661707457908,96.46431821136098,7,95.71137694069738,7528,23,3,0,True,8,0,True,109,confirmation38,7528,cost_g_legacy,7528,7528,oracle_aabb,data36-5,0,23,3,deepocsort,True,7858
95.53296300419632,95.80045813184016,330,0,41,95.66661707457908,96.46431821136098,7,95.71137694069738,7528,23,3,0,True,8,0,True,109,confirmation38,7528,cost_h,7528,7528,oracle_aabb,data36-5,0,23,3,deepocsort,True,7858
95.53296300419632,95.80045813184016,330,0,41,95.66661707457908,96.46431821136098,7,95.71137694069738,7528,23,3,0,True,8,0,True,109,confirmation38,7528,path_g,7528,7528,oracle_aabb,data36-5,0,23,3,deepocsort,True,7858
95.53296300419632,95.80045813184016,330,0,41,95.66661707457908,96.46431821136098,7,95.71137694069738,7528,23,3,0,True,8,0,True,109,confirmation38,7528,cost_h_margin_reassign,7528,7528,oracle_aabb,data36-5,0,23,3,deepocsort,True,7858
95.63658763815965,95.80045813184016,330,0,41,95.71848781662598,96.55531002209801,8,95.69865105624841,7528,22,2,0,True,8,0,True,109,confirmation38,7528,cost_h_motion_reassign,7528,7528,oracle_aabb,data36-5,0,22,2,deepocsort,True,7858
95.63658763815965,95.80045813184016,330,0,41,95.71848781662598,96.55531002209801,8,95.69865105624841,7528,22,2,0,True,8,0,True,109,confirmation38,7528,cost_h_full_postfilter,7528,7528,oracle_aabb,data36-5,0,22,2,deepocsort,True,7858
95.63658763815965,95.80045813184016,330,0,41,95.71848781662598,96.55531002209801,8,95.69865105624841,7528,22,2,0,True,8,0,True,109,confirmation38,7528,cost_h_full_reassign,7528,7528,oracle_aabb,data36-5,0,22,2,deepocsort,True,7858
95.53296300419632,95.80045813184016,330,0,41,95.66661707457908,96.46431821136098,7,95.71137694069738,7528,23,3,0,True,8,0,True,109,confirmation38,7528,cost_h_soft_information,7528,7528,oracle_aabb,data36-5,0,23,3,deepocsort,True,7858
95.63658763815965,95.80045813184016,330,0,41,95.71848781662598,96.55531002209801,8,95.69865105624841,7528,22,2,0,True,8,0,True,109,confirmation38,7528,path_g_full_reassign,7528,7528,oracle_aabb,data36-5,0,22,2,deepocsort,True,7858
49.28057650503994,65.64203206758667,3118,18,860,56.71511668231266,59.608457321848086,1134,70.18156424581005,11202,0,0,0,True,7,0,True,780,confirmation38,11220,no_refinement,11220,11220,oracle_aabb,data37-1,0,0,0,bytetrack,True,14320
51.12482034922272,65.63200404275167,3118,18,860,57.78163019463768,62.20830070477682,981,71.25,11202,27,13,244,True,7,0,True,780,confirmation38,11220,ace_v1,11220,11220,oracle_aabb,data37-1,0,27,13,bytetrack,True,14320
51.33246302782075,65.64910422611435,3118,18,860,57.90872489834483,62.646828504306974,909,71.7527932960894,11202,35,19,272,True,7,0,True,780,confirmation38,11220,cost_r,11220,11220,oracle_aabb,data37-1,2,34,18,bytetrack,True,14320
51.662697091489015,65.6808570946833,3118,18,860,58.111472681483924,63.32811276429131,750,72.86312849162012,11202,44,31,404,True,7,0,True,780,confirmation38,11220,cost_g_legacy,11220,11220,oracle_aabb,data37-1,6,40,29,bytetrack,True,14320
51.456657793740256,65.64424273897626,3118,18,860,57.978366600691146,63.030540328895846,887,71.9064245810056,11202,41,24,353,True,7,0,True,780,confirmation38,11220,cost_h,11220,11220,oracle_aabb,data37-1,4,39,22,bytetrack,True,14320
51.39572286356324,65.64261807088681,3118,18,860,57.942444778131886,62.889584964761156,893,71.8645251396648,11202,37,24,332,True,7,0,True,780,confirmation38,11220,path_g,11220,11220,oracle_aabb,data37-1,2,36,23,bytetrack,True,14320
51.43938782698919,65.63455444961292,3118,18,860,57.96396598032978,62.92873923257635,888,71.89944134078212,11202,40,21,315,True,7,0,True,780,confirmation38,11220,cost_h_margin_reassign,11220,11220,oracle_aabb,data37-1,4,38,19,bytetrack,True,14320
51.46949370715205,65.64424273897626,3118,18,860,57.985794019987424,62.92873923257635,887,71.9064245810056,11202,41,24,349,True,7,0,True,780,confirmation38,11220,cost_h_motion_reassign,11220,11220,oracle_aabb,data37-1,4,39,22,bytetrack,True,14320
51.41826215331179,65.6397305069243,3118,18,860,57.95431408053721,62.701644479248245,917,71.69692737430168,11202,39,17,257,True,7,0,True,780,confirmation38,11220,cost_h_full_postfilter,11220,11220,oracle_aabb,data37-1,4,37,15,bytetrack,True,14320
51.39458155135398,65.64910422611435,3118,18,860,57.94450296947314,62.78778386844166,902,71.80167597765363,11202,40,18,284,True,7,0,True,780,confirmation38,11220,cost_h_full_reassign,11220,11220,oracle_aabb,data37-1,4,38,16,bytetrack,True,14320
51.421395564580095,65.65204164698044,3118,18,860,57.96122514797648,62.920908379013305,883,71.93435754189944,11202,40,25,340,True,7,0,True,780,confirmation38,11220,cost_h_soft_information,11220,11220,oracle_aabb,data37-1,4,38,23,bytetrack,True,14320
51.35458113386614,65.64910422611435,3118,18,860,57.92146054310198,62.72513703993735,906,71.77374301675977,11202,37,19,281,True,7,0,True,780,confirmation38,11220,path_g_full_reassign,11220,11220,oracle_aabb,data37-1,3,36,17,bytetrack,True,14320
61.840652478200795,61.557629682162904,5495,0,415,61.69897867427486,59.89198531000216,470,58.3449720670391,8825,0,0,0,True,7,0,True,471,confirmation38,8825,no_refinement,8825,8825,oracle_aabb,data37-1,0,0,0,ocsort,True,14320
64.79850325950672,61.51609684817804,5495,0,415,63.135971879118024,62.64852019874703,382,58.959497206703915,8825,105,45,0,True,7,0,True,471,confirmation38,8825,ace_v1,8825,8825,oracle_aabb,data37-1,5,104,41,ocsort,True,14320
64.91277765803747,61.51609684817804,5495,0,415,63.19161859816581,62.78677900194426,347,59.203910614525135,8825,126,46,0,True,7,0,True,471,confirmation38,8825,cost_r,8825,8825,oracle_aabb,data37-1,6,125,41,ocsort,True,14320
65.30195618128478,61.51609684817804,5495,0,415,63.38076536988279,63.58176712032837,312,59.44832402234637,8825,152,71,0,True,7,0,True,471,confirmation38,8825,cost_g_legacy,8825,8825,oracle_aabb,data37-1,6,151,66,ocsort,True,14320
64.99171697330975,61.51609684817804,5495,0,415,63.2300300512463,63.080578958738386,333,59.30167597765363,8825,138,80,0,True,7,0,True,471,confirmation38,8825,cost_h,8825,8825,oracle_aabb,data37-1,6,137,75,ocsort,True,14320
64.94722689681075,61.51609684817804,5495,0,415,63.20838428606095,63.00280838193994,334,59.29469273743017,8825,139,68,0,True,7,0,True,471,confirmation38,8825,path_g,8825,8825,oracle_aabb,data37-1,6,138,63,ocsort,True,14320
64.90332044853439,61.51609684817804,5495,0,415,63.18701520376378,62.968243681140635,333,59.30167597765363,8825,136,67,0,True,7,0,True,471,confirmation38,8825,cost_h_margin_reassign,8825,8825,oracle_aabb,data37-1,6,135,62,ocsort,True,14320
64.99293385423874,61.51609684817804,5495,0,415,63.230621996440576,63.06329660833874,333,59.30167597765363,8825,139,77,0,True,7,0,True,471,confirmation38,8825,cost_h_motion_reassign,8825,8825,oracle_aabb,data37-1,5,138,73,ocsort,True,14320
64.90271647479975,61.51609684817804,5495,0,415,63.186721201917315,62.881831929142365,350,59.182960893854755,8825,120,46,0,True,7,0,True,471,confirmation38,8825,cost_h_full_postfilter,8825,8825,oracle_aabb,data37-1,5,119,42,ocsort,True,14320
64.86191542887755,61.51609684817804,5495,0,415,63.166856933139435,62.82134370274357,347,59.203910614525135,8825,127,50,0,True,7,0,True,471,confirmation38,8825,cost_h_full_reassign,8825,8825,oracle_aabb,data37-1,5,126,46,ocsort,True,14320
65.07176624159477,61.51609684817804,5495,0,415,63.26895778727343,63.07193778353856,331,59.31564245810056,8825,136,78,0,True,7,0,True,471,confirmation38,8825,cost_h_soft_information,8825,8825,oracle_aabb,data37-1,6,135,73,ocsort,True,14320
64.87082461061809,61.51609684817804,5495,0,415,63.17119496237095,62.82134370274357,346,59.210893854748605,8825,128,48,0,True,7,0,True,471,confirmation38,8825,path_g_full_reassign,8825,8825,oracle_aabb,data37-1,5,127,44,ocsort,True,14320
91.62168568812307,95.1351730066782,695,0,83,93.36190288329628,93.47647164072285,55,94.76256983240224,13625,0,0,0,True,7,0,True,182,confirmation38,13625,no_refinement,13625,13625,oracle_aabb,data37-1,0,0,0,deepocsort,True,14320
93.5678205141417,95.1351730066782,695,0,83,94.34824212707233,95.16550366791913,26,94.96508379888267,13625,28,9,0,True,7,0,True,182,confirmation38,13625,ace_v1,13625,13625,oracle_aabb,data37-1,0,28,9,deepocsort,True,14320
93.6718634527017,95.1351730066782,695,0,83,94.40068291823451,95.22275899087494,25,94.97206703910615,13625,29,8,0,True,7,0,True,182,confirmation38,13625,cost_r,13625,13625,oracle_aabb,data37-1,0,29,8,deepocsort,True,14320
93.59999356440026,95.1351730066782,695,0,83,94.36446143104557,95.22275899087494,23,94.98603351955308,13625,31,10,0,True,7,0,True,182,confirmation38,13625,cost_g_legacy,13625,13625,oracle_aabb,data37-1,0,31,10,deepocsort,True,14320
93.90361521421653,95.1351730066782,695,0,83,94.51738823812282,95.45178028269817,22,94.99301675977654,13625,32,9,0,True,7,0,True,182,confirmation38,13625,cost_h,13625,13625,oracle_aabb,data37-1,0,32,9,deepocsort,True,14320
93.72242859602945,95.1351730066782,695,0,83,94.42615876486666,95.27285739846127,22,94.99301675977654,13625,32,9,0,True,7,0,True,182,confirmation38,13625,path_g,13625,13625,oracle_aabb,data37-1,0,32,9,deepocsort,True,14320
94.04035161890883,95.1351730066782,695,0,83,94.58617827607299,95.53766326713186,21,95.0,13625,33,7,0,True,7,0,True,182,confirmation38,13625,cost_h_margin_reassign,13625,13625,oracle_aabb,data37-1,0,33,7,deepocsort,True,14320
93.68151518047704,95.1351730066782,695,0,83,94.40554620476917,95.31579889067811,23,94.98603351955308,13625,31,9,0,True,7,0,True,182,confirmation38,13625,cost_h_motion_reassign,13625,13625,oracle_aabb,data37-1,0,31,9,deepocsort,True,14320
93.68165672843762,95.1351730066782,695,0,83,94.40561752570935,95.31579889067811,23,94.98603351955308,13625,31,8,0,True,7,0,True,182,confirmation38,13625,cost_h_full_postfilter,13625,13625,oracle_aabb,data37-1,0,31,8,deepocsort,True,14320
93.81825158516935,95.1351730066782,695,0,83,94.4744176787448,95.40168187511183,22,94.99301675977654,13625,32,7,0,True,7,0,True,182,confirmation38,13625,cost_h_full_reassign,13625,13625,oracle_aabb,data37-1,0,32,7,deepocsort,True,14320
94.04149338162817,95.1351730066782,695,0,83,94.58675246918516,95.53766326713186,20,95.00698324022346,13625,34,7,0,True,7,0,True,182,confirmation38,13625,cost_h_soft_information,13625,13625,oracle_aabb,data37-1,0,34,7,deepocsort,True,14320
93.54067051859832,95.1351730066782,695,0,83,94.33455291114393,95.13687600644123,24,94.97905027932961,13625,30,8,0,True,7,0,True,182,confirmation38,13625,path_g_full_reassign,13625,13625,oracle_aabb,data37-1,0,30,8,deepocsort,True,14320
63.47811450596475,73.16572613796899,678,2,138,68.09494595440995,73.71579452712434,183,80.8392539964476,3826,0,0,0,True,5,0,True,155,confirmation38,3828,no_refinement,3828,3828,oracle_aabb,data37-10,0,0,0,bytetrack,True,4504
61.58826288166542,73.16572613796899,678,2,138,67.0733793091636,74.00384061449832,135,81.90497335701599,3826,1,6,56,True,5,0,True,155,confirmation38,3828,ace_v1,3828,3828,oracle_aabb,data37-10,0,1,6,bytetrack,True,4504
63.08780597414278,73.16572613796899,678,2,138,67.88772974585831,75.6841094575132,122,82.1936056838366,3826,3,5,62,True,5,0,True,155,confirmation38,3828,cost_r,3828,3828,oracle_aabb,data37-10,0,3,5,bytetrack,True,4504
63.942441092573,73.16572613796899,678,2,138,68.35195082556072,77.19635141622659,99,82.70426287744228,3826,4,6,69,True,5,0,True,155,confirmation38,3828,cost_g_legacy,3828,3828,oracle_aabb,data37-10,0,4,6,bytetrack,True,4504
63.3377312493256,73.16572613796899,678,2,138,68.02355910190036,76.06817090734518,120,82.2380106571936,3826,4,5,65,True,5,0,True,155,confirmation38,3828,cost_h,3828,3828,oracle_aabb,data37-10,0,4,5,bytetrack,True,4504
63.3377312493256,73.16572613796899,678,2,138,68.02355910190036,76.06817090734518,120,82.2380106571936,3826,4,5,65,True,5,0,True,155,confirmation38,3828,path_g,3828,3828,oracle_aabb,data37-10,0,4,5,bytetrack,True,4504
63.33054733663994,73.16572613796899,678,2,138,68.01966196664831,76.09217474795967,121,82.21580817051509,3826,4,5,63,True,5,0,True,155,confirmation38,3828,cost_h_margin_reassign,3828,3828,oracle_aabb,data37-10,0,4,5,bytetrack,True,4504
63.3377312493256,73.16572613796899,678,2,138,68.02355910190036,76.06817090734518,120,82.2380106571936,3826,4,5,65,True,5,0,True,155,confirmation38,3828,cost_h_motion_reassign,3828,3828,oracle_aabb,data37-10,0,4,5,bytetrack,True,4504
63.31349634636753,73.16572613796899,678,2,138,68.01035629924596,76.04416706673067,122,82.1936056838366,3826,4,5,62,True,5,0,True,155,confirmation38,3828,cost_h_full_postfilter,3828,3828,oracle_aabb,data37-10,0,4,5,bytetrack,True,4504
63.31349634636753,73.16572613796899,678,2,138,68.01035629924596,76.04416706673067,122,82.1936056838366,3826,4,5,62,True,5,0,True,155,confirmation38,3828,cost_h_full_reassign,3828,3828,oracle_aabb,data37-10,0,4,5,bytetrack,True,4504
63.3377312493256,73.16572613796899,678,2,138,68.02355910190036,76.06817090734518,120,82.2380106571936,3826,4,5,65,True,5,0,True,155,confirmation38,3828,cost_h_soft_information,3828,3828,oracle_aabb,data37-10,0,4,5,bytetrack,True,4504
63.31349634636753,73.16572613796899,678,2,138,68.01035629924596,76.04416706673067,122,82.1936056838366,3826,4,5,62,True,5,0,True,155,confirmation38,3828,path_g_full_reassign,3828,3828,oracle_aabb,data37-10,0,4,5,bytetrack,True,4504
68.27735792636716,75.4047670943743,1105,0,57,71.75261679354583,68.73339238263951,78,73.73445825932504,3399,0,0,0,True,5,0,True,79,confirmation38,3399,no_refinement,3399,3399,oracle_aabb,data37-10,0,0,0,ocsort,True,4504
68.03855927052777,75.15937143027318,1105,0,57,71.5103707611119,69.0117676831583,64,74.04529307282417,3399,14,4,0,True,5,0,True,79,confirmation38,3399,ace_v1,3399,3399,oracle_aabb,data37-10,0,14,4,ocsort,True,4504
68.03855927052777,75.15937143027318,1105,0,57,71.5103707611119,69.0117676831583,64,74.04529307282417,3399,14,4,0,True,5,0,True,79,confirmation38,3399,cost_r,3399,3399,oracle_aabb,data37-10,0,14,4,ocsort,True,4504
68.04202855913547,75.15937143027318,1105,0,57,71.51219389368373,69.03707452866,63,74.06749555950266,3399,15,4,0,True,5,0,True,79,confirmation38,3399,cost_g_legacy,3399,3399,oracle_aabb,data37-10,0,15,4,ocsort,True,4504
68.04202855913547,75.15937143027318,1105,0,57,71.51219389368373,69.03707452866,63,74.06749555950266,3399,15,4,0,True,5,0,True,79,confirmation38,3399,cost_h,3399,3399,oracle_aabb,data37-10,0,15,4,ocsort,True,4504
68.04202855913547,75.15937143027318,1105,0,57,71.51219389368373,69.03707452866,63,74.06749555950266,3399,15,4,0,True,5,0,True,79,confirmation38,3399,path_g,3399,3399,oracle_aabb,data37-10,0,15,4,ocsort,True,4504
68.04202855913547,75.15937143027318,1105,0,57,71.51219389368373,69.03707452866,63,74.06749555950266,3399,15,4,0,True,5,0,True,79,confirmation38,3399,cost_h_margin_reassign,3399,3399,oracle_aabb,data37-10,0,15,4,ocsort,True,4504
68.04202855913547,75.15937143027318,1105,0,57,71.51219389368373,69.03707452866,63,74.06749555950266,3399,15,4,0,True,5,0,True,79,confirmation38,3399,cost_h_motion_reassign,3399,3399,oracle_aabb,data37-10,0,15,4,ocsort,True,4504
68.03855927052777,75.15937143027318,1105,0,57,71.5103707611119,69.0117676831583,64,74.04529307282417,3399,14,4,0,True,5,0,True,79,confirmation38,3399,cost_h_full_postfilter,3399,3399,oracle_aabb,data37-10,0,14,4,ocsort,True,4504
68.03855927052777,75.15937143027318,1105,0,57,71.5103707611119,69.0117676831583,64,74.04529307282417,3399,14,4,0,True,5,0,True,79,confirmation38,3399,cost_h_full_reassign,3399,3399,oracle_aabb,data37-10,0,14,4,ocsort,True,4504
68.04202855913547,75.15937143027318,1105,0,57,71.51219389368373,69.03707452866,63,74.06749555950266,3399,15,4,0,True,5,0,True,79,confirmation38,3399,cost_h_soft_information,3399,3399,oracle_aabb,data37-10,0,15,4,ocsort,True,4504
68.03855927052777,75.15937143027318,1105,0,57,71.5103707611119,69.0117676831583,64,74.04529307282417,3399,14,4,0,True,5,0,True,79,confirmation38,3399,path_g_full_reassign,3399,3399,oracle_aabb,data37-10,0,14,4,ocsort,True,4504
82.94394074993232,92.71758436944936,328,0,42,87.69470807532494,87.53456221198157,41,91.80728241563055,4176,0,0,0,True,5,0,True,48,confirmation38,4176,no_refinement,4176,4176,oracle_aabb,data37-10,0,0,0,deepocsort,True,4504
84.50325778718832,92.71758436944936,328,0,42,88.5151847615818,89.28571428571429,30,92.05150976909414,4176,10,2,0,True,5,0,True,48,confirmation38,4176,ace_v1,4176,4176,oracle_aabb,data37-10,0,10,2,deepocsort,True,4504
85.44971450233778,92.71758436944936,328,0,42,89.00950013181662,89.86175115207374,29,92.07371225577265,4176,11,1,0,True,5,0,True,48,confirmation38,4176,cost_r,4176,4176,oracle_aabb,data37-10,0,11,1,deepocsort,True,4504
85.44971450233778,92.71758436944936,328,0,42,89.00950013181662,89.86175115207374,29,92.07371225577265,4176,11,1,0,True,5,0,True,48,confirmation38,4176,cost_g_legacy,4176,4176,oracle_aabb,data37-10,0,11,1,deepocsort,True,4504
85.44971450233778,92.71758436944936,328,0,42,89.00950013181662,89.86175115207374,29,92.07371225577265,4176,11,1,0,True,5,0,True,48,confirmation38,4176,cost_h,4176,4176,oracle_aabb,data37-10,0,11,1,deepocsort,True,4504
85.44971450233778,92.71758436944936,328,0,42,89.00950013181662,89.86175115207374,29,92.07371225577265,4176,11,1,0,True,5,0,True,48,confirmation38,4176,path_g,4176,4176,oracle_aabb,data37-10,0,11,1,deepocsort,True,4504
85.44971450233778,92.71758436944936,328,0,42,89.00950013181662,89.86175115207374,29,92.07371225577265,4176,11,1,0,True,5,0,True,48,confirmation38,4176,cost_h_margin_reassign,4176,4176,oracle_aabb,data37-10,0,11,1,deepocsort,True,4504
85.44971450233778,92.71758436944936,328,0,42,89.00950013181662,89.86175115207374,29,92.07371225577265,4176,11,1,0,True,5,0,True,48,confirmation38,4176,cost_h_motion_reassign,4176,4176,oracle_aabb,data37-10,0,11,1,deepocsort,True,4504
85.44971450233778,92.71758436944936,328,0,42,89.00950013181662,89.86175115207374,29,92.07371225577265,4176,11,1,0,True,5,0,True,48,confirmation38,4176,cost_h_full_postfilter,4176,4176,oracle_aabb,data37-10,0,11,1,deepocsort,True,4504
85.44971450233778,92.71758436944936,328,0,42,89.00950013181662,89.86175115207374,29,92.07371225577265,4176,11,1,0,True,5,0,True,48,confirmation38,4176,cost_h_full_reassign,4176,4176,oracle_aabb,data37-10,0,11,1,deepocsort,True,4504
84.50325778718832,92.71758436944936,328,0,42,88.5151847615818,89.28571428571429,30,92.05150976909414,4176,10,2,0,True,5,0,True,48,confirmation38,4176,cost_h_soft_information,4176,4176,oracle_aabb,data37-10,0,10,2,deepocsort,True,4504
85.44971450233778,92.71758436944936,328,0,42,89.00950013181662,89.86175115207374,29,92.07371225577265,4176,11,1,0,True,5,0,True,48,confirmation38,4176,path_g_full_reassign,4176,4176,oracle_aabb,data37-10,0,11,1,deepocsort,True,4504
67.66692445436567,71.48651468929626,1696,0,348,69.51432999210819,76.50289899298139,525,79.20217248806068,8983,0,0,0,True,7,0,True,388,confirmation38,8983,no_refinement,8983,8983,oracle_aabb,data37-11,0,0,0,bytetrack,True,10679
70.73889092511621,71.48651468929626,1696,0,348,71.07951448921689,79.43240768996033,448,79.92321378406217,8983,12,2,128,True,7,0,True,388,confirmation38,8983,ace_v1,8983,8983,oracle_aabb,data37-11,0,12,2,bytetrack,True,10679
71.43389440296035,71.48651468929626,1696,0,348,71.42943527191171,80.56148916692096,418,80.2041389643225,8983,11,3,141,True,7,0,True,388,confirmation38,8983,cost_r,8983,8983,oracle_aabb,data37-11,0,11,3,bytetrack,True,10679
71.96334898111719,71.48651468929626,1696,0,348,71.69611239605955,81.74143016987082,329,81.03755033242813,8983,14,4,198,True,7,0,True,388,confirmation38,8983,cost_g_legacy,8983,8983,oracle_aabb,data37-11,0,14,4,bytetrack,True,10679
71.48837600649422,71.48651468929626,1696,0,348,71.45693021268653,80.65303631370155,413,80.25095982769922,8983,10,5,184,True,7,0,True,388,confirmation38,8983,cost_h,8983,8983,oracle_aabb,data37-11,0,10,5,bytetrack,True,10679
71.50415329299014,71.48651468929626,1696,0,348,71.46490858498588,80.74458346048215,410,80.27905234572526,8983,12,3,174,True,7,0,True,388,confirmation38,8983,path_g,8983,8983,oracle_aabb,data37-11,0,12,3,bytetrack,True,10679
71.46683091970797,71.48651468929626,1696,0,348,71.44607794815104,80.64286440850371,413,80.25095982769922,8983,11,2,162,True,7,0,True,388,confirmation38,8983,cost_h_margin_reassign,8983,8983,oracle_aabb,data37-11,0,11,2,bytetrack,True,10679
71.48064952429507,71.48651468929626,1696,0,348,71.45302128973545,80.64286440850371,413,80.25095982769922,8983,10,5,182,True,7,0,True,388,confirmation38,8983,cost_h_motion_reassign,8983,8983,oracle_aabb,data37-11,0,10,5,bytetrack,True,10679
71.32129114763754,71.48651468929626,1696,0,348,71.37256660418949,80.11392533821585,427,80.11986141024441,8983,9,2,140,True,7,0,True,388,confirmation38,8983,cost_h_full_postfilter,8983,8983,oracle_aabb,data37-11,0,9,2,bytetrack,True,10679
71.45196006824816,71.48651468929626,1696,0,348,71.43857949913665,80.59200488251449,420,80.18541061897182,8983,11,3,150,True,7,0,True,388,confirmation38,8983,cost_h_full_reassign,8983,8983,oracle_aabb,data37-11,0,11,3,bytetrack,True,10679
71.50676065905708,71.48651468929626,1696,0,348,71.46623450406489,80.75475536567998,406,80.31650903642664,8983,12,3,178,True,7,0,True,388,confirmation38,8983,cost_h_soft_information,8983,8983,oracle_aabb,data37-11,0,12,3,bytetrack,True,10679
71.45569813280757,71.48651468929626,1696,0,348,71.44044417449486,80.63269250330588,417,80.21350313699784,8983,11,3,149,True,7,0,True,388,confirmation38,8983,path_g_full_reassign,8983,8983,oracle_aabb,data37-11,0,11,3,bytetrack,True,10679
72.48624672202367,71.37868168275648,3047,0,189,71.93033240018816,71.01742122221616,175,69.8286356400412,7632,0,0,0,True,7,0,True,171,confirmation38,7632,no_refinement,7632,7632,oracle_aabb,data37-11,0,0,0,ocsort,True,10679
73.76701776262354,71.37868168275648,3047,0,189,72.56302412959472,72.04412648135002,150,70.0627399569248,7632,28,10,0,True,7,0,True,171,confirmation38,7632,ace_v1,7632,7632,oracle_aabb,data37-11,3,26,9,ocsort,True,10679
73.78966252418553,71.37868168275648,3047,0,189,72.57416085697436,72.1096608595926,143,70.12828916565222,7632,32,9,0,True,7,0,True,171,confirmation38,7632,cost_r,7632,7632,oracle_aabb,data37-11,3,30,8,ocsort,True,10679
73.81278129349099,71.37868168275648,3047,0,189,72.58552893934377,72.18611763420894,134,70.2125667197303,7632,38,11,0,True,7,0,True,171,confirmation38,7632,cost_g_legacy,7632,7632,oracle_aabb,data37-11,3,36,10,ocsort,True,10679
73.78931539907352,71.37868168275648,3047,0,189,72.57399015322633,72.06597127409754,141,70.1470175110029,7632,36,10,0,True,7,0,True,171,confirmation38,7632,cost_h,7632,7632,oracle_aabb,data37-11,3,34,9,ocsort,True,10679
73.7938030039101,71.37868168275648,3047,0,189,72.57619696625454,72.1096608595926,140,70.15638168367825,7632,36,10,0,True,7,0,True,171,confirmation38,7632,path_g,7632,7632,oracle_aabb,data37-11,3,34,9,ocsort,True,10679
73.78931539907352,71.37868168275648,3047,0,189,72.57399015322633,72.06597127409754,141,70.1470175110029,7632,36,10,0,True,7,0,True,171,confirmation38,7632,cost_h_margin_reassign,7632,7632,oracle_aabb,data37-11,3,34,9,ocsort,True,10679
73.7938030039101,71.37868168275648,3047,0,189,72.57619696625454,72.1096608595926,142,70.13765333832755,7632,36,10,0,True,7,0,True,171,confirmation38,7632,cost_h_motion_reassign,7632,7632,oracle_aabb,data37-11,3,34,9,ocsort,True,10679
73.77963010038877,71.37868168275648,3047,0,189,72.56922710690813,72.02228168860248,144,70.11892499297687,7632,32,9,0,True,7,0,True,171,confirmation38,7632,cost_h_full_postfilter,7632,7632,oracle_aabb,data37-11,3,30,8,ocsort,True,10679
73.78636150764365,71.37868168275648,3047,0,189,72.57253751854066,72.05504887772378,143,70.12828916565222,7632,33,9,0,True,7,0,True,171,confirmation38,7632,cost_h_full_reassign,7632,7632,oracle_aabb,data37-11,3,31,8,ocsort,True,10679
73.79659836238255,71.37868168275648,3047,0,189,72.57757157064036,72.12058325596637,139,70.1657458563536,7632,37,9,0,True,7,0,True,171,confirmation38,7632,cost_h_soft_information,7632,7632,oracle_aabb,data37-11,3,35,8,ocsort,True,10679
73.78636150764365,71.37868168275648,3047,0,189,72.57253751854066,72.05504887772378,143,70.12828916565222,7632,33,9,0,True,7,0,True,171,confirmation38,7632,path_g_full_reassign,7632,7632,oracle_aabb,data37-11,3,31,8,ocsort,True,10679
89.76266035744868,93.38889409120704,706,0,47,91.55782643480984,91.5552973077668,27,93.13606142897275,9973,0,0,0,True,7,0,True,101,confirmation38,9973,no_refinement,9973,9973,oracle_aabb,data37-11,0,0,0,deepocsort,True,10679
92.45388378897464,93.37078651685393,706,0,47,92.91120409247947,93.86984311446834,16,93.23906732840153,9973,11,4,0,True,7,0,True,101,confirmation38,9973,ace_v1,9973,9973,oracle_aabb,data37-11,0,11,4,deepocsort,True,10679
92.79956900360904,93.37078651685393,706,0,47,93.0847395994211,94.08289754018982,15,93.24843150107688,9973,12,4,0,True,7,0,True,101,confirmation38,9973,cost_r,9973,9973,oracle_aabb,data37-11,0,12,4,deepocsort,True,10679
92.79956900360904,93.37078651685393,706,0,47,93.0847395994211,94.08289754018982,15,93.24843150107688,9973,12,4,0,True,7,0,True,101,confirmation38,9973,cost_g_legacy,9973,9973,oracle_aabb,data37-11,0,12,4,deepocsort,True,10679
92.79956900360904,93.37078651685393,706,0,47,93.0847395994211,94.08289754018982,15,93.24843150107688,9973,12,4,0,True,7,0,True,101,confirmation38,9973,cost_h,9973,9973,oracle_aabb,data37-11,0,12,4,deepocsort,True,10679
92.79956900360904,93.37078651685393,706,0,47,93.0847395994211,94.08289754018982,15,93.24843150107688,9973,12,4,0,True,7,0,True,101,confirmation38,9973,path_g,9973,9973,oracle_aabb,data37-11,0,12,4,deepocsort,True,10679
92.79956900360904,93.37078651685393,706,0,47,93.0847395994211,94.08289754018982,15,93.24843150107688,9973,12,4,0,True,7,0,True,101,confirmation38,9973,cost_h_margin_reassign,9973,9973,oracle_aabb,data37-11,0,12,4,deepocsort,True,10679
92.80453689969072,93.37078651685393,706,0,47,93.08723114722292,94.08289754018982,15,93.24843150107688,9973,12,3,0,True,7,0,True,101,confirmation38,9973,cost_h_motion_reassign,9973,9973,oracle_aabb,data37-11,0,12,3,deepocsort,True,10679
92.80453689969072,93.37078651685393,706,0,47,93.08723114722292,94.08289754018982,15,93.24843150107688,9973,12,3,0,True,7,0,True,101,confirmation38,9973,cost_h_full_postfilter,9973,9973,oracle_aabb,data37-11,0,12,3,deepocsort,True,10679
92.80453689969072,93.37078651685393,706,0,47,93.08723114722292,94.08289754018982,15,93.24843150107688,9973,12,3,0,True,7,0,True,101,confirmation38,9973,cost_h_full_reassign,9973,9973,oracle_aabb,data37-11,0,12,3,deepocsort,True,10679
92.79956900360904,93.37078651685393,706,0,47,93.0847395994211,94.08289754018982,15,93.24843150107688,9973,12,4,0,True,7,0,True,101,confirmation38,9973,cost_h_soft_information,9973,9973,oracle_aabb,data37-11,0,12,4,deepocsort,True,10679
92.80453689969072,93.37078651685393,706,0,47,93.08723114722292,94.08289754018982,15,93.24843150107688,9973,12,3,0,True,7,0,True,101,confirmation38,9973,path_g_full_reassign,9973,9973,oracle_aabb,data37-11,0,12,3,deepocsort,True,10679
88.97642917734989,80.59287984291015,246,0,5,84.64859440886849,91.67974882260597,12,87.31563421828909,1788,0,0,0,True,5,0,True,40,confirmation38,1788,no_refinement,1788,1788,oracle_aabb,data37-12,0,0,0,bytetrack,True,2034
89.69969392133119,80.59287984291015,246,0,5,84.99574522237629,92.67399267399267,7,87.56145526057031,1788,1,0,4,True,5,0,True,40,confirmation38,1788,ace_v1,1788,1788,oracle_aabb,data37-12,0,1,0,bytetrack,True,2034
89.69969392133119,80.59287984291015,246,0,5,84.99574522237629,92.67399267399267,7,87.56145526057031,1788,1,0,4,True,5,0,True,40,confirmation38,1788,cost_r,1788,1788,oracle_aabb,data37-12,0,1,0,bytetrack,True,2034
89.69969392133119,80.59287984291015,246,0,5,84.99574522237629,92.67399267399267,7,87.56145526057031,1788,1,0,4,True,5,0,True,40,confirmation38,1788,cost_g_legacy,1788,1788,oracle_aabb,data37-12,0,1,0,bytetrack,True,2034
89.69969392133119,80.59287984291015,246,0,5,84.99574522237629,92.67399267399267,7,87.56145526057031,1788,1,0,4,True,5,0,True,40,confirmation38,1788,cost_h,1788,1788,oracle_aabb,data37-12,0,1,0,bytetrack,True,2034
89.69969392133119,80.59287984291015,246,0,5,84.99574522237629,92.67399267399267,7,87.56145526057031,1788,1,0,4,True,5,0,True,40,confirmation38,1788,path_g,1788,1788,oracle_aabb,data37-12,0,1,0,bytetrack,True,2034
89.69969392133119,80.59287984291015,246,0,5,84.99574522237629,92.67399267399267,7,87.56145526057031,1788,1,0,4,True,5,0,True,40,confirmation38,1788,cost_h_margin_reassign,1788,1788,oracle_aabb,data37-12,0,1,0,bytetrack,True,2034
89.69969392133119,80.59287984291015,246,0,5,84.99574522237629,92.67399267399267,7,87.56145526057031,1788,1,0,4,True,5,0,True,40,confirmation38,1788,cost_h_motion_reassign,1788,1788,oracle_aabb,data37-12,0,1,0,bytetrack,True,2034
89.69969392133119,80.59287984291015,246,0,5,84.99574522237629,92.67399267399267,7,87.56145526057031,1788,1,0,4,True,5,0,True,40,confirmation38,1788,cost_h_full_postfilter,1788,1788,oracle_aabb,data37-12,0,1,0,bytetrack,True,2034
89.69969392133119,80.59287984291015,246,0,5,84.99574522237629,92.67399267399267,7,87.56145526057031,1788,1,0,4,True,5,0,True,40,confirmation38,1788,cost_h_full_reassign,1788,1788,oracle_aabb,data37-12,0,1,0,bytetrack,True,2034
89.69969392133119,80.59287984291015,246,0,5,84.99574522237629,92.67399267399267,7,87.56145526057031,1788,1,0,4,True,5,0,True,40,confirmation38,1788,cost_h_soft_information,1788,1788,oracle_aabb,data37-12,0,1,0,bytetrack,True,2034
89.69969392133119,80.59287984291015,246,0,5,84.99574522237629,92.67399267399267,7,87.56145526057031,1788,1,0,4,True,5,0,True,40,confirmation38,1788,path_g_full_reassign,1788,1788,oracle_aabb,data37-12,0,1,0,bytetrack,True,2034
92.1175362069504,83.5299901671583,335,0,3,87.71873741447386,89.52585052236806,8,83.13667649950835,1699,0,0,0,True,5,0,True,35,confirmation38,1699,no_refinement,1699,1699,oracle_aabb,data37-12,0,0,0,ocsort,True,2034
92.16156222213591,83.5299901671583,335,0,3,87.73969675241055,89.68657915885348,5,83.2841691248771,1699,3,1,0,True,5,0,True,35,confirmation38,1699,ace_v1,1699,1699,oracle_aabb,data37-12,0,3,1,ocsort,True,2034
92.15896879537556,83.5299901671583,335,0,3,87.7384622460023,89.57942673452986,4,83.33333333333334,1699,4,1,0,True,5,0,True,35,confirmation38,1699,cost_r,1699,1699,oracle_aabb,data37-12,0,4,1,ocsort,True,2034
92.24193813292779,83.5299901671583,335,0,3,87.77794817175372,89.68657915885348,3,83.38249754178958,1699,4,2,0,True,5,0,True,35,confirmation38,1699,cost_g_legacy,1699,1699,oracle_aabb,data37-12,0,4,2,ocsort,True,2034
92.15896879537556,83.5299901671583,335,0,3,87.7384622460023,89.57942673452986,4,83.33333333333334,1699,4,1,0,True,5,0,True,35,confirmation38,1699,cost_h,1699,1699,oracle_aabb,data37-12,0,4,1,ocsort,True,2034
92.15896879537556,83.5299901671583,335,0,3,87.7384622460023,89.57942673452986,4,83.33333333333334,1699,4,1,0,True,5,0,True,35,confirmation38,1699,path_g,1699,1699,oracle_aabb,data37-12,0,4,1,ocsort,True,2034
92.15896879537556,83.5299901671583,335,0,3,87.7384622460023,89.57942673452986,4,83.33333333333334,1699,4,1,0,True,5,0,True,35,confirmation38,1699,cost_h_margin_reassign,1699,1699,oracle_aabb,data37-12,0,4,1,ocsort,True,2034
92.22894628010265,83.5299901671583,335,0,3,87.77176639389428,89.79373158317708,4,83.33333333333334,1699,4,0,0,True,5,0,True,35,confirmation38,1699,cost_h_motion_reassign,1699,1699,oracle_aabb,data37-12,0,4,0,ocsort,True,2034
92.22894628010265,83.5299901671583,335,0,3,87.77176639389428,89.79373158317708,4,83.33333333333334,1699,4,0,0,True,5,0,True,35,confirmation38,1699,cost_h_full_postfilter,1699,1699,oracle_aabb,data37-12,0,4,0,ocsort,True,2034
92.22894628010265,83.5299901671583,335,0,3,87.77176639389428,89.79373158317708,4,83.33333333333334,1699,4,0,0,True,5,0,True,35,confirmation38,1699,cost_h_full_reassign,1699,1699,oracle_aabb,data37-12,0,4,0,ocsort,True,2034
92.15896879537556,83.5299901671583,335,0,3,87.7384622460023,89.57942673452986,4,83.33333333333334,1699,4,1,0,True,5,0,True,35,confirmation38,1699,cost_h_soft_information,1699,1699,oracle_aabb,data37-12,0,4,1,ocsort,True,2034
92.22894628010265,83.5299901671583,335,0,3,87.77176639389428,89.79373158317708,4,83.33333333333334,1699,4,0,0,True,5,0,True,35,confirmation38,1699,path_g_full_reassign,1699,1699,oracle_aabb,data37-12,0,4,0,ocsort,True,2034
94.04892588032418,91.93706981317602,164,0,2,92.9870026644239,95.23565573770492,2,91.83874139626353,1870,0,0,0,True,5,0,True,30,confirmation38,1870,no_refinement,1870,1870,oracle_aabb,data37-12,0,0,0,deepocsort,True,2034
94.04892588032418,91.93706981317602,164,0,2,92.9870026644239,95.23565573770492,2,91.83874139626353,1870,0,0,0,True,5,0,True,30,confirmation38,1870,ace_v1,1870,1870,oracle_aabb,data37-12,0,0,0,deepocsort,True,2034
94.04892588032418,91.93706981317602,164,0,2,92.9870026644239,95.23565573770492,2,91.83874139626353,1870,0,0,0,True,5,0,True,30,confirmation38,1870,cost_r,1870,1870,oracle_aabb,data37-12,0,0,0,deepocsort,True,2034
94.04892588032418,91.93706981317602,164,0,2,92.9870026644239,95.23565573770492,2,91.83874139626353,1870,0,0,0,True,5,0,True,30,confirmation38,1870,cost_g_legacy,1870,1870,oracle_aabb,data37-12,0,0,0,deepocsort,True,2034
94.04892588032418,91.93706981317602,164,0,2,92.9870026644239,95.23565573770492,2,91.83874139626353,1870,0,0,0,True,5,0,True,30,confirmation38,1870,cost_h,1870,1870,oracle_aabb,data37-12,0,0,0,deepocsort,True,2034
94.04892588032418,91.93706981317602,164,0,2,92.9870026644239,95.23565573770492,2,91.83874139626353,1870,0,0,0,True,5,0,True,30,confirmation38,1870,path_g,1870,1870,oracle_aabb,data37-12,0,0,0,deepocsort,True,2034
94.04892588032418,91.93706981317602,164,0,2,92.9870026644239,95.23565573770492,2,91.83874139626353,1870,0,0,0,True,5,0,True,30,confirmation38,1870,cost_h_margin_reassign,1870,1870,oracle_aabb,data37-12,0,0,0,deepocsort,True,2034
94.04892588032418,91.93706981317602,164,0,2,92.9870026644239,95.23565573770492,2,91.83874139626353,1870,0,0,0,True,5,0,True,30,confirmation38,1870,cost_h_motion_reassign,1870,1870,oracle_aabb,data37-12,0,0,0,deepocsort,True,2034
94.04892588032418,91.93706981317602,164,0,2,92.9870026644239,95.23565573770492,2,91.83874139626353,1870,0,0,0,True,5,0,True,30,confirmation38,1870,cost_h_full_postfilter,1870,1870,oracle_aabb,data37-12,0,0,0,deepocsort,True,2034
94.04892588032418,91.93706981317602,164,0,2,92.9870026644239,95.23565573770492,2,91.83874139626353,1870,0,0,0,True,5,0,True,30,confirmation38,1870,cost_h_full_reassign,1870,1870,oracle_aabb,data37-12,0,0,0,deepocsort,True,2034
94.04892588032418,91.93706981317602,164,0,2,92.9870026644239,95.23565573770492,2,91.83874139626353,1870,0,0,0,True,5,0,True,30,confirmation38,1870,cost_h_soft_information,1870,1870,oracle_aabb,data37-12,0,0,0,deepocsort,True,2034
94.04892588032418,91.93706981317602,164,0,2,92.9870026644239,95.23565573770492,2,91.83874139626353,1870,0,0,0,True,5,0,True,30,confirmation38,1870,path_g_full_reassign,1870,1870,oracle_aabb,data37-12,0,0,0,deepocsort,True,2034
45.72853131613559,66.64412725051028,911,9,318,53.64480308277129,53.28538102643857,746,70.22341376228776,4684,0,0,0,True,7,0,True,292,confirmation38,4693,no_refinement,4693,4693,oracle_aabb,data37-2,0,0,0,bytetrack,True,5595
46.90746356798649,66.64412725051028,911,9,318,54.40527772238502,54.99611197511665,707,70.92046470062556,4684,3,7,89,True,7,0,True,292,confirmation38,4693,ace_v1,4693,4693,oracle_aabb,data37-2,2,3,5,bytetrack,True,5595
47.393447842699494,66.64487954724856,911,9,318,54.717847780422424,55.11275272161742,683,71.34941912421804,4684,5,12,93,True,7,0,True,292,confirmation38,4693,cost_r,4693,4693,oracle_aabb,data37-2,4,5,8,bytetrack,True,5595
47.02485274762154,66.5761983079015,911,9,318,54.45144420860464,55.15163297045101,670,71.58176943699732,4684,6,21,143,True,7,0,True,292,confirmation38,4693,cost_g_legacy,4693,4693,oracle_aabb,data37-2,8,6,13,bytetrack,True,5595
47.24064847291752,66.62886108051335,911,9,318,54.61484717979833,55.346034214618975,686,71.29579982126899,4684,6,20,138,True,7,0,True,292,confirmation38,4693,cost_h,4693,4693,oracle_aabb,data37-2,8,6,12,bytetrack,True,5595
47.32269121416199,66.6202448003733,911,9,318,54.662922741484884,55.24883359253499,681,71.3851653261841,4684,6,17,130,True,7,0,True,292,confirmation38,4693,path_g,4693,4693,oracle_aabb,data37-2,5,6,12,bytetrack,True,5595
47.28350852693115,66.64487954724856,911,9,318,54.64726686486392,55.15163297045101,678,71.43878462913315,4684,5,14,120,True,7,0,True,292,confirmation38,4693,cost_h_margin_reassign,4693,4693,oracle_aabb,data37-2,5,5,9,bytetrack,True,5595
47.26813244105505,66.62886108051335,911,9,318,54.63232361425205,55.40435458786936,683,71.34941912421804,4684,6,22,135,True,7,0,True,292,confirmation38,4693,cost_h_motion_reassign,4693,4693,oracle_aabb,data37-2,9,6,13,bytetrack,True,5595
47.39729172670673,66.64487954724856,911,9,318,54.721618045644135,55.32659409020218,689,71.24218051831993,4684,5,14,97,True,7,0,True,292,confirmation38,4693,cost_h_full_postfilter,4693,4693,oracle_aabb,data37-2,5,5,9,bytetrack,True,5595
47.28723372941155,66.64487954724856,911,9,318,54.6496969697045,55.15163297045101,681,71.3851653261841,4684,5,14,113,True,7,0,True,292,confirmation38,4693,cost_h_full_reassign,4693,4693,oracle_aabb,data37-2,5,5,9,bytetrack,True,5595
47.51285250952868,66.6202448003733,911,9,318,54.7853020919663,55.52099533437014,677,71.45665773011618,4684,8,18,133,True,7,0,True,292,confirmation38,4693,cost_h_soft_information,4693,4693,oracle_aabb,data37-2,6,8,12,bytetrack,True,5595
47.303715243077995,66.64487954724856,911,9,318,54.660533402160425,55.132192846034215,683,71.34941912421804,4684,5,15,109,True,7,0,True,292,confirmation38,4693,path_g_full_reassign,4693,4693,oracle_aabb,data37-2,5,5,10,bytetrack,True,5595
55.45858546937165,59.28507596067918,2278,0,326,57.33992023209936,53.343806104129264,340,53.20822162645219,3317,0,0,0,True,7,0,True,277,confirmation38,3317,no_refinement,3317,3317,oracle_aabb,data37-2,0,0,0,ocsort,True,5595
57.711182834269856,59.28507596067918,2278,0,326,58.492835955442715,55.2064631956912,303,53.86952636282395,3317,35,72,0,True,7,0,True,277,confirmation38,3317,ace_v1,3317,3317,oracle_aabb,data37-2,7,34,66,ocsort,True,5595
57.86239640205611,59.28507596067918,2278,0,326,58.56941664352502,55.40843806104129,291,54.0840035746202,3317,41,73,0,True,7,0,True,277,confirmation38,3317,cost_r,3317,3317,oracle_aabb,data37-2,7,40,67,ocsort,True,5595
57.2964571854908,59.28507596067918,2278,0,326,58.282285615095994,54.95960502692998,280,54.280607685433424,3317,44,130,0,True,7,0,True,277,confirmation38,3317,cost_g_legacy,3317,3317,oracle_aabb,data37-2,9,43,122,ocsort,True,5595
57.41605420520647,59.28507596067918,2278,0,326,58.343081294341495,54.95960502692998,282,54.244861483467375,3317,48,121,0,True,7,0,True,277,confirmation38,3317,cost_h,3317,3317,oracle_aabb,data37-2,11,46,112,ocsort,True,5595
57.51730201746608,59.28507596067918,2278,0,326,58.39449990503217,55.22890484739676,287,54.15549597855228,3317,43,118,0,True,7,0,True,277,confirmation38,3317,path_g,3317,3317,oracle_aabb,data37-2,10,42,109,ocsort,True,5595
57.64638391318927,59.28507596067918,2278,0,326,58.4599884463887,55.45332136445242,286,54.17336907953529,3317,44,105,0,True,7,0,True,277,confirmation38,3317,cost_h_margin_reassign,3317,3317,oracle_aabb,data37-2,10,43,96,ocsort,True,5595
57.60794968645195,59.28507596067918,2278,0,326,58.44049685877326,55.2737881508079,282,54.244861483467375,3317,48,120,0,True,7,0,True,277,confirmation38,3317,cost_h_motion_reassign,3317,3317,oracle_aabb,data37-2,11,47,110,ocsort,True,5595
57.73447599832953,59.28507596067918,2278,0,326,58.50463909051123,55.54308797127469,288,54.13762287756926,3317,44,75,0,True,7,0,True,277,confirmation38,3317,cost_h_full_postfilter,3317,3317,oracle_aabb,data37-2,8,43,68,ocsort,True,5595
57.958396657892806,59.28507596067918,2278,0,326,58.61798314870915,55.81238779174147,285,54.191242180518316,3317,45,88,0,True,7,0,True,277,confirmation38,3317,cost_h_full_reassign,3317,3317,oracle_aabb,data37-2,8,44,81,ocsort,True,5595
57.61661931397513,59.28507596067918,2278,0,326,58.44489415360891,55.2737881508079,281,54.2627345844504,3317,46,119,0,True,7,0,True,277,confirmation38,3317,cost_h_soft_information,3317,3317,oracle_aabb,data37-2,12,45,108,ocsort,True,5595
57.84393195862535,59.28507596067918,2278,0,326,58.560070867712064,55.56552962298025,287,54.15549597855228,3317,43,89,0,True,7,0,True,277,confirmation38,3317,path_g_full_reassign,3317,3317,oracle_aabb,data37-2,9,42,81,ocsort,True,5595
74.41671996318057,93.19034852546916,381,0,53,83.27616747600143,82.11675455638819,67,91.9928507596068,5214,0,0,0,True,7,0,True,81,confirmation38,5214,no_refinement,5214,5214,oracle_aabb,data37-2,0,0,0,deepocsort,True,5595
75.5098504979585,93.19034852546916,381,0,53,83.88557256769977,84.39263576649088,51,92.27882037533513,5214,16,10,0,True,7,0,True,81,confirmation38,5214,ace_v1,5214,5214,oracle_aabb,data37-2,0,16,10,deepocsort,True,5595
77.68936311563387,93.19034852546916,381,0,53,85.08759501518213,85.59533721898418,50,92.29669347631814,5214,18,7,0,True,7,0,True,81,confirmation38,5214,cost_r,5214,5214,oracle_aabb,data37-2,0,18,7,deepocsort,True,5595
77.47574986476519,93.19034852546916,381,0,53,84.97053684760111,85.59533721898418,50,92.29669347631814,5214,18,9,0,True,7,0,True,81,confirmation38,5214,cost_g_legacy,5214,5214,oracle_aabb,data37-2,0,18,9,deepocsort,True,5595
77.47574986476519,93.19034852546916,381,0,53,84.97053684760111,85.59533721898418,50,92.29669347631814,5214,18,9,0,True,7,0,True,81,confirmation38,5214,cost_h,5214,5214,oracle_aabb,data37-2,0,18,9,deepocsort,True,5595
77.47574986476519,93.19034852546916,381,0,53,84.97053684760111,85.59533721898418,50,92.29669347631814,5214,18,9,0,True,7,0,True,81,confirmation38,5214,path_g,5214,5214,oracle_aabb,data37-2,0,18,9,deepocsort,True,5595
77.49908947158242,93.19034852546916,381,0,53,84.98333459133785,85.59533721898418,50,92.29669347631814,5214,18,8,0,True,7,0,True,81,confirmation38,5214,cost_h_margin_reassign,5214,5214,oracle_aabb,data37-2,0,18,8,deepocsort,True,5595
77.49908947158242,93.19034852546916,381,0,53,84.98333459133785,85.59533721898418,50,92.29669347631814,5214,18,8,0,True,7,0,True,81,confirmation38,5214,cost_h_motion_reassign,5214,5214,oracle_aabb,data37-2,0,18,8,deepocsort,True,5595
77.49908947158242,93.19034852546916,381,0,53,84.98333459133785,85.59533721898418,50,92.29669347631814,5214,18,8,0,True,7,0,True,81,confirmation38,5214,cost_h_full_postfilter,5214,5214,oracle_aabb,data37-2,0,18,8,deepocsort,True,5595
77.49908947158242,93.19034852546916,381,0,53,84.98333459133785,85.59533721898418,50,92.29669347631814,5214,18,8,0,True,7,0,True,81,confirmation38,5214,cost_h_full_reassign,5214,5214,oracle_aabb,data37-2,0,18,8,deepocsort,True,5595
77.47574986476519,93.19034852546916,381,0,53,84.97053684760111,85.59533721898418,50,92.29669347631814,5214,18,9,0,True,7,0,True,81,confirmation38,5214,cost_h_soft_information,5214,5214,oracle_aabb,data37-2,0,18,9,deepocsort,True,5595
77.49908947158242,93.19034852546916,381,0,53,84.98333459133785,85.59533721898418,50,92.29669347631814,5214,18,8,0,True,7,0,True,81,confirmation38,5214,path_g_full_reassign,5214,5214,oracle_aabb,data37-2,0,18,8,deepocsort,True,5595
57.41314533570846,50.915650131660364,250,1,55,53.57330118006489,54.92822966507177,87,47.75888717156105,397,0,0,0,True,2,0,True,67,confirmation38,398,no_refinement,398,398,oracle_aabb,data39-1,0,0,0,bytetrack,True,647
57.57813945740347,50.915650131660364,250,1,55,53.65819532555229,55.311004784689,76,49.45904173106646,397,0,0,28,True,2,0,True,67,confirmation38,398,ace_v1,398,398,oracle_aabb,data39-1,0,0,0,bytetrack,True,647
58.09315043228184,50.915650131660364,250,1,55,53.91289998590367,56.26794258373206,73,49.92272024729521,397,0,0,30,True,2,0,True,67,confirmation38,398,cost_r,398,398,oracle_aabb,data39-1,0,0,0,bytetrack,True,647
58.57485785795223,50.915650131660364,250,1,55,54.14910086899257,57.41626794258373,68,50.695517774343124,397,1,0,40,True,2,0,True,67,confirmation38,398,cost_g_legacy,398,398,oracle_aabb,data39-1,0,1,0,bytetrack,True,647
58.515573050276046,50.915650131660364,250,1,55,54.12145464929146,57.224880382775126,68,50.695517774343124,397,0,0,41,True,2,0,True,67,confirmation38,398,cost_h,398,398,oracle_aabb,data39-1,0,0,0,bytetrack,True,647
58.03614815506338,50.915650131660364,250,1,55,53.88745050878549,56.84210526315789,70,50.38639876352396,397,0,0,39,True,2,0,True,67,confirmation38,398,path_g,398,398,oracle_aabb,data39-1,0,0,0,bytetrack,True,647
58.079531142084875,50.915650131660364,250,1,55,53.90719131972658,56.65071770334929,71,50.23183925811438,397,0,0,35,True,2,0,True,67,confirmation38,398,cost_h_margin_reassign,398,398,oracle_aabb,data39-1,0,0,0,bytetrack,True,647
58.59652359490701,50.915650131660364,250,1,55,54.16014769417341,57.60765550239234,68,50.695517774343124,397,0,0,40,True,2,0,True,67,confirmation38,398,cost_h_motion_reassign,398,398,oracle_aabb,data39-1,0,0,0,bytetrack,True,647
58.15326306732853,50.915650131660364,250,1,55,53.94208071498211,56.45933014354066,72,50.0772797527048,397,0,0,31,True,2,0,True,67,confirmation38,398,cost_h_full_postfilter,398,398,oracle_aabb,data39-1,0,0,0,bytetrack,True,647
58.16400762725647,50.915650131660364,250,1,55,53.94776464205102,57.0334928229665,71,50.23183925811438,397,0,0,33,True,2,0,True,67,confirmation38,398,cost_h_full_reassign,398,398,oracle_aabb,data39-1,0,0,0,bytetrack,True,647
58.032493294114005,50.915650131660364,250,1,55,53.88546761235817,56.84210526315789,70,50.38639876352396,397,0,0,40,True,2,0,True,67,confirmation38,398,cost_h_soft_information,398,398,oracle_aabb,data39-1,0,0,0,bytetrack,True,647
58.16400762725647,50.915650131660364,250,1,55,53.94776464205102,57.0334928229665,71,50.23183925811438,397,0,0,33,True,2,0,True,67,confirmation38,398,path_g_full_reassign,398,398,oracle_aabb,data39-1,0,0,0,bytetrack,True,647
81.79174276719974,38.33075734157651,399,0,10,55.9923159420485,52.513966480446925,12,36.476043276661514,248,0,0,0,True,2,0,True,20,confirmation38,248,no_refinement,248,248,oracle_aabb,data39-1,0,0,0,ocsort,True,647
81.73458182287241,38.33075734157651,399,0,10,55.972747138833135,52.06703910614525,10,36.78516228748068,248,2,6,0,True,2,0,True,20,confirmation38,248,ace_v1,248,248,oracle_aabb,data39-1,3,2,3,ocsort,True,647
81.84151244102115,38.33075734157651,399,0,10,56.00934880753744,52.513966480446925,9,36.93972179289026,248,2,6,0,True,2,0,True,20,confirmation38,248,cost_r,248,248,oracle_aabb,data39-1,2,2,4,ocsort,True,647
81.75410094071293,38.33075734157651,399,0,10,55.979430193931236,51.84357541899441,9,36.93972179289026,248,2,8,0,True,2,0,True,20,confirmation38,248,cost_g_legacy,248,248,oracle_aabb,data39-1,3,2,5,ocsort,True,647
81.83552847200251,38.33075734157651,399,0,10,56.00730116493743,51.84357541899441,8,37.09428129829985,248,3,8,0,True,2,0,True,20,confirmation38,248,cost_h,248,248,oracle_aabb,data39-1,3,3,5,ocsort,True,647
81.75410094071293,38.33075734157651,399,0,10,55.979430193931236,51.84357541899441,9,36.93972179289026,248,2,8,0,True,2,0,True,20,confirmation38,248,path_g,248,248,oracle_aabb,data39-1,3,2,5,ocsort,True,647
81.81265547455808,38.33075734157651,399,0,10,55.9994736088232,52.06703910614525,9,36.93972179289026,248,2,7,0,True,2,0,True,20,confirmation38,248,cost_h_margin_reassign,248,248,oracle_aabb,data39-1,2,2,5,ocsort,True,647
81.83552847200251,38.33075734157651,399,0,10,56.00730116493743,51.84357541899441,8,37.09428129829985,248,3,8,0,True,2,0,True,20,confirmation38,248,cost_h_motion_reassign,248,248,oracle_aabb,data39-1,3,3,5,ocsort,True,647
81.8492435520438,38.33075734157651,399,0,10,56.01199419039627,52.513966480446925,9,36.93972179289026,248,2,5,0,True,2,0,True,20,confirmation38,248,cost_h_full_postfilter,248,248,oracle_aabb,data39-1,2,2,3,ocsort,True,647
81.84151244102115,38.33075734157651,399,0,10,56.00934880753744,52.513966480446925,9,36.93972179289026,248,2,6,0,True,2,0,True,20,confirmation38,248,cost_h_full_reassign,248,248,oracle_aabb,data39-1,2,2,4,ocsort,True,647
81.77284874074215,38.33075734157651,399,0,10,55.98584841020834,51.62011173184358,8,37.09428129829985,248,3,8,0,True,2,0,True,20,confirmation38,248,cost_h_soft_information,248,248,oracle_aabb,data39-1,3,3,5,ocsort,True,647
81.84151244102115,38.33075734157651,399,0,10,56.00934880753744,52.513966480446925,9,36.93972179289026,248,2,6,0,True,2,0,True,20,confirmation38,248,path_g_full_reassign,248,248,oracle_aabb,data39-1,2,2,4,ocsort,True,647
75.04994449095986,73.10664605873262,174,0,13,74.0719226740344,78.39285714285714,11,71.4064914992272,473,0,0,0,True,2,0,True,26,confirmation38,473,no_refinement,473,473,oracle_aabb,data39-1,0,0,0,deepocsort,True,647
74.86128980951307,73.10664605873262,174,0,13,73.97876599135917,78.03571428571429,10,71.5610510046368,473,0,4,0,True,2,0,True,26,confirmation38,473,ace_v1,473,473,oracle_aabb,data39-1,1,0,3,deepocsort,True,647
76.12506167035266,73.10664605873262,174,0,13,74.60058940607418,79.10714285714285,8,71.87017001545595,473,2,3,0,True,2,0,True,26,confirmation38,473,cost_r,473,473,oracle_aabb,data39-1,1,2,2,deepocsort,True,647
74.26130975047606,73.10664605873262,174,0,13,73.68171610234089,76.60714285714286,8,71.87017001545595,473,2,8,0,True,2,0,True,26,confirmation38,473,cost_g_legacy,473,473,oracle_aabb,data39-1,1,2,7,deepocsort,True,647
75.25602236765923,73.10664605873262,174,0,13,74.17354913323567,78.39285714285714,6,72.17928902627511,473,4,5,0,True,2,0,True,26,confirmation38,473,cost_h,473,473,oracle_aabb,data39-1,1,4,4,deepocsort,True,647
75.14949324488441,73.10664605873262,174,0,13,74.12103213087956,78.21428571428571,8,71.87017001545595,473,2,7,0,True,2,0,True,26,confirmation38,473,path_g,473,473,oracle_aabb,data39-1,1,2,6,deepocsort,True,647
75.19111588626225,73.10664605873262,174,0,13,74.14155579604545,78.21428571428571,8,71.87017001545595,473,2,6,0,True,2,0,True,26,confirmation38,473,cost_h_margin_reassign,473,473,oracle_aabb,data39-1,1,2,5,deepocsort,True,647
75.25602236765923,73.10664605873262,174,0,13,74.17354913323567,78.39285714285714,6,72.17928902627511,473,4,5,0,True,2,0,True,26,confirmation38,473,cost_h_motion_reassign,473,473,oracle_aabb,data39-1,1,4,4,deepocsort,True,647
75.72492283683131,73.10664605873262,174,0,13,74.4042682354787,78.92857142857143,8,71.87017001545595,473,2,3,0,True,2,0,True,26,confirmation38,473,cost_h_full_postfilter,473,473,oracle_aabb,data39-1,1,2,2,deepocsort,True,647
75.36188920430384,73.10664605873262,174,0,13,74.22570282844389,78.21428571428571,8,71.87017001545595,473,2,4,0,True,2,0,True,26,confirmation38,473,cost_h_full_reassign,473,473,oracle_aabb,data39-1,1,2,3,deepocsort,True,647
75.14949324488441,73.10664605873262,174,0,13,74.12103213087956,78.21428571428571,8,71.87017001545595,473,2,7,0,True,2,0,True,26,confirmation38,473,cost_h_soft_information,473,473,oracle_aabb,data39-1,1,2,6,deepocsort,True,647
75.36188920430384,73.10664605873262,174,0,13,74.22570282844389,78.21428571428571,8,71.87017001545595,473,2,4,0,True,2,0,True,26,confirmation38,473,path_g_full_reassign,473,473,oracle_aabb,data39-1,1,2,3,deepocsort,True,647
5.092752015652289,11.809821024288757,395,0,25,7.6993173504116825,8.695652173913043,40,5.844155844155844,67,0,0,0,True,1,0,True,39,confirmation38,67,no_refinement,67,67,oracle_aabb,data39-2,0,0,0,bytetrack,True,462
7.455893916597607,11.809821024288757,395,0,25,9.358162695427062,10.964083175803403,24,9.307359307359308,67,0,1,17,True,1,0,True,39,confirmation38,67,ace_v1,67,67,oracle_aabb,data39-2,0,0,1,bytetrack,True,462
7.720341103671699,11.809821024288757,395,0,25,9.525271043596986,12.476370510396976,20,10.173160173160174,67,0,1,19,True,1,0,True,39,confirmation38,67,cost_r,67,67,oracle_aabb,data39-2,0,0,1,bytetrack,True,462
9.197077939716545,11.809821024288757,395,0,25,10.404032231814442,14.744801512287333,20,10.173160173160174,67,0,1,20,True,1,0,True,39,confirmation38,67,cost_g_legacy,67,67,oracle_aabb,data39-2,0,0,1,bytetrack,True,462
8.190647345295595,11.809821024288757,395,0,25,9.814759130291069,13.23251417769376,20,10.173160173160174,67,0,1,20,True,1,0,True,39,confirmation38,67,cost_h,67,67,oracle_aabb,data39-2,0,0,1,bytetrack,True,462
9.197077939716545,11.809821024288757,395,0,25,10.404032231814442,14.744801512287333,20,10.173160173160174,67,0,1,20,True,1,0,True,39,confirmation38,67,path_g,67,67,oracle_aabb,data39-2,0,0,1,bytetrack,True,462
7.720341103671699,11.809821024288757,395,0,25,9.525271043596986,12.476370510396976,20,10.173160173160174,67,0,1,19,True,1,0,True,39,confirmation38,67,cost_h_margin_reassign,67,67,oracle_aabb,data39-2,0,0,1,bytetrack,True,462
8.190647345295595,11.809821024288757,395,0,25,9.814759130291069,13.23251417769376,20,10.173160173160174,67,0,1,20,True,1,0,True,39,confirmation38,67,cost_h_motion_reassign,67,67,oracle_aabb,data39-2,0,0,1,bytetrack,True,462
7.892894997228455,11.809821024288757,395,0,25,9.632390207765065,12.854442344045369,20,10.173160173160174,67,0,1,19,True,1,0,True,39,confirmation38,67,cost_h_full_postfilter,67,67,oracle_aabb,data39-2,0,0,1,bytetrack,True,462
7.720341103671699,11.809821024288757,395,0,25,9.525271043596986,12.476370510396976,20,10.173160173160174,67,0,1,19,True,1,0,True,39,confirmation38,67,cost_h_full_reassign,67,67,oracle_aabb,data39-2,0,0,1,bytetrack,True,462
9.197077939716545,11.809821024288757,395,0,25,10.404032231814442,14.744801512287333,20,10.173160173160174,67,0,1,20,True,1,0,True,39,confirmation38,67,cost_h_soft_information,67,67,oracle_aabb,data39-2,0,0,1,bytetrack,True,462
7.720341103671699,11.809821024288757,395,0,25,9.525271043596986,12.476370510396976,20,10.173160173160174,67,0,1,19,True,1,0,True,39,confirmation38,67,path_g_full_reassign,67,67,oracle_aabb,data39-2,0,0,1,bytetrack,True,462
5.883434781560239,9.956709956709958,416,0,6,7.653734622340555,11.023622047244094,16,6.493506493506493,46,0,0,0,True,1,0,True,10,confirmation38,46,no_refinement,46,46,oracle_aabb,data39-2,0,0,0,ocsort,True,462
6.882704239563106,9.956709956709958,416,0,6,8.27822987305546,12.598425196850393,10,7.792207792207792,46,7,2,0,True,1,0,True,10,confirmation38,46,ace_v1,46,46,oracle_aabb,data39-2,2,6,1,ocsort,True,462
7.310592426611508,9.956709956709958,416,0,6,8.531673247581109,13.385826771653544,9,8.008658008658008,46,8,1,0,True,1,0,True,10,confirmation38,46,cost_r,46,46,oracle_aabb,data39-2,2,7,0,ocsort,True,462
7.310592426611508,9.956709956709958,416,0,6,8.531673247581109,13.385826771653544,9,8.008658008658008,46,8,1,0,True,1,0,True,10,confirmation38,46,cost_g_legacy,46,46,oracle_aabb,data39-2,2,7,0,ocsort,True,462
7.310592426611508,9.956709956709958,416,0,6,8.531673247581109,13.385826771653544,9,8.008658008658008,46,8,1,0,True,1,0,True,10,confirmation38,46,cost_h,46,46,oracle_aabb,data39-2,2,7,0,ocsort,True,462
7.310592426611508,9.956709956709958,416,0,6,8.531673247581109,13.385826771653544,9,8.008658008658008,46,8,1,0,True,1,0,True,10,confirmation38,46,path_g,46,46,oracle_aabb,data39-2,2,7,0,ocsort,True,462
7.310592426611508,9.956709956709958,416,0,6,8.531673247581109,13.385826771653544,9,8.008658008658008,46,8,1,0,True,1,0,True,10,confirmation38,46,cost_h_margin_reassign,46,46,oracle_aabb,data39-2,2,7,0,ocsort,True,462
7.310592426611508,9.956709956709958,416,0,6,8.531673247581109,13.385826771653544,9,8.008658008658008,46,8,1,0,True,1,0,True,10,confirmation38,46,cost_h_motion_reassign,46,46,oracle_aabb,data39-2,2,7,0,ocsort,True,462
7.310592426611508,9.956709956709958,416,0,6,8.531673247581109,13.385826771653544,9,8.008658008658008,46,8,1,0,True,1,0,True,10,confirmation38,46,cost_h_full_postfilter,46,46,oracle_aabb,data39-2,2,7,0,ocsort,True,462
7.310592426611508,9.956709956709958,416,0,6,8.531673247581109,13.385826771653544,9,8.008658008658008,46,8,1,0,True,1,0,True,10,confirmation38,46,cost_h_full_reassign,46,46,oracle_aabb,data39-2,2,7,0,ocsort,True,462
7.310592426611508,9.956709956709958,416,0,6,8.531673247581109,13.385826771653544,9,8.008658008658008,46,8,1,0,True,1,0,True,10,confirmation38,46,cost_h_soft_information,46,46,oracle_aabb,data39-2,2,7,0,ocsort,True,462
7.310592426611508,9.956709956709958,416,0,6,8.531673247581109,13.385826771653544,9,8.008658008658008,46,8,1,0,True,1,0,True,10,confirmation38,46,path_g_full_reassign,46,46,oracle_aabb,data39-2,2,7,0,ocsort,True,462
82.81982641871348,94.5887445887446,25,0,6,88.50888886436124,87.65294771968854,7,93.07359307359307,437,0,0,0,True,1,0,True,10,confirmation38,437,no_refinement,437,437,oracle_aabb,data39-2,0,0,0,deepocsort,True,462
86.43504732865811,94.5887445887446,25,0,6,90.42003436897431,90.98998887652948,4,93.72294372294373,437,3,0,0,True,1,0,True,10,confirmation38,437,ace_v1,437,437,oracle_aabb,data39-2,0,3,0,deepocsort,True,462
86.43504732865811,94.5887445887446,25,0,6,90.42003436897431,90.98998887652948,4,93.72294372294373,437,3,0,0,True,1,0,True,10,confirmation38,437,cost_r,437,437,oracle_aabb,data39-2,0,3,0,deepocsort,True,462
86.43504732865811,94.5887445887446,25,0,6,90.42003436897431,90.98998887652948,4,93.72294372294373,437,3,0,0,True,1,0,True,10,confirmation38,437,cost_g_legacy,437,437,oracle_aabb,data39-2,0,3,0,deepocsort,True,462
86.43504732865811,94.5887445887446,25,0,6,90.42003436897431,90.98998887652948,4,93.72294372294373,437,3,0,0,True,1,0,True,10,confirmation38,437,cost_h,437,437,oracle_aabb,data39-2,0,3,0,deepocsort,True,462
86.43504732865811,94.5887445887446,25,0,6,90.42003436897431,90.98998887652948,4,93.72294372294373,437,3,0,0,True,1,0,True,10,confirmation38,437,path_g,437,437,oracle_aabb,data39-2,0,3,0,deepocsort,True,462
86.43504732865811,94.5887445887446,25,0,6,90.42003436897431,90.98998887652948,4,93.72294372294373,437,3,0,0,True,1,0,True,10,confirmation38,437,cost_h_margin_reassign,437,437,oracle_aabb,data39-2,0,3,0,deepocsort,True,462
86.43504732865811,94.5887445887446,25,0,6,90.42003436897431,90.98998887652948,4,93.72294372294373,437,3,0,0,True,1,0,True,10,confirmation38,437,cost_h_motion_reassign,437,437,oracle_aabb,data39-2,0,3,0,deepocsort,True,462
86.43504732865811,94.5887445887446,25,0,6,90.42003436897431,90.98998887652948,4,93.72294372294373,437,3,0,0,True,1,0,True,10,confirmation38,437,cost_h_full_postfilter,437,437,oracle_aabb,data39-2,0,3,0,deepocsort,True,462
86.43504732865811,94.5887445887446,25,0,6,90.42003436897431,90.98998887652948,4,93.72294372294373,437,3,0,0,True,1,0,True,10,confirmation38,437,cost_h_full_reassign,437,437,oracle_aabb,data39-2,0,3,0,deepocsort,True,462
86.43504732865811,94.5887445887446,25,0,6,90.42003436897431,90.98998887652948,4,93.72294372294373,437,3,0,0,True,1,0,True,10,confirmation38,437,cost_h_soft_information,437,437,oracle_aabb,data39-2,0,3,0,deepocsort,True,462
86.43504732865811,94.5887445887446,25,0,6,90.42003436897431,90.98998887652948,4,93.72294372294373,437,3,0,0,True,1,0,True,10,confirmation38,437,path_g_full_reassign,437,437,oracle_aabb,data39-2,0,3,0,deepocsort,True,462
5.251174290570663,19.613011293427864,951,1,141,9.989224519466095,10.175879396984925,192,9.99213217938631,320,0,0,0,True,1,0,True,161,confirmation38,321,no_refinement,321,321,oracle_aabb,data39-3,0,0,0,bytetrack,True,1271
7.262382259827815,19.613011293427864,951,1,141,11.79335743365816,14.321608040201006,155,12.903225806451612,320,4,0,49,True,1,0,True,161,confirmation38,321,ace_v1,321,321,oracle_aabb,data39-3,0,4,0,bytetrack,True,1271
8.770661366191662,19.613011293427864,951,1,141,12.997204290138633,15.954773869346733,150,13.296616837136114,320,5,1,52,True,1,0,True,161,confirmation38,321,cost_r,321,321,oracle_aabb,data39-3,0,5,1,bytetrack,True,1271
12.535564669356544,19.613011293427864,951,1,141,15.585584033026132,20.728643216080403,130,14.870180959874116,320,5,1,71,True,1,0,True,161,confirmation38,321,cost_g_legacy,321,321,oracle_aabb,data39-3,0,5,1,bytetrack,True,1271
10.685721337832028,19.613011293427864,951,1,141,14.358445608405953,17.713567839195978,145,13.690007867820613,320,5,0,68,True,1,0,True,161,confirmation38,321,cost_h,321,321,oracle_aabb,data39-3,0,5,0,bytetrack,True,1271
11.15536786952153,19.613011293427864,951,1,141,14.680759471129843,18.341708542713565,145,13.690007867820613,320,5,1,63,True,1,0,True,161,confirmation38,321,path_g,321,321,oracle_aabb,data39-3,0,5,1,bytetrack,True,1271
9.324598467780106,19.613011293427864,951,1,141,13.414219567119392,17.08542713567839,147,13.532651455546812,320,5,1,58,True,1,0,True,161,confirmation38,321,cost_h_margin_reassign,321,321,oracle_aabb,data39-3,0,5,1,bytetrack,True,1271
10.685721337832028,19.613011293427864,951,1,141,14.358445608405953,17.713567839195978,145,13.690007867820613,320,5,0,68,True,1,0,True,161,confirmation38,321,cost_h_motion_reassign,321,321,oracle_aabb,data39-3,0,5,0,bytetrack,True,1271
7.942274097158824,19.613011293427864,951,1,141,12.33592376827923,14.698492462311558,150,13.296616837136114,320,5,0,50,True,1,0,True,161,confirmation38,321,cost_h_full_postfilter,321,321,oracle_aabb,data39-3,0,5,0,bytetrack,True,1271
8.894940890631457,19.613011293427864,951,1,141,13.09382557339056,16.331658291457288,150,13.296616837136114,320,5,1,54,True,1,0,True,161,confirmation38,321,cost_h_full_reassign,321,321,oracle_aabb,data39-3,0,5,1,bytetrack,True,1271
10.544855051073954,19.613011293427864,951,1,141,14.256743894998156,17.587939698492463,144,13.768686073957515,320,5,1,64,True,1,0,True,161,confirmation38,321,cost_h_soft_information,321,321,oracle_aabb,data39-3,0,5,1,bytetrack,True,1271
8.801641821523946,19.613011293427864,951,1,141,13.021313654155511,15.954773869346733,149,13.375295043273013,320,5,1,53,True,1,0,True,161,confirmation38,321,path_g_full_reassign,321,321,oracle_aabb,data39-3,0,5,1,bytetrack,True,1271
6.685965585472335,5.428796223446105,1202,0,8,6.024677976498234,4.626865671641791,32,2.911093627065303,69,0,0,0,True,1,0,True,44,confirmation38,69,no_refinement,69,69,oracle_aabb,data39-3,0,0,0,ocsort,True,1271
7.9539302587546015,5.428796223446105,1202,0,8,6.571169344209651,6.567164179104477,19,3.9339103068450036,69,13,6,0,True,1,0,True,44,confirmation38,69,ace_v1,69,69,oracle_aabb,data39-3,1,13,5,ocsort,True,1271
8.2490072728616,5.428796223446105,1202,0,8,6.691948858896827,7.164179104477612,15,4.248623131392605,69,17,4,0,True,1,0,True,44,confirmation38,69,cost_r,69,69,oracle_aabb,data39-3,2,16,3,ocsort,True,1271
12.995201980154702,5.428796223446105,1202,0,8,8.399303746905646,8.358208955223882,13,4.405979543666405,69,19,6,0,True,1,0,True,44,confirmation38,69,cost_g_legacy,69,69,oracle_aabb,data39-3,2,18,5,ocsort,True,1271
13.155000222332811,5.428796223446105,1202,0,8,8.45078786424278,8.656716417910449,11,4.563335955940205,69,21,4,0,True,1,0,True,44,confirmation38,69,cost_h,69,69,oracle_aabb,data39-3,2,20,3,ocsort,True,1271
12.995201980154702,5.428796223446105,1202,0,8,8.399303746905646,8.358208955223882,13,4.405979543666405,69,19,6,0,True,1,0,True,44,confirmation38,69,path_g,69,69,oracle_aabb,data39-3,2,18,5,ocsort,True,1271
13.156560134647869,5.428796223446105,1202,0,8,8.451288894157978,8.656716417910449,11,4.563335955940205,69,21,3,0,True,1,0,True,44,confirmation38,69,cost_h_margin_reassign,69,69,oracle_aabb,data39-3,2,20,2,ocsort,True,1271
13.155000222332811,5.428796223446105,1202,0,8,8.45078786424278,8.656716417910449,11,4.563335955940205,69,21,4,0,True,1,0,True,44,confirmation38,69,cost_h_motion_reassign,69,69,oracle_aabb,data39-3,2,20,3,ocsort,True,1271
8.250567185176658,5.428796223446105,1202,0,8,6.692581562907949,7.164179104477612,15,4.248623131392605,69,17,3,0,True,1,0,True,44,confirmation38,69,cost_h_full_postfilter,69,69,oracle_aabb,data39-3,2,16,2,ocsort,True,1271
8.2490072728616,5.428796223446105,1202,0,8,6.691948858896827,7.164179104477612,15,4.248623131392605,69,17,4,0,True,1,0,True,44,confirmation38,69,cost_h_full_reassign,69,69,oracle_aabb,data39-3,2,16,3,ocsort,True,1271
13.155000222332811,5.428796223446105,1202,0,8,8.45078786424278,8.656716417910449,11,4.563335955940205,69,21,4,0,True,1,0,True,44,confirmation38,69,cost_h_soft_information,69,69,oracle_aabb,data39-3,2,20,3,ocsort,True,1271
8.2490072728616,5.428796223446105,1202,0,8,6.691948858896827,7.164179104477612,15,4.248623131392605,69,17,4,0,True,1,0,True,44,confirmation38,69,path_g_full_reassign,69,69,oracle_aabb,data39-3,2,16,3,ocsort,True,1271
77.83802693607673,89.3784421715185,135,0,17,83.40888195660719,81.34607395097632,17,88.04091266719118,1136,0,0,0,True,1,0,True,38,confirmation38,1136,no_refinement,1136,1136,oracle_aabb,data39-3,0,0,0,deepocsort,True,1271
80.50437749656307,89.3784421715185,135,0,17,84.82544340367845,84.58662235147486,9,88.67033831628639,1136,8,1,0,True,1,0,True,38,confirmation38,1136,ace_v1,1136,1136,oracle_aabb,data39-3,0,8,1,deepocsort,True,1271
80.83342281855417,89.3784421715185,135,0,17,84.998620029469,84.58662235147486,9,88.67033831628639,1136,8,1,0,True,1,0,True,38,confirmation38,1136,cost_r,1136,1136,oracle_aabb,data39-3,0,8,1,deepocsort,True,1271
80.83342281855417,89.3784421715185,135,0,17,84.998620029469,84.58662235147486,9,88.67033831628639,1136,8,1,0,True,1,0,True,38,confirmation38,1136,cost_g_legacy,1136,1136,oracle_aabb,data39-3,0,8,1,deepocsort,True,1271
80.83342281855417,89.3784421715185,135,0,17,84.998620029469,84.58662235147486,9,88.67033831628639,1136,8,1,0,True,1,0,True,38,confirmation38,1136,cost_h,1136,1136,oracle_aabb,data39-3,0,8,1,deepocsort,True,1271
80.83342281855417,89.3784421715185,135,0,17,84.998620029469,84.58662235147486,9,88.67033831628639,1136,8,1,0,True,1,0,True,38,confirmation38,1136,path_g,1136,1136,oracle_aabb,data39-3,0,8,1,deepocsort,True,1271
80.83342281855417,89.3784421715185,135,0,17,84.998620029469,84.58662235147486,9,88.67033831628639,1136,8,1,0,True,1,0,True,38,confirmation38,1136,cost_h_margin_reassign,1136,1136,oracle_aabb,data39-3,0,8,1,deepocsort,True,1271
80.50437749656307,89.3784421715185,135,0,17,84.82544340367845,84.58662235147486,9,88.67033831628639,1136,8,1,0,True,1,0,True,38,confirmation38,1136,cost_h_motion_reassign,1136,1136,oracle_aabb,data39-3,0,8,1,deepocsort,True,1271
81.4689304188104,89.3784421715185,135,0,17,85.33209294405658,85.58371416701289,9,88.67033831628639,1136,8,0,0,True,1,0,True,38,confirmation38,1136,cost_h_full_postfilter,1136,1136,oracle_aabb,data39-3,0,8,0,deepocsort,True,1271
80.50437749656307,89.3784421715185,135,0,17,84.82544340367845,84.58662235147486,9,88.67033831628639,1136,8,1,0,True,1,0,True,38,confirmation38,1136,cost_h_full_reassign,1136,1136,oracle_aabb,data39-3,0,8,1,deepocsort,True,1271
80.83342281855417,89.3784421715185,135,0,17,84.998620029469,84.58662235147486,9,88.67033831628639,1136,8,1,0,True,1,0,True,38,confirmation38,1136,cost_h_soft_information,1136,1136,oracle_aabb,data39-3,0,8,1,deepocsort,True,1271
80.50437749656307,89.3784421715185,135,0,17,84.82544340367845,84.58662235147486,9,88.67033831628639,1136,8,1,0,True,1,0,True,38,confirmation38,1136,path_g_full_reassign,1136,1136,oracle_aabb,data39-3,0,8,1,deepocsort,True,1271
51.92193696785892,56.388094953922696,701,4,132,53.90975383476038,53.3014639976098,203,55.093966369930754,1321,0,0,0,True,4,0,True,163,confirmation38,1325,no_refinement,1325,1325,oracle_aabb,data39-6,0,0,0,bytetrack,True,2022
52.19692558571032,56.388094953922696,701,4,132,54.057210884944574,54.31729907379743,170,56.726013847675574,1321,1,2,52,True,4,0,True,163,confirmation38,1325,ace_v1,1325,1325,oracle_aabb,data39-6,0,1,2,bytetrack,True,2022
52.49091445850078,56.388094953922696,701,4,132,54.214038718857374,55.39288915446669,154,57.51730959446093,1321,2,2,58,True,4,0,True,163,confirmation38,1325,cost_r,1325,1325,oracle_aabb,data39-6,0,2,2,bytetrack,True,2022
53.30190538548638,56.388094953922696,701,4,132,54.643201440154,57.842844338213325,125,58.95153313550939,1321,2,2,86,True,4,0,True,163,confirmation38,1325,cost_g_legacy,1325,1325,oracle_aabb,data39-6,0,2,2,bytetrack,True,2022
53.11104854445089,56.335658662630586,701,4,132,54.51817442371373,57.5440693158052,144,58.01186943620178,1321,2,1,85,True,4,0,True,163,confirmation38,1325,cost_h,1325,1325,oracle_aabb,data39-6,0,2,1,bytetrack,True,2022
52.813889479061224,56.335658662630586,701,4,132,54.36028205858295,56.46847923513594,147,57.86350148367953,1321,2,2,76,True,4,0,True,163,confirmation38,1325,path_g,1325,1325,oracle_aabb,data39-6,0,2,2,bytetrack,True,2022
52.7842295349562,56.335658662630586,701,4,132,54.344509965650865,56.46847923513594,148,57.81404549950544,1321,2,2,68,True,4,0,True,163,confirmation38,1325,cost_h_margin_reassign,1325,1325,oracle_aabb,data39-6,0,2,2,bytetrack,True,2022
53.103898972377415,56.335658662630586,701,4,132,54.51441096437903,57.5440693158052,143,58.061325420375866,1321,2,1,85,True,4,0,True,163,confirmation38,1325,cost_h_motion_reassign,1325,1325,oracle_aabb,data39-6,0,2,1,bytetrack,True,2022
52.69058532755866,56.335658662630586,701,4,132,54.29433312637902,56.229459217209445,154,57.51730959446093,1321,2,1,58,True,4,0,True,163,confirmation38,1325,cost_h_full_postfilter,1325,1325,oracle_aabb,data39-6,0,2,1,bytetrack,True,2022
52.67007522857027,56.335658662630586,701,4,132,54.2835257383104,56.05019420376457,151,57.66567754698318,1321,2,2,65,True,4,0,True,163,confirmation38,1325,cost_h_full_reassign,1325,1325,oracle_aabb,data39-6,0,2,2,bytetrack,True,2022
52.90000855226909,56.335658662630586,701,4,132,54.40606461964869,57.06602927995219,147,57.86350148367953,1321,2,2,81,True,4,0,True,163,confirmation38,1325,cost_h_soft_information,1325,1325,oracle_aabb,data39-6,0,2,2,bytetrack,True,2022
52.67007522857027,56.335658662630586,701,4,132,54.2835257383104,56.05019420376457,151,57.66567754698318,1321,2,2,65,True,4,0,True,163,confirmation38,1325,path_g_full_reassign,1325,1325,oracle_aabb,data39-6,0,2,2,bytetrack,True,2022
63.93955097027996,52.37388724035609,963,0,24,57.86849602950161,54.26809477442389,56,49.604352126607324,1059,0,0,0,True,4,0,True,71,confirmation38,1059,no_refinement,1059,1059,oracle_aabb,data39-6,0,0,0,ocsort,True,2022
64.33241145532446,52.37388724035609,963,0,24,58.04600299298268,55.371632586822464,38,50.49455984174085,1059,16,12,0,True,4,0,True,71,confirmation38,1059,ace_v1,1059,1059,oracle_aabb,data39-6,3,15,10,ocsort,True,2022
64.72786804009087,52.37388724035609,963,0,24,58.22413642159382,55.82603050957481,32,50.79129574678536,1059,22,7,0,True,4,0,True,71,confirmation38,1059,cost_r,1059,1059,oracle_aabb,data39-6,4,22,3,ocsort,True,2022
64.75019364296847,52.37388724035609,963,0,24,58.23417674053658,55.95585848750406,30,50.89020771513353,1059,24,10,0,True,4,0,True,71,confirmation38,1059,cost_g_legacy,1059,1059,oracle_aabb,data39-6,5,23,6,ocsort,True,2022
64.73915499459095,52.37388724035609,963,0,24,58.22921263182804,55.89094449853943,31,50.84075173095945,1059,23,11,0,True,4,0,True,71,confirmation38,1059,cost_h,1059,1059,oracle_aabb,data39-6,4,22,8,ocsort,True,2022
64.73501110739636,52.37388724035609,963,0,24,58.22734900578915,55.89094449853943,31,50.84075173095945,1059,23,10,0,True,4,0,True,71,confirmation38,1059,path_g,1059,1059,oracle_aabb,data39-6,4,23,6,ocsort,True,2022
64.73924542250417,52.37388724035609,963,0,24,58.22925329921353,55.89094449853943,31,50.84075173095945,1059,23,9,0,True,4,0,True,71,confirmation38,1059,cost_h_margin_reassign,1059,1059,oracle_aabb,data39-6,4,22,6,ocsort,True,2022
64.73915499459095,52.37388724035609,963,0,24,58.22921263182804,55.89094449853943,31,50.84075173095945,1059,23,11,0,True,4,0,True,71,confirmation38,1059,cost_h_motion_reassign,1059,1059,oracle_aabb,data39-6,4,22,8,ocsort,True,2022
64.7395017043973,52.37388724035609,963,0,24,58.22936855456141,55.89094449853943,31,50.84075173095945,1059,23,7,0,True,4,0,True,71,confirmation38,1059,cost_h_full_postfilter,1059,1059,oracle_aabb,data39-6,4,22,4,ocsort,True,2022
64.7395017043973,52.37388724035609,963,0,24,58.22936855456141,55.89094449853943,31,50.84075173095945,1059,23,7,0,True,4,0,True,71,confirmation38,1059,cost_h_full_reassign,1059,1059,oracle_aabb,data39-6,4,22,4,ocsort,True,2022
64.7929351948654,52.37388724035609,963,0,24,58.25339373691097,55.95585848750406,29,50.939663699307616,1059,23,11,0,True,4,0,True,71,confirmation38,1059,cost_h_soft_information,1059,1059,oracle_aabb,data39-6,4,22,8,ocsort,True,2022
64.72786804009087,52.37388724035609,963,0,24,58.22413642159382,55.82603050957481,32,50.79129574678536,1059,22,7,0,True,4,0,True,71,confirmation38,1059,path_g_full_reassign,1059,1059,oracle_aabb,data39-6,4,22,3,ocsort,True,2022
85.69913667602454,92.53214638971315,151,0,13,89.05012667244183,90.47007449267916,12,91.93867457962413,1871,0,0,0,True,4,0,True,36,confirmation38,1871,no_refinement,1871,1871,oracle_aabb,data39-6,0,0,0,deepocsort,True,2022
87.18748581477428,92.53214638971315,151,0,13,89.82007125784153,91.65168250706395,9,92.08704253214638,1871,3,0,0,True,4,0,True,36,confirmation38,1871,ace_v1,1871,1871,oracle_aabb,data39-6,0,3,0,deepocsort,True,2022
87.18748581477428,92.53214638971315,151,0,13,89.82007125784153,91.65168250706395,9,92.08704253214638,1871,3,0,0,True,4,0,True,36,confirmation38,1871,cost_r,1871,1871,oracle_aabb,data39-6,0,3,0,deepocsort,True,2022
86.93958876176315,92.53214638971315,151,0,13,89.69228926928405,91.65168250706395,9,92.08704253214638,1871,3,1,0,True,4,0,True,36,confirmation38,1871,cost_g_legacy,1871,1871,oracle_aabb,data39-6,0,3,1,deepocsort,True,2022
86.93958876176315,92.53214638971315,151,0,13,89.69228926928405,91.65168250706395,9,92.08704253214638,1871,3,1,0,True,4,0,True,36,confirmation38,1871,cost_h,1871,1871,oracle_aabb,data39-6,0,3,1,deepocsort,True,2022
86.93958876176315,92.53214638971315,151,0,13,89.69228926928405,91.65168250706395,9,92.08704253214638,1871,3,1,0,True,4,0,True,36,confirmation38,1871,path_g,1871,1871,oracle_aabb,data39-6,0,3,1,deepocsort,True,2022
86.93958876176315,92.53214638971315,151,0,13,89.69228926928405,91.65168250706395,9,92.08704253214638,1871,3,1,0,True,4,0,True,36,confirmation38,1871,cost_h_margin_reassign,1871,1871,oracle_aabb,data39-6,0,3,1,deepocsort,True,2022
86.41109716306322,92.53214638971315,151,0,13,89.41926130531549,91.29206267659903,10,92.03758654797231,1871,2,1,0,True,4,0,True,36,confirmation38,1871,cost_h_motion_reassign,1871,1871,oracle_aabb,data39-6,0,2,1,deepocsort,True,2022
86.65707156395058,92.53214638971315,151,0,13,89.54643952530621,91.29206267659903,10,92.03758654797231,1871,2,0,0,True,4,0,True,36,confirmation38,1871,cost_h_full_postfilter,1871,1871,oracle_aabb,data39-6,0,2,0,deepocsort,True,2022
86.41109716306322,92.53214638971315,151,0,13,89.41926130531549,91.29206267659903,10,92.03758654797231,1871,2,1,0,True,4,0,True,36,confirmation38,1871,cost_h_full_reassign,1871,1871,oracle_aabb,data39-6,0,2,1,deepocsort,True,2022
86.11713377108799,92.53214638971315,151,0,13,89.26703326967254,91.29206267659903,10,92.03758654797231,1871,2,2,0,True,4,0,True,36,confirmation38,1871,cost_h_soft_information,1871,1871,oracle_aabb,data39-6,0,2,2,deepocsort,True,2022
86.41109716306322,92.53214638971315,151,0,13,89.41926130531549,91.29206267659903,10,92.03758654797231,1871,2,1,0,True,4,0,True,36,confirmation38,1871,path_g_full_reassign,1871,1871,oracle_aabb,data39-6,0,2,1,deepocsort,True,2022
64.36335587695643,36.962614257150065,352,0,12,48.735875493393046,55.45657015590201,20,40.48,273,0,0,0,True,5,0,True,26,confirmation38,273,no_refinement,273,273,oracle_aabb,data40-3,0,0,0,bytetrack,True,625
65.31872784887479,36.962614257150065,352,0,12,49.10141247766,56.57015590200446,16,41.120000000000005,273,0,0,6,True,5,0,True,26,confirmation38,273,ace_v1,273,273,oracle_aabb,data40-3,0,0,0,bytetrack,True,625
64.51062253173102,36.962614257150065,352,0,12,48.79233203359938,56.347438752783965,15,41.28,273,0,0,8,True,5,0,True,26,confirmation38,273,cost_r,273,273,oracle_aabb,data40-3,0,0,0,bytetrack,True,625
65.72740497354904,36.962614257150065,352,0,12,49.25608062790694,57.23830734966593,12,41.760000000000005,273,0,0,9,True,5,0,True,26,confirmation38,273,cost_g_legacy,273,273,oracle_aabb,data40-3,0,0,0,bytetrack,True,625
64.51062253173102,36.962614257150065,352,0,12,48.79233203359938,56.347438752783965,15,41.28,273,0,0,8,True,5,0,True,26,confirmation38,273,cost_h,273,273,oracle_aabb,data40-3,0,0,0,bytetrack,True,625
64.51062253173102,36.962614257150065,352,0,12,48.79233203359938,56.347438752783965,15,41.28,273,0,0,8,True,5,0,True,26,confirmation38,273,path_g,273,273,oracle_aabb,data40-3,0,0,0,bytetrack,True,625
64.51062253173102,36.962614257150065,352,0,12,48.79233203359938,56.347438752783965,15,41.28,273,0,0,8,True,5,0,True,26,confirmation38,273,cost_h_margin_reassign,273,273,oracle_aabb,data40-3,0,0,0,bytetrack,True,625
64.51062253173102,36.962614257150065,352,0,12,48.79233203359938,56.347438752783965,15,41.28,273,0,0,8,True,5,0,True,26,confirmation38,273,cost_h_motion_reassign,273,273,oracle_aabb,data40-3,0,0,0,bytetrack,True,625
64.51062253173102,36.962614257150065,352,0,12,48.79233203359938,56.347438752783965,15,41.28,273,0,0,8,True,5,0,True,26,confirmation38,273,cost_h_full_postfilter,273,273,oracle_aabb,data40-3,0,0,0,bytetrack,True,625
64.51062253173102,36.962614257150065,352,0,12,48.79233203359938,56.347438752783965,15,41.28,273,0,0,8,True,5,0,True,26,confirmation38,273,cost_h_full_reassign,273,273,oracle_aabb,data40-3,0,0,0,bytetrack,True,625
65.35918776195501,36.962614257150065,352,0,12,49.11686972869121,57.01559020044543,14,41.44,273,0,0,8,True,5,0,True,26,confirmation38,273,cost_h_soft_information,273,273,oracle_aabb,data40-3,0,0,0,bytetrack,True,625
64.51062253173102,36.962614257150065,352,0,12,48.79233203359938,56.347438752783965,15,41.28,273,0,0,8,True,5,0,True,26,confirmation38,273,path_g_full_reassign,273,273,oracle_aabb,data40-3,0,0,0,bytetrack,True,625
64.92206503111065,34.72,408,0,1,47.47730086978578,42.75534441805225,32,29.599999999999998,217,0,0,0,True,5,0,True,45,confirmation38,217,no_refinement,217,217,oracle_aabb,data40-3,0,0,0,ocsort,True,625
68.15927380396654,34.72,408,0,1,48.64658247476094,48.9311163895487,8,33.44,217,24,2,0,True,5,0,True,45,confirmation38,217,ace_v1,217,217,oracle_aabb,data40-3,0,24,2,ocsort,True,625
68.29864662626619,34.72,408,0,1,48.69629360499589,49.8812351543943,4,34.08,217,28,0,0,True,5,0,True,45,confirmation38,217,cost_r,217,217,oracle_aabb,data40-3,0,28,0,ocsort,True,625
68.29864662626619,34.72,408,0,1,48.69629360499589,49.8812351543943,4,34.08,217,28,0,0,True,5,0,True,45,confirmation38,217,cost_g_legacy,217,217,oracle_aabb,data40-3,0,28,0,ocsort,True,625
68.29864662626619,34.72,408,0,1,48.69629360499589,49.8812351543943,4,34.08,217,28,0,0,True,5,0,True,45,confirmation38,217,cost_h,217,217,oracle_aabb,data40-3,0,28,0,ocsort,True,625
68.29864662626619,34.72,408,0,1,48.69629360499589,49.8812351543943,4,34.08,217,28,0,0,True,5,0,True,45,confirmation38,217,path_g,217,217,oracle_aabb,data40-3,0,28,0,ocsort,True,625
68.29864662626619,34.72,408,0,1,48.69629360499589,49.8812351543943,4,34.08,217,28,0,0,True,5,0,True,45,confirmation38,217,cost_h_margin_reassign,217,217,oracle_aabb,data40-3,0,28,0,ocsort,True,625
68.29864662626619,34.72,408,0,1,48.69629360499589,49.8812351543943,4,34.08,217,28,0,0,True,5,0,True,45,confirmation38,217,cost_h_motion_reassign,217,217,oracle_aabb,data40-3,0,28,0,ocsort,True,625
68.29864662626619,34.72,408,0,1,48.69629360499589,49.8812351543943,4,34.08,217,28,0,0,True,5,0,True,45,confirmation38,217,cost_h_full_postfilter,217,217,oracle_aabb,data40-3,0,28,0,ocsort,True,625
68.29864662626619,34.72,408,0,1,48.69629360499589,49.8812351543943,4,34.08,217,28,0,0,True,5,0,True,45,confirmation38,217,cost_h_full_reassign,217,217,oracle_aabb,data40-3,0,28,0,ocsort,True,625
68.29864662626619,34.72,408,0,1,48.69629360499589,49.8812351543943,4,34.08,217,28,0,0,True,5,0,True,45,confirmation38,217,cost_h_soft_information,217,217,oracle_aabb,data40-3,0,28,0,ocsort,True,625
68.29864662626619,34.72,408,0,1,48.69629360499589,49.8812351543943,4,34.08,217,28,0,0,True,5,0,True,45,confirmation38,217,path_g_full_reassign,217,217,oracle_aabb,data40-3,0,28,0,ocsort,True,625
66.29142807887331,55.84000000000001,276,0,15,60.84170727325363,59.13757700205339,26,51.68000000000001,349,0,0,0,True,5,0,True,39,confirmation38,349,no_refinement,349,349,oracle_aabb,data40-3,0,0,0,deepocsort,True,625
74.66612302220702,55.84000000000001,276,0,15,64.57055295999903,65.70841889117042,6,54.879999999999995,349,20,1,0,True,5,0,True,39,confirmation38,349,ace_v1,349,349,oracle_aabb,data40-3,0,20,1,deepocsort,True,625
74.66612302220702,55.84000000000001,276,0,15,64.57055295999903,65.70841889117042,6,54.879999999999995,349,20,1,0,True,5,0,True,39,confirmation38,349,cost_r,349,349,oracle_aabb,data40-3,0,20,1,deepocsort,True,625
74.66612302220702,55.84000000000001,276,0,15,64.57055295999903,65.70841889117042,6,54.879999999999995,349,20,1,0,True,5,0,True,39,confirmation38,349,cost_g_legacy,349,349,oracle_aabb,data40-3,0,20,1,deepocsort,True,625
74.66612302220702,55.84000000000001,276,0,15,64.57055295999903,65.70841889117042,6,54.879999999999995,349,20,1,0,True,5,0,True,39,confirmation38,349,cost_h,349,349,oracle_aabb,data40-3,0,20,1,deepocsort,True,625
74.66612302220702,55.84000000000001,276,0,15,64.57055295999903,65.70841889117042,6,54.879999999999995,349,20,1,0,True,5,0,True,39,confirmation38,349,path_g,349,349,oracle_aabb,data40-3,0,20,1,deepocsort,True,625
74.66612302220702,55.84000000000001,276,0,15,64.57055295999903,65.70841889117042,6,54.879999999999995,349,20,1,0,True,5,0,True,39,confirmation38,349,cost_h_margin_reassign,349,349,oracle_aabb,data40-3,0,20,1,deepocsort,True,625
74.72251998404809,55.84000000000001,276,0,15,64.59493413503296,65.70841889117042,6,54.879999999999995,349,20,0,0,True,5,0,True,39,confirmation38,349,cost_h_motion_reassign,349,349,oracle_aabb,data40-3,0,20,0,deepocsort,True,625
74.72251998404809,55.84000000000001,276,0,15,64.59493413503296,65.70841889117042,6,54.879999999999995,349,20,0,0,True,5,0,True,39,confirmation38,349,cost_h_full_postfilter,349,349,oracle_aabb,data40-3,0,20,0,deepocsort,True,625
74.72251998404809,55.84000000000001,276,0,15,64.59493413503296,65.70841889117042,6,54.879999999999995,349,20,0,0,True,5,0,True,39,confirmation38,349,cost_h_full_reassign,349,349,oracle_aabb,data40-3,0,20,0,deepocsort,True,625
74.66612302220702,55.84000000000001,276,0,15,64.57055295999903,65.70841889117042,6,54.879999999999995,349,20,1,0,True,5,0,True,39,confirmation38,349,cost_h_soft_information,349,349,oracle_aabb,data40-3,0,20,1,deepocsort,True,625
74.72251998404809,55.84000000000001,276,0,15,64.59493413503296,65.70841889117042,6,54.879999999999995,349,20,0,0,True,5,0,True,39,confirmation38,349,path_g_full_reassign,349,349,oracle_aabb,data40-3,0,20,0,deepocsort,True,625
7.461988565625754,15.805474945317421,2248,0,257,10.583760173721798,8.71165644171779,360,5.3013798111837325,506,0,0,0,True,2,0,True,330,confirmation38,506,no_refinement,506,506,oracle_aabb,data40-4,0,0,0,bytetrack,True,2754
8.266916579992214,15.805474945317421,2248,0,257,11.23904789887985,10.797546012269938,299,7.516339869281046,506,1,2,106,True,2,0,True,330,confirmation38,506,ace_v1,506,506,oracle_aabb,data40-4,0,1,2,bytetrack,True,2754
9.225812911422693,15.805474945317421,2248,0,257,11.896911611708234,11.96319018404908,286,7.988380537400146,506,1,5,109,True,2,0,True,330,confirmation38,506,cost_r,506,506,oracle_aabb,data40-4,1,1,4,bytetrack,True,2754
8.875066204736063,15.805474945317421,2248,0,257,11.714818823648802,12.024539877300613,271,8.533042846768337,506,2,8,158,True,2,0,True,330,confirmation38,506,cost_g_legacy,506,506,oracle_aabb,data40-4,1,2,7,bytetrack,True,2754
9.220220715975385,15.805474945317421,2248,0,257,11.942644162258471,12.392638036809817,282,8.133623819898329,506,2,10,145,True,2,0,True,330,confirmation38,506,cost_h,506,506,oracle_aabb,data40-4,2,2,8,bytetrack,True,2754
9.045452747023111,15.805474945317421,2248,0,257,11.812386165289961,12.392638036809817,281,8.169934640522875,506,2,8,136,True,2,0,True,330,confirmation38,506,path_g,506,506,oracle_aabb,data40-4,1,2,7,bytetrack,True,2754
9.158303037559595,15.805474945317421,2248,0,257,11.879744688237171,12.085889570552148,281,8.169934640522875,506,2,6,125,True,2,0,True,330,confirmation38,506,cost_h_margin_reassign,506,506,oracle_aabb,data40-4,1,2,5,bytetrack,True,2754
9.215372216635227,15.805474945317421,2248,0,257,11.93935311778439,12.392638036809817,282,8.133623819898329,506,2,10,145,True,2,0,True,330,confirmation38,506,cost_h_motion_reassign,506,506,oracle_aabb,data40-4,2,2,8,bytetrack,True,2754
9.0661356184262,15.805474945317421,2248,0,257,11.775890032359039,11.595092024539877,294,7.697893972403776,506,1,4,96,True,2,0,True,330,confirmation38,506,cost_h_full_postfilter,506,506,oracle_aabb,data40-4,1,1,3,bytetrack,True,2754
9.246337455745191,15.805474945317421,2248,0,257,11.911193187281107,12.024539877300613,286,7.988380537400146,506,1,5,113,True,2,0,True,330,confirmation38,506,cost_h_full_reassign,506,506,oracle_aabb,data40-4,1,1,4,bytetrack,True,2754
9.07147490885341,15.805474945317421,2248,0,257,11.825832440312078,12.269938650306749,282,8.133623819898329,506,2,8,137,True,2,0,True,330,confirmation38,506,cost_h_soft_information,506,506,oracle_aabb,data40-4,1,2,7,bytetrack,True,2754
9.246337455745191,15.805474945317421,2248,0,257,11.911193187281107,12.024539877300613,286,7.988380537400146,506,1,5,113,True,2,0,True,330,confirmation38,506,path_g_full_reassign,506,506,oracle_aabb,data40-4,1,1,4,bytetrack,True,2754
10.713981590307684,9.077705156136528,2504,0,4,9.861965621775811,6.125166444740346,156,3.413217138707335,250,0,0,0,True,2,0,True,221,confirmation38,250,no_refinement,250,250,oracle_aabb,data40-4,0,0,0,ocsort,True,2754
16.992348241924564,9.077705156136528,2504,0,4,12.419803833015482,11.717709720372836,71,6.499636891793754,250,84,22,0,True,2,0,True,221,confirmation38,250,ace_v1,250,250,oracle_aabb,data40-4,9,79,18,ocsort,True,2754
19.945836421207407,9.077705156136528,2504,0,4,13.455943747067698,13.182423435419441,55,7.080610021786492,250,105,7,0,True,2,0,True,221,confirmation38,250,cost_r,250,250,oracle_aabb,data40-4,7,101,4,ocsort,True,2754
20.696645872154345,9.077705156136528,2504,0,4,13.706861382110318,13.581890812250332,48,7.334785766158316,250,111,17,0,True,2,0,True,221,confirmation38,250,cost_g_legacy,250,250,oracle_aabb,data40-4,9,107,12,ocsort,True,2754
20.94096823435182,9.077705156136528,2504,0,4,13.787528252571848,13.648468708388814,46,7.4074074074074066,250,111,19,0,True,2,0,True,221,confirmation38,250,cost_h,250,250,oracle_aabb,data40-4,11,105,14,ocsort,True,2754
20.71987495667668,9.077705156136528,2504,0,4,13.714551240515602,13.648468708388814,48,7.334785766158316,250,111,15,0,True,2,0,True,221,confirmation38,250,path_g,250,250,oracle_aabb,data40-4,9,107,10,ocsort,True,2754
21.322622195819267,9.077705156136528,2504,0,4,13.912601390442397,13.84820239680426,47,7.371096586782862,250,113,9,0,True,2,0,True,221,confirmation38,250,cost_h_margin_reassign,250,250,oracle_aabb,data40-4,8,110,4,ocsort,True,2754
20.94096823435182,9.077705156136528,2504,0,4,13.787528252571848,13.648468708388814,46,7.4074074074074066,250,111,19,0,True,2,0,True,221,confirmation38,250,cost_h_motion_reassign,250,250,oracle_aabb,data40-4,11,105,14,ocsort,True,2754
19.794117222531685,9.077705156136528,2504,0,4,13.404669334681355,12.916111850865514,57,7.0079883805374,250,101,6,0,True,2,0,True,221,confirmation38,250,cost_h_full_postfilter,250,250,oracle_aabb,data40-4,7,97,3,ocsort,True,2754
19.945836421207407,9.077705156136528,2504,0,4,13.455943747067698,13.182423435419441,55,7.080610021786492,250,105,7,0,True,2,0,True,221,confirmation38,250,cost_h_full_reassign,250,250,oracle_aabb,data40-4,7,101,4,ocsort,True,2754
20.99731751411924,9.077705156136528,2504,0,4,13.806065966196016,13.781624500665778,44,7.4800290486565,250,113,15,0,True,2,0,True,221,confirmation38,250,cost_h_soft_information,250,250,oracle_aabb,data40-4,11,107,10,ocsort,True,2754
19.945836421207407,9.077705156136528,2504,0,4,13.455943747067698,13.182423435419441,55,7.080610021786492,250,105,7,0,True,2,0,True,221,confirmation38,250,path_g_full_reassign,250,250,oracle_aabb,data40-4,7,101,4,ocsort,True,2754
92.38331693439366,93.89978213507626,168,0,17,93.1384632311231,94.7940074906367,6,93.68191721132898,2586,0,0,0,True,2,0,True,70,confirmation38,2586,no_refinement,2586,2586,oracle_aabb,data40-4,0,0,0,deepocsort,True,2754
92.25628421123032,93.89978213507626,168,0,17,93.07440565497156,94.7940074906367,6,93.68191721132898,2586,0,2,0,True,2,0,True,70,confirmation38,2586,ace_v1,2586,2586,oracle_aabb,data40-4,0,0,2,deepocsort,True,2754
93.4057576805705,93.89978213507626,168,0,17,93.65244415586436,95.6179775280899,3,93.79084967320262,2586,3,0,0,True,2,0,True,70,confirmation38,2586,cost_r,2586,2586,oracle_aabb,data40-4,0,3,0,deepocsort,True,2754
93.4057576805705,93.89978213507626,168,0,17,93.65244415586436,95.6179775280899,3,93.79084967320262,2586,3,0,0,True,2,0,True,70,confirmation38,2586,cost_g_legacy,2586,2586,oracle_aabb,data40-4,0,3,0,deepocsort,True,2754
93.4057576805705,93.89978213507626,168,0,17,93.65244415586436,95.6179775280899,3,93.79084967320262,2586,3,0,0,True,2,0,True,70,confirmation38,2586,cost_h,2586,2586,oracle_aabb,data40-4,0,3,0,deepocsort,True,2754
93.4057576805705,93.89978213507626,168,0,17,93.65244415586436,95.6179775280899,3,93.79084967320262,2586,3,0,0,True,2,0,True,70,confirmation38,2586,path_g,2586,2586,oracle_aabb,data40-4,0,3,0,deepocsort,True,2754
93.4057576805705,93.89978213507626,168,0,17,93.65244415586436,95.6179775280899,3,93.79084967320262,2586,3,0,0,True,2,0,True,70,confirmation38,2586,cost_h_margin_reassign,2586,2586,oracle_aabb,data40-4,0,3,0,deepocsort,True,2754
93.4057576805705,93.89978213507626,168,0,17,93.65244415586436,95.6179775280899,3,93.79084967320262,2586,3,0,0,True,2,0,True,70,confirmation38,2586,cost_h_motion_reassign,2586,2586,oracle_aabb,data40-4,0,3,0,deepocsort,True,2754
93.4057576805705,93.89978213507626,168,0,17,93.65244415586436,95.6179775280899,3,93.79084967320262,2586,3,0,0,True,2,0,True,70,confirmation38,2586,cost_h_full_postfilter,2586,2586,oracle_aabb,data40-4,0,3,0,deepocsort,True,2754
93.4057576805705,93.89978213507626,168,0,17,93.65244415586436,95.6179775280899,3,93.79084967320262,2586,3,0,0,True,2,0,True,70,confirmation38,2586,cost_h_full_reassign,2586,2586,oracle_aabb,data40-4,0,3,0,deepocsort,True,2754
93.4057576805705,93.89978213507626,168,0,17,93.65244415586436,95.6179775280899,3,93.79084967320262,2586,3,0,0,True,2,0,True,70,confirmation38,2586,cost_h_soft_information,2586,2586,oracle_aabb,data40-4,0,3,0,deepocsort,True,2754
93.4057576805705,93.89978213507626,168,0,17,93.65244415586436,95.6179775280899,3,93.79084967320262,2586,3,0,0,True,2,0,True,70,confirmation38,2586,path_g_full_reassign,2586,2586,oracle_aabb,data40-4,0,3,0,deepocsort,True,2754
61.48779482852657,57.55137698219039,1129,2,111,59.467805881946234,65.71759642443304,183,63.33705357142857,2455,0,0,0,True,6,0,True,154,confirmation38,2457,no_refinement,2457,2457,oracle_aabb,data40-5,0,0,0,bytetrack,True,3584
70.65633777063202,57.518140831289735,1129,2,111,63.73388337755122,74.09369309716935,125,64.95535714285714,2455,9,0,63,True,6,0,True,154,confirmation38,2457,ace_v1,2457,2457,oracle_aabb,data40-5,0,9,0,bytetrack,True,3584
71.3121403755353,57.518140831289735,1129,2,111,64.02961780603896,74.35854990895547,123,65.01116071428571,2455,10,0,60,True,6,0,True,154,confirmation38,2457,cost_r,2457,2457,oracle_aabb,data40-5,0,10,0,bytetrack,True,3584
71.52065234514616,57.481389576173825,1129,2,111,64.10279316019543,74.75583512663466,98,65.70870535714286,2455,10,0,80,True,6,0,True,154,confirmation38,2457,cost_g_legacy,2457,2457,oracle_aabb,data40-5,0,10,0,bytetrack,True,3584
71.36088250295319,57.518140831289735,1129,2,111,64.05159351837317,74.45787121337527,116,65.20647321428571,2455,10,1,68,True,6,0,True,154,confirmation38,2457,cost_h,2457,2457,oracle_aabb,data40-5,0,10,1,bytetrack,True,3584
71.35775801333074,57.518140831289735,1129,2,111,64.0501957503003,74.49097831484853,118,65.15066964285714,2455,10,0,66,True,6,0,True,154,confirmation38,2457,path_g,2457,2457,oracle_aabb,data40-5,0,10,0,bytetrack,True,3584
71.35646855151437,57.518140831289735,1129,2,111,64.04961502417335,74.49097831484853,119,65.12276785714286,2455,10,0,65,True,6,0,True,154,confirmation38,2457,cost_h_margin_reassign,2457,2457,oracle_aabb,data40-5,0,10,0,bytetrack,True,3584
71.36088250295319,57.518140831289735,1129,2,111,64.05159351837317,74.45787121337527,116,65.20647321428571,2455,10,1,68,True,6,0,True,154,confirmation38,2457,cost_h_motion_reassign,2457,2457,oracle_aabb,data40-5,0,10,1,bytetrack,True,3584
71.31419342161243,57.518140831289735,1129,2,111,64.03052956674028,74.2261215030624,123,65.01116071428571,2455,10,0,58,True,6,0,True,154,confirmation38,2457,cost_h_full_postfilter,2457,2457,oracle_aabb,data40-5,0,10,0,bytetrack,True,3584
71.32654612175756,57.518140831289735,1129,2,111,64.03611344344004,74.35854990895547,122,65.0390625,2455,10,0,61,True,6,0,True,154,confirmation38,2457,cost_h_full_reassign,2457,2457,oracle_aabb,data40-5,0,10,0,bytetrack,True,3584
71.35775801333074,57.518140831289735,1129,2,111,64.0501957503003,74.49097831484853,118,65.15066964285714,2455,10,0,66,True,6,0,True,154,confirmation38,2457,cost_h_soft_information,2457,2457,oracle_aabb,data40-5,0,10,0,bytetrack,True,3584
71.32654612175756,57.518140831289735,1129,2,111,64.03611344344004,74.35854990895547,122,65.0390625,2455,10,0,61,True,6,0,True,154,confirmation38,2457,path_g_full_reassign,2457,2457,oracle_aabb,data40-5,0,10,0,bytetrack,True,3584
62.9176786861296,58.398405557955115,1488,0,47,60.61593945782761,58.20422535211267,61,56.78013392857143,2096,0,0,0,True,6,0,True,65,confirmation38,2096,no_refinement,2096,2096,oracle_aabb,data40-5,0,0,0,ocsort,True,3584
77.49447172724366,58.31476161138631,1488,0,47,67.22404048267458,68.16901408450704,41,57.33816964285714,2096,19,4,0,True,6,0,True,65,confirmation38,2096,ace_v1,2096,2096,oracle_aabb,data40-5,0,19,4,ocsort,True,3584
77.2287666159699,58.31476161138631,1488,0,47,67.10869606232151,68.09859154929578,38,57.421875,2096,22,3,0,True,6,0,True,65,confirmation38,2096,cost_r,2096,2096,oracle_aabb,data40-5,0,22,3,ocsort,True,3584
77.24260028511783,58.31476161138631,1488,0,47,67.11470624518877,68.16901408450704,35,57.50558035714286,2096,25,3,0,True,6,0,True,65,confirmation38,2096,cost_g_legacy,2096,2096,oracle_aabb,data40-5,0,25,3,ocsort,True,3584
77.24260028511783,58.31476161138631,1488,0,47,67.11470624518877,68.16901408450704,35,57.50558035714286,2096,25,3,0,True,6,0,True,65,confirmation38,2096,cost_h,2096,2096,oracle_aabb,data40-5,0,25,3,ocsort,True,3584
77.24260028511783,58.31476161138631,1488,0,47,67.11470624518877,68.16901408450704,35,57.50558035714286,2096,25,3,0,True,6,0,True,65,confirmation38,2096,path_g,2096,2096,oracle_aabb,data40-5,0,25,3,ocsort,True,3584
77.24260028511783,58.31476161138631,1488,0,47,67.11470624518877,68.16901408450704,35,57.50558035714286,2096,25,3,0,True,6,0,True,65,confirmation38,2096,cost_h_margin_reassign,2096,2096,oracle_aabb,data40-5,0,25,3,ocsort,True,3584
77.24260028511783,58.31476161138631,1488,0,47,67.11470624518877,68.16901408450704,35,57.50558035714286,2096,25,3,0,True,6,0,True,65,confirmation38,2096,cost_h_motion_reassign,2096,2096,oracle_aabb,data40-5,0,25,3,ocsort,True,3584
77.2287666159699,58.31476161138631,1488,0,47,67.10869606232151,68.09859154929578,38,57.421875,2096,22,3,0,True,6,0,True,65,confirmation38,2096,cost_h_full_postfilter,2096,2096,oracle_aabb,data40-5,0,22,3,ocsort,True,3584
77.2287666159699,58.31476161138631,1488,0,47,67.10869606232151,68.09859154929578,38,57.421875,2096,22,3,0,True,6,0,True,65,confirmation38,2096,cost_h_full_reassign,2096,2096,oracle_aabb,data40-5,0,22,3,ocsort,True,3584
77.24260028511783,58.31476161138631,1488,0,47,67.11470624518877,68.16901408450704,35,57.50558035714286,2096,25,3,0,True,6,0,True,65,confirmation38,2096,cost_h_soft_information,2096,2096,oracle_aabb,data40-5,0,25,3,ocsort,True,3584
77.2287666159699,58.31476161138631,1488,0,47,67.10869606232151,68.09859154929578,38,57.421875,2096,22,3,0,True,6,0,True,65,confirmation38,2096,path_g_full_reassign,2096,2096,oracle_aabb,data40-5,0,22,3,ocsort,True,3584
84.31495659549567,85.21205357142858,530,0,50,84.76231826872157,84.48327809581198,43,84.01227678571429,3054,0,0,0,True,6,0,True,46,confirmation38,3054,no_refinement,3054,3054,oracle_aabb,data40-5,0,0,0,deepocsort,True,3584
88.78818441859003,85.21205357142858,530,0,50,86.98174249339209,88.64115697499247,28,84.43080357142857,3054,16,5,0,True,6,0,True,46,confirmation38,3054,ace_v1,3054,3054,oracle_aabb,data40-5,0,16,5,deepocsort,True,3584
89.2199645586237,85.21205357142858,530,0,50,87.19298366044367,88.82193431756554,26,84.48660714285714,3054,18,2,0,True,6,0,True,46,confirmation38,3054,cost_r,3054,3054,oracle_aabb,data40-5,0,18,2,deepocsort,True,3584
89.09980504376355,85.21205357142858,530,0,50,87.13424906770598,88.82193431756554,26,84.48660714285714,3054,18,4,0,True,6,0,True,46,confirmation38,3054,cost_g_legacy,3054,3054,oracle_aabb,data40-5,0,18,4,deepocsort,True,3584
89.1805347298345,85.21205357142858,530,0,50,87.173714518353,88.85206387466104,25,84.51450892857143,3054,19,3,0,True,6,0,True,46,confirmation38,3054,cost_h,3054,3054,oracle_aabb,data40-5,0,19,3,deepocsort,True,3584
89.1805347298345,85.21205357142858,530,0,50,87.173714518353,88.85206387466104,25,84.51450892857143,3054,19,3,0,True,6,0,True,46,confirmation38,3054,path_g,3054,3054,oracle_aabb,data40-5,0,19,3,deepocsort,True,3584
89.1805347298345,85.21205357142858,530,0,50,87.173714518353,88.85206387466104,25,84.51450892857143,3054,19,3,0,True,6,0,True,46,confirmation38,3054,cost_h_margin_reassign,3054,3054,oracle_aabb,data40-5,0,19,3,deepocsort,True,3584
87.59245352485743,85.21205357142858,530,0,50,86.39405559535341,87.73727026212714,26,84.48660714285714,3054,18,3,0,True,6,0,True,46,confirmation38,3054,cost_h_motion_reassign,3054,3054,oracle_aabb,data40-5,0,18,3,deepocsort,True,3584
87.6318833536466,85.21205357142858,530,0,50,86.41349859192205,87.70714070503163,27,84.45870535714286,3054,17,2,0,True,6,0,True,46,confirmation38,3054,cost_h_full_postfilter,3054,3054,oracle_aabb,data40-5,0,17,2,deepocsort,True,3584
87.6318833536466,85.21205357142858,530,0,50,86.41349859192205,87.70714070503163,27,84.45870535714286,3054,17,2,0,True,6,0,True,46,confirmation38,3054,cost_h_full_reassign,3054,3054,oracle_aabb,data40-5,0,17,2,deepocsort,True,3584
89.1805347298345,85.21205357142858,530,0,50,87.173714518353,88.85206387466104,25,84.51450892857143,3054,19,3,0,True,6,0,True,46,confirmation38,3054,cost_h_soft_information,3054,3054,oracle_aabb,data40-5,0,19,3,deepocsort,True,3584
87.6318833536466,85.21205357142858,530,0,50,86.41349859192205,87.70714070503163,27,84.45870535714286,3054,17,2,0,True,6,0,True,46,confirmation38,3054,path_g_full_reassign,3054,3054,oracle_aabb,data40-5,0,17,2,deepocsort,True,3584
47.70763201000664,30.41157648437702,218,0,13,38.05396135251702,49.21259842519685,15,35.81267217630854,145,0,0,0,True,5,0,True,18,confirmation38,145,no_refinement,145,145,oracle_aabb,data41-1,0,0,0,bytetrack,True,363
49.9259943603308,30.41157648437702,218,0,13,38.93918631538861,50.39370078740157,14,36.08815426997245,145,1,0,0,True,5,0,True,18,confirmation38,145,ace_v1,145,145,oracle_aabb,data41-1,0,1,0,bytetrack,True,363
49.9259943603308,30.41157648437702,218,0,13,38.93918631538861,50.39370078740157,14,36.08815426997245,145,1,0,0,True,5,0,True,18,confirmation38,145,cost_r,145,145,oracle_aabb,data41-1,0,1,0,bytetrack,True,363
49.9259943603308,30.41157648437702,218,0,13,38.93918631538861,50.39370078740157,14,36.08815426997245,145,1,0,0,True,5,0,True,18,confirmation38,145,cost_g_legacy,145,145,oracle_aabb,data41-1,0,1,0,bytetrack,True,363
49.9259943603308,30.41157648437702,218,0,13,38.93918631538861,50.39370078740157,14,36.08815426997245,145,1,0,0,True,5,0,True,18,confirmation38,145,cost_h,145,145,oracle_aabb,data41-1,0,1,0,bytetrack,True,363
49.9259943603308,30.41157648437702,218,0,13,38.93918631538861,50.39370078740157,14,36.08815426997245,145,1,0,0,True,5,0,True,18,confirmation38,145,path_g,145,145,oracle_aabb,data41-1,0,1,0,bytetrack,True,363
49.9259943603308,30.41157648437702,218,0,13,38.93918631538861,50.39370078740157,14,36.08815426997245,145,1,0,0,True,5,0,True,18,confirmation38,145,cost_h_margin_reassign,145,145,oracle_aabb,data41-1,0,1,0,bytetrack,True,363
49.9259943603308,30.41157648437702,218,0,13,38.93918631538861,50.39370078740157,14,36.08815426997245,145,1,0,0,True,5,0,True,18,confirmation38,145,cost_h_motion_reassign,145,145,oracle_aabb,data41-1,0,1,0,bytetrack,True,363
49.9259943603308,30.41157648437702,218,0,13,38.93918631538861,50.39370078740157,14,36.08815426997245,145,1,0,0,True,5,0,True,18,confirmation38,145,cost_h_full_postfilter,145,145,oracle_aabb,data41-1,0,1,0,bytetrack,True,363
49.9259943603308,30.41157648437702,218,0,13,38.93918631538861,50.39370078740157,14,36.08815426997245,145,1,0,0,True,5,0,True,18,confirmation38,145,cost_h_full_reassign,145,145,oracle_aabb,data41-1,0,1,0,bytetrack,True,363
49.9259943603308,30.41157648437702,218,0,13,38.93918631538861,50.39370078740157,14,36.08815426997245,145,1,0,0,True,5,0,True,18,confirmation38,145,cost_h_soft_information,145,145,oracle_aabb,data41-1,0,1,0,bytetrack,True,363
49.9259943603308,30.41157648437702,218,0,13,38.93918631538861,50.39370078740157,14,36.08815426997245,145,1,0,0,True,5,0,True,18,confirmation38,145,path_g_full_reassign,145,145,oracle_aabb,data41-1,0,1,0,bytetrack,True,363
49.27250799309622,29.75206611570248,255,0,8,38.287842920398084,36.09341825902335,16,25.344352617079892,108,0,0,0,True,5,0,True,22,confirmation38,108,no_refinement,108,108,oracle_aabb,data41-1,0,0,0,ocsort,True,363
51.916600622324836,29.75206611570248,255,0,8,39.30173194934199,39.490445859872615,6,28.09917355371901,108,10,3,0,True,5,0,True,22,confirmation38,108,ace_v1,108,108,oracle_aabb,data41-1,0,10,3,ocsort,True,363
52.97130278993023,29.75206611570248,255,0,8,39.69893830873693,39.490445859872615,6,28.09917355371901,108,10,3,0,True,5,0,True,22,confirmation38,108,cost_r,108,108,oracle_aabb,data41-1,0,10,3,ocsort,True,363
51.067069261893714,29.75206611570248,255,0,8,38.97885094528852,38.21656050955414,6,28.09917355371901,108,10,4,0,True,5,0,True,22,confirmation38,108,cost_g_legacy,108,108,oracle_aabb,data41-1,0,10,4,ocsort,True,363
52.97130278993023,29.75206611570248,255,0,8,39.69893830873693,39.490445859872615,6,28.09917355371901,108,10,3,0,True,5,0,True,22,confirmation38,108,cost_h,108,108,oracle_aabb,data41-1,0,10,3,ocsort,True,363
52.97130278993023,29.75206611570248,255,0,8,39.69893830873693,39.490445859872615,6,28.09917355371901,108,10,3,0,True,5,0,True,22,confirmation38,108,path_g,108,108,oracle_aabb,data41-1,0,10,3,ocsort,True,363
52.97130278993023,29.75206611570248,255,0,8,39.69893830873693,39.490445859872615,6,28.09917355371901,108,10,3,0,True,5,0,True,22,confirmation38,108,cost_h_margin_reassign,108,108,oracle_aabb,data41-1,0,10,3,ocsort,True,363
54.0295038481313,29.75206611570248,255,0,8,40.09350783715743,40.76433121019109,6,28.09917355371901,108,10,2,0,True,5,0,True,22,confirmation38,108,cost_h_motion_reassign,108,108,oracle_aabb,data41-1,0,10,2,ocsort,True,363
54.0295038481313,29.75206611570248,255,0,8,40.09350783715743,40.76433121019109,6,28.09917355371901,108,10,2,0,True,5,0,True,22,confirmation38,108,cost_h_full_postfilter,108,108,oracle_aabb,data41-1,0,10,2,ocsort,True,363
54.0295038481313,29.75206611570248,255,0,8,40.09350783715743,40.76433121019109,6,28.09917355371901,108,10,2,0,True,5,0,True,22,confirmation38,108,cost_h_full_reassign,108,108,oracle_aabb,data41-1,0,10,2,ocsort,True,363
52.97130278993023,29.75206611570248,255,0,8,39.69893830873693,39.490445859872615,6,28.09917355371901,108,10,3,0,True,5,0,True,22,confirmation38,108,cost_h_soft_information,108,108,oracle_aabb,data41-1,0,10,3,ocsort,True,363
54.0295038481313,29.75206611570248,255,0,8,40.09350783715743,40.76433121019109,6,28.09917355371901,108,10,2,0,True,5,0,True,22,confirmation38,108,path_g_full_reassign,108,108,oracle_aabb,data41-1,0,10,2,ocsort,True,363
78.93686729281407,37.74104683195592,226,0,1,54.581681957099725,50.8,10,34.9862258953168,137,0,0,0,True,5,0,True,14,confirmation38,137,no_refinement,137,137,oracle_aabb,data41-1,0,0,0,deepocsort,True,363
81.99194360336483,37.74104683195592,226,0,1,55.627886741972134,54.400000000000006,1,37.46556473829201,137,9,0,0,True,5,0,True,14,confirmation38,137,ace_v1,137,137,oracle_aabb,data41-1,0,9,0,deepocsort,True,363
81.99194360336483,37.74104683195592,226,0,1,55.627886741972134,54.400000000000006,1,37.46556473829201,137,9,0,0,True,5,0,True,14,confirmation38,137,cost_r,137,137,oracle_aabb,data41-1,0,9,0,deepocsort,True,363
81.99194360336483,37.74104683195592,226,0,1,55.627886741972134,54.400000000000006,1,37.46556473829201,137,9,0,0,True,5,0,True,14,confirmation38,137,cost_g_legacy,137,137,oracle_aabb,data41-1,0,9,0,deepocsort,True,363
81.99194360336483,37.74104683195592,226,0,1,55.627886741972134,54.400000000000006,1,37.46556473829201,137,9,0,0,True,5,0,True,14,confirmation38,137,cost_h,137,137,oracle_aabb,data41-1,0,9,0,deepocsort,True,363
81.99194360336483,37.74104683195592,226,0,1,55.627886741972134,54.400000000000006,1,37.46556473829201,137,9,0,0,True,5,0,True,14,confirmation38,137,path_g,137,137,oracle_aabb,data41-1,0,9,0,deepocsort,True,363
81.99194360336483,37.74104683195592,226,0,1,55.627886741972134,54.400000000000006,1,37.46556473829201,137,9,0,0,True,5,0,True,14,confirmation38,137,cost_h_margin_reassign,137,137,oracle_aabb,data41-1,0,9,0,deepocsort,True,363
81.99194360336483,37.74104683195592,226,0,1,55.627886741972134,54.400000000000006,1,37.46556473829201,137,9,0,0,True,5,0,True,14,confirmation38,137,cost_h_motion_reassign,137,137,oracle_aabb,data41-1,0,9,0,deepocsort,True,363
81.99194360336483,37.74104683195592,226,0,1,55.627886741972134,54.400000000000006,1,37.46556473829201,137,9,0,0,True,5,0,True,14,confirmation38,137,cost_h_full_postfilter,137,137,oracle_aabb,data41-1,0,9,0,deepocsort,True,363
81.99194360336483,37.74104683195592,226,0,1,55.627886741972134,54.400000000000006,1,37.46556473829201,137,9,0,0,True,5,0,True,14,confirmation38,137,cost_h_full_reassign,137,137,oracle_aabb,data41-1,0,9,0,deepocsort,True,363
81.99194360336483,37.74104683195592,226,0,1,55.627886741972134,54.400000000000006,1,37.46556473829201,137,9,0,0,True,5,0,True,14,confirmation38,137,cost_h_soft_information,137,137,oracle_aabb,data41-1,0,9,0,deepocsort,True,363
81.99194360336483,37.74104683195592,226,0,1,55.627886741972134,54.400000000000006,1,37.46556473829201,137,9,0,0,True,5,0,True,14,confirmation38,137,path_g_full_reassign,137,137,oracle_aabb,data41-1,0,9,0,deepocsort,True,363
58.979639556753185,61.86001640743643,1737,17,201,60.32685180496743,67.27144618636603,326,68.18112283922288,4800,0,0,0,True,7,0,True,291,confirmation38,4817,no_refinement,4817,4817,oracle_aabb,data42-1,0,0,0,bytetrack,True,6537
60.27236975189116,61.83002017254387,1737,17,201,60.978522675156235,68.62779637132289,280,68.88480954566315,4800,5,2,57,True,7,0,True,291,confirmation38,4817,ace_v1,4817,4817,oracle_aabb,data42-1,0,5,2,bytetrack,True,6537
60.40902123329636,61.83002017254387,1737,17,201,61.04815795963544,69.03293993306325,271,69.0224873795319,4800,7,1,59,True,7,0,True,291,confirmation38,4817,cost_r,4817,4817,oracle_aabb,data42-1,0,7,1,bytetrack,True,6537
60.483019958436955,61.83002017254387,1737,17,201,61.086066333627684,69.27954905760085,259,69.20605782469022,4800,8,1,72,True,7,0,True,291,confirmation38,4817,cost_g_legacy,4817,4817,oracle_aabb,data42-1,0,8,1,bytetrack,True,6537
60.42393333486415,61.83002017254387,1737,17,201,61.055806167151594,69.06816980799718,269,69.05308245372494,4800,7,1,72,True,7,0,True,291,confirmation38,4817,cost_h,4817,4817,oracle_aabb,data42-1,0,7,1,bytetrack,True,6537
60.42174186174086,61.83002017254387,1737,17,201,61.054672279040446,69.06816980799718,265,69.11427260211106,4800,7,1,70,True,7,0,True,291,confirmation38,4817,path_g,4817,4817,oracle_aabb,data42-1,0,7,1,bytetrack,True,6537
60.41178979518625,61.83002017254387,1737,17,201,61.049583312892466,69.0505548705302,267,69.08367752791801,4800,7,1,66,True,7,0,True,291,confirmation38,4817,cost_h_margin_reassign,4817,4817,oracle_aabb,data42-1,0,7,1,bytetrack,True,6537
60.42393333486415,61.83002017254387,1737,17,201,61.055806167151594,69.06816980799718,269,69.05308245372494,4800,7,1,72,True,7,0,True,291,confirmation38,4817,cost_h_motion_reassign,4817,4817,oracle_aabb,data42-1,0,7,1,bytetrack,True,6537
60.402035584523915,61.83002017254387,1737,17,201,61.04458308268297,68.99771005812929,274,68.97659476824232,4800,7,1,58,True,7,0,True,291,confirmation38,4817,cost_h_full_postfilter,4817,4817,oracle_aabb,data42-1,0,7,1,bytetrack,True,6537
60.40862485709534,61.83002017254387,1737,17,201,61.04795179053062,69.03293993306325,270,69.03778491662842,4800,7,1,61,True,7,0,True,291,confirmation38,4817,cost_h_full_reassign,4817,4817,oracle_aabb,data42-1,0,7,1,bytetrack,True,6537
60.42174186174086,61.83002017254387,1737,17,201,61.054672279040446,69.06816980799718,265,69.11427260211106,4800,7,1,70,True,7,0,True,291,confirmation38,4817,cost_h_soft_information,4817,4817,oracle_aabb,data42-1,0,7,1,bytetrack,True,6537
60.40862485709534,61.83002017254387,1737,17,201,61.04795179053062,69.03293993306325,270,69.03778491662842,4800,7,1,61,True,7,0,True,291,confirmation38,4817,path_g_full_reassign,4817,4817,oracle_aabb,data42-1,0,7,1,bytetrack,True,6537
59.02664714467226,59.79139655939346,2617,0,147,59.407791262897106,58.75490102323803,180,57.2127887410127,3920,0,0,0,True,7,0,True,211,confirmation38,3920,no_refinement,3920,3920,oracle_aabb,data42-1,0,0,0,ocsort,True,6537
60.708619687345134,59.79139655939346,2617,0,147,60.24826263474519,60.38060629243569,138,57.85528529906685,3920,38,18,0,True,7,0,True,211,confirmation38,3920,ace_v1,3920,3920,oracle_aabb,data42-1,1,38,17,ocsort,True,6537
62.10238151591376,59.79139655939346,2617,0,147,60.93593451746438,61.16477001051926,134,57.91647544745297,3920,42,13,0,True,7,0,True,211,confirmation38,3920,cost_r,3920,3920,oracle_aabb,data42-1,1,42,12,ocsort,True,6537
61.73339234442557,59.79139655939346,2617,0,147,60.75463552817143,61.22214784354978,128,58.00826067003213,3920,45,19,0,True,7,0,True,211,confirmation38,3920,cost_g_legacy,3920,3920,oracle_aabb,data42-1,1,45,18,ocsort,True,6537
62.15751046428978,59.79139655939346,2617,0,147,60.96297525744865,61.24127378789328,131,57.96236805874254,3920,44,15,0,True,7,0,True,211,confirmation38,3920,cost_h,3920,3920,oracle_aabb,data42-1,1,44,14,ocsort,True,6537
62.15751046428978,59.79139655939346,2617,0,147,60.96297525744865,61.24127378789328,131,57.96236805874254,3920,44,15,0,True,7,0,True,211,confirmation38,3920,path_g,3920,3920,oracle_aabb,data42-1,1,44,14,ocsort,True,6537
62.14324534839466,59.79139655939346,2617,0,147,60.95597937087566,61.20302189920628,132,57.94707052164602,3920,44,14,0,True,7,0,True,211,confirmation38,3920,cost_h_margin_reassign,3920,3920,oracle_aabb,data42-1,1,44,13,ocsort,True,6537
62.21302030049799,59.79139655939346,2617,0,147,60.99019070945272,61.24127378789328,131,57.96236805874254,3920,44,14,0,True,7,0,True,211,confirmation38,3920,cost_h_motion_reassign,3920,3920,oracle_aabb,data42-1,1,44,13,ocsort,True,6537
62.15789135212199,59.79139655939346,2617,0,147,60.96316204114648,61.16477001051926,134,57.91647544745297,3920,42,12,0,True,7,0,True,211,confirmation38,3920,cost_h_full_postfilter,3920,3920,oracle_aabb,data42-1,1,42,11,ocsort,True,6537
62.15789135212199,59.79139655939346,2617,0,147,60.96316204114648,61.16477001051926,134,57.91647544745297,3920,42,12,0,True,7,0,True,211,confirmation38,3920,cost_h_full_reassign,3920,3920,oracle_aabb,data42-1,1,42,11,ocsort,True,6537
62.15751046428978,59.79139655939346,2617,0,147,60.96297525744865,61.24127378789328,131,57.96236805874254,3920,44,15,0,True,7,0,True,211,confirmation38,3920,cost_h_soft_information,3920,3920,oracle_aabb,data42-1,1,44,14,ocsort,True,6537
62.15789135212199,59.79139655939346,2617,0,147,60.96316204114648,61.16477001051926,134,57.91647544745297,3920,42,12,0,True,7,0,True,211,confirmation38,3920,path_g_full_reassign,3920,3920,oracle_aabb,data42-1,1,42,11,ocsort,True,6537
67.2884385347192,70.71382047813272,1913,0,131,68.97987070727682,67.61042917301317,144,68.53296619244301,4624,0,0,0,True,7,0,True,200,confirmation38,4624,no_refinement,4624,4624,oracle_aabb,data42-1,0,0,0,deepocsort,True,6537
67.4610830061286,70.71382047813272,1913,0,131,69.06830613926553,67.55667054923394,115,68.97659476824232,4624,28,20,0,True,7,0,True,200,confirmation38,4624,ace_v1,4624,4624,oracle_aabb,data42-1,0,28,20,deepocsort,True,6537
69.798834152921,70.68771282500515,1913,0,131,70.24186745813033,69.93996953677986,105,69.12957013920759,4624,38,12,0,True,7,0,True,200,confirmation38,4624,cost_r,4624,4624,oracle_aabb,data42-1,0,38,12,deepocsort,True,6537
69.43231454593841,70.68771282500515,1913,0,131,70.05720170908383,69.49198100528626,103,69.16016521340063,4624,39,17,0,True,7,0,True,200,confirmation38,4624,cost_g_legacy,4624,4624,oracle_aabb,data42-1,0,39,17,deepocsort,True,6537
69.80117536779052,70.68771282500515,1913,0,131,70.24304548586812,69.93996953677986,103,69.16016521340063,4624,39,15,0,True,7,0,True,200,confirmation38,4624,cost_h,4624,4624,oracle_aabb,data42-1,0,39,15,deepocsort,True,6537
69.80117536779052,70.68771282500515,1913,0,131,70.24304548586812,69.93996953677986,103,69.16016521340063,4624,39,15,0,True,7,0,True,200,confirmation38,4624,path_g,4624,4624,oracle_aabb,data42-1,0,39,15,deepocsort,True,6537
69.80732818069936,70.68771282500515,1913,0,131,70.2461412990156,69.93996953677986,103,69.16016521340063,4624,39,15,0,True,7,0,True,200,confirmation38,4624,cost_h_margin_reassign,4624,4624,oracle_aabb,data42-1,0,39,15,deepocsort,True,6537
68.7037099908518,70.68771282500515,1913,0,131,69.68865131278609,69.13359018009139,107,69.09897506501453,4624,34,15,0,True,7,0,True,200,confirmation38,4624,cost_h_motion_reassign,4624,4624,oracle_aabb,data42-1,0,34,15,deepocsort,True,6537
68.72766111383521,70.68771282500515,1913,0,131,69.70079749828703,69.11567063883165,108,69.08367752791801,4624,33,12,0,True,7,0,True,200,confirmation38,4624,cost_h_full_postfilter,4624,4624,oracle_aabb,data42-1,0,33,12,deepocsort,True,6537
68.72593013406038,70.68771282500515,1913,0,131,69.69991974813223,69.11567063883165,108,69.08367752791801,4624,33,13,0,True,7,0,True,200,confirmation38,4624,cost_h_full_reassign,4624,4624,oracle_aabb,data42-1,0,33,13,deepocsort,True,6537
69.80732818069936,70.68771282500515,1913,0,131,70.2461412990156,69.93996953677986,103,69.16016521340063,4624,39,15,0,True,7,0,True,200,confirmation38,4624,cost_h_soft_information,4624,4624,oracle_aabb,data42-1,0,39,15,deepocsort,True,6537
68.72593013406038,70.68771282500515,1913,0,131,69.69991974813223,69.11567063883165,108,69.08367752791801,4624,33,13,0,True,7,0,True,200,confirmation38,4624,path_g_full_reassign,4624,4624,oracle_aabb,data42-1,0,33,13,deepocsort,True,6537
60.640796369196806,41.20775453736596,1050,0,90,49.951635023153315,54.779169413315756,100,43.68266405484819,992,0,0,0,True,4,0,True,119,confirmation38,992,no_refinement,992,992,oracle_aabb,data42-2,0,0,0,bytetrack,True,2042
61.42899866981267,41.20775453736596,1050,0,90,50.27819491901171,56.03164139749506,73,45.004897159647406,992,0,0,39,True,4,0,True,119,confirmation38,992,ace_v1,992,992,oracle_aabb,data42-2,0,0,0,bytetrack,True,2042
61.42304269138674,41.20775453736596,1050,0,90,50.276298688229915,56.09756097560976,71,45.1028403525955,992,0,0,39,True,4,0,True,119,confirmation38,992,cost_r,992,992,oracle_aabb,data42-2,0,0,0,bytetrack,True,2042
61.615918906903225,41.20775453736596,1050,0,90,50.35587335702041,56.36123928806855,65,45.39666993143977,992,0,0,44,True,4,0,True,119,confirmation38,992,cost_g_legacy,992,992,oracle_aabb,data42-2,0,0,0,bytetrack,True,2042
61.438475506143156,41.20775453736596,1050,0,90,50.28263100266147,56.163480553724455,69,45.20078354554358,992,0,0,43,True,4,0,True,119,confirmation38,992,cost_h,992,992,oracle_aabb,data42-2,0,0,0,bytetrack,True,2042
61.4386411735894,41.20775453736596,1050,0,90,50.282699306563025,56.163480553724455,69,45.20078354554358,992,0,0,42,True,4,0,True,119,confirmation38,992,path_g,992,992,oracle_aabb,data42-2,0,0,0,bytetrack,True,2042
61.4386411735894,41.20775453736596,1050,0,90,50.282699306563025,56.163480553724455,69,45.20078354554358,992,0,0,42,True,4,0,True,119,confirmation38,992,cost_h_margin_reassign,992,992,oracle_aabb,data42-2,0,0,0,bytetrack,True,2042
61.438475506143156,41.20775453736596,1050,0,90,50.28263100266147,56.163480553724455,69,45.20078354554358,992,0,0,43,True,4,0,True,119,confirmation38,992,cost_h_motion_reassign,992,992,oracle_aabb,data42-2,0,0,0,bytetrack,True,2042
61.42304269138674,41.20775453736596,1050,0,90,50.276298688229915,56.09756097560976,71,45.1028403525955,992,0,0,39,True,4,0,True,119,confirmation38,992,cost_h_full_postfilter,992,992,oracle_aabb,data42-2,0,0,0,bytetrack,True,2042
61.42304269138674,41.20775453736596,1050,0,90,50.276298688229915,56.09756097560976,71,45.1028403525955,992,0,0,39,True,4,0,True,119,confirmation38,992,cost_h_full_reassign,992,992,oracle_aabb,data42-2,0,0,0,bytetrack,True,2042
61.438475506143156,41.20775453736596,1050,0,90,50.28263100266147,56.163480553724455,69,45.20078354554358,992,0,0,43,True,4,0,True,119,confirmation38,992,cost_h_soft_information,992,992,oracle_aabb,data42-2,0,0,0,bytetrack,True,2042
61.42304269138674,41.20775453736596,1050,0,90,50.276298688229915,56.09756097560976,71,45.1028403525955,992,0,0,39,True,4,0,True,119,confirmation38,992,path_g_full_reassign,992,992,oracle_aabb,data42-2,0,0,0,bytetrack,True,2042
68.37057900143752,38.348105055701325,1255,0,17,51.204317645811,48.21491693177801,57,35.74926542605289,787,0,0,0,True,4,0,True,80,confirmation38,787,no_refinement,787,787,oracle_aabb,data42-2,0,0,0,ocsort,True,2042
68.69713506315149,38.348105055701325,1255,0,17,51.32645469143222,50.47720042417816,27,37.21841332027424,787,30,3,0,True,4,0,True,80,confirmation38,787,ace_v1,787,787,oracle_aabb,data42-2,0,30,3,ocsort,True,2042
69.13922322055716,38.348105055701325,1255,0,17,51.49134095604067,50.75998586072817,23,37.414299706170425,787,34,1,0,True,4,0,True,80,confirmation38,787,cost_r,787,787,oracle_aabb,data42-2,0,34,1,ocsort,True,2042
69.13922322055716,38.348105055701325,1255,0,17,51.49134095604067,50.75998586072817,23,37.414299706170425,787,34,1,0,True,4,0,True,80,confirmation38,787,cost_g_legacy,787,787,oracle_aabb,data42-2,0,34,1,ocsort,True,2042
69.13922322055716,38.348105055701325,1255,0,17,51.49134095604067,50.75998586072817,23,37.414299706170425,787,34,1,0,True,4,0,True,80,confirmation38,787,cost_h,787,787,oracle_aabb,data42-2,0,34,1,ocsort,True,2042
69.13922322055716,38.348105055701325,1255,0,17,51.49134095604067,50.75998586072817,23,37.414299706170425,787,34,1,0,True,4,0,True,80,confirmation38,787,path_g,787,787,oracle_aabb,data42-2,0,34,1,ocsort,True,2042
69.13922322055716,38.348105055701325,1255,0,17,51.49134095604067,50.75998586072817,23,37.414299706170425,787,34,1,0,True,4,0,True,80,confirmation38,787,cost_h_margin_reassign,787,787,oracle_aabb,data42-2,0,34,1,ocsort,True,2042
69.13922322055716,38.348105055701325,1255,0,17,51.49134095604067,50.75998586072817,23,37.414299706170425,787,34,1,0,True,4,0,True,80,confirmation38,787,cost_h_motion_reassign,787,787,oracle_aabb,data42-2,0,34,1,ocsort,True,2042
69.13922322055716,38.348105055701325,1255,0,17,51.49134095604067,50.75998586072817,23,37.414299706170425,787,34,1,0,True,4,0,True,80,confirmation38,787,cost_h_full_postfilter,787,787,oracle_aabb,data42-2,0,34,1,ocsort,True,2042
69.13922322055716,38.348105055701325,1255,0,17,51.49134095604067,50.75998586072817,23,37.414299706170425,787,34,1,0,True,4,0,True,80,confirmation38,787,cost_h_full_reassign,787,787,oracle_aabb,data42-2,0,34,1,ocsort,True,2042
69.13922322055716,38.348105055701325,1255,0,17,51.49134095604067,50.75998586072817,23,37.414299706170425,787,34,1,0,True,4,0,True,80,confirmation38,787,cost_h_soft_information,787,787,oracle_aabb,data42-2,0,34,1,ocsort,True,2042
69.13922322055716,38.348105055701325,1255,0,17,51.49134095604067,50.75998586072817,23,37.414299706170425,787,34,1,0,True,4,0,True,80,confirmation38,787,path_g_full_reassign,787,787,oracle_aabb,data42-2,0,34,1,ocsort,True,2042
69.71248578867933,75.56317335945153,499,0,50,72.57889947476663,74.14225941422595,56,72.820763956905,1543,0,0,0,True,4,0,True,85,confirmation38,1543,no_refinement,1543,1543,oracle_aabb,data42-2,0,0,0,deepocsort,True,2042
73.62871679443046,75.56317335945153,499,0,50,74.58967416051307,78.04741980474198,34,73.89813907933399,1543,22,6,0,True,4,0,True,85,confirmation38,1543,ace_v1,1543,1543,oracle_aabb,data42-2,0,22,6,deepocsort,True,2042
75.50605894810592,75.56317335945153,499,0,50,75.53461075549865,79.442119944212,30,74.09402546523016,1543,27,2,0,True,4,0,True,85,confirmation38,1543,cost_r,1543,1543,oracle_aabb,data42-2,0,27,2,deepocsort,True,2042
74.95775191153115,75.56317335945153,499,0,50,75.25985385533104,78.99581589958159,30,74.09402546523016,1543,27,4,0,True,4,0,True,85,confirmation38,1543,cost_g_legacy,1543,1543,oracle_aabb,data42-2,0,27,4,deepocsort,True,2042
75.50605894810592,75.56317335945153,499,0,50,75.53461075549865,79.442119944212,30,74.09402546523016,1543,27,2,0,True,4,0,True,85,confirmation38,1543,cost_h,1543,1543,oracle_aabb,data42-2,0,27,2,deepocsort,True,2042
75.50605894810592,75.56317335945153,499,0,50,75.53461075549865,79.442119944212,30,74.09402546523016,1543,27,2,0,True,4,0,True,85,confirmation38,1543,path_g,1543,1543,oracle_aabb,data42-2,0,27,2,deepocsort,True,2042
75.50605894810592,75.56317335945153,499,0,50,75.53461075549865,79.442119944212,30,74.09402546523016,1543,27,2,0,True,4,0,True,85,confirmation38,1543,cost_h_margin_reassign,1543,1543,oracle_aabb,data42-2,0,27,2,deepocsort,True,2042
74.84374044725787,75.56317335945153,499,0,50,75.2025965927104,78.54951185495118,32,73.99608227228207,1543,25,2,0,True,4,0,True,85,confirmation38,1543,cost_h_motion_reassign,1543,1543,oracle_aabb,data42-2,0,25,2,deepocsort,True,2042
74.84374044725787,75.56317335945153,499,0,50,75.2025965927104,78.54951185495118,32,73.99608227228207,1543,25,2,0,True,4,0,True,85,confirmation38,1543,cost_h_full_postfilter,1543,1543,oracle_aabb,data42-2,0,25,2,deepocsort,True,2042
74.84374044725787,75.56317335945153,499,0,50,75.2025965927104,78.54951185495118,32,73.99608227228207,1543,25,2,0,True,4,0,True,85,confirmation38,1543,cost_h_full_reassign,1543,1543,oracle_aabb,data42-2,0,25,2,deepocsort,True,2042
75.50605894810592,75.56317335945153,499,0,50,75.53461075549865,79.442119944212,30,74.09402546523016,1543,27,2,0,True,4,0,True,85,confirmation38,1543,cost_h_soft_information,1543,1543,oracle_aabb,data42-2,0,27,2,deepocsort,True,2042
74.84374044725787,75.56317335945153,499,0,50,75.2025965927104,78.54951185495118,32,73.99608227228207,1543,25,2,0,True,4,0,True,85,confirmation38,1543,path_g_full_reassign,1543,1543,oracle_aabb,data42-2,0,25,2,deepocsort,True,2042
59.032126035626185,78.8384911582783,115,0,56,68.16675013547977,75.50615323541088,115,82.53606681852695,1202,0,0,0,True,5,0,True,46,confirmation38,1202,no_refinement,1202,1202,oracle_aabb,data42-3,0,0,0,bytetrack,True,1317
59.62559851894401,78.8384911582783,115,0,56,68.51227453539292,76.45891226677253,113,82.6879271070615,1202,2,0,6,True,5,0,True,46,confirmation38,1202,ace_v1,1202,1202,oracle_aabb,data42-3,0,2,0,bytetrack,True,1317
59.667024751378925,78.8384911582783,115,0,56,68.53638642420758,76.53830885271933,109,82.9916476841306,1202,2,1,7,True,5,0,True,46,confirmation38,1202,cost_r,1202,1202,oracle_aabb,data42-3,0,2,1,bytetrack,True,1317
59.875642842415346,78.8384911582783,115,0,56,68.657755126907,77.09408495434697,107,83.14350797266515,1202,2,1,17,True,5,0,True,46,confirmation38,1202,cost_g_legacy,1202,1202,oracle_aabb,data42-3,0,2,1,bytetrack,True,1317
59.722778252752754,78.8384911582783,115,0,56,68.56885625547523,76.77649861055976,108,83.06757782839787,1202,2,1,13,True,5,0,True,46,confirmation38,1202,cost_h,1202,1202,oracle_aabb,data42-3,0,2,1,bytetrack,True,1317
59.771146371233364,78.8384911582783,115,0,56,68.59698260931154,76.85589519650655,108,83.06757782839787,1202,2,1,13,True,5,0,True,46,confirmation38,1202,path_g,1202,1202,oracle_aabb,data42-3,0,2,1,bytetrack,True,1317
59.722778252752754,78.8384911582783,115,0,56,68.56885625547523,76.77649861055976,108,83.06757782839787,1202,2,1,13,True,5,0,True,46,confirmation38,1202,cost_h_margin_reassign,1202,1202,oracle_aabb,data42-3,0,2,1,bytetrack,True,1317
59.722778252752754,78.8384911582783,115,0,56,68.56885625547523,76.77649861055976,108,83.06757782839787,1202,2,1,13,True,5,0,True,46,confirmation38,1202,cost_h_motion_reassign,1202,1202,oracle_aabb,data42-3,0,2,1,bytetrack,True,1317
59.70904587482529,78.8384911582783,115,0,56,68.56085799904221,76.69710202461295,108,83.06757782839787,1202,2,1,10,True,5,0,True,46,confirmation38,1202,cost_h_full_postfilter,1202,1202,oracle_aabb,data42-3,0,2,1,bytetrack,True,1317
59.69454059577489,78.8384911582783,115,0,56,68.5523766550936,76.61770543866614,109,82.9916476841306,1202,2,1,10,True,5,0,True,46,confirmation38,1202,cost_h_full_reassign,1202,1202,oracle_aabb,data42-3,0,2,1,bytetrack,True,1317
59.75362566692899,78.8384911582783,115,0,56,68.5867805012051,76.85589519650655,107,83.14350797266515,1202,2,1,13,True,5,0,True,46,confirmation38,1202,cost_h_soft_information,1202,1202,oracle_aabb,data42-3,0,2,1,bytetrack,True,1317
59.68705969114099,78.8384911582783,115,0,56,68.54807753046384,76.61770543866614,108,83.06757782839787,1202,2,1,9,True,5,0,True,46,confirmation38,1202,path_g_full_reassign,1202,1202,oracle_aabb,data42-3,0,2,1,bytetrack,True,1317
67.53843746839166,80.67416216837715,253,0,27,73.81467904671145,74.9265014699706,72,75.32270311313592,1064,0,0,0,True,5,0,True,55,confirmation38,1064,no_refinement,1064,1064,oracle_aabb,data42-3,0,0,0,ocsort,True,1317
69.47375762385334,80.78967350037965,253,0,27,74.91837021235594,77.36245275094498,49,77.06909643128323,1064,21,6,0,True,5,0,True,55,confirmation38,1064,ace_v1,1064,1064,oracle_aabb,data42-3,0,21,6,ocsort,True,1317
69.59399903804254,80.78967350037965,253,0,27,74.98317451181428,77.95044099118019,41,77.67653758542141,1064,29,4,0,True,5,0,True,55,confirmation38,1064,cost_r,1064,1064,oracle_aabb,data42-3,0,29,4,ocsort,True,1317
69.5770152758165,80.78967350037965,253,0,27,74.97402448357794,77.95044099118019,40,77.75246772968869,1064,31,5,0,True,5,0,True,55,confirmation38,1064,cost_g_legacy,1064,1064,oracle_aabb,data42-3,0,31,5,ocsort,True,1317
69.68647179624182,80.78967350037965,253,0,27,75.03297477650605,78.37043259134818,39,77.82839787395595,1064,31,4,0,True,5,0,True,55,confirmation38,1064,cost_h,1064,1064,oracle_aabb,data42-3,0,31,4,ocsort,True,1317
69.61825322188928,80.78967350037965,253,0,27,74.99623955548162,78.03443931121377,41,77.67653758542141,1064,30,4,0,True,5,0,True,55,confirmation38,1064,path_g,1064,1064,oracle_aabb,data42-3,0,30,4,ocsort,True,1317
69.68647179624182,80.78967350037965,253,0,27,75.03297477650605,78.37043259134818,39,77.82839787395595,1064,31,4,0,True,5,0,True,55,confirmation38,1064,cost_h_margin_reassign,1064,1064,oracle_aabb,data42-3,0,31,4,ocsort,True,1317
69.68647179624182,80.78967350037965,253,0,27,75.03297477650605,78.37043259134818,39,77.82839787395595,1064,31,4,0,True,5,0,True,55,confirmation38,1064,cost_h_motion_reassign,1064,1064,oracle_aabb,data42-3,0,31,4,ocsort,True,1317
69.6014897603207,80.78967350037965,253,0,27,74.98720979524659,77.95044099118019,41,77.67653758542141,1064,29,3,0,True,5,0,True,55,confirmation38,1064,cost_h_full_postfilter,1064,1064,oracle_aabb,data42-3,0,29,3,ocsort,True,1317
69.59399903804254,80.78967350037965,253,0,27,74.98317451181428,77.95044099118019,41,77.67653758542141,1064,29,4,0,True,5,0,True,55,confirmation38,1064,cost_h_full_reassign,1064,1064,oracle_aabb,data42-3,0,29,4,ocsort,True,1317
69.68647179624182,80.78967350037965,253,0,27,75.03297477650605,78.37043259134818,39,77.82839787395595,1064,31,4,0,True,5,0,True,55,confirmation38,1064,cost_h_soft_information,1064,1064,oracle_aabb,data42-3,0,31,4,ocsort,True,1317
69.59399903804254,80.78967350037965,253,0,27,74.98317451181428,77.95044099118019,41,77.67653758542141,1064,29,4,0,True,5,0,True,55,confirmation38,1064,path_g_full_reassign,1064,1064,oracle_aabb,data42-3,0,29,4,ocsort,True,1317
97.07587985658247,94.38116932422173,74,0,5,95.71904227499311,96.171875,8,93.77372817008353,1243,0,0,0,True,5,0,True,16,confirmation38,1243,no_refinement,1243,1243,oracle_aabb,data42-3,0,0,0,deepocsort,True,1317
97.83964078877048,94.38116932422173,74,0,5,96.09484743682137,96.953125,1,94.30523917995444,1243,7,0,0,True,5,0,True,16,confirmation38,1243,ace_v1,1243,1243,oracle_aabb,data42-3,0,7,0,deepocsort,True,1317
97.83964078877048,94.38116932422173,74,0,5,96.09484743682137,96.953125,1,94.30523917995444,1243,7,0,0,True,5,0,True,16,confirmation38,1243,cost_r,1243,1243,oracle_aabb,data42-3,0,7,0,deepocsort,True,1317
97.83964078877048,94.38116932422173,74,0,5,96.09484743682137,96.953125,1,94.30523917995444,1243,7,0,0,True,5,0,True,16,confirmation38,1243,cost_g_legacy,1243,1243,oracle_aabb,data42-3,0,7,0,deepocsort,True,1317
97.83964078877048,94.38116932422173,74,0,5,96.09484743682137,96.953125,1,94.30523917995444,1243,7,0,0,True,5,0,True,16,confirmation38,1243,cost_h,1243,1243,oracle_aabb,data42-3,0,7,0,deepocsort,True,1317
97.83964078877048,94.38116932422173,74,0,5,96.09484743682137,96.953125,1,94.30523917995444,1243,7,0,0,True,5,0,True,16,confirmation38,1243,path_g,1243,1243,oracle_aabb,data42-3,0,7,0,deepocsort,True,1317
97.83964078877048,94.38116932422173,74,0,5,96.09484743682137,96.953125,1,94.30523917995444,1243,7,0,0,True,5,0,True,16,confirmation38,1243,cost_h_margin_reassign,1243,1243,oracle_aabb,data42-3,0,7,0,deepocsort,True,1317
97.83964078877048,94.38116932422173,74,0,5,96.09484743682137,96.953125,1,94.30523917995444,1243,7,0,0,True,5,0,True,16,confirmation38,1243,cost_h_motion_reassign,1243,1243,oracle_aabb,data42-3,0,7,0,deepocsort,True,1317
97.83964078877048,94.38116932422173,74,0,5,96.09484743682137,96.953125,1,94.30523917995444,1243,7,0,0,True,5,0,True,16,confirmation38,1243,cost_h_full_postfilter,1243,1243,oracle_aabb,data42-3,0,7,0,deepocsort,True,1317
97.83964078877048,94.38116932422173,74,0,5,96.09484743682137,96.953125,1,94.30523917995444,1243,7,0,0,True,5,0,True,16,confirmation38,1243,cost_h_full_reassign,1243,1243,oracle_aabb,data42-3,0,7,0,deepocsort,True,1317
97.83964078877048,94.38116932422173,74,0,5,96.09484743682137,96.953125,1,94.30523917995444,1243,7,0,0,True,5,0,True,16,confirmation38,1243,cost_h_soft_information,1243,1243,oracle_aabb,data42-3,0,7,0,deepocsort,True,1317
97.83964078877048,94.38116932422173,74,0,5,96.09484743682137,96.953125,1,94.30523917995444,1243,7,0,0,True,5,0,True,16,confirmation38,1243,path_g_full_reassign,1243,1243,oracle_aabb,data42-3,0,7,0,deepocsort,True,1317
37.58549515628597,67.10806620173578,1531,36,493,50.06106071623934,55.6466236309567,751,69.66365658945163,6110,0,0,0,True,7,0,True,466,confirmation38,6146,no_refinement,6146,6146,oracle_aabb,data46-11,0,0,0,bytetrack,True,7641
41.87806366192832,67.1422075175091,1531,36,493,52.876948460985886,60.83992166533692,636,71.16869519696375,6110,46,16,110,True,7,0,True,466,confirmation38,6146,ace_v1,6146,6146,oracle_aabb,data46-11,3,44,15,bytetrack,True,7641
42.29537683285135,67.11783292337756,1531,36,493,53.133271830049765,61.33313991441213,611,71.49587750294464,6110,49,12,125,True,7,0,True,466,confirmation38,6146,cost_r,6146,6146,oracle_aabb,data46-11,1,48,12,bytetrack,True,7641
44.36843649085713,67.13239554477302,1531,36,493,54.44851975612251,64.42300718067744,532,72.52977358984425,6110,58,22,191,True,7,0,True,466,confirmation38,6146,cost_g_legacy,6146,6146,oracle_aabb,data46-11,2,57,21,bytetrack,True,7641
43.23539793673083,67.14283900316197,1531,36,493,53.74630431666713,63.08841662435628,603,71.60057584085853,6110,50,19,175,True,7,0,True,466,confirmation38,6146,cost_h,6146,6146,oracle_aabb,data46-11,2,49,18,bytetrack,True,7641
42.61856991972758,67.0772537461087,1531,36,493,53.325856096064506,62.07296728802495,598,71.66601230205471,6110,51,16,161,True,7,0,True,466,confirmation38,6146,path_g,6146,6146,oracle_aabb,data46-11,3,49,15,bytetrack,True,7641
42.87190171175858,67.14283900316197,1531,36,493,53.51210691841718,62.31957641256256,598,71.66601230205471,6110,51,17,153,True,7,0,True,466,confirmation38,6146,cost_h_margin_reassign,6146,6146,oracle_aabb,data46-11,3,50,15,bytetrack,True,7641
43.17554059168731,67.14283900316197,1531,36,493,53.70821331638276,62.91433959527091,607,71.54822667190159,6110,50,17,175,True,7,0,True,466,confirmation38,6146,cost_h_motion_reassign,6146,6146,oracle_aabb,data46-11,1,49,17,bytetrack,True,7641
42.51433254865815,67.13136470014281,1531,36,493,53.28161332381982,61.681293972582864,615,71.4435283339877,6110,48,14,120,True,7,0,True,466,confirmation38,6146,cost_h_full_postfilter,6146,6146,oracle_aabb,data46-11,1,48,13,bytetrack,True,7641
42.77665521698471,67.11783292337756,1531,36,493,53.44088253315903,61.94240951621093,605,71.57440125638006,6110,50,13,135,True,7,0,True,466,confirmation38,6146,cost_h_full_reassign,6146,6146,oracle_aabb,data46-11,2,49,12,bytetrack,True,7641
43.31269853155579,67.12136508811741,1531,36,493,53.78465958050105,62.92884601436135,594,71.71836147101165,6110,52,16,169,True,7,0,True,466,confirmation38,6146,cost_h_soft_information,6146,6146,oracle_aabb,data46-11,3,51,14,bytetrack,True,7641
42.34986416816344,67.11783292337756,1531,36,493,53.168700509814606,61.46369768622616,609,71.52205208742312,6110,49,15,132,True,7,0,True,466,confirmation38,6146,path_g_full_reassign,6146,6146,oracle_aabb,data46-11,2,48,14,bytetrack,True,7641
40.63041321832863,64.40780018191936,2701,0,305,51.155795978984166,52.82568953183372,422,59.1283863368669,4940,0,0,0,True,7,0,True,339,confirmation38,4940,no_refinement,4940,4940,oracle_aabb,data46-11,0,0,0,ocsort,True,7641
46.773456848350186,64.40780018191936,2701,0,305,54.88693094697813,58.08759240123996,311,60.581075775422065,4940,122,39,0,True,7,0,True,339,confirmation38,4940,ace_v1,4940,4940,oracle_aabb,data46-11,4,120,37,ocsort,True,7641
49.18559350573998,64.42475447625733,2701,0,305,56.29182629579622,60.027024878785475,264,61.196178510666144,4940,160,20,0,True,7,0,True,339,confirmation38,4940,cost_r,4940,4940,oracle_aabb,data46-11,6,157,17,ocsort,True,7641
50.248308569584275,64.44624644106095,2701,0,305,56.906192881980054,61.15571099276686,238,61.536448108886276,4940,177,37,0,True,7,0,True,339,confirmation38,4940,cost_g_legacy,4940,4940,oracle_aabb,data46-11,6,174,34,ocsort,True,7641
49.91932690804548,64.43041932223935,2701,0,305,56.71263581026014,60.853668229870436,252,61.353226017536976,4940,174,32,0,True,7,0,True,339,confirmation38,4940,cost_h,4940,4940,oracle_aabb,data46-11,6,171,29,ocsort,True,7641
49.997458559574994,64.44624644106095,2701,0,305,56.76397146962937,60.94905015499563,256,61.30087684858003,4940,170,31,0,True,7,0,True,339,confirmation38,4940,path_g,4940,4940,oracle_aabb,data46-11,6,167,28,ocsort,True,7641
49.790230901743605,64.42475447625733,2701,0,305,56.636766559889736,60.6470073920992,253,61.340138725297734,4940,170,25,0,True,7,0,True,339,confirmation38,4940,cost_h_margin_reassign,4940,4940,oracle_aabb,data46-11,6,167,22,ocsort,True,7641
49.91932690804548,64.43041932223935,2701,0,305,56.71263581026014,60.853668229870436,252,61.353226017536976,4940,174,32,0,True,7,0,True,339,confirmation38,4940,cost_h_motion_reassign,4940,4940,oracle_aabb,data46-11,6,171,29,ocsort,True,7641
49.567964912002424,64.40893149269634,2701,0,305,56.503270271864736,60.40855257928622,259,61.26161497186232,4940,165,22,0,True,7,0,True,339,confirmation38,4940,cost_h_full_postfilter,4940,4940,oracle_aabb,data46-11,6,162,19,ocsort,True,7641
49.41908124084412,64.42475447625733,2701,0,305,56.42527890905269,60.26547969159844,257,61.28778955634079,4940,165,24,0,True,7,0,True,339,confirmation38,4940,cost_h_full_reassign,4940,4940,oracle_aabb,data46-11,6,162,21,ocsort,True,7641
49.7519235947389,64.44624644106095,2701,0,305,56.62441747808634,60.71059534218266,252,61.353226017536976,4940,171,32,0,True,7,0,True,339,confirmation38,4940,cost_h_soft_information,4940,4940,oracle_aabb,data46-11,6,168,29,ocsort,True,7641
49.664666015314225,64.42475447625733,2701,0,305,56.565305921723095,60.50393450441142,261,61.23544038738385,4940,164,23,0,True,7,0,True,339,confirmation38,4940,path_g_full_reassign,4940,4940,oracle_aabb,data46-11,6,161,20,ocsort,True,7641
93.94391506586915,94.67731108938807,381,0,32,94.3098961059697,94.97349171196564,27,94.66038476639184,7260,0,0,0,True,7,0,True,21,confirmation38,7260,no_refinement,7260,7260,oracle_aabb,data46-11,0,0,0,deepocsort,True,7641
94.27766613597171,94.67731108938807,381,0,32,94.47727295769106,95.38957116972016,22,94.72582122758801,7260,5,2,0,True,7,0,True,21,confirmation38,7260,ace_v1,7260,7260,oracle_aabb,data46-11,0,5,2,deepocsort,True,7641
94.41622677458746,94.67731108938807,381,0,32,94.5466745814979,95.44325884168848,21,94.73890851982725,7260,6,1,0,True,7,0,True,21,confirmation38,7260,cost_r,7260,7260,oracle_aabb,data46-11,0,6,1,deepocsort,True,7641
94.41622677458746,94.67731108938807,381,0,32,94.5466745814979,95.44325884168848,21,94.73890851982725,7260,6,1,0,True,7,0,True,21,confirmation38,7260,cost_g_legacy,7260,7260,oracle_aabb,data46-11,0,6,1,deepocsort,True,7641
94.41622677458746,94.67731108938807,381,0,32,94.5466745814979,95.44325884168848,21,94.73890851982725,7260,6,1,0,True,7,0,True,21,confirmation38,7260,cost_h,7260,7260,oracle_aabb,data46-11,0,6,1,deepocsort,True,7641
94.41622677458746,94.67731108938807,381,0,32,94.5466745814979,95.44325884168848,21,94.73890851982725,7260,6,1,0,True,7,0,True,21,confirmation38,7260,path_g,7260,7260,oracle_aabb,data46-11,0,6,1,deepocsort,True,7641
94.41622677458746,94.67731108938807,381,0,32,94.5466745814979,95.44325884168848,21,94.73890851982725,7260,6,1,0,True,7,0,True,21,confirmation38,7260,cost_h_margin_reassign,7260,7260,oracle_aabb,data46-11,0,6,1,deepocsort,True,7641
94.31549242645646,94.67731108938807,381,0,32,94.49622439019566,95.38957116972016,22,94.72582122758801,7260,5,1,0,True,7,0,True,21,confirmation38,7260,cost_h_motion_reassign,7260,7260,oracle_aabb,data46-11,0,5,1,deepocsort,True,7641
94.31549242645646,94.67731108938807,381,0,32,94.49622439019566,95.38957116972016,22,94.72582122758801,7260,5,1,0,True,7,0,True,21,confirmation38,7260,cost_h_full_postfilter,7260,7260,oracle_aabb,data46-11,0,5,1,deepocsort,True,7641
94.31549242645646,94.67731108938807,381,0,32,94.49622439019566,95.38957116972016,22,94.72582122758801,7260,5,1,0,True,7,0,True,21,confirmation38,7260,cost_h_full_reassign,7260,7260,oracle_aabb,data46-11,0,5,1,deepocsort,True,7641
94.41622677458746,94.67731108938807,381,0,32,94.5466745814979,95.44325884168848,21,94.73890851982725,7260,6,1,0,True,7,0,True,21,confirmation38,7260,cost_h_soft_information,7260,7260,oracle_aabb,data46-11,0,6,1,deepocsort,True,7641
94.31549242645646,94.67731108938807,381,0,32,94.49622439019566,95.38957116972016,22,94.72582122758801,7260,5,1,0,True,7,0,True,21,confirmation38,7260,path_g_full_reassign,7260,7260,oracle_aabb,data46-11,0,5,1,deepocsort,True,7641
74.58033510185098,75.12344843474142,575,3,191,74.70732473714371,80.91334894613583,219,82.5065847234416,3981,0,0,0,True,7,0,True,145,confirmation38,3984,no_refinement,3984,3984,oracle_aabb,data46-12,0,0,0,bytetrack,True,4556
75.8187139196994,75.12344843474142,575,3,191,75.34015191751608,83.86416861826697,166,83.66988586479368,3981,4,0,69,True,7,0,True,145,confirmation38,3984,ace_v1,3984,3984,oracle_aabb,data46-12,0,4,0,bytetrack,True,4556
76.73238494503559,75.12344843474142,575,3,191,75.80354544182296,85.99531615925059,151,83.99912203687445,3981,5,0,81,True,7,0,True,145,confirmation38,3984,cost_r,3984,3984,oracle_aabb,data46-12,0,5,0,bytetrack,True,4556
77.53783166591278,75.12344843474142,575,3,191,76.20855459781433,87.096018735363,115,84.7892888498683,3981,5,0,108,True,7,0,True,145,confirmation38,3984,cost_g_legacy,3984,3984,oracle_aabb,data46-12,0,5,0,bytetrack,True,4556
76.72968538439513,75.12344843474142,575,3,191,75.80237312230793,86.04215456674473,149,84.04302019315189,3981,6,0,98,True,7,0,True,145,confirmation38,3984,cost_h,3984,3984,oracle_aabb,data46-12,0,6,0,bytetrack,True,4556
76.91866768500091,75.12344843474142,575,3,191,75.89773171067942,86.39344262295083,147,84.08691834942933,3981,5,0,95,True,7,0,True,145,confirmation38,3984,path_g,3984,3984,oracle_aabb,data46-12,0,5,0,bytetrack,True,4556
76.91085600138895,75.12344843474142,575,3,191,75.89365645457612,86.46370023419205,146,84.10886742756804,3981,5,0,90,True,7,0,True,145,confirmation38,3984,cost_h_margin_reassign,3984,3984,oracle_aabb,data46-12,0,5,0,bytetrack,True,4556
76.7398195235463,75.12344843474142,575,3,191,75.80751712163297,86.08899297423888,150,84.02107111501317,3981,6,0,98,True,7,0,True,145,confirmation38,3984,cost_h_motion_reassign,3984,3984,oracle_aabb,data46-12,0,6,0,bytetrack,True,4556
76.54664432651003,75.12344843474142,575,3,191,75.70985406184603,85.43325526932084,156,83.88937664618086,3981,6,0,73,True,7,0,True,145,confirmation38,3984,cost_h_full_postfilter,3984,3984,oracle_aabb,data46-12,0,6,0,bytetrack,True,4556
76.81767096158816,75.12344843474142,575,3,191,75.84666994672092,86.20608899297424,151,83.99912203687445,3981,5,0,83,True,7,0,True,145,confirmation38,3984,cost_h_full_reassign,3984,3984,oracle_aabb,data46-12,0,5,0,bytetrack,True,4556
76.72983625561844,75.12344843474142,575,3,191,75.80249465030597,85.99531615925059,144,84.15276558384548,3981,5,0,98,True,7,0,True,145,confirmation38,3984,cost_h_soft_information,3984,3984,oracle_aabb,data46-12,0,5,0,bytetrack,True,4556
76.81767096158816,75.12344843474142,575,3,191,75.84666994672092,86.20608899297424,151,83.99912203687445,3981,5,0,83,True,7,0,True,145,confirmation38,3984,path_g_full_reassign,3984,3984,oracle_aabb,data46-12,0,5,0,bytetrack,True,4556
86.27431181624698,76.93151887620718,1051,0,88,81.46909750343005,80.16375139560849,138,73.90254609306409,3505,0,0,0,True,7,0,True,152,confirmation38,3505,no_refinement,3505,3505,oracle_aabb,data46-12,0,0,0,ocsort,True,4556
88.96052708552158,76.89677954145448,1051,0,88,82.70899600377412,83.38915767274531,82,75.13169446883231,3505,57,17,0,True,7,0,True,152,confirmation38,3505,ace_v1,3505,3505,oracle_aabb,data46-12,1,56,17,ocsort,True,4556
89.27153745456839,76.89677954145448,1051,0,88,82.85344721552241,84.25753628582062,65,75.50482879719051,3505,77,5,0,True,7,0,True,152,confirmation38,3505,cost_r,3505,3505,oracle_aabb,data46-12,2,76,4,ocsort,True,4556
89.41779699653812,76.89882303173404,1051,0,88,82.92239334517012,84.82818508869867,55,75.7243195785777,3505,85,14,0,True,7,0,True,152,confirmation38,3505,cost_g_legacy,3505,3505,oracle_aabb,data46-12,3,84,12,ocsort,True,4556
89.38331157560235,76.89677954145448,1051,0,88,82.90530010410836,84.72894181863292,56,75.70237050043899,3505,82,15,0,True,7,0,True,152,confirmation38,3505,cost_h,3505,3505,oracle_aabb,data46-12,4,81,12,ocsort,True,4556
89.40700220000485,76.89677954145448,1051,0,88,82.91628620515854,84.7785634536658,58,75.65847234416154,3505,83,12,0,True,7,0,True,152,confirmation38,3505,path_g,3505,3505,oracle_aabb,data46-12,3,82,10,ocsort,True,4556
89.38725755995515,76.89677954145448,1051,0,88,82.90713008443879,84.7041310011165,59,75.63652326602282,3505,82,12,0,True,7,0,True,152,confirmation38,3505,cost_h_margin_reassign,3505,3505,oracle_aabb,data46-12,3,81,10,ocsort,True,4556
89.38331157560235,76.89677954145448,1051,0,88,82.90530010410836,84.72894181863292,56,75.70237050043899,3505,82,15,0,True,7,0,True,152,confirmation38,3505,cost_h_motion_reassign,3505,3505,oracle_aabb,data46-12,4,81,12,ocsort,True,4556
89.2787209155257,76.89677954145448,1051,0,88,82.85678065495527,84.28234710333705,65,75.50482879719051,3505,76,5,0,True,7,0,True,152,confirmation38,3505,cost_h_full_postfilter,3505,3505,oracle_aabb,data46-12,2,75,4,ocsort,True,4556
89.3083890141926,76.89677954145448,1051,0,88,82.87054652723711,84.3815903734028,64,75.52677787532923,3505,79,5,0,True,7,0,True,152,confirmation38,3505,cost_h_full_reassign,3505,3505,oracle_aabb,data46-12,2,78,4,ocsort,True,4556
89.40108843677645,76.89677954145448,1051,0,88,82.91354394013753,84.80337427118224,56,75.70237050043899,3505,84,13,0,True,7,0,True,152,confirmation38,3505,cost_h_soft_information,3505,3505,oracle_aabb,data46-12,4,83,10,ocsort,True,4556
89.3083890141926,76.89677954145448,1051,0,88,82.87054652723711,84.3815903734028,64,75.52677787532923,3505,79,5,0,True,7,0,True,152,confirmation38,3505,path_g_full_reassign,3505,3505,oracle_aabb,data46-12,2,78,4,ocsort,True,4556
97.7716081357378,97.87093942054432,97,0,13,97.8212611700646,98.56905158069883,3,97.80509218612818,4459,0,0,0,True,7,0,True,14,confirmation38,4459,no_refinement,4459,4459,oracle_aabb,data46-12,0,0,0,deepocsort,True,4556
98.22719157168318,97.87093942054432,97,0,13,98.04890369485223,98.92401552967277,0,97.87093942054433,4459,3,0,0,True,7,0,True,14,confirmation38,4459,ace_v1,4459,4459,oracle_aabb,data46-12,0,3,0,deepocsort,True,4556
98.22719157168318,97.87093942054432,97,0,13,98.04890369485223,98.92401552967277,0,97.87093942054433,4459,3,0,0,True,7,0,True,14,confirmation38,4459,cost_r,4459,4459,oracle_aabb,data46-12,0,3,0,deepocsort,True,4556
98.22719157168318,97.87093942054432,97,0,13,98.04890369485223,98.92401552967277,0,97.87093942054433,4459,3,0,0,True,7,0,True,14,confirmation38,4459,cost_g_legacy,4459,4459,oracle_aabb,data46-12,0,3,0,deepocsort,True,4556
98.22719157168318,97.87093942054432,97,0,13,98.04890369485223,98.92401552967277,0,97.87093942054433,4459,3,0,0,True,7,0,True,14,confirmation38,4459,cost_h,4459,4459,oracle_aabb,data46-12,0,3,0,deepocsort,True,4556
98.22719157168318,97.87093942054432,97,0,13,98.04890369485223,98.92401552967277,0,97.87093942054433,4459,3,0,0,True,7,0,True,14,confirmation38,4459,path_g,4459,4459,oracle_aabb,data46-12,0,3,0,deepocsort,True,4556
98.22719157168318,97.87093942054432,97,0,13,98.04890369485223,98.92401552967277,0,97.87093942054433,4459,3,0,0,True,7,0,True,14,confirmation38,4459,cost_h_margin_reassign,4459,4459,oracle_aabb,data46-12,0,3,0,deepocsort,True,4556
98.22719157168318,97.87093942054432,97,0,13,98.04890369485223,98.92401552967277,0,97.87093942054433,4459,3,0,0,True,7,0,True,14,confirmation38,4459,cost_h_motion_reassign,4459,4459,oracle_aabb,data46-12,0,3,0,deepocsort,True,4556
98.22719157168318,97.87093942054432,97,0,13,98.04890369485223,98.92401552967277,0,97.87093942054433,4459,3,0,0,True,7,0,True,14,confirmation38,4459,cost_h_full_postfilter,4459,4459,oracle_aabb,data46-12,0,3,0,deepocsort,True,4556
98.22719157168318,97.87093942054432,97,0,13,98.04890369485223,98.92401552967277,0,97.87093942054433,4459,3,0,0,True,7,0,True,14,confirmation38,4459,cost_h_full_reassign,4459,4459,oracle_aabb,data46-12,0,3,0,deepocsort,True,4556
98.22719157168318,97.87093942054432,97,0,13,98.04890369485223,98.92401552967277,0,97.87093942054433,4459,3,0,0,True,7,0,True,14,confirmation38,4459,cost_h_soft_information,4459,4459,oracle_aabb,data46-12,0,3,0,deepocsort,True,4556
98.22719157168318,97.87093942054432,97,0,13,98.04890369485223,98.92401552967277,0,97.87093942054433,4459,3,0,0,True,7,0,True,14,confirmation38,4459,path_g_full_reassign,4459,4459,oracle_aabb,data46-12,0,3,0,deepocsort,True,4556
8.701329827659327,25.560825053202237,169,0,23,14.888225669703017,14.860681114551083,44,13.414634146341465,77,0,0,0,True,2,0,True,28,confirmation38,77,no_refinement,77,77,oracle_aabb,data47-1,0,0,0,bytetrack,True,246
10.900151442620123,25.560825053202237,169,0,23,16.674100941205978,15.479876160990713,41,14.634146341463413,77,0,0,8,True,2,0,True,28,confirmation38,77,ace_v1,77,77,oracle_aabb,data47-1,0,0,0,bytetrack,True,246
11.000500917763874,25.560825053202237,169,0,23,16.751705156559694,15.479876160990713,40,15.040650406504067,77,0,0,8,True,2,0,True,28,confirmation38,77,cost_r,77,77,oracle_aabb,data47-1,0,0,0,bytetrack,True,246
11.327362535766946,25.560825053202237,169,0,23,17.000798691936893,16.09907120743034,39,15.447154471544716,77,0,0,13,True,2,0,True,28,confirmation38,77,cost_g_legacy,77,77,oracle_aabb,data47-1,0,0,0,bytetrack,True,246
11.42771463300715,25.560825053202237,169,0,23,17.073445539370862,16.718266253869967,37,16.260162601626014,77,0,0,14,True,2,0,True,28,confirmation38,77,cost_h,77,77,oracle_aabb,data47-1,0,0,0,bytetrack,True,246
11.101964006640982,25.560825053202237,169,0,23,16.827845558565592,15.479876160990713,40,15.040650406504067,77,0,0,12,True,2,0,True,28,confirmation38,77,path_g,77,77,oracle_aabb,data47-1,0,0,0,bytetrack,True,246
11.295650310763708,25.560825053202237,169,0,23,16.972795423482868,16.09907120743034,40,15.040650406504067,77,0,0,12,True,2,0,True,28,confirmation38,77,cost_h_margin_reassign,77,77,oracle_aabb,data47-1,0,0,0,bytetrack,True,246
11.42771463300715,25.560825053202237,169,0,23,17.073445539370862,16.718266253869967,37,16.260162601626014,77,0,0,14,True,2,0,True,28,confirmation38,77,cost_h_motion_reassign,77,77,oracle_aabb,data47-1,0,0,0,bytetrack,True,246
10.995396743786094,25.560825053202237,169,0,23,16.747375517286745,15.479876160990713,40,15.040650406504067,77,0,0,6,True,2,0,True,28,confirmation38,77,cost_h_full_postfilter,77,77,oracle_aabb,data47-1,0,0,0,bytetrack,True,246
11.000500917763874,25.560825053202237,169,0,23,16.751705156559694,15.479876160990713,40,15.040650406504067,77,0,0,8,True,2,0,True,28,confirmation38,77,cost_h_full_reassign,77,77,oracle_aabb,data47-1,0,0,0,bytetrack,True,246
11.418122040395474,25.560825053202237,169,0,23,17.066070608251955,16.718266253869967,40,15.040650406504067,77,0,0,13,True,2,0,True,28,confirmation38,77,cost_h_soft_information,77,77,oracle_aabb,data47-1,0,0,0,bytetrack,True,246
11.000500917763874,25.560825053202237,169,0,23,16.751705156559694,15.479876160990713,40,15.040650406504067,77,0,0,8,True,2,0,True,28,confirmation38,77,path_g_full_reassign,77,77,oracle_aabb,data47-1,0,0,0,bytetrack,True,246
8.056171470805618,13.414634146341466,213,0,2,10.395700693125546,10.75268817204301,17,6.504065040650407,33,0,0,0,True,2,0,True,21,confirmation38,33,no_refinement,33,33,oracle_aabb,data47-1,0,0,0,ocsort,True,246
9.654113454453785,13.414634146341466,213,0,2,11.380087873068916,11.469534050179211,15,7.317073170731707,33,2,6,0,True,2,0,True,21,confirmation38,33,ace_v1,33,33,oracle_aabb,data47-1,0,2,6,ocsort,True,246
10.995048941730735,13.414634146341466,213,0,2,12.1447337959478,15.053763440860216,9,9.75609756097561,33,8,3,0,True,2,0,True,21,confirmation38,33,cost_r,33,33,oracle_aabb,data47-1,0,8,3,ocsort,True,246
11.263421316017611,13.414634146341466,213,0,2,12.292057443344467,16.48745519713262,9,9.75609756097561,33,8,6,0,True,2,0,True,21,confirmation38,33,cost_g_legacy,33,33,oracle_aabb,data47-1,0,8,6,ocsort,True,246
11.8890059332487,13.414634146341466,213,0,2,12.628802989920073,17.921146953405017,5,11.38211382113821,33,12,1,0,True,2,0,True,21,confirmation38,33,cost_h,33,33,oracle_aabb,data47-1,0,12,1,ocsort,True,246
11.276773897307079,13.414634146341466,213,0,2,12.299341290629657,16.48745519713262,9,9.75609756097561,33,8,5,0,True,2,0,True,21,confirmation38,33,path_g,33,33,oracle_aabb,data47-1,0,8,5,ocsort,True,246
11.8890059332487,13.414634146341466,213,0,2,12.628802989920073,17.921146953405017,5,11.38211382113821,33,12,1,0,True,2,0,True,21,confirmation38,33,cost_h_margin_reassign,33,33,oracle_aabb,data47-1,0,12,1,ocsort,True,246
11.8890059332487,13.414634146341466,213,0,2,12.628802989920073,17.921146953405017,5,11.38211382113821,33,12,1,0,True,2,0,True,21,confirmation38,33,cost_h_motion_reassign,33,33,oracle_aabb,data47-1,0,12,1,ocsort,True,246
11.002087973160009,13.414634146341466,213,0,2,12.148620703841443,15.053763440860216,9,9.75609756097561,33,8,1,0,True,2,0,True,21,confirmation38,33,cost_h_full_postfilter,33,33,oracle_aabb,data47-1,0,8,1,ocsort,True,246
10.995048941730735,13.414634146341466,213,0,2,12.1447337959478,15.053763440860216,9,9.75609756097561,33,8,3,0,True,2,0,True,21,confirmation38,33,cost_h_full_reassign,33,33,oracle_aabb,data47-1,0,8,3,ocsort,True,246
11.276773897307079,13.414634146341466,213,0,2,12.299341290629657,16.48745519713262,7,10.569105691056912,33,10,3,0,True,2,0,True,21,confirmation38,33,cost_h_soft_information,33,33,oracle_aabb,data47-1,0,10,3,ocsort,True,246
10.995048941730735,13.414634146341466,213,0,2,12.1447337959478,15.053763440860216,9,9.75609756097561,33,8,3,0,True,2,0,True,21,confirmation38,33,path_g_full_reassign,33,33,oracle_aabb,data47-1,0,8,3,ocsort,True,246
87.59090873354629,95.24479964663826,8,0,2,91.33771700048766,91.73553719008265,8,93.4959349593496,238,0,0,0,True,2,0,True,4,confirmation38,238,no_refinement,238,238,oracle_aabb,data47-1,0,0,0,deepocsort,True,246
93.56180952831951,95.24479964663826,8,0,2,94.39955209273228,96.28099173553719,5,94.71544715447155,238,3,0,0,True,2,0,True,4,confirmation38,238,ace_v1,238,238,oracle_aabb,data47-1,0,3,0,deepocsort,True,246
93.56180952831951,95.24479964663826,8,0,2,94.39955209273228,96.28099173553719,5,94.71544715447155,238,3,0,0,True,2,0,True,4,confirmation38,238,cost_r,238,238,oracle_aabb,data47-1,0,3,0,deepocsort,True,246
95.56218562358039,95.24479964663826,8,0,2,95.40335988088302,97.52066115702479,4,95.1219512195122,238,4,0,0,True,2,0,True,4,confirmation38,238,cost_g_legacy,238,238,oracle_aabb,data47-1,0,4,0,deepocsort,True,246
93.56180952831951,95.24479964663826,8,0,2,94.39955209273228,96.28099173553719,5,94.71544715447155,238,3,0,0,True,2,0,True,4,confirmation38,238,cost_h,238,238,oracle_aabb,data47-1,0,3,0,deepocsort,True,246
93.56180952831951,95.24479964663826,8,0,2,94.39955209273228,96.28099173553719,5,94.71544715447155,238,3,0,0,True,2,0,True,4,confirmation38,238,path_g,238,238,oracle_aabb,data47-1,0,3,0,deepocsort,True,246
93.56180952831951,95.24479964663826,8,0,2,94.39955209273228,96.28099173553719,5,94.71544715447155,238,3,0,0,True,2,0,True,4,confirmation38,238,cost_h_margin_reassign,238,238,oracle_aabb,data47-1,0,3,0,deepocsort,True,246
93.56180952831951,95.24479964663826,8,0,2,94.39955209273228,96.28099173553719,5,94.71544715447155,238,3,0,0,True,2,0,True,4,confirmation38,238,cost_h_motion_reassign,238,238,oracle_aabb,data47-1,0,3,0,deepocsort,True,246
93.56180952831951,95.24479964663826,8,0,2,94.39955209273228,96.28099173553719,5,94.71544715447155,238,3,0,0,True,2,0,True,4,confirmation38,238,cost_h_full_postfilter,238,238,oracle_aabb,data47-1,0,3,0,deepocsort,True,246
93.56180952831951,95.24479964663826,8,0,2,94.39955209273228,96.28099173553719,5,94.71544715447155,238,3,0,0,True,2,0,True,4,confirmation38,238,cost_h_full_reassign,238,238,oracle_aabb,data47-1,0,3,0,deepocsort,True,246
93.56180952831951,95.24479964663826,8,0,2,94.39955209273228,96.28099173553719,5,94.71544715447155,238,3,0,0,True,2,0,True,4,confirmation38,238,cost_h_soft_information,238,238,oracle_aabb,data47-1,0,3,0,deepocsort,True,246
93.56180952831951,95.24479964663826,8,0,2,94.39955209273228,96.28099173553719,5,94.71544715447155,238,3,0,0,True,2,0,True,4,confirmation38,238,path_g_full_reassign,238,238,oracle_aabb,data47-1,0,3,0,deepocsort,True,246
30.71100290046796,51.542403738938205,513,0,129,39.73317336746009,42.21149627029399,190,49.64183381088825,883,0,0,0,True,5,0,True,110,confirmation38,883,no_refinement,883,883,oracle_aabb,data47-2,0,0,0,bytetrack,True,1396
31.331713177470473,51.542403738938205,513,0,129,40.1373988741663,44.142167617376046,172,50.931232091690546,883,2,3,31,True,5,0,True,110,confirmation38,883,ace_v1,883,883,oracle_aabb,data47-2,0,2,3,bytetrack,True,1396
31.88771144449774,51.542403738938205,513,0,129,40.49346772998247,44.75647213690215,158,51.93409742120344,883,3,1,41,True,5,0,True,110,confirmation38,883,cost_r,883,883,oracle_aabb,data47-2,0,3,1,bytetrack,True,1396
33.09134646681773,51.542403738938205,513,0,129,41.25792134526121,48.00351031154015,132,53.796561604584525,883,3,2,61,True,5,0,True,110,confirmation38,883,cost_g_legacy,883,883,oracle_aabb,data47-2,0,3,2,bytetrack,True,1396
32.6971701217971,51.542403738938205,513,0,129,41.00996757799757,47.03817463799913,150,52.50716332378224,883,4,1,59,True,5,0,True,110,confirmation38,883,cost_h,883,883,oracle_aabb,data47-2,0,4,1,bytetrack,True,1396
32.35118061202725,51.542403738938205,513,0,129,40.79025005153498,46.24835454146555,151,52.43553008595988,883,3,1,59,True,5,0,True,110,confirmation38,883,path_g,883,883,oracle_aabb,data47-2,0,3,1,bytetrack,True,1396
32.596611475865345,51.542403738938205,513,0,129,40.94630856748889,46.95041684949539,153,52.29226361031518,883,4,1,52,True,5,0,True,110,confirmation38,883,cost_h_margin_reassign,883,883,oracle_aabb,data47-2,0,4,1,bytetrack,True,1396
32.74027471936206,51.542403738938205,513,0,129,41.036819466333355,47.03817463799913,151,52.43553008595988,883,4,1,59,True,5,0,True,110,confirmation38,883,cost_h_motion_reassign,883,883,oracle_aabb,data47-2,0,4,1,bytetrack,True,1396
32.3910468383059,51.542403738938205,513,0,129,40.81531972681698,46.33611232996929,155,52.14899713467048,883,4,1,46,True,5,0,True,110,confirmation38,883,cost_h_full_postfilter,883,883,oracle_aabb,data47-2,0,4,1,bytetrack,True,1396
32.36184691326386,51.542403738938205,513,0,129,40.79678201033072,46.24835454146555,156,52.07736389684814,883,4,1,46,True,5,0,True,110,confirmation38,883,cost_h_full_reassign,883,883,oracle_aabb,data47-2,0,4,1,bytetrack,True,1396
32.50425947012275,51.542403738938205,513,0,129,40.88757775543476,46.42387011847301,151,52.43553008595988,883,4,1,59,True,5,0,True,110,confirmation38,883,cost_h_soft_information,883,883,oracle_aabb,data47-2,0,4,1,bytetrack,True,1396
31.995930132363306,51.542403738938205,513,0,129,40.563214167224835,45.28301886792453,157,52.00573065902579,883,3,1,44,True,5,0,True,110,confirmation38,883,path_g_full_reassign,883,883,oracle_aabb,data47-2,0,3,1,bytetrack,True,1396
35.10395749384599,35.315186246418335,903,0,56,35.209413469717504,33.66860772895712,66,30.587392550143267,493,0,0,0,True,5,0,True,53,confirmation38,493,no_refinement,493,493,oracle_aabb,data47-2,0,0,0,ocsort,True,1396
35.53430498723678,35.315186246418335,903,0,56,35.42457619734215,35.044997353096875,50,31.733524355300858,493,13,6,0,True,5,0,True,53,confirmation38,493,ace_v1,493,493,oracle_aabb,data47-2,1,13,5,ocsort,True,1396
35.65161013655481,35.315186246418335,903,0,56,35.48299947801946,35.150873478030704,50,31.733524355300858,493,15,6,0,True,5,0,True,53,confirmation38,493,cost_r,493,493,oracle_aabb,data47-2,1,15,5,ocsort,True,1396
35.685475301395336,35.315186246418335,903,0,56,35.49984797940321,35.25674960296453,46,32.02005730659026,493,16,9,0,True,5,0,True,53,confirmation38,493,cost_g_legacy,493,493,oracle_aabb,data47-2,1,16,8,ocsort,True,1396
35.73866865971592,35.315186246418335,903,0,56,35.52629645652502,35.46850185283218,46,32.02005730659026,493,19,5,0,True,5,0,True,53,confirmation38,493,cost_h,493,493,oracle_aabb,data47-2,1,19,4,ocsort,True,1396
35.66349463555022,35.315186246418335,903,0,56,35.488913131463995,35.150873478030704,48,31.876790830945556,493,17,7,0,True,5,0,True,53,confirmation38,493,path_g,493,493,oracle_aabb,data47-2,1,17,6,ocsort,True,1396
35.73866865971592,35.315186246418335,903,0,56,35.52629645652502,35.46850185283218,46,32.02005730659026,493,19,5,0,True,5,0,True,53,confirmation38,493,cost_h_margin_reassign,493,493,oracle_aabb,data47-2,1,19,4,ocsort,True,1396
35.73866865971592,35.315186246418335,903,0,56,35.52629645652502,35.46850185283218,46,32.02005730659026,493,19,5,0,True,5,0,True,53,confirmation38,493,cost_h_motion_reassign,493,493,oracle_aabb,data47-2,1,19,4,ocsort,True,1396
35.6519452985358,35.315186246418335,903,0,56,35.48316626606073,35.150873478030704,50,31.733524355300858,493,15,5,0,True,5,0,True,53,confirmation38,493,cost_h_full_postfilter,493,493,oracle_aabb,data47-2,1,15,4,ocsort,True,1396
35.65161013655481,35.315186246418335,903,0,56,35.48299947801946,35.150873478030704,50,31.733524355300858,493,15,6,0,True,5,0,True,53,confirmation38,493,cost_h_full_reassign,493,493,oracle_aabb,data47-2,1,15,5,ocsort,True,1396
35.73866865971592,35.315186246418335,903,0,56,35.52629645652502,35.46850185283218,46,32.02005730659026,493,19,5,0,True,5,0,True,53,confirmation38,493,cost_h_soft_information,493,493,oracle_aabb,data47-2,1,19,4,ocsort,True,1396
35.65161013655481,35.315186246418335,903,0,56,35.48299947801946,35.150873478030704,50,31.733524355300858,493,15,6,0,True,5,0,True,53,confirmation38,493,path_g_full_reassign,493,493,oracle_aabb,data47-2,1,15,5,ocsort,True,1396
88.59546718272779,79.08309455587391,292,0,10,83.70426338265864,84.88,9,78.43839541547278,1104,0,0,0,True,5,0,True,11,confirmation38,1104,no_refinement,1104,1104,oracle_aabb,data47-2,0,0,0,deepocsort,True,1396
89.94820298613811,79.08309455587391,292,0,10,84.34086934507908,86.0,5,78.72492836676219,1104,4,1,0,True,5,0,True,11,confirmation38,1104,ace_v1,1104,1104,oracle_aabb,data47-2,0,4,1,deepocsort,True,1396
92.00629279369335,79.08309455587391,292,0,10,85.30030687365124,87.68,4,78.79656160458453,1104,5,1,0,True,5,0,True,11,confirmation38,1104,cost_r,1104,1104,oracle_aabb,data47-2,0,5,1,deepocsort,True,1396
92.00629279369335,79.08309455587391,292,0,10,85.30030687365124,87.68,4,78.79656160458453,1104,5,1,0,True,5,0,True,11,confirmation38,1104,cost_g_legacy,1104,1104,oracle_aabb,data47-2,0,5,1,deepocsort,True,1396
92.00629279369335,79.08309455587391,292,0,10,85.30030687365124,87.68,4,78.79656160458453,1104,5,1,0,True,5,0,True,11,confirmation38,1104,cost_h,1104,1104,oracle_aabb,data47-2,0,5,1,deepocsort,True,1396
92.00629279369335,79.08309455587391,292,0,10,85.30030687365124,87.68,4,78.79656160458453,1104,5,1,0,True,5,0,True,11,confirmation38,1104,path_g,1104,1104,oracle_aabb,data47-2,0,5,1,deepocsort,True,1396
92.00629279369335,79.08309455587391,292,0,10,85.30030687365124,87.68,4,78.79656160458453,1104,5,1,0,True,5,0,True,11,confirmation38,1104,cost_h_margin_reassign,1104,1104,oracle_aabb,data47-2,0,5,1,deepocsort,True,1396
92.00629279369335,79.08309455587391,292,0,10,85.30030687365124,87.68,4,78.79656160458453,1104,5,1,0,True,5,0,True,11,confirmation38,1104,cost_h_motion_reassign,1104,1104,oracle_aabb,data47-2,0,5,1,deepocsort,True,1396
92.00629279369335,79.08309455587391,292,0,10,85.30030687365124,87.68,4,78.79656160458453,1104,5,1,0,True,5,0,True,11,confirmation38,1104,cost_h_full_postfilter,1104,1104,oracle_aabb,data47-2,0,5,1,deepocsort,True,1396
92.00629279369335,79.08309455587391,292,0,10,85.30030687365124,87.68,4,78.79656160458453,1104,5,1,0,True,5,0,True,11,confirmation38,1104,cost_h_full_reassign,1104,1104,oracle_aabb,data47-2,0,5,1,deepocsort,True,1396
92.00629279369335,79.08309455587391,292,0,10,85.30030687365124,87.68,4,78.79656160458453,1104,5,1,0,True,5,0,True,11,confirmation38,1104,cost_h_soft_information,1104,1104,oracle_aabb,data47-2,0,5,1,deepocsort,True,1396
92.00629279369335,79.08309455587391,292,0,10,85.30030687365124,87.68,4,78.79656160458453,1104,5,1,0,True,5,0,True,11,confirmation38,1104,path_g_full_reassign,1104,1104,oracle_aabb,data47-2,0,5,1,deepocsort,True,1396
51.003836224172346,63.49929246821636,647,1,167,56.81721589454294,60.72961373390557,297,64.37994722955145,2006,0,0,0,True,6,0,True,175,confirmation38,2007,no_refinement,2007,2007,oracle_aabb,data47-3,0,0,0,bytetrack,True,2653
56.60380979459521,63.49929246821636,647,1,167,59.87988092664146,65.36480686695279,259,65.81228797587637,2006,24,6,33,True,6,0,True,175,confirmation38,2007,ace_v1,2007,2007,oracle_aabb,data47-3,0,24,6,bytetrack,True,2653
57.80891397518418,63.457759558818225,647,1,167,60.499763153190734,67.29613733905579,240,66.52845834903883,2006,31,5,41,True,6,0,True,175,confirmation38,2007,cost_r,2007,2007,oracle_aabb,data47-3,1,31,4,bytetrack,True,2653
58.15466638395744,63.457759558818225,647,1,167,60.682426440063644,68.19742489270386,223,67.16924236713156,2006,34,10,59,True,6,0,True,175,confirmation38,2007,cost_g_legacy,2007,2007,oracle_aabb,data47-3,3,34,7,bytetrack,True,2653
58.2679708561608,63.41115812987111,647,1,167,60.71926330774829,68.36909871244636,231,66.86769694685262,2006,33,7,55,True,6,0,True,175,confirmation38,2007,cost_h,2007,2007,oracle_aabb,data47-3,2,33,5,bytetrack,True,2653
57.95625517751121,63.457759558818225,647,1,167,60.578148444843464,67.8969957081545,238,66.60384470410857,2006,31,8,51,True,6,0,True,175,confirmation38,2007,path_g,2007,2007,oracle_aabb,data47-3,2,31,6,bytetrack,True,2653
58.031099451078475,63.457759558818225,647,1,167,60.616861367330245,67.93991416309014,233,66.7923105917829,2006,32,7,48,True,6,0,True,175,confirmation38,2007,cost_h_margin_reassign,2007,2007,oracle_aabb,data47-3,2,32,5,bytetrack,True,2653
58.2679708561608,63.41115812987111,647,1,167,60.71926330774829,68.36909871244636,231,66.86769694685262,2006,33,7,55,True,6,0,True,175,confirmation38,2007,cost_h_motion_reassign,2007,2007,oracle_aabb,data47-3,2,33,5,bytetrack,True,2653
57.59397399396606,63.41115812987111,647,1,167,60.36527455400964,67.63948497854078,238,66.60384470410857,2006,33,5,39,True,6,0,True,175,confirmation38,2007,cost_h_full_postfilter,2007,2007,oracle_aabb,data47-3,2,33,3,bytetrack,True,2653
57.89657350898389,63.457759558818225,647,1,167,60.54612296797019,67.59656652360515,239,66.56615152657369,2006,32,6,44,True,6,0,True,175,confirmation38,2007,cost_h_full_reassign,2007,2007,oracle_aabb,data47-3,2,32,4,bytetrack,True,2653
58.00327902205263,63.457759558818225,647,1,167,60.602509252659466,68.02575107296137,233,66.7923105917829,2006,33,7,53,True,6,0,True,175,confirmation38,2007,cost_h_soft_information,2007,2007,oracle_aabb,data47-3,2,33,5,bytetrack,True,2653
57.89109406550317,63.457759558818225,647,1,167,60.54325996630601,67.59656652360515,239,66.56615152657369,2006,31,7,44,True,6,0,True,175,confirmation38,2007,path_g_full_reassign,2007,2007,oracle_aabb,data47-3,2,31,5,bytetrack,True,2653
66.551805029987,56.61515265736903,1151,0,83,61.38273862737124,60.89049338146811,102,52.770448548812666,1502,0,0,0,True,6,0,True,89,confirmation38,1502,no_refinement,1502,1502,oracle_aabb,data47-3,0,0,0,ocsort,True,2653
69.18525711586624,56.61515265736903,1151,0,83,62.585412783284355,62.62334536702768,83,53.48661892197513,1502,20,14,0,True,6,0,True,89,confirmation38,1502,ace_v1,1502,1502,oracle_aabb,data47-3,1,20,13,ocsort,True,2653
69.36863614107261,56.61515265736903,1151,0,83,62.66830079681681,63.39350180505415,71,53.93893705239352,1502,31,11,0,True,6,0,True,89,confirmation38,1502,cost_r,1502,1502,oracle_aabb,data47-3,2,30,10,ocsort,True,2653
69.57013895049134,56.61515265736903,1151,0,83,62.759254593059346,63.682310469314075,64,54.20278929513758,1502,34,13,0,True,6,0,True,89,confirmation38,1502,cost_g_legacy,1502,1502,oracle_aabb,data47-3,3,33,11,ocsort,True,2653
69.3743033245973,56.61515265736903,1151,0,83,62.670860638902184,63.4416365824308,69,54.01432340746325,1502,32,12,0,True,6,0,True,89,confirmation38,1502,cost_h,1502,1502,oracle_aabb,data47-3,3,31,10,ocsort,True,2653
69.368385289385,56.61515265736903,1151,0,83,62.66818748578679,63.39350180505415,71,53.93893705239352,1502,31,12,0,True,6,0,True,89,confirmation38,1502,path_g,1502,1502,oracle_aabb,data47-3,3,30,10,ocsort,True,2653
69.37455417628492,56.61515265736903,1151,0,83,62.670973945099085,63.4416365824308,69,54.01432340746325,1502,32,11,0,True,6,0,True,89,confirmation38,1502,cost_h_margin_reassign,1502,1502,oracle_aabb,data47-3,2,31,10,ocsort,True,2653
69.3743033245973,56.61515265736903,1151,0,83,62.670860638902184,63.4416365824308,69,54.01432340746325,1502,32,12,0,True,6,0,True,89,confirmation38,1502,cost_h_motion_reassign,1502,1502,oracle_aabb,data47-3,3,31,10,ocsort,True,2653
69.36567712346647,56.61515265736903,1151,0,83,62.66696417991559,63.39350180505415,71,53.93893705239352,1502,30,11,0,True,6,0,True,89,confirmation38,1502,cost_h_full_postfilter,1502,1502,oracle_aabb,data47-3,2,29,10,ocsort,True,2653
69.36863614107261,56.61515265736903,1151,0,83,62.66830079681681,63.39350180505415,71,53.93893705239352,1502,31,11,0,True,6,0,True,89,confirmation38,1502,cost_h_full_reassign,1502,1502,oracle_aabb,data47-3,2,30,10,ocsort,True,2653
69.60176560731276,56.61515265736903,1151,0,83,62.77351818307167,63.58604091456077,68,54.05201658499812,1502,33,11,0,True,6,0,True,89,confirmation38,1502,cost_h_soft_information,1502,1502,oracle_aabb,data47-3,3,32,9,ocsort,True,2653
69.36863614107261,56.61515265736903,1151,0,83,62.66830079681681,63.39350180505415,71,53.93893705239352,1502,31,11,0,True,6,0,True,89,confirmation38,1502,path_g_full_reassign,1502,1502,oracle_aabb,data47-3,2,30,10,ocsort,True,2653
93.91738414809815,84.16886543535618,420,0,6,88.90961516282661,89.52108063855914,8,83.86732001507727,2233,0,0,0,True,6,0,True,19,confirmation38,2233,no_refinement,2233,2233,oracle_aabb,data47-3,0,0,0,deepocsort,True,2653
96.12198786084384,84.16886543535618,420,0,6,89.94708812206376,91.19934506753991,4,84.01809272521673,2233,4,1,0,True,6,0,True,19,confirmation38,2233,ace_v1,2233,2233,oracle_aabb,data47-3,0,4,1,deepocsort,True,2653
96.12198786084384,84.16886543535618,420,0,6,89.94708812206376,91.19934506753991,4,84.01809272521673,2233,4,1,0,True,6,0,True,19,confirmation38,2233,cost_r,2233,2233,oracle_aabb,data47-3,0,4,1,deepocsort,True,2653
96.12198786084384,84.16886543535618,420,0,6,89.94708812206376,91.19934506753991,4,84.01809272521673,2233,4,1,0,True,6,0,True,19,confirmation38,2233,cost_g_legacy,2233,2233,oracle_aabb,data47-3,0,4,1,deepocsort,True,2653
96.12198786084384,84.16886543535618,420,0,6,89.94708812206376,91.19934506753991,4,84.01809272521673,2233,4,1,0,True,6,0,True,19,confirmation38,2233,cost_h,2233,2233,oracle_aabb,data47-3,0,4,1,deepocsort,True,2653
96.12198786084384,84.16886543535618,420,0,6,89.94708812206376,91.19934506753991,4,84.01809272521673,2233,4,1,0,True,6,0,True,19,confirmation38,2233,path_g,2233,2233,oracle_aabb,data47-3,0,4,1,deepocsort,True,2653
96.12198786084384,84.16886543535618,420,0,6,89.94708812206376,91.19934506753991,4,84.01809272521673,2233,4,1,0,True,6,0,True,19,confirmation38,2233,cost_h_margin_reassign,2233,2233,oracle_aabb,data47-3,0,4,1,deepocsort,True,2653
96.12198786084384,84.16886543535618,420,0,6,89.94708812206376,91.19934506753991,4,84.01809272521673,2233,4,1,0,True,6,0,True,19,confirmation38,2233,cost_h_motion_reassign,2233,2233,oracle_aabb,data47-3,0,4,1,deepocsort,True,2653
96.12198786084384,84.16886543535618,420,0,6,89.94708812206376,91.19934506753991,4,84.01809272521673,2233,4,1,0,True,6,0,True,19,confirmation38,2233,cost_h_full_postfilter,2233,2233,oracle_aabb,data47-3,0,4,1,deepocsort,True,2653
96.12198786084384,84.16886543535618,420,0,6,89.94708812206376,91.19934506753991,4,84.01809272521673,2233,4,1,0,True,6,0,True,19,confirmation38,2233,cost_h_full_reassign,2233,2233,oracle_aabb,data47-3,0,4,1,deepocsort,True,2653
96.12198786084384,84.16886543535618,420,0,6,89.94708812206376,91.19934506753991,4,84.01809272521673,2233,4,1,0,True,6,0,True,19,confirmation38,2233,cost_h_soft_information,2233,2233,oracle_aabb,data47-3,0,4,1,deepocsort,True,2653
96.12198786084384,84.16886543535618,420,0,6,89.94708812206376,91.19934506753991,4,84.01809272521673,2233,4,1,0,True,6,0,True,19,confirmation38,2233,path_g_full_reassign,2233,2233,oracle_aabb,data47-3,0,4,1,deepocsort,True,2653
47.68899228575389,38.29383182476162,428,0,32,42.70306874234911,46.308724832214764,49,41.11111111111111,382,0,0,0,True,5,0,True,48,confirmation38,382,no_refinement,382,382,oracle_aabb,data47-4,0,0,0,bytetrack,True,810
48.473413883053475,38.29383182476162,428,0,32,43.054965407681536,47.98657718120805,40,42.22222222222222,382,2,0,11,True,5,0,True,48,confirmation38,382,ace_v1,382,382,oracle_aabb,data47-4,0,2,0,bytetrack,True,810
48.588743741693094,38.29383182476162,428,0,32,43.10611456558618,48.322147651006716,36,42.71604938271605,382,2,0,13,True,5,0,True,48,confirmation38,382,cost_r,382,382,oracle_aabb,data47-4,0,2,0,bytetrack,True,810
50.235220007203985,38.29383182476162,428,0,32,43.83377756227754,50.83892617449665,33,43.08641975308642,382,2,0,17,True,5,0,True,48,confirmation38,382,cost_g_legacy,382,382,oracle_aabb,data47-4,0,2,0,bytetrack,True,810
49.38649384922367,38.29383182476162,428,0,32,43.460496127877605,49.664429530201346,32,43.20987654320987,382,2,0,17,True,5,0,True,48,confirmation38,382,cost_h,382,382,oracle_aabb,data47-4,0,2,0,bytetrack,True,810
49.32436352413315,38.29383182476162,428,0,32,43.43299229700552,49.328859060402685,34,42.96296296296296,382,2,0,16,True,5,0,True,48,confirmation38,382,path_g,382,382,oracle_aabb,data47-4,0,2,0,bytetrack,True,810
49.38649384922367,38.29383182476162,428,0,32,43.460496127877605,49.664429530201346,32,43.20987654320987,382,2,0,17,True,5,0,True,48,confirmation38,382,cost_h_margin_reassign,382,382,oracle_aabb,data47-4,0,2,0,bytetrack,True,810
49.38649384922367,38.29383182476162,428,0,32,43.460496127877605,49.664429530201346,32,43.20987654320987,382,2,0,17,True,5,0,True,48,confirmation38,382,cost_h_motion_reassign,382,382,oracle_aabb,data47-4,0,2,0,bytetrack,True,810
48.82370836971982,38.29383182476162,428,0,32,43.21074952471506,48.8255033557047,35,42.839506172839506,382,2,0,13,True,5,0,True,48,confirmation38,382,cost_h_full_postfilter,382,382,oracle_aabb,data47-4,0,2,0,bytetrack,True,810
48.84218761128685,38.29383182476162,428,0,32,43.21898351743611,48.8255033557047,35,42.839506172839506,382,2,0,14,True,5,0,True,48,confirmation38,382,cost_h_full_reassign,382,382,oracle_aabb,data47-4,0,2,0,bytetrack,True,810
49.38649384922367,38.29383182476162,428,0,32,43.460496127877605,49.664429530201346,32,43.20987654320987,382,2,0,17,True,5,0,True,48,confirmation38,382,cost_h_soft_information,382,382,oracle_aabb,data47-4,0,2,0,bytetrack,True,810
48.84218761128685,38.29383182476162,428,0,32,43.21898351743611,48.8255033557047,35,42.839506172839506,382,2,0,14,True,5,0,True,48,confirmation38,382,path_g_full_reassign,382,382,oracle_aabb,data47-4,0,2,0,bytetrack,True,810
64.77613101942697,30.37037037037037,564,0,8,44.35397490890341,41.09848484848485,12,28.888888888888886,246,0,0,0,True,5,0,True,15,confirmation38,246,no_refinement,246,246,oracle_aabb,data47-4,0,0,0,ocsort,True,810
66.27507784908893,30.37037037037037,564,0,8,44.864224729755016,41.66666666666667,8,29.38271604938272,246,4,0,0,True,5,0,True,15,confirmation38,246,ace_v1,246,246,oracle_aabb,data47-4,0,4,0,ocsort,True,810
66.27507784908893,30.37037037037037,564,0,8,44.864224729755016,41.66666666666667,8,29.38271604938272,246,4,0,0,True,5,0,True,15,confirmation38,246,cost_r,246,246,oracle_aabb,data47-4,0,4,0,ocsort,True,810
66.27507784908893,30.37037037037037,564,0,8,44.864224729755016,41.66666666666667,8,29.38271604938272,246,4,0,0,True,5,0,True,15,confirmation38,246,cost_g_legacy,246,246,oracle_aabb,data47-4,0,4,0,ocsort,True,810
66.27507784908893,30.37037037037037,564,0,8,44.864224729755016,41.66666666666667,8,29.38271604938272,246,4,0,0,True,5,0,True,15,confirmation38,246,cost_h,246,246,oracle_aabb,data47-4,0,4,0,ocsort,True,810
66.27507784908893,30.37037037037037,564,0,8,44.864224729755016,41.66666666666667,8,29.38271604938272,246,4,0,0,True,5,0,True,15,confirmation38,246,path_g,246,246,oracle_aabb,data47-4,0,4,0,ocsort,True,810
66.27507784908893,30.37037037037037,564,0,8,44.864224729755016,41.66666666666667,8,29.38271604938272,246,4,0,0,True,5,0,True,15,confirmation38,246,cost_h_margin_reassign,246,246,oracle_aabb,data47-4,0,4,0,ocsort,True,810
66.27507784908893,30.37037037037037,564,0,8,44.864224729755016,41.66666666666667,8,29.38271604938272,246,4,0,0,True,5,0,True,15,confirmation38,246,cost_h_motion_reassign,246,246,oracle_aabb,data47-4,0,4,0,ocsort,True,810
66.27507784908893,30.37037037037037,564,0,8,44.864224729755016,41.66666666666667,8,29.38271604938272,246,4,0,0,True,5,0,True,15,confirmation38,246,cost_h_full_postfilter,246,246,oracle_aabb,data47-4,0,4,0,ocsort,True,810
66.27507784908893,30.37037037037037,564,0,8,44.864224729755016,41.66666666666667,8,29.38271604938272,246,4,0,0,True,5,0,True,15,confirmation38,246,cost_h_full_reassign,246,246,oracle_aabb,data47-4,0,4,0,ocsort,True,810
66.27507784908893,30.37037037037037,564,0,8,44.864224729755016,41.66666666666667,8,29.38271604938272,246,4,0,0,True,5,0,True,15,confirmation38,246,cost_h_soft_information,246,246,oracle_aabb,data47-4,0,4,0,ocsort,True,810
66.27507784908893,30.37037037037037,564,0,8,44.864224729755016,41.66666666666667,8,29.38271604938272,246,4,0,0,True,5,0,True,15,confirmation38,246,path_g_full_reassign,246,246,oracle_aabb,data47-4,0,4,0,ocsort,True,810
81.61148927204108,80.61728395061728,157,0,11,81.11286337121192,81.3397129186603,11,79.25925925925927,653,0,0,0,True,5,0,True,14,confirmation38,653,no_refinement,653,653,oracle_aabb,data47-4,0,0,0,deepocsort,True,810
86.3468094923342,80.61728395061728,157,0,11,83.43287876534863,87.35475051264525,5,80.0,653,5,2,0,True,5,0,True,14,confirmation38,653,ace_v1,653,653,oracle_aabb,data47-4,0,5,2,deepocsort,True,810
85.24942872624563,80.61728395061728,157,0,11,82.90100965761306,86.26110731373889,6,79.87654320987654,653,5,1,0,True,5,0,True,14,confirmation38,653,cost_r,653,653,oracle_aabb,data47-4,0,5,1,deepocsort,True,810
86.3468094923342,80.61728395061728,157,0,11,83.43287876534863,87.35475051264525,5,80.0,653,6,1,0,True,5,0,True,14,confirmation38,653,cost_g_legacy,653,653,oracle_aabb,data47-4,0,6,1,deepocsort,True,810
86.3468094923342,80.61728395061728,157,0,11,83.43287876534863,87.35475051264525,5,80.0,653,5,2,0,True,5,0,True,14,confirmation38,653,cost_h,653,653,oracle_aabb,data47-4,0,5,2,deepocsort,True,810
86.3468094923342,80.61728395061728,157,0,11,83.43287876534863,87.35475051264525,5,80.0,653,5,2,0,True,5,0,True,14,confirmation38,653,path_g,653,653,oracle_aabb,data47-4,0,5,2,deepocsort,True,810
86.3468094923342,80.61728395061728,157,0,11,83.43287876534863,87.35475051264525,5,80.0,653,5,2,0,True,5,0,True,14,confirmation38,653,cost_h_margin_reassign,653,653,oracle_aabb,data47-4,0,5,2,deepocsort,True,810
86.3468094923342,80.61728395061728,157,0,11,83.43287876534863,87.35475051264525,5,80.0,653,5,2,0,True,5,0,True,14,confirmation38,653,cost_h_motion_reassign,653,653,oracle_aabb,data47-4,0,5,2,deepocsort,True,810
86.3468094923342,80.61728395061728,157,0,11,83.43287876534863,87.35475051264525,5,80.0,653,5,2,0,True,5,0,True,14,confirmation38,653,cost_h_full_postfilter,653,653,oracle_aabb,data47-4,0,5,2,deepocsort,True,810
86.3468094923342,80.61728395061728,157,0,11,83.43287876534863,87.35475051264525,5,80.0,653,5,2,0,True,5,0,True,14,confirmation38,653,cost_h_full_reassign,653,653,oracle_aabb,data47-4,0,5,2,deepocsort,True,810
86.3468094923342,80.61728395061728,157,0,11,83.43287876534863,87.35475051264525,5,80.0,653,5,2,0,True,5,0,True,14,confirmation38,653,cost_h_soft_information,653,653,oracle_aabb,data47-4,0,5,2,deepocsort,True,810
86.3468094923342,80.61728395061728,157,0,11,83.43287876534863,87.35475051264525,5,80.0,653,5,2,0,True,5,0,True,14,confirmation38,653,path_g_full_reassign,653,653,oracle_aabb,data47-4,0,5,2,deepocsort,True,810
8.064293741612698,12.165488293544144,512,0,43,9.811664136682785,6.744868035190615,61,4.0201005025125625,85,0,0,0,True,2,0,True,54,confirmation38,85,no_refinement,85,85,oracle_aabb,data48-1,0,0,0,bytetrack,True,597
8.591567097684466,12.095275156501959,512,0,43,10.116135755362706,8.504398826979472,53,5.360134003350084,85,0,0,12,True,2,0,True,54,confirmation38,85,ace_v1,85,85,oracle_aabb,data48-1,0,0,0,bytetrack,True,597
8.777833229069474,12.095275156501959,512,0,43,10.229197849259284,8.797653958944283,52,5.527638190954774,85,0,0,13,True,2,0,True,54,confirmation38,85,cost_r,85,85,oracle_aabb,data48-1,0,0,0,bytetrack,True,597
8.777833229069474,12.095275156501959,512,0,43,10.229197849259284,8.797653958944283,52,5.527638190954774,85,0,0,13,True,2,0,True,54,confirmation38,85,cost_g_legacy,85,85,oracle_aabb,data48-1,0,0,0,bytetrack,True,597
8.777833229069474,12.095275156501959,512,0,43,10.229197849259284,8.797653958944283,52,5.527638190954774,85,0,0,13,True,2,0,True,54,confirmation38,85,cost_h,85,85,oracle_aabb,data48-1,0,0,0,bytetrack,True,597
8.777833229069474,12.095275156501959,512,0,43,10.229197849259284,8.797653958944283,52,5.527638190954774,85,0,0,13,True,2,0,True,54,confirmation38,85,path_g,85,85,oracle_aabb,data48-1,0,0,0,bytetrack,True,597
8.777833229069474,12.095275156501959,512,0,43,10.229197849259284,8.797653958944283,52,5.527638190954774,85,0,0,13,True,2,0,True,54,confirmation38,85,cost_h_margin_reassign,85,85,oracle_aabb,data48-1,0,0,0,bytetrack,True,597
8.777833229069474,12.095275156501959,512,0,43,10.229197849259284,8.797653958944283,52,5.527638190954774,85,0,0,13,True,2,0,True,54,confirmation38,85,cost_h_motion_reassign,85,85,oracle_aabb,data48-1,0,0,0,bytetrack,True,597
8.777833229069474,12.095275156501959,512,0,43,10.229197849259284,8.797653958944283,52,5.527638190954774,85,0,0,13,True,2,0,True,54,confirmation38,85,cost_h_full_postfilter,85,85,oracle_aabb,data48-1,0,0,0,bytetrack,True,597
8.777833229069474,12.095275156501959,512,0,43,10.229197849259284,8.797653958944283,52,5.527638190954774,85,0,0,13,True,2,0,True,54,confirmation38,85,cost_h_full_reassign,85,85,oracle_aabb,data48-1,0,0,0,bytetrack,True,597
8.777833229069474,12.095275156501959,512,0,43,10.229197849259284,8.797653958944283,52,5.527638190954774,85,0,0,13,True,2,0,True,54,confirmation38,85,cost_h_soft_information,85,85,oracle_aabb,data48-1,0,0,0,bytetrack,True,597
8.777833229069474,12.095275156501959,512,0,43,10.229197849259284,8.797653958944283,52,5.527638190954774,85,0,0,13,True,2,0,True,54,confirmation38,85,path_g_full_reassign,85,85,oracle_aabb,data48-1,0,0,0,bytetrack,True,597
12.088537101148198,9.045226130653266,543,0,0,10.456746705772172,6.7588325652841785,31,3.8525963149078724,54,0,0,0,True,2,0,True,29,confirmation38,54,no_refinement,54,54,oracle_aabb,data48-1,0,0,0,ocsort,True,597
14.691788234263244,9.045226130653266,543,0,0,11.52781622175606,10.75268817204301,18,6.030150753768844,54,13,7,0,True,2,0,True,29,confirmation38,54,ace_v1,54,54,oracle_aabb,data48-1,0,13,7,ocsort,True,597
16.648280940500193,9.045226130653266,543,0,0,12.27140846820238,15.053763440860216,4,8.375209380234507,54,27,0,0,True,2,0,True,29,confirmation38,54,cost_r,54,54,oracle_aabb,data48-1,0,27,0,ocsort,True,597
16.931396135896097,9.045226130653266,543,0,0,12.375310370121998,15.668202764976957,2,8.710217755443885,54,29,0,0,True,2,0,True,29,confirmation38,54,cost_g_legacy,54,54,oracle_aabb,data48-1,0,29,0,ocsort,True,597
16.931396135896097,9.045226130653266,543,0,0,12.375310370121998,15.668202764976957,2,8.710217755443885,54,29,0,0,True,2,0,True,29,confirmation38,54,cost_h,54,54,oracle_aabb,data48-1,0,29,0,ocsort,True,597
16.931396135896097,9.045226130653266,543,0,0,12.375310370121998,15.668202764976957,2,8.710217755443885,54,29,0,0,True,2,0,True,29,confirmation38,54,path_g,54,54,oracle_aabb,data48-1,0,29,0,ocsort,True,597
16.931396135896097,9.045226130653266,543,0,0,12.375310370121998,15.668202764976957,2,8.710217755443885,54,29,0,0,True,2,0,True,29,confirmation38,54,cost_h_margin_reassign,54,54,oracle_aabb,data48-1,0,29,0,ocsort,True,597
16.931396135896097,9.045226130653266,543,0,0,12.375310370121998,15.668202764976957,2,8.710217755443885,54,29,0,0,True,2,0,True,29,confirmation38,54,cost_h_motion_reassign,54,54,oracle_aabb,data48-1,0,29,0,ocsort,True,597
16.648280940500193,9.045226130653266,543,0,0,12.27140846820238,15.053763440860216,4,8.375209380234507,54,27,0,0,True,2,0,True,29,confirmation38,54,cost_h_full_postfilter,54,54,oracle_aabb,data48-1,0,27,0,ocsort,True,597
16.648280940500193,9.045226130653266,543,0,0,12.27140846820238,15.053763440860216,4,8.375209380234507,54,27,0,0,True,2,0,True,29,confirmation38,54,cost_h_full_reassign,54,54,oracle_aabb,data48-1,0,27,0,ocsort,True,597
16.931396135896097,9.045226130653266,543,0,0,12.375310370121998,15.668202764976957,2,8.710217755443885,54,29,0,0,True,2,0,True,29,confirmation38,54,cost_h_soft_information,54,54,oracle_aabb,data48-1,0,29,0,ocsort,True,597
16.648280940500193,9.045226130653266,543,0,0,12.27140846820238,15.053763440860216,4,8.375209380234507,54,27,0,0,True,2,0,True,29,confirmation38,54,path_g_full_reassign,54,54,oracle_aabb,data48-1,0,27,0,ocsort,True,597
99.63302015578576,99.32998324958122,4,0,1,99.48138631512624,99.66386554621849,0,99.32998324958125,593,0,0,0,True,2,0,True,10,confirmation38,593,no_refinement,593,593,oracle_aabb,data48-1,0,0,0,deepocsort,True,597
99.63302015578576,99.32998324958122,4,0,1,99.48138631512624,99.66386554621849,0,99.32998324958125,593,0,0,0,True,2,0,True,10,confirmation38,593,ace_v1,593,593,oracle_aabb,data48-1,0,0,0,deepocsort,True,597
99.63302015578576,99.32998324958122,4,0,1,99.48138631512624,99.66386554621849,0,99.32998324958125,593,0,0,0,True,2,0,True,10,confirmation38,593,cost_r,593,593,oracle_aabb,data48-1,0,0,0,deepocsort,True,597
99.63302015578576,99.32998324958122,4,0,1,99.48138631512624,99.66386554621849,0,99.32998324958125,593,0,0,0,True,2,0,True,10,confirmation38,593,cost_g_legacy,593,593,oracle_aabb,data48-1,0,0,0,deepocsort,True,597
99.63302015578576,99.32998324958122,4,0,1,99.48138631512624,99.66386554621849,0,99.32998324958125,593,0,0,0,True,2,0,True,10,confirmation38,593,cost_h,593,593,oracle_aabb,data48-1,0,0,0,deepocsort,True,597
99.63302015578576,99.32998324958122,4,0,1,99.48138631512624,99.66386554621849,0,99.32998324958125,593,0,0,0,True,2,0,True,10,confirmation38,593,path_g,593,593,oracle_aabb,data48-1,0,0,0,deepocsort,True,597
99.63302015578576,99.32998324958122,4,0,1,99.48138631512624,99.66386554621849,0,99.32998324958125,593,0,0,0,True,2,0,True,10,confirmation38,593,cost_h_margin_reassign,593,593,oracle_aabb,data48-1,0,0,0,deepocsort,True,597
99.63302015578576,99.32998324958122,4,0,1,99.48138631512624,99.66386554621849,0,99.32998324958125,593,0,0,0,True,2,0,True,10,confirmation38,593,cost_h_motion_reassign,593,593,oracle_aabb,data48-1,0,0,0,deepocsort,True,597
99.63302015578576,99.32998324958122,4,0,1,99.48138631512624,99.66386554621849,0,99.32998324958125,593,0,0,0,True,2,0,True,10,confirmation38,593,cost_h_full_postfilter,593,593,oracle_aabb,data48-1,0,0,0,deepocsort,True,597
99.63302015578576,99.32998324958122,4,0,1,99.48138631512624,99.66386554621849,0,99.32998324958125,593,0,0,0,True,2,0,True,10,confirmation38,593,cost_h_full_reassign,593,593,oracle_aabb,data48-1,0,0,0,deepocsort,True,597
99.63302015578576,99.32998324958122,4,0,1,99.48138631512624,99.66386554621849,0,99.32998324958125,593,0,0,0,True,2,0,True,10,confirmation38,593,cost_h_soft_information,593,593,oracle_aabb,data48-1,0,0,0,deepocsort,True,597
99.63302015578576,99.32998324958122,4,0,1,99.48138631512624,99.66386554621849,0,99.32998324958125,593,0,0,0,True,2,0,True,10,confirmation38,593,path_g_full_reassign,593,593,oracle_aabb,data48-1,0,0,0,deepocsort,True,597
37.60717395832723,59.91473902383353,858,1,249,47.41411055853791,53.10449268046441,451,61.47058823529412,2542,0,0,0,True,7,0,True,191,confirmation38,2543,no_refinement,2543,2543,oracle_aabb,data49-2,0,0,0,bytetrack,True,3400
40.45656212141074,59.91473902383353,858,1,249,49.18456523317117,57.54669358909642,424,62.26470588235294,2542,17,3,51,True,7,0,True,191,confirmation38,2543,ace_v1,2543,2543,oracle_aabb,data49-2,2,16,2,bytetrack,True,3400
41.30477509592668,59.91473902383353,858,1,249,49.69697088046658,58.89281507656066,395,63.117647058823536,2542,19,3,64,True,7,0,True,191,confirmation38,2543,cost_r,2543,2543,oracle_aabb,data49-2,1,18,3,bytetrack,True,3400
45.08471294070808,59.91473902383353,858,1,249,51.9327230951082,64.6138313982837,302,65.8529411764706,2542,24,6,92,True,7,0,True,191,confirmation38,2543,cost_g_legacy,2543,2543,oracle_aabb,data49-2,2,23,5,bytetrack,True,3400
41.97489147878805,59.91473902383353,858,1,249,50.101030534103565,59.6668349318526,397,63.05882352941177,2542,23,3,81,True,7,0,True,191,confirmation38,2543,cost_h,2543,2543,oracle_aabb,data49-2,1,22,3,bytetrack,True,3400
41.74730161779928,59.91473902383353,858,1,249,49.96338515057966,60.20528352683829,388,63.3235294117647,2542,19,4,79,True,7,0,True,191,confirmation38,2543,path_g,2543,2543,oracle_aabb,data49-2,1,18,4,bytetrack,True,3400
41.530993368382006,59.91473902383353,858,1,249,49.83327178948665,59.633181894665995,390,63.26470588235294,2542,19,4,74,True,7,0,True,191,confirmation38,2543,cost_h_margin_reassign,2543,2543,oracle_aabb,data49-2,1,18,4,bytetrack,True,3400
41.97489147878805,59.91473902383353,858,1,249,50.101030534103565,59.6668349318526,397,63.05882352941177,2542,23,3,81,True,7,0,True,191,confirmation38,2543,cost_h_motion_reassign,2543,2543,oracle_aabb,data49-2,1,22,3,bytetrack,True,3400
40.669659890736234,59.91473902383353,858,1,249,49.311740056125906,57.37842840316338,400,62.97058823529412,2542,16,3,68,True,7,0,True,191,confirmation38,2543,cost_h_full_postfilter,2543,2543,oracle_aabb,data49-2,1,15,3,bytetrack,True,3400
41.43376323836593,59.91473902383353,858,1,249,49.774608427491366,59.36395759717315,392,63.20588235294118,2542,19,4,71,True,7,0,True,191,confirmation38,2543,cost_h_full_reassign,2543,2543,oracle_aabb,data49-2,1,18,4,bytetrack,True,3400
41.73197060457623,59.91473902383353,858,1,249,49.954514269485614,59.93605922934545,389,63.294117647058826,2542,21,3,78,True,7,0,True,191,confirmation38,2543,cost_h_soft_information,2543,2543,oracle_aabb,data49-2,2,20,2,bytetrack,True,3400
41.43376323836593,59.91473902383353,858,1,249,49.774608427491366,59.36395759717315,392,63.20588235294118,2542,19,4,71,True,7,0,True,191,confirmation38,2543,path_g_full_reassign,2543,2543,oracle_aabb,data49-2,1,18,4,bytetrack,True,3400
47.96037096129867,44.4607699089039,1884,0,114,46.17742974718252,46.13506916192026,114,41.23529411764706,1516,0,0,0,True,7,0,True,96,confirmation38,1516,no_refinement,1516,1516,oracle_aabb,data49-2,0,0,0,ocsort,True,3400
52.30764534172968,44.4607699089039,1884,0,114,48.22487101087149,50.44751830756713,96,41.76470588235294,1516,18,15,0,True,7,0,True,96,confirmation38,1516,ace_v1,1516,1516,oracle_aabb,data49-2,0,18,15,ocsort,True,3400
52.4948569331547,44.4607699089039,1884,0,114,48.31109350351965,50.569568755085434,89,41.970588235294116,1516,25,12,0,True,7,0,True,96,confirmation38,1516,cost_r,1516,1516,oracle_aabb,data49-2,1,24,12,ocsort,True,3400
52.32709306223546,44.4607699089039,1884,0,114,48.23383506048272,51.139137510170876,81,42.205882352941174,1516,28,15,0,True,7,0,True,96,confirmation38,1516,cost_g_legacy,1516,1516,oracle_aabb,data49-2,1,27,15,ocsort,True,3400
52.4947366732313,44.4607699089039,1884,0,114,48.3110381657964,50.569568755085434,89,41.970588235294116,1516,25,13,0,True,7,0,True,96,confirmation38,1516,cost_h,1516,1516,oracle_aabb,data49-2,1,24,13,ocsort,True,3400
52.4947366732313,44.4607699089039,1884,0,114,48.3110381657964,50.569568755085434,89,41.970588235294116,1516,25,13,0,True,7,0,True,96,confirmation38,1516,path_g,1516,1516,oracle_aabb,data49-2,1,24,13,ocsort,True,3400
52.4947366732313,44.4607699089039,1884,0,114,48.3110381657964,50.569568755085434,89,41.970588235294116,1516,25,13,0,True,7,0,True,96,confirmation38,1516,cost_h_margin_reassign,1516,1516,oracle_aabb,data49-2,1,24,13,ocsort,True,3400
52.682525715113314,44.4607699089039,1884,0,114,48.39737238776055,50.569568755085434,87,42.029411764705884,1516,24,13,0,True,7,0,True,96,confirmation38,1516,cost_h_motion_reassign,1516,1516,oracle_aabb,data49-2,1,23,13,ocsort,True,3400
52.662882926252195,44.4607699089039,1884,0,114,48.38834901630394,50.44751830756713,89,41.970588235294116,1516,24,11,0,True,7,0,True,96,confirmation38,1516,cost_h_full_postfilter,1516,1516,oracle_aabb,data49-2,1,23,11,ocsort,True,3400
52.662882926252195,44.4607699089039,1884,0,114,48.38834901630394,50.44751830756713,89,41.970588235294116,1516,24,11,0,True,7,0,True,96,confirmation38,1516,cost_h_full_reassign,1516,1516,oracle_aabb,data49-2,1,23,11,ocsort,True,3400
52.4947366732313,44.4607699089039,1884,0,114,48.3110381657964,50.569568755085434,89,41.970588235294116,1516,25,13,0,True,7,0,True,96,confirmation38,1516,cost_h_soft_information,1516,1516,oracle_aabb,data49-2,1,24,13,ocsort,True,3400
52.662882926252195,44.4607699089039,1884,0,114,48.38834901630394,50.44751830756713,89,41.970588235294116,1516,24,11,0,True,7,0,True,96,confirmation38,1516,path_g_full_reassign,1516,1516,oracle_aabb,data49-2,1,23,11,ocsort,True,3400
94.61297217746167,93.85294117647057,209,0,13,94.23219042504721,96.10074343802154,8,93.61764705882352,3191,0,0,0,True,7,0,True,25,confirmation38,3191,no_refinement,3191,3191,oracle_aabb,data49-2,0,0,0,deepocsort,True,3400
94.73385885428691,93.85294117647057,209,0,13,94.29237128459255,96.22212107419207,6,93.67647058823529,3191,2,0,0,True,7,0,True,25,confirmation38,3191,ace_v1,3191,3191,oracle_aabb,data49-2,0,2,0,deepocsort,True,3400
94.73385885428691,93.85294117647057,209,0,13,94.29237128459255,96.22212107419207,6,93.67647058823529,3191,2,0,0,True,7,0,True,25,confirmation38,3191,cost_r,3191,3191,oracle_aabb,data49-2,0,2,0,deepocsort,True,3400
94.73385885428691,93.85294117647057,209,0,13,94.29237128459255,96.22212107419207,6,93.67647058823529,3191,2,0,0,True,7,0,True,25,confirmation38,3191,cost_g_legacy,3191,3191,oracle_aabb,data49-2,0,2,0,deepocsort,True,3400
94.73385885428691,93.85294117647057,209,0,13,94.29237128459255,96.22212107419207,6,93.67647058823529,3191,2,0,0,True,7,0,True,25,confirmation38,3191,cost_h,3191,3191,oracle_aabb,data49-2,0,2,0,deepocsort,True,3400
94.73385885428691,93.85294117647057,209,0,13,94.29237128459255,96.22212107419207,6,93.67647058823529,3191,2,0,0,True,7,0,True,25,confirmation38,3191,path_g,3191,3191,oracle_aabb,data49-2,0,2,0,deepocsort,True,3400
94.73385885428691,93.85294117647057,209,0,13,94.29237128459255,96.22212107419207,6,93.67647058823529,3191,2,0,0,True,7,0,True,25,confirmation38,3191,cost_h_margin_reassign,3191,3191,oracle_aabb,data49-2,0,2,0,deepocsort,True,3400
94.52020466793903,93.85294117647057,209,0,13,94.18598201796294,96.10074343802154,7,93.64705882352942,3191,1,1,0,True,7,0,True,25,confirmation38,3191,cost_h_motion_reassign,3191,3191,oracle_aabb,data49-2,0,1,1,deepocsort,True,3400
94.61867002082795,93.85294117647057,209,0,13,94.23502783816986,96.10074343802154,7,93.64705882352942,3191,1,0,0,True,7,0,True,25,confirmation38,3191,cost_h_full_postfilter,3191,3191,oracle_aabb,data49-2,0,1,0,deepocsort,True,3400
94.52020466793903,93.85294117647057,209,0,13,94.18598201796294,96.10074343802154,7,93.64705882352942,3191,1,1,0,True,7,0,True,25,confirmation38,3191,cost_h_full_reassign,3191,3191,oracle_aabb,data49-2,0,1,1,deepocsort,True,3400
94.52020466793903,93.85294117647057,209,0,13,94.18598201796294,96.10074343802154,7,93.64705882352942,3191,1,1,0,True,7,0,True,25,confirmation38,3191,cost_h_soft_information,3191,3191,oracle_aabb,data49-2,0,1,1,deepocsort,True,3400
94.52020466793903,93.85294117647057,209,0,13,94.18598201796294,96.10074343802154,7,93.64705882352942,3191,1,1,0,True,7,0,True,25,confirmation38,3191,path_g_full_reassign,3191,3191,oracle_aabb,data49-2,0,1,1,deepocsort,True,3400
15.232054378652165,48.90462710669946,1409,202,284,27.18798067736337,30.691449814126393,518,46.31870902672718,2557,0,0,0,True,8,0,True,200,legacy12,2759,no_refinement,2759,2759,official_detector,data28-1,0,0,0,bytetrack,True,3966
15.811455360385478,48.90462710669946,1409,202,284,27.705066872713235,32.80297397769517,503,46.69692385274836,2557,4,14,55,True,8,0,True,200,legacy12,2759,ace_v1,2759,2759,official_detector,data28-1,0,4,14,bytetrack,True,3966
16.39470026613755,48.90462710669946,1409,202,284,28.21550623513579,33.78438661710037,499,46.797781139687345,2557,6,10,59,True,8,0,True,200,legacy12,2759,cost_r,2759,2759,official_detector,data28-1,0,6,10,bytetrack,True,3966
16.096205447028492,48.90462710669946,1409,202,284,27.96820391406124,34.23048327137547,474,47.428139183055976,2557,7,16,87,True,8,0,True,200,legacy12,2759,cost_g_legacy,2759,2759,official_detector,data28-1,0,7,16,bytetrack,True,3966
15.786212704120626,48.90462710669946,1409,202,284,27.691443829003653,33.01115241635688,500,46.7725668179526,2557,6,16,78,True,8,0,True,200,legacy12,2759,cost_h,2759,2759,official_detector,data28-1,0,6,16,bytetrack,True,3966
16.304901562171587,48.90462710669946,1409,202,284,28.141231920417393,33.90334572490706,498,46.82299546142209,2557,7,15,70,True,8,0,True,200,legacy12,2759,path_g,2759,2759,official_detector,data28-1,0,7,15,bytetrack,True,3966
16.20652148615735,48.90462710669946,1409,202,284,28.054640009956188,33.90334572490706,498,46.82299546142209,2557,7,13,67,True,8,0,True,200,legacy12,2759,cost_h_margin_reassign,2759,2759,official_detector,data28-1,0,7,13,bytetrack,True,3966
15.760989659765666,48.90462710669946,1409,202,284,27.666081256404468,33.33828996282528,500,46.7725668179526,2557,6,16,76,True,8,0,True,200,legacy12,2759,cost_h_motion_reassign,2759,2759,official_detector,data28-1,0,6,16,bytetrack,True,3966
16.187531583312186,48.90462710669946,1409,202,284,28.03515983268838,33.427509293680295,500,46.7725668179526,2557,6,12,59,True,8,0,True,200,legacy12,2759,cost_h_full_postfilter,2759,2759,official_detector,data28-1,0,6,12,bytetrack,True,3966
16.34028265506886,48.90462710669946,1409,202,284,28.169275767180586,33.814126394052046,498,46.82299546142209,2557,7,14,63,True,8,0,True,200,legacy12,2759,cost_h_full_reassign,2759,2759,official_detector,data28-1,0,7,14,bytetrack,True,3966
15.912963625441169,48.90462710669946,1409,202,284,27.799066381096317,33.30855018587361,498,46.82299546142209,2557,6,16,74,True,8,0,True,200,legacy12,2759,cost_h_soft_information,2759,2759,official_detector,data28-1,0,6,16,bytetrack,True,3966
16.335225602643856,48.90462710669946,1409,202,284,28.164913319835165,33.814126394052046,498,46.82299546142209,2557,7,14,62,True,8,0,True,200,legacy12,2759,path_g_full_reassign,2759,2759,official_detector,data28-1,0,7,14,bytetrack,True,3966
14.647243906991408,31.189822425808515,2544,51,286,21.33608918524231,25.07813936385365,287,27.332324760463944,1422,0,0,0,True,8,0,True,176,legacy12,1473,no_refinement,1473,1473,official_detector,data28-1,0,0,0,ocsort,True,3966
15.153540748225037,31.189822425808515,2544,51,286,21.70516861070939,26.622540908255193,264,27.912254160363087,1422,12,24,34,True,8,0,True,176,legacy12,1473,ace_v1,1473,1473,official_detector,data28-1,5,11,20,ocsort,True,3966
15.527797443026609,31.189822425808515,2544,51,286,21.973402746587876,27.027027027027028,257,28.088754412506304,1422,16,23,33,True,8,0,True,176,legacy12,1473,cost_r,1473,1473,official_detector,data28-1,7,15,17,ocsort,True,3966
15.35889222752416,31.189822425808515,2544,51,286,21.854320124493153,27.100569957712818,241,28.49218356026223,1422,17,36,51,True,8,0,True,176,legacy12,1473,cost_g_legacy,1473,1473,official_detector,data28-1,10,16,27,ocsort,True,3966
15.38358871163982,31.189822425808515,2544,51,286,21.869926076175254,27.43151314579886,254,28.164397377710536,1422,18,31,42,True,8,0,True,176,legacy12,1473,cost_h,1473,1473,official_detector,data28-1,9,16,24,ocsort,True,3966
15.373550393160102,31.189822425808515,2544,51,286,21.86401553060163,27.027027027027028,253,28.189611699445283,1422,17,27,42,True,8,0,True,176,legacy12,1473,path_g,1473,1473,official_detector,data28-1,8,15,21,ocsort,True,3966
15.471346894987139,31.189822425808515,2544,51,286,21.933694215795732,27.247655819084393,253,28.189611699445283,1422,17,26,40,True,8,0,True,176,legacy12,1473,cost_h_margin_reassign,1473,1473,official_detector,data28-1,8,15,20,ocsort,True,3966
15.412835016368675,31.189822425808515,2544,51,286,21.890772546116295,27.43151314579886,254,28.164397377710536,1422,18,30,42,True,8,0,True,176,legacy12,1473,cost_h_motion_reassign,1473,1473,official_detector,data28-1,9,16,23,ocsort,True,3966
15.404335271286405,31.189822425808515,2544,51,286,21.885919484379908,27.174112888398604,256,28.113968734241052,1422,16,24,37,True,8,0,True,176,legacy12,1473,cost_h_full_postfilter,1473,1473,official_detector,data28-1,7,15,18,ocsort,True,3966
15.469769263433166,31.189822425808515,2544,51,286,21.93257322754513,27.247655819084393,254,28.164397377710536,1422,17,26,38,True,8,0,True,176,legacy12,1473,cost_h_full_reassign,1473,1473,official_detector,data28-1,8,15,20,ocsort,True,3966
15.328953340130358,31.189822425808515,2544,51,286,21.83182923270469,27.28442728442728,253,28.189611699445283,1422,16,29,42,True,8,0,True,176,legacy12,1473,cost_h_soft_information,1473,1473,official_detector,data28-1,8,14,23,ocsort,True,3966
15.464081280705082,31.189822425808515,2544,51,286,21.928535391402367,27.247655819084393,255,28.139183055975792,1422,17,25,38,True,8,0,True,176,legacy12,1473,path_g_full_reassign,1473,1473,official_detector,data28-1,8,15,19,ocsort,True,3966
81.6014044831045,64.37387562275049,974,80,36,72.44663515881318,84.68314862176754,9,73.19717599596571,2992,0,0,0,True,8,0,True,46,legacy12,3072,no_refinement,3072,3072,official_detector,data28-1,0,0,0,deepocsort,True,3966
81.47165392493557,64.37387562275049,974,80,36,72.38883118322967,84.68314862176754,9,73.19717599596571,2992,0,0,2,True,8,0,True,46,legacy12,3072,ace_v1,3072,3072,official_detector,data28-1,0,0,0,deepocsort,True,3966
81.45639407826081,64.37387562275049,974,80,36,72.38223864903833,84.68314862176754,9,73.19717599596571,2992,0,0,2,True,8,0,True,46,legacy12,3072,cost_r,3072,3072,official_detector,data28-1,0,0,0,deepocsort,True,3966
81.45639407826081,64.37387562275049,974,80,36,72.38223864903833,84.68314862176754,9,73.19717599596571,2992,0,0,2,True,8,0,True,46,legacy12,3072,cost_g_legacy,3072,3072,official_detector,data28-1,0,0,0,deepocsort,True,3966
81.45639407826081,64.37387562275049,974,80,36,72.38223864903833,84.68314862176754,9,73.19717599596571,2992,0,0,2,True,8,0,True,46,legacy12,3072,cost_h,3072,3072,official_detector,data28-1,0,0,0,deepocsort,True,3966
81.45639407826081,64.37387562275049,974,80,36,72.38223864903833,84.68314862176754,9,73.19717599596571,2992,0,0,2,True,8,0,True,46,legacy12,3072,path_g,3072,3072,official_detector,data28-1,0,0,0,deepocsort,True,3966
81.45639407826081,64.37387562275049,974,80,36,72.38223864903833,84.68314862176754,9,73.19717599596571,2992,0,0,2,True,8,0,True,46,legacy12,3072,cost_h_margin_reassign,3072,3072,official_detector,data28-1,0,0,0,deepocsort,True,3966
81.45639407826081,64.37387562275049,974,80,36,72.38223864903833,84.68314862176754,9,73.19717599596571,2992,0,0,2,True,8,0,True,46,legacy12,3072,cost_h_motion_reassign,3072,3072,official_detector,data28-1,0,0,0,deepocsort,True,3966
81.45639407826081,64.37387562275049,974,80,36,72.38223864903833,84.68314862176754,9,73.19717599596571,2992,0,0,2,True,8,0,True,46,legacy12,3072,cost_h_full_postfilter,3072,3072,official_detector,data28-1,0,0,0,deepocsort,True,3966
81.45639407826081,64.37387562275049,974,80,36,72.38223864903833,84.68314862176754,9,73.19717599596571,2992,0,0,2,True,8,0,True,46,legacy12,3072,cost_h_full_reassign,3072,3072,official_detector,data28-1,0,0,0,deepocsort,True,3966
81.45639407826081,64.37387562275049,974,80,36,72.38223864903833,84.68314862176754,9,73.19717599596571,2992,0,0,2,True,8,0,True,46,legacy12,3072,cost_h_soft_information,3072,3072,official_detector,data28-1,0,0,0,deepocsort,True,3966
81.45639407826081,64.37387562275049,974,80,36,72.38223864903833,84.68314862176754,9,73.19717599596571,2992,0,0,2,True,8,0,True,46,legacy12,3072,path_g_full_reassign,3072,3072,official_detector,data28-1,0,0,0,deepocsort,True,3966
60.1625779545474,53.820538392225394,260,15,27,56.88533886313384,76.40449438202246,34,68.07851239669421,708,0,0,0,True,8,0,True,34,legacy12,723,no_refinement,723,723,official_detector,data28-2,0,0,0,bytetrack,True,968
63.90940980861536,53.820538392225394,260,15,27,58.631960042208306,80.30751034890598,29,68.59504132231406,708,1,0,6,True,8,0,True,34,legacy12,723,ace_v1,723,723,official_detector,data28-2,0,1,0,bytetrack,True,968
63.90940980861536,53.820538392225394,260,15,27,58.631960042208306,80.30751034890598,29,68.59504132231406,708,1,0,6,True,8,0,True,34,legacy12,723,cost_r,723,723,official_detector,data28-2,0,1,0,bytetrack,True,968
63.90940980861536,53.820538392225394,260,15,27,58.631960042208306,80.30751034890598,29,68.59504132231406,708,1,0,6,True,8,0,True,34,legacy12,723,cost_g_legacy,723,723,official_detector,data28-2,0,1,0,bytetrack,True,968
63.90940980861536,53.820538392225394,260,15,27,58.631960042208306,80.30751034890598,29,68.59504132231406,708,1,0,6,True,8,0,True,34,legacy12,723,cost_h,723,723,official_detector,data28-2,0,1,0,bytetrack,True,968
63.90940980861536,53.820538392225394,260,15,27,58.631960042208306,80.30751034890598,29,68.59504132231406,708,1,0,6,True,8,0,True,34,legacy12,723,path_g,723,723,official_detector,data28-2,0,1,0,bytetrack,True,968
63.90940980861536,53.820538392225394,260,15,27,58.631960042208306,80.30751034890598,29,68.59504132231406,708,1,0,6,True,8,0,True,34,legacy12,723,cost_h_margin_reassign,723,723,official_detector,data28-2,0,1,0,bytetrack,True,968
63.90940980861536,53.820538392225394,260,15,27,58.631960042208306,80.30751034890598,29,68.59504132231406,708,1,0,6,True,8,0,True,34,legacy12,723,cost_h_motion_reassign,723,723,official_detector,data28-2,0,1,0,bytetrack,True,968
63.90940980861536,53.820538392225394,260,15,27,58.631960042208306,80.30751034890598,29,68.59504132231406,708,1,0,6,True,8,0,True,34,legacy12,723,cost_h_full_postfilter,723,723,official_detector,data28-2,0,1,0,bytetrack,True,968
63.90940980861536,53.820538392225394,260,15,27,58.631960042208306,80.30751034890598,29,68.59504132231406,708,1,0,6,True,8,0,True,34,legacy12,723,cost_h_full_reassign,723,723,official_detector,data28-2,0,1,0,bytetrack,True,968
63.90940980861536,53.820538392225394,260,15,27,58.631960042208306,80.30751034890598,29,68.59504132231406,708,1,0,6,True,8,0,True,34,legacy12,723,cost_h_soft_information,723,723,official_detector,data28-2,0,1,0,bytetrack,True,968
63.90940980861536,53.820538392225394,260,15,27,58.631960042208306,80.30751034890598,29,68.59504132231406,708,1,0,6,True,8,0,True,34,legacy12,723,path_g_full_reassign,723,723,official_detector,data28-2,0,1,0,bytetrack,True,968
42.86336202085554,51.06861931365986,373,6,26,46.71182432773319,59.145952836201396,49,55.78512396694215,595,0,0,0,True,8,0,True,59,legacy12,601,no_refinement,601,601,official_detector,data28-2,0,0,0,ocsort,True,968
45.24127668458841,51.06861931365986,373,6,26,47.982654266881866,61.44040790312301,29,57.85123966942148,595,2,0,32,True,8,0,True,59,legacy12,601,ace_v1,601,601,official_detector,data28-2,0,2,0,ocsort,True,968
47.13286394200355,51.06861931365986,373,6,26,48.980469161686116,62.46016571064372,21,58.67768595041323,595,2,0,32,True,8,0,True,59,legacy12,601,cost_r,601,601,official_detector,data28-2,0,2,0,ocsort,True,968
47.13286394200355,51.06861931365986,373,6,26,48.980469161686116,62.46016571064372,21,58.67768595041323,595,2,0,32,True,8,0,True,59,legacy12,601,cost_g_legacy,601,601,official_detector,data28-2,0,2,0,ocsort,True,968
48.51925685568451,51.06861931365986,373,6,26,49.69733293378866,63.09751434034416,16,59.19421487603306,595,2,0,34,True,8,0,True,59,legacy12,601,cost_h,601,601,official_detector,data28-2,0,2,0,ocsort,True,968
47.13286394200355,51.06861931365986,373,6,26,48.980469161686116,62.46016571064372,21,58.67768595041323,595,2,0,32,True,8,0,True,59,legacy12,601,path_g,601,601,official_detector,data28-2,0,2,0,ocsort,True,968
48.51925685568451,51.06861931365986,373,6,26,49.69733293378866,63.09751434034416,16,59.19421487603306,595,2,0,34,True,8,0,True,59,legacy12,601,cost_h_margin_reassign,601,601,official_detector,data28-2,0,2,0,ocsort,True,968
48.51925685568451,51.06861931365986,373,6,26,49.69733293378866,63.09751434034416,16,59.19421487603306,595,2,0,34,True,8,0,True,59,legacy12,601,cost_h_motion_reassign,601,601,official_detector,data28-2,0,2,0,ocsort,True,968
47.37927779697145,51.06861931365986,373,6,26,49.109104991763644,62.46016571064372,21,58.67768595041323,595,2,0,29,True,8,0,True,59,legacy12,601,cost_h_full_postfilter,601,601,official_detector,data28-2,0,2,0,ocsort,True,968
47.13286394200355,51.06861931365986,373,6,26,48.980469161686116,62.46016571064372,21,58.67768595041323,595,2,0,32,True,8,0,True,59,legacy12,601,cost_h_full_reassign,601,601,official_detector,data28-2,0,2,0,ocsort,True,968
47.61111158590522,51.06861931365986,373,6,26,49.230024428255966,62.7151051625239,19,58.88429752066116,595,2,0,33,True,8,0,True,59,legacy12,601,cost_h_soft_information,601,601,official_detector,data28-2,0,2,0,ocsort,True,968
47.13286394200355,51.06861931365986,373,6,26,48.980469161686116,62.46016571064372,21,58.67768595041323,595,2,0,32,True,8,0,True,59,legacy12,601,path_g_full_reassign,601,601,official_detector,data28-2,0,2,0,ocsort,True,968
84.08763180550143,62.55422596603171,230,17,3,72.45748894637534,85.20023215322112,4,74.07024793388429,738,0,0,0,True,8,0,True,6,legacy12,755,no_refinement,755,755,official_detector,data28-2,0,0,0,deepocsort,True,968
84.11463974927838,62.55422596603171,230,17,3,72.46929895916364,85.54846198491003,1,74.3801652892562,738,0,0,3,True,8,0,True,6,legacy12,755,ace_v1,755,755,official_detector,data28-2,0,0,0,deepocsort,True,968
84.11463974927838,62.55422596603171,230,17,3,72.46929895916364,85.54846198491003,1,74.3801652892562,738,0,0,3,True,8,0,True,6,legacy12,755,cost_r,755,755,official_detector,data28-2,0,0,0,deepocsort,True,968
84.11463974927838,62.55422596603171,230,17,3,72.46929895916364,85.54846198491003,1,74.3801652892562,738,0,0,3,True,8,0,True,6,legacy12,755,cost_g_legacy,755,755,official_detector,data28-2,0,0,0,deepocsort,True,968
84.11463974927838,62.55422596603171,230,17,3,72.46929895916364,85.54846198491003,1,74.3801652892562,738,0,0,3,True,8,0,True,6,legacy12,755,cost_h,755,755,official_detector,data28-2,0,0,0,deepocsort,True,968
84.11463974927838,62.55422596603171,230,17,3,72.46929895916364,85.54846198491003,1,74.3801652892562,738,0,0,3,True,8,0,True,6,legacy12,755,path_g,755,755,official_detector,data28-2,0,0,0,deepocsort,True,968
84.11463974927838,62.55422596603171,230,17,3,72.46929895916364,85.54846198491003,1,74.3801652892562,738,0,0,3,True,8,0,True,6,legacy12,755,cost_h_margin_reassign,755,755,official_detector,data28-2,0,0,0,deepocsort,True,968
84.11463974927838,62.55422596603171,230,17,3,72.46929895916364,85.54846198491003,1,74.3801652892562,738,0,0,3,True,8,0,True,6,legacy12,755,cost_h_motion_reassign,755,755,official_detector,data28-2,0,0,0,deepocsort,True,968
84.11463974927838,62.55422596603171,230,17,3,72.46929895916364,85.54846198491003,1,74.3801652892562,738,0,0,3,True,8,0,True,6,legacy12,755,cost_h_full_postfilter,755,755,official_detector,data28-2,0,0,0,deepocsort,True,968
84.11463974927838,62.55422596603171,230,17,3,72.46929895916364,85.54846198491003,1,74.3801652892562,738,0,0,3,True,8,0,True,6,legacy12,755,cost_h_full_reassign,755,755,official_detector,data28-2,0,0,0,deepocsort,True,968
84.11463974927838,62.55422596603171,230,17,3,72.46929895916364,85.54846198491003,1,74.3801652892562,738,0,0,3,True,8,0,True,6,legacy12,755,cost_h_soft_information,755,755,official_detector,data28-2,0,0,0,deepocsort,True,968
84.11463974927838,62.55422596603171,230,17,3,72.46929895916364,85.54846198491003,1,74.3801652892562,738,0,0,3,True,8,0,True,6,legacy12,755,path_g_full_reassign,755,755,official_detector,data28-2,0,0,0,deepocsort,True,968
22.807017543859647,0.454766549684357,301,44,0,3.0916880190087963,1.146131805157593,0,-13.861386138613863,2,0,0,0,True,8,0,True,4,legacy12,46,no_refinement,46,46,official_detector,data28-3,0,0,0,bytetrack,True,303
22.807017543859647,0.454766549684357,301,44,0,3.0916880190087963,1.146131805157593,0,-13.861386138613863,2,0,0,0,True,8,0,True,4,legacy12,46,ace_v1,46,46,official_detector,data28-3,0,0,0,bytetrack,True,303
22.807017543859647,0.454766549684357,301,44,0,3.0916880190087963,1.146131805157593,0,-13.861386138613863,2,0,0,0,True,8,0,True,4,legacy12,46,cost_r,46,46,official_detector,data28-3,0,0,0,bytetrack,True,303
22.807017543859647,0.454766549684357,301,44,0,3.0916880190087963,1.146131805157593,0,-13.861386138613863,2,0,0,0,True,8,0,True,4,legacy12,46,cost_g_legacy,46,46,official_detector,data28-3,0,0,0,bytetrack,True,303
22.807017543859647,0.454766549684357,301,44,0,3.0916880190087963,1.146131805157593,0,-13.861386138613863,2,0,0,0,True,8,0,True,4,legacy12,46,cost_h,46,46,official_detector,data28-3,0,0,0,bytetrack,True,303
22.807017543859647,0.454766549684357,301,44,0,3.0916880190087963,1.146131805157593,0,-13.861386138613863,2,0,0,0,True,8,0,True,4,legacy12,46,path_g,46,46,official_detector,data28-3,0,0,0,bytetrack,True,303
22.807017543859647,0.454766549684357,301,44,0,3.0916880190087963,1.146131805157593,0,-13.861386138613863,2,0,0,0,True,8,0,True,4,legacy12,46,cost_h_margin_reassign,46,46,official_detector,data28-3,0,0,0,bytetrack,True,303
22.807017543859647,0.454766549684357,301,44,0,3.0916880190087963,1.146131805157593,0,-13.861386138613863,2,0,0,0,True,8,0,True,4,legacy12,46,cost_h_motion_reassign,46,46,official_detector,data28-3,0,0,0,bytetrack,True,303
22.807017543859647,0.454766549684357,301,44,0,3.0916880190087963,1.146131805157593,0,-13.861386138613863,2,0,0,0,True,8,0,True,4,legacy12,46,cost_h_full_postfilter,46,46,official_detector,data28-3,0,0,0,bytetrack,True,303
22.807017543859647,0.454766549684357,301,44,0,3.0916880190087963,1.146131805157593,0,-13.861386138613863,2,0,0,0,True,8,0,True,4,legacy12,46,cost_h_full_reassign,46,46,official_detector,data28-3,0,0,0,bytetrack,True,303
22.807017543859647,0.454766549684357,301,44,0,3.0916880190087963,1.146131805157593,0,-13.861386138613863,2,0,0,0,True,8,0,True,4,legacy12,46,cost_h_soft_information,46,46,official_detector,data28-3,0,0,0,bytetrack,True,303
22.807017543859647,0.454766549684357,301,44,0,3.0916880190087963,1.146131805157593,0,-13.861386138613863,2,0,0,0,True,8,0,True,4,legacy12,46,path_g_full_reassign,46,46,official_detector,data28-3,0,0,0,bytetrack,True,303
22.697368421052634,1.3744914154621057,298,30,0,5.572166052997259,1.183431952662722,3,-9.24092409240924,5,0,0,0,True,8,0,True,5,legacy12,35,no_refinement,35,35,official_detector,data28-3,0,0,0,ocsort,True,303
22.697368421052634,1.3744914154621057,298,30,0,5.572166052997259,1.183431952662722,3,-9.24092409240924,5,0,0,0,True,8,0,True,5,legacy12,35,ace_v1,35,35,official_detector,data28-3,0,0,0,ocsort,True,303
22.697368421052634,1.3744914154621057,298,30,0,5.572166052997259,1.183431952662722,3,-9.24092409240924,5,0,0,0,True,8,0,True,5,legacy12,35,cost_r,35,35,official_detector,data28-3,0,0,0,ocsort,True,303
22.697368421052634,1.3744914154621057,298,30,0,5.572166052997259,1.183431952662722,3,-9.24092409240924,5,0,0,0,True,8,0,True,5,legacy12,35,cost_g_legacy,35,35,official_detector,data28-3,0,0,0,ocsort,True,303
22.697368421052634,1.3744914154621057,298,30,0,5.572166052997259,1.183431952662722,3,-9.24092409240924,5,0,0,0,True,8,0,True,5,legacy12,35,cost_h,35,35,official_detector,data28-3,0,0,0,ocsort,True,303
22.697368421052634,1.3744914154621057,298,30,0,5.572166052997259,1.183431952662722,3,-9.24092409240924,5,0,0,0,True,8,0,True,5,legacy12,35,path_g,35,35,official_detector,data28-3,0,0,0,ocsort,True,303
22.697368421052634,1.3744914154621057,298,30,0,5.572166052997259,1.183431952662722,3,-9.24092409240924,5,0,0,0,True,8,0,True,5,legacy12,35,cost_h_margin_reassign,35,35,official_detector,data28-3,0,0,0,ocsort,True,303
22.697368421052634,1.3744914154621057,298,30,0,5.572166052997259,1.183431952662722,3,-9.24092409240924,5,0,0,0,True,8,0,True,5,legacy12,35,cost_h_motion_reassign,35,35,official_detector,data28-3,0,0,0,ocsort,True,303
22.697368421052634,1.3744914154621057,298,30,0,5.572166052997259,1.183431952662722,3,-9.24092409240924,5,0,0,0,True,8,0,True,5,legacy12,35,cost_h_full_postfilter,35,35,official_detector,data28-3,0,0,0,ocsort,True,303
22.697368421052634,1.3744914154621057,298,30,0,5.572166052997259,1.183431952662722,3,-9.24092409240924,5,0,0,0,True,8,0,True,5,legacy12,35,cost_h_full_reassign,35,35,official_detector,data28-3,0,0,0,ocsort,True,303
22.697368421052634,1.3744914154621057,298,30,0,5.572166052997259,1.183431952662722,3,-9.24092409240924,5,0,0,0,True,8,0,True,5,legacy12,35,cost_h_soft_information,35,35,official_detector,data28-3,0,0,0,ocsort,True,303
22.697368421052634,1.3744914154621057,298,30,0,5.572166052997259,1.183431952662722,3,-9.24092409240924,5,0,0,0,True,8,0,True,5,legacy12,35,path_g_full_reassign,35,35,official_detector,data28-3,0,0,0,ocsort,True,303
25.657894736842103,1.1992005329780149,299,13,0,5.546977649451533,1.25,2,-3.6303630363036308,4,0,0,0,True,8,0,True,3,legacy12,17,no_refinement,17,17,official_detector,data28-3,0,0,0,deepocsort,True,303
25.657894736842103,1.1992005329780149,299,13,0,5.546977649451533,1.25,2,-3.6303630363036308,4,0,0,0,True,8,0,True,3,legacy12,17,ace_v1,17,17,official_detector,data28-3,0,0,0,deepocsort,True,303
25.657894736842103,1.1992005329780149,299,13,0,5.546977649451533,1.25,2,-3.6303630363036308,4,0,0,0,True,8,0,True,3,legacy12,17,cost_r,17,17,official_detector,data28-3,0,0,0,deepocsort,True,303
25.657894736842103,1.1992005329780149,299,13,0,5.546977649451533,1.25,2,-3.6303630363036308,4,0,0,0,True,8,0,True,3,legacy12,17,cost_g_legacy,17,17,official_detector,data28-3,0,0,0,deepocsort,True,303
25.657894736842103,1.1992005329780149,299,13,0,5.546977649451533,1.25,2,-3.6303630363036308,4,0,0,0,True,8,0,True,3,legacy12,17,cost_h,17,17,official_detector,data28-3,0,0,0,deepocsort,True,303
25.657894736842103,1.1992005329780149,299,13,0,5.546977649451533,1.25,2,-3.6303630363036308,4,0,0,0,True,8,0,True,3,legacy12,17,path_g,17,17,official_detector,data28-3,0,0,0,deepocsort,True,303
25.657894736842103,1.1992005329780149,299,13,0,5.546977649451533,1.25,2,-3.6303630363036308,4,0,0,0,True,8,0,True,3,legacy12,17,cost_h_margin_reassign,17,17,official_detector,data28-3,0,0,0,deepocsort,True,303
25.657894736842103,1.1992005329780149,299,13,0,5.546977649451533,1.25,2,-3.6303630363036308,4,0,0,0,True,8,0,True,3,legacy12,17,cost_h_motion_reassign,17,17,official_detector,data28-3,0,0,0,deepocsort,True,303
25.657894736842103,1.1992005329780149,299,13,0,5.546977649451533,1.25,2,-3.6303630363036308,4,0,0,0,True,8,0,True,3,legacy12,17,cost_h_full_postfilter,17,17,official_detector,data28-3,0,0,0,deepocsort,True,303
25.657894736842103,1.1992005329780149,299,13,0,5.546977649451533,1.25,2,-3.6303630363036308,4,0,0,0,True,8,0,True,3,legacy12,17,cost_h_full_reassign,17,17,official_detector,data28-3,0,0,0,deepocsort,True,303
25.657894736842103,1.1992005329780149,299,13,0,5.546977649451533,1.25,2,-3.6303630363036308,4,0,0,0,True,8,0,True,3,legacy12,17,cost_h_soft_information,17,17,official_detector,data28-3,0,0,0,deepocsort,True,303
25.657894736842103,1.1992005329780149,299,13,0,5.546977649451533,1.25,2,-3.6303630363036308,4,0,0,0,True,8,0,True,3,legacy12,17,path_g_full_reassign,17,17,official_detector,data28-3,0,0,0,deepocsort,True,303
26.879699248120303,2.4566300308713167,224,0,0,7.872077779297257,4.201680672268908,2,2.1645021645021645,7,0,0,0,True,8,0,True,4,legacy12,7,no_refinement,7,7,official_detector,data28-4,0,0,0,bytetrack,True,231
26.879699248120303,2.4566300308713167,224,0,0,7.872077779297257,4.201680672268908,2,2.1645021645021645,7,0,0,0,True,8,0,True,4,legacy12,7,ace_v1,7,7,official_detector,data28-4,0,0,0,bytetrack,True,231
26.879699248120303,2.4566300308713167,224,0,0,7.872077779297257,4.201680672268908,2,2.1645021645021645,7,0,0,0,True,8,0,True,4,legacy12,7,cost_r,7,7,official_detector,data28-4,0,0,0,bytetrack,True,231
26.879699248120303,2.4566300308713167,224,0,0,7.872077779297257,4.201680672268908,2,2.1645021645021645,7,0,0,0,True,8,0,True,4,legacy12,7,cost_g_legacy,7,7,official_detector,data28-4,0,0,0,bytetrack,True,231
26.879699248120303,2.4566300308713167,224,0,0,7.872077779297257,4.201680672268908,2,2.1645021645021645,7,0,0,0,True,8,0,True,4,legacy12,7,cost_h,7,7,official_detector,data28-4,0,0,0,bytetrack,True,231
26.879699248120303,2.4566300308713167,224,0,0,7.872077779297257,4.201680672268908,2,2.1645021645021645,7,0,0,0,True,8,0,True,4,legacy12,7,path_g,7,7,official_detector,data28-4,0,0,0,bytetrack,True,231
26.879699248120303,2.4566300308713167,224,0,0,7.872077779297257,4.201680672268908,2,2.1645021645021645,7,0,0,0,True,8,0,True,4,legacy12,7,cost_h_margin_reassign,7,7,official_detector,data28-4,0,0,0,bytetrack,True,231
26.879699248120303,2.4566300308713167,224,0,0,7.872077779297257,4.201680672268908,2,2.1645021645021645,7,0,0,0,True,8,0,True,4,legacy12,7,cost_h_motion_reassign,7,7,official_detector,data28-4,0,0,0,bytetrack,True,231
26.879699248120303,2.4566300308713167,224,0,0,7.872077779297257,4.201680672268908,2,2.1645021645021645,7,0,0,0,True,8,0,True,4,legacy12,7,cost_h_full_postfilter,7,7,official_detector,data28-4,0,0,0,bytetrack,True,231
26.879699248120303,2.4566300308713167,224,0,0,7.872077779297257,4.201680672268908,2,2.1645021645021645,7,0,0,0,True,8,0,True,4,legacy12,7,cost_h_full_reassign,7,7,official_detector,data28-4,0,0,0,bytetrack,True,231
26.879699248120303,2.4566300308713167,224,0,0,7.872077779297257,4.201680672268908,2,2.1645021645021645,7,0,0,0,True,8,0,True,4,legacy12,7,cost_h_soft_information,7,7,official_detector,data28-4,0,0,0,bytetrack,True,231
26.879699248120303,2.4566300308713167,224,0,0,7.872077779297257,4.201680672268908,2,2.1645021645021645,7,0,0,0,True,8,0,True,4,legacy12,7,path_g_full_reassign,7,7,official_detector,data28-4,0,0,0,bytetrack,True,231
13.123718386876279,1.6553999647555648,227,1,0,4.643489632279759,1.694915254237288,2,0.4329004329004329,4,0,0,0,True,8,0,True,2,legacy12,5,no_refinement,5,5,official_detector,data28-4,0,0,0,ocsort,True,231
13.123718386876279,1.6553999647555648,227,1,0,4.643489632279759,1.694915254237288,2,0.4329004329004329,4,0,0,0,True,8,0,True,2,legacy12,5,ace_v1,5,5,official_detector,data28-4,0,0,0,ocsort,True,231
13.123718386876279,1.6553999647555648,227,1,0,4.643489632279759,1.694915254237288,2,0.4329004329004329,4,0,0,0,True,8,0,True,2,legacy12,5,cost_r,5,5,official_detector,data28-4,0,0,0,ocsort,True,231
13.123718386876279,1.6553999647555648,227,1,0,4.643489632279759,1.694915254237288,2,0.4329004329004329,4,0,0,0,True,8,0,True,2,legacy12,5,cost_g_legacy,5,5,official_detector,data28-4,0,0,0,ocsort,True,231
13.123718386876279,1.6553999647555648,227,1,0,4.643489632279759,1.694915254237288,2,0.4329004329004329,4,0,0,0,True,8,0,True,2,legacy12,5,cost_h,5,5,official_detector,data28-4,0,0,0,ocsort,True,231
13.123718386876279,1.6553999647555648,227,1,0,4.643489632279759,1.694915254237288,2,0.4329004329004329,4,0,0,0,True,8,0,True,2,legacy12,5,path_g,5,5,official_detector,data28-4,0,0,0,ocsort,True,231
13.123718386876279,1.6553999647555648,227,1,0,4.643489632279759,1.694915254237288,2,0.4329004329004329,4,0,0,0,True,8,0,True,2,legacy12,5,cost_h_margin_reassign,5,5,official_detector,data28-4,0,0,0,ocsort,True,231
13.123718386876279,1.6553999647555648,227,1,0,4.643489632279759,1.694915254237288,2,0.4329004329004329,4,0,0,0,True,8,0,True,2,legacy12,5,cost_h_motion_reassign,5,5,official_detector,data28-4,0,0,0,ocsort,True,231
13.123718386876279,1.6553999647555648,227,1,0,4.643489632279759,1.694915254237288,2,0.4329004329004329,4,0,0,0,True,8,0,True,2,legacy12,5,cost_h_full_postfilter,5,5,official_detector,data28-4,0,0,0,ocsort,True,231
13.123718386876279,1.6553999647555648,227,1,0,4.643489632279759,1.694915254237288,2,0.4329004329004329,4,0,0,0,True,8,0,True,2,legacy12,5,cost_h_full_reassign,5,5,official_detector,data28-4,0,0,0,ocsort,True,231
13.123718386876279,1.6553999647555648,227,1,0,4.643489632279759,1.694915254237288,2,0.4329004329004329,4,0,0,0,True,8,0,True,2,legacy12,5,cost_h_soft_information,5,5,official_detector,data28-4,0,0,0,ocsort,True,231
13.123718386876279,1.6553999647555648,227,1,0,4.643489632279759,1.694915254237288,2,0.4329004329004329,4,0,0,0,True,8,0,True,2,legacy12,5,path_g_full_reassign,5,5,official_detector,data28-4,0,0,0,ocsort,True,231
14.369512872043233,5.4854086597775495,216,0,1,8.736787364802243,4.878048780487805,9,2.5974025974025974,15,0,0,0,True,8,0,True,8,legacy12,15,no_refinement,15,15,official_detector,data28-4,0,0,0,deepocsort,True,231
14.369512872043233,5.4854086597775495,216,0,1,8.736787364802243,4.878048780487805,9,2.5974025974025974,15,0,0,0,True,8,0,True,8,legacy12,15,ace_v1,15,15,official_detector,data28-4,0,0,0,deepocsort,True,231
14.369512872043233,5.4854086597775495,216,0,1,8.736787364802243,4.878048780487805,9,2.5974025974025974,15,0,0,0,True,8,0,True,8,legacy12,15,cost_r,15,15,official_detector,data28-4,0,0,0,deepocsort,True,231
14.369512872043233,5.4854086597775495,216,0,1,8.736787364802243,4.878048780487805,9,2.5974025974025974,15,0,0,0,True,8,0,True,8,legacy12,15,cost_g_legacy,15,15,official_detector,data28-4,0,0,0,deepocsort,True,231
14.369512872043233,5.4854086597775495,216,0,1,8.736787364802243,4.878048780487805,9,2.5974025974025974,15,0,0,0,True,8,0,True,8,legacy12,15,cost_h,15,15,official_detector,data28-4,0,0,0,deepocsort,True,231
14.369512872043233,5.4854086597775495,216,0,1,8.736787364802243,4.878048780487805,9,2.5974025974025974,15,0,0,0,True,8,0,True,8,legacy12,15,path_g,15,15,official_detector,data28-4,0,0,0,deepocsort,True,231
14.369512872043233,5.4854086597775495,216,0,1,8.736787364802243,4.878048780487805,9,2.5974025974025974,15,0,0,0,True,8,0,True,8,legacy12,15,cost_h_margin_reassign,15,15,official_detector,data28-4,0,0,0,deepocsort,True,231
14.369512872043233,5.4854086597775495,216,0,1,8.736787364802243,4.878048780487805,9,2.5974025974025974,15,0,0,0,True,8,0,True,8,legacy12,15,cost_h_motion_reassign,15,15,official_detector,data28-4,0,0,0,deepocsort,True,231
14.369512872043233,5.4854086597775495,216,0,1,8.736787364802243,4.878048780487805,9,2.5974025974025974,15,0,0,0,True,8,0,True,8,legacy12,15,cost_h_full_postfilter,15,15,official_detector,data28-4,0,0,0,deepocsort,True,231
14.369512872043233,5.4854086597775495,216,0,1,8.736787364802243,4.878048780487805,9,2.5974025974025974,15,0,0,0,True,8,0,True,8,legacy12,15,cost_h_full_reassign,15,15,official_detector,data28-4,0,0,0,deepocsort,True,231
14.369512872043233,5.4854086597775495,216,0,1,8.736787364802243,4.878048780487805,9,2.5974025974025974,15,0,0,0,True,8,0,True,8,legacy12,15,cost_h_soft_information,15,15,official_detector,data28-4,0,0,0,deepocsort,True,231
14.369512872043233,5.4854086597775495,216,0,1,8.736787364802243,4.878048780487805,9,2.5974025974025974,15,0,0,0,True,8,0,True,8,legacy12,15,path_g_full_reassign,15,15,official_detector,data28-4,0,0,0,deepocsort,True,231
11.173032734913745,4.256406348411699,174,1,0,6.758545504181974,7.253886010362693,2,3.278688524590164,9,0,0,0,True,8,0,True,5,legacy12,10,no_refinement,10,10,official_detector,data28-5,0,0,0,bytetrack,True,183
11.173032734913745,4.256406348411699,174,1,0,6.758545504181974,7.253886010362693,2,3.278688524590164,9,0,0,0,True,8,0,True,5,legacy12,10,ace_v1,10,10,official_detector,data28-5,0,0,0,bytetrack,True,183
11.173032734913745,4.256406348411699,174,1,0,6.758545504181974,7.253886010362693,2,3.278688524590164,9,0,0,0,True,8,0,True,5,legacy12,10,cost_r,10,10,official_detector,data28-5,0,0,0,bytetrack,True,183
11.173032734913745,4.256406348411699,174,1,0,6.758545504181974,7.253886010362693,2,3.278688524590164,9,0,0,0,True,8,0,True,5,legacy12,10,cost_g_legacy,10,10,official_detector,data28-5,0,0,0,bytetrack,True,183
11.173032734913745,4.256406348411699,174,1,0,6.758545504181974,7.253886010362693,2,3.278688524590164,9,0,0,0,True,8,0,True,5,legacy12,10,cost_h,10,10,official_detector,data28-5,0,0,0,bytetrack,True,183
11.173032734913745,4.256406348411699,174,1,0,6.758545504181974,7.253886010362693,2,3.278688524590164,9,0,0,0,True,8,0,True,5,legacy12,10,path_g,10,10,official_detector,data28-5,0,0,0,bytetrack,True,183
11.173032734913745,4.256406348411699,174,1,0,6.758545504181974,7.253886010362693,2,3.278688524590164,9,0,0,0,True,8,0,True,5,legacy12,10,cost_h_margin_reassign,10,10,official_detector,data28-5,0,0,0,bytetrack,True,183
11.173032734913745,4.256406348411699,174,1,0,6.758545504181974,7.253886010362693,2,3.278688524590164,9,0,0,0,True,8,0,True,5,legacy12,10,cost_h_motion_reassign,10,10,official_detector,data28-5,0,0,0,bytetrack,True,183
11.173032734913745,4.256406348411699,174,1,0,6.758545504181974,7.253886010362693,2,3.278688524590164,9,0,0,0,True,8,0,True,5,legacy12,10,cost_h_full_postfilter,10,10,official_detector,data28-5,0,0,0,bytetrack,True,183
11.173032734913745,4.256406348411699,174,1,0,6.758545504181974,7.253886010362693,2,3.278688524590164,9,0,0,0,True,8,0,True,5,legacy12,10,cost_h_full_reassign,10,10,official_detector,data28-5,0,0,0,bytetrack,True,183
11.173032734913745,4.256406348411699,174,1,0,6.758545504181974,7.253886010362693,2,3.278688524590164,9,0,0,0,True,8,0,True,5,legacy12,10,cost_h_soft_information,10,10,official_detector,data28-5,0,0,0,bytetrack,True,183
11.173032734913745,4.256406348411699,174,1,0,6.758545504181974,7.253886010362693,2,3.278688524590164,9,0,0,0,True,8,0,True,5,legacy12,10,path_g_full_reassign,10,10,official_detector,data28-5,0,0,0,bytetrack,True,183
13.419483192403392,9.070715083786919,163,1,0,10.938953468167652,7.8431372549019605,12,3.825136612021858,20,0,0,0,True,8,0,True,14,legacy12,21,no_refinement,21,21,official_detector,data28-5,0,0,0,ocsort,True,183
20.006238565686576,9.070715083786919,163,1,0,13.438173109594178,13.725490196078432,6,7.103825136612022,20,1,0,7,True,8,0,True,14,legacy12,21,ace_v1,21,21,official_detector,data28-5,0,1,0,ocsort,True,183
20.006238565686576,9.070715083786919,163,1,0,13.438173109594178,13.725490196078432,6,7.103825136612022,20,1,0,7,True,8,0,True,14,legacy12,21,cost_r,21,21,official_detector,data28-5,0,1,0,ocsort,True,183
21.133105641801777,9.070715083786919,163,1,0,13.814232477913018,14.705882352941178,5,7.650273224043716,20,1,0,8,True,8,0,True,14,legacy12,21,cost_g_legacy,21,21,official_detector,data28-5,0,1,0,ocsort,True,183
21.133105641801777,9.070715083786919,163,1,0,13.814232477913018,14.705882352941178,5,7.650273224043716,20,1,1,7,True,8,0,True,14,legacy12,21,cost_h,21,21,official_detector,data28-5,0,1,1,ocsort,True,183
20.006238565686576,9.070715083786919,163,1,0,13.438173109594178,13.725490196078432,6,7.103825136612022,20,1,0,7,True,8,0,True,14,legacy12,21,path_g,21,21,official_detector,data28-5,0,1,0,ocsort,True,183
20.006238565686576,9.070715083786919,163,1,0,13.438173109594178,13.725490196078432,6,7.103825136612022,20,1,0,7,True,8,0,True,14,legacy12,21,cost_h_margin_reassign,21,21,official_detector,data28-5,0,1,0,ocsort,True,183
21.133105641801777,9.070715083786919,163,1,0,13.814232477913018,14.705882352941178,5,7.650273224043716,20,1,1,7,True,8,0,True,14,legacy12,21,cost_h_motion_reassign,21,21,official_detector,data28-5,0,1,1,ocsort,True,183
20.409185225682112,9.070715083786919,163,1,0,13.572434822585953,13.725490196078432,6,7.103825136612022,20,1,0,6,True,8,0,True,14,legacy12,21,cost_h_full_postfilter,21,21,official_detector,data28-5,0,1,0,ocsort,True,183
20.006238565686576,9.070715083786919,163,1,0,13.438173109594178,13.725490196078432,6,7.103825136612022,20,1,0,7,True,8,0,True,14,legacy12,21,cost_h_full_reassign,21,21,official_detector,data28-5,0,1,0,ocsort,True,183
20.006238565686576,9.070715083786919,163,1,0,13.438173109594178,13.725490196078432,6,7.103825136612022,20,1,0,7,True,8,0,True,14,legacy12,21,cost_h_soft_information,21,21,official_detector,data28-5,0,1,0,ocsort,True,183
20.006238565686576,9.070715083786919,163,1,0,13.438173109594178,13.725490196078432,6,7.103825136612022,20,1,0,7,True,8,0,True,14,legacy12,21,path_g_full_reassign,21,21,official_detector,data28-5,0,1,0,ocsort,True,183
19.897638723856513,14.840838169495049,151,7,4,17.10961703929363,17.117117117117118,12,7.103825136612022,32,0,0,0,True,8,0,True,14,legacy12,39,no_refinement,39,39,official_detector,data28-5,0,0,0,deepocsort,True,183
23.6125734059664,14.840838169495049,151,7,4,18.636144136819905,21.62162162162162,7,9.836065573770492,32,1,0,6,True,8,0,True,14,legacy12,39,ace_v1,39,39,official_detector,data28-5,0,1,0,deepocsort,True,183
23.6125734059664,14.840838169495049,151,7,4,18.636144136819905,21.62162162162162,7,9.836065573770492,32,1,0,6,True,8,0,True,14,legacy12,39,cost_r,39,39,official_detector,data28-5,0,1,0,deepocsort,True,183
24.321125648348133,14.840838169495049,151,7,4,18.9137249412811,22.52252252252252,6,10.382513661202186,32,1,0,7,True,8,0,True,14,legacy12,39,cost_g_legacy,39,39,official_detector,data28-5,0,1,0,deepocsort,True,183
24.321125648348136,14.840838169495049,151,7,4,18.9137249412811,22.52252252252252,6,10.382513661202186,32,1,1,6,True,8,0,True,14,legacy12,39,cost_h,39,39,official_detector,data28-5,0,1,1,deepocsort,True,183
23.6125734059664,14.840838169495049,151,7,4,18.636144136819905,21.62162162162162,7,9.836065573770492,32,1,0,6,True,8,0,True,14,legacy12,39,path_g,39,39,official_detector,data28-5,0,1,0,deepocsort,True,183
23.6125734059664,14.840838169495049,151,7,4,18.636144136819905,21.62162162162162,7,9.836065573770492,32,1,0,6,True,8,0,True,14,legacy12,39,cost_h_margin_reassign,39,39,official_detector,data28-5,0,1,0,deepocsort,True,183
24.321125648348136,14.840838169495049,151,7,4,18.9137249412811,22.52252252252252,6,10.382513661202186,32,1,1,6,True,8,0,True,14,legacy12,39,cost_h_motion_reassign,39,39,official_detector,data28-5,0,1,1,deepocsort,True,183
23.880439234235507,14.840838169495049,151,7,4,18.737449838166736,21.62162162162162,7,9.836065573770492,32,1,0,5,True,8,0,True,14,legacy12,39,cost_h_full_postfilter,39,39,official_detector,data28-5,0,1,0,deepocsort,True,183
23.6125734059664,14.840838169495049,151,7,4,18.636144136819905,21.62162162162162,7,9.836065573770492,32,1,0,6,True,8,0,True,14,legacy12,39,cost_h_full_reassign,39,39,official_detector,data28-5,0,1,0,deepocsort,True,183
23.6125734059664,14.840838169495049,151,7,4,18.636144136819905,21.62162162162162,7,9.836065573770492,32,1,0,6,True,8,0,True,14,legacy12,39,cost_h_soft_information,39,39,official_detector,data28-5,0,1,0,deepocsort,True,183
23.6125734059664,14.840838169495049,151,7,4,18.636144136819905,21.62162162162162,7,9.836065573770492,32,1,0,6,True,8,0,True,14,legacy12,39,path_g_full_reassign,39,39,official_detector,data28-5,0,1,0,deepocsort,True,183
7.879013074143169,1.6587791510340886,237,108,0,3.5800621230816447,2.785515320334262,1,-41.80327868852459,7,0,0,0,True,8,0,True,9,legacy12,115,no_refinement,115,115,official_detector,data28-6,0,0,0,bytetrack,True,244
7.781144354404755,1.6587791510340886,237,108,0,3.5541381917311052,2.785515320334262,1,-41.80327868852459,7,0,0,2,True,8,0,True,9,legacy12,115,ace_v1,115,115,official_detector,data28-6,0,0,0,bytetrack,True,244
7.781144354404755,1.6587791510340886,237,108,0,3.5541381917311052,2.785515320334262,1,-41.80327868852459,7,0,0,2,True,8,0,True,9,legacy12,115,cost_r,115,115,official_detector,data28-6,0,0,0,bytetrack,True,244
7.781144354404755,1.6587791510340886,237,108,0,3.5541381917311052,2.785515320334262,1,-41.80327868852459,7,0,0,2,True,8,0,True,9,legacy12,115,cost_g_legacy,115,115,official_detector,data28-6,0,0,0,bytetrack,True,244
7.781144354404755,1.6587791510340886,237,108,0,3.5541381917311052,2.785515320334262,1,-41.80327868852459,7,0,0,2,True,8,0,True,9,legacy12,115,cost_h,115,115,official_detector,data28-6,0,0,0,bytetrack,True,244
7.781144354404755,1.6587791510340886,237,108,0,3.5541381917311052,2.785515320334262,1,-41.80327868852459,7,0,0,2,True,8,0,True,9,legacy12,115,path_g,115,115,official_detector,data28-6,0,0,0,bytetrack,True,244
7.781144354404755,1.6587791510340886,237,108,0,3.5541381917311052,2.785515320334262,1,-41.80327868852459,7,0,0,2,True,8,0,True,9,legacy12,115,cost_h_margin_reassign,115,115,official_detector,data28-6,0,0,0,bytetrack,True,244
7.781144354404755,1.6587791510340886,237,108,0,3.5541381917311052,2.785515320334262,1,-41.80327868852459,7,0,0,1,True,8,0,True,9,legacy12,115,cost_h_motion_reassign,115,115,official_detector,data28-6,0,0,0,bytetrack,True,244
7.781144354404755,1.6587791510340886,237,108,0,3.5541381917311052,2.785515320334262,1,-41.80327868852459,7,0,0,1,True,8,0,True,9,legacy12,115,cost_h_full_postfilter,115,115,official_detector,data28-6,0,0,0,bytetrack,True,244
7.781144354404755,1.6587791510340886,237,108,0,3.5541381917311052,2.785515320334262,1,-41.80327868852459,7,0,0,1,True,8,0,True,9,legacy12,115,cost_h_full_reassign,115,115,official_detector,data28-6,0,0,0,bytetrack,True,244
7.781144354404755,1.6587791510340886,237,108,0,3.5541381917311052,2.785515320334262,1,-41.80327868852459,7,0,0,2,True,8,0,True,9,legacy12,115,cost_h_soft_information,115,115,official_detector,data28-6,0,0,0,bytetrack,True,244
7.781144354404755,1.6587791510340886,237,108,0,3.5541381917311052,2.785515320334262,1,-41.80327868852459,7,0,0,1,True,8,0,True,9,legacy12,115,path_g_full_reassign,115,115,official_detector,data28-6,0,0,0,bytetrack,True,244
61.9047619047619,2.2370672189455676,236,90,0,11.766755035738349,4.678362573099415,0,-33.60655737704918,8,0,0,0,True,8,0,True,4,legacy12,98,no_refinement,98,98,official_detector,data28-6,0,0,0,ocsort,True,244
61.9047619047619,2.2370672189455676,236,90,0,11.766755035738349,4.678362573099415,0,-33.60655737704918,8,0,0,0,True,8,0,True,4,legacy12,98,ace_v1,98,98,official_detector,data28-6,0,0,0,ocsort,True,244
61.9047619047619,2.2370672189455676,236,90,0,11.766755035738349,4.678362573099415,0,-33.60655737704918,8,0,0,0,True,8,0,True,4,legacy12,98,cost_r,98,98,official_detector,data28-6,0,0,0,ocsort,True,244
61.9047619047619,2.2370672189455676,236,90,0,11.766755035738349,4.678362573099415,0,-33.60655737704918,8,0,0,0,True,8,0,True,4,legacy12,98,cost_g_legacy,98,98,official_detector,data28-6,0,0,0,ocsort,True,244
61.9047619047619,2.2370672189455676,236,90,0,11.766755035738349,4.678362573099415,0,-33.60655737704918,8,0,0,0,True,8,0,True,4,legacy12,98,cost_h,98,98,official_detector,data28-6,0,0,0,ocsort,True,244
61.9047619047619,2.2370672189455676,236,90,0,11.766755035738349,4.678362573099415,0,-33.60655737704918,8,0,0,0,True,8,0,True,4,legacy12,98,path_g,98,98,official_detector,data28-6,0,0,0,ocsort,True,244
61.9047619047619,2.2370672189455676,236,90,0,11.766755035738349,4.678362573099415,0,-33.60655737704918,8,0,0,0,True,8,0,True,4,legacy12,98,cost_h_margin_reassign,98,98,official_detector,data28-6,0,0,0,ocsort,True,244
61.9047619047619,2.2370672189455676,236,90,0,11.766755035738349,4.678362573099415,0,-33.60655737704918,8,0,0,0,True,8,0,True,4,legacy12,98,cost_h_motion_reassign,98,98,official_detector,data28-6,0,0,0,ocsort,True,244
61.9047619047619,2.2370672189455676,236,90,0,11.766755035738349,4.678362573099415,0,-33.60655737704918,8,0,0,0,True,8,0,True,4,legacy12,98,cost_h_full_postfilter,98,98,official_detector,data28-6,0,0,0,ocsort,True,244
61.9047619047619,2.2370672189455676,236,90,0,11.766755035738349,4.678362573099415,0,-33.60655737704918,8,0,0,0,True,8,0,True,4,legacy12,98,cost_h_full_reassign,98,98,official_detector,data28-6,0,0,0,ocsort,True,244
61.9047619047619,2.2370672189455676,236,90,0,11.766755035738349,4.678362573099415,0,-33.60655737704918,8,0,0,0,True,8,0,True,4,legacy12,98,cost_h_soft_information,98,98,official_detector,data28-6,0,0,0,ocsort,True,244
61.9047619047619,2.2370672189455676,236,90,0,11.766755035738349,4.678362573099415,0,-33.60655737704918,8,0,0,0,True,8,0,True,4,legacy12,98,path_g_full_reassign,98,98,official_detector,data28-6,0,0,0,ocsort,True,244
0.0,0.0,244,34,0,0.0,0.0,0,-13.934426229508196,0,0,0,0,True,8,0,True,2,legacy12,34,no_refinement,34,34,official_detector,data28-6,0,0,0,deepocsort,True,244
0.0,0.0,244,34,0,0.0,0.0,0,-13.934426229508196,0,0,0,0,True,8,0,True,2,legacy12,34,ace_v1,34,34,official_detector,data28-6,0,0,0,deepocsort,True,244
0.0,0.0,244,34,0,0.0,0.0,0,-13.934426229508196,0,0,0,0,True,8,0,True,2,legacy12,34,cost_r,34,34,official_detector,data28-6,0,0,0,deepocsort,True,244
0.0,0.0,244,34,0,0.0,0.0,0,-13.934426229508196,0,0,0,0,True,8,0,True,2,legacy12,34,cost_g_legacy,34,34,official_detector,data28-6,0,0,0,deepocsort,True,244
0.0,0.0,244,34,0,0.0,0.0,0,-13.934426229508196,0,0,0,0,True,8,0,True,2,legacy12,34,cost_h,34,34,official_detector,data28-6,0,0,0,deepocsort,True,244
0.0,0.0,244,34,0,0.0,0.0,0,-13.934426229508196,0,0,0,0,True,8,0,True,2,legacy12,34,path_g,34,34,official_detector,data28-6,0,0,0,deepocsort,True,244
0.0,0.0,244,34,0,0.0,0.0,0,-13.934426229508196,0,0,0,0,True,8,0,True,2,legacy12,34,cost_h_margin_reassign,34,34,official_detector,data28-6,0,0,0,deepocsort,True,244
0.0,0.0,244,34,0,0.0,0.0,0,-13.934426229508196,0,0,0,0,True,8,0,True,2,legacy12,34,cost_h_motion_reassign,34,34,official_detector,data28-6,0,0,0,deepocsort,True,244
0.0,0.0,244,34,0,0.0,0.0,0,-13.934426229508196,0,0,0,0,True,8,0,True,2,legacy12,34,cost_h_full_postfilter,34,34,official_detector,data28-6,0,0,0,deepocsort,True,244
0.0,0.0,244,34,0,0.0,0.0,0,-13.934426229508196,0,0,0,0,True,8,0,True,2,legacy12,34,cost_h_full_reassign,34,34,official_detector,data28-6,0,0,0,deepocsort,True,244
0.0,0.0,244,34,0,0.0,0.0,0,-13.934426229508196,0,0,0,0,True,8,0,True,2,legacy12,34,cost_h_soft_information,34,34,official_detector,data28-6,0,0,0,deepocsort,True,244
0.0,0.0,244,34,0,0.0,0.0,0,-13.934426229508196,0,0,0,0,True,8,0,True,2,legacy12,34,path_g_full_reassign,34,34,official_detector,data28-6,0,0,0,deepocsort,True,244
69.23114193015621,38.83900473232031,3626,242,139,51.82253596745041,59.36473165388828,160,43.82147838214784,3544,0,0,0,True,8,0,True,256,legacy12,3786,no_refinement,3786,3786,official_detector,data30-10,0,0,0,bytetrack,True,7170
69.01379139391706,38.833414489890785,3626,242,139,51.738068301173534,59.63855421686747,132,44.21199442119944,3544,0,1,60,True,8,0,True,256,legacy12,3786,ace_v1,3786,3786,official_detector,data30-10,0,0,1,bytetrack,True,7170
69.31669476447783,38.853351101705584,3626,242,139,51.8658000008681,59.85761226725083,123,44.33751743375174,3544,1,1,63,True,8,0,True,256,legacy12,3786,cost_r,3786,3786,official_detector,data30-10,0,1,1,bytetrack,True,7170
69.44934759186617,38.853351101705584,3626,242,139,51.916188964508436,60.149689667761955,119,44.39330543933055,3544,1,2,67,True,8,0,True,256,legacy12,3786,cost_g_legacy,3786,3786,official_detector,data30-10,0,1,2,bytetrack,True,7170
69.08771855205478,38.853351101705584,3626,242,139,51.7790288510453,59.784592917123035,123,44.33751743375174,3544,1,1,67,True,8,0,True,256,legacy12,3786,cost_h,3786,3786,official_detector,data30-10,0,1,1,bytetrack,True,7170
69.2654516156263,38.853351101705584,3626,242,139,51.84631842041375,59.87586710478276,122,44.35146443514644,3544,1,1,66,True,8,0,True,256,legacy12,3786,path_g,3786,3786,official_detector,data30-10,0,1,1,bytetrack,True,7170
69.2654516156263,38.853351101705584,3626,242,139,51.84631842041375,59.87586710478276,122,44.35146443514644,3544,1,1,66,True,8,0,True,256,legacy12,3786,cost_h_margin_reassign,3786,3786,official_detector,data30-10,0,1,1,bytetrack,True,7170
69.08771855205478,38.853351101705584,3626,242,139,51.7790288510453,59.784592917123035,123,44.33751743375174,3544,1,1,67,True,8,0,True,256,legacy12,3786,cost_h_motion_reassign,3786,3786,official_detector,data30-10,0,1,1,bytetrack,True,7170
69.21551674670702,38.853351101705584,3626,242,139,51.82730285344628,59.766338079591094,124,44.323570432357045,3544,1,1,63,True,8,0,True,256,legacy12,3786,cost_h_full_postfilter,3786,3786,official_detector,data30-10,0,1,1,bytetrack,True,7170
69.25826547999515,38.853351101705584,3626,242,139,51.8436069431291,59.85761226725083,123,44.33751743375174,3544,1,1,64,True,8,0,True,256,legacy12,3786,cost_h_full_reassign,3786,3786,official_detector,data30-10,0,1,1,bytetrack,True,7170
69.2654516156263,38.853351101705584,3626,242,139,51.84631842041375,59.87586710478276,122,44.35146443514644,3544,1,1,66,True,8,0,True,256,legacy12,3786,cost_h_soft_information,3786,3786,official_detector,data30-10,0,1,1,bytetrack,True,7170
69.25826547999515,38.853351101705584,3626,242,139,51.8436069431291,59.85761226725083,123,44.33751743375174,3544,1,1,64,True,8,0,True,256,legacy12,3786,path_g_full_reassign,3786,3786,official_detector,data30-10,0,1,1,bytetrack,True,7170
77.8775592286542,38.74103590356848,3962,209,81,54.79544119701424,57.08888259185794,127,40.055788005578805,3208,0,0,0,True,8,0,True,221,legacy12,3417,no_refinement,3417,3417,official_detector,data30-10,0,0,0,ocsort,True,7170
78.12136346989413,38.74103590356848,3962,209,81,54.88323201806162,58.18456597714178,64,40.93444909344491,3208,4,1,81,True,8,0,True,221,legacy12,3417,ace_v1,3417,3417,official_detector,data30-10,0,4,1,ocsort,True,7170
78.22250188912581,38.73398311432559,3962,209,81,54.91483626267989,58.41125909133843,54,41.07391910739191,3208,5,1,84,True,8,0,True,221,legacy12,3417,cost_r,3417,3417,official_detector,data30-10,0,5,1,ocsort,True,7170
78.22288260806953,38.73398311432559,3962,209,81,54.91500156887131,58.41125909133843,54,41.07391910739191,3208,5,1,88,True,8,0,True,221,legacy12,3417,cost_g_legacy,3417,3417,official_detector,data30-10,0,5,1,ocsort,True,7170
78.22405068172084,38.73398311432559,3962,209,81,54.915426481379285,58.41125909133843,54,41.07391910739191,3208,5,1,89,True,8,0,True,221,legacy12,3417,cost_h,3417,3417,official_detector,data30-10,0,5,1,ocsort,True,7170
78.22288260806953,38.73398311432559,3962,209,81,54.91500156887131,58.41125909133843,54,41.07391910739191,3208,5,1,88,True,8,0,True,221,legacy12,3417,path_g,3417,3417,official_detector,data30-10,0,5,1,ocsort,True,7170
78.22363717944458,38.73398311432559,3962,209,81,54.91527357458589,58.41125909133843,54,41.07391910739191,3208,5,1,86,True,8,0,True,221,legacy12,3417,cost_h_margin_reassign,3417,3417,official_detector,data30-10,0,5,1,ocsort,True,7170
78.22405068172084,38.73398311432559,3962,209,81,54.915426481379285,58.41125909133843,54,41.07391910739191,3208,5,1,89,True,8,0,True,221,legacy12,3417,cost_h_motion_reassign,3417,3417,official_detector,data30-10,0,5,1,ocsort,True,7170
78.22143372283143,38.73398311432559,3962,209,81,54.914447906884625,58.41125909133843,54,41.07391910739191,3208,5,1,82,True,8,0,True,221,legacy12,3417,cost_h_full_postfilter,3417,3417,official_detector,data30-10,0,5,1,ocsort,True,7170
78.22250188912581,38.73398311432559,3962,209,81,54.91483626267989,58.41125909133843,54,41.07391910739191,3208,5,1,84,True,8,0,True,221,legacy12,3417,cost_h_full_reassign,3417,3417,official_detector,data30-10,0,5,1,ocsort,True,7170
78.22288260806953,38.73398311432559,3962,209,81,54.91500156887131,58.41125909133843,54,41.07391910739191,3208,5,1,88,True,8,0,True,221,legacy12,3417,cost_h_soft_information,3417,3417,official_detector,data30-10,0,5,1,ocsort,True,7170
78.22250188912581,38.73398311432559,3962,209,81,54.91483626267989,58.41125909133843,54,41.07391910739191,3208,5,1,84,True,8,0,True,221,legacy12,3417,path_g_full_reassign,3417,3417,official_detector,data30-10,0,5,1,ocsort,True,7170
80.73705336117548,49.7484625360987,2854,246,119,63.01979712615303,72.45141493351517,22,56.457461645746164,4316,0,0,0,True,8,0,True,144,legacy12,4562,no_refinement,4562,4562,official_detector,data30-10,0,0,0,deepocsort,True,7170
80.70528530079277,49.7484625360987,2854,246,119,63.00847668472574,72.2979884077736,13,56.582984658298464,4316,0,0,25,True,8,0,True,144,legacy12,4562,ace_v1,4562,4562,official_detector,data30-10,0,0,0,deepocsort,True,7170
80.7226742881604,49.7484625360987,2854,246,119,63.01561572761637,72.31503579952268,12,56.59693165969316,4316,0,0,25,True,8,0,True,144,legacy12,4562,cost_r,4562,4562,official_detector,data30-10,0,0,0,deepocsort,True,7170
80.73132679347864,49.7484625360987,2854,246,119,63.01918724844725,72.33208319127174,11,56.610878661087874,4316,0,0,26,True,8,0,True,144,legacy12,4562,cost_g_legacy,4562,4562,official_detector,data30-10,0,0,0,deepocsort,True,7170
80.73132679347864,49.7484625360987,2854,246,119,63.01918724844725,72.33208319127174,11,56.610878661087874,4316,0,0,26,True,8,0,True,144,legacy12,4562,cost_h,4562,4562,official_detector,data30-10,0,0,0,deepocsort,True,7170
80.73132679347864,49.7484625360987,2854,246,119,63.01918724844725,72.33208319127174,11,56.610878661087874,4316,0,0,26,True,8,0,True,144,legacy12,4562,path_g,4562,4562,official_detector,data30-10,0,0,0,deepocsort,True,7170
80.73132679347864,49.7484625360987,2854,246,119,63.01918724844725,72.33208319127174,11,56.610878661087874,4316,0,0,26,True,8,0,True,144,legacy12,4562,cost_h_margin_reassign,4562,4562,official_detector,data30-10,0,0,0,deepocsort,True,7170
80.95435796772946,49.7484625360987,2854,246,119,63.11080614640432,72.63893624275485,11,56.610878661087874,4316,0,0,20,True,8,0,True,144,legacy12,4562,cost_h_motion_reassign,4562,4562,official_detector,data30-10,0,0,0,deepocsort,True,7170
80.9457054624112,49.7484625360987,2854,246,119,63.10724166045063,72.6218888510058,12,56.59693165969316,4316,0,0,19,True,8,0,True,144,legacy12,4562,cost_h_full_postfilter,4562,4562,official_detector,data30-10,0,0,0,deepocsort,True,7170
80.9457054624112,49.7484625360987,2854,246,119,63.10724166045063,72.6218888510058,12,56.59693165969316,4316,0,0,19,True,8,0,True,144,legacy12,4562,cost_h_full_reassign,4562,4562,official_detector,data30-10,0,0,0,deepocsort,True,7170
80.73132679347864,49.7484625360987,2854,246,119,63.01918724844725,72.33208319127174,11,56.610878661087874,4316,0,0,26,True,8,0,True,144,legacy12,4562,cost_h_soft_information,4562,4562,official_detector,data30-10,0,0,0,deepocsort,True,7170
80.9457054624112,49.7484625360987,2854,246,119,63.10724166045063,72.6218888510058,12,56.59693165969316,4316,0,0,19,True,8,0,True,144,legacy12,4562,path_g_full_reassign,4562,4562,official_detector,data30-10,0,0,0,deepocsort,True,7170
39.787727814965315,33.5835480283104,2516,199,245,36.507515902050834,42.41332733003152,404,30.534521158129174,1974,0,0,0,True,8,0,True,265,legacy12,2173,no_refinement,2173,2173,official_detector,data30-2,0,0,0,bytetrack,True,4490
42.494089735074205,33.4840467833336,2516,199,245,37.67716528875916,45.41497823803092,358,31.55902004454343,1974,8,0,83,True,8,0,True,265,legacy12,2173,ace_v1,2173,2173,official_detector,data30-2,0,8,0,bytetrack,True,4490
42.63622208747204,33.4840467833336,2516,199,245,37.740802876383675,45.59507729251088,350,31.737193763919823,1974,6,0,88,True,8,0,True,265,legacy12,2173,cost_r,2173,2173,official_detector,data30-2,0,6,0,bytetrack,True,4490
43.847028300863265,33.49184453080649,2516,199,245,38.27996889247044,47.125919255590574,291,33.05122494432071,1974,7,0,116,True,8,0,True,265,legacy12,2173,cost_g_legacy,2173,2173,official_detector,data30-2,0,7,0,bytetrack,True,4490
42.83027406049684,33.49184453080649,2516,199,245,37.831646067121056,45.77517634699084,349,31.759465478841868,1974,6,0,102,True,8,0,True,265,legacy12,2173,cost_h,2173,2173,official_detector,data30-2,0,6,0,bytetrack,True,4490
42.65458316592362,33.49184453080649,2516,199,245,37.75342631056448,45.68512681975086,348,31.78173719376392,1974,6,0,96,True,8,0,True,265,legacy12,2173,path_g,2173,2173,official_detector,data30-2,0,6,0,bytetrack,True,4490
42.66604972473475,33.4840467833336,2516,199,245,37.75415166903549,45.68512681975086,348,31.78173719376392,1974,6,0,93,True,8,0,True,265,legacy12,2173,cost_h_margin_reassign,2173,2173,official_detector,data30-2,0,6,0,bytetrack,True,4490
42.831457314280314,33.49184453080649,2516,199,245,37.832169511674905,45.77517634699084,349,31.759465478841868,1974,6,0,101,True,8,0,True,265,legacy12,2173,cost_h_motion_reassign,2173,2173,official_detector,data30-2,0,6,0,bytetrack,True,4490
42.639537598669804,33.4840467833336,2516,199,245,37.74187286214689,45.38496172895093,353,31.670378619153677,1974,6,0,84,True,8,0,True,265,legacy12,2173,cost_h_full_postfilter,2173,2173,official_detector,data30-2,0,6,0,bytetrack,True,4490
42.63740553480222,33.4840467833336,2516,199,245,37.741327543554185,45.59507729251088,350,31.737193763919823,1974,6,0,87,True,8,0,True,265,legacy12,2173,cost_h_full_reassign,2173,2173,official_detector,data30-2,0,6,0,bytetrack,True,4490
42.754534516242984,33.49184453080649,2516,199,245,37.79794706551583,45.77517634699084,350,31.737193763919823,1974,6,0,99,True,8,0,True,265,legacy12,2173,cost_h_soft_information,2173,2173,official_detector,data30-2,0,6,0,bytetrack,True,4490
42.63740553480222,33.4840467833336,2516,199,245,37.741327543554185,45.59507729251088,350,31.737193763919823,1974,6,0,87,True,8,0,True,265,legacy12,2173,path_g_full_reassign,2173,2173,official_detector,data30-2,0,6,0,bytetrack,True,4490
40.33858175760556,23.707040306420318,3273,138,154,30.858664954479124,33.19076133447391,149,20.71269487750557,1217,0,0,0,True,8,0,True,203,legacy12,1355,no_refinement,1355,1355,official_detector,data30-2,0,0,0,ocsort,True,4490
43.419256437697015,23.707040306420318,3273,138,154,32.022662613074885,35.20958083832335,107,21.648106904231625,1217,19,8,44,True,8,0,True,203,legacy12,1355,ace_v1,1355,1355,official_detector,data30-2,1,19,7,ocsort,True,4490
44.566427231286866,23.707040306420318,3273,138,154,32.43786021008111,35.89392643284859,91,22.00445434298441,1217,28,4,46,True,8,0,True,203,legacy12,1355,cost_r,1355,1355,official_detector,data30-2,1,28,3,ocsort,True,4490
44.30556479061576,23.707040306420318,3273,138,154,32.34864097650229,36.201881950384944,78,22.29398663697105,1217,28,6,57,True,8,0,True,203,legacy12,1355,cost_g_legacy,1355,1355,official_detector,data30-2,2,27,5,ocsort,True,4490
44.743092318003704,23.707040306420318,3273,138,154,32.503355131958635,36.372968349016254,79,22.271714922049,1217,29,4,57,True,8,0,True,203,legacy12,1355,cost_h,1355,1355,official_detector,data30-2,2,28,3,ocsort,True,4490
44.60527775983867,23.707040306420318,3273,138,154,32.45246998802261,36.16766467065868,83,22.182628062360802,1217,28,4,56,True,8,0,True,203,legacy12,1355,path_g,1355,1355,official_detector,data30-2,1,28,3,ocsort,True,4490
44.70254176580646,23.707040306420318,3273,138,154,32.48814233347049,36.27031650983747,82,22.20489977728285,1217,29,4,55,True,8,0,True,203,legacy12,1355,cost_h_margin_reassign,1355,1355,official_detector,data30-2,2,28,3,ocsort,True,4490
44.743092318003704,23.707040306420318,3273,138,154,32.503355131958635,36.372968349016254,79,22.271714922049,1217,29,4,57,True,8,0,True,203,legacy12,1355,cost_h_motion_reassign,1355,1355,official_detector,data30-2,2,28,3,ocsort,True,4490
44.63974007883596,23.707040306420318,3273,138,154,32.464644393429985,35.962360992301114,90,22.02672605790646,1217,29,4,44,True,8,0,True,203,legacy12,1355,cost_h_full_postfilter,1355,1355,official_detector,data30-2,2,28,3,ocsort,True,4490
44.56449556072442,23.707040306420318,3273,138,154,32.43714427715232,35.89392643284859,91,22.00445434298441,1217,28,4,47,True,8,0,True,203,legacy12,1355,cost_h_full_reassign,1355,1355,official_detector,data30-2,1,28,3,ocsort,True,4490
44.338086016023645,23.707040306420318,3273,138,154,32.359351317595284,36.201881950384944,81,22.2271714922049,1217,28,5,56,True,8,0,True,203,legacy12,1355,cost_h_soft_information,1355,1355,official_detector,data30-2,2,27,4,ocsort,True,4490
44.56449556072442,23.707040306420318,3273,138,154,32.43714427715232,35.89392643284859,91,22.00445434298441,1217,28,4,47,True,8,0,True,203,legacy12,1355,path_g_full_reassign,1355,1355,official_detector,data30-2,1,28,3,ocsort,True,4490
77.24801245011284,51.686644726745776,1589,235,113,62.786613013502816,74.08864411224756,32,58.66369710467706,2901,0,0,0,True,8,0,True,86,legacy12,3136,no_refinement,3136,3136,official_detector,data30-2,0,0,0,deepocsort,True,4490
77.41746980116103,51.686644726745776,1589,235,113,62.86181788578955,74.45580907421977,20,58.930957683741646,2901,0,0,23,True,8,0,True,86,legacy12,3136,ace_v1,3136,3136,official_detector,data30-2,0,0,0,deepocsort,True,4490
77.69185024558254,51.686644726745776,1589,235,113,62.980222195069814,74.77052189876737,16,59.02004454342984,2901,0,0,24,True,8,0,True,86,legacy12,3136,cost_r,3136,3136,official_detector,data30-2,0,0,0,deepocsort,True,4490
77.67517457500739,51.686644726745776,1589,235,113,62.97344498420189,74.77052189876737,16,59.02004454342984,2901,0,0,25,True,8,0,True,86,legacy12,3136,cost_g_legacy,3136,3136,official_detector,data30-2,0,0,0,deepocsort,True,4490
77.69185024558254,51.686644726745776,1589,235,113,62.980222195069814,74.77052189876737,16,59.02004454342984,2901,0,0,24,True,8,0,True,86,legacy12,3136,cost_h,3136,3136,official_detector,data30-2,0,0,0,deepocsort,True,4490
77.69185024558254,51.686644726745776,1589,235,113,62.980222195069814,74.77052189876737,16,59.02004454342984,2901,0,0,24,True,8,0,True,86,legacy12,3136,path_g,3136,3136,official_detector,data30-2,0,0,0,deepocsort,True,4490
77.69185024558254,51.686644726745776,1589,235,113,62.980222195069814,74.77052189876737,16,59.02004454342984,2901,0,0,24,True,8,0,True,86,legacy12,3136,cost_h_margin_reassign,3136,3136,official_detector,data30-2,0,0,0,deepocsort,True,4490
77.5260575235649,51.686644726745776,1589,235,113,62.90863553225435,74.53448728035667,18,58.97550111358575,2901,0,0,21,True,8,0,True,86,legacy12,3136,cost_h_motion_reassign,3136,3136,official_detector,data30-2,0,0,0,deepocsort,True,4490
77.5260575235649,51.686644726745776,1589,235,113,62.90863553225435,74.53448728035667,18,58.97550111358575,2901,0,0,21,True,8,0,True,86,legacy12,3136,cost_h_full_postfilter,3136,3136,official_detector,data30-2,0,0,0,deepocsort,True,4490
77.5260575235649,51.686644726745776,1589,235,113,62.90863553225435,74.53448728035667,18,58.97550111358575,2901,0,0,21,True,8,0,True,86,legacy12,3136,cost_h_full_reassign,3136,3136,official_detector,data30-2,0,0,0,deepocsort,True,4490
77.69185024558254,51.686644726745776,1589,235,113,62.980222195069814,74.77052189876737,16,59.02004454342984,2901,0,0,24,True,8,0,True,86,legacy12,3136,cost_h_soft_information,3136,3136,official_detector,data30-2,0,0,0,deepocsort,True,4490
77.5260575235649,51.686644726745776,1589,235,113,62.90863553225435,74.53448728035667,18,58.97550111358575,2901,0,0,21,True,8,0,True,86,legacy12,3136,path_g_full_reassign,3136,3136,official_detector,data30-2,0,0,0,deepocsort,True,4490
22.113407377116285,29.15640290174995,2248,265,259,25.170404115593907,26.52586361195633,375,23.69881109643329,1537,0,0,0,True,8,0,True,320,legacy12,1802,no_refinement,1802,1802,official_detector,data30-3,0,0,0,bytetrack,True,3785
26.2908255504271,29.13829095496803,2248,265,259,27.503281693172752,31.322713441918744,285,26.07661822985469,1537,2,1,140,True,8,0,True,320,legacy12,1802,ace_v1,1802,1802,official_detector,data30-3,0,2,1,bytetrack,True,3785
26.946827176484867,29.119876840501117,2248,265,259,27.846740321636155,32.4682298192232,267,26.55217965653897,1537,2,1,150,True,8,0,True,320,legacy12,1802,cost_r,1802,1802,official_detector,data30-3,0,2,1,bytetrack,True,3785
26.83127668320208,29.13829095496803,2248,265,259,27.802931189967573,32.64721675317702,252,26.948480845442536,1537,2,1,187,True,8,0,True,320,legacy12,1802,cost_g_legacy,1802,1802,official_detector,data30-3,0,2,1,bytetrack,True,3785
27.002378687228795,29.13829095496803,2248,265,259,27.885360489180634,32.68301413996778,256,26.842800528401582,1537,2,1,178,True,8,0,True,320,legacy12,1802,cost_h,1802,1802,official_detector,data30-3,0,2,1,bytetrack,True,3785
26.98185562837668,29.13829095496803,2248,265,259,27.874100326281788,32.53982459280472,263,26.657859973579924,1537,2,1,174,True,8,0,True,320,legacy12,1802,path_g,1802,1802,official_detector,data30-3,0,2,1,bytetrack,True,3785
26.978856589258164,29.13829095496803,2248,265,259,27.8724430767645,32.53982459280472,262,26.68428005284016,1537,2,1,165,True,8,0,True,320,legacy12,1802,cost_h_margin_reassign,1802,1802,official_detector,data30-3,0,2,1,bytetrack,True,3785
26.999416171327674,29.13829095496803,2248,265,259,27.883765701728386,32.64721675317702,257,26.81638044914135,1537,2,1,178,True,8,0,True,320,legacy12,1802,cost_h_motion_reassign,1802,1802,official_detector,data30-3,0,2,1,bytetrack,True,3785
26.917602625637365,29.119876840501117,2248,265,259,27.830900008036657,32.32504027206014,271,26.44649933949802,1537,2,1,141,True,8,0,True,320,legacy12,1802,cost_h_full_postfilter,1802,1802,official_detector,data30-3,0,2,1,bytetrack,True,3785
26.946827176484867,29.119876840501117,2248,265,259,27.846740321636155,32.4682298192232,267,26.55217965653897,1537,2,1,150,True,8,0,True,320,legacy12,1802,cost_h_full_reassign,1802,1802,official_detector,data30-3,0,2,1,bytetrack,True,3785
27.012028363987827,29.13829095496803,2248,265,259,27.890430295646524,32.71881152675854,259,26.763540290620874,1537,2,1,177,True,8,0,True,320,legacy12,1802,cost_h_soft_information,1802,1802,official_detector,data30-3,0,2,1,bytetrack,True,3785
26.946827176484867,29.119876840501117,2248,265,259,27.846740321636155,32.4682298192232,267,26.55217965653897,1537,2,1,150,True,8,0,True,320,legacy12,1802,path_g_full_reassign,1802,1802,official_detector,data30-3,0,2,1,bytetrack,True,3785
22.79756644181847,23.085007841567617,2733,122,128,22.771731208631785,21.697922968340393,239,18.25627476882431,1052,0,0,0,True,8,0,True,251,legacy12,1174,no_refinement,1174,1174,official_detector,data30-3,0,0,0,ocsort,True,3785
24.652899548078203,23.085007841567617,2733,122,128,23.711221145713772,24.601734220608996,172,20.026420079260237,1052,10,8,94,True,8,0,True,251,legacy12,1174,ace_v1,1174,1174,official_detector,data30-3,2,10,6,ocsort,True,3785
25.344068580678584,23.085007841567617,2733,122,128,24.047662455588505,25.247025610002016,160,20.343461030383093,1052,11,7,99,True,8,0,True,251,legacy12,1174,cost_r,1174,1174,official_detector,data30-3,2,10,6,ocsort,True,3785
25.353163967292396,23.085007841567617,2733,122,128,24.054778723976213,25.529340592861466,151,20.581241743725233,1052,13,9,108,True,8,0,True,251,legacy12,1174,cost_g_legacy,1174,1174,official_detector,data30-3,2,12,8,ocsort,True,3785
25.28737249651265,23.085007841567617,2733,122,128,24.02239400879923,25.569671304698527,154,20.501981505944517,1052,12,8,109,True,8,0,True,251,legacy12,1174,cost_h,1174,1174,official_detector,data30-3,2,11,7,ocsort,True,3785
25.262221099275166,23.085007841567617,2733,122,128,24.009742031517444,25.489009881024398,155,20.47556142668428,1052,12,8,108,True,8,0,True,251,legacy12,1174,path_g,1174,1174,official_detector,data30-3,2,11,7,ocsort,True,3785
25.389783954383958,23.085007841567617,2733,122,128,24.069784692965783,25.529340592861466,156,20.449141347424042,1052,12,7,106,True,8,0,True,251,legacy12,1174,cost_h_margin_reassign,1174,1174,official_detector,data30-3,2,11,6,ocsort,True,3785
25.28737249651265,23.085007841567617,2733,122,128,24.02239400879923,25.569671304698527,154,20.501981505944517,1052,12,8,109,True,8,0,True,251,legacy12,1174,cost_h_motion_reassign,1174,1174,official_detector,data30-3,2,11,7,ocsort,True,3785
25.31465570670201,23.085007841567617,2733,122,128,24.03348339234277,25.247025610002016,160,20.343461030383093,1052,11,7,99,True,8,0,True,251,legacy12,1174,cost_h_full_postfilter,1174,1174,official_detector,data30-3,2,10,6,ocsort,True,3785
25.314000883690646,23.085007841567617,2733,122,128,24.033154158844223,25.247025610002016,160,20.343461030383093,1052,11,7,100,True,8,0,True,251,legacy12,1174,cost_h_full_reassign,1174,1174,official_detector,data30-3,2,10,6,ocsort,True,3785
25.284711113270863,23.085007841567617,2733,122,128,24.021079277576195,25.569671304698527,154,20.501981505944517,1052,12,8,109,True,8,0,True,251,legacy12,1174,cost_h_soft_information,1174,1174,official_detector,data30-3,2,11,7,ocsort,True,3785
25.314000883690646,23.085007841567617,2733,122,128,24.033154158844223,25.247025610002016,160,20.343461030383093,1052,11,7,100,True,8,0,True,251,legacy12,1174,path_g_full_reassign,1174,1174,official_detector,data30-3,2,10,6,ocsort,True,3785
71.82589217210193,48.639653472027135,1290,267,110,58.5825811995513,73.04108752100198,26,58.17701453104359,2495,0,0,0,True,8,0,True,62,legacy12,2762,no_refinement,2762,2762,official_detector,data30-3,0,0,0,deepocsort,True,3785
72.32147981897201,48.639653472027135,1290,267,110,58.80206617543685,73.71315106155491,21,58.30911492734479,2495,0,1,12,True,8,0,True,62,legacy12,2762,ace_v1,2762,2762,official_detector,data30-3,0,0,1,deepocsort,True,3785
72.48263671593264,48.639653472027135,1290,267,110,58.87191886505298,73.83534443256453,19,58.36195508586526,2495,0,1,13,True,8,0,True,62,legacy12,2762,cost_r,2762,2762,official_detector,data30-3,0,0,1,deepocsort,True,3785
72.51739146724707,48.639653472027135,1290,267,110,58.8870916693151,73.86589277531695,17,58.41479524438573,2495,0,1,14,True,8,0,True,62,legacy12,2762,cost_g_legacy,2762,2762,official_detector,data30-3,0,0,1,deepocsort,True,3785
72.51739146724707,48.639653472027135,1290,267,110,58.8870916693151,73.86589277531695,17,58.41479524438573,2495,0,1,14,True,8,0,True,62,legacy12,2762,cost_h,2762,2762,official_detector,data30-3,0,0,1,deepocsort,True,3785
72.48263671593264,48.639653472027135,1290,267,110,58.87191886505298,73.83534443256453,19,58.36195508586526,2495,0,1,13,True,8,0,True,62,legacy12,2762,path_g,2762,2762,official_detector,data30-3,0,0,1,deepocsort,True,3785
72.48263671593264,48.639653472027135,1290,267,110,58.87191886505298,73.83534443256453,19,58.36195508586526,2495,0,1,13,True,8,0,True,62,legacy12,2762,cost_h_margin_reassign,2762,2762,official_detector,data30-3,0,0,1,deepocsort,True,3785
72.51739146724707,48.639653472027135,1290,267,110,58.8870916693151,73.86589277531695,17,58.41479524438573,2495,0,1,14,True,8,0,True,62,legacy12,2762,cost_h_motion_reassign,2762,2762,official_detector,data30-3,0,0,1,deepocsort,True,3785
72.40352618312409,48.639653472027135,1290,267,110,58.83765467429774,73.77424774705972,19,58.36195508586526,2495,0,1,12,True,8,0,True,62,legacy12,2762,cost_h_full_postfilter,2762,2762,official_detector,data30-3,0,0,1,deepocsort,True,3785
72.48263671593264,48.639653472027135,1290,267,110,58.87191886505298,73.83534443256453,19,58.36195508586526,2495,0,1,13,True,8,0,True,62,legacy12,2762,cost_h_full_reassign,2762,2762,official_detector,data30-3,0,0,1,deepocsort,True,3785
72.51739146724707,48.639653472027135,1290,267,110,58.8870916693151,73.86589277531695,17,58.41479524438573,2495,0,1,14,True,8,0,True,62,legacy12,2762,cost_h_soft_information,2762,2762,official_detector,data30-3,0,0,1,deepocsort,True,3785
72.48263671593264,48.639653472027135,1290,267,110,58.87191886505298,73.83534443256453,19,58.36195508586526,2495,0,1,13,True,8,0,True,62,legacy12,2762,path_g_full_reassign,2762,2762,official_detector,data30-3,0,0,1,deepocsort,True,3785
29.2622025525957,39.774300108072254,1448,210,127,34.011313077993336,37.4948325754444,249,37.22843976300197,1590,0,0,0,True,8,0,True,168,legacy12,1800,no_refinement,1800,1800,official_detector,data30-4,0,0,0,bytetrack,True,3038
29.594249038862124,39.774300108072254,1448,210,127,34.2065492205501,38.23894171145101,223,38.084265964450296,1590,2,4,43,True,8,0,True,168,legacy12,1800,ace_v1,1800,1800,official_detector,data30-4,0,2,4,bytetrack,True,3038
29.70915634603569,39.774300108072254,1448,210,127,34.27366795925254,38.56965688300951,218,38.24884792626728,1590,2,3,46,True,8,0,True,168,legacy12,1800,cost_r,1800,1800,official_detector,data30-4,0,2,3,bytetrack,True,3038
29.659734766164192,39.774300108072254,1448,210,127,34.2449984189124,38.61099627945432,212,38.44634628044766,1590,2,4,54,True,8,0,True,168,legacy12,1800,cost_g_legacy,1800,1800,official_detector,data30-4,0,2,4,bytetrack,True,3038
29.723757560612047,39.774300108072254,1448,210,127,34.2821876340529,38.735014468788755,216,38.314680710994075,1590,2,3,53,True,8,0,True,168,legacy12,1800,cost_h,1800,1800,official_detector,data30-4,0,2,3,bytetrack,True,3038
29.706129217776088,39.774300108072254,1448,210,127,34.271814610826674,38.61099627945432,216,38.314680710994075,1590,2,3,50,True,8,0,True,168,legacy12,1800,path_g,1800,1800,official_detector,data30-4,0,2,3,bytetrack,True,3038
29.73933669551288,39.774300108072254,1448,210,127,34.291395917062644,38.69367507234394,214,38.38051349572087,1590,2,3,50,True,8,0,True,168,legacy12,1800,cost_h_margin_reassign,1800,1800,official_detector,data30-4,0,2,3,bytetrack,True,3038
29.72146963245745,39.774300108072254,1448,210,127,34.280836914404425,38.77635386523357,216,38.314680710994075,1590,2,3,53,True,8,0,True,168,legacy12,1800,cost_h_motion_reassign,1800,1800,official_detector,data30-4,0,2,3,bytetrack,True,3038
29.700987007294966,39.774300108072254,1448,210,127,34.26887351926404,38.528317486564696,220,38.18301514154049,1590,2,3,41,True,8,0,True,168,legacy12,1800,cost_h_full_postfilter,1800,1800,official_detector,data30-4,0,2,3,bytetrack,True,3038
29.7068684178811,39.774300108072254,1448,210,127,34.27231690445686,38.61099627945432,218,38.24884792626728,1590,2,3,46,True,8,0,True,168,legacy12,1800,cost_h_full_reassign,1800,1800,official_detector,data30-4,0,2,3,bytetrack,True,3038
29.699106188595948,39.774300108072254,1448,210,127,34.26766788632574,38.528317486564696,216,38.314680710994075,1590,2,3,51,True,8,0,True,168,legacy12,1800,cost_h_soft_information,1800,1800,official_detector,data30-4,0,2,3,bytetrack,True,3038
29.7068684178811,39.774300108072254,1448,210,127,34.27231690445686,38.61099627945432,218,38.24884792626728,1590,2,3,46,True,8,0,True,168,legacy12,1800,path_g_full_reassign,1800,1800,official_detector,data30-4,0,2,3,bytetrack,True,3038
25.78397662581726,35.51933341772164,1753,126,121,30.207221638290445,30.47875927174646,162,32.81764318630678,1285,0,0,0,True,8,0,True,126,legacy12,1411,no_refinement,1411,1411,official_detector,data30-4,0,0,0,ocsort,True,3038
28.341255346253263,35.51933341772164,1753,126,121,31.670366652942484,32.72645538323219,139,33.57472021066491,1285,5,7,20,True,8,0,True,126,legacy12,1411,ace_v1,1411,1411,official_detector,data30-4,0,5,7,ocsort,True,3038
28.510150706129846,35.51933341772164,1753,126,121,31.76190247387828,32.7714093054619,137,33.6405529953917,1285,6,6,22,True,8,0,True,126,legacy12,1411,cost_r,1411,1411,official_detector,data30-4,0,6,6,ocsort,True,3038
28.448779275608587,35.51933341772164,1753,126,121,31.728357573907655,32.7714093054619,137,33.6405529953917,1285,6,7,22,True,8,0,True,126,legacy12,1411,cost_g_legacy,1411,1411,official_detector,data30-4,0,6,7,ocsort,True,3038
28.44976610765027,35.51933341772164,1753,126,121,31.728820372504718,32.7714093054619,137,33.6405529953917,1285,6,7,23,True,8,0,True,126,legacy12,1411,cost_h,1411,1411,official_detector,data30-4,0,6,7,ocsort,True,3038
28.5073345306233,35.51933341772164,1753,126,121,31.760326128966433,32.7714093054619,137,33.6405529953917,1285,6,6,23,True,8,0,True,126,legacy12,1411,path_g,1411,1411,official_detector,data30-4,0,6,6,ocsort,True,3038
28.5073345306233,35.51933341772164,1753,126,121,31.760326128966433,32.7714093054619,137,33.6405529953917,1285,6,6,23,True,8,0,True,126,legacy12,1411,cost_h_margin_reassign,1411,1411,official_detector,data30-4,0,6,6,ocsort,True,3038
28.44976610765027,35.51933341772164,1753,126,121,31.728820372504718,32.7714093054619,137,33.6405529953917,1285,6,7,23,True,8,0,True,126,legacy12,1411,cost_h_motion_reassign,1411,1411,official_detector,data30-4,0,6,7,ocsort,True,3038
28.49531073732245,35.51933341772164,1753,126,121,31.75376852469431,32.7714093054619,137,33.6405529953917,1285,6,6,23,True,8,0,True,126,legacy12,1411,cost_h_full_postfilter,1411,1411,official_detector,data30-4,0,6,6,ocsort,True,3038
28.5073345306233,35.51933341772164,1753,126,121,31.760326128966433,32.7714093054619,137,33.6405529953917,1285,6,6,23,True,8,0,True,126,legacy12,1411,cost_h_full_reassign,1411,1411,official_detector,data30-4,0,6,6,ocsort,True,3038
28.44976610765027,35.51933341772164,1753,126,121,31.728820372504718,32.7714093054619,137,33.6405529953917,1285,6,7,23,True,8,0,True,126,legacy12,1411,cost_h_soft_information,1411,1411,official_detector,data30-4,0,6,7,ocsort,True,3038
28.5073345306233,35.51933341772164,1753,126,121,31.760326128966433,32.7714093054619,137,33.6405529953917,1285,6,6,23,True,8,0,True,126,legacy12,1411,path_g_full_reassign,1411,1411,official_detector,data30-4,0,6,6,ocsort,True,3038
76.40709688832268,58.10840225388173,789,138,73,66.19927191479177,78.11981566820276,34,68.36734693877551,2249,0,0,0,True,8,0,True,73,legacy12,2387,no_refinement,2387,2387,official_detector,data30-4,0,0,0,deepocsort,True,3038
78.94349380688156,58.10840225388173,789,138,73,67.33437730981797,80.51612903225806,15,68.99275839368005,2249,1,0,21,True,8,0,True,73,legacy12,2387,ace_v1,2387,2387,official_detector,data30-4,0,1,0,deepocsort,True,3038
78.84152842148772,58.10840225388173,789,138,73,67.28857089448722,80.51612903225806,15,68.99275839368005,2249,1,0,22,True,8,0,True,73,legacy12,2387,cost_r,2387,2387,official_detector,data30-4,0,1,0,deepocsort,True,3038
78.74711644549181,58.10840225388173,789,138,73,67.24684134951288,80.25806451612904,15,68.99275839368005,2249,1,0,23,True,8,0,True,73,legacy12,2387,cost_g_legacy,2387,2387,official_detector,data30-4,0,1,0,deepocsort,True,3038
78.84152842148772,58.10840225388173,789,138,73,67.28857089448722,80.51612903225806,15,68.99275839368005,2249,1,0,22,True,8,0,True,73,legacy12,2387,cost_h,2387,2387,official_detector,data30-4,0,1,0,deepocsort,True,3038
78.84152842148772,58.10840225388173,789,138,73,67.28857089448722,80.51612903225806,15,68.99275839368005,2249,1,0,22,True,8,0,True,73,legacy12,2387,path_g,2387,2387,official_detector,data30-4,0,1,0,deepocsort,True,3038
78.84152842148772,58.10840225388173,789,138,73,67.28857089448722,80.51612903225806,15,68.99275839368005,2249,1,0,22,True,8,0,True,73,legacy12,2387,cost_h_margin_reassign,2387,2387,official_detector,data30-4,0,1,0,deepocsort,True,3038
78.65140626243478,58.10840225388173,789,138,73,67.20303245195049,80.14746543778803,17,68.92692560895325,2249,1,0,17,True,8,0,True,73,legacy12,2387,cost_h_motion_reassign,2387,2387,official_detector,data30-4,0,1,0,deepocsort,True,3038
78.65140626243478,58.10840225388173,789,138,73,67.20303245195049,80.14746543778803,17,68.92692560895325,2249,1,0,17,True,8,0,True,73,legacy12,2387,cost_h_full_postfilter,2387,2387,official_detector,data30-4,0,1,0,deepocsort,True,3038
78.65140626243478,58.10840225388173,789,138,73,67.20303245195049,80.14746543778803,17,68.92692560895325,2249,1,0,17,True,8,0,True,73,legacy12,2387,cost_h_full_reassign,2387,2387,official_detector,data30-4,0,1,0,deepocsort,True,3038
78.84152842148772,58.10840225388173,789,138,73,67.28857089448722,80.51612903225806,15,68.99275839368005,2249,1,0,22,True,8,0,True,73,legacy12,2387,cost_h_soft_information,2387,2387,official_detector,data30-4,0,1,0,deepocsort,True,3038
78.65140626243478,58.10840225388173,789,138,73,67.20303245195049,80.14746543778803,17,68.92692560895325,2249,1,0,17,True,8,0,True,73,legacy12,2387,path_g_full_reassign,2387,2387,official_detector,data30-4,0,1,0,deepocsort,True,3038
62.03510526913569,24.603776133846928,1821,88,28,39.0528206720099,42.57342657342657,29,26.978146194423513,833,0,0,0,True,8,0,True,70,legacy12,921,no_refinement,921,921,official_detector,data30-5,0,0,0,bytetrack,True,2654
66.78198227283599,24.603776133846928,1821,88,28,40.52052326679607,44.36363636363637,21,27.279577995478522,833,2,0,14,True,8,0,True,70,legacy12,921,ace_v1,921,921,official_detector,data30-5,0,2,0,bytetrack,True,2654
66.81567301067005,24.603776133846928,1821,88,28,40.5308174757705,44.53146853146853,19,27.354935945742277,833,2,0,15,True,8,0,True,70,legacy12,921,cost_r,921,921,official_detector,data30-5,0,2,0,bytetrack,True,2654
66.80629151106992,24.603776133846928,1821,88,28,40.52795751311305,44.47552447552447,19,27.354935945742277,833,2,0,17,True,8,0,True,70,legacy12,921,cost_g_legacy,921,921,official_detector,data30-5,0,2,0,bytetrack,True,2654
66.80863643219223,24.603776133846928,1821,88,28,40.528670367090704,44.47552447552447,19,27.354935945742277,833,2,0,16,True,8,0,True,70,legacy12,921,cost_h,921,921,official_detector,data30-5,0,2,0,bytetrack,True,2654
66.80863643219223,24.603776133846928,1821,88,28,40.528670367090704,44.47552447552447,19,27.354935945742277,833,2,0,16,True,8,0,True,70,legacy12,921,path_g,921,921,official_detector,data30-5,0,2,0,bytetrack,True,2654
66.80863643219223,24.603776133846928,1821,88,28,40.528670367090704,44.47552447552447,19,27.354935945742277,833,2,0,16,True,8,0,True,70,legacy12,921,cost_h_margin_reassign,921,921,official_detector,data30-5,0,2,0,bytetrack,True,2654
66.80863643219223,24.603776133846928,1821,88,28,40.528670367090704,44.47552447552447,19,27.354935945742277,833,2,0,16,True,8,0,True,70,legacy12,921,cost_h_motion_reassign,921,921,official_detector,data30-5,0,2,0,bytetrack,True,2654
66.81567301067005,24.603776133846928,1821,88,28,40.5308174757705,44.53146853146853,19,27.354935945742277,833,2,0,15,True,8,0,True,70,legacy12,921,cost_h_full_postfilter,921,921,official_detector,data30-5,0,2,0,bytetrack,True,2654
66.81567301067005,24.603776133846928,1821,88,28,40.5308174757705,44.53146853146853,19,27.354935945742277,833,2,0,15,True,8,0,True,70,legacy12,921,cost_h_full_reassign,921,921,official_detector,data30-5,0,2,0,bytetrack,True,2654
66.80863643219223,24.603776133846928,1821,88,28,40.528670367090704,44.47552447552447,19,27.354935945742277,833,2,0,16,True,8,0,True,70,legacy12,921,cost_h_soft_information,921,921,official_detector,data30-5,0,2,0,bytetrack,True,2654
66.81567301067005,24.603776133846928,1821,88,28,40.5308174757705,44.53146853146853,19,27.354935945742277,833,2,0,15,True,8,0,True,70,legacy12,921,path_g_full_reassign,921,921,official_detector,data30-5,0,2,0,bytetrack,True,2654
67.86818849640565,26.095755322619148,1845,50,10,42.015023071780625,40.70594933105608,29,27.505651846269778,809,0,0,0,True,8,0,True,51,legacy12,859,no_refinement,859,859,official_detector,data30-5,0,0,0,ocsort,True,2654
75.23822102402382,26.095755322619148,1845,50,10,44.25687689154451,44.349558781668094,14,28.07083647324793,809,4,0,18,True,8,0,True,51,legacy12,859,ace_v1,859,859,official_detector,data30-5,0,4,0,ocsort,True,2654
75.28566246166226,26.095755322619148,1845,50,10,44.271107479144064,44.46342157699972,12,28.146194423511677,809,4,0,19,True,8,0,True,51,legacy12,859,cost_r,859,859,official_detector,data30-5,0,4,0,ocsort,True,2654
75.27316010862754,26.095755322619148,1845,50,10,44.267364787775506,44.46342157699972,12,28.146194423511677,809,4,0,21,True,8,0,True,51,legacy12,859,cost_g_legacy,859,859,official_detector,data30-5,0,4,0,ocsort,True,2654
75.43809139933816,26.095755322619148,1845,50,10,44.31674297402376,44.69114716766296,8,28.29691032403919,809,4,0,21,True,8,0,True,51,legacy12,859,cost_h,859,859,official_detector,data30-5,0,4,0,ocsort,True,2654
75.27316010862754,26.095755322619148,1845,50,10,44.267364787775506,44.46342157699972,12,28.146194423511677,809,4,0,21,True,8,0,True,51,legacy12,859,path_g,859,859,official_detector,data30-5,0,4,0,ocsort,True,2654
75.43809139933816,26.095755322619148,1845,50,10,44.31674297402376,44.69114716766296,8,28.29691032403919,809,4,0,21,True,8,0,True,51,legacy12,859,cost_h_margin_reassign,859,859,official_detector,data30-5,0,4,0,ocsort,True,2654
75.43809139933816,26.095755322619148,1845,50,10,44.31674297402376,44.69114716766296,8,28.29691032403919,809,4,0,21,True,8,0,True,51,legacy12,859,cost_h_motion_reassign,859,859,official_detector,data30-5,0,4,0,ocsort,True,2654
75.29875803340116,26.095755322619148,1845,50,10,44.275020650748296,44.46342157699972,12,28.146194423511677,809,4,0,17,True,8,0,True,51,legacy12,859,cost_h_full_postfilter,859,859,official_detector,data30-5,0,4,0,ocsort,True,2654
75.28566246166226,26.095755322619148,1845,50,10,44.271107479144064,44.46342157699972,12,28.146194423511677,809,4,0,19,True,8,0,True,51,legacy12,859,cost_h_full_reassign,859,859,official_detector,data30-5,0,4,0,ocsort,True,2654
75.27316010862754,26.095755322619148,1845,50,10,44.267364787775506,44.46342157699972,12,28.146194423511677,809,4,0,21,True,8,0,True,51,legacy12,859,cost_h_soft_information,859,859,official_detector,data30-5,0,4,0,ocsort,True,2654
75.28566246166226,26.095755322619148,1845,50,10,44.271107479144064,44.46342157699972,12,28.146194423511677,809,4,0,19,True,8,0,True,51,legacy12,859,path_g_full_reassign,859,859,official_detector,data30-5,0,4,0,ocsort,True,2654
73.37853819957401,38.76732668116199,1349,104,41,52.990325047399324,63.844449913856764,3,45.139412207987945,1305,0,0,0,True,8,0,True,36,legacy12,1409,no_refinement,1409,1409,official_detector,data30-5,0,0,0,deepocsort,True,2654
73.30973222240267,38.76732668116199,1349,104,41,52.96408340546562,63.696775781442284,3,45.139412207987945,1305,0,0,2,True,8,0,True,36,legacy12,1409,ace_v1,1409,1409,official_detector,data30-5,0,0,0,deepocsort,True,2654
73.30973222240267,38.76732668116199,1349,104,41,52.96408340546562,63.696775781442284,3,45.139412207987945,1305,0,0,2,True,8,0,True,36,legacy12,1409,cost_r,1409,1409,official_detector,data30-5,0,0,0,deepocsort,True,2654
73.30973222240267,38.76732668116199,1349,104,41,52.96408340546562,63.696775781442284,3,45.139412207987945,1305,0,0,2,True,8,0,True,36,legacy12,1409,cost_g_legacy,1409,1409,official_detector,data30-5,0,0,0,deepocsort,True,2654
73.30973222240267,38.76732668116199,1349,104,41,52.96408340546562,63.696775781442284,3,45.139412207987945,1305,0,0,2,True,8,0,True,36,legacy12,1409,cost_h,1409,1409,official_detector,data30-5,0,0,0,deepocsort,True,2654
73.30973222240267,38.76732668116199,1349,104,41,52.96408340546562,63.696775781442284,3,45.139412207987945,1305,0,0,2,True,8,0,True,36,legacy12,1409,path_g,1409,1409,official_detector,data30-5,0,0,0,deepocsort,True,2654
73.30973222240267,38.76732668116199,1349,104,41,52.96408340546562,63.696775781442284,3,45.139412207987945,1305,0,0,2,True,8,0,True,36,legacy12,1409,cost_h_margin_reassign,1409,1409,official_detector,data30-5,0,0,0,deepocsort,True,2654
73.3784447449752,38.76732668116199,1349,104,41,52.990289690717184,63.844449913856764,3,45.139412207987945,1305,0,0,1,True,8,0,True,36,legacy12,1409,cost_h_motion_reassign,1409,1409,official_detector,data30-5,0,0,0,deepocsort,True,2654
73.3784447449752,38.76732668116199,1349,104,41,52.990289690717184,63.844449913856764,3,45.139412207987945,1305,0,0,1,True,8,0,True,36,legacy12,1409,cost_h_full_postfilter,1409,1409,official_detector,data30-5,0,0,0,deepocsort,True,2654
73.3784447449752,38.76732668116199,1349,104,41,52.990289690717184,63.844449913856764,3,45.139412207987945,1305,0,0,1,True,8,0,True,36,legacy12,1409,cost_h_full_reassign,1409,1409,official_detector,data30-5,0,0,0,deepocsort,True,2654
73.30973222240267,38.76732668116199,1349,104,41,52.96408340546562,63.696775781442284,3,45.139412207987945,1305,0,0,2,True,8,0,True,36,legacy12,1409,cost_h_soft_information,1409,1409,official_detector,data30-5,0,0,0,deepocsort,True,2654
73.3784447449752,38.76732668116199,1349,104,41,52.990289690717184,63.844449913856764,3,45.139412207987945,1305,0,0,1,True,8,0,True,36,legacy12,1409,path_g_full_reassign,1409,1409,official_detector,data30-5,0,0,0,deepocsort,True,2654
70.05500345874796,24.72862098546648,2503,141,56,41.5137507158427,41.826335099877696,85,24.903687396807925,1131,0,0,0,True,8,0,True,139,legacy12,1272,no_refinement,1272,1272,official_detector,data30-9,0,0,0,bytetrack,True,3634
71.02447872633778,24.737512545535253,2503,141,56,41.81772578452837,42.80472890338361,56,25.70170610897083,1131,1,0,42,True,8,0,True,139,legacy12,1272,ace_v1,1272,1272,official_detector,data30-9,0,1,0,bytetrack,True,3634
71.23647655153654,24.737512545535253,2503,141,56,41.881710982997014,42.96779453730126,55,25.72922399559714,1131,1,0,40,True,8,0,True,139,legacy12,1272,cost_r,1272,1272,official_detector,data30-9,0,1,0,bytetrack,True,3634
71.2448767286086,24.737512545535253,2503,141,56,41.884378849815405,43.00856094578068,52,25.81177765547606,1131,1,0,48,True,8,0,True,139,legacy12,1272,cost_g_legacy,1272,1272,official_detector,data30-9,0,1,0,bytetrack,True,3634
71.2900589931481,24.737512545535253,2503,141,56,41.89807960062535,43.04932735426009,56,25.70170610897083,1131,1,0,50,True,8,0,True,139,legacy12,1272,cost_h,1272,1272,official_detector,data30-9,0,1,0,bytetrack,True,3634
71.27339592892777,24.737512545535253,2503,141,56,41.89291037052774,43.04932735426009,52,25.81177765547606,1131,1,0,47,True,8,0,True,139,legacy12,1272,path_g,1272,1272,official_detector,data30-9,0,1,0,bytetrack,True,3634
71.26350185774376,24.737512545535253,2503,141,56,41.889965643797495,43.04932735426009,52,25.81177765547606,1131,1,0,47,True,8,0,True,139,legacy12,1272,cost_h_margin_reassign,1272,1272,official_detector,data30-9,0,1,0,bytetrack,True,3634
71.2900589931481,24.737512545535253,2503,141,56,41.89807960062535,43.04932735426009,56,25.70170610897083,1131,1,0,50,True,8,0,True,139,legacy12,1272,cost_h_motion_reassign,1272,1272,official_detector,data30-9,0,1,0,bytetrack,True,3634
71.13160265509694,24.737512545535253,2503,141,56,41.849909668446884,42.845495311863026,58,25.64667033571822,1131,1,0,37,True,8,0,True,139,legacy12,1272,cost_h_full_postfilter,1272,1272,official_detector,data30-9,0,1,0,bytetrack,True,3634
71.24434092587167,24.737512545535253,2503,141,56,41.88409178455183,43.00856094578068,54,25.756741882223444,1131,1,0,41,True,8,0,True,139,legacy12,1272,cost_h_full_reassign,1272,1272,official_detector,data30-9,0,1,0,bytetrack,True,3634
71.27341430136123,24.737512545535253,2503,141,56,41.8928827255006,43.04932735426009,53,25.784259768849754,1131,1,0,48,True,8,0,True,139,legacy12,1272,cost_h_soft_information,1272,1272,official_detector,data30-9,0,1,0,bytetrack,True,3634
71.24434092587167,24.737512545535253,2503,141,56,41.88409178455183,43.00856094578068,54,25.756741882223444,1131,1,0,41,True,8,0,True,139,legacy12,1272,path_g_full_reassign,1272,1272,official_detector,data30-9,0,1,0,bytetrack,True,3634
72.6332864112761,26.253457198097724,2531,122,26,43.478030659029685,40.37867874048158,100,24.243258117776556,1103,0,0,0,True,8,0,True,165,legacy12,1225,no_refinement,1225,1225,official_detector,data30-9,0,0,0,ocsort,True,3634
73.4081963629709,26.253457198097724,2531,122,26,43.72081554010805,42.395554640872604,59,25.371491469455147,1103,0,0,76,True,8,0,True,165,legacy12,1225,ace_v1,1225,1225,official_detector,data30-9,0,0,0,ocsort,True,3634
73.76511935120634,26.253457198097724,2531,122,26,43.83215029245516,43.424572957398645,31,26.141992294991745,1103,0,0,87,True,8,0,True,165,legacy12,1225,cost_r,1225,1225,official_detector,data30-9,0,0,0,ocsort,True,3634
73.8291059631544,26.253457198097724,2531,122,26,43.852216420497534,43.63037662070385,26,26.27958172812328,1103,0,0,98,True,8,0,True,165,legacy12,1225,cost_g_legacy,1225,1225,official_detector,data30-9,0,0,0,ocsort,True,3634
73.76570337476865,26.253457198097724,2531,122,26,43.83390694228903,43.71269808602593,24,26.334617501375895,1103,0,0,98,True,8,0,True,165,legacy12,1225,cost_h,1225,1225,official_detector,data30-9,0,0,0,ocsort,True,3634
73.79783798870051,26.253457198097724,2531,122,26,43.842518911451215,43.54805515538177,28,26.224545954870663,1103,0,0,96,True,8,0,True,165,legacy12,1225,path_g,1225,1225,official_detector,data30-9,0,0,0,ocsort,True,3634
73.891162733132,26.253457198097724,2531,122,26,43.87162505863683,43.75385881868697,23,26.3621353880022,1103,0,0,95,True,8,0,True,165,legacy12,1225,cost_h_margin_reassign,1225,1225,official_detector,data30-9,0,0,0,ocsort,True,3634
73.76570337476865,26.253457198097724,2531,122,26,43.83390694228903,43.71269808602593,24,26.334617501375895,1103,0,0,98,True,8,0,True,165,legacy12,1225,cost_h_motion_reassign,1225,1225,official_detector,data30-9,0,0,0,ocsort,True,3634
73.82463907641367,26.253457198097724,2531,122,26,43.849460818523355,43.3834122247376,32,26.11447440836544,1103,0,0,82,True,8,0,True,165,legacy12,1225,cost_h_full_postfilter,1225,1225,official_detector,data30-9,0,0,0,ocsort,True,3634
73.76511935120634,26.253457198097724,2531,122,26,43.83215029245516,43.424572957398645,31,26.141992294991745,1103,0,0,87,True,8,0,True,165,legacy12,1225,cost_h_full_reassign,1225,1225,official_detector,data30-9,0,0,0,ocsort,True,3634
73.77911985644401,26.253457198097724,2531,122,26,43.83796343664279,43.67153735336489,25,26.307099614749585,1103,0,0,97,True,8,0,True,165,legacy12,1225,cost_h_soft_information,1225,1225,official_detector,data30-9,0,0,0,ocsort,True,3634
73.76511935120634,26.253457198097724,2531,122,26,43.83215029245516,43.424572957398645,31,26.141992294991745,1103,0,0,87,True,8,0,True,165,legacy12,1225,path_g_full_reassign,1225,1225,official_detector,data30-9,0,0,0,ocsort,True,3634
74.63380869512628,40.16742711177114,1781,185,86,54.08131299594031,64.70380818053597,10,45.62465602641717,1853,0,0,0,True,8,0,True,86,legacy12,2038,no_refinement,2038,2038,official_detector,data30-9,0,0,0,deepocsort,True,3634
74.66899008012584,40.16742711177114,1781,185,86,54.096848849244026,64.63328631875882,7,45.70720968629609,1853,0,0,10,True,8,0,True,86,legacy12,2038,ace_v1,2038,2038,official_detector,data30-9,0,0,0,deepocsort,True,3634
74.61727406957101,40.16742711177114,1781,185,86,54.077009451093815,64.66854724964739,7,45.70720968629609,1853,0,0,10,True,8,0,True,86,legacy12,2038,cost_r,2038,2038,official_detector,data30-9,0,0,0,deepocsort,True,3634
74.61727406957101,40.16742711177114,1781,185,86,54.077009451093815,64.66854724964739,7,45.70720968629609,1853,0,0,10,True,8,0,True,86,legacy12,2038,cost_g_legacy,2038,2038,official_detector,data30-9,0,0,0,deepocsort,True,3634
74.61727406957101,40.16742711177114,1781,185,86,54.077009451093815,64.66854724964739,7,45.70720968629609,1853,0,0,10,True,8,0,True,86,legacy12,2038,cost_h,2038,2038,official_detector,data30-9,0,0,0,deepocsort,True,3634
74.61727406957101,40.16742711177114,1781,185,86,54.077009451093815,64.66854724964739,7,45.70720968629609,1853,0,0,10,True,8,0,True,86,legacy12,2038,path_g,2038,2038,official_detector,data30-9,0,0,0,deepocsort,True,3634
74.61727406957101,40.16742711177114,1781,185,86,54.077009451093815,64.66854724964739,7,45.70720968629609,1853,0,0,10,True,8,0,True,86,legacy12,2038,cost_h_margin_reassign,2038,2038,official_detector,data30-9,0,0,0,deepocsort,True,3634
74.73385630381794,40.16742711177114,1781,185,86,54.12212470822902,64.88011283497885,7,45.70720968629609,1853,0,0,8,True,8,0,True,86,legacy12,2038,cost_h_motion_reassign,2038,2038,official_detector,data30-9,0,0,0,deepocsort,True,3634
74.73385630381794,40.16742711177114,1781,185,86,54.12212470822902,64.88011283497885,7,45.70720968629609,1853,0,0,8,True,8,0,True,86,legacy12,2038,cost_h_full_postfilter,2038,2038,official_detector,data30-9,0,0,0,deepocsort,True,3634
74.73385630381794,40.16742711177114,1781,185,86,54.12212470822902,64.88011283497885,7,45.70720968629609,1853,0,0,8,True,8,0,True,86,legacy12,2038,cost_h_full_reassign,2038,2038,official_detector,data30-9,0,0,0,deepocsort,True,3634
74.61727406957101,40.16742711177114,1781,185,86,54.077009451093815,64.66854724964739,7,45.70720968629609,1853,0,0,10,True,8,0,True,86,legacy12,2038,cost_h_soft_information,2038,2038,official_detector,data30-9,0,0,0,deepocsort,True,3634
74.73385630381794,40.16742711177114,1781,185,86,54.12212470822902,64.88011283497885,7,45.70720968629609,1853,0,0,8,True,8,0,True,86,legacy12,2038,path_g_full_reassign,2038,2038,official_detector,data30-9,0,0,0,deepocsort,True,3634
64.23653677547047,52.822814269190545,402,25,8,58.11990214953317,72.84462886122637,21,64.8075412411626,871,0,0,0,True,8,0,True,21,confirmation38,896,no_refinement,896,896,official_detector,data23-1,0,0,0,bytetrack,True,1273
64.31558036897933,52.80901941169592,402,25,8,58.14906342088243,73.21346242508068,19,64.96465043205028,871,0,0,6,True,8,0,True,21,confirmation38,896,ace_v1,896,896,official_detector,data23-1,0,0,0,bytetrack,True,1273
64.31558036897933,52.80901941169592,402,25,8,58.14906342088243,73.21346242508068,19,64.96465043205028,871,0,0,6,True,8,0,True,21,confirmation38,896,cost_r,896,896,official_detector,data23-1,0,0,0,bytetrack,True,1273
63.52817869939839,52.80901941169592,402,25,8,57.79093954615798,72.19917012448133,19,64.96465043205028,871,0,0,7,True,8,0,True,21,confirmation38,896,cost_g_legacy,896,896,official_detector,data23-1,0,0,0,bytetrack,True,1273
64.31558036897933,52.80901941169592,402,25,8,58.14906342088243,73.21346242508068,19,64.96465043205028,871,0,0,6,True,8,0,True,21,confirmation38,896,cost_h,896,896,official_detector,data23-1,0,0,0,bytetrack,True,1273
64.31558036897933,52.80901941169592,402,25,8,58.14906342088243,73.21346242508068,19,64.96465043205028,871,0,0,6,True,8,0,True,21,confirmation38,896,path_g,896,896,official_detector,data23-1,0,0,0,bytetrack,True,1273
64.31558036897933,52.80901941169592,402,25,8,58.14906342088243,73.21346242508068,19,64.96465043205028,871,0,0,6,True,8,0,True,21,confirmation38,896,cost_h_margin_reassign,896,896,official_detector,data23-1,0,0,0,bytetrack,True,1273
64.31558036897933,52.80901941169592,402,25,8,58.14906342088243,73.21346242508068,19,64.96465043205028,871,0,0,6,True,8,0,True,21,confirmation38,896,cost_h_motion_reassign,896,896,official_detector,data23-1,0,0,0,bytetrack,True,1273
64.31558036897933,52.80901941169592,402,25,8,58.14906342088243,73.21346242508068,19,64.96465043205028,871,0,0,6,True,8,0,True,21,confirmation38,896,cost_h_full_postfilter,896,896,official_detector,data23-1,0,0,0,bytetrack,True,1273
64.31558036897933,52.80901941169592,402,25,8,58.14906342088243,73.21346242508068,19,64.96465043205028,871,0,0,6,True,8,0,True,21,confirmation38,896,cost_h_full_reassign,896,896,official_detector,data23-1,0,0,0,bytetrack,True,1273
64.31558036897933,52.80901941169592,402,25,8,58.14906342088243,73.21346242508068,19,64.96465043205028,871,0,0,6,True,8,0,True,21,confirmation38,896,cost_h_soft_information,896,896,official_detector,data23-1,0,0,0,bytetrack,True,1273
64.31558036897933,52.80901941169592,402,25,8,58.14906342088243,73.21346242508068,19,64.96465043205028,871,0,0,6,True,8,0,True,21,confirmation38,896,path_g_full_reassign,896,896,official_detector,data23-1,0,0,0,bytetrack,True,1273
67.35116333788825,52.11687407161468,444,20,23,58.94864380414552,71.253534401508,27,61.42969363707776,829,0,0,0,True,8,0,True,22,confirmation38,849,no_refinement,849,849,official_detector,data23-1,0,0,0,ocsort,True,1273
67.26647145605271,52.11687407161468,444,20,23,58.91105822130075,71.44203581526861,25,61.586802827965435,829,0,0,3,True,8,0,True,22,confirmation38,849,ace_v1,849,849,official_detector,data23-1,0,0,0,ocsort,True,1273
67.26647145605271,52.11687407161468,444,20,23,58.91105822130075,71.44203581526861,25,61.586802827965435,829,0,0,3,True,8,0,True,22,confirmation38,849,cost_r,849,849,official_detector,data23-1,0,0,0,ocsort,True,1273
67.26647145605271,52.11687407161468,444,20,23,58.91105822130075,71.44203581526861,25,61.586802827965435,829,0,0,3,True,8,0,True,22,confirmation38,849,cost_g_legacy,849,849,official_detector,data23-1,0,0,0,ocsort,True,1273
67.26647145605271,52.11687407161468,444,20,23,58.91105822130075,71.44203581526861,25,61.586802827965435,829,0,0,3,True,8,0,True,22,confirmation38,849,cost_h,849,849,official_detector,data23-1,0,0,0,ocsort,True,1273
67.26647145605271,52.11687407161468,444,20,23,58.91105822130075,71.44203581526861,25,61.586802827965435,829,0,0,3,True,8,0,True,22,confirmation38,849,path_g,849,849,official_detector,data23-1,0,0,0,ocsort,True,1273
67.26647145605271,52.11687407161468,444,20,23,58.91105822130075,71.44203581526861,25,61.586802827965435,829,0,0,3,True,8,0,True,22,confirmation38,849,cost_h_margin_reassign,849,849,official_detector,data23-1,0,0,0,ocsort,True,1273
67.26647145605271,52.11687407161468,444,20,23,58.91105822130075,71.44203581526861,25,61.586802827965435,829,0,0,3,True,8,0,True,22,confirmation38,849,cost_h_motion_reassign,849,849,official_detector,data23-1,0,0,0,ocsort,True,1273
67.26647145605271,52.11687407161468,444,20,23,58.91105822130075,71.44203581526861,25,61.586802827965435,829,0,0,3,True,8,0,True,22,confirmation38,849,cost_h_full_postfilter,849,849,official_detector,data23-1,0,0,0,ocsort,True,1273
67.26647145605271,52.11687407161468,444,20,23,58.91105822130075,71.44203581526861,25,61.586802827965435,829,0,0,3,True,8,0,True,22,confirmation38,849,cost_h_full_reassign,849,849,official_detector,data23-1,0,0,0,ocsort,True,1273
67.26647145605271,52.11687407161468,444,20,23,58.91105822130075,71.44203581526861,25,61.586802827965435,829,0,0,3,True,8,0,True,22,confirmation38,849,cost_h_soft_information,849,849,official_detector,data23-1,0,0,0,ocsort,True,1273
67.26647145605271,52.11687407161468,444,20,23,58.91105822130075,71.44203581526861,25,61.586802827965435,829,0,0,3,True,8,0,True,22,confirmation38,849,path_g_full_reassign,849,849,official_detector,data23-1,0,0,0,ocsort,True,1273
81.10885122683683,53.55822242112514,430,21,6,65.41039173293237,78.8020589611605,1,64.49332285938726,843,0,0,0,True,8,0,True,12,confirmation38,864,no_refinement,864,864,official_detector,data23-1,0,0,0,deepocsort,True,1273
81.10885122683683,53.55822242112514,430,21,6,65.41039173293237,78.8020589611605,1,64.49332285938726,843,0,0,0,True,8,0,True,12,confirmation38,864,ace_v1,864,864,official_detector,data23-1,0,0,0,deepocsort,True,1273
81.10885122683683,53.55822242112514,430,21,6,65.41039173293237,78.8020589611605,1,64.49332285938726,843,0,0,0,True,8,0,True,12,confirmation38,864,cost_r,864,864,official_detector,data23-1,0,0,0,deepocsort,True,1273
81.10885122683683,53.55822242112514,430,21,6,65.41039173293237,78.8020589611605,1,64.49332285938726,843,0,0,0,True,8,0,True,12,confirmation38,864,cost_g_legacy,864,864,official_detector,data23-1,0,0,0,deepocsort,True,1273
81.10885122683683,53.55822242112514,430,21,6,65.41039173293237,78.8020589611605,1,64.49332285938726,843,0,0,0,True,8,0,True,12,confirmation38,864,cost_h,864,864,official_detector,data23-1,0,0,0,deepocsort,True,1273
81.10885122683683,53.55822242112514,430,21,6,65.41039173293237,78.8020589611605,1,64.49332285938726,843,0,0,0,True,8,0,True,12,confirmation38,864,path_g,864,864,official_detector,data23-1,0,0,0,deepocsort,True,1273
81.10885122683683,53.55822242112514,430,21,6,65.41039173293237,78.8020589611605,1,64.49332285938726,843,0,0,0,True,8,0,True,12,confirmation38,864,cost_h_margin_reassign,864,864,official_detector,data23-1,0,0,0,deepocsort,True,1273
81.10885122683683,53.55822242112514,430,21,6,65.41039173293237,78.8020589611605,1,64.49332285938726,843,0,0,0,True,8,0,True,12,confirmation38,864,cost_h_motion_reassign,864,864,official_detector,data23-1,0,0,0,deepocsort,True,1273
81.10885122683683,53.55822242112514,430,21,6,65.41039173293237,78.8020589611605,1,64.49332285938726,843,0,0,0,True,8,0,True,12,confirmation38,864,cost_h_full_postfilter,864,864,official_detector,data23-1,0,0,0,deepocsort,True,1273
81.10885122683683,53.55822242112514,430,21,6,65.41039173293237,78.8020589611605,1,64.49332285938726,843,0,0,0,True,8,0,True,12,confirmation38,864,cost_h_full_reassign,864,864,official_detector,data23-1,0,0,0,deepocsort,True,1273
81.10885122683683,53.55822242112514,430,21,6,65.41039173293237,78.8020589611605,1,64.49332285938726,843,0,0,0,True,8,0,True,12,confirmation38,864,cost_h_soft_information,864,864,official_detector,data23-1,0,0,0,deepocsort,True,1273
81.10885122683683,53.55822242112514,430,21,6,65.41039173293237,78.8020589611605,1,64.49332285938726,843,0,0,0,True,8,0,True,12,confirmation38,864,path_g_full_reassign,864,864,official_detector,data23-1,0,0,0,deepocsort,True,1273
55.5782485072582,31.407575811814926,6605,357,380,41.50577349365982,43.563349853856906,516,31.97489311379969,4388,0,0,0,True,8,0,True,558,confirmation38,4745,no_refinement,4745,4745,official_detector,data24-1,0,0,0,bytetrack,True,10993
56.59642862135289,31.407575811814926,6605,357,380,41.90572582347489,45.520396492565766,384,33.17565723642318,4388,3,1,182,True,8,0,True,558,confirmation38,4745,ace_v1,4745,4745,official_detector,data24-1,0,3,1,bytetrack,True,10993
56.69114432657951,31.402989192669335,6605,357,380,41.94067484142916,45.774558393696786,361,33.38488128809242,4388,2,1,194,True,8,0,True,558,confirmation38,4745,cost_r,4745,4745,official_detector,data24-1,0,2,1,bytetrack,True,10993
56.981098555828126,31.402989192669335,6605,357,380,42.052790213545705,46.308298386071925,318,33.776039297734926,4388,2,1,230,True,8,0,True,558,confirmation38,4745,cost_g_legacy,4745,4745,official_detector,data24-1,0,2,1,bytetrack,True,10993
56.83892872468539,31.402989192669335,6605,357,380,41.9977483798002,46.09226077011056,353,33.457654871281726,4388,2,1,215,True,8,0,True,558,confirmation38,4745,cost_h,4745,4745,official_detector,data24-1,0,2,1,bytetrack,True,10993
56.80777867482105,31.402989192669335,6605,357,380,41.98563093486554,46.0033041047147,354,33.44855817338306,4388,2,1,210,True,8,0,True,558,confirmation38,4745,path_g,4745,4745,official_detector,data24-1,0,2,1,bytetrack,True,10993
56.798694706245016,31.402989192669335,6605,357,380,41.9820292660816,46.04142838988436,354,33.44855817338306,4388,2,1,205,True,8,0,True,558,confirmation38,4745,cost_h_margin_reassign,4745,4745,official_detector,data24-1,0,2,1,bytetrack,True,10993
56.83892872468539,31.402989192669335,6605,357,380,41.9977483798002,46.09226077011056,353,33.457654871281726,4388,2,1,215,True,8,0,True,558,confirmation38,4745,cost_h_motion_reassign,4745,4745,official_detector,data24-1,0,2,1,bytetrack,True,10993
56.76413364018943,31.402989192669335,6605,357,380,41.968558582904336,45.914347439318846,361,33.38488128809242,4388,2,1,197,True,8,0,True,558,confirmation38,4745,cost_h_full_postfilter,4745,4745,official_detector,data24-1,0,2,1,bytetrack,True,10993
56.7499791096339,31.402989192669335,6605,357,380,41.96310472060606,45.86351505909264,359,33.40307468388975,4388,2,1,199,True,8,0,True,558,confirmation38,4745,cost_h_full_reassign,4745,4745,official_detector,data24-1,0,2,1,bytetrack,True,10993
56.81004530999218,31.402989192669335,6605,357,380,41.98641677496895,46.016012199771254,357,33.421268079687074,4388,2,1,213,True,8,0,True,558,confirmation38,4745,cost_h_soft_information,4745,4745,official_detector,data24-1,0,2,1,bytetrack,True,10993
56.7499791096339,31.402989192669335,6605,357,380,41.96310472060606,45.86351505909264,359,33.40307468388975,4388,2,1,199,True,8,0,True,558,confirmation38,4745,path_g_full_reassign,4745,4745,official_detector,data24-1,0,2,1,bytetrack,True,10993
62.855762232154355,28.90734704544033,7414,150,130,42.51361970065607,42.11384322782231,145,29.873555899208586,3579,0,0,0,True,8,0,True,208,confirmation38,3729,no_refinement,3729,3729,official_detector,data24-1,0,0,0,ocsort,True,10993
63.1958817468527,28.90734704544033,7414,150,130,42.63233141619415,42.6844178780057,121,30.091876648776495,3579,1,1,37,True,8,0,True,208,confirmation38,3729,ace_v1,3729,3729,official_detector,data24-1,0,1,1,ocsort,True,10993
63.196071002872365,28.90734704544033,7414,150,130,42.632396902452626,42.6844178780057,120,30.100973346675158,3579,1,1,37,True,8,0,True,208,confirmation38,3729,cost_r,3729,3729,official_detector,data24-1,0,1,1,ocsort,True,10993
63.19486089757367,28.90734704544033,7414,150,130,42.632013979592195,42.71158809944301,117,30.128263440371146,3579,2,1,40,True,8,0,True,208,confirmation38,3729,cost_g_legacy,3729,3729,official_detector,data24-1,0,2,1,ocsort,True,10993
63.20315034856904,28.90734704544033,7414,150,130,42.63483154207176,42.69800298872436,119,30.110070044573824,3579,2,1,38,True,8,0,True,208,confirmation38,3729,cost_h,3729,3729,official_detector,data24-1,0,2,1,ocsort,True,10993
63.20315034856904,28.90734704544033,7414,150,130,42.63483154207176,42.69800298872436,119,30.110070044573824,3579,2,1,38,True,8,0,True,208,confirmation38,3729,path_g,3729,3729,official_detector,data24-1,0,2,1,ocsort,True,10993
63.20315034856904,28.90734704544033,7414,150,130,42.63483154207176,42.69800298872436,119,30.110070044573824,3579,2,1,38,True,8,0,True,208,confirmation38,3729,cost_h_margin_reassign,3729,3729,official_detector,data24-1,0,2,1,ocsort,True,10993
63.20315034856904,28.90734704544033,7414,150,130,42.63483154207176,42.69800298872436,119,30.110070044573824,3579,2,1,38,True,8,0,True,208,confirmation38,3729,cost_h_motion_reassign,3729,3729,official_detector,data24-1,0,2,1,ocsort,True,10993
63.20125830560167,28.90734704544033,7414,150,130,42.63417004284073,42.6844178780057,120,30.100973346675158,3579,2,1,37,True,8,0,True,208,confirmation38,3729,cost_h_full_postfilter,3729,3729,official_detector,data24-1,0,2,1,ocsort,True,10993
63.20125830560167,28.90734704544033,7414,150,130,42.63417004284073,42.6844178780057,120,30.100973346675158,3579,2,1,37,True,8,0,True,208,confirmation38,3729,cost_h_full_reassign,3729,3729,official_detector,data24-1,0,2,1,ocsort,True,10993
63.20466978449084,28.90734704544033,7414,150,130,42.63536120885051,42.71158809944301,118,30.11916674247248,3579,2,1,38,True,8,0,True,208,confirmation38,3729,cost_h_soft_information,3729,3729,official_detector,data24-1,0,2,1,ocsort,True,10993
63.20125830560167,28.90734704544033,7414,150,130,42.63417004284073,42.6844178780057,120,30.100973346675158,3579,2,1,37,True,8,0,True,208,confirmation38,3729,path_g_full_reassign,3729,3729,official_detector,data24-1,0,2,1,ocsort,True,10993
65.60226345908536,40.107171061041235,5389,866,262,50.73613616817406,55.00773063047586,155,41.690166469571544,5604,0,0,0,True,8,0,True,306,confirmation38,6470,no_refinement,6470,6470,official_detector,data24-1,0,0,0,deepocsort,True,10993
66.41320641572062,40.08509089478799,5389,866,262,51.045168565588206,56.244631506613985,124,41.97216410443009,5604,3,1,56,True,8,0,True,306,confirmation38,6470,ace_v1,6470,6470,official_detector,data24-1,0,3,1,deepocsort,True,10993
66.6344341650856,40.09882379784763,5389,866,262,51.145812102547886,56.66838458455019,117,42.03584098972073,5604,3,1,58,True,8,0,True,306,confirmation38,6470,cost_r,6470,6470,official_detector,data24-1,0,3,1,deepocsort,True,10993
66.69894957121197,40.09882379784763,5389,866,262,51.17237036045215,56.8058180152322,113,42.07222778131538,5604,3,1,71,True,8,0,True,306,confirmation38,6470,cost_g_legacy,6470,6470,official_detector,data24-1,0,3,1,deepocsort,True,10993
66.52718226784661,40.09882379784763,5389,866,262,51.1011462763188,56.542403939758344,116,42.044937687619395,5604,3,1,68,True,8,0,True,306,confirmation38,6470,cost_h,6470,6470,official_detector,data24-1,0,3,1,deepocsort,True,10993
66.69394421782498,40.09882379784763,5389,866,262,51.17045844101409,56.76000687167153,116,42.044937687619395,5604,3,1,62,True,8,0,True,306,confirmation38,6470,path_g,6470,6470,official_detector,data24-1,0,3,1,deepocsort,True,10993
66.68118539564357,40.09882379784763,5389,866,262,51.16522179833027,56.702742942220695,113,42.07222778131538,5604,3,1,61,True,8,0,True,306,confirmation38,6470,cost_h_margin_reassign,6470,6470,official_detector,data24-1,0,3,1,deepocsort,True,10993
66.71138203219851,40.09882379784763,5389,866,262,51.17771149072906,56.748554085781365,112,42.08132447921405,5604,3,1,62,True,8,0,True,306,confirmation38,6470,cost_h_motion_reassign,6470,6470,official_detector,data24-1,0,3,1,deepocsort,True,10993
66.51172817525459,40.09882379784763,5389,866,262,51.0946622170015,56.450781652637005,118,42.02674429182207,5604,3,1,53,True,8,0,True,306,confirmation38,6470,cost_h_full_postfilter,6470,6470,official_detector,data24-1,0,3,1,deepocsort,True,10993
66.66630118925858,40.09882379784763,5389,866,262,51.159043601188145,56.67983737044035,114,42.06313108341672,5604,3,1,57,True,8,0,True,306,confirmation38,6470,cost_h_full_reassign,6470,6470,official_detector,data24-1,0,3,1,deepocsort,True,10993
66.7273623483126,40.09882379784763,5389,866,262,51.18432951989812,56.76000687167153,114,42.06313108341672,5604,3,1,64,True,8,0,True,306,confirmation38,6470,cost_h_soft_information,6470,6470,official_detector,data24-1,0,3,1,deepocsort,True,10993
66.63736387561607,40.09882379784763,5389,866,262,51.14701931749368,56.66838458455019,117,42.03584098972073,5604,3,1,55,True,8,0,True,306,confirmation38,6470,path_g_full_reassign,6470,6470,official_detector,data24-1,0,3,1,deepocsort,True,10993
17.404495855504447,17.51646749083074,157,25,1,17.434120156310236,12.5,12,3.9603960396039604,45,0,0,0,True,8,0,True,11,confirmation38,70,no_refinement,70,70,official_detector,data27-1,0,0,0,bytetrack,True,202
20.458321809137697,17.51646749083074,157,25,1,18.910867887515124,15.441176470588236,11,4.455445544554455,45,0,0,4,True,8,0,True,11,confirmation38,70,ace_v1,70,70,official_detector,data27-1,0,0,0,bytetrack,True,202
22.73984345764597,17.51646749083074,157,25,1,19.9397665832553,19.11764705882353,10,4.9504950495049505,45,0,0,4,True,8,0,True,11,confirmation38,70,cost_r,70,70,official_detector,data27-1,0,0,0,bytetrack,True,202
27.423566494858083,17.51646749083074,157,25,1,21.903598008492338,22.058823529411764,8,5.9405940594059405,45,0,0,5,True,8,0,True,11,confirmation38,70,cost_g_legacy,70,70,official_detector,data27-1,0,0,0,bytetrack,True,202
22.73984345764597,17.51646749083074,157,25,1,19.9397665832553,19.11764705882353,10,4.9504950495049505,45,0,0,4,True,8,0,True,11,confirmation38,70,cost_h,70,70,official_detector,data27-1,0,0,0,bytetrack,True,202
22.73984345764597,17.51646749083074,157,25,1,19.9397665832553,19.11764705882353,10,4.9504950495049505,45,0,0,4,True,8,0,True,11,confirmation38,70,path_g,70,70,official_detector,data27-1,0,0,0,bytetrack,True,202
22.73984345764597,17.51646749083074,157,25,1,19.9397665832553,19.11764705882353,10,4.9504950495049505,45,0,0,4,True,8,0,True,11,confirmation38,70,cost_h_margin_reassign,70,70,official_detector,data27-1,0,0,0,bytetrack,True,202
22.73984345764597,17.51646749083074,157,25,1,19.9397665832553,19.11764705882353,10,4.9504950495049505,45,0,0,4,True,8,0,True,11,confirmation38,70,cost_h_motion_reassign,70,70,official_detector,data27-1,0,0,0,bytetrack,True,202
22.73984345764597,17.51646749083074,157,25,1,19.9397665832553,19.11764705882353,10,4.9504950495049505,45,0,0,4,True,8,0,True,11,confirmation38,70,cost_h_full_postfilter,70,70,official_detector,data27-1,0,0,0,bytetrack,True,202
22.73984345764597,17.51646749083074,157,25,1,19.9397665832553,19.11764705882353,10,4.9504950495049505,45,0,0,4,True,8,0,True,11,confirmation38,70,cost_h_full_reassign,70,70,official_detector,data27-1,0,0,0,bytetrack,True,202
22.73984345764597,17.51646749083074,157,25,1,19.9397665832553,19.11764705882353,10,4.9504950495049505,45,0,0,4,True,8,0,True,11,confirmation38,70,cost_h_soft_information,70,70,official_detector,data27-1,0,0,0,bytetrack,True,202
22.73984345764597,17.51646749083074,157,25,1,19.9397665832553,19.11764705882353,10,4.9504950495049505,45,0,0,4,True,8,0,True,11,confirmation38,70,path_g_full_reassign,70,70,official_detector,data27-1,0,0,0,bytetrack,True,202
15.094392000590256,9.228918144815882,180,24,1,11.798219379822457,9.67741935483871,3,-2.4752475247524752,22,0,0,0,True,8,0,True,6,confirmation38,46,no_refinement,46,46,official_detector,data27-1,0,0,0,ocsort,True,202
18.414697985855533,9.228918144815882,180,24,1,13.029517938978488,12.903225806451612,2,-1.9801980198019802,22,1,0,0,True,8,0,True,6,confirmation38,46,ace_v1,46,46,official_detector,data27-1,0,1,0,ocsort,True,202
18.414697985855533,9.228918144815882,180,24,1,13.029517938978488,12.903225806451612,2,-1.9801980198019802,22,1,0,0,True,8,0,True,6,confirmation38,46,cost_r,46,46,official_detector,data27-1,0,1,0,ocsort,True,202
18.414697985855533,9.228918144815882,180,24,1,13.029517938978488,12.903225806451612,2,-1.9801980198019802,22,1,0,0,True,8,0,True,6,confirmation38,46,cost_g_legacy,46,46,official_detector,data27-1,0,1,0,ocsort,True,202
18.414697985855533,9.228918144815882,180,24,1,13.029517938978488,12.903225806451612,2,-1.9801980198019802,22,1,0,0,True,8,0,True,6,confirmation38,46,cost_h,46,46,official_detector,data27-1,0,1,0,ocsort,True,202
18.414697985855533,9.228918144815882,180,24,1,13.029517938978488,12.903225806451612,2,-1.9801980198019802,22,1,0,0,True,8,0,True,6,confirmation38,46,path_g,46,46,official_detector,data27-1,0,1,0,ocsort,True,202
18.414697985855533,9.228918144815882,180,24,1,13.029517938978488,12.903225806451612,2,-1.9801980198019802,22,1,0,0,True,8,0,True,6,confirmation38,46,cost_h_margin_reassign,46,46,official_detector,data27-1,0,1,0,ocsort,True,202
18.414697985855533,9.228918144815882,180,24,1,13.029517938978488,12.903225806451612,2,-1.9801980198019802,22,1,0,0,True,8,0,True,6,confirmation38,46,cost_h_motion_reassign,46,46,official_detector,data27-1,0,1,0,ocsort,True,202
18.414697985855533,9.228918144815882,180,24,1,13.029517938978488,12.903225806451612,2,-1.9801980198019802,22,1,0,0,True,8,0,True,6,confirmation38,46,cost_h_full_postfilter,46,46,official_detector,data27-1,0,1,0,ocsort,True,202
18.414697985855533,9.228918144815882,180,24,1,13.029517938978488,12.903225806451612,2,-1.9801980198019802,22,1,0,0,True,8,0,True,6,confirmation38,46,cost_h_full_reassign,46,46,official_detector,data27-1,0,1,0,ocsort,True,202
18.414697985855533,9.228918144815882,180,24,1,13.029517938978488,12.903225806451612,2,-1.9801980198019802,22,1,0,0,True,8,0,True,6,confirmation38,46,cost_h_soft_information,46,46,official_detector,data27-1,0,1,0,ocsort,True,202
18.414697985855533,9.228918144815882,180,24,1,13.029517938978488,12.903225806451612,2,-1.9801980198019802,22,1,0,0,True,8,0,True,6,confirmation38,46,path_g_full_reassign,46,46,official_detector,data27-1,0,1,0,ocsort,True,202
81.45771700554143,26.601974536258073,138,24,0,46.5449685000184,43.44827586206896,1,19.306930693069308,64,0,0,0,True,8,0,True,3,confirmation38,88,no_refinement,88,88,official_detector,data27-1,0,0,0,deepocsort,True,202
81.45771700554143,26.601974536258073,138,24,0,46.5449685000184,43.44827586206896,1,19.306930693069308,64,0,0,0,True,8,0,True,3,confirmation38,88,ace_v1,88,88,official_detector,data27-1,0,0,0,deepocsort,True,202
81.45771700554143,26.601974536258073,138,24,0,46.5449685000184,43.44827586206896,1,19.306930693069308,64,0,0,0,True,8,0,True,3,confirmation38,88,cost_r,88,88,official_detector,data27-1,0,0,0,deepocsort,True,202
81.45771700554143,26.601974536258073,138,24,0,46.5449685000184,43.44827586206896,1,19.306930693069308,64,0,0,0,True,8,0,True,3,confirmation38,88,cost_g_legacy,88,88,official_detector,data27-1,0,0,0,deepocsort,True,202
81.45771700554143,26.601974536258073,138,24,0,46.5449685000184,43.44827586206896,1,19.306930693069308,64,0,0,0,True,8,0,True,3,confirmation38,88,cost_h,88,88,official_detector,data27-1,0,0,0,deepocsort,True,202
81.45771700554143,26.601974536258073,138,24,0,46.5449685000184,43.44827586206896,1,19.306930693069308,64,0,0,0,True,8,0,True,3,confirmation38,88,path_g,88,88,official_detector,data27-1,0,0,0,deepocsort,True,202
81.45771700554143,26.601974536258073,138,24,0,46.5449685000184,43.44827586206896,1,19.306930693069308,64,0,0,0,True,8,0,True,3,confirmation38,88,cost_h_margin_reassign,88,88,official_detector,data27-1,0,0,0,deepocsort,True,202
81.45771700554143,26.601974536258073,138,24,0,46.5449685000184,43.44827586206896,1,19.306930693069308,64,0,0,0,True,8,0,True,3,confirmation38,88,cost_h_motion_reassign,88,88,official_detector,data27-1,0,0,0,deepocsort,True,202
81.45771700554143,26.601974536258073,138,24,0,46.5449685000184,43.44827586206896,1,19.306930693069308,64,0,0,0,True,8,0,True,3,confirmation38,88,cost_h_full_postfilter,88,88,official_detector,data27-1,0,0,0,deepocsort,True,202
81.45771700554143,26.601974536258073,138,24,0,46.5449685000184,43.44827586206896,1,19.306930693069308,64,0,0,0,True,8,0,True,3,confirmation38,88,cost_h_full_reassign,88,88,official_detector,data27-1,0,0,0,deepocsort,True,202
81.45771700554143,26.601974536258073,138,24,0,46.5449685000184,43.44827586206896,1,19.306930693069308,64,0,0,0,True,8,0,True,3,confirmation38,88,cost_h_soft_information,88,88,official_detector,data27-1,0,0,0,deepocsort,True,202
81.45771700554143,26.601974536258073,138,24,0,46.5449685000184,43.44827586206896,1,19.306930693069308,64,0,0,0,True,8,0,True,3,confirmation38,88,path_g_full_reassign,88,88,official_detector,data27-1,0,0,0,deepocsort,True,202
1.496381223012066,4.63627858389297,874,19,33,2.553197985111254,3.5608308605341246,33,0.7502679528403001,59,0,0,0,True,8,0,True,44,confirmation38,78,no_refinement,78,78,official_detector,data31-1,0,0,0,bytetrack,True,933
2.296705108763709,4.63627858389297,874,19,33,3.1953116055422814,4.945598417408506,22,1.929260450160772,59,0,0,14,True,8,0,True,44,confirmation38,78,ace_v1,78,78,official_detector,data31-1,0,0,0,bytetrack,True,933
2.592731306268618,4.63627858389297,874,19,33,3.408586676353048,5.341246290801187,20,2.1436227224008575,59,0,0,15,True,8,0,True,44,confirmation38,78,cost_r,78,78,official_detector,data31-1,0,0,0,bytetrack,True,933
2.785364857446579,4.63627858389297,874,19,33,3.5369453600333207,5.539070227497527,19,2.2508038585209005,59,0,0,17,True,8,0,True,44,confirmation38,78,cost_g_legacy,78,78,official_detector,data31-1,0,0,0,bytetrack,True,933
2.5894740660780124,4.63627858389297,874,19,33,3.406313197090549,5.341246290801187,20,2.1436227224008575,59,0,0,16,True,8,0,True,44,confirmation38,78,cost_h,78,78,official_detector,data31-1,0,0,0,bytetrack,True,933
2.5923583609122702,4.63627858389297,874,19,33,3.408327727777426,5.341246290801187,20,2.1436227224008575,59,0,0,16,True,8,0,True,44,confirmation38,78,path_g,78,78,official_detector,data31-1,0,0,0,bytetrack,True,933
2.5894740660780124,4.63627858389297,874,19,33,3.406313197090549,5.341246290801187,20,2.1436227224008575,59,0,0,16,True,8,0,True,44,confirmation38,78,cost_h_margin_reassign,78,78,official_detector,data31-1,0,0,0,bytetrack,True,933
2.5894740660780124,4.63627858389297,874,19,33,3.406313197090549,5.341246290801187,20,2.1436227224008575,59,0,0,16,True,8,0,True,44,confirmation38,78,cost_h_motion_reassign,78,78,official_detector,data31-1,0,0,0,bytetrack,True,933
2.5894740660780124,4.63627858389297,874,19,33,3.406313197090549,5.341246290801187,20,2.1436227224008575,59,0,0,15,True,8,0,True,44,confirmation38,78,cost_h_full_postfilter,78,78,official_detector,data31-1,0,0,0,bytetrack,True,933
2.5923583609122702,4.63627858389297,874,19,33,3.408327727777426,5.341246290801187,20,2.1436227224008575,59,0,0,16,True,8,0,True,44,confirmation38,78,cost_h_full_reassign,78,78,official_detector,data31-1,0,0,0,bytetrack,True,933
2.5923583609122702,4.63627858389297,874,19,33,3.408327727777426,5.341246290801187,20,2.1436227224008575,59,0,0,16,True,8,0,True,44,confirmation38,78,cost_h_soft_information,78,78,official_detector,data31-1,0,0,0,bytetrack,True,933
2.5923583609122702,4.63627858389297,874,19,33,3.408327727777426,5.341246290801187,20,2.1436227224008575,59,0,0,16,True,8,0,True,44,confirmation38,78,path_g_full_reassign,78,78,official_detector,data31-1,0,0,0,bytetrack,True,933
1.2205583483537041,1.8354242282023936,909,7,3,1.4779163126384716,2.2821576763485476,14,0.3215434083601286,24,0,0,0,True,8,0,True,18,confirmation38,31,no_refinement,31,31,official_detector,data31-1,0,0,0,ocsort,True,933
1.5986210429358876,1.8354242282023936,909,7,3,1.6946801219949097,2.6970954356846475,10,0.7502679528403001,24,0,0,6,True,8,0,True,18,confirmation38,31,ace_v1,31,31,official_detector,data31-1,0,0,0,ocsort,True,933
1.5986210429358876,1.8354242282023936,909,7,3,1.6946801219949097,2.6970954356846475,10,0.7502679528403001,24,0,0,6,True,8,0,True,18,confirmation38,31,cost_r,31,31,official_detector,data31-1,0,0,0,ocsort,True,933
1.59842132144989,1.8354242282023936,909,7,3,1.6945667462314877,2.6970954356846475,10,0.7502679528403001,24,0,0,7,True,8,0,True,18,confirmation38,31,cost_g_legacy,31,31,official_detector,data31-1,0,0,0,ocsort,True,933
1.59842132144989,1.8354242282023936,909,7,3,1.6945667462314877,2.6970954356846475,10,0.7502679528403001,24,0,0,7,True,8,0,True,18,confirmation38,31,cost_h,31,31,official_detector,data31-1,0,0,0,ocsort,True,933
1.59842132144989,1.8354242282023936,909,7,3,1.6945667462314877,2.6970954356846475,10,0.7502679528403001,24,0,0,7,True,8,0,True,18,confirmation38,31,path_g,31,31,official_detector,data31-1,0,0,0,ocsort,True,933
1.5986210429358876,1.8354242282023936,909,7,3,1.6946801219949097,2.6970954356846475,10,0.7502679528403001,24,0,0,6,True,8,0,True,18,confirmation38,31,cost_h_margin_reassign,31,31,official_detector,data31-1,0,0,0,ocsort,True,933
1.59842132144989,1.8354242282023936,909,7,3,1.6945667462314877,2.6970954356846475,10,0.7502679528403001,24,0,0,7,True,8,0,True,18,confirmation38,31,cost_h_motion_reassign,31,31,official_detector,data31-1,0,0,0,ocsort,True,933
1.5986210429358876,1.8354242282023936,909,7,3,1.6946801219949097,2.6970954356846475,10,0.7502679528403001,24,0,0,6,True,8,0,True,18,confirmation38,31,cost_h_full_postfilter,31,31,official_detector,data31-1,0,0,0,ocsort,True,933
1.5986210429358876,1.8354242282023936,909,7,3,1.6946801219949097,2.6970954356846475,10,0.7502679528403001,24,0,0,6,True,8,0,True,18,confirmation38,31,cost_h_full_reassign,31,31,official_detector,data31-1,0,0,0,ocsort,True,933
1.59842132144989,1.8354242282023936,909,7,3,1.6945667462314877,2.6970954356846475,10,0.7502679528403001,24,0,0,7,True,8,0,True,18,confirmation38,31,cost_h_soft_information,31,31,official_detector,data31-1,0,0,0,ocsort,True,933
1.5986210429358876,1.8354242282023936,909,7,3,1.6946801219949097,2.6970954356846475,10,0.7502679528403001,24,0,0,6,True,8,0,True,18,confirmation38,31,path_g_full_reassign,31,31,official_detector,data31-1,0,0,0,ocsort,True,933
42.30999864503476,28.594711585661525,539,94,41,34.77645286067232,51.51301900070373,2,31.939978563772776,394,0,0,0,True,8,0,True,6,confirmation38,488,no_refinement,488,488,official_detector,data31-1,0,0,0,deepocsort,True,933
42.30999864503476,28.594711585661525,539,94,41,34.77645286067232,51.51301900070373,2,31.939978563772776,394,0,0,0,True,8,0,True,6,confirmation38,488,ace_v1,488,488,official_detector,data31-1,0,0,0,deepocsort,True,933
42.30999864503476,28.594711585661525,539,94,41,34.77645286067232,51.51301900070373,2,31.939978563772776,394,0,0,0,True,8,0,True,6,confirmation38,488,cost_r,488,488,official_detector,data31-1,0,0,0,deepocsort,True,933
42.30999864503476,28.594711585661525,539,94,41,34.77645286067232,51.51301900070373,2,31.939978563772776,394,0,0,0,True,8,0,True,6,confirmation38,488,cost_g_legacy,488,488,official_detector,data31-1,0,0,0,deepocsort,True,933
42.30999864503476,28.594711585661525,539,94,41,34.77645286067232,51.51301900070373,2,31.939978563772776,394,0,0,0,True,8,0,True,6,confirmation38,488,cost_h,488,488,official_detector,data31-1,0,0,0,deepocsort,True,933
42.30999864503476,28.594711585661525,539,94,41,34.77645286067232,51.51301900070373,2,31.939978563772776,394,0,0,0,True,8,0,True,6,confirmation38,488,path_g,488,488,official_detector,data31-1,0,0,0,deepocsort,True,933
42.30999864503476,28.594711585661525,539,94,41,34.77645286067232,51.51301900070373,2,31.939978563772776,394,0,0,0,True,8,0,True,6,confirmation38,488,cost_h_margin_reassign,488,488,official_detector,data31-1,0,0,0,deepocsort,True,933
42.30999864503476,28.594711585661525,539,94,41,34.77645286067232,51.51301900070373,2,31.939978563772776,394,0,0,0,True,8,0,True,6,confirmation38,488,cost_h_motion_reassign,488,488,official_detector,data31-1,0,0,0,deepocsort,True,933
42.30999864503476,28.594711585661525,539,94,41,34.77645286067232,51.51301900070373,2,31.939978563772776,394,0,0,0,True,8,0,True,6,confirmation38,488,cost_h_full_postfilter,488,488,official_detector,data31-1,0,0,0,deepocsort,True,933
42.30999864503476,28.594711585661525,539,94,41,34.77645286067232,51.51301900070373,2,31.939978563772776,394,0,0,0,True,8,0,True,6,confirmation38,488,cost_h_full_reassign,488,488,official_detector,data31-1,0,0,0,deepocsort,True,933
42.30999864503476,28.594711585661525,539,94,41,34.77645286067232,51.51301900070373,2,31.939978563772776,394,0,0,0,True,8,0,True,6,confirmation38,488,cost_h_soft_information,488,488,official_detector,data31-1,0,0,0,deepocsort,True,933
42.30999864503476,28.594711585661525,539,94,41,34.77645286067232,51.51301900070373,2,31.939978563772776,394,0,0,0,True,8,0,True,6,confirmation38,488,path_g_full_reassign,488,488,official_detector,data31-1,0,0,0,deepocsort,True,933
4.080563430433854,26.219439856570283,419,20,74,10.250143531302486,8.961748633879782,107,16.894977168949772,238,0,0,0,True,8,0,True,95,confirmation38,258,no_refinement,258,258,official_detector,data33-1,0,0,0,bytetrack,True,657
6.676807225998845,26.219439856570283,419,20,74,13.182077635835935,15.300546448087433,67,22.98325722983257,238,0,0,48,True,8,0,True,95,confirmation38,258,ace_v1,258,258,official_detector,data33-1,0,0,0,bytetrack,True,657
6.962443209698729,26.219439856570283,419,20,74,13.465189598693636,16.830601092896174,63,23.59208523592085,238,0,0,52,True,8,0,True,95,confirmation38,258,cost_r,258,258,official_detector,data33-1,0,0,0,bytetrack,True,657
13.445301139051766,26.219439856570283,419,20,74,18.75731794918219,28.196721311475407,30,28.61491628614916,238,0,0,68,True,8,0,True,95,confirmation38,258,cost_g_legacy,258,258,official_detector,data33-1,0,0,0,bytetrack,True,657
8.31386018782946,26.219439856570283,419,20,74,14.729013261940398,18.14207650273224,58,24.3531202435312,238,0,0,62,True,8,0,True,95,confirmation38,258,cost_h,258,258,official_detector,data33-1,0,0,0,bytetrack,True,657
7.968708054590672,26.219439856570283,419,20,74,14.417431277289912,18.14207650273224,58,24.3531202435312,238,0,0,61,True,8,0,True,95,confirmation38,258,path_g,258,258,official_detector,data33-1,0,0,0,bytetrack,True,657
7.566893984338435,26.219439856570283,419,20,74,14.0428412955129,16.830601092896174,59,24.200913242009133,238,0,0,57,True,8,0,True,95,confirmation38,258,cost_h_margin_reassign,258,258,official_detector,data33-1,0,0,0,bytetrack,True,657
8.31386018782946,26.219439856570283,419,20,74,14.729013261940398,18.14207650273224,58,24.3531202435312,238,0,0,62,True,8,0,True,95,confirmation38,258,cost_h_motion_reassign,258,258,official_detector,data33-1,0,0,0,bytetrack,True,657
7.2143492466637555,26.219439856570283,419,20,74,13.708100991610635,16.830601092896174,63,23.59208523592085,238,0,0,51,True,8,0,True,95,confirmation38,258,cost_h_full_postfilter,258,258,official_detector,data33-1,0,0,0,bytetrack,True,657
7.2559277110257785,26.219439856570283,419,20,74,13.74823006124249,16.830601092896174,62,23.74429223744292,238,0,0,53,True,8,0,True,95,confirmation38,258,cost_h_full_reassign,258,258,official_detector,data33-1,0,0,0,bytetrack,True,657
7.968708054590672,26.219439856570283,419,20,74,14.417431277289912,18.14207650273224,58,24.3531202435312,238,0,0,61,True,8,0,True,95,confirmation38,258,cost_h_soft_information,258,258,official_detector,data33-1,0,0,0,bytetrack,True,657
7.2559277110257785,26.219439856570283,419,20,74,13.74823006124249,16.830601092896174,62,23.74429223744292,238,0,0,53,True,8,0,True,95,confirmation38,258,path_g_full_reassign,258,258,official_detector,data33-1,0,0,0,bytetrack,True,657
6.153769032923195,8.575161720361907,587,15,17,7.109396727979778,6.738544474393531,24,4.71841704718417,70,0,0,0,True,8,0,True,37,confirmation38,85,no_refinement,85,85,official_detector,data33-1,0,0,0,ocsort,True,657
7.532466721865817,8.575161720361907,587,15,17,7.946127026003389,10.242587601078167,16,5.93607305936073,70,0,0,9,True,8,0,True,37,confirmation38,85,ace_v1,85,85,official_detector,data33-1,0,0,0,ocsort,True,657
7.532466721865817,8.575161720361907,587,15,17,7.946127026003389,10.242587601078167,16,5.93607305936073,70,0,0,9,True,8,0,True,37,confirmation38,85,cost_r,85,85,official_detector,data33-1,0,0,0,ocsort,True,657
7.532466721865817,8.575161720361907,587,15,17,7.946127026003389,10.242587601078167,16,5.93607305936073,70,0,0,9,True,8,0,True,37,confirmation38,85,cost_g_legacy,85,85,official_detector,data33-1,0,0,0,ocsort,True,657
7.532466721865817,8.575161720361907,587,15,17,7.946127026003389,10.242587601078167,16,5.93607305936073,70,0,0,9,True,8,0,True,37,confirmation38,85,cost_h,85,85,official_detector,data33-1,0,0,0,ocsort,True,657
7.532466721865817,8.575161720361907,587,15,17,7.946127026003389,10.242587601078167,16,5.93607305936073,70,0,0,9,True,8,0,True,37,confirmation38,85,path_g,85,85,official_detector,data33-1,0,0,0,ocsort,True,657
7.532466721865817,8.575161720361907,587,15,17,7.946127026003389,10.242587601078167,16,5.93607305936073,70,0,0,9,True,8,0,True,37,confirmation38,85,cost_h_margin_reassign,85,85,official_detector,data33-1,0,0,0,ocsort,True,657
7.532466721865817,8.575161720361907,587,15,17,7.946127026003389,10.242587601078167,16,5.93607305936073,70,0,0,9,True,8,0,True,37,confirmation38,85,cost_h_motion_reassign,85,85,official_detector,data33-1,0,0,0,ocsort,True,657
7.532466721865817,8.575161720361907,587,15,17,7.946127026003389,10.242587601078167,16,5.93607305936073,70,0,0,9,True,8,0,True,37,confirmation38,85,cost_h_full_postfilter,85,85,official_detector,data33-1,0,0,0,ocsort,True,657
7.532466721865817,8.575161720361907,587,15,17,7.946127026003389,10.242587601078167,16,5.93607305936073,70,0,0,9,True,8,0,True,37,confirmation38,85,cost_h_full_reassign,85,85,official_detector,data33-1,0,0,0,ocsort,True,657
7.532466721865817,8.575161720361907,587,15,17,7.946127026003389,10.242587601078167,16,5.93607305936073,70,0,0,9,True,8,0,True,37,confirmation38,85,cost_h_soft_information,85,85,official_detector,data33-1,0,0,0,ocsort,True,657
7.532466721865817,8.575161720361907,587,15,17,7.946127026003389,10.242587601078167,16,5.93607305936073,70,0,0,9,True,8,0,True,37,confirmation38,85,path_g_full_reassign,85,85,official_detector,data33-1,0,0,0,ocsort,True,657
41.01047287245909,57.62925641470644,143,22,24,48.53882242671217,62.531433361274104,17,72.29832572298326,514,0,0,0,True,8,0,True,24,confirmation38,536,no_refinement,536,536,official_detector,data33-1,0,0,0,deepocsort,True,657
53.6150650225016,57.62925641470644,143,22,24,55.52145063268913,76.78122380553228,10,73.36377473363774,514,0,0,8,True,8,0,True,24,confirmation38,536,ace_v1,536,536,official_detector,data33-1,0,0,0,deepocsort,True,657
53.6150650225016,57.62925641470644,143,22,24,55.52145063268913,76.78122380553228,10,73.36377473363774,514,0,0,8,True,8,0,True,24,confirmation38,536,cost_r,536,536,official_detector,data33-1,0,0,0,deepocsort,True,657
53.6150650225016,57.62925641470644,143,22,24,55.52145063268913,76.78122380553228,10,73.36377473363774,514,0,0,8,True,8,0,True,24,confirmation38,536,cost_g_legacy,536,536,official_detector,data33-1,0,0,0,deepocsort,True,657
53.6150650225016,57.62925641470644,143,22,24,55.52145063268913,76.78122380553228,10,73.36377473363774,514,0,0,8,True,8,0,True,24,confirmation38,536,cost_h,536,536,official_detector,data33-1,0,0,0,deepocsort,True,657
53.6150650225016,57.62925641470644,143,22,24,55.52145063268913,76.78122380553228,10,73.36377473363774,514,0,0,8,True,8,0,True,24,confirmation38,536,path_g,536,536,official_detector,data33-1,0,0,0,deepocsort,True,657
53.6150650225016,57.62925641470644,143,22,24,55.52145063268913,76.78122380553228,10,73.36377473363774,514,0,0,8,True,8,0,True,24,confirmation38,536,cost_h_margin_reassign,536,536,official_detector,data33-1,0,0,0,deepocsort,True,657
53.6150650225016,57.62925641470644,143,22,24,55.52145063268913,76.78122380553228,10,73.36377473363774,514,0,0,8,True,8,0,True,24,confirmation38,536,cost_h_motion_reassign,536,536,official_detector,data33-1,0,0,0,deepocsort,True,657
53.6150650225016,57.62925641470644,143,22,24,55.52145063268913,76.78122380553228,10,73.36377473363774,514,0,0,8,True,8,0,True,24,confirmation38,536,cost_h_full_postfilter,536,536,official_detector,data33-1,0,0,0,deepocsort,True,657
53.6150650225016,57.62925641470644,143,22,24,55.52145063268913,76.78122380553228,10,73.36377473363774,514,0,0,8,True,8,0,True,24,confirmation38,536,cost_h_full_reassign,536,536,official_detector,data33-1,0,0,0,deepocsort,True,657
53.6150650225016,57.62925641470644,143,22,24,55.52145063268913,76.78122380553228,10,73.36377473363774,514,0,0,8,True,8,0,True,24,confirmation38,536,cost_h_soft_information,536,536,official_detector,data33-1,0,0,0,deepocsort,True,657
53.6150650225016,57.62925641470644,143,22,24,55.52145063268913,76.78122380553228,10,73.36377473363774,514,0,0,8,True,8,0,True,24,confirmation38,536,path_g_full_reassign,536,536,official_detector,data33-1,0,0,0,deepocsort,True,657
7.060323315877161,20.011575462308738,8591,652,1511,11.346245077523317,8.161713452886382,2160,3.853288364249578,3269,0,0,0,True,8,0,True,672,confirmation38,3921,no_refinement,3921,3921,official_detector,data34-1,0,0,0,bytetrack,True,11860
9.99764302979748,19.98518116477231,8591,652,1511,13.46017490278934,10.189468348013433,2085,4.485666104553119,3269,4,0,265,True,8,0,True,672,confirmation38,3921,ace_v1,3921,3921,official_detector,data34-1,0,4,0,bytetrack,True,11860
10.350212316271753,19.9851573921087,8591,652,1511,13.71645540040979,11.165325391293328,2022,5.016863406408095,3269,5,0,293,True,8,0,True,672,confirmation38,3921,cost_r,3921,3921,official_detector,data34-1,0,5,0,bytetrack,True,11860
13.339358458922105,19.98408789436409,8591,652,1511,15.612676029998509,13.864774095431216,1832,6.618887015177066,3269,7,0,557,True,8,0,True,672,confirmation38,3921,cost_g_legacy,3921,3921,official_detector,data34-1,0,7,0,bytetrack,True,11860
10.557416738115736,19.967832001767132,8591,652,1511,13.874370449180356,11.710284519358723,2006,5.15177065767285,3269,5,0,498,True,8,0,True,672,confirmation38,3921,cost_h,3921,3921,official_detector,data34-1,0,5,0,bytetrack,True,11860
10.567613739682784,19.968826358028913,8591,652,1511,13.880450310289447,11.659590646980545,2003,5.177065767284991,3269,5,0,466,True,8,0,True,672,confirmation38,3921,path_g,3921,3921,official_detector,data34-1,0,5,0,bytetrack,True,11860
10.510000677088694,20.000398205800852,8591,652,1511,13.84494745249617,11.532855966035104,2014,5.084317032040472,3269,5,0,403,True,8,0,True,672,confirmation38,3921,cost_h_margin_reassign,3921,3921,official_detector,data34-1,0,5,0,bytetrack,True,11860
10.571876980178994,19.969808549574402,8591,652,1511,13.887154732416155,11.79899879602053,2010,5.118043844856661,3269,5,0,496,True,8,0,True,672,confirmation38,3921,cost_h_motion_reassign,3921,3921,official_detector,data34-1,0,5,0,bytetrack,True,11860
10.411497640301953,19.988997128972997,8591,652,1511,13.765355195375054,11.216019263671503,2031,4.940978077571669,3269,5,0,324,True,8,0,True,672,confirmation38,3921,cost_h_full_postfilter,3921,3921,official_detector,data34-1,0,5,0,bytetrack,True,11860
10.517763691185523,19.996007069214187,8591,652,1511,13.85036564695678,11.54552943412965,2017,5.059021922428331,3269,5,0,366,True,8,0,True,672,confirmation38,3921,cost_h_full_reassign,3921,3921,official_detector,data34-1,0,5,0,bytetrack,True,11860
10.552774017669716,19.98730334432421,8591,652,1511,13.876164475025101,11.73563145554781,2006,5.15177065767285,3269,5,0,483,True,8,0,True,672,confirmation38,3921,cost_h_soft_information,3921,3921,official_detector,data34-1,0,5,0,bytetrack,True,11860
10.48432782559897,19.99235957834886,8591,652,1511,13.823731091146566,11.507509029846018,2017,5.059021922428331,3269,5,0,356,True,8,0,True,672,confirmation38,3921,path_g_full_reassign,3921,3921,official_detector,data34-1,0,5,0,bytetrack,True,11860
15.966745365053914,3.9006983093595347,11318,238,151,7.737889116158598,3.939873417721519,161,1.205733558178752,542,0,0,0,True,8,0,True,196,confirmation38,780,no_refinement,780,780,official_detector,data34-1,0,0,0,ocsort,True,11860
17.895319686313705,3.9029799200216173,11318,238,151,8.199088908600517,4.351265822784811,129,1.475548060708263,542,7,0,81,True,8,0,True,196,confirmation38,780,ace_v1,780,780,official_detector,data34-1,0,7,0,ocsort,True,11860
22.81805577355262,3.9029799200216173,11318,238,151,9.249543550943615,4.936708860759493,116,1.585160202360877,542,8,0,80,True,8,0,True,196,confirmation38,780,cost_r,780,780,official_detector,data34-1,0,8,0,ocsort,True,11860
37.61421604363819,3.902525423654575,11318,238,151,11.897636247361195,6.265822784810126,84,1.854974704890388,542,14,0,125,True,8,0,True,196,confirmation38,780,cost_g_legacy,780,780,official_detector,data34-1,0,14,0,ocsort,True,11860
29.29509684220782,3.8979757310016594,11318,238,151,10.476870925167082,5.411392405063291,99,1.7284991568296795,542,11,0,121,True,8,0,True,196,confirmation38,780,cost_h,780,780,official_detector,data34-1,0,11,0,ocsort,True,11860
27.22164734386872,3.8979757310016594,11318,238,151,10.09656538519909,5.253164556962026,103,1.6947723440134905,542,9,0,113,True,8,0,True,196,confirmation38,780,path_g,780,780,official_detector,data34-1,0,9,0,ocsort,True,11860
27.216835521441823,3.8961457481734256,11318,238,151,10.093585415384347,5.284810126582278,103,1.6947723440134905,542,9,0,109,True,8,0,True,196,confirmation38,780,cost_h_margin_reassign,780,780,official_detector,data34-1,0,9,0,ocsort,True,11860
29.29509684220782,3.8979757310016594,11318,238,151,10.476870925167082,5.411392405063291,99,1.7284991568296795,542,11,0,121,True,8,0,True,196,confirmation38,780,cost_h_motion_reassign,780,780,official_detector,data34-1,0,11,0,ocsort,True,11860
20.026105259553564,3.9029799200216173,11318,238,151,8.67067755788627,4.636075949367088,121,1.5430016863406408,542,6,0,70,True,8,0,True,196,confirmation38,780,cost_h_full_postfilter,780,780,official_detector,data34-1,0,6,0,ocsort,True,11860
22.81906997554037,3.9029799200216173,11318,238,151,9.2497946311449,4.90506329113924,115,1.5935919055649241,542,8,0,82,True,8,0,True,196,confirmation38,780,cost_h_full_reassign,780,780,official_detector,data34-1,0,8,0,ocsort,True,11860
27.224143651940437,3.898430152245335,11318,238,151,10.097606068289432,5.237341772151899,104,1.6863406408094435,542,9,0,116,True,8,0,True,196,confirmation38,780,cost_h_soft_information,780,780,official_detector,data34-1,0,9,0,ocsort,True,11860
22.81906997554037,3.9029799200216173,11318,238,151,9.2497946311449,4.90506329113924,115,1.5935919055649241,542,8,0,82,True,8,0,True,196,confirmation38,780,path_g_full_reassign,780,780,official_detector,data34-1,0,8,0,ocsort,True,11860
46.31864130575587,39.79315951824994,5288,914,562,41.59166566979072,53.08590923188255,199,46.02866779089376,6572,0,0,0,True,8,0,True,177,confirmation38,7486,no_refinement,7486,7486,official_detector,data34-1,0,0,0,deepocsort,True,11860
47.6407130674603,39.77872137892054,5288,914,562,42.25020417866541,54.42985630104415,158,46.3743676222597,6572,5,1,68,True,8,0,True,177,confirmation38,7486,ace_v1,7486,7486,official_detector,data34-1,1,4,1,deepocsort,True,11860
50.382593280838165,39.751139731553586,5288,914,562,43.53264946333277,57.148764602501814,147,46.46711635750422,6572,7,1,74,True,8,0,True,177,confirmation38,7486,cost_r,7486,7486,official_detector,data34-1,1,6,1,deepocsort,True,11860
49.46215138548673,39.757851480984826,5288,914,562,43.108738527821636,56.073606947172536,137,46.55143338954469,6572,7,2,100,True,8,0,True,177,confirmation38,7486,cost_g_legacy,7486,7486,official_detector,data34-1,1,6,2,deepocsort,True,11860
49.05187703385708,39.77433922323398,5288,914,562,42.92283810680704,55.846169750852894,139,46.53456998313659,6572,6,3,102,True,8,0,True,177,confirmation38,7486,cost_h,7486,7486,official_detector,data34-1,1,5,3,deepocsort,True,11860
49.51343582853852,39.75459144801709,5288,914,562,43.13141023586738,56.073606947172536,141,46.5177065767285,6572,7,2,96,True,8,0,True,177,confirmation38,7486,path_g,7486,7486,official_detector,data34-1,1,6,2,deepocsort,True,11860
50.174334121028565,39.748540568542275,5288,914,562,43.43400192218264,56.910989351803984,142,46.509274873524454,6572,7,1,87,True,8,0,True,177,confirmation38,7486,cost_h_margin_reassign,7486,7486,official_detector,data34-1,1,6,1,deepocsort,True,11860
48.840521964858176,39.774370140947504,5288,914,562,42.81962350357828,55.815155587718394,152,46.42495784148398,6572,6,4,85,True,8,0,True,177,confirmation38,7486,cost_h_motion_reassign,7486,7486,official_detector,data34-1,1,5,4,deepocsort,True,11860
50.07557372322074,39.76188202134796,5288,914,562,43.3956914539584,56.68355215548434,152,46.42495784148398,6572,6,0,60,True,8,0,True,177,confirmation38,7486,cost_h_full_postfilter,7486,7486,official_detector,data34-1,1,5,0,deepocsort,True,11860
49.76452261341871,39.75077246313436,5288,914,562,43.24492401103773,56.47679106792102,151,46.433389544688026,6572,7,1,65,True,8,0,True,177,confirmation38,7486,cost_h_full_reassign,7486,7486,official_detector,data34-1,1,6,1,deepocsort,True,11860
49.29604789464096,39.75713258858173,5288,914,562,43.02940185605605,56.37341052413936,137,46.55143338954469,6572,6,2,100,True,8,0,True,177,confirmation38,7486,cost_h_soft_information,7486,7486,official_detector,data34-1,1,5,2,deepocsort,True,11860
49.76963255770666,39.75001659287884,5288,914,562,43.24707813880458,56.47679106792102,153,46.416526138279934,6572,7,1,65,True,8,0,True,177,confirmation38,7486,path_g_full_reassign,7486,7486,official_detector,data34-1,1,6,1,deepocsort,True,11860
78.20376950148557,31.477082034014263,1437,80,47,49.48847133752266,49.33621488113615,56,31.54917319408181,861,0,0,0,True,8,0,True,84,confirmation38,941,no_refinement,941,941,official_detector,data34-2,0,0,0,bytetrack,True,2298
78.52986345157852,31.477082034014263,1437,80,47,49.59453314251878,49.706699598641556,49,31.853785900783286,861,0,0,26,True,8,0,True,84,confirmation38,941,ace_v1,941,941,official_detector,data34-2,0,0,0,bytetrack,True,2298
78.6398195669083,31.477082034014263,1437,80,47,49.63091574942137,50.07718431614696,43,32.114882506527415,861,0,0,27,True,8,0,True,84,confirmation38,941,cost_r,941,941,official_detector,data34-2,0,0,0,bytetrack,True,2298
78.65838004279489,31.477082034014263,1437,80,47,49.63717065909506,49.953689410311824,39,32.28894691035683,861,0,0,42,True,8,0,True,84,confirmation38,941,cost_g_legacy,941,941,official_detector,data34-2,0,0,0,bytetrack,True,2298
78.66743014508386,31.48629170683977,1437,80,47,49.64702022160822,50.07718431614696,42,32.15839860748477,861,0,0,39,True,8,0,True,84,confirmation38,941,cost_h,941,941,official_detector,data34-2,0,0,0,bytetrack,True,2298
78.63609493539195,31.477082034014263,1437,80,47,49.62973458964544,50.07718431614696,43,32.114882506527415,861,0,0,37,True,8,0,True,84,confirmation38,941,path_g,941,941,official_detector,data34-2,0,0,0,bytetrack,True,2298
78.69603945035458,31.477082034014263,1437,80,47,49.64954952091308,50.262426674899665,43,32.114882506527415,861,0,0,34,True,8,0,True,84,confirmation38,941,cost_h_margin_reassign,941,941,official_detector,data34-2,0,0,0,bytetrack,True,2298
78.68052870437113,31.477082034014263,1437,80,47,49.6445069024104,50.07718431614696,43,32.114882506527415,861,0,0,39,True,8,0,True,84,confirmation38,941,cost_h_motion_reassign,941,941,official_detector,data34-2,0,0,0,bytetrack,True,2298
78.67131956009935,31.477082034014263,1437,80,47,49.64138559162439,50.13893176906452,44,32.07136640557006,861,0,0,24,True,8,0,True,84,confirmation38,941,cost_h_full_postfilter,941,941,official_detector,data34-2,0,0,0,bytetrack,True,2298
78.6398195669083,31.477082034014263,1437,80,47,49.63091574942137,50.07718431614696,43,32.114882506527415,861,0,0,27,True,8,0,True,84,confirmation38,941,cost_h_full_reassign,941,941,official_detector,data34-2,0,0,0,bytetrack,True,2298
78.70044096318288,31.477082034014263,1437,80,47,49.650984105235274,50.20067922198209,43,32.114882506527415,861,0,0,37,True,8,0,True,84,confirmation38,941,cost_h_soft_information,941,941,official_detector,data34-2,0,0,0,bytetrack,True,2298
78.6398195669083,31.477082034014263,1437,80,47,49.63091574942137,50.07718431614696,43,32.114882506527415,861,0,0,27,True,8,0,True,84,confirmation38,941,path_g_full_reassign,941,941,official_detector,data34-2,0,0,0,bytetrack,True,2298
90.84459846227159,29.776339903072397,1537,65,5,51.969800611122366,48.335467349551855,5,30.069625761531764,761,0,0,0,True,8,0,True,23,confirmation38,826,no_refinement,826,826,official_detector,data34-2,0,0,0,ocsort,True,2298
90.88455966683043,29.776339903072397,1537,65,5,51.981418026329294,48.59154929577465,0,30.287206266318538,761,0,0,11,True,8,0,True,23,confirmation38,826,ace_v1,826,826,official_detector,data34-2,0,0,0,ocsort,True,2298
90.88455966683043,29.776339903072397,1537,65,5,51.981418026329294,48.59154929577465,0,30.287206266318538,761,0,0,11,True,8,0,True,23,confirmation38,826,cost_r,826,826,official_detector,data34-2,0,0,0,ocsort,True,2298
90.88455966683043,29.776339903072397,1537,65,5,51.981418026329294,48.59154929577465,0,30.287206266318538,761,0,0,11,True,8,0,True,23,confirmation38,826,cost_g_legacy,826,826,official_detector,data34-2,0,0,0,ocsort,True,2298
90.88455966683043,29.776339903072397,1537,65,5,51.981418026329294,48.59154929577465,0,30.287206266318538,761,0,0,11,True,8,0,True,23,confirmation38,826,cost_h,826,826,official_detector,data34-2,0,0,0,ocsort,True,2298
90.88455966683043,29.776339903072397,1537,65,5,51.981418026329294,48.59154929577465,0,30.287206266318538,761,0,0,11,True,8,0,True,23,confirmation38,826,path_g,826,826,official_detector,data34-2,0,0,0,ocsort,True,2298
90.88455966683043,29.776339903072397,1537,65,5,51.981418026329294,48.59154929577465,0,30.287206266318538,761,0,0,11,True,8,0,True,23,confirmation38,826,cost_h_margin_reassign,826,826,official_detector,data34-2,0,0,0,ocsort,True,2298
90.88455966683043,29.776339903072397,1537,65,5,51.981418026329294,48.59154929577465,0,30.287206266318538,761,0,0,11,True,8,0,True,23,confirmation38,826,cost_h_motion_reassign,826,826,official_detector,data34-2,0,0,0,ocsort,True,2298
90.88455966683043,29.776339903072397,1537,65,5,51.981418026329294,48.59154929577465,0,30.287206266318538,761,0,0,11,True,8,0,True,23,confirmation38,826,cost_h_full_postfilter,826,826,official_detector,data34-2,0,0,0,ocsort,True,2298
90.88455966683043,29.776339903072397,1537,65,5,51.981418026329294,48.59154929577465,0,30.287206266318538,761,0,0,11,True,8,0,True,23,confirmation38,826,cost_h_full_reassign,826,826,official_detector,data34-2,0,0,0,ocsort,True,2298
90.88455966683043,29.776339903072397,1537,65,5,51.981418026329294,48.59154929577465,0,30.287206266318538,761,0,0,11,True,8,0,True,23,confirmation38,826,cost_h_soft_information,826,826,official_detector,data34-2,0,0,0,ocsort,True,2298
90.88455966683043,29.776339903072397,1537,65,5,51.981418026329294,48.59154929577465,0,30.287206266318538,761,0,0,11,True,8,0,True,23,confirmation38,826,path_g_full_reassign,826,826,official_detector,data34-2,0,0,0,ocsort,True,2298
78.74529367348293,48.0785739319732,878,133,48,60.441414982695576,72.13710724487146,9,55.61357702349869,1420,0,0,0,True,8,0,True,22,confirmation38,1553,no_refinement,1553,1553,official_detector,data34-2,0,0,0,deepocsort,True,2298
79.22807094045127,48.09999429215582,878,133,48,60.66090680307883,72.39678005712801,5,55.78764142732812,1420,0,0,8,True,8,0,True,22,confirmation38,1553,ace_v1,1553,1553,official_detector,data34-2,0,0,0,deepocsort,True,2298
79.19994297837235,48.09999429215582,878,133,48,60.648408501166564,72.55258374448196,5,55.78764142732812,1420,0,0,7,True,8,0,True,22,confirmation38,1553,cost_r,1553,1553,official_detector,data34-2,0,0,0,deepocsort,True,2298
79.22474448314824,48.09999429215582,878,133,48,60.659029490672076,72.50064918203064,4,55.831157528285466,1420,0,0,12,True,8,0,True,22,confirmation38,1553,cost_g_legacy,1553,1553,official_detector,data34-2,0,0,0,deepocsort,True,2298
79.14892277950028,48.09999429215582,878,133,48,60.62725121242995,72.03323811996883,4,55.831157528285466,1420,0,0,12,True,8,0,True,22,confirmation38,1553,cost_h,1553,1553,official_detector,data34-2,0,0,0,deepocsort,True,2298
79.25088513703183,48.09999429215582,878,133,48,60.67017807140067,72.60451830693326,4,55.831157528285466,1420,0,0,10,True,8,0,True,22,confirmation38,1553,path_g,1553,1553,official_detector,data34-2,0,0,0,deepocsort,True,2298
79.33734272425077,48.09999429215582,878,133,48,60.70681872518645,72.7603219942872,3,55.87467362924282,1420,0,0,9,True,8,0,True,22,confirmation38,1553,cost_h_margin_reassign,1553,1553,official_detector,data34-2,0,0,0,deepocsort,True,2298
79.26806328329154,48.09999429215582,878,133,48,60.67696724164651,72.39678005712801,3,55.87467362924282,1420,0,0,11,True,8,0,True,22,confirmation38,1553,cost_h_motion_reassign,1553,1553,official_detector,data34-2,0,0,0,deepocsort,True,2298
79.3677140759853,48.09999429215582,878,133,48,60.72021199208217,72.86419111918983,5,55.78764142732812,1420,0,0,4,True,8,0,True,22,confirmation38,1553,cost_h_full_postfilter,1553,1553,official_detector,data34-2,0,0,0,deepocsort,True,2298
79.29122645044345,48.09999429215582,878,133,48,60.68702443153735,72.70838743183589,4,55.831157528285466,1420,0,0,8,True,8,0,True,22,confirmation38,1553,cost_h_full_reassign,1553,1553,official_detector,data34-2,0,0,0,deepocsort,True,2298
79.0546966610988,48.09999429215582,878,133,48,60.58622423224921,72.03323811996883,5,55.78764142732812,1420,0,0,11,True,8,0,True,22,confirmation38,1553,cost_h_soft_information,1553,1553,official_detector,data34-2,0,0,0,deepocsort,True,2298
79.29122645044345,48.09999429215582,878,133,48,60.68702443153735,72.70838743183589,4,55.831157528285466,1420,0,0,8,True,8,0,True,22,confirmation38,1553,path_g_full_reassign,1553,1553,official_detector,data34-2,0,0,0,deepocsort,True,2298
15.275878732386298,9.313318362336842,2291,98,121,11.150569810942097,8.869623207735913,157,1.9260400616332818,305,0,0,0,True,8,0,True,177,confirmation38,403,no_refinement,403,403,official_detector,data34-3,0,0,0,bytetrack,True,2596
18.043648767276434,9.313318362336842,2291,98,121,12.095995060997417,9.669889963321108,143,2.465331278890601,305,0,0,53,True,8,0,True,177,confirmation38,403,ace_v1,403,403,official_detector,data34-3,0,0,0,bytetrack,True,2596
18.126572533490073,9.313318362336842,2291,98,121,12.130746260151488,9.60320106702234,139,2.6194144838212634,305,0,0,56,True,8,0,True,177,confirmation38,403,cost_r,403,403,official_detector,data34-3,0,0,0,bytetrack,True,2596
18.168759239743927,9.313318362336842,2291,98,121,12.148849228713447,9.269756585528508,130,2.9661016949152543,305,0,0,92,True,8,0,True,177,confirmation38,403,cost_g_legacy,403,403,official_detector,data34-3,0,0,0,bytetrack,True,2596
18.2291727007809,9.313318362336842,2291,98,121,12.177567850319164,9.80326775591864,130,2.9661016949152543,305,0,0,87,True,8,0,True,177,confirmation38,403,cost_h,403,403,official_detector,data34-3,0,0,0,bytetrack,True,2596
18.091460861354868,9.313318362336842,2291,98,121,12.116585024783907,9.469823274424808,138,2.657935285053929,305,0,0,79,True,8,0,True,177,confirmation38,403,path_g,403,403,official_detector,data34-3,0,0,0,bytetrack,True,2596
18.199870440926954,9.313318362336842,2291,98,121,12.164275786696477,9.736578859619874,131,2.9275808936825887,305,0,0,73,True,8,0,True,177,confirmation38,403,cost_h_margin_reassign,403,403,official_detector,data34-3,0,0,0,bytetrack,True,2596
18.23656657385666,9.313318362336842,2291,98,121,12.180372464643598,9.80326775591864,130,2.9661016949152543,305,0,0,86,True,8,0,True,177,confirmation38,403,cost_h_motion_reassign,403,403,official_detector,data34-3,0,0,0,bytetrack,True,2596
18.10685887478254,9.313318362336842,2291,98,121,12.121998728676326,9.736578859619874,140,2.5808936825885977,305,0,0,44,True,8,0,True,177,confirmation38,403,cost_h_full_postfilter,403,403,official_detector,data34-3,0,0,0,bytetrack,True,2596
18.113220380828984,9.313318362336842,2291,98,121,12.125530202877908,9.536512170723574,138,2.657935285053929,305,0,0,61,True,8,0,True,177,confirmation38,403,cost_h_full_reassign,403,403,official_detector,data34-3,0,0,0,bytetrack,True,2596
18.13311230132426,9.313318362336842,2291,98,121,12.133846789243725,9.536512170723574,133,2.8505392912172574,305,0,0,82,True,8,0,True,177,confirmation38,403,cost_h_soft_information,403,403,official_detector,data34-3,0,0,0,bytetrack,True,2596
18.107322473702737,9.313318362336842,2291,98,121,12.122813368045678,9.536512170723574,139,2.6194144838212634,305,0,0,61,True,8,0,True,177,confirmation38,403,path_g_full_reassign,403,403,official_detector,data34-3,0,0,0,bytetrack,True,2596
20.576427602629018,5.683902378624115,2414,55,8,9.601113884417396,7.200847158489234,75,2.0030816640986133,182,0,0,0,True,8,0,True,180,confirmation38,237,no_refinement,237,237,official_detector,data34-3,0,0,0,ocsort,True,2596
20.754050902334008,5.683902378624115,2414,55,8,9.680746701451561,7.765619484645252,65,2.3882896764252695,182,0,0,61,True,8,0,True,180,confirmation38,237,ace_v1,237,237,official_detector,data34-3,0,0,0,ocsort,True,2596
22.859667607751565,5.683902378624115,2414,55,8,10.366100161163503,10.307094952347335,29,3.7750385208012327,182,0,0,83,True,8,0,True,180,confirmation38,237,cost_r,237,237,official_detector,data34-3,0,0,0,ocsort,True,2596
23.18775195283175,5.683902378624115,2414,55,8,10.460730689917874,10.377691493116838,26,3.8906009244992297,182,0,0,106,True,8,0,True,180,confirmation38,237,cost_g_legacy,237,237,official_detector,data34-3,0,0,0,ocsort,True,2596
23.521962752241308,5.681731054481213,2414,55,8,10.567582874853173,10.942463819272856,18,4.198767334360555,182,0,0,106,True,8,0,True,180,confirmation38,237,cost_h,237,237,official_detector,data34-3,0,0,0,ocsort,True,2596
23.200110336352513,5.683902378624115,2414,55,8,10.46445469570818,10.377691493116838,26,3.8906009244992297,182,0,0,104,True,8,0,True,180,confirmation38,237,path_g,237,237,official_detector,data34-3,0,0,0,ocsort,True,2596
23.299957275917237,5.683902378624115,2414,55,8,10.49682601139085,10.73067419696435,22,4.044684129429892,182,0,0,99,True,8,0,True,180,confirmation38,237,cost_h_margin_reassign,237,237,official_detector,data34-3,0,0,0,ocsort,True,2596
23.521962752241308,5.681731054481213,2414,55,8,10.567582874853173,10.942463819272856,18,4.198767334360555,182,0,0,106,True,8,0,True,180,confirmation38,237,cost_h_motion_reassign,237,237,official_detector,data34-3,0,0,0,ocsort,True,2596
22.88004439147385,5.683902378624115,2414,55,8,10.372643507746362,10.307094952347335,29,3.7750385208012327,182,0,0,76,True,8,0,True,180,confirmation38,237,cost_h_full_postfilter,237,237,official_detector,data34-3,0,0,0,ocsort,True,2596
22.859667607751565,5.683902378624115,2414,55,8,10.366100161163503,10.307094952347335,29,3.7750385208012327,182,0,0,83,True,8,0,True,180,confirmation38,237,cost_h_full_reassign,237,237,official_detector,data34-3,0,0,0,ocsort,True,2596
23.380549106966388,5.683902378624115,2414,55,8,10.52335289207587,10.660077656194847,21,4.083204930662557,182,0,0,105,True,8,0,True,180,confirmation38,237,cost_h_soft_information,237,237,official_detector,data34-3,0,0,0,ocsort,True,2596
22.859667607751565,5.683902378624115,2414,55,8,10.366100161163503,10.307094952347335,29,3.7750385208012327,182,0,0,83,True,8,0,True,180,confirmation38,237,path_g_full_reassign,237,237,official_detector,data34-3,0,0,0,ocsort,True,2596
47.48323128663799,30.621511517888482,1480,335,187,35.35558582819046,46.99777613046701,63,27.65793528505393,1116,0,0,0,True,8,0,True,121,confirmation38,1451,no_refinement,1451,1451,official_detector,data34-3,0,0,0,deepocsort,True,2596
47.24540151709438,30.63708608549206,1480,335,187,35.252810286236546,47.096614776377564,56,27.927580893682592,1116,0,0,34,True,8,0,True,121,confirmation38,1451,ace_v1,1451,1451,official_detector,data34-3,0,0,0,deepocsort,True,2596
47.81910842091827,30.622463934766564,1480,335,187,35.51164421142475,47.49196936001977,49,28.197226502311246,1116,0,0,36,True,8,0,True,121,confirmation38,1451,cost_r,1451,1451,official_detector,data34-3,0,0,0,deepocsort,True,2596
47.255533506050746,30.622463934766564,1480,335,187,35.254293464036856,46.45416357795899,46,28.312788906009246,1116,0,0,52,True,8,0,True,121,confirmation38,1451,cost_g_legacy,1451,1451,official_detector,data34-3,0,0,0,deepocsort,True,2596
47.49941692559577,30.61722863810818,1480,335,187,35.37101260424192,47.24487274524339,43,28.42835130970724,1116,0,0,54,True,8,0,True,121,confirmation38,1451,cost_h,1451,1451,official_detector,data34-3,0,0,0,deepocsort,True,2596
47.426478939801726,30.622463934766564,1480,335,187,35.33157191374886,46.70126019273536,46,28.312788906009246,1116,0,0,48,True,8,0,True,121,confirmation38,1451,path_g,1451,1451,official_detector,data34-3,0,0,0,deepocsort,True,2596
47.44510758121289,30.622463934766564,1480,335,187,35.340974186238654,46.750679515690635,45,28.35130970724191,1116,0,0,47,True,8,0,True,121,confirmation38,1451,cost_h_margin_reassign,1451,1451,official_detector,data34-3,0,0,0,deepocsort,True,2596
47.88446631250955,30.61722863810818,1480,335,187,35.5452358007455,47.49196936001977,44,28.389830508474578,1116,0,0,46,True,8,0,True,121,confirmation38,1451,cost_h_motion_reassign,1451,1451,official_detector,data34-3,0,0,0,deepocsort,True,2596
48.04061966000482,30.61722863810818,1480,335,187,35.61300661011912,47.73906597479615,47,28.274268104776578,1116,0,0,35,True,8,0,True,121,confirmation38,1451,cost_h_full_postfilter,1451,1451,official_detector,data34-3,0,0,0,deepocsort,True,2596
47.88178810552142,30.622463934766564,1480,335,187,35.54102830780353,47.343711391153946,48,28.235747303543913,1116,0,0,35,True,8,0,True,121,confirmation38,1451,cost_h_full_reassign,1451,1451,official_detector,data34-3,0,0,0,deepocsort,True,2596
48.013921031595224,30.622463934766564,1480,335,187,35.603181728697535,47.59080800593032,42,28.466872110939907,1116,0,0,53,True,8,0,True,121,confirmation38,1451,cost_h_soft_information,1451,1451,official_detector,data34-3,0,0,0,deepocsort,True,2596
47.92711046267346,30.622463934766564,1480,335,187,35.56141930297886,47.343711391153946,48,28.235747303543913,1116,0,0,34,True,8,0,True,121,confirmation38,1451,path_g_full_reassign,1451,1451,official_detector,data34-3,0,0,0,deepocsort,True,2596
64.28707751699794,22.96515300999816,13776,805,502,38.33325901190199,38.180748872770046,537,21.415947603701007,5462,0,0,0,True,8,0,True,597,confirmation38,6267,no_refinement,6267,6267,official_detector,data36-10,0,0,0,bytetrack,True,19238
63.1953618597478,22.96515300999816,13776,805,502,38.008197809161345,38.04744167810233,484,21.691444017049587,5462,0,1,203,True,8,0,True,597,confirmation38,6267,ace_v1,6267,6267,official_detector,data36-10,0,0,1,bytetrack,True,19238
63.19147872237608,22.96515300999816,13776,805,502,38.01152300834236,38.180748872770046,456,21.8369892920262,5462,0,1,214,True,8,0,True,597,confirmation38,6267,cost_r,6267,6267,official_detector,data36-10,0,0,1,bytetrack,True,19238
63.18811818066343,22.96515300999816,13776,805,502,38.01052296821872,37.91413448343462,434,21.951346293793534,5462,0,1,319,True,8,0,True,597,confirmation38,6267,cost_g_legacy,6267,6267,official_detector,data36-10,0,0,1,bytetrack,True,19238
63.16697200602949,22.963835188849533,13776,805,502,38.00279300474862,37.969025681238975,453,21.852583428630833,5462,0,1,307,True,8,0,True,597,confirmation38,6267,cost_h,6267,6267,official_detector,data36-10,0,0,1,bytetrack,True,19238
63.18503815952249,22.963835188849533,13776,805,502,38.008453507353416,38.039600078415994,452,21.857781474165712,5462,0,1,281,True,8,0,True,597,confirmation38,6267,path_g,6267,6267,official_detector,data36-10,0,0,1,bytetrack,True,19238
63.18870779922937,22.963835188849533,13776,805,502,38.009587198832726,38.08664967653401,453,21.852583428630833,5462,0,1,259,True,8,0,True,597,confirmation38,6267,cost_h_margin_reassign,6267,6267,official_detector,data36-10,0,0,1,bytetrack,True,19238
63.16946180264067,22.963835188849533,13776,805,502,38.00357039855286,38.01607527935699,451,21.86297951970059,5462,0,1,300,True,8,0,True,597,confirmation38,6267,cost_h_motion_reassign,6267,6267,official_detector,data36-10,0,0,1,bytetrack,True,19238
63.17161523488867,22.96515300999816,13776,805,502,38.00531752287624,38.180748872770046,460,21.81619710988668,5462,0,1,190,True,8,0,True,597,confirmation38,6267,cost_h_full_postfilter,6267,6267,official_detector,data36-10,0,0,1,bytetrack,True,19238
63.18806405517181,22.96515300999816,13776,805,502,38.01046710902972,38.1493824740247,456,21.8369892920262,5462,0,1,223,True,8,0,True,597,confirmation38,6267,cost_h_full_reassign,6267,6267,official_detector,data36-10,0,0,1,bytetrack,True,19238
63.18653861996131,22.963835188849533,13776,805,502,38.00890766318377,38.03175847872966,450,21.868177565235474,5462,0,1,288,True,8,0,True,597,confirmation38,6267,cost_h_soft_information,6267,6267,official_detector,data36-10,0,0,1,bytetrack,True,19238
63.18836171547988,22.96515300999816,13776,805,502,38.010558699589126,38.1493824740247,456,21.8369892920262,5462,0,1,223,True,8,0,True,597,confirmation38,6267,path_g_full_reassign,6267,6267,official_detector,data36-10,0,0,1,bytetrack,True,19238
83.60880090077048,23.541750921685665,14217,297,57,44.348535562533144,39.46896888744095,125,23.905811414907994,5021,0,0,0,True,8,0,True,316,confirmation38,5318,no_refinement,5318,5318,official_detector,data36-10,0,0,0,ocsort,True,19238
82.25506646844264,23.54141035369671,14217,297,57,43.98770433291732,39.45267958950969,68,24.20210001039609,5021,1,1,114,True,8,0,True,316,confirmation38,5318,ace_v1,5318,5318,official_detector,data36-10,0,1,1,ocsort,True,19238
82.40212386895985,23.541750921685665,14217,297,57,44.027674811816894,39.59928327089102,52,24.28526873895415,5021,2,1,122,True,8,0,True,316,confirmation38,5318,cost_r,5318,5318,official_detector,data36-10,0,2,1,ocsort,True,19238
82.3740772435006,23.53869634270725,14217,297,57,44.0173427707036,39.631861866753546,45,24.321655057698305,5021,2,1,148,True,8,0,True,316,confirmation38,5318,cost_g_legacy,5318,5318,official_detector,data36-10,0,2,1,ocsort,True,19238
82.4201051243663,23.53869634270725,14217,297,57,44.02972328313533,39.607427919856654,47,24.31125896662855,5021,2,1,146,True,8,0,True,316,confirmation38,5318,cost_h,5318,5318,official_detector,data36-10,0,2,1,ocsort,True,19238
82.41805042760816,23.53970751372497,14217,297,57,44.030109313672014,39.62371721778791,47,24.31125896662855,5021,2,1,142,True,8,0,True,316,confirmation38,5318,path_g,5318,5318,official_detector,data36-10,0,2,1,ocsort,True,19238
82.42092225278608,23.53869634270725,14217,297,57,44.02994087221926,39.65629581365043,46,24.316457012163426,5021,2,1,136,True,8,0,True,316,confirmation38,5318,cost_h_margin_reassign,5318,5318,official_detector,data36-10,0,2,1,ocsort,True,19238
82.4201051243663,23.53869634270725,14217,297,57,44.02972328313533,39.607427919856654,47,24.31125896662855,5021,2,1,146,True,8,0,True,316,confirmation38,5318,cost_h_motion_reassign,5318,5318,official_detector,data36-10,0,2,1,ocsort,True,19238
82.40150160742502,23.541750921685665,14217,297,57,44.027505448609276,39.607427919856654,52,24.28526873895415,5021,2,1,117,True,8,0,True,316,confirmation38,5318,cost_h_full_postfilter,5318,5318,official_detector,data36-10,0,2,1,ocsort,True,19238
82.40212386895985,23.541750921685665,14217,297,57,44.027674811816894,39.59928327089102,52,24.28526873895415,5021,2,1,122,True,8,0,True,316,confirmation38,5318,cost_h_full_reassign,5318,5318,official_detector,data36-10,0,2,1,ocsort,True,19238
82.42061701865866,23.53869634270725,14217,297,57,44.029858357940554,39.631861866753546,46,24.316457012163426,5021,2,1,143,True,8,0,True,316,confirmation38,5318,cost_h_soft_information,5318,5318,official_detector,data36-10,0,2,1,ocsort,True,19238
82.40212386895985,23.541750921685665,14217,297,57,44.027674811816894,39.59928327089102,52,24.28526873895415,5021,2,1,122,True,8,0,True,316,confirmation38,5318,path_g_full_reassign,5318,5318,official_detector,data36-10,0,2,1,ocsort,True,19238
70.77116201592662,44.71004172484923,7611,1008,800,54.80488625652155,67.92583064035391,150,54.41833870464705,11627,0,0,0,True,8,0,True,409,confirmation38,12635,no_refinement,12635,12635,official_detector,data36-10,0,0,0,deepocsort,True,19238
69.44003299475456,44.71175986074511,7611,1008,800,54.291423069791236,66.97204530480344,135,54.49630938767024,11627,0,1,106,True,8,0,True,409,confirmation38,12635,ace_v1,12635,12635,official_detector,data36-10,0,0,1,deepocsort,True,19238
69.50953349566133,44.7167404454064,7611,1008,800,54.31950376513335,67.02851943651366,124,54.55348788855391,11627,0,2,105,True,8,0,True,409,confirmation38,12635,cost_r,12635,12635,official_detector,data36-10,0,0,2,deepocsort,True,19238
68.89915924652651,44.72224257700144,7611,1008,800,54.04853678361907,65.97433564458946,121,54.569082025158544,11627,0,2,153,True,8,0,True,409,confirmation38,12635,cost_g_legacy,12635,12635,official_detector,data36-10,0,0,2,deepocsort,True,19238
68.77129306234607,44.71504491236183,7611,1008,800,53.987823191940386,65.71706460013176,123,54.55868593408878,11627,0,2,150,True,8,0,True,409,confirmation38,12635,cost_h,12635,12635,official_detector,data36-10,0,0,2,deepocsort,True,19238
69.12863161736541,44.7167404454064,7611,1008,800,54.14999149639497,66.28180591723402,123,54.55868593408878,11627,0,2,141,True,8,0,True,409,confirmation38,12635,path_g,12635,12635,official_detector,data36-10,0,0,2,deepocsort,True,19238
69.27703380100094,44.71504491236183,7611,1008,800,54.214827151627354,66.6018259969253,121,54.569082025158544,11627,0,2,127,True,8,0,True,409,confirmation38,12635,cost_h_margin_reassign,12635,12635,official_detector,data36-10,0,0,2,deepocsort,True,19238
70.25300594519223,44.71547943313105,7611,1008,800,54.65084549289888,67.69365920998965,119,54.579478116228294,11627,0,1,98,True,8,0,True,409,confirmation38,12635,cost_h_motion_reassign,12635,12635,official_detector,data36-10,0,0,1,deepocsort,True,19238
70.06297034929389,44.71547943313105,7611,1008,800,54.56598558034196,67.61836036770936,126,54.543091797484145,11627,0,1,65,True,8,0,True,409,confirmation38,12635,cost_h_full_postfilter,12635,12635,official_detector,data36-10,0,0,1,deepocsort,True,19238
70.29391165856518,44.71547943313105,7611,1008,800,54.66944986554405,67.84425689455024,121,54.569082025158544,11627,0,1,76,True,8,0,True,409,confirmation38,12635,cost_h_full_reassign,12635,12635,official_detector,data36-10,0,0,1,deepocsort,True,19238
69.05062751193908,44.70643855654549,7611,1008,800,54.10902673042292,66.12493332915005,120,54.57428007069341,11627,0,2,145,True,8,0,True,409,confirmation38,12635,cost_h_soft_information,12635,12635,official_detector,data36-10,0,0,2,deepocsort,True,19238
70.29391165856518,44.71547943313105,7611,1008,800,54.66944986554405,67.84425689455024,121,54.569082025158544,11627,0,1,76,True,8,0,True,409,confirmation38,12635,path_g_full_reassign,12635,12635,official_detector,data36-10,0,0,1,deepocsort,True,19238
72.33360659411744,23.037661166314006,6373,349,92,40.73557902703738,40.909090909090914,96,23.27256358316453,2513,0,0,0,True,8,0,True,207,confirmation38,2862,no_refinement,2862,2862,official_detector,data36-11,0,0,0,bytetrack,True,8886
71.97685716043473,23.037661166314006,6373,349,92,40.634500840149904,40.943139257746,90,23.340085527796532,2513,0,0,38,True,8,0,True,207,confirmation38,2862,ace_v1,2862,2862,official_detector,data36-11,0,0,0,bytetrack,True,8886
72.10281870435044,23.037661166314006,6373,349,92,40.67305048436714,41.028260129383725,85,23.39635381498987,2513,0,0,38,True,8,0,True,207,confirmation38,2862,cost_r,2862,2862,official_detector,data36-11,0,0,0,bytetrack,True,8886
71.69358464394081,23.03617224775954,6373,349,92,40.55547553612702,40.68777664283282,80,23.45262210218321,2513,0,0,52,True,8,0,True,207,confirmation38,2862,cost_g_legacy,2862,2862,official_detector,data36-11,0,0,0,bytetrack,True,8886
72.09513872593286,23.037661166314006,6373,349,92,40.67081992589702,40.994211780728634,85,23.39635381498987,2513,0,0,50,True,8,0,True,207,confirmation38,2862,cost_h,2862,2862,official_detector,data36-11,0,0,0,bytetrack,True,8886
72.0994617600062,23.037661166314006,6373,349,92,40.67207066625664,40.994211780728634,84,23.40760747242854,2513,0,0,47,True,8,0,True,207,confirmation38,2862,path_g,2862,2862,official_detector,data36-11,0,0,0,bytetrack,True,8886
72.09968351752313,23.037661166314006,6373,349,92,40.67213579566776,40.994211780728634,84,23.40760747242854,2513,0,0,46,True,8,0,True,207,confirmation38,2862,cost_h_margin_reassign,2862,2862,official_detector,data36-11,0,0,0,bytetrack,True,8886
72.09045482890787,23.037661166314006,6373,349,92,40.66945214601373,40.96016343207354,88,23.36259284267387,2513,0,0,49,True,8,0,True,207,confirmation38,2862,cost_h_motion_reassign,2862,2862,official_detector,data36-11,0,0,0,bytetrack,True,8886
72.09553698553177,23.037661166314006,6373,349,92,40.670929332306756,41.01123595505618,88,23.36259284267387,2513,0,0,35,True,8,0,True,207,confirmation38,2862,cost_h_full_postfilter,2862,2862,official_detector,data36-11,0,0,0,bytetrack,True,8886
72.09789215783861,23.037661166314006,6373,349,92,40.67160609436088,41.01123595505618,87,23.373846500112535,2513,0,0,39,True,8,0,True,207,confirmation38,2862,cost_h_full_reassign,2862,2862,official_detector,data36-11,0,0,0,bytetrack,True,8886
72.0991633252448,23.037661166314006,6373,349,92,40.67198396473813,40.994211780728634,84,23.40760747242854,2513,0,0,48,True,8,0,True,207,confirmation38,2862,cost_h_soft_information,2862,2862,official_detector,data36-11,0,0,0,bytetrack,True,8886
72.09789215783861,23.037661166314006,6373,349,92,40.67160609436088,41.01123595505618,87,23.373846500112535,2513,0,0,39,True,8,0,True,207,confirmation38,2862,path_g_full_reassign,2862,2862,official_detector,data36-11,0,0,0,bytetrack,True,8886
80.20502844506254,25.22093573946004,6354,248,26,44.866112648426956,41.14520829761701,127,24.274139095205943,2532,0,0,0,True,8,0,True,321,confirmation38,2780,no_refinement,2780,2780,official_detector,data36-11,0,0,0,ocsort,True,8886
80.36577314280846,25.21571927616457,6354,248,26,44.90893396975385,41.77953025887193,84,24.758046365068648,2532,0,0,106,True,8,0,True,321,confirmation38,2780,ace_v1,2780,2780,official_detector,data36-11,0,0,0,ocsort,True,8886
80.5651653942821,25.214970532225745,6354,248,26,44.96685072366643,42.5852905880336,38,25.27571460724736,2532,0,0,136,True,8,0,True,321,confirmation38,2780,cost_r,2780,2780,official_detector,data36-11,0,0,0,ocsort,True,8886
80.58533331144125,25.214970532225745,6354,248,26,44.972789898251484,42.68815360877765,31,25.354490209318026,2532,0,0,162,True,8,0,True,321,confirmation38,2780,cost_g_legacy,2780,2780,official_detector,data36-11,0,0,0,ocsort,True,8886
80.62063272090363,25.21423466609873,6354,248,26,44.98250818819812,42.791016629521685,24,25.4332658113887,2532,0,0,164,True,8,0,True,321,confirmation38,2780,cost_h,2780,2780,official_detector,data36-11,0,0,0,ocsort,True,8886
80.58538973662812,25.214970532225745,6354,248,26,44.97280645687319,42.68815360877765,31,25.354490209318026,2532,0,0,161,True,8,0,True,321,confirmation38,2780,path_g,2780,2780,official_detector,data36-11,0,0,0,ocsort,True,8886
80.6163761275146,25.214970532225745,6354,248,26,44.981902529792826,42.791016629521685,26,25.410758496511367,2532,0,0,159,True,8,0,True,321,confirmation38,2780,cost_h_margin_reassign,2780,2780,official_detector,data36-11,0,0,0,ocsort,True,8886
80.62063272090363,25.21423466609873,6354,248,26,44.98250818819812,42.791016629521685,24,25.4332658113887,2532,0,0,164,True,8,0,True,321,confirmation38,2780,cost_h_motion_reassign,2780,2780,official_detector,data36-11,0,0,0,ocsort,True,8886
80.5642747939768,25.214970532225745,6354,248,26,44.96658606361829,42.5852905880336,38,25.27571460724736,2532,0,0,127,True,8,0,True,321,confirmation38,2780,cost_h_full_postfilter,2780,2780,official_detector,data36-11,0,0,0,ocsort,True,8886
80.5651653942821,25.214970532225745,6354,248,26,44.96685072366643,42.5852905880336,38,25.27571460724736,2532,0,0,136,True,8,0,True,321,confirmation38,2780,cost_h_full_reassign,2780,2780,official_detector,data36-11,0,0,0,ocsort,True,8886
80.60913587276274,25.214970532225745,6354,248,26,44.979781881024856,42.791016629521685,26,25.410758496511367,2532,0,0,162,True,8,0,True,321,confirmation38,2780,cost_h_soft_information,2780,2780,official_detector,data36-11,0,0,0,ocsort,True,8886
80.5651653942821,25.214970532225745,6354,248,26,44.96685072366643,42.5852905880336,38,25.27571460724736,2532,0,0,136,True,8,0,True,321,confirmation38,2780,path_g_full_reassign,2780,2780,official_detector,data36-11,0,0,0,ocsort,True,8886
74.7080777755922,37.84800987440574,4464,603,316,51.93494569903561,61.864711379483865,43,42.493810488408734,4422,0,0,0,True,8,0,True,228,confirmation38,5025,no_refinement,5025,5025,official_detector,data36-11,0,0,0,deepocsort,True,8886
74.33985910211304,37.815568103560395,4464,603,316,51.76751740858542,60.915822011357925,41,42.51631780328607,4422,0,0,38,True,8,0,True,228,confirmation38,5025,ace_v1,5025,5025,official_detector,data36-11,0,0,0,deepocsort,True,8886
74.34967045282355,37.815568103560395,4464,603,316,51.77054083794504,60.887067788081374,40,42.52757146072474,4422,0,0,37,True,8,0,True,228,confirmation38,5025,cost_r,5025,5025,official_detector,data36-11,0,0,0,deepocsort,True,8886
74.19785266238638,37.82174056556424,4464,603,316,51.71269261856014,60.383868880741865,40,42.52757146072474,4422,0,0,46,True,8,0,True,228,confirmation38,5025,cost_g_legacy,5025,5025,official_detector,data36-11,0,0,0,deepocsort,True,8886
74.25114303721824,37.815568103560395,4464,603,316,51.73067607791681,60.62827977859248,41,42.51631780328607,4422,0,0,46,True,8,0,True,228,confirmation38,5025,cost_h,5025,5025,official_detector,data36-11,0,0,0,deepocsort,True,8886
74.26386252684219,37.815568103560395,4464,603,316,51.735861151213456,60.58514844367766,40,42.52757146072474,4422,0,0,43,True,8,0,True,228,confirmation38,5025,path_g,5025,5025,official_detector,data36-11,0,0,0,deepocsort,True,8886
74.31564827935495,37.815568103560395,4464,603,316,51.756840681239744,60.7720508949752,41,42.51631780328607,4422,0,0,41,True,8,0,True,228,confirmation38,5025,cost_h_margin_reassign,5025,5025,official_detector,data36-11,0,0,0,deepocsort,True,8886
74.60450864472384,37.815568103560395,4464,603,316,51.87391193969276,61.63467759327151,42,42.5050641458474,4422,0,0,25,True,8,0,True,228,confirmation38,5025,cost_h_motion_reassign,5025,5025,official_detector,data36-11,0,0,0,deepocsort,True,8886
74.65172465983237,37.815568103560395,4464,603,316,51.89301762154632,61.72094026310114,41,42.51631780328607,4422,0,0,18,True,8,0,True,228,confirmation38,5025,cost_h_full_postfilter,5025,5025,official_detector,data36-11,0,0,0,deepocsort,True,8886
74.6258168405088,37.815568103560395,4464,603,316,51.882525877415105,61.63467759327151,40,42.52757146072474,4422,0,0,20,True,8,0,True,228,confirmation38,5025,cost_h_full_reassign,5025,5025,official_detector,data36-11,0,0,0,deepocsort,True,8886
74.26562077792632,37.815568103560395,4464,603,316,51.73658055260669,60.61390266695421,41,42.51631780328607,4422,0,0,43,True,8,0,True,228,confirmation38,5025,cost_h_soft_information,5025,5025,official_detector,data36-11,0,0,0,deepocsort,True,8886
74.6258168405088,37.815568103560395,4464,603,316,51.882525877415105,61.63467759327151,40,42.52757146072474,4422,0,0,20,True,8,0,True,228,confirmation38,5025,path_g_full_reassign,5025,5025,official_detector,data36-11,0,0,0,deepocsort,True,8886
55.344453711345885,38.693656027502215,1843,565,42,46.2122528578983,52.95950155763239,46,36.243180046765396,2006,0,0,0,True,8,0,True,99,confirmation38,2571,no_refinement,2571,2571,official_detector,data36-12,0,0,0,bytetrack,True,3849
54.37676510177576,38.693656027502215,1843,565,42,45.807592169160586,52.80373831775701,38,36.45102624058197,2006,0,2,24,True,8,0,True,99,confirmation38,2571,ace_v1,2571,2571,official_detector,data36-12,0,0,2,bytetrack,True,3849
54.33470395038125,38.693656027502215,1843,565,42,45.79340318206618,52.80373831775701,38,36.45102624058197,2006,0,2,25,True,8,0,True,99,confirmation38,2571,cost_r,2571,2571,official_detector,data36-12,0,0,2,bytetrack,True,3849
54.111613708635495,38.693656027502215,1843,565,42,45.69773931960015,52.80373831775701,38,36.45102624058197,2006,0,2,27,True,8,0,True,99,confirmation38,2571,cost_g_legacy,2571,2571,official_detector,data36-12,0,0,2,bytetrack,True,3849
54.111613708635495,38.693656027502215,1843,565,42,45.69773931960015,52.80373831775701,38,36.45102624058197,2006,0,2,27,True,8,0,True,99,confirmation38,2571,cost_h,2571,2571,official_detector,data36-12,0,0,2,bytetrack,True,3849
54.111613708635495,38.693656027502215,1843,565,42,45.69773931960015,52.80373831775701,38,36.45102624058197,2006,0,2,27,True,8,0,True,99,confirmation38,2571,path_g,2571,2571,official_detector,data36-12,0,0,2,bytetrack,True,3849
54.21953715501503,38.693656027502215,1843,565,42,45.74430325176026,52.80373831775701,38,36.45102624058197,2006,0,2,26,True,8,0,True,99,confirmation38,2571,cost_h_margin_reassign,2571,2571,official_detector,data36-12,0,0,2,bytetrack,True,3849
54.11528639573786,38.693656027502215,1843,565,42,45.69932331279958,52.80373831775701,38,36.45102624058197,2006,0,2,26,True,8,0,True,99,confirmation38,2571,cost_h_motion_reassign,2571,2571,official_detector,data36-12,0,0,2,bytetrack,True,3849
54.21953715501503,38.693656027502215,1843,565,42,45.74430325176026,52.80373831775701,38,36.45102624058197,2006,0,2,25,True,8,0,True,99,confirmation38,2571,cost_h_full_postfilter,2571,2571,official_detector,data36-12,0,0,2,bytetrack,True,3849
54.223209842117406,38.693656027502215,1843,565,42,45.745885289549605,52.80373831775701,38,36.45102624058197,2006,0,2,25,True,8,0,True,99,confirmation38,2571,cost_h_full_reassign,2571,2571,official_detector,data36-12,0,0,2,bytetrack,True,3849
54.163608155508534,38.693656027502215,1843,565,42,45.72008263648783,52.80373831775701,38,36.45102624058197,2006,0,2,27,True,8,0,True,99,confirmation38,2571,cost_h_soft_information,2571,2571,official_detector,data36-12,0,0,2,bytetrack,True,3849
54.223209842117406,38.693656027502215,1843,565,42,45.745885289549605,52.80373831775701,38,36.45102624058197,2006,0,2,25,True,8,0,True,99,confirmation38,2571,path_g_full_reassign,2571,2571,official_detector,data36-12,0,0,2,bytetrack,True,3849
62.33181831349863,41.68970926272785,1850,460,45,50.90746826574964,53.519340519974634,45,38.81527669524552,1999,0,0,0,True,8,0,True,87,confirmation38,2459,no_refinement,2459,2459,official_detector,data36-12,0,0,0,ocsort,True,3849
62.43517887420793,41.68970926272785,1850,460,45,50.951353842565815,53.804692454026636,38,38.99714211483502,1999,1,1,21,True,8,0,True,87,confirmation38,2459,ace_v1,2459,2459,official_detector,data36-12,1,1,0,ocsort,True,3849
62.43725881550341,41.68970926272785,1850,460,45,50.95221635082318,53.868103994927075,36,39.049103663289166,1999,1,1,22,True,8,0,True,87,confirmation38,2459,cost_r,2459,2459,official_detector,data36-12,1,1,0,ocsort,True,3849
62.43725199734339,41.68970926272785,1850,460,45,50.952213522783865,53.868103994927075,36,39.049103663289166,1999,1,1,23,True,8,0,True,87,confirmation38,2459,cost_g_legacy,2459,2459,official_detector,data36-12,1,1,0,ocsort,True,3849
62.43725199734339,41.68970926272785,1850,460,45,50.952213522783865,53.868103994927075,36,39.049103663289166,1999,1,1,23,True,8,0,True,87,confirmation38,2459,cost_h,2459,2459,official_detector,data36-12,1,1,0,ocsort,True,3849
62.43725199734339,41.68970926272785,1850,460,45,50.952213522783865,53.868103994927075,36,39.049103663289166,1999,1,1,23,True,8,0,True,87,confirmation38,2459,path_g,2459,2459,official_detector,data36-12,1,1,0,ocsort,True,3849
62.43725881550341,41.68970926272785,1850,460,45,50.95221635082318,53.868103994927075,36,39.049103663289166,1999,1,1,22,True,8,0,True,87,confirmation38,2459,cost_h_margin_reassign,2459,2459,official_detector,data36-12,1,1,0,ocsort,True,3849
62.43725199734339,41.68970926272785,1850,460,45,50.952213522783865,53.868103994927075,36,39.049103663289166,1999,1,1,23,True,8,0,True,87,confirmation38,2459,cost_h_motion_reassign,2459,2459,official_detector,data36-12,1,1,0,ocsort,True,3849
62.43725881550341,41.68970926272785,1850,460,45,50.95221635082318,53.868103994927075,36,39.049103663289166,1999,1,1,22,True,8,0,True,87,confirmation38,2459,cost_h_full_postfilter,2459,2459,official_detector,data36-12,1,1,0,ocsort,True,3849
62.43725881550341,41.68970926272785,1850,460,45,50.95221635082318,53.868103994927075,36,39.049103663289166,1999,1,1,22,True,8,0,True,87,confirmation38,2459,cost_h_full_reassign,2459,2459,official_detector,data36-12,1,1,0,ocsort,True,3849
62.43725199734339,41.68970926272785,1850,460,45,50.952213522783865,53.868103994927075,36,39.049103663289166,1999,1,1,23,True,8,0,True,87,confirmation38,2459,cost_h_soft_information,2459,2459,official_detector,data36-12,1,1,0,ocsort,True,3849
62.43725881550341,41.68970926272785,1850,460,45,50.95221635082318,53.868103994927075,36,39.049103663289166,1999,1,1,22,True,8,0,True,87,confirmation38,2459,path_g_full_reassign,2459,2459,official_detector,data36-12,1,1,0,ocsort,True,3849
79.47719179722256,45.168476681504025,1654,452,42,59.81434241849715,66.8411330049261,4,45.18056638087815,2195,0,0,0,True,8,0,True,51,confirmation38,2647,no_refinement,2647,2647,official_detector,data36-12,0,0,0,deepocsort,True,3849
79.46617430256372,45.168476681504025,1654,452,42,59.81006758367053,66.7795566502463,4,45.18056638087815,2195,0,0,1,True,8,0,True,51,confirmation38,2647,ace_v1,2647,2647,official_detector,data36-12,0,0,0,deepocsort,True,3849
79.46617430256372,45.168476681504025,1654,452,42,59.81006758367053,66.7795566502463,4,45.18056638087815,2195,0,0,1,True,8,0,True,51,confirmation38,2647,cost_r,2647,2647,official_detector,data36-12,0,0,0,deepocsort,True,3849
79.46617430256372,45.168476681504025,1654,452,42,59.81006758367053,66.7795566502463,4,45.18056638087815,2195,0,0,1,True,8,0,True,51,confirmation38,2647,cost_g_legacy,2647,2647,official_detector,data36-12,0,0,0,deepocsort,True,3849
79.46617430256372,45.168476681504025,1654,452,42,59.81006758367053,66.7795566502463,4,45.18056638087815,2195,0,0,1,True,8,0,True,51,confirmation38,2647,cost_h,2647,2647,official_detector,data36-12,0,0,0,deepocsort,True,3849
79.46617430256372,45.168476681504025,1654,452,42,59.81006758367053,66.7795566502463,4,45.18056638087815,2195,0,0,1,True,8,0,True,51,confirmation38,2647,path_g,2647,2647,official_detector,data36-12,0,0,0,deepocsort,True,3849
79.46617430256372,45.168476681504025,1654,452,42,59.81006758367053,66.7795566502463,4,45.18056638087815,2195,0,0,1,True,8,0,True,51,confirmation38,2647,cost_h_margin_reassign,2647,2647,official_detector,data36-12,0,0,0,deepocsort,True,3849
79.47719179722256,45.168476681504025,1654,452,42,59.81434241849715,66.8411330049261,4,45.18056638087815,2195,0,0,0,True,8,0,True,51,confirmation38,2647,cost_h_motion_reassign,2647,2647,official_detector,data36-12,0,0,0,deepocsort,True,3849
79.47719179722256,45.168476681504025,1654,452,42,59.81434241849715,66.8411330049261,4,45.18056638087815,2195,0,0,0,True,8,0,True,51,confirmation38,2647,cost_h_full_postfilter,2647,2647,official_detector,data36-12,0,0,0,deepocsort,True,3849
79.47719179722256,45.168476681504025,1654,452,42,59.81434241849715,66.8411330049261,4,45.18056638087815,2195,0,0,0,True,8,0,True,51,confirmation38,2647,cost_h_full_reassign,2647,2647,official_detector,data36-12,0,0,0,deepocsort,True,3849
79.46617430256372,45.168476681504025,1654,452,42,59.81006758367053,66.7795566502463,4,45.18056638087815,2195,0,0,1,True,8,0,True,51,confirmation38,2647,cost_h_soft_information,2647,2647,official_detector,data36-12,0,0,0,deepocsort,True,3849
79.47719179722256,45.168476681504025,1654,452,42,59.81434241849715,66.8411330049261,4,45.18056638087815,2195,0,0,0,True,8,0,True,51,confirmation38,2647,path_g_full_reassign,2647,2647,official_detector,data36-12,0,0,0,deepocsort,True,3849
62.19488691733709,53.86335715276621,541,99,26,57.83167497957511,67.60744066709428,37,61.966292134831455,1239,0,0,0,True,8,0,True,55,confirmation38,1338,no_refinement,1338,1338,official_detector,data36-13,0,0,0,bytetrack,True,1780
64.51071978152885,53.7711084032958,541,99,26,58.85999901630677,70.87876844130852,28,62.47191011235955,1239,2,1,13,True,8,0,True,55,confirmation38,1338,ace_v1,1338,1338,official_detector,data36-13,0,2,1,bytetrack,True,1780
66.41566183654693,53.7711084032958,541,99,26,59.72302575724554,71.8409236690186,24,62.69662921348315,1239,4,1,12,True,8,0,True,55,confirmation38,1338,cost_r,1338,1338,official_detector,data36-13,0,4,1,bytetrack,True,1780
66.5205633740383,53.7711084032958,541,99,26,59.771060846681,72.28992944194997,23,62.752808988764045,1239,4,1,13,True,8,0,True,55,confirmation38,1338,cost_g_legacy,1338,1338,official_detector,data36-13,0,4,1,bytetrack,True,1780
66.41566183654693,53.7711084032958,541,99,26,59.72302575724554,71.8409236690186,24,62.69662921348315,1239,4,1,12,True,8,0,True,55,confirmation38,1338,cost_h,1338,1338,official_detector,data36-13,0,4,1,bytetrack,True,1780
66.41566183654693,53.7711084032958,541,99,26,59.72302575724554,71.8409236690186,24,62.69662921348315,1239,4,1,12,True,8,0,True,55,confirmation38,1338,path_g,1338,1338,official_detector,data36-13,0,4,1,bytetrack,True,1780
66.41566183654693,53.7711084032958,541,99,26,59.72302575724554,71.8409236690186,24,62.69662921348315,1239,4,1,12,True,8,0,True,55,confirmation38,1338,cost_h_margin_reassign,1338,1338,official_detector,data36-13,0,4,1,bytetrack,True,1780
66.41566183654693,53.7711084032958,541,99,26,59.72302575724554,71.8409236690186,24,62.69662921348315,1239,4,1,12,True,8,0,True,55,confirmation38,1338,cost_h_motion_reassign,1338,1338,official_detector,data36-13,0,4,1,bytetrack,True,1780
66.41566183654693,53.7711084032958,541,99,26,59.72302575724554,71.8409236690186,24,62.69662921348315,1239,4,1,12,True,8,0,True,55,confirmation38,1338,cost_h_full_postfilter,1338,1338,official_detector,data36-13,0,4,1,bytetrack,True,1780
66.41566183654693,53.7711084032958,541,99,26,59.72302575724554,71.8409236690186,24,62.69662921348315,1239,4,1,12,True,8,0,True,55,confirmation38,1338,cost_h_full_reassign,1338,1338,official_detector,data36-13,0,4,1,bytetrack,True,1780
66.41566183654693,53.7711084032958,541,99,26,59.72302575724554,71.8409236690186,24,62.69662921348315,1239,4,1,12,True,8,0,True,55,confirmation38,1338,cost_h_soft_information,1338,1338,official_detector,data36-13,0,4,1,bytetrack,True,1780
66.41566183654693,53.7711084032958,541,99,26,59.72302575724554,71.8409236690186,24,62.69662921348315,1239,4,1,12,True,8,0,True,55,confirmation38,1338,path_g_full_reassign,1338,1338,official_detector,data36-13,0,4,1,bytetrack,True,1780
75.68135326138518,57.29250609830031,595,102,20,65.76982614653724,69.18813172481252,23,59.55056179775281,1185,0,0,0,True,8,0,True,51,confirmation38,1287,no_refinement,1287,1287,official_detector,data36-13,0,0,0,ocsort,True,1780
75.28010462220755,57.29250609830031,595,102,20,65.59381849524904,69.44897293772416,19,59.7752808988764,1185,0,0,16,True,8,0,True,51,confirmation38,1287,ace_v1,1287,1287,official_detector,data36-13,0,0,0,ocsort,True,1780
76.97439980786443,57.29250609830031,595,102,20,66.33090648092785,70.10107597000325,17,59.88764044943821,1185,1,0,15,True,8,0,True,51,confirmation38,1287,cost_r,1287,1287,official_detector,data36-13,0,1,0,ocsort,True,1780
76.97435237175462,57.29250609830031,595,102,20,66.33088549015652,70.10107597000325,17,59.88764044943821,1185,1,0,16,True,8,0,True,51,confirmation38,1287,cost_g_legacy,1287,1287,official_detector,data36-13,0,1,0,ocsort,True,1780
76.97814684382422,57.29250609830031,595,102,20,66.33256474505535,70.10107597000325,17,59.88764044943821,1185,1,0,16,True,8,0,True,51,confirmation38,1287,cost_h,1287,1287,official_detector,data36-13,0,1,0,ocsort,True,1780
76.97814684382422,57.29250609830031,595,102,20,66.33256474505535,70.10107597000325,17,59.88764044943821,1185,1,0,16,True,8,0,True,51,confirmation38,1287,path_g,1287,1287,official_detector,data36-13,0,1,0,ocsort,True,1780
76.97814684382422,57.29250609830031,595,102,20,66.33256474505535,70.10107597000325,17,59.88764044943821,1185,1,0,16,True,8,0,True,51,confirmation38,1287,cost_h_margin_reassign,1287,1287,official_detector,data36-13,0,1,0,ocsort,True,1780
76.97814684382422,57.29250609830031,595,102,20,66.33256474505535,70.10107597000325,17,59.88764044943821,1185,1,0,16,True,8,0,True,51,confirmation38,1287,cost_h_motion_reassign,1287,1287,official_detector,data36-13,0,1,0,ocsort,True,1780
76.97439980786443,57.29250609830031,595,102,20,66.33090648092785,70.10107597000325,17,59.88764044943821,1185,1,0,15,True,8,0,True,51,confirmation38,1287,cost_h_full_postfilter,1287,1287,official_detector,data36-13,0,1,0,ocsort,True,1780
76.97439980786443,57.29250609830031,595,102,20,66.33090648092785,70.10107597000325,17,59.88764044943821,1185,1,0,15,True,8,0,True,51,confirmation38,1287,cost_h_full_reassign,1287,1287,official_detector,data36-13,0,1,0,ocsort,True,1780
76.97814684382422,57.29250609830031,595,102,20,66.33256474505535,70.10107597000325,17,59.88764044943821,1185,1,0,16,True,8,0,True,51,confirmation38,1287,cost_h_soft_information,1287,1287,official_detector,data36-13,0,1,0,ocsort,True,1780
76.97439980786443,57.29250609830031,595,102,20,66.33090648092785,70.10107597000325,17,59.88764044943821,1185,1,0,15,True,8,0,True,51,confirmation38,1287,path_g_full_reassign,1287,1287,official_detector,data36-13,0,1,0,ocsort,True,1780
82.32560521620405,61.11215803763096,490,98,27,70.7784111161654,78.8510101010101,9,66.46067415730337,1290,0,0,0,True,8,0,True,28,confirmation38,1388,no_refinement,1388,1388,official_detector,data36-13,0,0,0,deepocsort,True,1780
84.31209552400283,61.11215803763096,490,98,27,71.63368403768143,80.3030303030303,6,66.62921348314606,1290,2,0,2,True,8,0,True,28,confirmation38,1388,ace_v1,1388,1388,official_detector,data36-13,0,2,0,deepocsort,True,1780
84.31844551760021,61.11215803763096,490,98,27,71.63646451279769,80.36616161616162,5,66.68539325842696,1290,2,0,3,True,8,0,True,28,confirmation38,1388,cost_r,1388,1388,official_detector,data36-13,0,2,0,deepocsort,True,1780
84.31844551760021,61.11215803763096,490,98,27,71.63646451279769,80.36616161616162,5,66.68539325842696,1290,2,0,3,True,8,0,True,28,confirmation38,1388,cost_g_legacy,1388,1388,official_detector,data36-13,0,2,0,deepocsort,True,1780
84.31844551760021,61.11215803763096,490,98,27,71.63646451279769,80.36616161616162,5,66.68539325842696,1290,2,0,3,True,8,0,True,28,confirmation38,1388,cost_h,1388,1388,official_detector,data36-13,0,2,0,deepocsort,True,1780
84.31844551760021,61.11215803763096,490,98,27,71.63646451279769,80.36616161616162,5,66.68539325842696,1290,2,0,3,True,8,0,True,28,confirmation38,1388,path_g,1388,1388,official_detector,data36-13,0,2,0,deepocsort,True,1780
84.31844551760021,61.11215803763096,490,98,27,71.63646451279769,80.36616161616162,5,66.68539325842696,1290,2,0,3,True,8,0,True,28,confirmation38,1388,cost_h_margin_reassign,1388,1388,official_detector,data36-13,0,2,0,deepocsort,True,1780
84.31844551760021,61.11215803763096,490,98,27,71.63646451279769,80.36616161616162,5,66.68539325842696,1290,2,0,3,True,8,0,True,28,confirmation38,1388,cost_h_motion_reassign,1388,1388,official_detector,data36-13,0,2,0,deepocsort,True,1780
84.31844551760021,61.11215803763096,490,98,27,71.63646451279769,80.36616161616162,5,66.68539325842696,1290,2,0,3,True,8,0,True,28,confirmation38,1388,cost_h_full_postfilter,1388,1388,official_detector,data36-13,0,2,0,deepocsort,True,1780
84.31844551760021,61.11215803763096,490,98,27,71.63646451279769,80.36616161616162,5,66.68539325842696,1290,2,0,3,True,8,0,True,28,confirmation38,1388,cost_h_full_reassign,1388,1388,official_detector,data36-13,0,2,0,deepocsort,True,1780
84.31844551760021,61.11215803763096,490,98,27,71.63646451279769,80.36616161616162,5,66.68539325842696,1290,2,0,3,True,8,0,True,28,confirmation38,1388,cost_h_soft_information,1388,1388,official_detector,data36-13,0,2,0,deepocsort,True,1780
84.31844551760021,61.11215803763096,490,98,27,71.63646451279769,80.36616161616162,5,66.68539325842696,1290,2,0,3,True,8,0,True,28,confirmation38,1388,path_g_full_reassign,1388,1388,official_detector,data36-13,0,2,0,deepocsort,True,1780
43.77632039260631,36.22923821010871,6735,805,772,39.393703854971996,41.82449181953396,836,35.81609195402299,6315,0,0,0,True,8,0,True,821,confirmation38,7120,no_refinement,7120,7120,official_detector,data36-4,0,0,0,bytetrack,True,13050
48.045929482390754,36.21939736785457,6735,805,772,41.31742788460516,45.880019831432826,633,37.371647509578544,6315,9,2,324,True,8,0,True,821,confirmation38,7120,ace_v1,7120,7120,official_detector,data36-4,0,9,2,bytetrack,True,13050
48.63840912045093,36.224191683137306,6735,805,772,41.586003457275694,47.03024293505206,554,37.97701149425287,6315,8,2,372,True,8,0,True,821,confirmation38,7120,cost_r,7120,7120,official_detector,data36-4,0,8,2,bytetrack,True,13050
49.19215494753721,36.21405185689561,6735,805,772,41.82855477999157,48.19038175508181,459,38.70498084291188,6315,10,2,499,True,8,0,True,821,confirmation38,7120,cost_g_legacy,7120,7120,official_detector,data36-4,0,10,2,bytetrack,True,13050
48.84716757786668,36.22534814811917,6735,805,772,41.67932179773204,47.39712444224095,546,38.03831417624521,6315,10,3,470,True,8,0,True,821,confirmation38,7120,cost_h,7120,7120,official_detector,data36-4,0,10,3,bytetrack,True,13050
48.87979039530105,36.212910835619894,6735,805,772,41.687560711211816,47.5359444719881,534,38.13026819923372,6315,10,2,450,True,8,0,True,821,confirmation38,7120,path_g,7120,7120,official_detector,data36-4,0,10,2,bytetrack,True,13050
48.91669505040186,36.22246953165416,6735,805,772,41.7090231858424,47.59543877045117,525,38.19923371647509,6315,10,2,424,True,8,0,True,821,confirmation38,7120,cost_h_margin_reassign,7120,7120,official_detector,data36-4,0,10,2,bytetrack,True,13050
48.83720019386549,36.22534814811917,6735,805,772,41.67488241660175,47.3475458601884,549,38.015325670498086,6315,10,3,466,True,8,0,True,821,confirmation38,7120,cost_h_motion_reassign,7120,7120,official_detector,data36-4,0,10,3,bytetrack,True,13050
48.797003642568654,36.22534814811917,6735,805,772,41.65617891320547,47.23847297967278,566,37.88505747126437,6315,10,2,352,True,8,0,True,821,confirmation38,7120,cost_h_full_postfilter,7120,7120,official_detector,data36-4,0,10,2,bytetrack,True,13050
48.88627905761325,36.224191683137306,6735,805,772,41.696139396581174,47.50619732275657,545,38.04597701149425,6315,10,2,387,True,8,0,True,821,confirmation38,7120,cost_h_full_reassign,7120,7120,official_detector,data36-4,0,10,2,bytetrack,True,13050
48.92799267273992,36.22246953165416,6735,805,772,41.714328063579046,47.58552305404066,528,38.17624521072797,6315,10,2,457,True,8,0,True,821,confirmation38,7120,cost_h_soft_information,7120,7120,official_detector,data36-4,0,10,2,bytetrack,True,13050
48.85254953376612,36.212910835619894,6735,805,772,41.67506276026035,47.46653445711453,547,38.03065134099617,6315,10,2,386,True,8,0,True,821,confirmation38,7120,path_g_full_reassign,7120,7120,official_detector,data36-4,0,10,2,bytetrack,True,13050
47.31436408051006,33.37772051384937,7975,451,269,39.55560945288945,38.296726959517656,320,32.980842911877396,5075,0,0,0,True,8,0,True,438,confirmation38,5526,no_refinement,5526,5526,official_detector,data36-4,0,0,0,ocsort,True,13050
47.686257107723804,33.37531524471063,7975,451,269,39.72317117090345,39.66408268733851,234,33.639846743295024,5075,10,17,134,True,8,0,True,438,confirmation38,5526,ace_v1,5526,5526,official_detector,data36-4,0,10,17,ocsort,True,13050
48.140928680226466,33.37522420653036,7975,451,269,39.916626391034896,40.37467700258398,199,33.90804597701149,5075,15,13,153,True,8,0,True,438,confirmation38,5526,cost_r,5526,5526,official_detector,data36-4,0,15,13,ocsort,True,13050
48.23729479411003,33.37522420653036,7975,451,269,39.95786919114065,40.47157622739018,187,34.0,5075,15,13,179,True,8,0,True,438,confirmation38,5526,cost_g_legacy,5526,5526,official_detector,data36-4,0,15,13,ocsort,True,13050
48.139979537352254,33.37522420653036,7975,451,269,39.916200066604,40.36391042204996,195,33.93869731800766,5075,15,13,171,True,8,0,True,438,confirmation38,5526,cost_h,5526,5526,official_detector,data36-4,0,15,13,ocsort,True,13050
48.14117615069293,33.37522420653036,7975,451,269,39.91671727297825,40.36391042204996,194,33.946360153256705,5075,15,13,168,True,8,0,True,438,confirmation38,5526,path_g,5526,5526,official_detector,data36-4,0,15,13,ocsort,True,13050
48.138140320437756,33.37522420653036,7975,451,269,39.91540764376589,40.35314384151594,195,33.93869731800766,5075,15,13,165,True,8,0,True,438,confirmation38,5526,cost_h_margin_reassign,5526,5526,official_detector,data36-4,0,15,13,ocsort,True,13050
48.139979537352254,33.37522420653036,7975,451,269,39.916200066604,40.36391042204996,195,33.93869731800766,5075,15,13,171,True,8,0,True,438,confirmation38,5526,cost_h_motion_reassign,5526,5526,official_detector,data36-4,0,15,13,ocsort,True,13050
48.13333761701113,33.37522420653036,7975,451,269,39.91332703496502,40.35314384151594,200,33.900383141762454,5075,15,13,153,True,8,0,True,438,confirmation38,5526,cost_h_full_postfilter,5526,5526,official_detector,data36-4,0,15,13,ocsort,True,13050
48.13552301811691,33.37522420653036,7975,451,269,39.91427027049658,40.36391042204996,198,33.91570881226053,5075,15,13,155,True,8,0,True,438,confirmation38,5526,cost_h_full_reassign,5526,5526,official_detector,data36-4,0,15,13,ocsort,True,13050
48.20804429669212,33.37522420653036,7975,451,269,39.94530704387634,40.45004306632214,194,33.946360153256705,5075,15,13,168,True,8,0,True,438,confirmation38,5526,cost_h_soft_information,5526,5526,official_detector,data36-4,0,15,13,ocsort,True,13050
48.13552301811691,33.37522420653036,7975,451,269,39.91427027049658,40.36391042204996,198,33.91570881226053,5075,15,13,155,True,8,0,True,438,confirmation38,5526,path_g_full_reassign,5526,5526,official_detector,data36-4,0,15,13,ocsort,True,13050
71.79749529984699,54.80216784319653,3891,803,427,61.97281181730765,75.36068138362594,66,63.524904214559385,9159,0,0,0,True,8,0,True,169,confirmation38,9962,no_refinement,9962,9962,official_detector,data36-4,0,0,0,deepocsort,True,13050
72.25345866664395,54.8016511503423,3891,803,427,62.186333535623106,76.05597079784461,49,63.6551724137931,9159,3,4,33,True,8,0,True,169,confirmation38,9962,ace_v1,9962,9962,official_detector,data36-4,0,3,4,deepocsort,True,13050
72.70126623744112,54.79673966216041,3891,803,427,62.37863800364442,76.29932209282113,43,63.701149425287355,9159,4,3,34,True,8,0,True,169,confirmation38,9962,cost_r,9962,9962,official_detector,data36-4,0,4,3,deepocsort,True,13050
72.59987746697568,54.79673966216041,3891,803,427,62.33246843898533,76.04727968016687,39,63.73180076628352,9159,4,3,44,True,8,0,True,169,confirmation38,9962,cost_g_legacy,9962,9962,official_detector,data36-4,0,4,3,deepocsort,True,13050
72.69581874961351,54.79807630011791,3891,803,427,62.37645928315585,76.24717538675473,42,63.7088122605364,9159,4,3,41,True,8,0,True,169,confirmation38,9962,cost_h,9962,9962,official_detector,data36-4,0,4,3,deepocsort,True,13050
72.68467297651341,54.79673966216041,3891,803,427,62.370747611428314,76.22110203372154,42,63.7088122605364,9159,4,3,40,True,8,0,True,169,confirmation38,9962,path_g,9962,9962,official_detector,data36-4,0,4,3,deepocsort,True,13050
72.66692420860535,54.79673966216041,3891,803,427,62.36254458185536,76.1863375630106,42,63.7088122605364,9159,4,3,37,True,8,0,True,169,confirmation38,9962,cost_h_margin_reassign,9962,9962,official_detector,data36-4,0,4,3,deepocsort,True,13050
72.68745772689446,54.81019094703723,3891,803,427,62.379364112111446,76.238484269077,41,63.71647509578544,9159,4,3,38,True,8,0,True,169,confirmation38,9962,cost_h_motion_reassign,9962,9962,official_detector,data36-4,0,4,3,deepocsort,True,13050
72.72208810770307,54.79807630011791,3891,803,427,62.38861315886219,76.238484269077,43,63.701149425287355,9159,4,3,33,True,8,0,True,169,confirmation38,9962,cost_h_full_postfilter,9962,9962,official_detector,data36-4,0,4,3,deepocsort,True,13050
72.69953359757014,54.79673966216041,3891,803,427,62.377644032381156,76.238484269077,42,63.7088122605364,9159,4,3,35,True,8,0,True,169,confirmation38,9962,cost_h_full_reassign,9962,9962,official_detector,data36-4,0,4,3,deepocsort,True,13050
72.69172449969211,54.79673966216041,3891,803,427,62.374008216563304,76.32539544585434,42,63.7088122605364,9159,4,3,40,True,8,0,True,169,confirmation38,9962,cost_h_soft_information,9962,9962,official_detector,data36-4,0,4,3,deepocsort,True,13050
72.69953359757014,54.79673966216041,3891,803,427,62.377644032381156,76.238484269077,42,63.7088122605364,9159,4,3,35,True,8,0,True,169,confirmation38,9962,path_g_full_reassign,9962,9962,official_detector,data36-4,0,4,3,deepocsort,True,13050
65.48585848632003,47.52836257404176,3006,436,328,55.68246892812948,62.969724631066484,367,51.5271061338763,4852,0,0,0,True,8,0,True,361,confirmation38,5288,no_refinement,5288,5288,official_detector,data36-5,0,0,0,bytetrack,True,7858
67.73697430130075,47.52836257404176,3006,436,328,56.646692332137185,65.72341396622546,301,52.36701450750827,4852,6,0,125,True,8,0,True,361,confirmation38,5288,ace_v1,5288,5288,official_detector,data36-5,0,6,0,bytetrack,True,7858
67.80489222606818,47.52836257404176,3006,436,328,56.67665511211347,66.19504031644607,283,52.59608042758972,4852,6,1,135,True,8,0,True,361,confirmation38,5288,cost_r,5288,5288,official_detector,data36-5,0,6,1,bytetrack,True,7858
67.92795197704227,47.52836257404176,3006,436,328,56.729124255145614,67.00136923779097,221,53.385085263425815,4852,6,1,193,True,8,0,True,361,confirmation38,5288,cost_g_legacy,5288,5288,official_detector,data36-5,0,6,1,bytetrack,True,7858
67.79968789254917,47.52836257404176,3006,436,328,56.67405297229197,66.21025406967898,288,52.53245100534487,4852,6,1,188,True,8,0,True,361,confirmation38,5288,cost_h,5288,5288,official_detector,data36-5,0,6,1,bytetrack,True,7858
67.78462601253484,47.52836257404176,3006,436,328,56.66796282523523,66.33196409554238,276,52.6851616187325,4852,6,1,167,True,8,0,True,361,confirmation38,5288,path_g,5288,5288,official_detector,data36-5,0,6,1,bytetrack,True,7858
67.76580759010578,47.52836257404176,3006,436,328,56.659894505077006,66.24068157614484,280,52.634258080936625,4852,6,1,149,True,8,0,True,361,confirmation38,5288,cost_h_margin_reassign,5288,5288,official_detector,data36-5,0,6,1,bytetrack,True,7858
67.79712734681038,47.52836257404176,3006,436,328,56.672877312774716,66.1493990567473,288,52.53245100534487,4852,6,1,183,True,8,0,True,361,confirmation38,5288,cost_h_motion_reassign,5288,5288,official_detector,data36-5,0,6,1,bytetrack,True,7858
67.7316279603265,47.52836257404176,3006,436,328,56.644890775548184,65.96683401795222,295,52.44336981420209,4852,6,1,121,True,8,0,True,361,confirmation38,5288,cost_h_full_postfilter,5288,5288,official_detector,data36-5,0,6,1,bytetrack,True,7858
67.7595359107043,47.52836257404176,3006,436,328,56.65719019335956,66.21025406967898,282,52.608806312038695,4852,6,1,139,True,8,0,True,361,confirmation38,5288,cost_h_full_reassign,5288,5288,official_detector,data36-5,0,6,1,bytetrack,True,7858
67.84874697253296,47.52836257404176,3006,436,328,56.69500997979555,66.40803286170697,277,52.67243573428353,4852,6,1,175,True,8,0,True,361,confirmation38,5288,cost_h_soft_information,5288,5288,official_detector,data36-5,0,6,1,bytetrack,True,7858
67.7595359107043,47.52836257404176,3006,436,328,56.65719019335956,66.21025406967898,282,52.608806312038695,4852,6,1,139,True,8,0,True,361,confirmation38,5288,path_g_full_reassign,5288,5288,official_detector,data36-5,0,6,1,bytetrack,True,7858
73.62507183642151,48.48175315840429,3408,317,121,59.635557895321035,63.46138613861386,169,50.445405955713916,4450,0,0,0,True,8,0,True,262,confirmation38,4767,no_refinement,4767,4767,official_detector,data36-5,0,0,0,ocsort,True,7858
74.69268057876103,48.352294246674624,3408,317,121,59.99111343792713,64.66534653465347,131,50.92898956477475,4450,9,2,68,True,8,0,True,262,confirmation38,4767,ace_v1,4767,4767,official_detector,data36-5,0,9,2,ocsort,True,7858
74.65886626272015,48.352294246674624,3408,317,121,59.97740960175547,64.90297029702971,107,51.23441079155001,4450,9,2,82,True,8,0,True,262,confirmation38,4767,cost_r,4767,4767,official_detector,data36-5,0,9,2,ocsort,True,7858
74.63838362771644,48.35131738484749,3408,317,121,59.968576174534945,64.90297029702971,104,51.27258844489692,4450,9,2,97,True,8,0,True,262,confirmation38,4767,cost_g_legacy,4767,4767,official_detector,data36-5,0,9,2,ocsort,True,7858
74.64208193066204,48.35131738484749,3408,317,121,59.970087082985025,64.90297029702971,102,51.29804021379486,4450,9,2,100,True,8,0,True,262,confirmation38,4767,cost_h,4767,4767,official_detector,data36-5,0,9,2,ocsort,True,7858
74.63816660812275,48.35131738484749,3408,317,121,59.96848675389871,64.90297029702971,104,51.27258844489692,4450,9,2,97,True,8,0,True,262,confirmation38,4767,path_g,4767,4767,official_detector,data36-5,0,9,2,ocsort,True,7858
74.63830130362885,48.352294246674624,3408,317,121,59.969133136336325,64.91881188118812,103,51.28531432934589,4450,9,2,89,True,8,0,True,262,confirmation38,4767,cost_h_margin_reassign,4767,4767,official_detector,data36-5,0,9,2,ocsort,True,7858
74.64554531908547,48.35131738484749,3408,317,121,59.971503925307616,64.93465346534654,102,51.29804021379486,4450,9,2,98,True,8,0,True,262,confirmation38,4767,cost_h_motion_reassign,4767,4767,official_detector,data36-5,0,9,2,ocsort,True,7858
74.66017843057394,48.352294246674624,3408,317,121,59.977941178703745,64.90297029702971,109,51.20895902265208,4450,9,2,75,True,8,0,True,262,confirmation38,4767,cost_h_full_postfilter,4767,4767,official_detector,data36-5,0,9,2,ocsort,True,7858
74.66232959638921,48.352294246674624,3408,317,121,59.97882628889472,64.93465346534654,107,51.23441079155001,4450,9,2,80,True,8,0,True,262,confirmation38,4767,cost_h_full_reassign,4767,4767,official_detector,data36-5,0,9,2,ocsort,True,7858
74.64543771766273,48.35131738484749,3408,317,121,59.97146821580559,64.95049504950495,99,51.33621786714176,4450,9,2,98,True,8,0,True,262,confirmation38,4767,cost_h_soft_information,4767,4767,official_detector,data36-5,0,9,2,ocsort,True,7858
74.66232959638921,48.352294246674624,3408,317,121,59.97882628889472,64.93465346534654,107,51.23441079155001,4450,9,2,80,True,8,0,True,262,confirmation38,4767,path_g_full_reassign,4767,4767,official_detector,data36-5,0,9,2,ocsort,True,7858
81.2194112226694,62.92043467101559,1667,437,145,71.09244293913606,83.90169819135718,13,73.0593026215322,6191,0,0,0,True,8,0,True,87,confirmation38,6628,no_refinement,6628,6628,official_detector,data36-5,0,0,0,deepocsort,True,7858
81.53865693942895,62.92043467101559,1667,437,145,71.23030277066951,84.26066547010907,11,73.08475439043013,6191,2,2,2,True,8,0,True,87,confirmation38,6628,ace_v1,6628,6628,official_detector,data36-5,0,2,2,deepocsort,True,7858
81.5491673779749,62.92043467101559,1667,437,145,71.23491205571885,84.26066547010907,11,73.08475439043013,6191,2,2,2,True,8,0,True,87,confirmation38,6628,cost_r,6628,6628,official_detector,data36-5,0,2,2,deepocsort,True,7858
81.5491673779749,62.92043467101559,1667,437,145,71.23491205571885,84.26066547010907,11,73.08475439043013,6191,2,2,2,True,8,0,True,87,confirmation38,6628,cost_g_legacy,6628,6628,official_detector,data36-5,0,2,2,deepocsort,True,7858
81.5491673779749,62.92043467101559,1667,437,145,71.23491205571885,84.26066547010907,11,73.08475439043013,6191,2,2,2,True,8,0,True,87,confirmation38,6628,cost_h,6628,6628,official_detector,data36-5,0,2,2,deepocsort,True,7858
81.5491673779749,62.92043467101559,1667,437,145,71.23491205571885,84.26066547010907,11,73.08475439043013,6191,2,2,2,True,8,0,True,87,confirmation38,6628,path_g,6628,6628,official_detector,data36-5,0,2,2,deepocsort,True,7858
81.5491673779749,62.92043467101559,1667,437,145,71.23491205571885,84.26066547010907,11,73.08475439043013,6191,2,2,2,True,8,0,True,87,confirmation38,6628,cost_h_margin_reassign,6628,6628,official_detector,data36-5,0,2,2,deepocsort,True,7858
81.5491673779749,62.92043467101559,1667,437,145,71.23491205571885,84.26066547010907,11,73.08475439043013,6191,2,2,2,True,8,0,True,87,confirmation38,6628,cost_h_motion_reassign,6628,6628,official_detector,data36-5,0,2,2,deepocsort,True,7858
81.5491673779749,62.92043467101559,1667,437,145,71.23491205571885,84.26066547010907,11,73.08475439043013,6191,2,2,2,True,8,0,True,87,confirmation38,6628,cost_h_full_postfilter,6628,6628,official_detector,data36-5,0,2,2,deepocsort,True,7858
81.5491673779749,62.92043467101559,1667,437,145,71.23491205571885,84.26066547010907,11,73.08475439043013,6191,2,2,2,True,8,0,True,87,confirmation38,6628,cost_h_full_reassign,6628,6628,official_detector,data36-5,0,2,2,deepocsort,True,7858
81.5491673779749,62.92043467101559,1667,437,145,71.23491205571885,84.26066547010907,11,73.08475439043013,6191,2,2,2,True,8,0,True,87,confirmation38,6628,cost_h_soft_information,6628,6628,official_detector,data36-5,0,2,2,deepocsort,True,7858
81.5491673779749,62.92043467101559,1667,437,145,71.23491205571885,84.26066547010907,11,73.08475439043013,6191,2,2,2,True,8,0,True,87,confirmation38,6628,path_g_full_reassign,6628,6628,official_detector,data36-5,0,2,2,deepocsort,True,7858
47.459935869035576,46.38216697323927,5850,962,625,46.73536896420227,50.88413607275177,658,47.83519553072625,8470,0,0,0,True,8,0,True,593,confirmation38,9432,no_refinement,9432,9432,official_detector,data37-1,0,0,0,bytetrack,True,14320
49.904857196945315,46.38272379992402,5850,962,625,47.951502778531676,53.738632536207476,563,48.4986033519553,8470,10,2,201,True,8,0,True,593,confirmation38,9432,ace_v1,9432,9432,official_detector,data37-1,0,10,2,bytetrack,True,14320
50.01107947564737,46.38216697323927,5850,962,625,48.0036808573889,53.98282249915797,506,48.89664804469274,8470,11,2,228,True,8,0,True,593,confirmation38,9432,cost_r,9432,9432,official_detector,data37-1,0,11,2,bytetrack,True,14320
50.59604499581164,46.39482556939682,5850,962,625,48.300044453991234,55.03536544291007,417,49.51815642458101,8470,13,2,322,True,8,0,True,593,confirmation38,9432,cost_g_legacy,9432,9432,official_detector,data37-1,0,13,2,bytetrack,True,14320
50.110526210144904,46.395382544761965,5850,962,625,48.060084974112286,54.277534523408555,491,49.00139664804469,8470,11,2,291,True,8,0,True,593,confirmation38,9432,cost_h,9432,9432,official_detector,data37-1,0,11,2,bytetrack,True,14320
50.0747978246445,46.39482556939682,5850,962,625,48.04186991429024,54.260693836308526,494,48.9804469273743,8470,11,2,281,True,8,0,True,593,confirmation38,9432,path_g,9432,9432,official_detector,data37-1,0,11,2,bytetrack,True,14320
50.15807247318782,46.39482556939682,5850,962,625,48.08346592500706,54.41226002020883,491,49.00139664804469,8470,11,2,267,True,8,0,True,593,confirmation38,9432,cost_h_margin_reassign,9432,9432,official_detector,data37-1,0,11,2,bytetrack,True,14320
50.11160914530812,46.395382544761965,5850,962,625,48.06063650206826,54.277534523408555,491,49.00139664804469,8470,11,2,290,True,8,0,True,593,confirmation38,9432,cost_h_motion_reassign,9432,9432,official_detector,data37-1,0,11,2,bytetrack,True,14320
50.059458208190186,46.38216697323927,5850,962,625,48.02771631356493,54.00808352980802,512,48.85474860335196,8470,11,2,224,True,8,0,True,593,confirmation38,9432,cost_h_full_postfilter,9432,9432,official_detector,data37-1,0,11,2,bytetrack,True,14320
50.04452482720379,46.38216697323927,5850,962,625,48.020399993431,54.1007073088582,505,48.9036312849162,8470,11,2,241,True,8,0,True,593,confirmation38,9432,cost_h_full_reassign,9432,9432,official_detector,data37-1,0,11,2,bytetrack,True,14320
50.15207675551977,46.389362835818794,5850,962,625,48.077748520956725,54.395419333108784,491,49.00139664804469,8470,11,2,286,True,8,0,True,593,confirmation38,9432,cost_h_soft_information,9432,9432,official_detector,data37-1,0,11,2,bytetrack,True,14320
50.041388309994,46.38216697323927,5850,962,625,48.018855469287466,54.07544627820815,504,48.910614525139664,8470,11,2,239,True,8,0,True,593,confirmation38,9432,path_g_full_reassign,9432,9432,official_detector,data37-1,0,11,2,bytetrack,True,14320
57.95211226132678,45.15949359208021,6880,621,340,51.02484478357056,53.089674277288765,334,45.286312849162016,7440,0,0,0,True,8,0,True,404,confirmation38,8061,no_refinement,8061,8061,official_detector,data37-1,0,0,0,ocsort,True,14320
60.418084255160174,45.151377391035545,6880,621,340,52.10604056708862,55.386265135606095,259,45.81005586592179,7440,11,3,123,True,8,0,True,404,confirmation38,8061,ace_v1,8061,8061,official_detector,data37-1,0,11,3,ocsort,True,14320
60.35716693035087,45.151377391035545,6880,621,340,52.08051803967854,55.538179706000626,238,45.95670391061453,7440,12,4,137,True,8,0,True,404,confirmation38,8061,cost_r,8061,8061,official_detector,data37-1,0,12,4,ocsort,True,14320
60.46749014592927,45.14922953788296,6880,621,340,52.12855811045585,55.842008846789696,213,46.13128491620112,7440,12,4,173,True,8,0,True,404,confirmation38,8061,cost_g_legacy,8061,8061,official_detector,data37-1,0,12,4,ocsort,True,14320
60.4091804111876,45.14922953788296,6880,621,340,52.10248347571419,55.752647334792904,223,46.061452513966486,7440,12,4,168,True,8,0,True,404,confirmation38,8061,cost_h,8061,8061,official_detector,data37-1,0,12,4,ocsort,True,14320
60.39626070297598,45.151377391035545,6880,621,340,52.097901337343686,55.672221973995796,225,46.047486033519554,7440,12,4,159,True,8,0,True,404,confirmation38,8061,path_g,8061,8061,official_detector,data37-1,0,12,4,ocsort,True,14320
60.403680370297465,45.151377391035545,6880,621,340,52.10121445582318,55.70796657879451,225,46.047486033519554,7440,12,4,155,True,8,0,True,404,confirmation38,8061,cost_h_margin_reassign,8061,8061,official_detector,data37-1,0,12,4,ocsort,True,14320
60.412742810134255,45.14922953788296,6880,621,340,52.104066363141946,55.73477503239354,223,46.061452513966486,7440,12,4,166,True,8,0,True,404,confirmation38,8061,cost_h_motion_reassign,8061,8061,official_detector,data37-1,0,12,4,ocsort,True,14320
60.3546522539602,45.151377391035545,6880,621,340,52.07931254125875,55.52924355480094,240,45.9427374301676,7440,12,4,131,True,8,0,True,404,confirmation38,8061,cost_h_full_postfilter,8061,8061,official_detector,data37-1,0,12,4,ocsort,True,14320
60.36045502876451,45.151377391035545,6880,621,340,52.08193081423907,55.55605200839998,236,45.970670391061454,7440,12,4,141,True,8,0,True,404,confirmation38,8061,cost_h_full_reassign,8061,8061,official_detector,data37-1,0,12,4,ocsort,True,14320
60.39699752051963,45.151377391035545,6880,621,340,52.098246189961316,55.70796657879451,225,46.047486033519554,7440,12,4,164,True,8,0,True,404,confirmation38,8061,cost_h_soft_information,8061,8061,official_detector,data37-1,0,12,4,ocsort,True,14320
60.36045502876451,45.151377391035545,6880,621,340,52.08193081423907,55.55605200839998,236,45.970670391061454,7440,12,4,141,True,8,0,True,404,confirmation38,8061,path_g_full_reassign,8061,8061,official_detector,data37-1,0,12,4,ocsort,True,14320
77.0966807266176,57.27870575679555,4400,729,323,66.06168573275751,75.45356241739756,52,63.81983240223463,9920,0,0,0,True,8,0,True,171,confirmation38,10649,no_refinement,10649,10649,official_detector,data37-1,0,0,0,deepocsort,True,14320
77.73110865963895,57.283684391731704,4400,729,323,66.345110452297,76.40674436301013,37,63.92458100558659,9920,2,1,30,True,8,0,True,171,confirmation38,10649,ace_v1,10649,10649,official_detector,data37-1,0,2,1,deepocsort,True,14320
77.91198082967651,57.283684391731704,4400,729,323,66.4264987668218,76.67908206175657,36,63.93156424581006,9920,2,1,29,True,8,0,True,171,confirmation38,10649,cost_r,10649,10649,official_detector,data37-1,0,2,1,deepocsort,True,14320
77.94527098081754,57.283684391731704,4400,729,323,66.44177663999031,76.64704233249229,35,63.938547486033514,9920,2,1,31,True,8,0,True,171,confirmation38,10649,cost_g_legacy,10649,10649,official_detector,data37-1,0,2,1,deepocsort,True,14320
77.90823825993346,57.283684391731704,4400,729,323,66.42496800762157,76.62301253554408,37,63.92458100558659,9920,2,1,31,True,8,0,True,171,confirmation38,10649,cost_h,10649,10649,official_detector,data37-1,0,2,1,deepocsort,True,14320
77.88296464726989,57.283684391731704,4400,729,323,66.41348402272288,76.59898273859585,36,63.93156424581006,9920,2,1,30,True,8,0,True,171,confirmation38,10649,path_g,10649,10649,official_detector,data37-1,0,2,1,deepocsort,True,14320
77.88296464726989,57.283684391731704,4400,729,323,66.41348402272288,76.59898273859585,36,63.93156424581006,9920,2,1,30,True,8,0,True,171,confirmation38,10649,cost_h_margin_reassign,10649,10649,official_detector,data37-1,0,2,1,deepocsort,True,14320
78.01202053566406,57.283684391731704,4400,729,323,66.47123392601043,76.79923104649767,38,63.91759776536313,9920,2,1,28,True,8,0,True,171,confirmation38,10649,cost_h_motion_reassign,10649,10649,official_detector,data37-1,0,2,1,deepocsort,True,14320
77.96557062702337,57.283684391731704,4400,729,323,66.45012546210855,76.77520124954944,38,63.91759776536313,9920,2,1,25,True,8,0,True,171,confirmation38,10649,cost_h_full_postfilter,10649,10649,official_detector,data37-1,0,2,1,deepocsort,True,14320
77.98674692300047,57.283684391731704,4400,729,323,66.45976008754982,76.77520124954944,37,63.92458100558659,9920,2,1,27,True,8,0,True,171,confirmation38,10649,cost_h_full_reassign,10649,10649,official_detector,data37-1,0,2,1,deepocsort,True,14320
77.88296464726989,57.283684391731704,4400,729,323,66.41348402272288,76.59898273859585,36,63.93156424581006,9920,2,1,30,True,8,0,True,171,confirmation38,10649,cost_h_soft_information,10649,10649,official_detector,data37-1,0,2,1,deepocsort,True,14320
77.98674692300047,57.283684391731704,4400,729,323,66.45976008754982,76.77520124954944,37,63.92458100558659,9920,2,1,27,True,8,0,True,171,confirmation38,10649,path_g_full_reassign,10649,10649,official_detector,data37-1,0,2,1,deepocsort,True,14320
54.87048900226091,61.80773428703979,872,331,118,58.16118958711635,68.66658792960907,151,69.93783303730018,3632,0,0,0,True,8,0,True,140,confirmation38,3963,no_refinement,3963,3963,official_detector,data37-10,0,0,0,bytetrack,True,4504
53.72896350185482,61.80773428703979,872,331,118,57.55094440046631,68.35951340498406,117,70.69271758436945,3632,0,2,53,True,8,0,True,140,confirmation38,3963,ace_v1,3963,3963,official_detector,data37-10,0,0,2,bytetrack,True,4504
54.16785261756233,61.80773428703979,872,331,118,57.78724067001983,69.51694815164757,113,70.78152753108348,3632,2,1,51,True,8,0,True,140,confirmation38,3963,cost_r,3963,3963,official_detector,data37-10,0,2,1,bytetrack,True,4504
53.95874932068166,61.80773428703979,872,331,118,57.67635825222239,70.53265619463801,84,71.42539964476022,3632,2,1,69,True,8,0,True,140,confirmation38,3963,cost_g_legacy,3963,3963,official_detector,data37-10,0,2,1,bytetrack,True,4504
54.52452433708655,61.80773428703979,872,331,118,57.98013739248017,70.36730837368607,113,70.78152753108348,3632,1,1,61,True,8,0,True,140,confirmation38,3963,cost_h,3963,3963,official_detector,data37-10,0,1,1,bytetrack,True,4504
54.470991608214845,61.80773428703979,872,331,118,57.95121692005117,70.08385496633991,110,70.84813499111901,3632,2,1,59,True,8,0,True,140,confirmation38,3963,path_g,3963,3963,official_detector,data37-10,0,2,1,bytetrack,True,4504
54.43915018105512,61.80773428703979,872,331,118,57.93390656600552,69.96574937994568,112,70.80373001776199,3632,1,1,57,True,8,0,True,140,confirmation38,3963,cost_h_margin_reassign,3963,3963,official_detector,data37-10,0,1,1,bytetrack,True,4504
54.52452433708655,61.80773428703979,872,331,118,57.98013739248017,70.36730837368607,113,70.78152753108348,3632,1,1,61,True,8,0,True,140,confirmation38,3963,cost_h_motion_reassign,3963,3963,official_detector,data37-10,0,1,1,bytetrack,True,4504
54.41094819123722,61.80773428703979,872,331,118,57.91855188327277,69.98937049722453,116,70.71492007104796,3632,1,1,53,True,8,0,True,140,confirmation38,3963,cost_h_full_postfilter,3963,3963,official_detector,data37-10,0,1,1,bytetrack,True,4504
54.393695373268315,61.80773428703979,872,331,118,57.909218399944095,69.89488602810913,114,70.75932504440497,3632,1,1,54,True,8,0,True,140,confirmation38,3963,cost_h_full_reassign,3963,3963,official_detector,data37-10,0,1,1,bytetrack,True,4504
54.48759082677338,61.80773428703979,872,331,118,57.96021548014454,70.13109720089761,111,70.82593250444049,3632,2,1,60,True,8,0,True,140,confirmation38,3963,cost_h_soft_information,3963,3963,official_detector,data37-10,0,2,1,bytetrack,True,4504
54.38101024495283,61.80773428703979,872,331,118,57.902389457471934,69.87126491083028,113,70.78152753108348,3632,2,1,52,True,8,0,True,140,confirmation38,3963,path_g_full_reassign,3963,3963,official_detector,data37-10,0,2,1,bytetrack,True,4504
62.17703175653497,66.64265124321487,1087,169,71,64.18528540601037,66.5018541409147,78,70.38188277087033,3417,0,0,0,True,8,0,True,84,confirmation38,3586,no_refinement,3586,3586,official_detector,data37-10,0,0,0,ocsort,True,4504
62.65376448772503,66.64265124321487,1087,169,71,64.43367063971941,67.56489493201482,64,70.69271758436945,3417,2,3,16,True,8,0,True,84,confirmation38,3586,ace_v1,3586,3586,official_detector,data37-10,0,2,3,ocsort,True,4504
62.67241189871251,66.64265124321487,1087,169,71,64.44336870184316,67.56489493201482,64,70.69271758436945,3417,2,3,16,True,8,0,True,84,confirmation38,3586,cost_r,3586,3586,official_detector,data37-10,0,2,3,ocsort,True,4504
62.67514093299747,66.64265124321487,1087,169,71,64.4447939495302,67.58961681087763,63,70.71492007104796,3417,2,3,17,True,8,0,True,84,confirmation38,3586,cost_g_legacy,3586,3586,official_detector,data37-10,0,2,3,ocsort,True,4504
62.67514093299747,66.64265124321487,1087,169,71,64.4447939495302,67.58961681087763,63,70.71492007104796,3417,2,3,17,True,8,0,True,84,confirmation38,3586,cost_h,3586,3586,official_detector,data37-10,0,2,3,ocsort,True,4504
62.67514093299747,66.64265124321487,1087,169,71,64.4447939495302,67.58961681087763,63,70.71492007104796,3417,2,3,17,True,8,0,True,84,confirmation38,3586,path_g,3586,3586,official_detector,data37-10,0,2,3,ocsort,True,4504
62.67514093299747,66.64265124321487,1087,169,71,64.4447939495302,67.58961681087763,63,70.71492007104796,3417,2,3,17,True,8,0,True,84,confirmation38,3586,cost_h_margin_reassign,3586,3586,official_detector,data37-10,0,2,3,ocsort,True,4504
62.67514093299747,66.64265124321487,1087,169,71,64.4447939495302,67.58961681087763,63,70.71492007104796,3417,2,3,17,True,8,0,True,84,confirmation38,3586,cost_h_motion_reassign,3586,3586,official_detector,data37-10,0,2,3,ocsort,True,4504
62.67241189871251,66.64265124321487,1087,169,71,64.44336870184316,67.56489493201482,64,70.69271758436945,3417,2,3,16,True,8,0,True,84,confirmation38,3586,cost_h_full_postfilter,3586,3586,official_detector,data37-10,0,2,3,ocsort,True,4504
62.67241189871251,66.64265124321487,1087,169,71,64.44336870184316,67.56489493201482,64,70.69271758436945,3417,2,3,16,True,8,0,True,84,confirmation38,3586,cost_h_full_reassign,3586,3586,official_detector,data37-10,0,2,3,ocsort,True,4504
62.67514093299747,66.64265124321487,1087,169,71,64.4447939495302,67.58961681087763,63,70.71492007104796,3417,2,3,17,True,8,0,True,84,confirmation38,3586,cost_h_soft_information,3586,3586,official_detector,data37-10,0,2,3,ocsort,True,4504
62.67241189871251,66.64265124321487,1087,169,71,64.44336870184316,67.56489493201482,64,70.69271758436945,3417,2,3,16,True,8,0,True,84,confirmation38,3586,path_g_full_reassign,3586,3586,official_detector,data37-10,0,2,3,ocsort,True,4504
79.22393147105727,76.28681768640855,456,153,45,77.05114137107142,85.51407237219989,18,86.07904085257549,4048,0,0,0,True,8,0,True,49,confirmation38,4201,no_refinement,4201,4201,official_detector,data37-10,0,0,0,deepocsort,True,4504
79.7469449675406,76.28681768640855,456,153,45,77.3324114436418,87.21424468696152,12,86.21225577264654,4048,0,0,14,True,8,0,True,49,confirmation38,4201,ace_v1,4201,4201,official_detector,data37-10,0,0,0,deepocsort,True,4504
79.7469449675406,76.28681768640855,456,153,45,77.3324114436418,87.21424468696152,12,86.21225577264654,4048,0,0,14,True,8,0,True,49,confirmation38,4201,cost_r,4201,4201,official_detector,data37-10,0,0,0,deepocsort,True,4504
79.7469449675406,76.28681768640855,456,153,45,77.3324114436418,87.21424468696152,12,86.21225577264654,4048,0,0,14,True,8,0,True,49,confirmation38,4201,cost_g_legacy,4201,4201,official_detector,data37-10,0,0,0,deepocsort,True,4504
79.7469449675406,76.28681768640855,456,153,45,77.3324114436418,87.21424468696152,12,86.21225577264654,4048,0,0,14,True,8,0,True,49,confirmation38,4201,cost_h,4201,4201,official_detector,data37-10,0,0,0,deepocsort,True,4504
79.7469449675406,76.28681768640855,456,153,45,77.3324114436418,87.21424468696152,12,86.21225577264654,4048,0,0,14,True,8,0,True,49,confirmation38,4201,path_g,4201,4201,official_detector,data37-10,0,0,0,deepocsort,True,4504
79.7469449675406,76.28681768640855,456,153,45,77.3324114436418,87.21424468696152,12,86.21225577264654,4048,0,0,14,True,8,0,True,49,confirmation38,4201,cost_h_margin_reassign,4201,4201,official_detector,data37-10,0,0,0,deepocsort,True,4504
79.10672784139697,76.28681768640855,456,153,45,77.00730679972358,86.34118322802988,13,86.19005328596802,4048,0,0,13,True,8,0,True,49,confirmation38,4201,cost_h_motion_reassign,4201,4201,official_detector,data37-10,0,0,0,deepocsort,True,4504
79.10672784139697,76.28681768640855,456,153,45,77.00730679972358,86.34118322802988,13,86.19005328596802,4048,0,0,13,True,8,0,True,49,confirmation38,4201,cost_h_full_postfilter,4201,4201,official_detector,data37-10,0,0,0,deepocsort,True,4504
79.10672784139697,76.28681768640855,456,153,45,77.00730679972358,86.34118322802988,13,86.19005328596802,4048,0,0,13,True,8,0,True,49,confirmation38,4201,cost_h_full_reassign,4201,4201,official_detector,data37-10,0,0,0,deepocsort,True,4504
79.7469449675406,76.28681768640855,456,153,45,77.3324114436418,87.21424468696152,12,86.21225577264654,4048,0,0,14,True,8,0,True,49,confirmation38,4201,cost_h_soft_information,4201,4201,official_detector,data37-10,0,0,0,deepocsort,True,4504
79.10672784139697,76.28681768640855,456,153,45,77.00730679972358,86.34118322802988,13,86.19005328596802,4048,0,0,13,True,8,0,True,49,confirmation38,4201,path_g_full_reassign,4201,4201,official_detector,data37-10,0,0,0,deepocsort,True,4504
63.34326622976408,60.821539670938485,2468,768,260,62.01285760238924,72.25557025129719,368,66.25152167805975,8211,0,0,0,True,8,0,True,363,confirmation38,8979,no_refinement,8979,8979,official_detector,data37-11,0,0,0,bytetrack,True,10679
64.75635155892422,60.81163901253844,2468,768,260,62.70503034812877,74.41245294536576,317,66.7290944845023,8211,5,1,111,True,8,0,True,363,confirmation38,8979,ace_v1,8979,8979,official_detector,data37-11,0,5,1,bytetrack,True,10679
64.64355112343789,60.81163901253844,2468,768,260,62.6530640170763,74.79906399430257,302,66.86955707463245,8211,6,2,124,True,8,0,True,363,confirmation38,8979,cost_r,8979,8979,official_detector,data37-11,0,6,2,bytetrack,True,10679
65.04160933546326,60.7925024561165,2468,768,260,62.83802367590924,75.91820124122495,236,67.48759247120518,8211,6,2,170,True,8,0,True,363,confirmation38,8979,cost_g_legacy,8979,8979,official_detector,data37-11,0,6,2,bytetrack,True,10679
64.70401175860073,60.80317778140191,2468,768,260,62.678365528224134,74.96184759385493,300,66.88828541998313,8211,6,2,154,True,8,0,True,363,confirmation38,8979,cost_h,8979,8979,official_detector,data37-11,0,6,2,bytetrack,True,10679
64.73436621344139,60.80317778140191,2468,768,260,62.693250586524776,75.01271746871502,295,66.93510628335987,8211,6,2,150,True,8,0,True,363,confirmation38,8979,path_g,8979,8979,official_detector,data37-11,0,6,2,bytetrack,True,10679
64.6939545483558,60.81163901253844,2468,768,260,62.67779291540534,74.97202156882695,297,66.91637793800918,8211,6,2,140,True,8,0,True,363,confirmation38,8979,cost_h_margin_reassign,8979,8979,official_detector,data37-11,0,6,2,bytetrack,True,10679
64.70410611732994,60.80317778140191,2468,768,260,62.678411934797055,74.96184759385493,300,66.88828541998313,8211,6,2,153,True,8,0,True,363,confirmation38,8979,cost_h_motion_reassign,8979,8979,official_detector,data37-11,0,6,2,bytetrack,True,10679
64.64659312323148,60.81163901253844,2468,768,260,62.65456822570229,74.87028181910672,305,66.84146455660643,8211,6,2,123,True,8,0,True,363,confirmation38,8979,cost_h_full_postfilter,8979,8979,official_detector,data37-11,0,6,2,bytetrack,True,10679
64.64509507241168,60.81163901253844,2468,768,260,62.65381344715767,74.7176721945264,302,66.86955707463245,8211,6,2,131,True,8,0,True,363,confirmation38,8979,cost_h_full_reassign,8979,8979,official_detector,data37-11,0,6,2,bytetrack,True,10679
64.71288182834903,60.80317778140191,2468,768,260,62.68271523247728,74.97202156882695,296,66.92574211068451,8211,6,2,152,True,8,0,True,363,confirmation38,8979,cost_h_soft_information,8979,8979,official_detector,data37-11,0,6,2,bytetrack,True,10679
64.69078855283277,60.81163901253844,2468,768,260,62.67623934117279,74.93132566893885,299,66.8976495926585,8211,6,2,131,True,8,0,True,363,confirmation38,8979,path_g_full_reassign,8979,8979,official_detector,data37-11,0,6,2,bytetrack,True,10679
69.35421762002501,64.86604856840526,3023,297,164,66.99400562752442,70.9424645770717,145,67.55314167993258,7656,0,0,0,True,8,0,True,170,confirmation38,7953,no_refinement,7953,7953,official_detector,data37-11,0,0,0,ocsort,True,10679
70.86394546716612,64.86604856840526,3023,297,164,67.72763061320288,72.48819235723487,122,67.7685176514655,7656,11,2,29,True,8,0,True,170,confirmation38,7953,ace_v1,7953,7953,official_detector,data37-11,0,11,2,ocsort,True,10679
70.88391172858128,64.86604856840526,3023,297,164,67.73761534846216,72.57406612279948,115,67.8340668601929,7656,11,2,35,True,8,0,True,170,confirmation38,7953,cost_r,7953,7953,official_detector,data37-11,0,11,2,ocsort,True,10679
70.69371559520219,64.86604856840526,3023,297,164,67.64693106116086,72.63847144697296,109,67.89025189624496,7656,12,4,38,True,8,0,True,170,confirmation38,7953,cost_g_legacy,7953,7953,official_detector,data37-11,0,12,4,ocsort,True,10679
70.84172154687877,64.86604856840526,3023,297,164,67.71765889703417,72.63847144697296,110,67.88088772356963,7656,12,3,37,True,8,0,True,170,confirmation38,7953,cost_h,7953,7953,official_detector,data37-11,0,12,3,ocsort,True,10679
70.89173405035127,64.86604856840526,3023,297,164,67.74139633798741,72.63847144697296,114,67.84343103286825,7656,11,2,36,True,8,0,True,170,confirmation38,7953,path_g,7953,7953,official_detector,data37-11,0,11,2,ocsort,True,10679
70.90763213022375,64.86604856840526,3023,297,164,67.74898143004727,72.63847144697296,110,67.88088772356963,7656,12,2,37,True,8,0,True,170,confirmation38,7953,cost_h_margin_reassign,7953,7953,official_detector,data37-11,0,12,2,ocsort,True,10679
70.83468105300467,64.86604856840526,3023,297,164,67.71425454501569,72.58480034349506,111,67.87152355089428,7656,12,3,36,True,8,0,True,170,confirmation38,7953,cost_h_motion_reassign,7953,7953,official_detector,data37-11,0,12,3,ocsort,True,10679
70.90298034459428,64.86604856840526,3023,297,164,67.7467077280616,72.58480034349506,113,67.85279520554359,7656,12,2,33,True,8,0,True,170,confirmation38,7953,cost_h_full_postfilter,7953,7953,official_detector,data37-11,0,12,2,ocsort,True,10679
70.9003675694776,64.86604856840526,3023,297,164,67.74547037929042,72.58480034349506,113,67.85279520554359,7656,12,2,35,True,8,0,True,170,confirmation38,7953,cost_h_full_reassign,7953,7953,official_detector,data37-11,0,12,2,ocsort,True,10679
70.84172154687877,64.86604856840526,3023,297,164,67.71765889703417,72.63847144697296,110,67.88088772356963,7656,12,3,37,True,8,0,True,170,confirmation38,7953,cost_h_soft_information,7953,7953,official_detector,data37-11,0,12,3,ocsort,True,10679
70.88469355647716,64.86604856840526,3023,297,164,67.73799316159258,72.58480034349506,115,67.8340668601929,7656,11,2,35,True,8,0,True,170,confirmation38,7953,path_g_full_reassign,7953,7953,official_detector,data37-11,0,11,2,ocsort,True,10679
83.72989255499228,75.73041933206493,1398,367,146,79.42209029033553,87.76504157032518,43,83.0695758029778,9281,0,0,0,True,8,0,True,114,confirmation38,9648,no_refinement,9648,9648,official_detector,data37-11,0,0,0,deepocsort,True,10679
84.07624385977059,75.73041933206493,1398,367,146,79.60570686888498,89.1130024105869,28,83.21003839310796,9281,5,2,15,True,8,0,True,114,confirmation38,9648,ace_v1,9648,9648,official_detector,data37-11,0,5,2,deepocsort,True,10679
84.49228401563815,75.73041933206493,1398,367,146,79.80774201838493,89.51640674964332,26,83.22876673845866,9281,5,2,16,True,8,0,True,114,confirmation38,9648,cost_r,9648,9648,official_detector,data37-11,0,5,2,deepocsort,True,10679
84.48855825781543,75.73041933206493,1398,367,146,79.80593441704914,89.51640674964332,26,83.22876673845866,9281,5,2,17,True,8,0,True,114,confirmation38,9648,cost_g_legacy,9648,9648,official_detector,data37-11,0,5,2,deepocsort,True,10679
84.49228401563815,75.73041933206493,1398,367,146,79.80774201838493,89.51640674964332,26,83.22876673845866,9281,5,2,16,True,8,0,True,114,confirmation38,9648,cost_h,9648,9648,official_detector,data37-11,0,5,2,deepocsort,True,10679
84.49228401563815,75.73041933206493,1398,367,146,79.80774201838493,89.51640674964332,26,83.22876673845866,9281,5,2,16,True,8,0,True,114,confirmation38,9648,path_g,9648,9648,official_detector,data37-11,0,5,2,deepocsort,True,10679
84.49228401563815,75.73041933206493,1398,367,146,79.80774201838493,89.51640674964332,26,83.22876673845866,9281,5,2,16,True,8,0,True,114,confirmation38,9648,cost_h_margin_reassign,9648,9648,official_detector,data37-11,0,5,2,deepocsort,True,10679
84.39377444992199,75.73041933206493,1398,367,146,79.76000899675998,89.42785457765532,27,83.21940256578331,9281,5,2,16,True,8,0,True,114,confirmation38,9648,cost_h_motion_reassign,9648,9648,official_detector,data37-11,0,5,2,deepocsort,True,10679
84.39716587850974,75.73041933206493,1398,367,146,79.76165565806672,89.42785457765532,27,83.21940256578331,9281,5,2,15,True,8,0,True,114,confirmation38,9648,cost_h_full_postfilter,9648,9648,official_detector,data37-11,0,5,2,deepocsort,True,10679
84.39716587850974,75.73041933206493,1398,367,146,79.76165565806672,89.42785457765532,27,83.21940256578331,9281,5,2,15,True,8,0,True,114,confirmation38,9648,cost_h_full_reassign,9648,9648,official_detector,data37-11,0,5,2,deepocsort,True,10679
84.49228401563815,75.73041933206493,1398,367,146,79.80774201838493,89.51640674964332,26,83.22876673845866,9281,5,2,16,True,8,0,True,114,confirmation38,9648,cost_h_soft_information,9648,9648,official_detector,data37-11,0,5,2,deepocsort,True,10679
84.39716587850974,75.73041933206493,1398,367,146,79.76165565806672,89.42785457765532,27,83.21940256578331,9281,5,2,15,True,8,0,True,114,confirmation38,9648,path_g_full_reassign,9648,9648,official_detector,data37-11,0,5,2,deepocsort,True,10679
77.85199319139758,60.349872528197665,463,322,9,68.34955422959992,79.04252610134964,9,60.96361848574238,1571,0,0,0,True,8,0,True,48,confirmation38,1893,no_refinement,1893,1893,official_detector,data37-12,0,0,0,bytetrack,True,2034
77.5121350289084,60.349872528197665,463,322,9,68.21090060181847,79.29717341482048,7,61.06194690265486,1571,0,0,11,True,8,0,True,48,confirmation38,1893,ace_v1,1893,1893,official_detector,data37-12,0,0,0,bytetrack,True,2034
77.5121350289084,60.349872528197665,463,322,9,68.21090060181847,79.29717341482048,7,61.06194690265486,1571,0,0,11,True,8,0,True,48,confirmation38,1893,cost_r,1893,1893,official_detector,data37-12,0,0,0,bytetrack,True,2034
77.5121350289084,60.349872528197665,463,322,9,68.21090060181847,79.29717341482048,7,61.06194690265486,1571,0,0,11,True,8,0,True,48,confirmation38,1893,cost_g_legacy,1893,1893,official_detector,data37-12,0,0,0,bytetrack,True,2034
77.5121350289084,60.349872528197665,463,322,9,68.21090060181847,79.29717341482048,7,61.06194690265486,1571,0,0,11,True,8,0,True,48,confirmation38,1893,cost_h,1893,1893,official_detector,data37-12,0,0,0,bytetrack,True,2034
77.5121350289084,60.349872528197665,463,322,9,68.21090060181847,79.29717341482048,7,61.06194690265486,1571,0,0,11,True,8,0,True,48,confirmation38,1893,path_g,1893,1893,official_detector,data37-12,0,0,0,bytetrack,True,2034
77.5121350289084,60.349872528197665,463,322,9,68.21090060181847,79.29717341482048,7,61.06194690265486,1571,0,0,11,True,8,0,True,48,confirmation38,1893,cost_h_margin_reassign,1893,1893,official_detector,data37-12,0,0,0,bytetrack,True,2034
77.5121350289084,60.349872528197665,463,322,9,68.21090060181847,79.29717341482048,7,61.06194690265486,1571,0,0,11,True,8,0,True,48,confirmation38,1893,cost_h_motion_reassign,1893,1893,official_detector,data37-12,0,0,0,bytetrack,True,2034
77.5121350289084,60.349872528197665,463,322,9,68.21090060181847,79.29717341482048,7,61.06194690265486,1571,0,0,11,True,8,0,True,48,confirmation38,1893,cost_h_full_postfilter,1893,1893,official_detector,data37-12,0,0,0,bytetrack,True,2034
77.5121350289084,60.349872528197665,463,322,9,68.21090060181847,79.29717341482048,7,61.06194690265486,1571,0,0,11,True,8,0,True,48,confirmation38,1893,cost_h_full_reassign,1893,1893,official_detector,data37-12,0,0,0,bytetrack,True,2034
77.5121350289084,60.349872528197665,463,322,9,68.21090060181847,79.29717341482048,7,61.06194690265486,1571,0,0,11,True,8,0,True,48,confirmation38,1893,cost_h_soft_information,1893,1893,official_detector,data37-12,0,0,0,bytetrack,True,2034
77.5121350289084,60.349872528197665,463,322,9,68.21090060181847,79.29717341482048,7,61.06194690265486,1571,0,0,11,True,8,0,True,48,confirmation38,1893,path_g_full_reassign,1893,1893,official_detector,data37-12,0,0,0,bytetrack,True,2034
88.40129679228433,71.76975956855705,338,151,5,79.5792399128225,86.62715794898223,10,75.46705998033431,1696,0,0,0,True,8,0,True,44,confirmation38,1847,no_refinement,1847,1847,official_detector,data37-12,0,0,0,ocsort,True,2034
88.49413945736589,71.76975956855705,338,151,5,79.62163486800134,87.03942282916775,3,75.81120943952803,1696,0,0,10,True,8,0,True,44,confirmation38,1847,ace_v1,1847,1847,official_detector,data37-12,0,0,0,ocsort,True,2034
88.49413945736589,71.76975956855705,338,151,5,79.62163486800134,87.03942282916775,3,75.81120943952803,1696,0,0,10,True,8,0,True,44,confirmation38,1847,cost_r,1847,1847,official_detector,data37-12,0,0,0,ocsort,True,2034
88.48991232252229,71.76975956855705,338,151,5,79.6197043988195,87.03942282916775,3,75.81120943952803,1696,0,0,11,True,8,0,True,44,confirmation38,1847,cost_g_legacy,1847,1847,official_detector,data37-12,0,0,0,ocsort,True,2034
88.48991232252229,71.76975956855705,338,151,5,79.6197043988195,87.03942282916775,3,75.81120943952803,1696,0,0,11,True,8,0,True,44,confirmation38,1847,cost_h,1847,1847,official_detector,data37-12,0,0,0,ocsort,True,2034
88.48991232252229,71.76975956855705,338,151,5,79.6197043988195,87.03942282916775,3,75.81120943952803,1696,0,0,11,True,8,0,True,44,confirmation38,1847,path_g,1847,1847,official_detector,data37-12,0,0,0,ocsort,True,2034
88.48991232252229,71.76975956855705,338,151,5,79.6197043988195,87.03942282916775,3,75.81120943952803,1696,0,0,11,True,8,0,True,44,confirmation38,1847,cost_h_margin_reassign,1847,1847,official_detector,data37-12,0,0,0,ocsort,True,2034
88.48991232252229,71.76975956855705,338,151,5,79.6197043988195,87.03942282916775,3,75.81120943952803,1696,0,0,11,True,8,0,True,44,confirmation38,1847,cost_h_motion_reassign,1847,1847,official_detector,data37-12,0,0,0,ocsort,True,2034
88.49413945736589,71.76975956855705,338,151,5,79.62163486800134,87.03942282916775,3,75.81120943952803,1696,0,0,10,True,8,0,True,44,confirmation38,1847,cost_h_full_postfilter,1847,1847,official_detector,data37-12,0,0,0,ocsort,True,2034
88.49413945736589,71.76975956855705,338,151,5,79.62163486800134,87.03942282916775,3,75.81120943952803,1696,0,0,10,True,8,0,True,44,confirmation38,1847,cost_h_full_reassign,1847,1847,official_detector,data37-12,0,0,0,ocsort,True,2034
88.48991232252229,71.76975956855705,338,151,5,79.6197043988195,87.03942282916775,3,75.81120943952803,1696,0,0,11,True,8,0,True,44,confirmation38,1847,cost_h_soft_information,1847,1847,official_detector,data37-12,0,0,0,ocsort,True,2034
88.49413945736589,71.76975956855705,338,151,5,79.62163486800134,87.03942282916775,3,75.81120943952803,1696,0,0,10,True,8,0,True,44,confirmation38,1847,path_g_full_reassign,1847,1847,official_detector,data37-12,0,0,0,ocsort,True,2034
87.3186911876156,74.91058723717593,203,147,18,80.71576510897847,90.82751744765703,2,82.69419862340216,1831,0,0,0,True,8,0,True,31,confirmation38,1978,no_refinement,1978,1978,official_detector,data37-12,0,0,0,deepocsort,True,2034
87.54015959693739,74.91058723717593,203,147,18,80.81898708373309,90.62811565304088,1,82.7433628318584,1831,1,0,1,True,8,0,True,31,confirmation38,1978,ace_v1,1978,1978,official_detector,data37-12,0,1,0,deepocsort,True,2034
87.54015959693739,74.91058723717593,203,147,18,80.81898708373309,90.62811565304088,1,82.7433628318584,1831,1,0,1,True,8,0,True,31,confirmation38,1978,cost_r,1978,1978,official_detector,data37-12,0,1,0,deepocsort,True,2034
87.54015959693739,74.91058723717593,203,147,18,80.81898708373309,90.62811565304088,1,82.7433628318584,1831,1,0,1,True,8,0,True,31,confirmation38,1978,cost_g_legacy,1978,1978,official_detector,data37-12,0,1,0,deepocsort,True,2034
87.54015959693739,74.91058723717593,203,147,18,80.81898708373309,90.62811565304088,1,82.7433628318584,1831,1,0,1,True,8,0,True,31,confirmation38,1978,cost_h,1978,1978,official_detector,data37-12,0,1,0,deepocsort,True,2034
87.54015959693739,74.91058723717593,203,147,18,80.81898708373309,90.62811565304088,1,82.7433628318584,1831,1,0,1,True,8,0,True,31,confirmation38,1978,path_g,1978,1978,official_detector,data37-12,0,1,0,deepocsort,True,2034
87.54015959693739,74.91058723717593,203,147,18,80.81898708373309,90.62811565304088,1,82.7433628318584,1831,1,0,1,True,8,0,True,31,confirmation38,1978,cost_h_margin_reassign,1978,1978,official_detector,data37-12,0,1,0,deepocsort,True,2034
87.66920917005416,74.91058723717593,203,147,18,80.88032707571855,91.12662013958126,1,82.7433628318584,1831,1,0,0,True,8,0,True,31,confirmation38,1978,cost_h_motion_reassign,1978,1978,official_detector,data37-12,0,1,0,deepocsort,True,2034
87.66920917005416,74.91058723717593,203,147,18,80.88032707571855,91.12662013958126,1,82.7433628318584,1831,1,0,0,True,8,0,True,31,confirmation38,1978,cost_h_full_postfilter,1978,1978,official_detector,data37-12,0,1,0,deepocsort,True,2034
87.66920917005416,74.91058723717593,203,147,18,80.88032707571855,91.12662013958126,1,82.7433628318584,1831,1,0,0,True,8,0,True,31,confirmation38,1978,cost_h_full_reassign,1978,1978,official_detector,data37-12,0,1,0,deepocsort,True,2034
87.54015959693739,74.91058723717593,203,147,18,80.81898708373309,90.62811565304088,1,82.7433628318584,1831,1,0,1,True,8,0,True,31,confirmation38,1978,cost_h_soft_information,1978,1978,official_detector,data37-12,0,1,0,deepocsort,True,2034
87.66920917005416,74.91058723717593,203,147,18,80.88032707571855,91.12662013958126,1,82.7433628318584,1831,1,0,0,True,8,0,True,31,confirmation38,1978,path_g_full_reassign,1978,1978,official_detector,data37-12,0,1,0,deepocsort,True,2034
40.18260882792482,45.60352231782517,2073,457,382,41.57822435071763,44.286609567578864,652,43.1277926720286,3522,0,0,0,True,8,0,True,279,confirmation38,3979,no_refinement,3979,3979,official_detector,data37-2,0,0,0,bytetrack,True,5595
39.72647151655042,45.60352231782517,2073,457,382,41.342504717684676,43.82703154376436,624,43.628239499553175,3522,0,2,94,True,8,0,True,279,confirmation38,3979,ace_v1,3979,3979,official_detector,data37-2,0,0,2,bytetrack,True,5595
40.05336665118764,45.63663971915693,2073,457,382,41.54728501004648,44.432838938792564,610,43.87846291331546,3522,0,1,100,True,8,0,True,279,confirmation38,3979,cost_r,3979,3979,official_detector,data37-2,0,0,1,bytetrack,True,5595
39.69121304526636,45.63047262328398,2073,457,382,41.33419129927176,44.14038019636515,590,44.23592493297587,3522,0,2,164,True,8,0,True,279,confirmation38,3979,cost_g_legacy,3979,3979,official_detector,data37-2,0,0,2,bytetrack,True,5595
39.75123520119421,45.6312910414317,2073,457,382,41.36663971853193,44.286609567578864,610,43.87846291331546,3522,0,1,154,True,8,0,True,279,confirmation38,3979,cost_h,3979,3979,official_detector,data37-2,0,0,1,bytetrack,True,5595
39.67082718787115,45.6690578212971,2073,457,382,41.33877186450373,44.16127010653854,607,43.932082216264526,3522,0,1,144,True,8,0,True,279,confirmation38,3979,path_g,3979,3979,official_detector,data37-2,0,0,1,bytetrack,True,5595
39.84362558839491,45.63663971915693,2073,457,382,41.427225655682705,44.16127010653854,607,43.932082216264526,3522,0,2,128,True,8,0,True,279,confirmation38,3979,cost_h_margin_reassign,3979,3979,official_detector,data37-2,0,0,2,bytetrack,True,5595
39.751179319163036,45.6312910414317,2073,457,382,41.366607906473554,44.286609567578864,610,43.87846291331546,3522,0,1,154,True,8,0,True,279,confirmation38,3979,cost_h_motion_reassign,3979,3979,official_detector,data37-2,0,0,1,bytetrack,True,5595
39.826026469556815,45.63663971915693,2073,457,382,41.41562136299593,43.97326091497806,615,43.78909740840036,3522,0,1,102,True,8,0,True,279,confirmation38,3979,cost_h_full_postfilter,3979,3979,official_detector,data37-2,0,0,1,bytetrack,True,5595
39.841463076832284,45.63663971915693,2073,457,382,41.425787391625754,44.16127010653854,608,43.9142091152815,3522,0,2,117,True,8,0,True,279,confirmation38,3979,cost_h_full_reassign,3979,3979,official_detector,data37-2,0,0,2,bytetrack,True,5595
39.76944821005694,45.6312910414317,2073,457,382,41.37807026753236,44.14038019636515,604,43.985701519213585,3522,0,1,150,True,8,0,True,279,confirmation38,3979,cost_h_soft_information,3979,3979,official_detector,data37-2,0,0,1,bytetrack,True,5595
39.811834176104604,45.63663971915693,2073,457,382,41.40809949288744,44.16127010653854,610,43.87846291331546,3522,0,1,117,True,8,0,True,279,confirmation38,3979,path_g_full_reassign,3979,3979,official_detector,data37-2,0,0,1,bytetrack,True,5595
54.68268579593219,38.45633177740261,2893,270,296,44.93120693717279,46.94758958795377,278,38.498659517426276,2702,0,0,0,True,8,0,True,239,confirmation38,2972,no_refinement,2972,2972,official_detector,data37-2,0,0,0,ocsort,True,5595
55.10575391833409,38.45633177740261,2893,270,296,45.123549501146876,47.39115209524921,256,38.89186773905273,2702,0,7,80,True,8,0,True,239,confirmation38,2972,ace_v1,2972,2972,official_detector,data37-2,0,0,7,ocsort,True,5595
55.15564484743154,38.45633177740261,2893,270,296,45.14625184241007,47.57791525621571,246,39.07059874888293,2702,0,7,90,True,8,0,True,239,confirmation38,2972,cost_r,2972,2972,official_detector,data37-2,0,0,7,ocsort,True,5595
55.01481672771643,38.45633177740261,2893,270,296,45.08429758782576,47.48453367573246,233,39.3029490616622,2702,2,8,136,True,8,0,True,239,confirmation38,2972,cost_g_legacy,2972,2972,official_detector,data37-2,1,1,8,ocsort,True,5595
55.40037208945421,38.46482939758664,2893,270,296,45.262241310171596,47.88140539278628,230,39.35656836461126,2702,2,7,135,True,8,0,True,239,confirmation38,2972,cost_h,2972,2972,official_detector,data37-2,1,1,7,ocsort,True,5595
55.11053728032982,38.43793086430733,2893,270,296,45.11676401722943,47.5545698610949,240,39.177837354781055,2702,0,7,131,True,8,0,True,239,confirmation38,2972,path_g,2972,2972,official_detector,data37-2,0,0,7,ocsort,True,5595
55.15648634076052,38.468800067798185,2893,270,296,45.15479432229523,47.48453367573246,234,39.28507596067918,2702,1,7,117,True,8,0,True,239,confirmation38,2972,cost_h_margin_reassign,2972,2972,official_detector,data37-2,0,1,7,ocsort,True,5595
55.38246396908646,38.46482939758664,2893,270,296,45.25443809717114,47.76467841718221,229,39.37444146559428,2702,2,7,134,True,8,0,True,239,confirmation38,2972,cost_h_motion_reassign,2972,2972,official_detector,data37-2,1,1,7,ocsort,True,5595
55.45796103891433,38.44189881466682,2893,270,296,45.27334790700457,48.02147776351115,238,39.213583556747096,2702,2,6,96,True,8,0,True,239,confirmation38,2972,cost_h_full_postfilter,2972,2972,official_detector,data37-2,1,1,6,ocsort,True,5595
55.22945982612282,38.44189881466682,2893,270,296,45.1718956107165,47.601260651336524,238,39.213583556747096,2702,1,7,105,True,8,0,True,239,confirmation38,2972,cost_h_full_reassign,2972,2972,official_detector,data37-2,0,1,7,ocsort,True,5595
55.10347637693036,38.46482939758664,2893,270,296,45.128791875749805,47.57791525621571,234,39.28507596067918,2702,2,7,131,True,8,0,True,239,confirmation38,2972,cost_h_soft_information,2972,2972,official_detector,data37-2,1,1,7,ocsort,True,5595
55.11879382870195,38.44189881466682,2893,270,296,45.12270179396173,47.43784288549084,242,39.14209115281501,2702,0,7,104,True,8,0,True,239,confirmation38,2972,path_g_full_reassign,2972,2972,official_detector,data37-2,0,0,7,ocsort,True,5595
68.63403600377784,58.56312949300055,1360,261,114,62.397873114222236,75.13626003369339,48,70.1697944593387,4235,0,0,0,True,8,0,True,80,confirmation38,4496,no_refinement,4496,4496,official_detector,data37-2,0,0,0,deepocsort,True,5595
69.39453645691594,58.60986771915846,1360,261,114,62.78228879242283,75.9290456842731,41,70.29490616621985,4235,2,1,18,True,8,0,True,80,confirmation38,4496,ace_v1,4496,4496,official_detector,data37-2,0,2,1,deepocsort,True,5595
70.31903629269789,58.56312949300055,1360,261,114,63.19762300972673,76.48399563967892,39,70.33065236818588,4235,3,0,17,True,8,0,True,80,confirmation38,4496,cost_r,4496,4496,official_detector,data37-2,0,3,0,deepocsort,True,5595
70.05776564403283,58.605168963921784,1360,261,114,63.094882289081546,76.50381528094341,38,70.3485254691689,4235,3,0,20,True,8,0,True,80,confirmation38,4496,cost_g_legacy,4496,4496,official_detector,data37-2,0,3,0,deepocsort,True,5595
70.05776564403283,58.605168963921784,1360,261,114,63.094882289081546,76.50381528094341,38,70.3485254691689,4235,3,0,20,True,8,0,True,80,confirmation38,4496,cost_h,4496,4496,official_detector,data37-2,0,3,0,deepocsort,True,5595
70.05776564403283,58.605168963921784,1360,261,114,63.094882289081546,76.50381528094341,38,70.3485254691689,4235,3,0,20,True,8,0,True,80,confirmation38,4496,path_g,4496,4496,official_detector,data37-2,0,3,0,deepocsort,True,5595
70.06940194232136,58.60038292993266,1360,261,114,63.09807575702221,76.48399563967892,39,70.33065236818588,4235,3,0,19,True,8,0,True,80,confirmation38,4496,cost_h_margin_reassign,4496,4496,official_detector,data37-2,0,3,0,deepocsort,True,5595
70.10879264792393,58.605168963921784,1360,261,114,63.119121210952954,76.66237241105937,38,70.3485254691689,4235,3,0,17,True,8,0,True,80,confirmation38,4496,cost_h_motion_reassign,4496,4496,official_detector,data37-2,0,3,0,deepocsort,True,5595
70.12043131739473,58.60038292993266,1360,261,114,63.122312503692655,76.64255276979488,39,70.33065236818588,4235,3,0,16,True,8,0,True,80,confirmation38,4496,cost_h_full_postfilter,4496,4496,official_detector,data37-2,0,3,0,deepocsort,True,5595
70.12043131739473,58.60038292993266,1360,261,114,63.122312503692655,76.64255276979488,39,70.33065236818588,4235,3,0,16,True,8,0,True,80,confirmation38,4496,cost_h_full_reassign,4496,4496,official_detector,data37-2,0,3,0,deepocsort,True,5595
70.05776564403283,58.605168963921784,1360,261,114,63.094882289081546,76.50381528094341,38,70.3485254691689,4235,3,0,20,True,8,0,True,80,confirmation38,4496,cost_h_soft_information,4496,4496,official_detector,data37-2,0,3,0,deepocsort,True,5595
70.12043131739473,58.60038292993266,1360,261,114,63.122312503692655,76.64255276979488,39,70.33065236818588,4235,3,0,16,True,8,0,True,80,confirmation38,4496,path_g_full_reassign,4496,4496,official_detector,data37-2,0,3,0,deepocsort,True,5595
71.06105959329136,28.381357301769654,422,11,9,44.77285542978205,47.33861834654587,14,30.911901081916536,225,0,0,0,True,8,0,True,27,confirmation38,236,no_refinement,236,236,official_detector,data39-1,0,0,0,bytetrack,True,647
71.1928507344876,28.392206260429347,422,11,9,44.824915019063276,47.7916194790487,11,31.375579598145286,225,0,0,10,True,8,0,True,27,confirmation38,236,ace_v1,236,236,official_detector,data39-1,0,0,0,bytetrack,True,647
71.42050277686785,28.392206260429347,422,11,9,44.90007977508802,48.69762174405436,9,31.68469860896445,225,0,0,9,True,8,0,True,27,confirmation38,236,cost_r,236,236,official_detector,data39-1,0,0,0,bytetrack,True,647
71.3451396783571,28.392206260429347,422,11,9,44.87539204785233,48.01812004530011,9,31.68469860896445,225,0,0,15,True,8,0,True,27,confirmation38,236,cost_g_legacy,236,236,official_detector,data39-1,0,0,0,bytetrack,True,647
71.50761960068262,28.392206260429347,422,11,9,44.92868401873641,48.69762174405436,8,31.839258114374037,225,0,0,14,True,8,0,True,27,confirmation38,236,cost_h,236,236,official_detector,data39-1,0,0,0,bytetrack,True,647
71.41706898213744,28.392206260429347,422,11,9,44.89904314096657,48.47112117780294,9,31.68469860896445,225,0,0,13,True,8,0,True,27,confirmation38,236,path_g,236,236,official_detector,data39-1,0,0,0,bytetrack,True,647
71.40332715094343,28.392206260429347,422,11,9,44.894487847660066,48.47112117780294,9,31.68469860896445,225,0,0,12,True,8,0,True,27,confirmation38,236,cost_h_margin_reassign,236,236,official_detector,data39-1,0,0,0,bytetrack,True,647
71.50761960068262,28.392206260429347,422,11,9,44.92868401873641,48.69762174405436,8,31.839258114374037,225,0,0,14,True,8,0,True,27,confirmation38,236,cost_h_motion_reassign,236,236,official_detector,data39-1,0,0,0,bytetrack,True,647
71.42431355646855,28.392206260429347,422,11,9,44.901326575088454,48.69762174405436,9,31.68469860896445,225,0,0,8,True,8,0,True,27,confirmation38,236,cost_h_full_postfilter,236,236,official_detector,data39-1,0,0,0,bytetrack,True,647
71.42050277686785,28.392206260429347,422,11,9,44.90007977508802,48.69762174405436,9,31.68469860896445,225,0,0,9,True,8,0,True,27,confirmation38,236,cost_h_full_reassign,236,236,official_detector,data39-1,0,0,0,bytetrack,True,647
71.48816699663925,28.370541419203434,422,11,9,44.906197029298795,48.47112117780294,9,31.68469860896445,225,0,0,13,True,8,0,True,27,confirmation38,236,cost_h_soft_information,236,236,official_detector,data39-1,0,0,0,bytetrack,True,647
71.42050277686785,28.392206260429347,422,11,9,44.90007977508802,48.69762174405436,9,31.68469860896445,225,0,0,9,True,8,0,True,27,confirmation38,236,path_g_full_reassign,236,236,official_detector,data39-1,0,0,0,bytetrack,True,647
79.67905465238798,27.132132882528904,447,12,3,46.418088498238745,45.63445867287544,3,28.593508500772796,200,0,0,0,True,8,0,True,14,confirmation38,212,no_refinement,212,212,official_detector,data39-1,0,0,0,ocsort,True,647
79.62423936415574,27.132132882528904,447,12,3,46.40148270348915,45.401629802095464,3,28.593508500772796,200,0,0,5,True,8,0,True,14,confirmation38,212,ace_v1,212,212,official_detector,data39-1,0,0,0,ocsort,True,647
79.71551234494075,27.121578799302775,447,12,3,46.42046430545296,45.63445867287544,3,28.593508500772796,200,0,0,4,True,8,0,True,14,confirmation38,212,cost_r,212,212,official_detector,data39-1,0,0,0,ocsort,True,647
79.74124339963821,27.121578799302775,447,12,3,46.42815562001738,45.401629802095464,2,28.748068006182383,200,0,0,8,True,8,0,True,14,confirmation38,212,cost_g_legacy,212,212,official_detector,data39-1,0,0,0,ocsort,True,647
79.70057716819392,27.121578799302775,447,12,3,46.4160198855755,45.16880093131548,3,28.593508500772796,200,0,0,7,True,8,0,True,14,confirmation38,212,cost_h,212,212,official_detector,data39-1,0,0,0,ocsort,True,647
79.70057716819392,27.121578799302775,447,12,3,46.4160198855755,45.16880093131548,3,28.593508500772796,200,0,0,7,True,8,0,True,14,confirmation38,212,path_g,212,212,official_detector,data39-1,0,0,0,ocsort,True,647
79.70057716819392,27.121578799302775,447,12,3,46.4160198855755,45.16880093131548,3,28.593508500772796,200,0,0,7,True,8,0,True,14,confirmation38,212,cost_h_margin_reassign,212,212,official_detector,data39-1,0,0,0,ocsort,True,647
79.70057716819392,27.121578799302775,447,12,3,46.4160198855755,45.16880093131548,3,28.593508500772796,200,0,0,7,True,8,0,True,14,confirmation38,212,cost_h_motion_reassign,212,212,official_detector,data39-1,0,0,0,ocsort,True,647
79.71551234494075,27.121578799302775,447,12,3,46.42046430545296,45.63445867287544,3,28.593508500772796,200,0,0,4,True,8,0,True,14,confirmation38,212,cost_h_full_postfilter,212,212,official_detector,data39-1,0,0,0,ocsort,True,647
79.71551234494075,27.121578799302775,447,12,3,46.42046430545296,45.63445867287544,3,28.593508500772796,200,0,0,4,True,8,0,True,14,confirmation38,212,cost_h_full_reassign,212,212,official_detector,data39-1,0,0,0,ocsort,True,647
79.62377780135752,27.132132882528904,447,12,3,46.40140257975604,45.16880093131548,3,28.593508500772796,200,0,0,7,True,8,0,True,14,confirmation38,212,cost_h_soft_information,212,212,official_detector,data39-1,0,0,0,ocsort,True,647
79.71551234494075,27.121578799302775,447,12,3,46.42046430545296,45.63445867287544,3,28.593508500772796,200,0,0,4,True,8,0,True,14,confirmation38,212,path_g_full_reassign,212,212,official_detector,data39-1,0,0,0,ocsort,True,647
71.21023882222438,35.12611586826144,374,10,6,49.6515400741643,56.774193548387096,3,40.1854714064915,273,0,0,0,True,8,0,True,12,confirmation38,283,no_refinement,283,283,official_detector,data39-1,0,0,0,deepocsort,True,647
72.01357269674907,35.12611586826144,374,10,6,49.94351757995767,57.41935483870968,2,40.34003091190108,273,1,0,3,True,8,0,True,12,confirmation38,283,ace_v1,283,283,official_detector,data39-1,0,1,0,deepocsort,True,647
72.30144900612038,35.09169580715769,374,10,6,50.026642340854835,57.8494623655914,1,40.49459041731067,273,1,0,4,True,8,0,True,12,confirmation38,283,cost_r,283,283,official_detector,data39-1,0,1,0,deepocsort,True,647
72.30144900612038,35.09169580715769,374,10,6,50.026642340854835,57.8494623655914,1,40.49459041731067,273,1,0,4,True,8,0,True,12,confirmation38,283,cost_g_legacy,283,283,official_detector,data39-1,0,1,0,deepocsort,True,647
72.30144900612038,35.09169580715769,374,10,6,50.026642340854835,57.8494623655914,1,40.49459041731067,273,1,0,4,True,8,0,True,12,confirmation38,283,cost_h,283,283,official_detector,data39-1,0,1,0,deepocsort,True,647
72.30144900612038,35.09169580715769,374,10,6,50.026642340854835,57.8494623655914,1,40.49459041731067,273,1,0,4,True,8,0,True,12,confirmation38,283,path_g,283,283,official_detector,data39-1,0,1,0,deepocsort,True,647
72.30144900612038,35.09169580715769,374,10,6,50.026642340854835,57.8494623655914,1,40.49459041731067,273,1,0,4,True,8,0,True,12,confirmation38,283,cost_h_margin_reassign,283,283,official_detector,data39-1,0,1,0,deepocsort,True,647
72.30144900612038,35.09169580715769,374,10,6,50.026642340854835,57.8494623655914,1,40.49459041731067,273,1,0,4,True,8,0,True,12,confirmation38,283,cost_h_motion_reassign,283,283,official_detector,data39-1,0,1,0,deepocsort,True,647
72.30144900612038,35.09169580715769,374,10,6,50.026642340854835,57.8494623655914,1,40.49459041731067,273,1,0,4,True,8,0,True,12,confirmation38,283,cost_h_full_postfilter,283,283,official_detector,data39-1,0,1,0,deepocsort,True,647
72.30144900612038,35.09169580715769,374,10,6,50.026642340854835,57.8494623655914,1,40.49459041731067,273,1,0,4,True,8,0,True,12,confirmation38,283,cost_h_full_reassign,283,283,official_detector,data39-1,0,1,0,deepocsort,True,647
72.30144900612038,35.09169580715769,374,10,6,50.026642340854835,57.8494623655914,1,40.49459041731067,273,1,0,4,True,8,0,True,12,confirmation38,283,cost_h_soft_information,283,283,official_detector,data39-1,0,1,0,deepocsort,True,647
72.30144900612038,35.09169580715769,374,10,6,50.026642340854835,57.8494623655914,1,40.49459041731067,273,1,0,4,True,8,0,True,12,confirmation38,283,path_g_full_reassign,283,283,official_detector,data39-1,0,1,0,deepocsort,True,647
2.828952302539033,10.51543379461075,394,1,23,5.309358985569359,6.779661016949152,43,5.194805194805195,68,0,0,0,True,8,0,True,39,confirmation38,69,no_refinement,69,69,official_detector,data39-2,0,0,0,bytetrack,True,462
7.095344581497759,10.51543379461075,394,1,23,8.586392418090034,11.67608286252354,25,9.090909090909092,68,0,0,19,True,8,0,True,39,confirmation38,69,ace_v1,69,69,official_detector,data39-2,0,0,0,bytetrack,True,462
7.267199133741653,10.51543379461075,394,1,23,8.6904482407669,12.052730696798493,26,8.874458874458876,68,0,0,19,True,8,0,True,39,confirmation38,69,cost_r,69,69,official_detector,data39-2,0,0,0,bytetrack,True,462
7.632676024614223,10.51543379461075,394,1,23,8.902733445922713,12.429378531073446,23,9.523809523809524,68,0,0,21,True,8,0,True,39,confirmation38,69,cost_g_legacy,69,69,official_detector,data39-2,0,0,0,bytetrack,True,462
7.275183213557539,10.51543379461075,394,1,23,8.695334667124213,12.052730696798493,27,8.658008658008658,68,0,0,20,True,8,0,True,39,confirmation38,69,cost_h,69,69,official_detector,data39-2,0,0,0,bytetrack,True,462
7.267199133741653,10.51543379461075,394,1,23,8.6904482407669,12.052730696798493,26,8.874458874458876,68,0,0,19,True,8,0,True,39,confirmation38,69,path_g,69,69,official_detector,data39-2,0,0,0,bytetrack,True,462
7.267199133741653,10.51543379461075,394,1,23,8.6904482407669,12.052730696798493,26,8.874458874458876,68,0,0,19,True,8,0,True,39,confirmation38,69,cost_h_margin_reassign,69,69,official_detector,data39-2,0,0,0,bytetrack,True,462
7.275183213557539,10.51543379461075,394,1,23,8.695334667124213,12.052730696798493,27,8.658008658008658,68,0,0,20,True,8,0,True,39,confirmation38,69,cost_h_motion_reassign,69,69,official_detector,data39-2,0,0,0,bytetrack,True,462
7.129635824304172,10.51543379461075,394,1,23,8.606047880349061,12.052730696798493,27,8.658008658008658,68,0,0,18,True,8,0,True,39,confirmation38,69,cost_h_full_postfilter,69,69,official_detector,data39-2,0,0,0,bytetrack,True,462
7.267199133741653,10.51543379461075,394,1,23,8.6904482407669,12.052730696798493,26,8.874458874458876,68,0,0,19,True,8,0,True,39,confirmation38,69,cost_h_full_reassign,69,69,official_detector,data39-2,0,0,0,bytetrack,True,462
7.267199133741653,10.51543379461075,394,1,23,8.6904482407669,12.052730696798493,26,8.874458874458876,68,0,0,19,True,8,0,True,39,confirmation38,69,cost_h_soft_information,69,69,official_detector,data39-2,0,0,0,bytetrack,True,462
7.267199133741653,10.51543379461075,394,1,23,8.6904482407669,12.052730696798493,26,8.874458874458876,68,0,0,19,True,8,0,True,39,confirmation38,69,path_g_full_reassign,69,69,official_detector,data39-2,0,0,0,bytetrack,True,462
11.959084410681953,9.277362729344448,405,0,6,10.170970086939327,14.258188824662813,17,8.658008658008658,57,0,0,0,True,8,0,True,17,confirmation38,57,no_refinement,57,57,official_detector,data39-2,0,0,0,ocsort,True,462
13.508807840598951,9.277362729344448,405,0,6,10.877856359367154,18.11175337186898,9,10.38961038961039,57,0,0,10,True,8,0,True,17,confirmation38,57,ace_v1,57,57,official_detector,data39-2,0,0,0,ocsort,True,462
13.508807840598951,9.277362729344448,405,0,6,10.877856359367154,18.11175337186898,9,10.38961038961039,57,0,0,10,True,8,0,True,17,confirmation38,57,cost_r,57,57,official_detector,data39-2,0,0,0,ocsort,True,462
13.508807840598951,9.277362729344448,405,0,6,10.877856359367154,18.11175337186898,9,10.38961038961039,57,0,0,10,True,8,0,True,17,confirmation38,57,cost_g_legacy,57,57,official_detector,data39-2,0,0,0,ocsort,True,462
13.508807840598951,9.277362729344448,405,0,6,10.877856359367154,18.11175337186898,9,10.38961038961039,57,0,0,10,True,8,0,True,17,confirmation38,57,cost_h,57,57,official_detector,data39-2,0,0,0,ocsort,True,462
13.508807840598951,9.277362729344448,405,0,6,10.877856359367154,18.11175337186898,9,10.38961038961039,57,0,0,10,True,8,0,True,17,confirmation38,57,path_g,57,57,official_detector,data39-2,0,0,0,ocsort,True,462
13.508807840598951,9.277362729344448,405,0,6,10.877856359367154,18.11175337186898,9,10.38961038961039,57,0,0,10,True,8,0,True,17,confirmation38,57,cost_h_margin_reassign,57,57,official_detector,data39-2,0,0,0,ocsort,True,462
13.508807840598951,9.277362729344448,405,0,6,10.877856359367154,18.11175337186898,9,10.38961038961039,57,0,0,10,True,8,0,True,17,confirmation38,57,cost_h_motion_reassign,57,57,official_detector,data39-2,0,0,0,ocsort,True,462
13.508807840598951,9.277362729344448,405,0,6,10.877856359367154,18.11175337186898,9,10.38961038961039,57,0,0,10,True,8,0,True,17,confirmation38,57,cost_h_full_postfilter,57,57,official_detector,data39-2,0,0,0,ocsort,True,462
13.508807840598951,9.277362729344448,405,0,6,10.877856359367154,18.11175337186898,9,10.38961038961039,57,0,0,10,True,8,0,True,17,confirmation38,57,cost_h_full_reassign,57,57,official_detector,data39-2,0,0,0,ocsort,True,462
13.508807840598951,9.277362729344448,405,0,6,10.877856359367154,18.11175337186898,9,10.38961038961039,57,0,0,10,True,8,0,True,17,confirmation38,57,cost_h_soft_information,57,57,official_detector,data39-2,0,0,0,ocsort,True,462
13.508807840598951,9.277362729344448,405,0,6,10.877856359367154,18.11175337186898,9,10.38961038961039,57,0,0,10,True,8,0,True,17,confirmation38,57,path_g_full_reassign,57,57,official_detector,data39-2,0,0,0,ocsort,True,462
66.84650547276803,64.29456991598005,51,6,10,65.42562034161993,91.92263936291239,1,87.44588744588745,411,0,0,0,True,8,0,True,2,confirmation38,417,no_refinement,417,417,official_detector,data39-2,0,0,0,deepocsort,True,462
66.84650547276803,64.29456991598005,51,6,10,65.42562034161993,91.92263936291239,1,87.44588744588745,411,0,0,0,True,8,0,True,2,confirmation38,417,ace_v1,417,417,official_detector,data39-2,0,0,0,deepocsort,True,462
66.84650547276803,64.29456991598005,51,6,10,65.42562034161993,91.92263936291239,1,87.44588744588745,411,0,0,0,True,8,0,True,2,confirmation38,417,cost_r,417,417,official_detector,data39-2,0,0,0,deepocsort,True,462
66.84650547276803,64.29456991598005,51,6,10,65.42562034161993,91.92263936291239,1,87.44588744588745,411,0,0,0,True,8,0,True,2,confirmation38,417,cost_g_legacy,417,417,official_detector,data39-2,0,0,0,deepocsort,True,462
66.84650547276803,64.29456991598005,51,6,10,65.42562034161993,91.92263936291239,1,87.44588744588745,411,0,0,0,True,8,0,True,2,confirmation38,417,cost_h,417,417,official_detector,data39-2,0,0,0,deepocsort,True,462
66.84650547276803,64.29456991598005,51,6,10,65.42562034161993,91.92263936291239,1,87.44588744588745,411,0,0,0,True,8,0,True,2,confirmation38,417,path_g,417,417,official_detector,data39-2,0,0,0,deepocsort,True,462
66.84650547276803,64.29456991598005,51,6,10,65.42562034161993,91.92263936291239,1,87.44588744588745,411,0,0,0,True,8,0,True,2,confirmation38,417,cost_h_margin_reassign,417,417,official_detector,data39-2,0,0,0,deepocsort,True,462
66.84650547276803,64.29456991598005,51,6,10,65.42562034161993,91.92263936291239,1,87.44588744588745,411,0,0,0,True,8,0,True,2,confirmation38,417,cost_h_motion_reassign,417,417,official_detector,data39-2,0,0,0,deepocsort,True,462
66.84650547276803,64.29456991598005,51,6,10,65.42562034161993,91.92263936291239,1,87.44588744588745,411,0,0,0,True,8,0,True,2,confirmation38,417,cost_h_full_postfilter,417,417,official_detector,data39-2,0,0,0,deepocsort,True,462
66.84650547276803,64.29456991598005,51,6,10,65.42562034161993,91.92263936291239,1,87.44588744588745,411,0,0,0,True,8,0,True,2,confirmation38,417,cost_h_full_reassign,417,417,official_detector,data39-2,0,0,0,deepocsort,True,462
66.84650547276803,64.29456991598005,51,6,10,65.42562034161993,91.92263936291239,1,87.44588744588745,411,0,0,0,True,8,0,True,2,confirmation38,417,cost_h_soft_information,417,417,official_detector,data39-2,0,0,0,deepocsort,True,462
66.84650547276803,64.29456991598005,51,6,10,65.42562034161993,91.92263936291239,1,87.44588744588745,411,0,0,0,True,8,0,True,2,confirmation38,417,path_g_full_reassign,417,417,official_detector,data39-2,0,0,0,deepocsort,True,462
4.51775436012966,7.597379473686917,1147,41,57,5.631913762315674,5.013927576601671,76,0.5507474429583006,124,0,0,0,True,8,0,True,104,confirmation38,165,no_refinement,165,165,official_detector,data39-3,0,0,0,bytetrack,True,1271
6.794743671392328,7.597379473686917,1147,41,57,6.963102721260029,7.520891364902507,53,2.3603461841070024,124,0,0,34,True,8,0,True,104,confirmation38,165,ace_v1,165,165,official_detector,data39-3,0,0,0,bytetrack,True,1271
7.198034996149434,7.597379473686917,1147,41,57,7.180960829368875,7.938718662952645,48,2.753737214791503,124,0,0,37,True,8,0,True,104,confirmation38,165,cost_r,165,165,official_detector,data39-3,0,0,0,bytetrack,True,1271
7.285909348209879,7.597379473686917,1147,41,57,7.230227243371326,8.07799442896936,47,2.832415420928403,124,0,0,41,True,8,0,True,104,confirmation38,165,cost_g_legacy,165,165,official_detector,data39-3,0,0,0,bytetrack,True,1271
7.271838801432211,7.615462475972658,1147,41,57,7.226535935348369,8.07799442896936,49,2.675059008654603,124,0,0,41,True,8,0,True,104,confirmation38,165,cost_h,165,165,official_detector,data39-3,0,0,0,bytetrack,True,1271
7.210099965323767,7.597379473686917,1147,41,57,7.188574631811195,7.938718662952645,48,2.753737214791503,124,0,0,40,True,8,0,True,104,confirmation38,165,path_g,165,165,official_detector,data39-3,0,0,0,bytetrack,True,1271
7.233243457911516,7.615462475972658,1147,41,57,7.210124196149397,8.07799442896936,48,2.753737214791503,124,0,0,38,True,8,0,True,104,confirmation38,165,cost_h_margin_reassign,165,165,official_detector,data39-3,0,0,0,bytetrack,True,1271
7.271838801432211,7.615462475972658,1147,41,57,7.226535935348369,8.07799442896936,49,2.675059008654603,124,0,0,41,True,8,0,True,104,confirmation38,165,cost_h_motion_reassign,165,165,official_detector,data39-3,0,0,0,bytetrack,True,1271
7.134255207474599,7.615462475972658,1147,41,57,7.157026217952963,7.938718662952645,49,2.675059008654603,124,0,0,37,True,8,0,True,104,confirmation38,165,cost_h_full_postfilter,165,165,official_detector,data39-3,0,0,0,bytetrack,True,1271
7.233243457911516,7.615462475972658,1147,41,57,7.210124196149397,8.07799442896936,48,2.753737214791503,124,0,0,38,True,8,0,True,104,confirmation38,165,cost_h_full_reassign,165,165,official_detector,data39-3,0,0,0,bytetrack,True,1271
7.271838801432211,7.615462475972658,1147,41,57,7.226535935348369,8.07799442896936,49,2.675059008654603,124,0,0,41,True,8,0,True,104,confirmation38,165,cost_h_soft_information,165,165,official_detector,data39-3,0,0,0,bytetrack,True,1271
7.198034996149434,7.597379473686917,1147,41,57,7.180960829368875,7.938718662952645,48,2.753737214791503,124,0,0,37,True,8,0,True,104,confirmation38,165,path_g_full_reassign,165,165,official_detector,data39-3,0,0,0,bytetrack,True,1271
1.722854235917749,2.101146777167176,1237,14,5,1.8424042875987356,2.122820318423048,20,0.0,34,0,0,0,True,8,0,True,40,confirmation38,48,no_refinement,48,48,official_detector,data39-3,0,0,0,ocsort,True,1271
3.16185838883822,2.101146777167176,1237,14,5,2.5469407539227222,3.9423805913570886,9,0.865460267505901,34,0,0,20,True,8,0,True,40,confirmation38,48,ace_v1,48,48,official_detector,data39-3,0,0,0,ocsort,True,1271
3.5300431513891435,2.101146777167176,1237,14,5,2.699187846945976,4.094010614101592,6,1.1014948859166012,34,0,0,22,True,8,0,True,40,confirmation38,48,cost_r,48,48,official_detector,data39-3,0,0,0,ocsort,True,1271
3.5268687503620826,2.101146777167176,1237,14,5,2.6981402220740525,4.094010614101592,6,1.1014948859166012,34,0,0,23,True,8,0,True,40,confirmation38,48,cost_g_legacy,48,48,official_detector,data39-3,0,0,0,ocsort,True,1271
3.590543158281008,2.084290537758622,1237,14,5,2.7137875812960055,4.094010614101592,6,1.1014948859166012,34,0,0,24,True,8,0,True,40,confirmation38,48,cost_h,48,48,official_detector,data39-3,0,0,0,ocsort,True,1271
3.5268687503620826,2.101146777167176,1237,14,5,2.6981402220740525,4.094010614101592,6,1.1014948859166012,34,0,0,23,True,8,0,True,40,confirmation38,48,path_g,48,48,official_detector,data39-3,0,0,0,ocsort,True,1271
3.5268687503620826,2.101146777167176,1237,14,5,2.6981402220740525,4.094010614101592,6,1.1014948859166012,34,0,0,23,True,8,0,True,40,confirmation38,48,cost_h_margin_reassign,48,48,official_detector,data39-3,0,0,0,ocsort,True,1271
3.590543158281008,2.084290537758622,1237,14,5,2.7137875812960055,4.094010614101592,6,1.1014948859166012,34,0,0,24,True,8,0,True,40,confirmation38,48,cost_h_motion_reassign,48,48,official_detector,data39-3,0,0,0,ocsort,True,1271
3.5300431513891435,2.101146777167176,1237,14,5,2.699187846945976,4.094010614101592,6,1.1014948859166012,34,0,0,21,True,8,0,True,40,confirmation38,48,cost_h_full_postfilter,48,48,official_detector,data39-3,0,0,0,ocsort,True,1271
3.5300431513891435,2.101146777167176,1237,14,5,2.699187846945976,4.094010614101592,6,1.1014948859166012,34,0,0,22,True,8,0,True,40,confirmation38,48,cost_h_full_reassign,48,48,official_detector,data39-3,0,0,0,ocsort,True,1271
3.5268687503620826,2.101146777167176,1237,14,5,2.6981402220740525,4.094010614101592,6,1.1014948859166012,34,0,0,23,True,8,0,True,40,confirmation38,48,cost_h_soft_information,48,48,official_detector,data39-3,0,0,0,ocsort,True,1271
3.5300431513891435,2.101146777167176,1237,14,5,2.699187846945976,4.094010614101592,6,1.1014948859166012,34,0,0,22,True,8,0,True,40,confirmation38,48,path_g_full_reassign,48,48,official_detector,data39-3,0,0,0,ocsort,True,1271
39.741584329610774,33.948171603737634,673,118,58,36.70899522714762,44.992450931051835,24,35.877261998426434,598,0,0,0,True,8,0,True,47,confirmation38,716,no_refinement,716,716,official_detector,data39-3,0,0,0,deepocsort,True,1271
43.789920092190485,33.948171603737634,673,118,58,38.532132054156605,49.823855057876195,16,36.50668764752164,598,0,0,11,True,8,0,True,47,confirmation38,716,ace_v1,716,716,official_detector,data39-3,0,0,0,deepocsort,True,1271
43.789920092190485,33.948171603737634,673,118,58,38.532132054156605,49.823855057876195,16,36.50668764752164,598,0,0,11,True,8,0,True,47,confirmation38,716,cost_r,716,716,official_detector,data39-3,0,0,0,deepocsort,True,1271
43.65911198663463,33.948171603737634,673,118,58,38.47509625195673,49.823855057876195,16,36.50668764752164,598,0,0,12,True,8,0,True,47,confirmation38,716,cost_g_legacy,716,716,official_detector,data39-3,0,0,0,deepocsort,True,1271
43.789920092190485,33.948171603737634,673,118,58,38.532132054156605,49.823855057876195,16,36.50668764752164,598,0,0,11,True,8,0,True,47,confirmation38,716,cost_h,716,716,official_detector,data39-3,0,0,0,deepocsort,True,1271
43.789920092190485,33.948171603737634,673,118,58,38.532132054156605,49.823855057876195,16,36.50668764752164,598,0,0,11,True,8,0,True,47,confirmation38,716,path_g,716,716,official_detector,data39-3,0,0,0,deepocsort,True,1271
43.789920092190485,33.948171603737634,673,118,58,38.532132054156605,49.823855057876195,16,36.50668764752164,598,0,0,11,True,8,0,True,47,confirmation38,716,cost_h_margin_reassign,716,716,official_detector,data39-3,0,0,0,deepocsort,True,1271
43.789920092190485,33.948171603737634,673,118,58,38.532132054156605,49.823855057876195,16,36.50668764752164,598,0,0,11,True,8,0,True,47,confirmation38,716,cost_h_motion_reassign,716,716,official_detector,data39-3,0,0,0,deepocsort,True,1271
43.789920092190485,33.948171603737634,673,118,58,38.532132054156605,49.823855057876195,16,36.50668764752164,598,0,0,11,True,8,0,True,47,confirmation38,716,cost_h_full_postfilter,716,716,official_detector,data39-3,0,0,0,deepocsort,True,1271
43.789920092190485,33.948171603737634,673,118,58,38.532132054156605,49.823855057876195,16,36.50668764752164,598,0,0,11,True,8,0,True,47,confirmation38,716,cost_h_full_reassign,716,716,official_detector,data39-3,0,0,0,deepocsort,True,1271
43.789920092190485,33.948171603737634,673,118,58,38.532132054156605,49.823855057876195,16,36.50668764752164,598,0,0,11,True,8,0,True,47,confirmation38,716,cost_h_soft_information,716,716,official_detector,data39-3,0,0,0,deepocsort,True,1271
43.789920092190485,33.948171603737634,673,118,58,38.532132054156605,49.823855057876195,16,36.50668764752164,598,0,0,11,True,8,0,True,47,confirmation38,716,path_g_full_reassign,716,716,official_detector,data39-3,0,0,0,deepocsort,True,1271
48.173320825194885,39.37500950606473,1010,147,102,43.097576151848784,43.256837472492926,125,36.59742828882295,1012,0,0,0,True,8,0,True,122,confirmation38,1159,no_refinement,1159,1159,official_detector,data39-6,0,0,0,bytetrack,True,2022
48.794297863347694,39.37500950606473,1010,147,102,43.40001412713504,44.70292360892801,104,37.63600395647874,1012,0,0,35,True,8,0,True,122,confirmation38,1159,ace_v1,1159,1159,official_detector,data39-6,0,0,0,bytetrack,True,2022
48.997660062905204,39.37500950606473,1010,147,102,43.49795164552841,45.520276642565236,97,37.98219584569733,1012,0,0,38,True,8,0,True,122,confirmation38,1159,cost_r,1159,1159,official_detector,data39-6,0,0,0,bytetrack,True,2022
49.40833568135872,39.400955185568144,1010,147,102,43.70871754558309,46.21188305564288,80,38.82294757665677,1012,0,0,55,True,8,0,True,122,confirmation38,1159,cost_g_legacy,1159,1159,official_detector,data39-6,0,0,0,bytetrack,True,2022
49.14788967390232,39.36390453631189,1010,147,102,43.56338633436095,45.6460232631248,97,37.98219584569733,1012,0,0,54,True,8,0,True,122,confirmation38,1159,cost_h,1159,1159,official_detector,data39-6,0,0,0,bytetrack,True,2022
49.08534748386996,39.386275643966016,1010,147,102,43.54480962679996,45.6460232631248,94,38.13056379821958,1012,0,0,50,True,8,0,True,122,confirmation38,1159,path_g,1159,1159,official_detector,data39-6,0,0,0,bytetrack,True,2022
49.019010283804825,39.37500950606473,1010,147,102,43.50772006863585,45.33165671172587,97,37.98219584569733,1012,0,0,45,True,8,0,True,122,confirmation38,1159,cost_h_margin_reassign,1159,1159,official_detector,data39-6,0,0,0,bytetrack,True,2022
49.14788967390232,39.36390453631189,1010,147,102,43.56338633436095,45.6460232631248,97,37.98219584569733,1012,0,0,54,True,8,0,True,122,confirmation38,1159,cost_h_motion_reassign,1159,1159,official_detector,data39-6,0,0,0,bytetrack,True,2022
48.90906314220175,39.37500950606473,1010,147,102,43.454735504316226,45.01729016032694,101,37.78437190900099,1012,0,0,36,True,8,0,True,122,confirmation38,1159,cost_h_full_postfilter,1159,1159,official_detector,data39-6,0,0,0,bytetrack,True,2022
49.00913772330451,39.37500950606473,1010,147,102,43.503535778947175,45.520276642565236,98,37.932739861523245,1012,0,0,42,True,8,0,True,122,confirmation38,1159,cost_h_full_reassign,1159,1159,official_detector,data39-6,0,0,0,bytetrack,True,2022
49.16994261296333,39.37856656271831,1010,147,102,43.582180113450754,45.70889657340459,95,38.0811078140455,1012,0,0,53,True,8,0,True,122,confirmation38,1159,cost_h_soft_information,1159,1159,official_detector,data39-6,0,0,0,bytetrack,True,2022
49.008202800120834,39.37500950606473,1010,147,102,43.503130136965524,45.520276642565236,96,38.031651829871414,1012,0,0,41,True,8,0,True,122,confirmation38,1159,path_g_full_reassign,1159,1159,official_detector,data39-6,0,0,0,bytetrack,True,2022
59.74378791053471,38.41618738826154,1120,94,32,47.63368445770958,46.38833664678595,49,37.53709198813057,902,0,0,0,True,8,0,True,67,confirmation38,996,no_refinement,996,996,official_detector,data39-6,0,0,0,ocsort,True,2022
59.862062091254586,38.39088591540401,1120,94,32,47.67031187197337,46.98475811795891,39,38.031651829871414,902,0,1,23,True,8,0,True,67,confirmation38,996,ace_v1,996,996,official_detector,data39-6,0,0,1,ocsort,True,2022
59.96405596147497,38.39088591540401,1120,94,32,47.71278610887787,47.18356527501656,37,38.13056379821958,902,0,1,24,True,8,0,True,67,confirmation38,996,cost_r,996,996,official_detector,data39-6,0,0,1,ocsort,True,2022
59.969823520566564,38.39807599740754,1120,94,32,47.71961660485856,47.18356527501656,36,38.18001978239367,902,0,1,29,True,8,0,True,67,confirmation38,996,cost_g_legacy,996,996,official_detector,data39-6,0,0,1,ocsort,True,2022
60.02011694848831,38.39088591540401,1120,94,32,47.736378650735176,47.31610337972167,37,38.13056379821958,902,0,1,29,True,8,0,True,67,confirmation38,996,cost_h,996,996,official_detector,data39-6,0,0,1,ocsort,True,2022
60.00851046662925,38.401779723147925,1120,94,32,47.73780583978225,47.249834327369115,35,38.22947576656775,902,0,1,28,True,8,0,True,67,confirmation38,996,path_g,996,996,official_detector,data39-6,0,0,1,ocsort,True,2022
60.018726796980445,38.39088591540401,1120,94,32,47.735792128198376,47.31610337972167,37,38.13056379821958,902,0,1,26,True,8,0,True,67,confirmation38,996,cost_h_margin_reassign,996,996,official_detector,data39-6,0,0,1,ocsort,True,2022
60.02011694848831,38.39088591540401,1120,94,32,47.736378650735176,47.31610337972167,37,38.13056379821958,902,0,1,29,True,8,0,True,67,confirmation38,996,cost_h_motion_reassign,996,996,official_detector,data39-6,0,0,1,ocsort,True,2022
59.97102388805114,38.39088591540401,1120,94,32,47.71575231679062,47.18356527501656,39,38.031651829871414,902,0,1,22,True,8,0,True,67,confirmation38,996,cost_h_full_postfilter,996,996,official_detector,data39-6,0,0,1,ocsort,True,2022
59.96405596147497,38.39088591540401,1120,94,32,47.71278610887787,47.18356527501656,37,38.13056379821958,902,0,1,24,True,8,0,True,67,confirmation38,996,cost_h_full_reassign,996,996,official_detector,data39-6,0,0,1,ocsort,True,2022
60.0171437946162,38.401779723147925,1120,94,32,47.74147287457468,47.249834327369115,37,38.13056379821958,902,0,1,28,True,8,0,True,67,confirmation38,996,cost_h_soft_information,996,996,official_detector,data39-6,0,0,1,ocsort,True,2022
59.96405596147497,38.39088591540401,1120,94,32,47.71278610887787,47.18356527501656,37,38.13056379821958,902,0,1,24,True,8,0,True,67,confirmation38,996,path_g_full_reassign,996,996,official_detector,data39-6,0,0,1,ocsort,True,2022
76.41718523346135,53.012717446096715,640,181,51,62.67866037894604,71.46443514644352,10,58.902077151335305,1382,0,0,0,True,8,0,True,31,confirmation38,1563,no_refinement,1563,1563,official_detector,data39-6,0,0,0,deepocsort,True,2022
78.21269547845381,53.00848937629867,640,181,51,63.49188897187472,73.13807531380753,5,59.14935707220573,1382,0,0,5,True,8,0,True,31,confirmation38,1563,ace_v1,1563,1563,official_detector,data39-6,0,0,0,deepocsort,True,2022
78.21269547845381,53.00848937629867,640,181,51,63.49188897187472,73.13807531380753,5,59.14935707220573,1382,0,0,5,True,8,0,True,31,confirmation38,1563,cost_r,1563,1563,official_detector,data39-6,0,0,0,deepocsort,True,2022
78.21269547845381,53.00848937629867,640,181,51,63.49188897187472,73.13807531380753,5,59.14935707220573,1382,0,0,5,True,8,0,True,31,confirmation38,1563,cost_g_legacy,1563,1563,official_detector,data39-6,0,0,0,deepocsort,True,2022
78.21269547845381,53.00848937629867,640,181,51,63.49188897187472,73.13807531380753,5,59.14935707220573,1382,0,0,5,True,8,0,True,31,confirmation38,1563,cost_h,1563,1563,official_detector,data39-6,0,0,0,deepocsort,True,2022
78.21269547845381,53.00848937629867,640,181,51,63.49188897187472,73.13807531380753,5,59.14935707220573,1382,0,0,5,True,8,0,True,31,confirmation38,1563,path_g,1563,1563,official_detector,data39-6,0,0,0,deepocsort,True,2022
78.21269547845381,53.00848937629867,640,181,51,63.49188897187472,73.13807531380753,5,59.14935707220573,1382,0,0,5,True,8,0,True,31,confirmation38,1563,cost_h_margin_reassign,1563,1563,official_detector,data39-6,0,0,0,deepocsort,True,2022
77.31312103504759,53.00848937629867,640,181,51,63.08651325851727,72.35704323570432,6,59.09990108803165,1382,0,0,4,True,8,0,True,31,confirmation38,1563,cost_h_motion_reassign,1563,1563,official_detector,data39-6,0,0,0,deepocsort,True,2022
77.31312103504759,53.00848937629867,640,181,51,63.08651325851727,72.35704323570432,6,59.09990108803165,1382,0,0,4,True,8,0,True,31,confirmation38,1563,cost_h_full_postfilter,1563,1563,official_detector,data39-6,0,0,0,deepocsort,True,2022
77.31312103504759,53.00848937629867,640,181,51,63.08651325851727,72.35704323570432,6,59.09990108803165,1382,0,0,4,True,8,0,True,31,confirmation38,1563,cost_h_full_reassign,1563,1563,official_detector,data39-6,0,0,0,deepocsort,True,2022
78.21269547845381,53.00848937629867,640,181,51,63.49188897187472,73.13807531380753,5,59.14935707220573,1382,0,0,5,True,8,0,True,31,confirmation38,1563,cost_h_soft_information,1563,1563,official_detector,data39-6,0,0,0,deepocsort,True,2022
77.31312103504759,53.00848937629867,640,181,51,63.08651325851727,72.35704323570432,6,59.09990108803165,1382,0,0,4,True,8,0,True,31,confirmation38,1563,path_g_full_reassign,1563,1563,official_detector,data39-6,0,0,0,deepocsort,True,2022
54.54682297361996,21.340470925785326,451,66,8,34.02440239083943,35.83815028901734,16,14.719999999999999,174,0,0,0,True,8,0,True,19,confirmation38,240,no_refinement,240,240,official_detector,data40-3,0,0,0,bytetrack,True,625
55.839098936988854,21.340470925785326,451,66,8,34.43594420173709,37.22543352601156,13,15.2,174,0,0,5,True,8,0,True,19,confirmation38,240,ace_v1,240,240,official_detector,data40-3,0,0,0,bytetrack,True,625
56.035633431343044,21.340470925785326,451,66,8,34.50653088195021,37.45664739884393,12,15.36,174,0,0,5,True,8,0,True,19,confirmation38,240,cost_r,240,240,official_detector,data40-3,0,0,0,bytetrack,True,625
56.377759568583755,21.340470925785326,451,66,8,34.61386885121826,37.6878612716763,10,15.68,174,0,0,6,True,8,0,True,19,confirmation38,240,cost_g_legacy,240,240,official_detector,data40-3,0,0,0,bytetrack,True,625
56.035633431343044,21.340470925785326,451,66,8,34.50653088195021,37.45664739884393,12,15.36,174,0,0,5,True,8,0,True,19,confirmation38,240,cost_h,240,240,official_detector,data40-3,0,0,0,bytetrack,True,625
56.035633431343044,21.340470925785326,451,66,8,34.50653088195021,37.45664739884393,12,15.36,174,0,0,5,True,8,0,True,19,confirmation38,240,path_g,240,240,official_detector,data40-3,0,0,0,bytetrack,True,625
56.035633431343044,21.340470925785326,451,66,8,34.50653088195021,37.45664739884393,12,15.36,174,0,0,5,True,8,0,True,19,confirmation38,240,cost_h_margin_reassign,240,240,official_detector,data40-3,0,0,0,bytetrack,True,625
56.035633431343044,21.340470925785326,451,66,8,34.50653088195021,37.45664739884393,12,15.36,174,0,0,5,True,8,0,True,19,confirmation38,240,cost_h_motion_reassign,240,240,official_detector,data40-3,0,0,0,bytetrack,True,625
56.035633431343044,21.340470925785326,451,66,8,34.50653088195021,37.45664739884393,12,15.36,174,0,0,5,True,8,0,True,19,confirmation38,240,cost_h_full_postfilter,240,240,official_detector,data40-3,0,0,0,bytetrack,True,625
56.035633431343044,21.340470925785326,451,66,8,34.50653088195021,37.45664739884393,12,15.36,174,0,0,5,True,8,0,True,19,confirmation38,240,cost_h_full_reassign,240,240,official_detector,data40-3,0,0,0,bytetrack,True,625
56.035633431343044,21.340470925785326,451,66,8,34.50653088195021,37.45664739884393,12,15.36,174,0,0,5,True,8,0,True,19,confirmation38,240,cost_h_soft_information,240,240,official_detector,data40-3,0,0,0,bytetrack,True,625
56.035633431343044,21.340470925785326,451,66,8,34.50653088195021,37.45664739884393,12,15.36,174,0,0,5,True,8,0,True,19,confirmation38,240,path_g_full_reassign,240,240,official_detector,data40-3,0,0,0,bytetrack,True,625
55.02445345397384,20.49361861601911,460,51,5,33.48149512207399,32.342449464922716,26,14.08,165,0,0,0,True,8,0,True,43,confirmation38,216,no_refinement,216,216,official_detector,data40-3,0,0,0,ocsort,True,625
57.72775422002483,20.49361861601911,460,51,5,34.309769057997656,36.385255648038054,8,16.96,165,0,0,21,True,8,0,True,43,confirmation38,216,ace_v1,216,216,official_detector,data40-3,0,0,0,ocsort,True,625
57.836340850540026,20.49361861601911,460,51,5,34.34332433061684,37.33650416171225,4,17.599999999999998,165,0,0,23,True,8,0,True,43,confirmation38,216,cost_r,216,216,official_detector,data40-3,0,0,0,ocsort,True,625
57.836340850540026,20.49361861601911,460,51,5,34.34332433061684,37.33650416171225,4,17.599999999999998,165,0,0,23,True,8,0,True,43,confirmation38,216,cost_g_legacy,216,216,official_detector,data40-3,0,0,0,ocsort,True,625
57.836340850540026,20.49361861601911,460,51,5,34.34332433061684,37.33650416171225,4,17.599999999999998,165,0,0,23,True,8,0,True,43,confirmation38,216,cost_h,216,216,official_detector,data40-3,0,0,0,ocsort,True,625
57.836340850540026,20.49361861601911,460,51,5,34.34332433061684,37.33650416171225,4,17.599999999999998,165,0,0,23,True,8,0,True,43,confirmation38,216,path_g,216,216,official_detector,data40-3,0,0,0,ocsort,True,625
57.836340850540026,20.49361861601911,460,51,5,34.34332433061684,37.33650416171225,4,17.599999999999998,165,0,0,23,True,8,0,True,43,confirmation38,216,cost_h_margin_reassign,216,216,official_detector,data40-3,0,0,0,ocsort,True,625
57.836340850540026,20.49361861601911,460,51,5,34.34332433061684,37.33650416171225,4,17.599999999999998,165,0,0,23,True,8,0,True,43,confirmation38,216,cost_h_motion_reassign,216,216,official_detector,data40-3,0,0,0,ocsort,True,625
57.836340850540026,20.49361861601911,460,51,5,34.34332433061684,37.33650416171225,4,17.599999999999998,165,0,0,23,True,8,0,True,43,confirmation38,216,cost_h_full_postfilter,216,216,official_detector,data40-3,0,0,0,ocsort,True,625
57.836340850540026,20.49361861601911,460,51,5,34.34332433061684,37.33650416171225,4,17.599999999999998,165,0,0,23,True,8,0,True,43,confirmation38,216,cost_h_full_reassign,216,216,official_detector,data40-3,0,0,0,ocsort,True,625
57.836340850540026,20.49361861601911,460,51,5,34.34332433061684,37.33650416171225,4,17.599999999999998,165,0,0,23,True,8,0,True,43,confirmation38,216,cost_h_soft_information,216,216,official_detector,data40-3,0,0,0,ocsort,True,625
57.836340850540026,20.49361861601911,460,51,5,34.34332433061684,37.33650416171225,4,17.599999999999998,165,0,0,23,True,8,0,True,43,confirmation38,216,path_g_full_reassign,216,216,official_detector,data40-3,0,0,0,ocsort,True,625
53.24437003231539,27.866075865729183,401,43,15,38.38746215685539,42.152466367713004,23,25.28,224,0,0,0,True,8,0,True,32,confirmation38,267,no_refinement,267,267,official_detector,data40-3,0,0,0,deepocsort,True,625
56.62203783148264,27.866075865729183,401,43,15,39.63146482032929,45.51569506726457,13,26.88,224,0,0,13,True,8,0,True,32,confirmation38,267,ace_v1,267,267,official_detector,data40-3,0,0,0,deepocsort,True,625
56.91488798824012,27.866075865729183,401,43,15,39.7334975502878,45.2914798206278,10,27.36,224,0,0,14,True,8,0,True,32,confirmation38,267,cost_r,267,267,official_detector,data40-3,0,0,0,deepocsort,True,625
56.63805992618446,27.866075865729183,401,43,15,39.636697100020626,45.2914798206278,10,27.36,224,0,0,15,True,8,0,True,32,confirmation38,267,cost_g_legacy,267,267,official_detector,data40-3,0,0,0,deepocsort,True,625
56.63805992618446,27.866075865729183,401,43,15,39.636697100020626,45.2914798206278,10,27.36,224,0,0,15,True,8,0,True,32,confirmation38,267,cost_h,267,267,official_detector,data40-3,0,0,0,deepocsort,True,625
56.63805992618446,27.866075865729183,401,43,15,39.636697100020626,45.2914798206278,10,27.36,224,0,0,15,True,8,0,True,32,confirmation38,267,path_g,267,267,official_detector,data40-3,0,0,0,deepocsort,True,625
56.63805992618446,27.866075865729183,401,43,15,39.636697100020626,45.2914798206278,10,27.36,224,0,0,15,True,8,0,True,32,confirmation38,267,cost_h_margin_reassign,267,267,official_detector,data40-3,0,0,0,deepocsort,True,625
56.63805992618446,27.866075865729183,401,43,15,39.636697100020626,45.2914798206278,10,27.36,224,0,0,15,True,8,0,True,32,confirmation38,267,cost_h_motion_reassign,267,267,official_detector,data40-3,0,0,0,deepocsort,True,625
56.91488798824012,27.866075865729183,401,43,15,39.7334975502878,45.2914798206278,10,27.36,224,0,0,14,True,8,0,True,32,confirmation38,267,cost_h_full_postfilter,267,267,official_detector,data40-3,0,0,0,deepocsort,True,625
56.91488798824012,27.866075865729183,401,43,15,39.7334975502878,45.2914798206278,10,27.36,224,0,0,14,True,8,0,True,32,confirmation38,267,cost_h_full_reassign,267,267,official_detector,data40-3,0,0,0,deepocsort,True,625
56.63805992618446,27.866075865729183,401,43,15,39.636697100020626,45.2914798206278,10,27.36,224,0,0,15,True,8,0,True,32,confirmation38,267,cost_h_soft_information,267,267,official_detector,data40-3,0,0,0,deepocsort,True,625
56.91488798824012,27.866075865729183,401,43,15,39.7334975502878,45.2914798206278,10,27.36,224,0,0,14,True,8,0,True,32,confirmation38,267,path_g_full_reassign,267,267,official_detector,data40-3,0,0,0,deepocsort,True,625
22.929378226411263,2.1903118218370645,2678,26,14,6.252706094074342,3.8515406162464987,18,1.1619462599854757,76,0,0,0,True,8,0,True,70,confirmation38,102,no_refinement,102,102,official_detector,data40-4,0,0,0,bytetrack,True,2754
22.929560289617555,2.1903118218370645,2678,26,14,6.254154978299392,3.9215686274509802,17,1.1982570806100217,76,0,0,9,True,8,0,True,70,confirmation38,102,ace_v1,102,102,official_detector,data40-4,0,0,0,bytetrack,True,2754
23.035903603457832,2.1903118218370645,2678,26,14,6.275820900347208,3.9215686274509802,16,1.2345679012345678,76,0,0,11,True,8,0,True,70,confirmation38,102,cost_r,102,102,official_detector,data40-4,0,0,0,bytetrack,True,2754
23.0456614085363,2.1903118218370645,2678,26,14,6.278667217593909,3.9215686274509802,16,1.2345679012345678,76,0,0,13,True,8,0,True,70,confirmation38,102,cost_g_legacy,102,102,official_detector,data40-4,0,0,0,bytetrack,True,2754
23.019815530120603,2.1903118218370645,2678,26,14,6.273259141856104,3.9215686274509802,17,1.1982570806100217,76,0,0,13,True,8,0,True,70,confirmation38,102,cost_h,102,102,official_detector,data40-4,0,0,0,bytetrack,True,2754
23.035903603457832,2.1903118218370645,2678,26,14,6.275820900347208,3.9215686274509802,16,1.2345679012345678,76,0,0,11,True,8,0,True,70,confirmation38,102,path_g,102,102,official_detector,data40-4,0,0,0,bytetrack,True,2754
23.035903603457832,2.1903118218370645,2678,26,14,6.275820900347208,3.9215686274509802,16,1.2345679012345678,76,0,0,11,True,8,0,True,70,confirmation38,102,cost_h_margin_reassign,102,102,official_detector,data40-4,0,0,0,bytetrack,True,2754
23.019815530120603,2.1903118218370645,2678,26,14,6.273259141856104,3.9215686274509802,17,1.1982570806100217,76,0,0,13,True,8,0,True,70,confirmation38,102,cost_h_motion_reassign,102,102,official_detector,data40-4,0,0,0,bytetrack,True,2754
22.96983608656401,2.1903118218370645,2678,26,14,6.261206046076255,3.9215686274509802,17,1.1982570806100217,76,0,0,9,True,8,0,True,70,confirmation38,102,cost_h_full_postfilter,102,102,official_detector,data40-4,0,0,0,bytetrack,True,2754
23.035903603457832,2.1903118218370645,2678,26,14,6.275820900347208,3.9215686274509802,16,1.2345679012345678,76,0,0,11,True,8,0,True,70,confirmation38,102,cost_h_full_reassign,102,102,official_detector,data40-4,0,0,0,bytetrack,True,2754
23.035903603457832,2.1903118218370645,2678,26,14,6.275820900347208,3.9215686274509802,16,1.2345679012345678,76,0,0,11,True,8,0,True,70,confirmation38,102,cost_h_soft_information,102,102,official_detector,data40-4,0,0,0,bytetrack,True,2754
23.035903603457832,2.1903118218370645,2678,26,14,6.275820900347208,3.9215686274509802,16,1.2345679012345678,76,0,0,11,True,8,0,True,70,confirmation38,102,path_g_full_reassign,102,102,official_detector,data40-4,0,0,0,bytetrack,True,2754
17.170302144745715,2.8544706366362105,2645,39,3,5.926864196651901,3.5837353549276365,57,0.4720406681190995,109,0,0,0,True,8,0,True,129,confirmation38,148,no_refinement,148,148,official_detector,data40-4,0,0,0,ocsort,True,2754
22.1101037486403,2.8544706366362105,2645,39,3,7.122546735592043,5.444521019986216,31,1.4161220043572984,109,0,0,53,True,8,0,True,129,confirmation38,148,ace_v1,148,148,official_detector,data40-4,0,0,0,ocsort,True,2754
25.21978591878527,2.8544706366362105,2645,39,3,7.7687055476269755,6.271536871123364,22,1.7429193899782136,109,0,0,59,True,8,0,True,129,confirmation38,148,cost_r,148,148,official_detector,data40-4,0,0,0,ocsort,True,2754
25.053633419202388,2.8544706366362105,2645,39,3,7.738742953107314,6.202618883528601,22,1.7429193899782136,109,0,0,65,True,8,0,True,129,confirmation38,148,cost_g_legacy,148,148,official_detector,data40-4,0,0,0,ocsort,True,2754
25.103609986026935,2.8544706366362105,2645,39,3,7.752729480393978,6.202618883528601,20,1.815541031227306,109,0,0,67,True,8,0,True,129,confirmation38,148,cost_h,148,148,official_detector,data40-4,0,0,0,ocsort,True,2754
25.078453240489495,2.8544706366362105,2645,39,3,7.743656780919374,6.202618883528601,22,1.7429193899782136,109,0,0,64,True,8,0,True,129,confirmation38,148,path_g,148,148,official_detector,data40-4,0,0,0,ocsort,True,2754
25.536212814090696,2.8544706366362105,2645,39,3,7.835455764352426,6.409372846312887,19,1.8518518518518516,109,0,0,62,True,8,0,True,129,confirmation38,148,cost_h_margin_reassign,148,148,official_detector,data40-4,0,0,0,ocsort,True,2754
25.103609986026935,2.8544706366362105,2645,39,3,7.752729480393978,6.202618883528601,20,1.815541031227306,109,0,0,67,True,8,0,True,129,confirmation38,148,cost_h_motion_reassign,148,148,official_detector,data40-4,0,0,0,ocsort,True,2754
24.790140284628727,2.8544706366362105,2645,39,3,7.687065524730334,5.995864920744314,24,1.670297748729121,109,0,0,54,True,8,0,True,129,confirmation38,148,cost_h_full_postfilter,148,148,official_detector,data40-4,0,0,0,ocsort,True,2754
25.21978591878527,2.8544706366362105,2645,39,3,7.7687055476269755,6.271536871123364,22,1.7429193899782136,109,0,0,59,True,8,0,True,129,confirmation38,148,cost_h_full_reassign,148,148,official_detector,data40-4,0,0,0,ocsort,True,2754
24.95011623535087,2.8544706366362105,2645,39,3,7.721059360335185,6.202618883528601,20,1.815541031227306,109,0,0,66,True,8,0,True,129,confirmation38,148,cost_h_soft_information,148,148,official_detector,data40-4,0,0,0,ocsort,True,2754
25.21978591878527,2.8544706366362105,2645,39,3,7.7687055476269755,6.271536871123364,22,1.7429193899782136,109,0,0,59,True,8,0,True,129,confirmation38,148,path_g_full_reassign,148,148,official_detector,data40-4,0,0,0,ocsort,True,2754
41.08150524461471,12.499976035892088,2260,69,62,21.45069784586969,28.58004220681338,9,15.105301379811184,494,0,0,0,True,8,0,True,80,confirmation38,563,no_refinement,563,563,official_detector,data40-4,0,0,0,deepocsort,True,2754
40.90734016336112,12.486522579520043,2260,69,62,21.38864218313429,28.640337654507086,6,15.214233841684822,494,0,0,10,True,8,0,True,80,confirmation38,563,ace_v1,563,563,official_detector,data40-4,0,0,0,deepocsort,True,2754
40.90734016336112,12.486522579520043,2260,69,62,21.38864218313429,28.640337654507086,6,15.214233841684822,494,0,0,10,True,8,0,True,80,confirmation38,563,cost_r,563,563,official_detector,data40-4,0,0,0,deepocsort,True,2754
40.90734016336112,12.486522579520043,2260,69,62,21.38864218313429,28.640337654507086,6,15.214233841684822,494,0,0,10,True,8,0,True,80,confirmation38,563,cost_g_legacy,563,563,official_detector,data40-4,0,0,0,deepocsort,True,2754
40.90734016336112,12.486522579520043,2260,69,62,21.38864218313429,28.640337654507086,6,15.214233841684822,494,0,0,10,True,8,0,True,80,confirmation38,563,cost_h,563,563,official_detector,data40-4,0,0,0,deepocsort,True,2754
40.90734016336112,12.486522579520043,2260,69,62,21.38864218313429,28.640337654507086,6,15.214233841684822,494,0,0,10,True,8,0,True,80,confirmation38,563,path_g,563,563,official_detector,data40-4,0,0,0,deepocsort,True,2754
40.90734016336112,12.486522579520043,2260,69,62,21.38864218313429,28.640337654507086,6,15.214233841684822,494,0,0,10,True,8,0,True,80,confirmation38,563,cost_h_margin_reassign,563,563,official_detector,data40-4,0,0,0,deepocsort,True,2754
41.218598565324264,12.486522579520043,2260,69,62,21.482853312440902,28.82122399758818,6,15.214233841684822,494,0,0,7,True,8,0,True,80,confirmation38,563,cost_h_motion_reassign,563,563,official_detector,data40-4,0,0,0,deepocsort,True,2754
41.218598565324264,12.486522579520043,2260,69,62,21.482853312440902,28.82122399758818,6,15.214233841684822,494,0,0,7,True,8,0,True,80,confirmation38,563,cost_h_full_postfilter,563,563,official_detector,data40-4,0,0,0,deepocsort,True,2754
41.218598565324264,12.486522579520043,2260,69,62,21.482853312440902,28.82122399758818,6,15.214233841684822,494,0,0,7,True,8,0,True,80,confirmation38,563,cost_h_full_reassign,563,563,official_detector,data40-4,0,0,0,deepocsort,True,2754
40.90734016336112,12.486522579520043,2260,69,62,21.38864218313429,28.640337654507086,6,15.214233841684822,494,0,0,10,True,8,0,True,80,confirmation38,563,cost_h_soft_information,563,563,official_detector,data40-4,0,0,0,deepocsort,True,2754
41.218598565324264,12.486522579520043,2260,69,62,21.482853312440902,28.82122399758818,6,15.214233841684822,494,0,0,7,True,8,0,True,80,confirmation38,563,path_g_full_reassign,563,563,official_detector,data40-4,0,0,0,deepocsort,True,2754
57.58864384389392,46.368400613878585,1470,214,54,51.63045723536265,60.18267929634641,84,50.66964285714286,2114,0,0,0,True,8,0,True,126,confirmation38,2328,no_refinement,2328,2328,official_detector,data40-5,0,0,0,bytetrack,True,3584
64.01673384070088,46.501876376556275,1470,214,54,54.529998907206476,65.76454668470907,60,51.33928571428571,2114,5,0,51,True,8,0,True,126,confirmation38,2328,ace_v1,2328,2328,official_detector,data40-5,0,5,0,bytetrack,True,3584
65.40042075488172,46.501876376556275,1470,214,54,55.11694923468602,66.71177266576454,59,51.3671875,2114,6,0,50,True,8,0,True,126,confirmation38,2328,cost_r,2328,2328,official_detector,data40-5,0,6,0,bytetrack,True,3584
65.40785407041687,46.501876376556275,1470,214,54,55.120129993929545,66.8809201623816,56,51.45089285714286,2114,6,0,53,True,8,0,True,126,confirmation38,2328,cost_g_legacy,2328,2328,official_detector,data40-5,0,6,0,bytetrack,True,3584
65.40650367178013,46.501876376556275,1470,214,54,55.119553619147474,66.84709066305818,57,51.42299107142857,2114,6,0,54,True,8,0,True,126,confirmation38,2328,cost_h,2328,2328,official_detector,data40-5,0,6,0,bytetrack,True,3584
65.40555244657537,46.501876376556275,1470,214,54,55.1191445931433,66.84709066305818,57,51.42299107142857,2114,6,0,53,True,8,0,True,126,confirmation38,2328,path_g,2328,2328,official_detector,data40-5,0,6,0,bytetrack,True,3584
65.40496983113408,46.501876376556275,1470,214,54,55.11889365477525,66.84709066305818,57,51.42299107142857,2114,6,0,53,True,8,0,True,126,confirmation38,2328,cost_h_margin_reassign,2328,2328,official_detector,data40-5,0,6,0,bytetrack,True,3584
65.40650367178013,46.501876376556275,1470,214,54,55.119553619147474,66.84709066305818,57,51.42299107142857,2114,6,0,54,True,8,0,True,126,confirmation38,2328,cost_h_motion_reassign,2328,2328,official_detector,data40-5,0,6,0,bytetrack,True,3584
65.3992616936796,46.501876376556275,1470,214,54,55.11644977159177,66.71177266576454,59,51.3671875,2114,6,0,48,True,8,0,True,126,confirmation38,2328,cost_h_full_postfilter,2328,2328,official_detector,data40-5,0,6,0,bytetrack,True,3584
65.40042075488172,46.501876376556275,1470,214,54,55.11694923468602,66.71177266576454,59,51.3671875,2114,6,0,50,True,8,0,True,126,confirmation38,2328,cost_h_full_reassign,2328,2328,official_detector,data40-5,0,6,0,bytetrack,True,3584
65.40555244657537,46.501876376556275,1470,214,54,55.1191445931433,66.84709066305818,57,51.42299107142857,2114,6,0,53,True,8,0,True,126,confirmation38,2328,cost_h_soft_information,2328,2328,official_detector,data40-5,0,6,0,bytetrack,True,3584
65.40042075488172,46.501876376556275,1470,214,54,55.11694923468602,66.71177266576454,59,51.3671875,2114,6,0,50,True,8,0,True,126,confirmation38,2328,path_g_full_reassign,2328,2328,official_detector,data40-5,0,6,0,bytetrack,True,3584
56.678904581594566,49.599545923002324,1546,82,49,52.90669088511076,56.34642356241234,52,53.125,2038,0,0,0,True,8,0,True,56,confirmation38,2120,no_refinement,2120,2120,official_detector,data40-5,0,0,0,ocsort,True,3584
67.58848958888585,49.599545923002324,1546,82,49,57.7705249056644,64.23562412342217,42,53.40401785714286,2038,6,0,12,True,8,0,True,56,confirmation38,2120,ace_v1,2120,2120,official_detector,data40-5,0,6,0,ocsort,True,3584
67.59464867882608,49.599545923002324,1546,82,49,57.77321831213532,64.30575035063114,40,53.45982142857143,2038,6,0,14,True,8,0,True,56,confirmation38,2120,cost_r,2120,2120,official_detector,data40-5,0,6,0,ocsort,True,3584
67.60276468473423,49.599545923002324,1546,82,49,57.77676594161512,64.34081346423562,38,53.515625,2038,6,0,17,True,8,0,True,56,confirmation38,2120,cost_g_legacy,2120,2120,official_detector,data40-5,0,6,0,ocsort,True,3584
67.60276468473423,49.599545923002324,1546,82,49,57.77676594161512,64.34081346423562,38,53.515625,2038,6,0,17,True,8,0,True,56,confirmation38,2120,cost_h,2120,2120,official_detector,data40-5,0,6,0,ocsort,True,3584
67.60276468473423,49.599545923002324,1546,82,49,57.77676594161512,64.34081346423562,38,53.515625,2038,6,0,17,True,8,0,True,56,confirmation38,2120,path_g,2120,2120,official_detector,data40-5,0,6,0,ocsort,True,3584
67.60276468473423,49.599545923002324,1546,82,49,57.77676594161512,64.34081346423562,38,53.515625,2038,6,0,17,True,8,0,True,56,confirmation38,2120,cost_h_margin_reassign,2120,2120,official_detector,data40-5,0,6,0,ocsort,True,3584
67.60276468473423,49.599545923002324,1546,82,49,57.77676594161512,64.34081346423562,38,53.515625,2038,6,0,17,True,8,0,True,56,confirmation38,2120,cost_h_motion_reassign,2120,2120,official_detector,data40-5,0,6,0,ocsort,True,3584
67.59464867882608,49.599545923002324,1546,82,49,57.77321831213532,64.30575035063114,40,53.45982142857143,2038,6,0,14,True,8,0,True,56,confirmation38,2120,cost_h_full_postfilter,2120,2120,official_detector,data40-5,0,6,0,ocsort,True,3584
67.59464867882608,49.599545923002324,1546,82,49,57.77321831213532,64.30575035063114,40,53.45982142857143,2038,6,0,14,True,8,0,True,56,confirmation38,2120,cost_h_full_reassign,2120,2120,official_detector,data40-5,0,6,0,ocsort,True,3584
67.60276468473423,49.599545923002324,1546,82,49,57.77676594161512,64.34081346423562,38,53.515625,2038,6,0,17,True,8,0,True,56,confirmation38,2120,cost_h_soft_information,2120,2120,official_detector,data40-5,0,6,0,ocsort,True,3584
67.59464867882608,49.599545923002324,1546,82,49,57.77321831213532,64.30575035063114,40,53.45982142857143,2038,6,0,14,True,8,0,True,56,confirmation38,2120,path_g_full_reassign,2120,2120,official_detector,data40-5,0,6,0,ocsort,True,3584
76.03018484686613,58.869412967454146,957,203,88,66.4625748710308,75.08574992204554,30,66.796875,2627,0,0,0,True,8,0,True,49,confirmation38,2830,no_refinement,2830,2830,official_detector,data40-5,0,0,0,deepocsort,True,3584
79.15125460437051,58.869412967454146,957,203,88,67.87316041293205,78.6404739632055,20,67.07589285714286,2627,1,0,16,True,8,0,True,49,confirmation38,2830,ace_v1,2830,2830,official_detector,data40-5,0,1,0,deepocsort,True,3584
79.16622605610986,58.869412967454146,957,203,88,67.87997909762667,78.67165575304023,19,67.10379464285714,2627,1,0,16,True,8,0,True,49,confirmation38,2830,cost_r,2830,2830,official_detector,data40-5,0,1,0,deepocsort,True,3584
79.16622605610986,58.869412967454146,957,203,88,67.87997909762667,78.67165575304023,19,67.10379464285714,2627,1,0,16,True,8,0,True,49,confirmation38,2830,cost_g_legacy,2830,2830,official_detector,data40-5,0,1,0,deepocsort,True,3584
79.16622605610986,58.869412967454146,957,203,88,67.87997909762667,78.67165575304023,19,67.10379464285714,2627,1,0,16,True,8,0,True,49,confirmation38,2830,cost_h,2830,2830,official_detector,data40-5,0,1,0,deepocsort,True,3584
79.16622605610986,58.869412967454146,957,203,88,67.87997909762667,78.67165575304023,19,67.10379464285714,2627,1,0,16,True,8,0,True,49,confirmation38,2830,path_g,2830,2830,official_detector,data40-5,0,1,0,deepocsort,True,3584
79.16622605610986,58.869412967454146,957,203,88,67.87997909762667,78.67165575304023,19,67.10379464285714,2627,1,0,16,True,8,0,True,49,confirmation38,2830,cost_h_margin_reassign,2830,2830,official_detector,data40-5,0,1,0,deepocsort,True,3584
79.16622605610986,58.869412967454146,957,203,88,67.87997909762667,78.67165575304023,19,67.10379464285714,2627,1,0,16,True,8,0,True,49,confirmation38,2830,cost_h_motion_reassign,2830,2830,official_detector,data40-5,0,1,0,deepocsort,True,3584
79.16622605610986,58.869412967454146,957,203,88,67.87997909762667,78.67165575304023,19,67.10379464285714,2627,1,0,16,True,8,0,True,49,confirmation38,2830,cost_h_full_postfilter,2830,2830,official_detector,data40-5,0,1,0,deepocsort,True,3584
79.16622605610986,58.869412967454146,957,203,88,67.87997909762667,78.67165575304023,19,67.10379464285714,2627,1,0,16,True,8,0,True,49,confirmation38,2830,cost_h_full_reassign,2830,2830,official_detector,data40-5,0,1,0,deepocsort,True,3584
79.16622605610986,58.869412967454146,957,203,88,67.87997909762667,78.67165575304023,19,67.10379464285714,2627,1,0,16,True,8,0,True,49,confirmation38,2830,cost_h_soft_information,2830,2830,official_detector,data40-5,0,1,0,deepocsort,True,3584
79.16622605610986,58.869412967454146,957,203,88,67.87997909762667,78.67165575304023,19,67.10379464285714,2627,1,0,16,True,8,0,True,49,confirmation38,2830,path_g_full_reassign,2830,2830,official_detector,data40-5,0,1,0,deepocsort,True,3584
37.97853351637682,25.40520743210724,237,31,16,30.9274756137704,37.69230769230769,22,20.110192837465565,126,0,0,0,True,8,0,True,24,confirmation38,157,no_refinement,157,157,official_detector,data41-1,0,0,0,bytetrack,True,363
37.952420039150056,25.40520743210724,237,31,16,30.920720945145725,37.69230769230769,22,20.110192837465565,126,0,0,2,True,8,0,True,24,confirmation38,157,ace_v1,157,157,official_detector,data41-1,0,0,0,bytetrack,True,363
37.952420039150056,25.40520743210724,237,31,16,30.920720945145725,37.69230769230769,22,20.110192837465565,126,0,0,2,True,8,0,True,24,confirmation38,157,cost_r,157,157,official_detector,data41-1,0,0,0,bytetrack,True,363
37.952420039150056,25.40520743210724,237,31,16,30.920720945145725,37.69230769230769,22,20.110192837465565,126,0,0,2,True,8,0,True,24,confirmation38,157,cost_g_legacy,157,157,official_detector,data41-1,0,0,0,bytetrack,True,363
37.952420039150056,25.40520743210724,237,31,16,30.920720945145725,37.69230769230769,22,20.110192837465565,126,0,0,2,True,8,0,True,24,confirmation38,157,cost_h,157,157,official_detector,data41-1,0,0,0,bytetrack,True,363
37.952420039150056,25.40520743210724,237,31,16,30.920720945145725,37.69230769230769,22,20.110192837465565,126,0,0,2,True,8,0,True,24,confirmation38,157,path_g,157,157,official_detector,data41-1,0,0,0,bytetrack,True,363
37.952420039150056,25.40520743210724,237,31,16,30.920720945145725,37.69230769230769,22,20.110192837465565,126,0,0,2,True,8,0,True,24,confirmation38,157,cost_h_margin_reassign,157,157,official_detector,data41-1,0,0,0,bytetrack,True,363
37.952420039150056,25.40520743210724,237,31,16,30.920720945145725,37.69230769230769,22,20.110192837465565,126,0,0,2,True,8,0,True,24,confirmation38,157,cost_h_motion_reassign,157,157,official_detector,data41-1,0,0,0,bytetrack,True,363
37.952420039150056,25.40520743210724,237,31,16,30.920720945145725,37.69230769230769,22,20.110192837465565,126,0,0,2,True,8,0,True,24,confirmation38,157,cost_h_full_postfilter,157,157,official_detector,data41-1,0,0,0,bytetrack,True,363
37.952420039150056,25.40520743210724,237,31,16,30.920720945145725,37.69230769230769,22,20.110192837465565,126,0,0,2,True,8,0,True,24,confirmation38,157,cost_h_full_reassign,157,157,official_detector,data41-1,0,0,0,bytetrack,True,363
37.952420039150056,25.40520743210724,237,31,16,30.920720945145725,37.69230769230769,22,20.110192837465565,126,0,0,2,True,8,0,True,24,confirmation38,157,cost_h_soft_information,157,157,official_detector,data41-1,0,0,0,bytetrack,True,363
37.952420039150056,25.40520743210724,237,31,16,30.920720945145725,37.69230769230769,22,20.110192837465565,126,0,0,2,True,8,0,True,24,confirmation38,157,path_g_full_reassign,157,157,official_detector,data41-1,0,0,0,bytetrack,True,363
46.422929140616276,26.989550552116455,255,9,7,35.377310392071834,35.833333333333336,13,23.69146005509642,108,0,0,0,True,8,0,True,21,confirmation38,117,no_refinement,117,117,official_detector,data41-1,0,0,0,ocsort,True,363
48.37686055606927,26.989550552116455,255,9,7,36.11595137172308,37.916666666666664,5,25.895316804407713,108,2,1,9,True,8,0,True,21,confirmation38,117,ace_v1,117,117,official_detector,data41-1,0,2,1,ocsort,True,363
49.34058497727232,26.989550552116455,255,9,7,36.47582314399845,37.916666666666664,5,25.895316804407713,108,2,1,9,True,8,0,True,21,confirmation38,117,cost_r,117,117,official_detector,data41-1,0,2,1,ocsort,True,363
47.057529173116635,26.989550552116455,255,9,7,35.62057377569264,36.666666666666664,5,25.895316804407713,108,2,2,10,True,8,0,True,21,confirmation38,117,cost_g_legacy,117,117,official_detector,data41-1,0,2,2,ocsort,True,363
49.34058497727232,26.989550552116455,255,9,7,36.47582314399845,37.916666666666664,5,25.895316804407713,108,2,1,9,True,8,0,True,21,confirmation38,117,cost_h,117,117,official_detector,data41-1,0,2,1,ocsort,True,363
49.34058497727232,26.989550552116455,255,9,7,36.47582314399845,37.916666666666664,5,25.895316804407713,108,2,1,9,True,8,0,True,21,confirmation38,117,path_g,117,117,official_detector,data41-1,0,2,1,ocsort,True,363
49.34058497727232,26.989550552116455,255,9,7,36.47582314399845,37.916666666666664,5,25.895316804407713,108,2,1,9,True,8,0,True,21,confirmation38,117,cost_h_margin_reassign,117,117,official_detector,data41-1,0,2,1,ocsort,True,363
50.32686310081704,26.989550552116455,255,9,7,36.839808873866005,39.166666666666664,5,25.895316804407713,108,2,0,9,True,8,0,True,21,confirmation38,117,cost_h_motion_reassign,117,117,official_detector,data41-1,0,2,0,ocsort,True,363
50.32686310081704,26.989550552116455,255,9,7,36.839808873866005,39.166666666666664,5,25.895316804407713,108,2,0,9,True,8,0,True,21,confirmation38,117,cost_h_full_postfilter,117,117,official_detector,data41-1,0,2,0,ocsort,True,363
50.32686310081704,26.989550552116455,255,9,7,36.839808873866005,39.166666666666664,5,25.895316804407713,108,2,0,9,True,8,0,True,21,confirmation38,117,cost_h_full_reassign,117,117,official_detector,data41-1,0,2,0,ocsort,True,363
49.34058497727232,26.989550552116455,255,9,7,36.47582314399845,37.916666666666664,5,25.895316804407713,108,2,1,9,True,8,0,True,21,confirmation38,117,cost_h_soft_information,117,117,official_detector,data41-1,0,2,1,ocsort,True,363
50.32686310081704,26.989550552116455,255,9,7,36.839808873866005,39.166666666666664,5,25.895316804407713,108,2,0,9,True,8,0,True,21,confirmation38,117,path_g_full_reassign,117,117,official_detector,data41-1,0,2,0,ocsort,True,363
72.7558363841511,27.78916541717711,232,75,1,44.96229511007424,43.23374340949033,8,13.223140495867769,131,0,0,0,True,8,0,True,17,confirmation38,206,no_refinement,206,206,official_detector,data41-1,0,0,0,deepocsort,True,363
74.24000845477113,27.78916541717711,232,75,1,45.41981642715881,45.342706502636204,1,15.151515151515152,131,0,0,8,True,8,0,True,17,confirmation38,206,ace_v1,206,206,official_detector,data41-1,0,0,0,deepocsort,True,363
74.24000845477113,27.78916541717711,232,75,1,45.41981642715881,45.342706502636204,1,15.151515151515152,131,0,0,8,True,8,0,True,17,confirmation38,206,cost_r,206,206,official_detector,data41-1,0,0,0,deepocsort,True,363
74.24000845477113,27.78916541717711,232,75,1,45.41981642715881,45.342706502636204,1,15.151515151515152,131,0,0,8,True,8,0,True,17,confirmation38,206,cost_g_legacy,206,206,official_detector,data41-1,0,0,0,deepocsort,True,363
74.24000845477113,27.78916541717711,232,75,1,45.41981642715881,45.342706502636204,1,15.151515151515152,131,0,0,8,True,8,0,True,17,confirmation38,206,cost_h,206,206,official_detector,data41-1,0,0,0,deepocsort,True,363
74.24000845477113,27.78916541717711,232,75,1,45.41981642715881,45.342706502636204,1,15.151515151515152,131,0,0,8,True,8,0,True,17,confirmation38,206,path_g,206,206,official_detector,data41-1,0,0,0,deepocsort,True,363
74.24000845477113,27.78916541717711,232,75,1,45.41981642715881,45.342706502636204,1,15.151515151515152,131,0,0,8,True,8,0,True,17,confirmation38,206,cost_h_margin_reassign,206,206,official_detector,data41-1,0,0,0,deepocsort,True,363
74.24000845477113,27.78916541717711,232,75,1,45.41981642715881,45.342706502636204,1,15.151515151515152,131,0,0,8,True,8,0,True,17,confirmation38,206,cost_h_motion_reassign,206,206,official_detector,data41-1,0,0,0,deepocsort,True,363
74.24000845477113,27.78916541717711,232,75,1,45.41981642715881,45.342706502636204,1,15.151515151515152,131,0,0,8,True,8,0,True,17,confirmation38,206,cost_h_full_postfilter,206,206,official_detector,data41-1,0,0,0,deepocsort,True,363
74.24000845477113,27.78916541717711,232,75,1,45.41981642715881,45.342706502636204,1,15.151515151515152,131,0,0,8,True,8,0,True,17,confirmation38,206,cost_h_full_reassign,206,206,official_detector,data41-1,0,0,0,deepocsort,True,363
74.24000845477113,27.78916541717711,232,75,1,45.41981642715881,45.342706502636204,1,15.151515151515152,131,0,0,8,True,8,0,True,17,confirmation38,206,cost_h_soft_information,206,206,official_detector,data41-1,0,0,0,deepocsort,True,363
74.24000845477113,27.78916541717711,232,75,1,45.41981642715881,45.342706502636204,1,15.151515151515152,131,0,0,8,True,8,0,True,17,confirmation38,206,path_g_full_reassign,206,206,official_detector,data41-1,0,0,0,deepocsort,True,363
51.962829663212176,45.68945848070155,2396,841,158,48.50630533047934,57.244552478513754,234,46.90224873795319,4141,0,0,0,True,8,0,True,290,confirmation38,4982,no_refinement,4982,4982,official_detector,data42-1,0,0,0,bytetrack,True,6537
53.66183557885438,45.68945848070155,2396,841,158,49.31402741097898,59.11971525306016,209,47.28468716536637,4141,2,1,62,True,8,0,True,290,confirmation38,4982,ace_v1,4982,4982,official_detector,data42-1,0,2,1,bytetrack,True,6537
53.722609355750286,45.68945848070155,2396,841,158,49.34275256711167,59.22389096275719,208,47.29998470246291,4141,2,1,65,True,8,0,True,290,confirmation38,4982,cost_r,4982,4982,official_detector,data42-1,0,2,1,bytetrack,True,6537
53.68984349729487,45.68945848070155,2396,841,158,49.327436060195346,59.27597881760569,206,47.33057977665596,4141,2,1,74,True,8,0,True,290,confirmation38,4982,cost_g_legacy,4982,4982,official_detector,data42-1,0,2,1,bytetrack,True,6537
53.663906815657356,45.68945848070155,2396,841,158,49.31513323086625,59.22389096275719,207,47.31528223955943,4141,2,1,71,True,8,0,True,290,confirmation38,4982,cost_h,4982,4982,official_detector,data42-1,0,2,1,bytetrack,True,6537
53.66861587374431,45.68945848070155,2396,841,158,49.31733840523254,59.22389096275719,207,47.31528223955943,4141,2,1,69,True,8,0,True,290,confirmation38,4982,path_g,4982,4982,official_detector,data42-1,0,2,1,bytetrack,True,6537
53.72240765061264,45.68945848070155,2396,841,158,49.342656305833735,59.22389096275719,207,47.31528223955943,4141,2,1,68,True,8,0,True,290,confirmation38,4982,cost_h_margin_reassign,4982,4982,official_detector,data42-1,0,2,1,bytetrack,True,6537
53.71587278838873,45.68945848070155,2396,841,158,49.33957853109454,59.22389096275719,207,47.31528223955943,4141,2,1,70,True,8,0,True,290,confirmation38,4982,cost_h_motion_reassign,4982,4982,official_detector,data42-1,0,2,1,bytetrack,True,6537
53.77273461579237,45.68945848070155,2396,841,158,49.36631561753549,59.20652834447435,208,47.29998470246291,4141,2,1,64,True,8,0,True,290,confirmation38,4982,cost_h_full_postfilter,4982,4982,official_detector,data42-1,0,2,1,bytetrack,True,6537
53.77413408693786,45.68945848070155,2396,841,158,49.36697323428416,59.22389096275719,208,47.29998470246291,4141,2,1,66,True,8,0,True,290,confirmation38,4982,cost_h_full_reassign,4982,4982,official_detector,data42-1,0,2,1,bytetrack,True,6537
53.66850645726833,45.68945848070155,2396,841,158,49.317287308285024,59.22389096275719,207,47.31528223955943,4141,2,1,70,True,8,0,True,290,confirmation38,4982,cost_h_soft_information,4982,4982,official_detector,data42-1,0,2,1,bytetrack,True,6537
53.77413408693786,45.68945848070155,2396,841,158,49.36697323428416,59.22389096275719,208,47.29998470246291,4141,2,1,66,True,8,0,True,290,confirmation38,4982,path_g_full_reassign,4982,4982,official_detector,data42-1,0,2,1,bytetrack,True,6537
55.318848293872634,49.2267373298009,2716,492,145,52.042207879904154,55.13364055299539,160,48.47789505889552,3821,0,0,0,True,8,0,True,228,confirmation38,4313,no_refinement,4313,4313,official_detector,data42-1,0,0,0,ocsort,True,6537
55.39241519956971,49.19584129453356,2716,492,145,52.06446944557529,56.00000000000001,126,48.998011320177454,3821,16,7,30,True,8,0,True,228,confirmation38,4313,ace_v1,4313,4313,official_detector,data42-1,0,16,7,ocsort,True,6537
57.160358868692285,49.19584129453356,2716,492,145,52.897530389680966,56.903225806451616,123,49.04390393146703,3821,19,3,30,True,8,0,True,228,confirmation38,4313,cost_r,4313,4313,official_detector,data42-1,0,19,3,ocsort,True,6537
57.131314520242924,49.19584129453356,2716,492,145,52.88397758927867,56.94009216589861,122,49.059201468563565,3821,19,4,32,True,8,0,True,228,confirmation38,4313,cost_g_legacy,4313,4313,official_detector,data42-1,0,19,4,ocsort,True,6537
56.34344125118069,49.19584129453356,2716,492,145,52.513259297532755,56.7557603686636,123,49.04390393146703,3821,18,5,32,True,8,0,True,228,confirmation38,4313,cost_h,4313,4313,official_detector,data42-1,0,18,5,ocsort,True,6537
57.169091568762056,49.19584129453356,2716,492,145,52.90169170204692,56.94009216589861,122,49.059201468563565,3821,19,3,32,True,8,0,True,228,confirmation38,4313,path_g,4313,4313,official_detector,data42-1,0,19,3,ocsort,True,6537
57.169091568762056,49.19584129453356,2716,492,145,52.90169170204692,56.94009216589861,122,49.059201468563565,3821,19,3,32,True,8,0,True,228,confirmation38,4313,cost_h_margin_reassign,4313,4313,official_detector,data42-1,0,19,3,ocsort,True,6537
56.42654959552481,49.19584129453356,2716,492,145,52.55232809259387,56.7557603686636,123,49.04390393146703,3821,18,4,32,True,8,0,True,228,confirmation38,4313,cost_h_motion_reassign,4313,4313,official_detector,data42-1,0,18,4,ocsort,True,6537
56.82164610827293,49.19584129453356,2716,492,145,52.73813738204816,56.71889400921659,124,49.028606394370506,3821,18,3,31,True,8,0,True,228,confirmation38,4313,cost_h_full_postfilter,4313,4313,official_detector,data42-1,0,18,3,ocsort,True,6537
57.23848944075161,49.19584129453356,2716,492,145,52.933982938852985,56.903225806451616,123,49.04390393146703,3821,19,2,31,True,8,0,True,228,confirmation38,4313,cost_h_full_reassign,4313,4313,official_detector,data42-1,0,19,2,ocsort,True,6537
56.34344125118069,49.19584129453356,2716,492,145,52.513259297532755,56.7557603686636,123,49.04390393146703,3821,18,5,32,True,8,0,True,228,confirmation38,4313,cost_h_soft_information,4313,4313,official_detector,data42-1,0,18,5,ocsort,True,6537
57.23848944075161,49.19584129453356,2716,492,145,52.933982938852985,56.903225806451616,123,49.04390393146703,3821,19,2,31,True,8,0,True,228,confirmation38,4313,path_g_full_reassign,4313,4313,official_detector,data42-1,0,19,2,ocsort,True,6537
61.86585696412412,51.58412883506066,2454,467,128,56.28800063611603,61.44132768106792,120,53.48018968946,4083,0,0,0,True,8,0,True,204,confirmation38,4550,no_refinement,4550,4550,official_detector,data42-1,0,0,0,deepocsort,True,6537
61.6687796660048,51.5469637498378,2454,467,128,56.18587905275297,62.32524578334987,98,53.8167355055836,4083,5,5,29,True,8,0,True,204,confirmation38,4550,ace_v1,4550,4550,official_detector,data42-1,1,4,5,deepocsort,True,6537
61.73883372251905,51.5469637498378,2454,467,128,56.21881903355393,62.32524578334987,96,53.84733057977665,4083,5,5,28,True,8,0,True,204,confirmation38,4550,cost_r,4550,4550,official_detector,data42-1,1,4,5,deepocsort,True,6537
61.75336982911707,51.5469637498378,2454,467,128,56.22589442659599,62.37936321818346,93,53.89322319106624,4083,5,5,32,True,8,0,True,204,confirmation38,4550,cost_g_legacy,4550,4550,official_detector,data42-1,1,4,5,deepocsort,True,6537
61.732052902868006,51.5469637498378,2454,467,128,56.21573836514121,62.32524578334987,95,53.86262811687318,4083,5,5,31,True,8,0,True,204,confirmation38,4550,cost_h,4550,4550,official_detector,data42-1,1,4,5,deepocsort,True,6537
61.73095373601571,51.5469637498378,2454,467,128,56.215262889542636,62.32524578334987,95,53.86262811687318,4083,5,5,30,True,8,0,True,204,confirmation38,4550,path_g,4550,4550,official_detector,data42-1,1,4,5,deepocsort,True,6537
61.73095373601571,51.5469637498378,2454,467,128,56.215262889542636,62.32524578334987,95,53.86262811687318,4083,5,5,30,True,8,0,True,204,confirmation38,4550,cost_h_margin_reassign,4550,4550,official_detector,data42-1,1,4,5,deepocsort,True,6537
61.76738905514404,51.5469637498378,2454,467,128,56.23244022947708,62.32524578334987,95,53.86262811687318,4083,5,5,28,True,8,0,True,204,confirmation38,4550,cost_h_motion_reassign,4550,4550,official_detector,data42-1,1,4,5,deepocsort,True,6537
61.774678125819214,51.5469637498378,2454,467,128,56.23575786154647,62.32524578334987,96,53.84733057977665,4083,5,5,25,True,8,0,True,204,confirmation38,4550,cost_h_full_postfilter,4550,4550,official_detector,data42-1,1,4,5,deepocsort,True,6537
61.765152504694754,51.5469637498378,2454,467,128,56.23142444660301,62.32524578334987,96,53.84733057977665,4083,5,5,26,True,8,0,True,204,confirmation38,4550,cost_h_full_reassign,4550,4550,official_detector,data42-1,1,4,5,deepocsort,True,6537
61.73095373601571,51.5469637498378,2454,467,128,56.215262889542636,62.32524578334987,95,53.86262811687318,4083,5,5,30,True,8,0,True,204,confirmation38,4550,cost_h_soft_information,4550,4550,official_detector,data42-1,1,4,5,deepocsort,True,6537
61.765152504694754,51.5469637498378,2454,467,128,56.23142444660301,62.32524578334987,96,53.84733057977665,4083,5,5,26,True,8,0,True,204,confirmation38,4550,path_g_full_reassign,4550,4550,official_detector,data42-1,1,4,5,deepocsort,True,6537
59.52779261643734,32.80512295039217,1172,100,51,44.12376882678821,50.59760956175299,62,34.6718903036239,870,0,0,0,True,8,0,True,105,confirmation38,970,no_refinement,970,970,official_detector,data42-2,0,0,0,bytetrack,True,2042
59.719871985622284,32.80512295039217,1172,100,51,44.19649474304399,51.32802124833997,46,35.45543584720862,870,0,0,28,True,8,0,True,105,confirmation38,970,ace_v1,970,970,official_detector,data42-2,0,0,0,bytetrack,True,2042
59.72944964022177,32.80512295039217,1172,100,51,44.20012581216678,51.460823373173966,45,35.50440744368266,870,0,0,29,True,8,0,True,105,confirmation38,970,cost_r,970,970,official_detector,data42-2,0,0,0,bytetrack,True,2042
59.72944964022177,32.80512295039217,1172,100,51,44.20012581216678,51.460823373173966,45,35.50440744368266,870,0,0,29,True,8,0,True,105,confirmation38,970,cost_g_legacy,970,970,official_detector,data42-2,0,0,0,bytetrack,True,2042
59.72944964022177,32.80512295039217,1172,100,51,44.20012581216678,51.460823373173966,45,35.50440744368266,870,0,0,29,True,8,0,True,105,confirmation38,970,cost_h,970,970,official_detector,data42-2,0,0,0,bytetrack,True,2042
59.72944964022177,32.80512295039217,1172,100,51,44.20012581216678,51.460823373173966,45,35.50440744368266,870,0,0,29,True,8,0,True,105,confirmation38,970,path_g,970,970,official_detector,data42-2,0,0,0,bytetrack,True,2042
59.72944964022177,32.80512295039217,1172,100,51,44.20012581216678,51.460823373173966,45,35.50440744368266,870,0,0,29,True,8,0,True,105,confirmation38,970,cost_h_margin_reassign,970,970,official_detector,data42-2,0,0,0,bytetrack,True,2042
59.72944964022177,32.80512295039217,1172,100,51,44.20012581216678,51.460823373173966,45,35.50440744368266,870,0,0,29,True,8,0,True,105,confirmation38,970,cost_h_motion_reassign,970,970,official_detector,data42-2,0,0,0,bytetrack,True,2042
59.72944964022177,32.80512295039217,1172,100,51,44.20012581216678,51.460823373173966,45,35.50440744368266,870,0,0,29,True,8,0,True,105,confirmation38,970,cost_h_full_postfilter,970,970,official_detector,data42-2,0,0,0,bytetrack,True,2042
59.72944964022177,32.80512295039217,1172,100,51,44.20012581216678,51.460823373173966,45,35.50440744368266,870,0,0,29,True,8,0,True,105,confirmation38,970,cost_h_full_reassign,970,970,official_detector,data42-2,0,0,0,bytetrack,True,2042
59.72944964022177,32.80512295039217,1172,100,51,44.20012581216678,51.460823373173966,45,35.50440744368266,870,0,0,29,True,8,0,True,105,confirmation38,970,cost_h_soft_information,970,970,official_detector,data42-2,0,0,0,bytetrack,True,2042
59.72944964022177,32.80512295039217,1172,100,51,44.20012581216678,51.460823373173966,45,35.50440744368266,870,0,0,29,True,8,0,True,105,confirmation38,970,path_g_full_reassign,970,970,official_detector,data42-2,0,0,0,bytetrack,True,2042
70.71433135247109,32.98262514048669,1294,67,18,48.21391439142831,47.53237661883094,44,31.1949069539667,748,0,0,0,True,8,0,True,81,confirmation38,815,no_refinement,815,815,official_detector,data42-2,0,0,0,ocsort,True,2042
70.4870791766378,32.96581231475148,1294,67,18,48.126854824753416,49.002450122506126,22,32.27228207639569,748,0,1,29,True,8,0,True,81,confirmation38,815,ace_v1,815,815,official_detector,data42-2,0,0,1,ocsort,True,2042
70.78004248772982,32.98262514048669,1294,67,18,48.240771545470004,49.21246062303115,19,32.419196865817824,748,0,1,29,True,8,0,True,81,confirmation38,815,cost_r,815,815,official_detector,data42-2,0,0,1,ocsort,True,2042
70.87032470124602,32.98262514048669,1294,67,18,48.27212651883928,49.352467623381166,17,32.51714005876592,748,0,1,31,True,8,0,True,81,confirmation38,815,cost_g_legacy,815,815,official_detector,data42-2,0,0,1,ocsort,True,2042
70.87032470124602,32.98262514048669,1294,67,18,48.27212651883928,49.352467623381166,17,32.51714005876592,748,0,1,31,True,8,0,True,81,confirmation38,815,cost_h,815,815,official_detector,data42-2,0,0,1,ocsort,True,2042
70.87032470124602,32.98262514048669,1294,67,18,48.27212651883928,49.352467623381166,17,32.51714005876592,748,0,1,31,True,8,0,True,81,confirmation38,815,path_g,815,815,official_detector,data42-2,0,0,1,ocsort,True,2042
70.87032470124602,32.98262514048669,1294,67,18,48.27212651883928,49.352467623381166,17,32.51714005876592,748,0,1,31,True,8,0,True,81,confirmation38,815,cost_h_margin_reassign,815,815,official_detector,data42-2,0,0,1,ocsort,True,2042
70.87032470124602,32.98262514048669,1294,67,18,48.27212651883928,49.352467623381166,17,32.51714005876592,748,0,1,31,True,8,0,True,81,confirmation38,815,cost_h_motion_reassign,815,815,official_detector,data42-2,0,0,1,ocsort,True,2042
70.78004248772982,32.98262514048669,1294,67,18,48.240771545470004,49.21246062303115,19,32.419196865817824,748,0,1,29,True,8,0,True,81,confirmation38,815,cost_h_full_postfilter,815,815,official_detector,data42-2,0,0,1,ocsort,True,2042
70.78004248772982,32.98262514048669,1294,67,18,48.240771545470004,49.21246062303115,19,32.419196865817824,748,0,1,29,True,8,0,True,81,confirmation38,815,cost_h_full_reassign,815,815,official_detector,data42-2,0,0,1,ocsort,True,2042
70.87032470124602,32.98262514048669,1294,67,18,48.27212651883928,49.352467623381166,17,32.51714005876592,748,0,1,31,True,8,0,True,81,confirmation38,815,cost_h_soft_information,815,815,official_detector,data42-2,0,0,1,ocsort,True,2042
70.78004248772982,32.98262514048669,1294,67,18,48.240771545470004,49.21246062303115,19,32.419196865817824,748,0,1,29,True,8,0,True,81,confirmation38,815,path_g_full_reassign,815,815,official_detector,data42-2,0,0,1,ocsort,True,2042
69.5639773343225,52.38642151958545,729,100,42,59.789758858289034,69.29088277858176,34,57.737512242899115,1313,0,0,0,True,8,0,True,76,confirmation38,1413,no_refinement,1413,1413,official_detector,data42-2,0,0,0,deepocsort,True,2042
69.93979914516983,52.38642151958545,729,100,42,59.97011041375851,69.98552821997106,28,58.03134182174339,1313,0,1,12,True,8,0,True,76,confirmation38,1413,ace_v1,1413,1413,official_detector,data42-2,0,0,1,deepocsort,True,2042
70.8985376245601,52.38642151958545,729,100,42,60.406806979487804,70.85383502170767,27,58.080313418217436,1313,1,1,11,True,8,0,True,76,confirmation38,1413,cost_r,1413,1413,official_detector,data42-2,0,1,1,deepocsort,True,2042
70.8985376245601,52.38642151958545,729,100,42,60.406806979487804,70.85383502170767,27,58.080313418217436,1313,1,1,11,True,8,0,True,76,confirmation38,1413,cost_g_legacy,1413,1413,official_detector,data42-2,0,1,1,deepocsort,True,2042
70.8985376245601,52.38642151958545,729,100,42,60.406806979487804,70.85383502170767,27,58.080313418217436,1313,1,1,11,True,8,0,True,76,confirmation38,1413,cost_h,1413,1413,official_detector,data42-2,0,1,1,deepocsort,True,2042
70.8985376245601,52.38642151958545,729,100,42,60.406806979487804,70.85383502170767,27,58.080313418217436,1313,1,1,11,True,8,0,True,76,confirmation38,1413,path_g,1413,1413,official_detector,data42-2,0,1,1,deepocsort,True,2042
70.8985376245601,52.38642151958545,729,100,42,60.406806979487804,70.85383502170767,27,58.080313418217436,1313,1,1,11,True,8,0,True,76,confirmation38,1413,cost_h_margin_reassign,1413,1413,official_detector,data42-2,0,1,1,deepocsort,True,2042
71.13377003294362,52.38642151958545,729,100,42,60.51187999693436,70.96960926193921,27,58.080313418217436,1313,1,1,9,True,8,0,True,76,confirmation38,1413,cost_h_motion_reassign,1413,1413,official_detector,data42-2,0,1,1,deepocsort,True,2042
71.13377003294362,52.38642151958545,729,100,42,60.51187999693436,70.96960926193921,27,58.080313418217436,1313,1,1,9,True,8,0,True,76,confirmation38,1413,cost_h_full_postfilter,1413,1413,official_detector,data42-2,0,1,1,deepocsort,True,2042
71.13377003294362,52.38642151958545,729,100,42,60.51187999693436,70.96960926193921,27,58.080313418217436,1313,1,1,9,True,8,0,True,76,confirmation38,1413,cost_h_full_reassign,1413,1413,official_detector,data42-2,0,1,1,deepocsort,True,2042
70.8985376245601,52.38642151958545,729,100,42,60.406806979487804,70.85383502170767,27,58.080313418217436,1313,1,1,11,True,8,0,True,76,confirmation38,1413,cost_h_soft_information,1413,1413,official_detector,data42-2,0,1,1,deepocsort,True,2042
71.13377003294362,52.38642151958545,729,100,42,60.51187999693436,70.96960926193921,27,58.080313418217436,1313,1,1,9,True,8,0,True,76,confirmation38,1413,path_g_full_reassign,1413,1413,official_detector,data42-2,0,1,1,deepocsort,True,2042
62.082453650078286,64.74581791408085,263,35,19,63.340318587120606,73.98171238570241,61,72.74107820804859,1054,0,0,0,True,8,0,True,33,confirmation38,1089,no_refinement,1089,1089,official_detector,data42-3,0,0,0,bytetrack,True,1317
62.54624697622629,64.74581791408085,263,35,19,63.58297373962459,74.97921862011637,60,72.81700835231587,1054,0,0,7,True,8,0,True,33,confirmation38,1089,ace_v1,1089,1089,official_detector,data42-3,0,0,0,bytetrack,True,1317
62.40345653895708,64.74581791408085,263,35,19,63.50860820747282,74.64671654197839,58,72.96886864085042,1054,0,0,7,True,8,0,True,33,confirmation38,1089,cost_r,1089,1089,official_detector,data42-3,0,0,0,bytetrack,True,1317
62.4774444875227,64.74581791408085,263,35,19,63.547052134797056,74.81296758104739,54,73.27258921791952,1054,0,0,11,True,8,0,True,33,confirmation38,1089,cost_g_legacy,1089,1089,official_detector,data42-3,0,0,0,bytetrack,True,1317
62.41603214506052,64.74581791408085,263,35,19,63.51508374149716,74.72984206151288,57,73.04479878511769,1054,0,0,9,True,8,0,True,33,confirmation38,1089,cost_h,1089,1089,official_detector,data42-3,0,0,0,bytetrack,True,1317
62.41603214506052,64.74581791408085,263,35,19,63.51508374149716,74.72984206151288,57,73.04479878511769,1054,0,0,9,True,8,0,True,33,confirmation38,1089,path_g,1089,1089,official_detector,data42-3,0,0,0,bytetrack,True,1317
62.41603214506052,64.74581791408085,263,35,19,63.51508374149716,74.72984206151288,57,73.04479878511769,1054,0,0,9,True,8,0,True,33,confirmation38,1089,cost_h_margin_reassign,1089,1089,official_detector,data42-3,0,0,0,bytetrack,True,1317
62.41603214506052,64.74581791408085,263,35,19,63.51508374149716,74.72984206151288,57,73.04479878511769,1054,0,0,9,True,8,0,True,33,confirmation38,1089,cost_h_motion_reassign,1089,1089,official_detector,data42-3,0,0,0,bytetrack,True,1317
62.41652097038685,64.74581791408085,263,35,19,63.51533401196503,74.72984206151288,57,73.04479878511769,1054,0,0,8,True,8,0,True,33,confirmation38,1089,cost_h_full_postfilter,1089,1089,official_detector,data42-3,0,0,0,bytetrack,True,1317
62.41652097038685,64.74581791408085,263,35,19,63.51533401196503,74.72984206151288,57,73.04479878511769,1054,0,0,8,True,8,0,True,33,confirmation38,1089,cost_h_full_reassign,1089,1089,official_detector,data42-3,0,0,0,bytetrack,True,1317
62.41603214506052,64.74581791408085,263,35,19,63.51508374149716,74.72984206151288,57,73.04479878511769,1054,0,0,9,True,8,0,True,33,confirmation38,1089,cost_h_soft_information,1089,1089,official_detector,data42-3,0,0,0,bytetrack,True,1317
62.41652097038685,64.74581791408085,263,35,19,63.51533401196503,74.72984206151288,57,73.04479878511769,1054,0,0,8,True,8,0,True,33,confirmation38,1089,path_g_full_reassign,1089,1089,official_detector,data42-3,0,0,0,bytetrack,True,1317
63.2147333930411,66.90450746138355,330,45,21,64.9115506754073,70.07237122179652,58,67.12224753227031,987,0,0,0,True,8,0,True,55,confirmation38,1032,no_refinement,1032,1032,official_detector,data42-3,0,0,0,ocsort,True,1317
64.65769120559598,66.89271172351013,330,45,21,65.65149328029328,71.86036611323968,45,68.10933940774487,987,2,2,16,True,8,0,True,55,confirmation38,1032,ace_v1,1032,1032,official_detector,data42-3,0,2,2,ocsort,True,1317
64.84979795715749,66.88609092758168,330,45,21,65.74481662124123,72.37122179650916,37,68.71678056188307,987,3,1,20,True,8,0,True,55,confirmation38,1032,cost_r,1032,1032,official_detector,data42-3,0,3,1,ocsort,True,1317
64.7429151080297,66.88609092758168,330,45,21,65.69361160214618,72.54150702426566,35,68.86864085041762,987,3,2,23,True,8,0,True,55,confirmation38,1032,cost_g_legacy,1032,1032,official_detector,data42-3,0,3,2,ocsort,True,1317
64.85774007485358,66.88609092758168,330,45,21,65.7489392307062,72.4563644103874,38,68.6408504176158,987,3,1,21,True,8,0,True,55,confirmation38,1032,cost_h,1032,1032,official_detector,data42-3,0,3,1,ocsort,True,1317
64.84979795715749,66.88609092758168,330,45,21,65.74481662124123,72.37122179650916,37,68.71678056188307,987,3,1,20,True,8,0,True,55,confirmation38,1032,path_g,1032,1032,official_detector,data42-3,0,3,1,ocsort,True,1317
64.84979795715749,66.88609092758168,330,45,21,65.74481662124123,72.37122179650916,37,68.71678056188307,987,3,1,20,True,8,0,True,55,confirmation38,1032,cost_h_margin_reassign,1032,1032,official_detector,data42-3,0,3,1,ocsort,True,1317
64.85774007485358,66.88609092758168,330,45,21,65.7489392307062,72.4563644103874,38,68.6408504176158,987,3,1,21,True,8,0,True,55,confirmation38,1032,cost_h_motion_reassign,1032,1032,official_detector,data42-3,0,3,1,ocsort,True,1317
64.84532357247612,66.88609092758168,330,45,21,65.74249463675379,72.37122179650916,38,68.6408504176158,987,3,1,19,True,8,0,True,55,confirmation38,1032,cost_h_full_postfilter,1032,1032,official_detector,data42-3,0,3,1,ocsort,True,1317
64.84979795715749,66.88609092758168,330,45,21,65.74481662124123,72.37122179650916,37,68.71678056188307,987,3,1,20,True,8,0,True,55,confirmation38,1032,cost_h_full_reassign,1032,1032,official_detector,data42-3,0,3,1,ocsort,True,1317
64.84979795715749,66.88609092758168,330,45,21,65.74481662124123,72.37122179650916,37,68.71678056188307,987,3,1,20,True,8,0,True,55,confirmation38,1032,cost_h_soft_information,1032,1032,official_detector,data42-3,0,3,1,ocsort,True,1317
64.84979795715749,66.88609092758168,330,45,21,65.74481662124123,72.37122179650916,37,68.71678056188307,987,3,1,20,True,8,0,True,55,confirmation38,1032,path_g_full_reassign,1032,1032,official_detector,data42-3,0,3,1,ocsort,True,1317
89.4921530792268,70.59531486771236,276,31,15,79.34752756363466,86.14483047300125,9,76.00607441154138,1041,0,0,0,True,8,0,True,21,confirmation38,1072,no_refinement,1072,1072,official_detector,data42-3,0,0,0,deepocsort,True,1317
89.7689211514475,70.59531486771236,276,31,15,79.47202366463692,86.73084972791963,3,76.46165527714503,1041,2,0,4,True,8,0,True,21,confirmation38,1072,ace_v1,1072,1072,official_detector,data42-3,0,2,0,deepocsort,True,1317
89.7689211514475,70.59531486771236,276,31,15,79.47202366463692,86.73084972791963,3,76.46165527714503,1041,2,0,4,True,8,0,True,21,confirmation38,1072,cost_r,1072,1072,official_detector,data42-3,0,2,0,deepocsort,True,1317
89.7689211514475,70.59531486771236,276,31,15,79.47202366463692,86.73084972791963,3,76.46165527714503,1041,2,0,4,True,8,0,True,21,confirmation38,1072,cost_g_legacy,1072,1072,official_detector,data42-3,0,2,0,deepocsort,True,1317
89.7689211514475,70.59531486771236,276,31,15,79.47202366463692,86.73084972791963,3,76.46165527714503,1041,2,0,4,True,8,0,True,21,confirmation38,1072,cost_h,1072,1072,official_detector,data42-3,0,2,0,deepocsort,True,1317
89.7689211514475,70.59531486771236,276,31,15,79.47202366463692,86.73084972791963,3,76.46165527714503,1041,2,0,4,True,8,0,True,21,confirmation38,1072,path_g,1072,1072,official_detector,data42-3,0,2,0,deepocsort,True,1317
89.7689211514475,70.59531486771236,276,31,15,79.47202366463692,86.73084972791963,3,76.46165527714503,1041,2,0,4,True,8,0,True,21,confirmation38,1072,cost_h_margin_reassign,1072,1072,official_detector,data42-3,0,2,0,deepocsort,True,1317
89.68334229218084,70.59531486771236,276,31,15,79.43326272179593,86.5634156550858,4,76.38572513287775,1041,2,0,4,True,8,0,True,21,confirmation38,1072,cost_h_motion_reassign,1072,1072,official_detector,data42-3,0,2,0,deepocsort,True,1317
89.68564121488055,70.59531486771236,276,31,15,79.43430185541982,86.5634156550858,4,76.38572513287775,1041,2,0,3,True,8,0,True,21,confirmation38,1072,cost_h_full_postfilter,1072,1072,official_detector,data42-3,0,2,0,deepocsort,True,1317
89.68564121488055,70.59531486771236,276,31,15,79.43430185541982,86.5634156550858,4,76.38572513287775,1041,2,0,3,True,8,0,True,21,confirmation38,1072,cost_h_full_reassign,1072,1072,official_detector,data42-3,0,2,0,deepocsort,True,1317
89.7689211514475,70.59531486771236,276,31,15,79.47202366463692,86.73084972791963,3,76.46165527714503,1041,2,0,4,True,8,0,True,21,confirmation38,1072,cost_h_soft_information,1072,1072,official_detector,data42-3,0,2,0,deepocsort,True,1317
89.68564121488055,70.59531486771236,276,31,15,79.43430185541982,86.5634156550858,4,76.38572513287775,1041,2,0,3,True,8,0,True,21,confirmation38,1072,path_g_full_reassign,1072,1072,official_detector,data42-3,0,2,0,deepocsort,True,1317
37.57406737276339,32.20752574575753,4264,1045,249,34.63828974335445,38.282350990632516,326,26.25310823190682,3377,0,0,0,True,8,0,True,328,confirmation38,4422,no_refinement,4422,4422,official_detector,data46-11,0,0,0,bytetrack,True,7641
41.8112620071153,32.18129863512141,4264,1045,249,36.54375203193862,41.51537760092846,269,26.99908388954325,3377,14,5,101,True,8,0,True,328,confirmation38,4422,ace_v1,4422,4422,official_detector,data46-11,0,14,5,bytetrack,True,7641
42.322451897529916,32.18131647362922,4264,1045,249,36.773591017048965,42.07908480477493,254,27.195393273131792,3377,17,4,115,True,8,0,True,328,confirmation38,4422,cost_r,4422,4422,official_detector,data46-11,1,16,4,bytetrack,True,7641
43.002412770282234,32.18053729197424,4264,1045,249,37.074728791790875,42.57647351405123,232,27.483313702394973,3377,20,4,141,True,8,0,True,328,confirmation38,4422,cost_g_legacy,4422,4422,official_detector,data46-11,1,19,4,bytetrack,True,7641
43.37478025099351,32.17963383023352,4264,1045,249,37.23761754090442,43.206499212467875,250,27.24774244208873,3377,19,6,131,True,8,0,True,328,confirmation38,4422,cost_h,4422,4422,official_detector,data46-11,1,18,6,bytetrack,True,7641
42.98776972483698,32.17963383023352,4264,1045,249,37.067063326748205,42.543314266766146,252,27.221567857610264,3377,19,4,127,True,8,0,True,328,confirmation38,4422,path_g,4422,4422,official_detector,data46-11,1,18,4,bytetrack,True,7641
42.98393690932343,32.18131647362922,4264,1045,249,37.0663002085578,42.543314266766146,252,27.221567857610264,3377,19,4,122,True,8,0,True,328,confirmation38,4422,cost_h_margin_reassign,4422,4422,official_detector,data46-11,1,18,4,bytetrack,True,7641
43.37478025099351,32.17963383023352,4264,1045,249,37.23761754090442,43.206499212467875,250,27.24774244208873,3377,19,6,131,True,8,0,True,328,confirmation38,4422,cost_h_motion_reassign,4422,4422,official_detector,data46-11,1,18,6,bytetrack,True,7641
42.81107337586981,32.18131647362922,4264,1045,249,36.99064071105493,42.49357539583851,255,27.18230598089255,3377,16,4,114,True,8,0,True,328,confirmation38,4422,cost_h_full_postfilter,4422,4422,official_detector,data46-11,1,15,4,bytetrack,True,7641
42.931657281839485,32.18131647362922,4264,1045,249,37.04307574771049,42.49357539583851,253,27.208480565371023,3377,18,4,119,True,8,0,True,328,confirmation38,4422,cost_h_full_reassign,4422,4422,official_detector,data46-11,1,17,4,bytetrack,True,7641
42.58676317781463,32.17963383023352,4264,1045,249,36.89223853733814,42.5267346431236,254,27.195393273131792,3377,18,5,128,True,8,0,True,328,confirmation38,4422,cost_h_soft_information,4422,4422,official_detector,data46-11,1,17,5,bytetrack,True,7641
42.931657281839485,32.18131647362922,4264,1045,249,37.04307574771049,42.49357539583851,253,27.208480565371023,3377,18,4,119,True,8,0,True,328,confirmation38,4422,path_g_full_reassign,4422,4422,official_detector,data46-11,1,17,4,bytetrack,True,7641
44.606314948155436,31.16225222358397,4650,823,177,37.09717185195724,38.74290702749891,193,25.847402172490515,2991,0,0,0,True,8,0,True,251,confirmation38,3814,no_refinement,3814,3814,official_detector,data46-11,0,0,0,ocsort,True,7641
48.72469945414789,31.16225222358397,4650,823,175,38.78170587214901,41.728502837189005,131,26.658814291323125,2991,20,4,90,True,8,0,True,251,confirmation38,3814,ace_v1,3814,3814,official_detector,data46-11,0,20,4,ocsort,True,7641
49.360087529699236,31.16225222358397,4650,823,175,39.038933427952635,42.112614578786555,120,26.80277450595472,2991,22,4,94,True,8,0,True,251,confirmation38,3814,cost_r,3814,3814,official_detector,data46-11,0,22,4,ocsort,True,7641
49.516643854131,31.147668501340707,4650,823,175,39.0929106268784,42.32213007420341,117,26.842036382672426,2991,23,5,107,True,8,0,True,251,confirmation38,3814,cost_g_legacy,3814,3814,official_detector,data46-11,0,23,5,ocsort,True,7641
49.91302323869521,31.147668501340707,4650,823,175,39.253982149765505,42.741161065037105,116,26.855123674911663,2991,23,4,105,True,8,0,True,251,confirmation38,3814,cost_h,3814,3814,official_detector,data46-11,0,23,4,ocsort,True,7641
49.517333276933655,31.147668501340707,4650,823,175,39.09319565518971,42.32213007420341,117,26.842036382672426,2991,22,5,103,True,8,0,True,251,confirmation38,3814,path_g,3814,3814,official_detector,data46-11,0,22,5,ocsort,True,7641
49.99353701863009,31.16225222358397,4650,823,175,39.29551729977736,42.810999563509384,115,26.868210967150898,2991,23,3,101,True,8,0,True,251,confirmation38,3814,cost_h_margin_reassign,3814,3814,official_detector,data46-11,0,23,3,ocsort,True,7641
49.91302323869521,31.147668501340707,4650,823,175,39.253982149765505,42.741161065037105,116,26.855123674911663,2991,23,4,105,True,8,0,True,251,confirmation38,3814,cost_h_motion_reassign,3814,3814,official_detector,data46-11,0,23,4,ocsort,True,7641
49.880756956972625,31.16225222358397,4650,823,175,39.25012514173245,42.60148406809254,118,26.82894909043319,2991,23,3,96,True,8,0,True,251,confirmation38,3814,cost_h_full_postfilter,3814,3814,official_detector,data46-11,0,23,3,ocsort,True,7641
49.88230754768128,31.16225222358397,4650,823,175,39.25076343353696,42.61894369271061,117,26.842036382672426,2991,23,3,97,True,8,0,True,251,confirmation38,3814,cost_h_full_reassign,3814,3814,official_detector,data46-11,0,23,3,ocsort,True,7641
49.517333276933655,31.147668501340707,4650,823,175,39.09319565518971,42.32213007420341,117,26.842036382672426,2991,22,5,103,True,8,0,True,251,confirmation38,3814,cost_h_soft_information,3814,3814,official_detector,data46-11,0,22,5,ocsort,True,7641
49.486318920046266,31.16225222358397,4650,823,175,39.08976196491619,42.199912701876904,119,26.81586179819395,2991,22,4,97,True,8,0,True,251,confirmation38,3814,path_g_full_reassign,3814,3814,official_detector,data46-11,0,22,4,ocsort,True,7641
75.55388778176791,36.162284358517674,4110,808,123,52.07374215529593,57.278797996661105,9,35.5189111372857,3531,0,0,0,True,8,0,True,35,confirmation38,4339,no_refinement,4339,4339,official_detector,data46-11,0,0,0,deepocsort,True,7641
75.62643869783868,36.162284358517674,4110,808,123,52.09896076644599,57.42904841402338,5,35.571260306242635,3531,1,0,5,True,8,0,True,35,confirmation38,4339,ace_v1,4339,4339,official_detector,data46-11,0,1,0,deepocsort,True,7641
75.62643869783868,36.162284358517674,4110,808,123,52.09896076644599,57.42904841402338,5,35.571260306242635,3531,1,0,5,True,8,0,True,35,confirmation38,4339,cost_r,4339,4339,official_detector,data46-11,0,1,0,deepocsort,True,7641
75.62643869783868,36.162284358517674,4110,808,123,52.09896076644599,57.42904841402338,5,35.571260306242635,3531,1,0,5,True,8,0,True,35,confirmation38,4339,cost_g_legacy,4339,4339,official_detector,data46-11,0,1,0,deepocsort,True,7641
75.62643869783868,36.162284358517674,4110,808,123,52.09896076644599,57.42904841402338,5,35.571260306242635,3531,1,0,5,True,8,0,True,35,confirmation38,4339,cost_h,4339,4339,official_detector,data46-11,0,1,0,deepocsort,True,7641
75.62643869783868,36.162284358517674,4110,808,123,52.09896076644599,57.42904841402338,5,35.571260306242635,3531,1,0,5,True,8,0,True,35,confirmation38,4339,path_g,4339,4339,official_detector,data46-11,0,1,0,deepocsort,True,7641
75.62643869783868,36.162284358517674,4110,808,123,52.09896076644599,57.42904841402338,5,35.571260306242635,3531,1,0,5,True,8,0,True,35,confirmation38,4339,cost_h_margin_reassign,4339,4339,official_detector,data46-11,0,1,0,deepocsort,True,7641
75.62643869783868,36.162284358517674,4110,808,123,52.09896076644599,57.42904841402338,5,35.571260306242635,3531,1,0,5,True,8,0,True,35,confirmation38,4339,cost_h_motion_reassign,4339,4339,official_detector,data46-11,0,1,0,deepocsort,True,7641
75.62643869783868,36.162284358517674,4110,808,123,52.09896076644599,57.42904841402338,5,35.571260306242635,3531,1,0,5,True,8,0,True,35,confirmation38,4339,cost_h_full_postfilter,4339,4339,official_detector,data46-11,0,1,0,deepocsort,True,7641
75.62643869783868,36.162284358517674,4110,808,123,52.09896076644599,57.42904841402338,5,35.571260306242635,3531,1,0,5,True,8,0,True,35,confirmation38,4339,cost_h_full_reassign,4339,4339,official_detector,data46-11,0,1,0,deepocsort,True,7641
75.62643869783868,36.162284358517674,4110,808,123,52.09896076644599,57.42904841402338,5,35.571260306242635,3531,1,0,5,True,8,0,True,35,confirmation38,4339,cost_h_soft_information,4339,4339,official_detector,data46-11,0,1,0,deepocsort,True,7641
75.62643869783868,36.162284358517674,4110,808,123,52.09896076644599,57.42904841402338,5,35.571260306242635,3531,1,0,5,True,8,0,True,35,confirmation38,4339,path_g_full_reassign,4339,4339,official_detector,data46-11,0,1,0,deepocsort,True,7641
74.67145904360906,41.2570345594919,1944,780,143,55.25240283221061,58.93306492199295,127,37.42317822651449,2612,0,0,0,True,8,0,True,128,confirmation38,3392,no_refinement,3392,3392,official_detector,data46-12,0,0,0,bytetrack,True,4556
75.43561684153643,41.2570345594919,1944,780,143,55.55071076773278,60.59386009058883,91,38.21334503950834,2612,1,0,62,True,8,0,True,128,confirmation38,3392,ace_v1,3392,3392,official_detector,data46-12,0,1,0,bytetrack,True,4556
75.7601511747327,41.2570345594919,1944,780,143,55.677698907673964,61.222949169602416,79,38.47673397717296,2612,1,0,73,True,8,0,True,128,confirmation38,3392,cost_r,3392,3392,official_detector,data46-12,0,1,0,bytetrack,True,4556
76.38247073664665,41.2570345594919,1944,780,143,55.91961103957331,62.2546552591847,56,38.981562774363475,2612,1,0,98,True,8,0,True,128,confirmation38,3392,cost_g_legacy,3392,3392,official_detector,data46-12,0,1,0,bytetrack,True,4556
76.08889568185597,41.2570345594919,1944,780,143,55.805511773483104,61.77654755913438,80,38.45478489903424,2612,1,0,90,True,8,0,True,128,confirmation38,3392,cost_h,3392,3392,official_detector,data46-12,0,1,0,bytetrack,True,4556
75.97651572917762,41.2570345594919,1944,780,143,55.761747439347666,61.55007549068948,75,38.564530289727834,2612,1,0,89,True,8,0,True,128,confirmation38,3392,path_g,3392,3392,official_detector,data46-12,0,1,0,bytetrack,True,4556
75.94660676255015,41.2570345594919,1944,780,143,55.74982581163647,61.852038248616005,74,38.58647936786655,2612,1,0,82,True,8,0,True,128,confirmation38,3392,cost_h_margin_reassign,3392,3392,official_detector,data46-12,0,1,0,bytetrack,True,4556
76.14309871806128,41.2570345594919,1944,780,143,55.826495144762355,62.00301962757927,79,38.47673397717296,2612,1,0,89,True,8,0,True,128,confirmation38,3392,cost_h_motion_reassign,3392,3392,official_detector,data46-12,0,1,0,bytetrack,True,4556
75.69527146990765,41.2570345594919,1944,780,143,55.65268411791706,61.02164066431806,83,38.38893766461808,2612,1,0,72,True,8,0,True,128,confirmation38,3392,cost_h_full_postfilter,3392,3392,official_detector,data46-12,0,1,0,bytetrack,True,4556
75.7871122689552,41.2570345594919,1944,780,143,55.68819974024113,61.348766985405135,76,38.54258121158911,2612,1,0,78,True,8,0,True,128,confirmation38,3392,cost_h_full_reassign,3392,3392,official_detector,data46-12,0,1,0,bytetrack,True,4556
76.00194385721018,41.2570345594919,1944,780,143,55.771493756761984,61.852038248616005,73,38.60842844600526,2612,1,0,89,True,8,0,True,128,confirmation38,3392,cost_h_soft_information,3392,3392,official_detector,data46-12,0,1,0,bytetrack,True,4556
75.7871122689552,41.2570345594919,1944,780,143,55.68819974024113,61.348766985405135,76,38.54258121158911,2612,1,0,78,True,8,0,True,128,confirmation38,3392,path_g_full_reassign,3392,3392,official_detector,data46-12,0,1,0,bytetrack,True,4556
83.3150845838068,41.10436757474427,2112,686,72,58.282591532828306,59.53682019255789,72,37.006145741878846,2444,0,0,0,True,8,0,True,120,confirmation38,3130,no_refinement,3130,3130,official_detector,data46-12,0,0,0,ocsort,True,4556
83.92813189008709,41.10436757474427,2112,686,72,58.508772916478726,60.811865729898514,46,37.57682177348551,2444,2,0,52,True,8,0,True,120,confirmation38,3130,ace_v1,3130,3130,official_detector,data46-12,0,2,0,ocsort,True,4556
84.2462681642657,41.10436757474427,2112,686,72,58.62552231691125,61.59250585480094,34,37.84021071115013,2444,2,0,65,True,8,0,True,120,confirmation38,3130,cost_r,3130,3130,official_detector,data46-12,0,2,0,ocsort,True,4556
84.48422277857311,41.10436757474427,2112,686,72,58.712918410352,62.06088992974239,24,38.059701492537314,2444,2,0,75,True,8,0,True,120,confirmation38,3130,cost_g_legacy,3130,3130,official_detector,data46-12,0,2,0,ocsort,True,4556
84.26833956238801,41.10436757474427,2112,686,72,58.63361922866871,61.61852719229769,30,37.92800702370501,2444,2,0,74,True,8,0,True,120,confirmation38,3130,cost_h,3130,3130,official_detector,data46-12,0,2,0,ocsort,True,4556
84.28532108328687,41.10436757474427,2112,686,72,58.63978933225557,61.69659120478792,30,37.92800702370501,2444,2,0,72,True,8,0,True,120,confirmation38,3130,path_g,3130,3130,official_detector,data46-12,0,2,0,ocsort,True,4556
84.2826997263837,41.10436757474427,2112,686,72,58.638824478057,61.67056986729118,31,37.90605794556628,2444,2,0,71,True,8,0,True,120,confirmation38,3130,cost_h_margin_reassign,3130,3130,official_detector,data46-12,0,2,0,ocsort,True,4556
84.26833956238801,41.10436757474427,2112,686,72,58.63361922866871,61.61852719229769,30,37.92800702370501,2444,2,0,74,True,8,0,True,120,confirmation38,3130,cost_h_motion_reassign,3130,3130,official_detector,data46-12,0,2,0,ocsort,True,4556
84.24430117754419,41.10436757474427,2112,686,72,58.62479972421848,61.59250585480094,34,37.84021071115013,2444,2,0,63,True,8,0,True,120,confirmation38,3130,cost_h_full_postfilter,3130,3130,official_detector,data46-12,0,2,0,ocsort,True,4556
84.27368299266335,41.10436757474427,2112,686,72,58.635531865630895,61.67056986729118,34,37.84021071115013,2444,2,0,66,True,8,0,True,120,confirmation38,3130,cost_h_full_reassign,3130,3130,official_detector,data46-12,0,2,0,ocsort,True,4556
84.27506008084626,41.10436757474427,2112,686,72,58.636025594641374,61.69659120478792,30,37.92800702370501,2444,2,0,72,True,8,0,True,120,confirmation38,3130,cost_h_soft_information,3130,3130,official_detector,data46-12,0,2,0,ocsort,True,4556
84.27368299266335,41.10436757474427,2112,686,72,58.635531865630895,61.67056986729118,34,37.84021071115013,2444,2,0,66,True,8,0,True,120,confirmation38,3130,path_g_full_reassign,3130,3130,official_detector,data46-12,0,2,0,ocsort,True,4556
85.7627428282026,44.62984642717257,1841,656,62,61.56139278561498,67.94499810773307,3,45.12730465320456,2715,0,0,0,True,8,0,True,28,confirmation38,3371,no_refinement,3371,3371,official_detector,data46-12,0,0,0,deepocsort,True,4556
85.45719127781935,44.62984642717257,1841,656,62,61.452357824548365,67.7431563012489,2,45.149253731343286,2715,0,0,5,True,8,0,True,28,confirmation38,3371,ace_v1,3371,3371,official_detector,data46-12,0,0,0,deepocsort,True,4556
85.45719127781935,44.62984642717257,1841,656,62,61.452357824548365,67.7431563012489,2,45.149253731343286,2715,0,0,5,True,8,0,True,28,confirmation38,3371,cost_r,3371,3371,official_detector,data46-12,0,0,0,deepocsort,True,4556
85.45719127781935,44.62984642717257,1841,656,62,61.452357824548365,67.7431563012489,2,45.149253731343286,2715,0,0,5,True,8,0,True,28,confirmation38,3371,cost_g_legacy,3371,3371,official_detector,data46-12,0,0,0,deepocsort,True,4556
85.45719127781935,44.62984642717257,1841,656,62,61.452357824548365,67.7431563012489,2,45.149253731343286,2715,0,0,5,True,8,0,True,28,confirmation38,3371,cost_h,3371,3371,official_detector,data46-12,0,0,0,deepocsort,True,4556
85.45719127781935,44.62984642717257,1841,656,62,61.452357824548365,67.7431563012489,2,45.149253731343286,2715,0,0,5,True,8,0,True,28,confirmation38,3371,path_g,3371,3371,official_detector,data46-12,0,0,0,deepocsort,True,4556
85.45719127781935,44.62984642717257,1841,656,62,61.452357824548365,67.7431563012489,2,45.149253731343286,2715,0,0,5,True,8,0,True,28,confirmation38,3371,cost_h_margin_reassign,3371,3371,official_detector,data46-12,0,0,0,deepocsort,True,4556
85.52683482143779,44.62984642717257,1841,656,62,61.47889896832551,67.7431563012489,2,45.149253731343286,2715,0,0,4,True,8,0,True,28,confirmation38,3371,cost_h_motion_reassign,3371,3371,official_detector,data46-12,0,0,0,deepocsort,True,4556
85.52683482143779,44.62984642717257,1841,656,62,61.47889896832551,67.7431563012489,2,45.149253731343286,2715,0,0,4,True,8,0,True,28,confirmation38,3371,cost_h_full_postfilter,3371,3371,official_detector,data46-12,0,0,0,deepocsort,True,4556
85.52683482143779,44.62984642717257,1841,656,62,61.47889896832551,67.7431563012489,2,45.149253731343286,2715,0,0,4,True,8,0,True,28,confirmation38,3371,cost_h_full_reassign,3371,3371,official_detector,data46-12,0,0,0,deepocsort,True,4556
85.45719127781935,44.62984642717257,1841,656,62,61.452357824548365,67.7431563012489,2,45.149253731343286,2715,0,0,5,True,8,0,True,28,confirmation38,3371,cost_h_soft_information,3371,3371,official_detector,data46-12,0,0,0,deepocsort,True,4556
85.52683482143779,44.62984642717257,1841,656,62,61.47889896832551,67.7431563012489,2,45.149253731343286,2715,0,0,4,True,8,0,True,28,confirmation38,3371,path_g_full_reassign,3371,3371,official_detector,data46-12,0,0,0,deepocsort,True,4556
10.47159234923156,18.39114621915545,188,12,15,13.697312953496136,13.291139240506327,27,7.723577235772358,58,0,0,0,True,8,0,True,25,confirmation38,70,no_refinement,70,70,official_detector,data47-1,0,0,0,bytetrack,True,246
13.522126686317627,18.39114621915545,188,12,15,15.540656960626,13.924050632911392,25,8.536585365853659,58,0,0,7,True,8,0,True,25,confirmation38,70,ace_v1,70,70,official_detector,data47-1,0,0,0,bytetrack,True,246
13.64683746759152,18.39114621915545,188,12,15,15.618868828287024,14.556962025316455,23,9.34959349593496,58,0,0,8,True,8,0,True,25,confirmation38,70,cost_r,70,70,official_detector,data47-1,0,0,0,bytetrack,True,246
13.544246831815986,18.39114621915545,188,12,15,15.553571472860432,13.924050632911392,24,8.94308943089431,58,0,0,9,True,8,0,True,25,confirmation38,70,cost_g_legacy,70,70,official_detector,data47-1,0,0,0,bytetrack,True,246
13.661148673652853,18.39114621915545,188,12,15,15.627410229179182,15.18987341772152,23,9.34959349593496,58,0,0,10,True,8,0,True,25,confirmation38,70,cost_h,70,70,official_detector,data47-1,0,0,0,bytetrack,True,246
13.641509074086432,18.39114621915545,188,12,15,15.615448576481631,14.556962025316455,23,9.34959349593496,58,0,0,10,True,8,0,True,25,confirmation38,70,path_g,70,70,official_detector,data47-1,0,0,0,bytetrack,True,246
13.661148673652853,18.39114621915545,188,12,15,15.627410229179182,15.18987341772152,23,9.34959349593496,58,0,0,10,True,8,0,True,25,confirmation38,70,cost_h_margin_reassign,70,70,official_detector,data47-1,0,0,0,bytetrack,True,246
13.661148673652853,18.39114621915545,188,12,15,15.627410229179182,15.18987341772152,23,9.34959349593496,58,0,0,10,True,8,0,True,25,confirmation38,70,cost_h_motion_reassign,70,70,official_detector,data47-1,0,0,0,bytetrack,True,246
13.669315314011342,18.39114621915545,188,12,15,15.631976508672091,15.18987341772152,23,9.34959349593496,58,0,0,7,True,8,0,True,25,confirmation38,70,cost_h_full_postfilter,70,70,official_detector,data47-1,0,0,0,bytetrack,True,246
13.64683746759152,18.39114621915545,188,12,15,15.618868828287024,14.556962025316455,23,9.34959349593496,58,0,0,8,True,8,0,True,25,confirmation38,70,cost_h_full_reassign,70,70,official_detector,data47-1,0,0,0,bytetrack,True,246
13.64053108666782,18.39114621915545,188,12,15,15.615398442543698,14.556962025316455,24,8.94308943089431,58,0,0,10,True,8,0,True,25,confirmation38,70,cost_h_soft_information,70,70,official_detector,data47-1,0,0,0,bytetrack,True,246
13.64683746759152,18.39114621915545,188,12,15,15.618868828287024,14.556962025316455,23,9.34959349593496,58,0,0,8,True,8,0,True,25,confirmation38,70,path_g_full_reassign,70,70,official_detector,data47-1,0,0,0,bytetrack,True,246
11.503123183728658,9.648210893056463,217,7,0,10.219847182599706,10.638297872340425,13,3.6585365853658534,29,0,0,0,True,8,0,True,18,confirmation38,36,no_refinement,36,36,official_detector,data47-1,0,0,0,ocsort,True,246
13.77794477318436,9.648210893056463,217,7,0,11.186117896972851,11.347517730496454,11,4.471544715447155,29,2,0,6,True,8,0,True,18,confirmation38,36,ace_v1,36,36,official_detector,data47-1,0,2,0,ocsort,True,246
14.568929971948604,9.648210893056463,217,7,0,11.558881169257877,14.893617021276595,6,6.504065040650407,29,2,0,8,True,8,0,True,18,confirmation38,36,cost_r,36,36,official_detector,data47-1,0,2,0,ocsort,True,246
14.78804929146926,9.648210893056463,217,7,0,11.659576792490622,16.312056737588655,6,6.504065040650407,29,2,0,10,True,8,0,True,18,confirmation38,36,cost_g_legacy,36,36,official_detector,data47-1,0,2,0,ocsort,True,246
15.315288640382304,9.648210893056463,217,7,0,11.892630936473463,17.73049645390071,2,8.130081300813007,29,2,0,10,True,8,0,True,18,confirmation38,36,cost_h,36,36,official_detector,data47-1,0,2,0,ocsort,True,246
14.78804929146926,9.648210893056463,217,7,0,11.659576792490622,16.312056737588655,6,6.504065040650407,29,2,0,10,True,8,0,True,18,confirmation38,36,path_g,36,36,official_detector,data47-1,0,2,0,ocsort,True,246
15.315288640382304,9.648210893056463,217,7,0,11.892630936473463,17.73049645390071,2,8.130081300813007,29,2,0,10,True,8,0,True,18,confirmation38,36,cost_h_margin_reassign,36,36,official_detector,data47-1,0,2,0,ocsort,True,246
15.315288640382304,9.648210893056463,217,7,0,11.892630936473463,17.73049645390071,2,8.130081300813007,29,2,0,10,True,8,0,True,18,confirmation38,36,cost_h_motion_reassign,36,36,official_detector,data47-1,0,2,0,ocsort,True,246
14.575942979367538,9.648210893056463,217,7,0,11.561940779666543,14.893617021276595,6,6.504065040650407,29,2,0,6,True,8,0,True,18,confirmation38,36,cost_h_full_postfilter,36,36,official_detector,data47-1,0,2,0,ocsort,True,246
14.568929971948604,9.648210893056463,217,7,0,11.558881169257877,14.893617021276595,6,6.504065040650407,29,2,0,8,True,8,0,True,18,confirmation38,36,cost_h_full_reassign,36,36,official_detector,data47-1,0,2,0,ocsort,True,246
14.812022267387318,9.648210893056463,217,7,0,11.668199848208012,16.312056737588655,4,7.317073170731707,29,2,0,10,True,8,0,True,18,confirmation38,36,cost_h_soft_information,36,36,official_detector,data47-1,0,2,0,ocsort,True,246
14.568929971948604,9.648210893056463,217,7,0,11.558881169257877,14.893617021276595,6,6.504065040650407,29,2,0,8,True,8,0,True,18,confirmation38,36,path_g_full_reassign,36,36,official_detector,data47-1,0,2,0,ocsort,True,246
79.05820049098897,62.56909353883112,28,25,8,68.16112773501115,87.52556237218813,5,76.42276422764228,218,0,0,0,True,8,0,True,8,confirmation38,243,no_refinement,243,243,official_detector,data47-1,0,0,0,deepocsort,True,246
79.07385745412695,62.56909353883112,28,25,8,68.16867658757249,87.52556237218813,4,76.82926829268293,218,0,0,3,True,8,0,True,8,confirmation38,243,ace_v1,243,243,official_detector,data47-1,0,0,0,deepocsort,True,246
79.60922704393836,62.56909353883112,28,25,8,68.42997429790488,87.93456032719837,3,77.23577235772358,218,0,0,3,True,8,0,True,8,confirmation38,243,cost_r,243,243,official_detector,data47-1,0,0,0,deepocsort,True,246
79.60922704393836,62.56909353883112,28,25,8,68.42997429790488,87.93456032719837,3,77.23577235772358,218,0,0,3,True,8,0,True,8,confirmation38,243,cost_g_legacy,243,243,official_detector,data47-1,0,0,0,deepocsort,True,246
79.60922704393836,62.56909353883112,28,25,8,68.42997429790488,87.93456032719837,3,77.23577235772358,218,0,0,3,True,8,0,True,8,confirmation38,243,cost_h,243,243,official_detector,data47-1,0,0,0,deepocsort,True,246
79.60922704393836,62.56909353883112,28,25,8,68.42997429790488,87.93456032719837,3,77.23577235772358,218,0,0,3,True,8,0,True,8,confirmation38,243,path_g,243,243,official_detector,data47-1,0,0,0,deepocsort,True,246
79.60922704393836,62.56909353883112,28,25,8,68.42997429790488,87.93456032719837,3,77.23577235772358,218,0,0,3,True,8,0,True,8,confirmation38,243,cost_h_margin_reassign,243,243,official_detector,data47-1,0,0,0,deepocsort,True,246
79.60922704393836,62.56909353883112,28,25,8,68.42997429790488,87.93456032719837,3,77.23577235772358,218,0,0,3,True,8,0,True,8,confirmation38,243,cost_h_motion_reassign,243,243,official_detector,data47-1,0,0,0,deepocsort,True,246
79.60922704393836,62.56909353883112,28,25,8,68.42997429790488,87.93456032719837,3,77.23577235772358,218,0,0,3,True,8,0,True,8,confirmation38,243,cost_h_full_postfilter,243,243,official_detector,data47-1,0,0,0,deepocsort,True,246
79.60922704393836,62.56909353883112,28,25,8,68.42997429790488,87.93456032719837,3,77.23577235772358,218,0,0,3,True,8,0,True,8,confirmation38,243,cost_h_full_reassign,243,243,official_detector,data47-1,0,0,0,deepocsort,True,246
79.60922704393836,62.56909353883112,28,25,8,68.42997429790488,87.93456032719837,3,77.23577235772358,218,0,0,3,True,8,0,True,8,confirmation38,243,cost_h_soft_information,243,243,official_detector,data47-1,0,0,0,deepocsort,True,246
79.60922704393836,62.56909353883112,28,25,8,68.42997429790488,87.93456032719837,3,77.23577235772358,218,0,0,3,True,8,0,True,8,confirmation38,243,path_g_full_reassign,243,243,official_detector,data47-1,0,0,0,deepocsort,True,246
32.37660814309764,28.674130560819837,820,193,56,30.40934724625759,33.903002309468825,82,21.56160458452722,576,0,0,0,True,8,0,True,73,confirmation38,769,no_refinement,769,769,official_detector,data47-2,0,0,0,bytetrack,True,1396
32.98764503168582,28.674130560819837,820,193,56,30.698073533109376,35.01154734411085,73,22.206303724928368,576,1,0,24,True,8,0,True,73,confirmation38,769,ace_v1,769,769,official_detector,data47-2,0,1,0,bytetrack,True,1396
33.424260027622076,28.674130560819837,820,193,56,30.904370589596557,35.750577367205544,63,22.922636103151863,576,1,0,30,True,8,0,True,73,confirmation38,769,cost_r,769,769,official_detector,data47-2,0,1,0,bytetrack,True,1396
33.87767803779821,28.705774957385877,820,193,56,31.133776248879553,37.32101616628176,51,23.78223495702006,576,1,0,39,True,8,0,True,73,confirmation38,769,cost_g_legacy,769,769,official_detector,data47-2,0,1,0,bytetrack,True,1396
33.67999844573858,28.674130560819837,820,193,56,31.02504695038608,36.212471131639724,61,23.065902578796564,576,1,0,39,True,8,0,True,73,confirmation38,769,cost_h,769,769,official_detector,data47-2,0,1,0,bytetrack,True,1396
33.634703764178845,28.674130560819837,820,193,56,31.003658567709856,36.39722863741339,61,23.065902578796564,576,1,0,37,True,8,0,True,73,confirmation38,769,path_g,769,769,official_detector,data47-2,0,1,0,bytetrack,True,1396
33.444918432161316,28.674130560819837,820,193,56,30.914206508871107,35.750577367205544,61,23.065902578796564,576,1,0,32,True,8,0,True,73,confirmation38,769,cost_h_margin_reassign,769,769,official_detector,data47-2,0,1,0,bytetrack,True,1396
33.67999844573858,28.674130560819837,820,193,56,31.02504695038608,36.212471131639724,61,23.065902578796564,576,1,0,39,True,8,0,True,73,confirmation38,769,cost_h_motion_reassign,769,769,official_detector,data47-2,0,1,0,bytetrack,True,1396
33.35002552110352,28.674130560819837,820,193,56,30.869464516019917,35.288683602771364,64,22.851002865329512,576,1,0,29,True,8,0,True,73,confirmation38,769,cost_h_full_postfilter,769,769,official_detector,data47-2,0,1,0,bytetrack,True,1396
33.424260027622076,28.674130560819837,820,193,56,30.904370589596557,35.750577367205544,63,22.922636103151863,576,1,0,30,True,8,0,True,73,confirmation38,769,cost_h_full_reassign,769,769,official_detector,data47-2,0,1,0,bytetrack,True,1396
33.759522549749406,28.674130560819837,820,193,56,31.06244091861359,36.674364896073904,59,23.20916905444126,576,1,0,38,True,8,0,True,73,confirmation38,769,cost_h_soft_information,769,769,official_detector,data47-2,0,1,0,bytetrack,True,1396
33.424260027622076,28.674130560819837,820,193,56,30.904370589596557,35.750577367205544,63,22.922636103151863,576,1,0,30,True,8,0,True,73,confirmation38,769,path_g_full_reassign,769,769,official_detector,data47-2,0,1,0,bytetrack,True,1396
38.3015844212919,21.516681912707014,1038,143,40,28.63094553983865,24.77596204533474,48,11.962750716332378,358,0,0,0,True,8,0,True,57,confirmation38,501,no_refinement,501,501,official_detector,data47-2,0,0,0,ocsort,True,1396
38.55224199540334,21.516681912707014,1038,143,40,28.726926783912777,25.51396942540854,37,12.750716332378223,358,0,0,18,True,8,0,True,57,confirmation38,501,ace_v1,501,501,official_detector,data47-2,0,0,0,ocsort,True,1396
38.85861919233629,21.516681912707014,1038,143,40,28.84305382130735,26.041117554032684,33,13.03724928366762,358,2,0,18,True,8,0,True,57,confirmation38,501,cost_r,501,501,official_detector,data47-2,0,2,0,ocsort,True,1396
38.90924452791709,21.516681912707014,1038,143,40,28.862454009762978,26.25197680548234,29,13.32378223495702,358,2,0,24,True,8,0,True,57,confirmation38,501,cost_g_legacy,501,501,official_detector,data47-2,0,2,0,ocsort,True,1396
39.05855889766262,21.516681912707014,1038,143,40,28.919572726794073,26.884554559831315,29,13.32378223495702,358,2,0,23,True,8,0,True,57,confirmation38,501,cost_h,501,501,official_detector,data47-2,0,2,0,ocsort,True,1396
39.060463315181515,21.516681912707014,1038,143,40,28.920300091886897,26.884554559831315,29,13.32378223495702,358,2,0,22,True,8,0,True,57,confirmation38,501,path_g,501,501,official_detector,data47-2,0,2,0,ocsort,True,1396
38.99719709456997,21.516681912707014,1038,143,40,28.89619229981819,26.56826568265683,30,13.252148997134672,358,2,0,21,True,8,0,True,57,confirmation38,501,cost_h_margin_reassign,501,501,official_detector,data47-2,0,2,0,ocsort,True,1396
39.05855889766262,21.516681912707014,1038,143,40,28.919572726794073,26.884554559831315,29,13.32378223495702,358,2,0,23,True,8,0,True,57,confirmation38,501,cost_h_motion_reassign,501,501,official_detector,data47-2,0,2,0,ocsort,True,1396
38.83776556800627,21.516681912707014,1038,143,40,28.835043840903186,25.935687928307853,35,12.893982808022923,358,2,0,17,True,8,0,True,57,confirmation38,501,cost_h_full_postfilter,501,501,official_detector,data47-2,0,2,0,ocsort,True,1396
38.85861919233629,21.516681912707014,1038,143,40,28.84305382130735,26.041117554032684,33,13.03724928366762,358,2,0,18,True,8,0,True,57,confirmation38,501,cost_h_full_reassign,501,501,official_detector,data47-2,0,2,0,ocsort,True,1396
39.05855889766262,21.516681912707014,1038,143,40,28.919572726794073,26.884554559831315,29,13.32378223495702,358,2,0,23,True,8,0,True,57,confirmation38,501,cost_h_soft_information,501,501,official_detector,data47-2,0,2,0,ocsort,True,1396
38.85861919233629,21.516681912707014,1038,143,40,28.84305382130735,26.041117554032684,33,13.03724928366762,358,2,0,18,True,8,0,True,57,confirmation38,501,path_g_full_reassign,501,501,official_detector,data47-2,0,2,0,ocsort,True,1396
78.75990880085804,41.15926086358601,612,195,19,56.41309050852467,65.76842105263158,3,41.977077363896846,784,0,0,0,True,8,0,True,14,confirmation38,979,no_refinement,979,979,official_detector,data47-2,0,0,0,deepocsort,True,1396
78.86170010602498,41.15926086358601,612,195,19,56.45180514466308,66.02105263157895,0,42.191977077363894,784,0,0,3,True,8,0,True,14,confirmation38,979,ace_v1,979,979,official_detector,data47-2,0,0,0,deepocsort,True,1396
78.86170010602498,41.15926086358601,612,195,19,56.45180514466308,66.02105263157895,0,42.191977077363894,784,0,0,3,True,8,0,True,14,confirmation38,979,cost_r,979,979,official_detector,data47-2,0,0,0,deepocsort,True,1396
78.86170010602498,41.15926086358601,612,195,19,56.45180514466308,66.02105263157895,0,42.191977077363894,784,0,0,3,True,8,0,True,14,confirmation38,979,cost_g_legacy,979,979,official_detector,data47-2,0,0,0,deepocsort,True,1396
78.86170010602498,41.15926086358601,612,195,19,56.45180514466308,66.02105263157895,0,42.191977077363894,784,0,0,3,True,8,0,True,14,confirmation38,979,cost_h,979,979,official_detector,data47-2,0,0,0,deepocsort,True,1396
78.86170010602498,41.15926086358601,612,195,19,56.45180514466308,66.02105263157895,0,42.191977077363894,784,0,0,3,True,8,0,True,14,confirmation38,979,path_g,979,979,official_detector,data47-2,0,0,0,deepocsort,True,1396
78.86170010602498,41.15926086358601,612,195,19,56.45180514466308,66.02105263157895,0,42.191977077363894,784,0,0,3,True,8,0,True,14,confirmation38,979,cost_h_margin_reassign,979,979,official_detector,data47-2,0,0,0,deepocsort,True,1396
78.86170010602498,41.15926086358601,612,195,19,56.45180514466308,66.02105263157895,0,42.191977077363894,784,0,0,3,True,8,0,True,14,confirmation38,979,cost_h_motion_reassign,979,979,official_detector,data47-2,0,0,0,deepocsort,True,1396
78.86170010602498,41.15926086358601,612,195,19,56.45180514466308,66.02105263157895,0,42.191977077363894,784,0,0,3,True,8,0,True,14,confirmation38,979,cost_h_full_postfilter,979,979,official_detector,data47-2,0,0,0,deepocsort,True,1396
78.86170010602498,41.15926086358601,612,195,19,56.45180514466308,66.02105263157895,0,42.191977077363894,784,0,0,3,True,8,0,True,14,confirmation38,979,cost_h_full_reassign,979,979,official_detector,data47-2,0,0,0,deepocsort,True,1396
78.86170010602498,41.15926086358601,612,195,19,56.45180514466308,66.02105263157895,0,42.191977077363894,784,0,0,3,True,8,0,True,14,confirmation38,979,cost_h_soft_information,979,979,official_detector,data47-2,0,0,0,deepocsort,True,1396
78.86170010602498,41.15926086358601,612,195,19,56.45180514466308,66.02105263157895,0,42.191977077363894,784,0,0,3,True,8,0,True,14,confirmation38,979,path_g_full_reassign,979,979,official_detector,data47-2,0,0,0,deepocsort,True,1396
48.3448638754986,37.613560294502726,1289,273,102,42.60842501793531,50.442890442890445,136,35.99698454579721,1364,0,0,0,True,8,0,True,145,confirmation38,1637,no_refinement,1637,1637,official_detector,data47-3,0,0,0,bytetrack,True,2653
53.944314777857294,37.613560294502726,1289,273,102,45.01914604785798,54.82517482517483,99,37.39163211458726,1364,8,0,52,True,8,0,True,145,confirmation38,1637,ace_v1,1637,1637,official_detector,data47-3,0,8,0,bytetrack,True,2653
54.410923233834794,37.555276082931215,1289,273,102,45.18461013442797,55.38461538461539,89,37.76856388993592,1364,7,0,59,True,8,0,True,145,confirmation38,1637,cost_r,1637,1637,official_detector,data47-3,0,7,0,bytetrack,True,2653
55.31831017070945,37.555276082931215,1289,273,102,45.56058888462468,56.08391608391609,74,38.33396155295891,1364,9,0,71,True,8,0,True,145,confirmation38,1637,cost_g_legacy,1637,1637,official_detector,data47-3,0,9,0,bytetrack,True,2653
55.01715333780862,37.555276082931215,1289,273,102,45.43569089367758,55.757575757575765,84,37.95702977761025,1364,7,0,68,True,8,0,True,145,confirmation38,1637,cost_h,1637,1637,official_detector,data47-3,0,7,0,bytetrack,True,2653
55.00634022282331,37.555276082931215,1289,273,102,45.43118345562539,55.66433566433566,86,37.88164342254052,1364,7,0,66,True,8,0,True,145,confirmation38,1637,path_g,1637,1637,official_detector,data47-3,0,7,0,bytetrack,True,2653
54.98992261762551,37.555276082931215,1289,273,102,45.424339056984905,55.61771561771561,87,37.84395024500565,1364,7,0,64,True,8,0,True,145,confirmation38,1637,cost_h_margin_reassign,1637,1637,official_detector,data47-3,0,7,0,bytetrack,True,2653
55.01715333780862,37.555276082931215,1289,273,102,45.43569089367758,55.757575757575765,84,37.95702977761025,1364,7,0,68,True,8,0,True,145,confirmation38,1637,cost_h_motion_reassign,1637,1637,official_detector,data47-3,0,7,0,bytetrack,True,2653
54.38439759687434,37.555276082931215,1289,273,102,45.17348293810681,55.29137529137529,90,37.73087071240106,1364,7,0,57,True,8,0,True,145,confirmation38,1637,cost_h_full_postfilter,1637,1637,official_detector,data47-3,0,7,0,bytetrack,True,2653
54.590225838423564,37.555276082931215,1289,273,102,45.259324391136545,55.52447552447553,89,37.76856388993592,1364,8,0,60,True,8,0,True,145,confirmation38,1637,cost_h_full_reassign,1637,1637,official_detector,data47-3,0,8,0,bytetrack,True,2653
55.18971283798413,37.555276082931215,1289,273,102,45.507202422915086,55.85081585081585,87,37.84395024500565,1364,8,0,65,True,8,0,True,145,confirmation38,1637,cost_h_soft_information,1637,1637,official_detector,data47-3,0,8,0,bytetrack,True,2653
54.593677839419556,37.555276082931215,1289,273,102,45.26077220806612,55.571095571095576,89,37.76856388993592,1364,8,0,59,True,8,0,True,145,confirmation38,1637,path_g_full_reassign,1637,1637,official_detector,data47-3,0,8,0,bytetrack,True,2653
58.34141150361107,35.36214685049273,1528,228,53,45.37096287284439,48.177733399900156,59,31.586882774217866,1125,0,0,0,True,8,0,True,75,confirmation38,1353,no_refinement,1353,1353,official_detector,data47-3,0,0,0,ocsort,True,2653
61.091548450119625,35.36214685049273,1528,228,53,46.43508606733026,49.725411882176736,47,32.03920090463626,1125,4,0,17,True,8,0,True,75,confirmation38,1353,ace_v1,1353,1353,official_detector,data47-3,0,4,0,ocsort,True,2653
61.09921711930535,35.36214685049273,1528,228,53,46.43804957898453,49.77533699450824,45,32.114587259706,1125,4,0,18,True,8,0,True,75,confirmation38,1353,cost_r,1353,1353,official_detector,data47-3,0,4,0,ocsort,True,2653
61.15199056833674,35.33919379967123,1528,228,53,46.44363893205295,50.024962556165754,39,32.340746324915195,1125,4,0,22,True,8,0,True,75,confirmation38,1353,cost_g_legacy,1353,1353,official_detector,data47-3,0,4,0,ocsort,True,2653
61.11632286099603,35.36214685049273,1528,228,53,46.44466711591528,49.975037443834246,41,32.265359969845456,1125,4,0,21,True,8,0,True,75,confirmation38,1353,cost_h,1353,1353,official_detector,data47-3,0,4,0,ocsort,True,2653
61.09878148702019,35.36214685049273,1528,228,53,46.437881022936786,49.77533699450824,45,32.114587259706,1125,4,0,20,True,8,0,True,75,confirmation38,1353,path_g,1353,1353,official_detector,data47-3,0,4,0,ocsort,True,2653
61.11632286099603,35.36214685049273,1528,228,53,46.44466711591528,49.975037443834246,41,32.265359969845456,1125,4,0,21,True,8,0,True,75,confirmation38,1353,cost_h_margin_reassign,1353,1353,official_detector,data47-3,0,4,0,ocsort,True,2653
61.11632286099603,35.36214685049273,1528,228,53,46.44466711591528,49.975037443834246,41,32.265359969845456,1125,4,0,21,True,8,0,True,75,confirmation38,1353,cost_h_motion_reassign,1353,1353,official_detector,data47-3,0,4,0,ocsort,True,2653
61.09764342414964,35.36214685049273,1528,228,53,46.43744049502956,49.725411882176736,45,32.114587259706,1125,4,0,17,True,8,0,True,75,confirmation38,1353,cost_h_full_postfilter,1353,1353,official_detector,data47-3,0,4,0,ocsort,True,2653
61.09921711930535,35.36214685049273,1528,228,53,46.43804957898453,49.77533699450824,45,32.114587259706,1125,4,0,18,True,8,0,True,75,confirmation38,1353,cost_h_full_reassign,1353,1353,official_detector,data47-3,0,4,0,ocsort,True,2653
61.11632286099603,35.36214685049273,1528,228,53,46.44466711591528,49.975037443834246,41,32.265359969845456,1125,4,0,21,True,8,0,True,75,confirmation38,1353,cost_h_soft_information,1353,1353,official_detector,data47-3,0,4,0,ocsort,True,2653
61.09921711930535,35.36214685049273,1528,228,53,46.43804957898453,49.77533699450824,45,32.114587259706,1125,4,0,18,True,8,0,True,75,confirmation38,1353,path_g_full_reassign,1353,1353,official_detector,data47-3,0,4,0,ocsort,True,2653
77.61407023130836,42.52516442464741,1273,193,16,57.27106645365359,64.5527685754851,5,44.55333584621183,1380,0,0,0,True,8,0,True,26,confirmation38,1573,no_refinement,1573,1573,official_detector,data47-3,0,0,0,deepocsort,True,2653
78.33606335993647,42.52516442464741,1273,193,16,57.54653025272199,65.16800757217227,2,44.66641537881643,1380,1,0,4,True,8,0,True,26,confirmation38,1573,ace_v1,1573,1573,official_detector,data47-3,0,1,0,deepocsort,True,2653
78.41835514181801,42.52516442464741,1273,193,16,57.57764310169444,65.21533364884051,1,44.7041085563513,1380,1,0,4,True,8,0,True,26,confirmation38,1573,cost_r,1573,1573,official_detector,data47-3,0,1,0,deepocsort,True,2653
78.41835514181801,42.52516442464741,1273,193,16,57.57764310169444,65.21533364884051,1,44.7041085563513,1380,1,0,4,True,8,0,True,26,confirmation38,1573,cost_g_legacy,1573,1573,official_detector,data47-3,0,1,0,deepocsort,True,2653
78.41835514181801,42.52516442464741,1273,193,16,57.57764310169444,65.21533364884051,1,44.7041085563513,1380,1,0,4,True,8,0,True,26,confirmation38,1573,cost_h,1573,1573,official_detector,data47-3,0,1,0,deepocsort,True,2653
78.41835514181801,42.52516442464741,1273,193,16,57.57764310169444,65.21533364884051,1,44.7041085563513,1380,1,0,4,True,8,0,True,26,confirmation38,1573,path_g,1573,1573,official_detector,data47-3,0,1,0,deepocsort,True,2653
78.41835514181801,42.52516442464741,1273,193,16,57.57764310169444,65.21533364884051,1,44.7041085563513,1380,1,0,4,True,8,0,True,26,confirmation38,1573,cost_h_margin_reassign,1573,1573,official_detector,data47-3,0,1,0,deepocsort,True,2653
77.73783201586805,42.52516442464741,1273,193,16,57.318310029445726,64.69474680548983,2,44.66641537881643,1380,1,0,3,True,8,0,True,26,confirmation38,1573,cost_h_motion_reassign,1573,1573,official_detector,data47-3,0,1,0,deepocsort,True,2653
77.73783201586805,42.52516442464741,1273,193,16,57.318310029445726,64.69474680548983,2,44.66641537881643,1380,1,0,3,True,8,0,True,26,confirmation38,1573,cost_h_full_postfilter,1573,1573,official_detector,data47-3,0,1,0,deepocsort,True,2653
77.73783201586805,42.52516442464741,1273,193,16,57.318310029445726,64.69474680548983,2,44.66641537881643,1380,1,0,3,True,8,0,True,26,confirmation38,1573,cost_h_full_reassign,1573,1573,official_detector,data47-3,0,1,0,deepocsort,True,2653
78.41835514181801,42.52516442464741,1273,193,16,57.57764310169444,65.21533364884051,1,44.7041085563513,1380,1,0,4,True,8,0,True,26,confirmation38,1573,cost_h_soft_information,1573,1573,official_detector,data47-3,0,1,0,deepocsort,True,2653
77.73783201586805,42.52516442464741,1273,193,16,57.318310029445726,64.69474680548983,2,44.66641537881643,1380,1,0,3,True,8,0,True,26,confirmation38,1573,path_g_full_reassign,1573,1573,official_detector,data47-3,0,1,0,deepocsort,True,2653
50.253703650921686,27.621471319907563,482,83,27,37.110117407803834,42.42424242424242,32,26.296296296296294,328,0,0,0,True,8,0,True,52,confirmation38,411,no_refinement,411,411,official_detector,data47-4,0,0,0,bytetrack,True,810
50.67032071193424,27.621471319907563,482,83,27,37.25577927155952,43.73464373464373,22,27.530864197530864,328,0,0,17,True,8,0,True,52,confirmation38,411,ace_v1,411,411,official_detector,data47-4,0,0,0,bytetrack,True,810
50.695326847694275,27.621471319907563,482,83,27,37.26565874200947,44.22604422604422,21,27.65432098765432,328,0,0,18,True,8,0,True,52,confirmation38,411,cost_r,411,411,official_detector,data47-4,0,0,0,bytetrack,True,810
50.70424462106678,27.621471319907563,482,83,27,37.26909780457714,44.06224406224406,20,27.77777777777778,328,0,0,20,True,8,0,True,52,confirmation38,411,cost_g_legacy,411,411,official_detector,data47-4,0,0,0,bytetrack,True,810
50.695326847694275,27.621471319907563,482,83,27,37.26565874200947,44.22604422604422,21,27.65432098765432,328,0,0,18,True,8,0,True,52,confirmation38,411,cost_h,411,411,official_detector,data47-4,0,0,0,bytetrack,True,810
50.695326847694275,27.621471319907563,482,83,27,37.26565874200947,44.22604422604422,21,27.65432098765432,328,0,0,18,True,8,0,True,52,confirmation38,411,path_g,411,411,official_detector,data47-4,0,0,0,bytetrack,True,810
50.695326847694275,27.621471319907563,482,83,27,37.26565874200947,44.22604422604422,21,27.65432098765432,328,0,0,18,True,8,0,True,52,confirmation38,411,cost_h_margin_reassign,411,411,official_detector,data47-4,0,0,0,bytetrack,True,810
50.695326847694275,27.621471319907563,482,83,27,37.26565874200947,44.22604422604422,21,27.65432098765432,328,0,0,18,True,8,0,True,52,confirmation38,411,cost_h_motion_reassign,411,411,official_detector,data47-4,0,0,0,bytetrack,True,810
50.695326847694275,27.621471319907563,482,83,27,37.26565874200947,44.22604422604422,21,27.65432098765432,328,0,0,18,True,8,0,True,52,confirmation38,411,cost_h_full_postfilter,411,411,official_detector,data47-4,0,0,0,bytetrack,True,810
50.695326847694275,27.621471319907563,482,83,27,37.26565874200947,44.22604422604422,21,27.65432098765432,328,0,0,18,True,8,0,True,52,confirmation38,411,cost_h_full_reassign,411,411,official_detector,data47-4,0,0,0,bytetrack,True,810
50.695326847694275,27.621471319907563,482,83,27,37.26565874200947,44.22604422604422,21,27.65432098765432,328,0,0,18,True,8,0,True,52,confirmation38,411,cost_h_soft_information,411,411,official_detector,data47-4,0,0,0,bytetrack,True,810
50.695326847694275,27.621471319907563,482,83,27,37.26565874200947,44.22604422604422,21,27.65432098765432,328,0,0,18,True,8,0,True,52,confirmation38,411,path_g_full_reassign,411,411,official_detector,data47-4,0,0,0,bytetrack,True,810
55.90959626848437,26.71747708020387,554,52,14,38.61852449555599,39.35599284436494,16,23.209876543209877,256,0,0,0,True,8,0,True,35,confirmation38,308,no_refinement,308,308,official_detector,data47-4,0,0,0,ocsort,True,810
57.15999021109497,26.71747708020387,554,52,14,39.04858536224551,39.89266547406082,11,23.827160493827158,256,2,0,5,True,8,0,True,35,confirmation38,308,ace_v1,308,308,official_detector,data47-4,0,2,0,ocsort,True,810
57.15999021109497,26.71747708020387,554,52,14,39.04858536224551,39.89266547406082,11,23.827160493827158,256,2,0,5,True,8,0,True,35,confirmation38,308,cost_r,308,308,official_detector,data47-4,0,2,0,ocsort,True,810
57.15999021109497,26.71747708020387,554,52,14,39.04858536224551,39.89266547406082,11,23.827160493827158,256,2,0,5,True,8,0,True,35,confirmation38,308,cost_g_legacy,308,308,official_detector,data47-4,0,2,0,ocsort,True,810
57.15999021109497,26.71747708020387,554,52,14,39.04858536224551,39.89266547406082,11,23.827160493827158,256,2,0,5,True,8,0,True,35,confirmation38,308,cost_h,308,308,official_detector,data47-4,0,2,0,ocsort,True,810
57.15999021109497,26.71747708020387,554,52,14,39.04858536224551,39.89266547406082,11,23.827160493827158,256,2,0,5,True,8,0,True,35,confirmation38,308,path_g,308,308,official_detector,data47-4,0,2,0,ocsort,True,810
57.15999021109497,26.71747708020387,554,52,14,39.04858536224551,39.89266547406082,11,23.827160493827158,256,2,0,5,True,8,0,True,35,confirmation38,308,cost_h_margin_reassign,308,308,official_detector,data47-4,0,2,0,ocsort,True,810
57.15999021109497,26.71747708020387,554,52,14,39.04858536224551,39.89266547406082,11,23.827160493827158,256,2,0,5,True,8,0,True,35,confirmation38,308,cost_h_motion_reassign,308,308,official_detector,data47-4,0,2,0,ocsort,True,810
57.15999021109497,26.71747708020387,554,52,14,39.04858536224551,39.89266547406082,11,23.827160493827158,256,2,0,5,True,8,0,True,35,confirmation38,308,cost_h_full_postfilter,308,308,official_detector,data47-4,0,2,0,ocsort,True,810
57.15999021109497,26.71747708020387,554,52,14,39.04858536224551,39.89266547406082,11,23.827160493827158,256,2,0,5,True,8,0,True,35,confirmation38,308,cost_h_full_reassign,308,308,official_detector,data47-4,0,2,0,ocsort,True,810
57.15999021109497,26.71747708020387,554,52,14,39.04858536224551,39.89266547406082,11,23.827160493827158,256,2,0,5,True,8,0,True,35,confirmation38,308,cost_h_soft_information,308,308,official_detector,data47-4,0,2,0,ocsort,True,810
57.15999021109497,26.71747708020387,554,52,14,39.04858536224551,39.89266547406082,11,23.827160493827158,256,2,0,5,True,8,0,True,35,confirmation38,308,path_g_full_reassign,308,308,official_detector,data47-4,0,2,0,ocsort,True,810
72.8584488212006,46.159151661757654,299,65,20,57.28986614624409,73.44877344877345,2,54.81481481481482,511,0,0,0,True,8,0,True,16,confirmation38,576,no_refinement,576,576,official_detector,data47-4,0,0,0,deepocsort,True,810
72.9156369316078,46.159151661757654,299,65,20,57.32447449596233,73.59307359307358,1,54.93827160493827,511,0,0,4,True,8,0,True,16,confirmation38,576,ace_v1,576,576,official_detector,data47-4,0,0,0,deepocsort,True,810
72.9156369316078,46.159151661757654,299,65,20,57.32447449596233,73.59307359307358,1,54.93827160493827,511,0,0,4,True,8,0,True,16,confirmation38,576,cost_r,576,576,official_detector,data47-4,0,0,0,deepocsort,True,810
72.9156369316078,46.159151661757654,299,65,20,57.32447449596233,73.59307359307358,1,54.93827160493827,511,0,0,4,True,8,0,True,16,confirmation38,576,cost_g_legacy,576,576,official_detector,data47-4,0,0,0,deepocsort,True,810
72.9156369316078,46.159151661757654,299,65,20,57.32447449596233,73.59307359307358,1,54.93827160493827,511,0,0,4,True,8,0,True,16,confirmation38,576,cost_h,576,576,official_detector,data47-4,0,0,0,deepocsort,True,810
72.9156369316078,46.159151661757654,299,65,20,57.32447449596233,73.59307359307358,1,54.93827160493827,511,0,0,4,True,8,0,True,16,confirmation38,576,path_g,576,576,official_detector,data47-4,0,0,0,deepocsort,True,810
72.9156369316078,46.159151661757654,299,65,20,57.32447449596233,73.59307359307358,1,54.93827160493827,511,0,0,4,True,8,0,True,16,confirmation38,576,cost_h_margin_reassign,576,576,official_detector,data47-4,0,0,0,deepocsort,True,810
72.9156369316078,46.159151661757654,299,65,20,57.32447449596233,73.59307359307358,1,54.93827160493827,511,0,0,4,True,8,0,True,16,confirmation38,576,cost_h_motion_reassign,576,576,official_detector,data47-4,0,0,0,deepocsort,True,810
72.9156369316078,46.159151661757654,299,65,20,57.32447449596233,73.59307359307358,1,54.93827160493827,511,0,0,4,True,8,0,True,16,confirmation38,576,cost_h_full_postfilter,576,576,official_detector,data47-4,0,0,0,deepocsort,True,810
72.9156369316078,46.159151661757654,299,65,20,57.32447449596233,73.59307359307358,1,54.93827160493827,511,0,0,4,True,8,0,True,16,confirmation38,576,cost_h_full_reassign,576,576,official_detector,data47-4,0,0,0,deepocsort,True,810
72.9156369316078,46.159151661757654,299,65,20,57.32447449596233,73.59307359307358,1,54.93827160493827,511,0,0,4,True,8,0,True,16,confirmation38,576,cost_h_soft_information,576,576,official_detector,data47-4,0,0,0,deepocsort,True,810
72.9156369316078,46.159151661757654,299,65,20,57.32447449596233,73.59307359307358,1,54.93827160493827,511,0,0,4,True,8,0,True,16,confirmation38,576,path_g_full_reassign,576,576,official_detector,data47-4,0,0,0,deepocsort,True,810
15.476207973076296,5.165139282078858,557,1,14,8.383241953422155,6.583072100313479,19,3.350083752093802,40,0,0,0,True,8,0,True,28,confirmation38,41,no_refinement,41,41,official_detector,data48-1,0,0,0,bytetrack,True,597
15.581236518779882,5.165139282078858,557,1,14,8.416816206375437,6.896551724137931,18,3.5175879396984926,40,0,0,2,True,8,0,True,28,confirmation38,41,ace_v1,41,41,official_detector,data48-1,0,0,0,bytetrack,True,597
15.581236518779882,5.165139282078858,557,1,14,8.416816206375437,6.896551724137931,18,3.5175879396984926,40,0,0,2,True,8,0,True,28,confirmation38,41,cost_r,41,41,official_detector,data48-1,0,0,0,bytetrack,True,597
15.581236518779882,5.165139282078858,557,1,14,8.416816206375437,6.896551724137931,18,3.5175879396984926,40,0,0,2,True,8,0,True,28,confirmation38,41,cost_g_legacy,41,41,official_detector,data48-1,0,0,0,bytetrack,True,597
15.581236518779882,5.165139282078858,557,1,14,8.416816206375437,6.896551724137931,18,3.5175879396984926,40,0,0,2,True,8,0,True,28,confirmation38,41,cost_h,41,41,official_detector,data48-1,0,0,0,bytetrack,True,597
15.581236518779882,5.165139282078858,557,1,14,8.416816206375437,6.896551724137931,18,3.5175879396984926,40,0,0,2,True,8,0,True,28,confirmation38,41,path_g,41,41,official_detector,data48-1,0,0,0,bytetrack,True,597
15.581236518779882,5.165139282078858,557,1,14,8.416816206375437,6.896551724137931,18,3.5175879396984926,40,0,0,2,True,8,0,True,28,confirmation38,41,cost_h_margin_reassign,41,41,official_detector,data48-1,0,0,0,bytetrack,True,597
15.581236518779882,5.165139282078858,557,1,14,8.416816206375437,6.896551724137931,18,3.5175879396984926,40,0,0,2,True,8,0,True,28,confirmation38,41,cost_h_motion_reassign,41,41,official_detector,data48-1,0,0,0,bytetrack,True,597
15.581236518779882,5.165139282078858,557,1,14,8.416816206375437,6.896551724137931,18,3.5175879396984926,40,0,0,2,True,8,0,True,28,confirmation38,41,cost_h_full_postfilter,41,41,official_detector,data48-1,0,0,0,bytetrack,True,597
15.581236518779882,5.165139282078858,557,1,14,8.416816206375437,6.896551724137931,18,3.5175879396984926,40,0,0,2,True,8,0,True,28,confirmation38,41,cost_h_full_reassign,41,41,official_detector,data48-1,0,0,0,bytetrack,True,597
15.581236518779882,5.165139282078858,557,1,14,8.416816206375437,6.896551724137931,18,3.5175879396984926,40,0,0,2,True,8,0,True,28,confirmation38,41,cost_h_soft_information,41,41,official_detector,data48-1,0,0,0,bytetrack,True,597
15.581236518779882,5.165139282078858,557,1,14,8.416816206375437,6.896551724137931,18,3.5175879396984926,40,0,0,2,True,8,0,True,28,confirmation38,41,path_g_full_reassign,41,41,official_detector,data48-1,0,0,0,bytetrack,True,597
12.00118665974614,5.096686193840826,559,1,0,6.666178057637849,5.660377358490567,20,2.8475711892797317,38,0,0,0,True,8,0,True,26,confirmation38,39,no_refinement,39,39,official_detector,data48-1,0,0,0,ocsort,True,597
16.243297361520813,5.096686193840826,559,1,0,7.914929332903508,8.80503144654088,10,4.522613065326634,38,1,0,13,True,8,0,True,26,confirmation38,39,ace_v1,39,39,official_detector,data48-1,0,1,0,ocsort,True,597
17.508263796227794,5.096686193840826,559,1,0,8.361310674255714,11.949685534591195,0,6.197654941373535,38,1,0,20,True,8,0,True,26,confirmation38,39,cost_r,39,39,official_detector,data48-1,0,1,0,ocsort,True,597
17.508263796227794,5.096686193840826,559,1,0,8.361310674255714,11.949685534591195,0,6.197654941373535,38,1,0,20,True,8,0,True,26,confirmation38,39,cost_g_legacy,39,39,official_detector,data48-1,0,1,0,ocsort,True,597
17.508263796227794,5.096686193840826,559,1,0,8.361310674255714,11.949685534591195,0,6.197654941373535,38,1,0,20,True,8,0,True,26,confirmation38,39,cost_h,39,39,official_detector,data48-1,0,1,0,ocsort,True,597
17.508263796227794,5.096686193840826,559,1,0,8.361310674255714,11.949685534591195,0,6.197654941373535,38,1,0,20,True,8,0,True,26,confirmation38,39,path_g,39,39,official_detector,data48-1,0,1,0,ocsort,True,597
17.508263796227794,5.096686193840826,559,1,0,8.361310674255714,11.949685534591195,0,6.197654941373535,38,1,0,20,True,8,0,True,26,confirmation38,39,cost_h_margin_reassign,39,39,official_detector,data48-1,0,1,0,ocsort,True,597
17.508263796227794,5.096686193840826,559,1,0,8.361310674255714,11.949685534591195,0,6.197654941373535,38,1,0,20,True,8,0,True,26,confirmation38,39,cost_h_motion_reassign,39,39,official_detector,data48-1,0,1,0,ocsort,True,597
17.508263796227794,5.096686193840826,559,1,0,8.361310674255714,11.949685534591195,0,6.197654941373535,38,1,0,20,True,8,0,True,26,confirmation38,39,cost_h_full_postfilter,39,39,official_detector,data48-1,0,1,0,ocsort,True,597
17.508263796227794,5.096686193840826,559,1,0,8.361310674255714,11.949685534591195,0,6.197654941373535,38,1,0,20,True,8,0,True,26,confirmation38,39,cost_h_full_reassign,39,39,official_detector,data48-1,0,1,0,ocsort,True,597
17.508263796227794,5.096686193840826,559,1,0,8.361310674255714,11.949685534591195,0,6.197654941373535,38,1,0,20,True,8,0,True,26,confirmation38,39,cost_h_soft_information,39,39,official_detector,data48-1,0,1,0,ocsort,True,597
17.508263796227794,5.096686193840826,559,1,0,8.361310674255714,11.949685534591195,0,6.197654941373535,38,1,0,20,True,8,0,True,26,confirmation38,39,path_g_full_reassign,39,39,official_detector,data48-1,0,1,0,ocsort,True,597
57.11909072375319,36.577522239670905,289,1,14,44.9870879611607,67.54966887417218,2,51.08877721943048,308,0,0,0,True,8,0,True,15,confirmation38,309,no_refinement,309,309,official_detector,data48-1,0,0,0,deepocsort,True,597
57.070056942400136,36.577522239670905,289,1,14,44.966902517828146,67.3289183222958,2,51.08877721943048,308,0,0,1,True,8,0,True,15,confirmation38,309,ace_v1,309,309,official_detector,data48-1,0,0,0,deepocsort,True,597
57.070056942400136,36.577522239670905,289,1,14,44.966902517828146,67.3289183222958,2,51.08877721943048,308,0,0,1,True,8,0,True,15,confirmation38,309,cost_r,309,309,official_detector,data48-1,0,0,0,deepocsort,True,597
57.070056942400136,36.577522239670905,289,1,14,44.966902517828146,67.3289183222958,2,51.08877721943048,308,0,0,1,True,8,0,True,15,confirmation38,309,cost_g_legacy,309,309,official_detector,data48-1,0,0,0,deepocsort,True,597
57.070056942400136,36.577522239670905,289,1,14,44.966902517828146,67.3289183222958,2,51.08877721943048,308,0,0,1,True,8,0,True,15,confirmation38,309,cost_h,309,309,official_detector,data48-1,0,0,0,deepocsort,True,597
57.070056942400136,36.577522239670905,289,1,14,44.966902517828146,67.3289183222958,2,51.08877721943048,308,0,0,1,True,8,0,True,15,confirmation38,309,path_g,309,309,official_detector,data48-1,0,0,0,deepocsort,True,597
57.070056942400136,36.577522239670905,289,1,14,44.966902517828146,67.3289183222958,2,51.08877721943048,308,0,0,1,True,8,0,True,15,confirmation38,309,cost_h_margin_reassign,309,309,official_detector,data48-1,0,0,0,deepocsort,True,597
57.070056942400136,36.577522239670905,289,1,14,44.966902517828146,67.3289183222958,2,51.08877721943048,308,0,0,1,True,8,0,True,15,confirmation38,309,cost_h_motion_reassign,309,309,official_detector,data48-1,0,0,0,deepocsort,True,597
57.070056942400136,36.577522239670905,289,1,14,44.966902517828146,67.3289183222958,2,51.08877721943048,308,0,0,1,True,8,0,True,15,confirmation38,309,cost_h_full_postfilter,309,309,official_detector,data48-1,0,0,0,deepocsort,True,597
57.070056942400136,36.577522239670905,289,1,14,44.966902517828146,67.3289183222958,2,51.08877721943048,308,0,0,1,True,8,0,True,15,confirmation38,309,cost_h_full_reassign,309,309,official_detector,data48-1,0,0,0,deepocsort,True,597
57.070056942400136,36.577522239670905,289,1,14,44.966902517828146,67.3289183222958,2,51.08877721943048,308,0,0,1,True,8,0,True,15,confirmation38,309,cost_h_soft_information,309,309,official_detector,data48-1,0,0,0,deepocsort,True,597
57.070056942400136,36.577522239670905,289,1,14,44.966902517828146,67.3289183222958,2,51.08877721943048,308,0,0,1,True,8,0,True,15,confirmation38,309,path_g_full_reassign,309,309,official_detector,data48-1,0,0,0,deepocsort,True,597
44.96937817343672,39.66587567272642,1649,137,77,42.23189966982256,50.11346444780636,142,43.29411764705882,1751,0,0,0,True,8,0,True,101,confirmation38,1888,no_refinement,1888,1888,official_detector,data49-2,0,0,0,bytetrack,True,3400
47.30651912576864,39.66587567272642,1649,137,77,43.315320553178985,51.96671709531013,124,43.8235294117647,1751,7,1,29,True,8,0,True,101,confirmation38,1888,ace_v1,1888,1888,official_detector,data49-2,0,7,1,bytetrack,True,3400
47.37485263698763,39.66587567272642,1649,137,77,43.34660761016219,51.96671709531013,124,43.8235294117647,1751,7,1,30,True,8,0,True,101,confirmation38,1888,cost_r,1888,1888,official_detector,data49-2,0,7,1,bytetrack,True,3400
47.34452127469833,39.66587567272642,1649,137,77,43.332726496081605,51.96671709531013,124,43.8235294117647,1751,7,2,32,True,8,0,True,101,confirmation38,1888,cost_g_legacy,1888,1888,official_detector,data49-2,0,7,2,bytetrack,True,3400
47.37485263698763,39.66587567272642,1649,137,77,43.34660761016219,51.96671709531013,124,43.8235294117647,1751,7,1,31,True,8,0,True,101,confirmation38,1888,cost_h,1888,1888,official_detector,data49-2,0,7,1,bytetrack,True,3400
47.37485263698763,39.66587567272642,1649,137,77,43.34660761016219,51.96671709531013,124,43.8235294117647,1751,7,1,31,True,8,0,True,101,confirmation38,1888,path_g,1888,1888,official_detector,data49-2,0,7,1,bytetrack,True,3400
47.37485263698763,39.66587567272642,1649,137,77,43.34660761016219,51.96671709531013,124,43.8235294117647,1751,7,1,31,True,8,0,True,101,confirmation38,1888,cost_h_margin_reassign,1888,1888,official_detector,data49-2,0,7,1,bytetrack,True,3400
47.4990186616149,39.66587567272642,1649,137,77,43.403407694967875,51.96671709531013,124,43.8235294117647,1751,7,1,30,True,8,0,True,101,confirmation38,1888,cost_h_motion_reassign,1888,1888,official_detector,data49-2,0,7,1,bytetrack,True,3400
47.4990186616149,39.66587567272642,1649,137,77,43.403407694967875,51.96671709531013,124,43.8235294117647,1751,7,1,29,True,8,0,True,101,confirmation38,1888,cost_h_full_postfilter,1888,1888,official_detector,data49-2,0,7,1,bytetrack,True,3400
47.4990186616149,39.66587567272642,1649,137,77,43.403407694967875,51.96671709531013,124,43.8235294117647,1751,7,1,29,True,8,0,True,101,confirmation38,1888,cost_h_full_reassign,1888,1888,official_detector,data49-2,0,7,1,bytetrack,True,3400
47.37485263698763,39.66587567272642,1649,137,77,43.34660761016219,51.96671709531013,124,43.8235294117647,1751,7,1,31,True,8,0,True,101,confirmation38,1888,cost_h_soft_information,1888,1888,official_detector,data49-2,0,7,1,bytetrack,True,3400
47.4990186616149,39.66587567272642,1649,137,77,43.403407694967875,51.96671709531013,124,43.8235294117647,1751,7,1,29,True,8,0,True,101,confirmation38,1888,path_g_full_reassign,1888,1888,official_detector,data49-2,0,7,1,bytetrack,True,3400
48.02055255101641,37.51890641880019,2002,98,91,42.44510000134462,43.05555555555556,76,36.0,1398,0,0,0,True,8,0,True,70,confirmation38,1496,no_refinement,1496,1496,official_detector,data49-2,0,0,0,ocsort,True,3400
50.94019447028112,37.51890641880019,2002,98,91,43.71515502900181,44.97549019607843,67,36.26470588235294,1398,5,9,6,True,8,0,True,70,confirmation38,1496,ace_v1,1496,1496,official_detector,data49-2,2,5,7,ocsort,True,3400
51.833476857259996,37.51890641880019,2002,98,91,44.0957286001419,45.46568627450981,64,36.35294117647059,1398,5,9,6,True,8,0,True,70,confirmation38,1496,cost_r,1496,1496,official_detector,data49-2,2,5,7,ocsort,True,3400
52.369579841846345,37.51890641880019,2002,98,91,44.32242375742329,45.71078431372549,62,36.411764705882355,1398,6,10,7,True,8,0,True,70,confirmation38,1496,cost_g_legacy,1496,1496,official_detector,data49-2,3,6,7,ocsort,True,3400
51.833200424881774,37.51890641880019,2002,98,91,44.09561068972443,45.46568627450981,64,36.35294117647059,1398,5,9,7,True,8,0,True,70,confirmation38,1496,cost_h,1496,1496,official_detector,data49-2,2,5,7,ocsort,True,3400
51.833200424881774,37.51890641880019,2002,98,91,44.09561068972443,45.46568627450981,64,36.35294117647059,1398,5,9,7,True,8,0,True,70,confirmation38,1496,path_g,1496,1496,official_detector,data49-2,2,5,7,ocsort,True,3400
51.833200424881774,37.51890641880019,2002,98,91,44.09561068972443,45.46568627450981,64,36.35294117647059,1398,5,9,7,True,8,0,True,70,confirmation38,1496,cost_h_margin_reassign,1496,1496,official_detector,data49-2,2,5,7,ocsort,True,3400
52.10760528830484,37.51890641880019,2002,98,91,44.21234820843073,45.46568627450981,64,36.35294117647059,1398,5,7,7,True,8,0,True,70,confirmation38,1496,cost_h_motion_reassign,1496,1496,official_detector,data49-2,2,5,5,ocsort,True,3400
52.12624119353032,37.51890641880019,2002,98,91,44.22024304043396,45.46568627450981,64,36.35294117647059,1398,5,6,6,True,8,0,True,70,confirmation38,1496,cost_h_full_postfilter,1496,1496,official_detector,data49-2,1,5,5,ocsort,True,3400
52.10788172068308,37.51890641880019,2002,98,91,44.212465798207035,45.46568627450981,64,36.35294117647059,1398,5,7,6,True,8,0,True,70,confirmation38,1496,cost_h_full_reassign,1496,1496,official_detector,data49-2,2,5,5,ocsort,True,3400
51.833200424881774,37.51890641880019,2002,98,91,44.09561068972443,45.46568627450981,64,36.35294117647059,1398,5,9,7,True,8,0,True,70,confirmation38,1496,cost_h_soft_information,1496,1496,official_detector,data49-2,2,5,7,ocsort,True,3400
52.10788172068308,37.51890641880019,2002,98,91,44.212465798207035,45.46568627450981,64,36.35294117647059,1398,5,7,6,True,8,0,True,70,confirmation38,1496,path_g_full_reassign,1496,1496,official_detector,data49-2,2,5,5,ocsort,True,3400
85.05629893148348,47.69824527597841,1533,242,24,63.682634244663184,66.76347794518061,12,47.44117647058824,1867,0,0,0,True,8,0,True,34,confirmation38,2109,no_refinement,2109,2109,official_detector,data49-2,0,0,0,deepocsort,True,3400
85.88559983000756,47.69824527597841,1533,242,24,63.99299128591615,67.27173715737884,8,47.55882352941177,1867,4,0,1,True,8,0,True,34,confirmation38,2109,ace_v1,2109,2109,official_detector,data49-2,0,4,0,deepocsort,True,3400
85.96567714780106,47.69824527597841,1533,242,24,64.02298830114334,67.30804138682156,7,47.588235294117645,1867,4,0,1,True,8,0,True,34,confirmation38,2109,cost_r,2109,2109,official_detector,data49-2,0,4,0,deepocsort,True,3400
85.96567714780106,47.69824527597841,1533,242,24,64.02298830114334,67.30804138682156,7,47.588235294117645,1867,4,0,1,True,8,0,True,34,confirmation38,2109,cost_g_legacy,2109,2109,official_detector,data49-2,0,4,0,deepocsort,True,3400
85.96567714780106,47.69824527597841,1533,242,24,64.02298830114334,67.30804138682156,7,47.588235294117645,1867,4,0,1,True,8,0,True,34,confirmation38,2109,cost_h,2109,2109,official_detector,data49-2,0,4,0,deepocsort,True,3400
85.96567714780106,47.69824527597841,1533,242,24,64.02298830114334,67.30804138682156,7,47.588235294117645,1867,4,0,1,True,8,0,True,34,confirmation38,2109,path_g,2109,2109,official_detector,data49-2,0,4,0,deepocsort,True,3400
85.96567714780106,47.69824527597841,1533,242,24,64.02298830114334,67.30804138682156,7,47.588235294117645,1867,4,0,1,True,8,0,True,34,confirmation38,2109,cost_h_margin_reassign,2109,2109,official_detector,data49-2,0,4,0,deepocsort,True,3400
85.96567714780106,47.69824527597841,1533,242,24,64.02298830114334,67.30804138682156,7,47.588235294117645,1867,4,0,1,True,8,0,True,34,confirmation38,2109,cost_h_motion_reassign,2109,2109,official_detector,data49-2,0,4,0,deepocsort,True,3400
85.96567714780106,47.69824527597841,1533,242,24,64.02298830114334,67.30804138682156,7,47.588235294117645,1867,4,0,1,True,8,0,True,34,confirmation38,2109,cost_h_full_postfilter,2109,2109,official_detector,data49-2,0,4,0,deepocsort,True,3400
85.96567714780106,47.69824527597841,1533,242,24,64.02298830114334,67.30804138682156,7,47.588235294117645,1867,4,0,1,True,8,0,True,34,confirmation38,2109,cost_h_full_reassign,2109,2109,official_detector,data49-2,0,4,0,deepocsort,True,3400
85.96567714780106,47.69824527597841,1533,242,24,64.02298830114334,67.30804138682156,7,47.588235294117645,1867,4,0,1,True,8,0,True,34,confirmation38,2109,cost_h_soft_information,2109,2109,official_detector,data49-2,0,4,0,deepocsort,True,3400
85.96567714780106,47.69824527597841,1533,242,24,64.02298830114334,67.30804138682156,7,47.588235294117645,1867,4,0,1,True,8,0,True,34,confirmation38,2109,path_g_full_reassign,2109,2109,official_detector,data49-2,0,4,0,deepocsort,True,3400
